{"type":"FeatureCollection","features":[{"type":"Feature","id":0,"geometry":{"type":"LineString","coordinates":[[-74.073972609227411,4.6147570249239864],[-74.075162277024361,4.6140696515328505],[-74.075166058997894,4.6140674658057792],[-74.07516983050688,4.6140652875498072],[-74.075173617514153,4.6140630989148281],[-74.075177398418916,4.6140609132840407],[-74.07518117943188,4.6140587272070119],[-74.075184960335818,4.6140565406715872],[-74.075188743442951,4.6140543519568249],[-74.075192526548065,4.6140521623377575],[-74.075196308650945,4.6140499722539499],[-74.075200093049872,4.6140477795517247],[-74.075203872155214,4.6140455893930241],[-74.075207660744525,4.6140433914026069],[-74.075211448431503,4.6140411915959172],[-74.075215224839795,4.6140389978118321],[-74.075219008614653,4.6140367979371435],[-74.075222796593607,4.6140345927528355],[-74.075226578559835,4.6140323892514985],[-74.075230359554126,4.6140301843566061],[-74.075234146987938,4.6140279724571531],[-74.075237923174797,4.6140257656857342],[-74.075241708790017,4.6140235501553901],[-74.075245488336094,4.614021335828892],[-74.075249276363451,4.614019112218231],[-74.07525305018244,4.6140168951229814],[-74.075256833375619,4.6140146687352601],[-74.075260609618169,4.6140124435516077],[-74.075264392216923,4.6140102104549117],[-74.075268165749435,4.6140079798185001],[-74.075271942608339,4.6140057434203205],[-74.075275722790479,4.6140035003422808],[-74.075279685929388,4.6140011446996283],[-74.075396179289115,4.6139298065387804],[-74.075400058469384,4.6139273600851629],[-74.075403772304853,4.6139250134757015],[-74.075407478999779,4.6139226680731626],[-74.075411191946174,4.6139203139323719],[-74.075414895420536,4.613917962248399],[-74.075418594440507,4.6139156106652202],[-74.075422300131933,4.6139132503889924],[-74.075425993725659,4.6139108954167121],[-74.075429693566946,4.6139085325836628],[-74.075433386678043,4.6139061710715357],[-74.075437078426262,4.6139038077058609],[-74.075440771959805,4.6139014396431106],[-74.075444451152705,4.613899079860424],[-74.075448144646884,4.613896707024483],[-74.075451829187259,4.6138943375378494],[-74.075455507908714,4.6138919703034933],[-74.075459190631165,4.6138895981001484],[-74.0754628675476,4.6138872281459626],[-74.075466548460511,4.6138848532205445],[-74.075470221321822,4.6138824825807756],[-74.075473898679718,4.6138801069672857],[-74.075477574629417,4.6138777304491745],[-74.075481243039079,4.6138753582204579],[-74.07548491318714,4.6138729839623887],[-74.075488585587266,4.6138706067578319],[-74.075492249940964,4.6138682347601696],[-74.075495921438829,4.6138658566486113],[-74.075499589780449,4.6138634796749241],[-74.075503253232284,4.6138611058689465],[-74.075506916682741,4.6138587320638518],[-74.075510582389668,4.6138563562124606],[-74.075629407563667,4.6137793498916677],[-74.075633069149447,4.6137769772938029],[-74.075636734856161,4.6137746014412153],[-74.075640395148127,4.6137722296817252],[-74.075644058598101,4.6137698558756224],[-74.075647714900697,4.613767488187511],[-74.075651374361186,4.6137651193563567],[-74.075655038712426,4.6137627473587548],[-74.075658698169534,4.6137603794329012],[-74.075662358011996,4.6137580124223501],[-74.075666016627878,4.6137556474286843],[-74.075669672474419,4.6137532862902546],[-74.075673334631546,4.6137509219766359],[-74.075676994532586,4.6137485606035584],[-74.075680650429618,4.6137462041979438],[-74.075684312133816,4.6137438455286652],[-74.075687969825793,4.6137414918270672],[-74.075691633329896,4.6137391358637938],[-74.075695292817144,4.6137367848659965],[-74.075698946035203,4.6137344417513537],[-74.075702613145452,4.6137320911960122],[-74.075706276223343,4.6137297456057862],[-74.075709933027142,4.6137274078848725],[-74.075713598805208,4.6137250667961611],[-74.075717258296464,4.6137227335712065],[-74.0757209267652,4.613720396990332],[-74.07572458894461,4.6137180682608996],[-74.075728252921863,4.6137157422252892],[-74.075731923648945,4.6137134148398564],[-74.075735588480853,4.6137110953613698],[-74.075739254710655,4.6137087793945923],[-74.075742738967207,4.6137065820120684],[-74.075858485837614,4.6136357007466353],[-74.075862047704916,4.6136335836001763],[-74.07586577979734,4.6136313690466615],[-74.075869508550937,4.6136291611336455],[-74.075873249390284,4.6136269489171466],[-74.075876981720157,4.6136247463932607],[-74.075880728283991,4.6136225377892153],[-74.075884463289356,4.6136203406578637],[-74.075888210421326,4.6136181392390485],[-74.075891961465075,4.6136159378498665],[-74.075895708235393,4.6136137421981944],[-74.075899458955064,4.6136115470828756],[-74.075903208413266,4.6136093559318887],[-74.075906969121377,4.6136071596279873],[-74.075910720362472,4.6136049720827046],[-74.07591448076181,4.6136027811412044],[-74.075918239882853,4.6136005932711601],[-74.075922002008511,4.6135984054542982],[-74.075925767212112,4.6135962172717955],[-74.075929526019181,4.6135940356551375],[-74.075933296030826,4.6135918484327085],[-74.07593706083901,4.6135896660346152],[-74.075940831839787,4.6135874810882225],[-74.07594459844529,4.6135853004938312],[-74.075948375448434,4.6135831138773478],[-74.075952145150936,4.6135809329119315],[-74.075955917853292,4.613578751113069],[-74.075959693659357,4.6135765680395666],[-74.075963467259953,4.6135743871447223],[-74.075967246063684,4.6135722032421365],[-74.075971019662745,4.6135700232510946],[-74.075974803669197,4.6135678363421988],[-74.077284596320226,4.6128110538255731],[-74.077290893819679,4.6128074155125418],[-74.077297174998989,4.6128037921825422],[-74.077303452161487,4.612800179168647],[-74.077309714126045,4.6127965887953062],[-74.077315930500646,4.6127930420088257],[-74.077322172094171,4.6127895032761241],[-74.077328408930512,4.6127859933493722],[-74.077334645309108,4.6127825151180408],[-74.077340879567302,4.6127790716216177],[-74.077347111795063,4.612775669376771],[-74.077353349470116,4.6127723076986129],[-74.077359589136833,4.6127689917592818],[-74.077365834999611,4.6127657244467155],[-74.077372087103114,4.6127625085497632],[-74.077378346948578,4.6127593486941638],[-74.077384617818907,4.6127562455524478],[-74.07739089541289,4.6127532056870351],[-74.077397184665514,4.6127502314965856],[-74.077403487867556,4.6127473245501811],[-74.077409802295847,4.6127444900392938],[-74.077416130478241,4.6127417306234886],[-74.077422472875995,4.6127390494801261],[-74.077428828537606,4.6127364508311564],[-74.077435200386688,4.612733937120125],[-74.07744158643041,4.6127315122496215],[-74.077447988647563,4.6127291790244573],[-74.077454405159244,4.6127269409978719],[-74.077460834747569,4.6127248028009165],[-74.077467278397151,4.6127227669028139],[-74.077473737036144,4.612720836658438],[-74.077479405813904,4.6127192409590902],[-74.077526140212171,4.6127093828469565],[-74.077572865067992,4.6127050990287621],[-74.077619769923601,4.6127062745163006],[-74.077666223411271,4.6127128934868669],[-74.077711600239013,4.6127248668451024],[-74.077756069266073,4.6127423397685021],[-74.077761397099223,4.6127448531385085],[-74.077767448671267,4.6127478281062118],[-74.077773470055249,4.6127509050439652],[-74.077779458309138,4.6127540796894939],[-74.077785417411377,4.6127573504918358],[-74.077791346192612,4.6127607127190116],[-74.077797245830226,4.612764164223031],[-74.077803115565715,4.6127676995222684],[-74.077808955956343,4.6127713167243751],[-74.077814770633182,4.6127750134847458],[-74.077820557447097,4.6127787838824386],[-74.077826318112585,4.6127826268997625],[-74.0778320545448,4.6127865379629558],[-74.077837768260153,4.6127905156496283],[-74.077843460773863,4.6127945550427576],[-74.077849130882512,4.6127986526885119],[-74.077854785238927,4.6128028090376931],[-74.077860424216667,4.6128070184738794],[-74.077866043283677,4.6128112744046099],[-74.077871651795746,4.6128155806827094],[-74.077877250349289,4.6128199305849815],[-74.07788283784285,4.6128243205722086],[-74.077888418360857,4.6128287489686324],[-74.077893995207134,4.6128332133407532],[-74.077899568523463,4.6128377095499662],[-74.077905141273803,4.6128422346165694],[-74.077910716439632,4.6128467869813115],[-74.077916318142201,4.6128513800394924],[-74.07792189486382,4.6128559682479198],[-74.077927482772552,4.6128605756126593],[-74.077933081990778,4.6128651972137558],[-74.080103018431657,4.6146566712942212],[-74.080106389095775,4.6146594534485619],[-74.080109765386908,4.6146622385971012],[-74.080113163580918,4.6146650359410382],[-74.080116568661936,4.6146678321530379],[-74.080119993515794,4.6146706346387392],[-74.080123436461676,4.6146734393614732],[-74.080126894197008,4.6146762417082758],[-74.080130419811411,4.6146790812497649],[-74.080133924878353,4.6146818844969619],[-74.080137453211648,4.6146846841787106],[-74.080141004351489,4.6146874766323895],[-74.080144579609978,4.6146902615934842],[-74.080148183585507,4.6146930383756217],[-74.080151812521564,4.6146958019952748],[-74.080155466158971,4.6146985497139905],[-74.080159151270834,4.6147012854653582],[-74.080162869331502,4.6147040048416592],[-74.080166615856172,4.6147067036203975],[-74.080170396533504,4.6147093827714212],[-74.080174211130426,4.6147120388360499],[-74.080178055568112,4.6147146671774433],[-74.080181940011812,4.6147172724561765],[-74.080185861621345,4.6147198478699281],[-74.080189818891824,4.6147223917682423],[-74.080193814542639,4.6147249013890477],[-74.08019784748403,4.6147273751105695],[-74.080201921099174,4.614729811321344],[-74.080206036511129,4.6147322081097277],[-74.080210190895116,4.6147345604937087],[-74.080214388635156,4.6147368695601738],[-74.080219565544496,4.6147396291697502],[-74.08026478852176,4.614759455495129],[-74.080313352347019,4.6147730493827686],[-74.080363330626668,4.6147797166218192],[-74.080413747153386,4.6147793269836743],[-74.080462562495399,4.6147720453989791],[-74.0804682767874,4.6147707388991295],[-74.080472930933752,4.6147696108203826],[-74.080477554915817,4.6147684283249726],[-74.080482147873965,4.6147671947758404],[-74.080486715077271,4.6147659113522357],[-74.080491253840606,4.6147645805301396],[-74.080495766234918,4.6147632045416884],[-74.08050024627498,4.6147617869154329],[-74.080504700077654,4.6147603298995108],[-74.080509128974029,4.614758833653835],[-74.080513525853036,4.6147573037765701],[-74.080517898780258,4.6147557403487118],[-74.080522245007003,4.6147541455594139],[-74.08052656459401,4.6147525231229212],[-74.080530861361524,4.614750872532821],[-74.08053513046606,4.6147491987382914],[-74.080539377181296,4.6147475021621709],[-74.080543598270879,4.6147457858063907],[-74.080547794859498,4.6147440524560057],[-74.080551974023081,4.614742301382357],[-74.08055613019954,4.6147405352876589],[-74.080560260060395,4.61473876044903],[-74.080564320799908,4.6147369969673866],[-74.08056842750517,4.6147351960774845],[-74.080572510632962,4.614733390597074],[-74.080576570780536,4.6147315834597222],[-74.080580621396578,4.6147297697187577],[-74.080584656805868,4.6147279537844632],[-74.080588667915833,4.6147261433667968],[-74.08059267141391,4.6147243319152826],[-74.080596659897154,4.6147225250214357],[-74.080933198377352,4.6145700470978683],[-74.080937165762549,4.6145682506591079],[-74.080941132667988,4.6145664557475907],[-74.080945083181376,4.6145646722636648],[-74.080949023745717,4.6145628993769572],[-74.080952946469424,4.61456114377168],[-74.080956870189013,4.6145593973263104],[-74.080960778344789,4.6145576704569002],[-74.080964681821101,4.614555959895962],[-74.080968569764835,4.614554273461537],[-74.08097239402575,4.6145526310499658],[-74.080976265592327,4.614550989747725],[-74.080980137186216,4.6145493700091302],[-74.080984000230885,4.6145477773763828],[-74.080987857895721,4.614546213290633],[-74.080991713956152,4.6145446774236918],[-74.080995562898835,4.614543173311481],[-74.080999408829413,4.614541702534491],[-74.081003255565918,4.6145402637611701],[-74.081007096944603,4.6145388616173824],[-74.08101093677115,4.6145374964437034],[-74.08101477291342,4.6145361704086429],[-74.081018607266188,4.614534885087922],[-74.081022443766543,4.6145336400282098],[-74.081026273901387,4.6145324393456768],[-74.081030104706542,4.6145312838157668],[-74.081033933317812,4.6145301737531943],[-74.081037758179676,4.6145291130185422],[-74.081041584156694,4.6145281005035779],[-74.081045404453846,4.6145271398843049],[-74.081049225504756,4.6145262311933823],[-74.081052063358797,4.6145255955652758],[-74.081090865418901,4.6145198669983207],[-74.081129073404455,4.6145193864546101],[-74.081167004936134,4.6145240151426776],[-74.081203984496142,4.6145336706306859],[-74.081239353520189,4.6145481809654409],[-74.081272482125684,4.6145672877341273],[-74.081302780329224,4.6145906506667238],[-74.081330418898347,4.6146185712894763],[-74.08133231073387,4.6146207867869666],[-74.081334825717434,4.6146238110232281],[-74.081337310737581,4.6146268789058418],[-74.081339770088746,4.6146299919357086],[-74.081342198190811,4.6146331409189028],[-74.08134459816165,4.614636329529973],[-74.081346976316908,4.6146395619003915],[-74.081349326220305,4.6146428262319379],[-74.08135164970281,4.6146461251277628],[-74.081353952838242,4.6146494632595783],[-74.081356234485213,4.6146528351053888],[-74.081358490513978,4.6146562328338172],[-74.081360727623363,4.6146596660985271],[-74.081362947888621,4.6146631309015573],[-74.081365147948588,4.61466662240327],[-74.08136733147272,4.6146701415297304],[-74.081369500027378,4.6146736893096794],[-74.08137165548807,4.6146772638117097],[-74.081373795778077,4.6146808596085878],[-74.081375924329052,4.6146844798371864],[-74.081378044873816,4.6146881271149374],[-74.081380158370621,4.6146917974314423],[-74.081382286003247,4.6146955264171057],[-74.081384384843943,4.6146992363299688],[-74.081386475704647,4.6147029584986399],[-74.081388564598669,4.614706699689493],[-74.081390647602674,4.614710451467614],[-74.081392736567651,4.61471422866481],[-74.081394828583555,4.6147180220926547],[-74.081396923202007,4.6147218276066475],[-74.081399020272613,4.6147256426243359],[-74.08162460895521,4.6151360952958278],[-74.08162671612925,4.6151399286779089],[-74.081628822297887,4.6151437602306276],[-74.081630928465842,4.6151475917822236],[-74.081633036250935,4.6151514253708843],[-74.08163514463412,4.6151552593119627],[-74.081637253321361,4.6151590929009467],[-74.081639364223378,4.6151629288765541],[-74.081641477647182,4.6151667668887928],[-74.08164359035419,4.6151706019588046],[-74.081645700127922,4.6151744317028696],[-74.081647819192952,4.6151782741294314],[-74.081649932395351,4.6151821050133206],[-74.081652053271611,4.6151859456290332],[-74.081654174329131,4.6151897832970592],[-74.081656294981016,4.6151936176889121],[-74.081658416536683,4.6151974511755594],[-74.081660542838932,4.6152012890676],[-74.081662670950763,4.6152051260534268],[-74.081664800871096,4.6152089621310681],[-74.08166693259983,4.6152127973003605],[-74.081669062288029,4.6152166262627761],[-74.081671204428673,4.6152204702017521],[-74.081673340289157,4.6152242994172301],[-74.081675483107446,4.6152281353361966],[-74.081677626443991,4.6152319671225159],[-74.081679773790796,4.615235800315272],[-74.081681923851619,4.6152396325938758],[-74.081684079965711,4.6152434680914123],[-74.081686229922454,4.6152472894005161],[-74.081688394442708,4.6152511274339352],[-74.081690698237225,4.6152552062935168],[-74.081787889769757,4.6154205538902886],[-74.081890745478219,4.6155827444545494],[-74.08199900698267,4.6157413530363831],[-74.082112387324159,4.6158959757518074],[-74.082115209248727,4.6158996871799269],[-74.082117865381946,4.6159031772765911],[-74.082120539471347,4.6159066825703565],[-74.082123201045547,4.6159101681490577],[-74.082125866976639,4.6159136552494511],[-74.082128538969002,4.6159171449082823],[-74.082131213680341,4.6159206327480664],[-74.082133880033268,4.6159241075913187],[-74.082136560944633,4.6159275951479151],[-74.082139235167134,4.6159310707273447],[-74.082141911188771,4.6159345453869625],[-74.082144591609165,4.6159380215940971],[-74.082147273844086,4.615941495989798],[-74.082149948437618,4.6159449593099939],[-74.082152633384595,4.6159484318841457],[-74.082155317542998,4.6159519001880609],[-74.082158001857422,4.6159553657099917],[-74.08216068611695,4.6159588288263311],[-74.082163366273676,4.6159622857417109],[-74.082166057562219,4.6159657528719347],[-74.082168741172666,4.6159692089397302],[-74.082171425680428,4.6159726650010029],[-74.082174112067605,4.6159761216705988],[-74.082176801738925,4.615979580242052],[-74.082179484691437,4.6159830301711473],[-74.082182170265497,4.6159864825663357],[-74.082184860102601,4.6159899383761775],[-74.08218754559357,4.6159933883463653],[-74.082190232972692,4.6159968398373508],[-74.082192917726971,4.6160002879566173],[-74.082195602480596,4.6160037360751076],[-74.0824187693037,4.6162903420091048],[-74.082423243390878,4.6162960882220165],[-74.082427722478471,4.6163018387943531],[-74.08243219639732,4.6163075836339553],[-74.082436675044903,4.6163133327360715],[-74.082441156376831,4.6163190829684222],[-74.082445642667324,4.6163248354374762],[-74.082450124687014,4.6163305812710931],[-74.082454615265732,4.6163363330482845],[-74.082459104491207,4.6163420798720951],[-74.08246359710256,4.6163478269089202],[-74.082468097360334,4.6163535772956514],[-74.082472595389305,4.616359320711199],[-74.082477099732458,4.6163650660131905],[-74.082481612631327,4.6163708137459842],[-74.082486124205573,4.6163765536137946],[-74.082490641412718,4.616382293330906],[-74.08249516383394,4.6163880314517654],[-74.08249969412141,4.6163937699482922],[-74.082504225586035,4.6163995017211752],[-74.082508763594234,4.6164052324237073],[-74.082513310663501,4.6164109631761496],[-74.08251786155229,4.6164166882634197],[-74.08252241655704,4.616422408296267],[-74.082526981947439,4.6164281288763762],[-74.082531552374718,4.6164338435063783],[-74.082536130839259,4.6164395554926623],[-74.082540715580748,4.6164452621681784],[-74.082545308355222,4.6164509652766963],[-74.082549908726719,4.616456663578977],[-74.08255451673655,4.6164623569051431],[-74.082559306521887,4.6164682589194515],[-74.082668981167089,4.6165989806683676],[-74.082782685904732,4.6167261900346439],[-74.082787813473232,4.6167317405611463],[-74.082792789322838,4.6167371135858835],[-74.082797771381578,4.6167424800982042],[-74.082802759788251,4.6167478402483493],[-74.08280775260269,4.616753192860914],[-74.082812753697823,4.6167585411883074],[-74.082817756218489,4.6167638797673227],[-74.0828227622182,4.6167692117166856],[-74.082827775601444,4.6167745402949336],[-74.082832792459996,4.6167798622480234],[-74.082837811769181,4.6167851774574187],[-74.082842835603032,4.6167904881270951],[-74.082847863962414,4.6167957942581426],[-74.082852892895374,4.6168010934954928],[-74.082857924344054,4.6168063879891665],[-74.082862962485763,4.6168116811396196],[-74.082868002170812,4.6168169684796272],[-74.08287304050728,4.6168222488365291],[-74.082878081552749,4.6168275264724947],[-74.082883128286056,4.6168328035602295],[-74.082888170683574,4.6168380724085951],[-74.082893219857525,4.6168433427899354],[-74.082898266768112,4.6168486071089223],[-74.082903317482192,4.6168538707944657],[-74.082908361025474,4.6168591260627299],[-74.082913417427008,4.6168643891919263],[-74.082918461597785,4.616869639583447],[-74.082923515728197,4.6168748966540853],[-74.082928561700371,4.6168801452357142],[-74.082933610649789,4.6168853959763991],[-74.082938659526562,4.6168906457366949],[-74.083451394355407,4.6174237735925177],[-74.083454421663575,4.6174269215243582],[-74.083457449791823,4.6174300703087718],[-74.083460477919729,4.617433219092848],[-74.083463506047707,4.6174363678769588],[-74.083466529811929,4.6174395130599981],[-74.083469558062802,4.6174426628761118],[-74.083472585167129,4.6174458115327708],[-74.083475609054432,4.6174489577470004],[-74.083478636281782,4.617452107435839],[-74.083481655806622,4.6174552509503961],[-74.083484685470779,4.6174584041137425],[-74.083487705122465,4.6174615486625434],[-74.083490730421957,4.6174646991249837],[-74.083493752511032,4.617467847147819],[-74.083496770238185,4.6174709924675001],[-74.083499790399486,4.6174741412609608],[-74.083502810690618,4.6174772910929462],[-74.083505834313172,4.6174804443987192],[-74.083508845877503,4.6174835879083984],[-74.083511864372852,4.6174867395518078],[-74.083514886193058,4.6174898946661758],[-74.083517895959503,4.617493039976635],[-74.08352091265651,4.6174961934287415],[-74.083523920625652,4.617499340540534],[-74.083526938843434,4.6175024983702473],[-74.083529946057496,4.6175056474342142],[-74.083532959011904,4.6175088034476808],[-74.083535964432272,4.617511954316905],[-74.083538975584048,4.6175151121346145],[-74.083541979210906,4.6175182648093269],[-74.083544885895094,4.6175213166395199],[-74.083699282328354,4.6176863267295865],[-74.083702140565364,4.6176894350977564],[-74.083705086773662,4.6176926419199091],[-74.083708038455029,4.6176958556749641],[-74.083710982870528,4.6176990643034728],[-74.083713928394673,4.6177022760974857],[-74.083716877647305,4.6177054928584749],[-74.083719819371765,4.6177087041949081],[-74.083722762194171,4.6177119186904818],[-74.083725711920025,4.6177151407245001],[-74.083728650950277,4.6177183538638973],[-74.083731599776129,4.6177215777078517],[-74.083734536725288,4.6177247914372739],[-74.083737480584546,4.6177280136269072],[-74.083740420089981,4.6177312329391649],[-74.08374336621138,4.6177344594949616],[-74.083746307978885,4.617737682268813],[-74.083749245684615,4.6177409024817759],[-74.083752186845174,4.6177441273834683],[-74.083755126811084,4.6177473519622723],[-74.083758070227873,4.6177505803255112],[-74.083761006135376,4.6177538023431133],[-74.083763948652361,4.6177570316120118],[-74.0837668911675,4.6177602608789501],[-74.083769826176578,4.6177634837994512],[-74.083772767791785,4.6177667139720784],[-74.083775709406183,4.617769944143701],[-74.083778651020481,4.617773174315178],[-74.083781585130723,4.6177763981381554],[-74.083784525844891,4.6177796292150362],[-74.083787474059989,4.6177828666368494],[-74.083790408171353,4.6177860904610117],[-74.083959696236349,4.6179720624980964],[-74.083962635058739,4.6179752914940666],[-74.083965578924634,4.6179785251265955],[-74.083968520839676,4.6179817565299697],[-74.083971461255885,4.6179849863726625],[-74.083974403170757,4.6179882177757232],[-74.083977347938387,4.6179914514075495],[-74.083980289555001,4.6179946815786561],[-74.083983231171075,4.6179979117492183],[-74.083986180291575,4.6180011482641721],[-74.083989122810337,4.6180043775318502],[-74.08399206532772,4.6180076067980718],[-74.083995015351917,4.6180108424070365],[-74.083997958771803,4.6180140707701991],[-74.084000906541746,4.6180173029155291],[-74.084003854020509,4.6180205338360034],[-74.084006805851786,4.6180237676328035],[-74.08400975107412,4.6180269941872405],[-74.084012704998443,4.6180302282978234],[-74.084015653997298,4.6180334561912284],[-74.084018608824678,4.618036688488651],[-74.084021556751139,4.6180399132347256],[-74.084024515361449,4.6180431468687502],[-74.084027468543013,4.6180463735791912],[-74.084030425793642,4.6180496028438762],[-74.084033383948551,4.6180528312032152],[-74.084036335479723,4.6180560523316752],[-74.08403930206434,4.6180592861043888],[-74.08404225975454,4.6180625091901835],[-74.084045220348031,4.6180657336285451],[-74.084048183289951,4.6180689586571866],[-74.08405124877369,4.6180722924083764],[-74.084206046304075,4.618237730013977],[-74.084209161755709,4.6182410010263668],[-74.084212178931224,4.6182441679088031],[-74.084215203626073,4.6182473399238884],[-74.084218221557464,4.6182505039366211],[-74.084221244897904,4.6182536717278273],[-74.08422427231001,4.6182568410255298],[-74.084227293994829,4.6182600033789472],[-74.084230319897344,4.6182631682961732],[-74.084233350025642,4.6182663348753685],[-74.084236366728689,4.6182694883239899],[-74.084239397761692,4.618272653996276],[-74.084242423052004,4.6182758127243249],[-74.084245452568126,4.6182789740166212],[-74.084248478625625,4.6182821307931023],[-74.084251505716864,4.618285287706545],[-74.084254537039484,4.6182884471860897],[-74.08425756490378,4.6182916021542271],[-74.084260593797381,4.6182947572546844],[-74.084263619229375,4.6182979087487439],[-74.084266647996287,4.6183010628117662],[-74.084269677790942,4.6183042170055515],[-74.084272711823857,4.6183073737663767],[-74.084275735720794,4.618310520883024],[-74.084278769631666,4.6183136766104065],[-74.084281793527154,4.618316822822039],[-74.084284824100919,4.6183199750767754],[-74.084287852358628,4.6183231248888621],[-74.084290883834072,4.618326277142951],[-74.084293911969837,4.6183294259237391],[-74.084296943446446,4.6183325772737112],[-74.084299968240728,4.6183357225802713],[-74.085232935259256,4.6193057922324998],[-74.085235962610909,4.6193089401852596],[-74.085238990754561,4.6193120889614709],[-74.085242018898668,4.6193152377380757],[-74.085245050383591,4.6193183890838023],[-74.085248079549302,4.6193215379855319],[-74.085251107573001,4.619324685732547],[-74.085254136738584,4.6193278346340172],[-74.085257164762083,4.6193309823808129],[-74.085260197269349,4.6193341338511811],[-74.085263230677924,4.6193372853205048],[-74.085266259604921,4.61934043216531],[-74.085269293013795,4.6193435827294964],[-74.085272322960662,4.6193467296974164],[-74.085275352907132,4.6193498766649244],[-74.085278386199064,4.6193530262022433],[-74.085281420509403,4.6193561758601511],[-74.085284455720725,4.6193593255166592],[-74.085287486454277,4.6193624705569887],[-74.085290526028331,4.619365622898588],[-74.085293554316351,4.6193687644673131],[-74.085296597128419,4.6193719183547763],[-74.085299630793287,4.6193750627265979],[-74.085302667697022,4.6193782095506997],[-74.085305708965578,4.6193813590568364],[-74.085308743419759,4.6193845015039594],[-74.085311785591387,4.6193876501035041],[-74.085314825310462,4.6193907952292639],[-74.085317864924164,4.6193939393406174],[-74.085320908902972,4.6193970861280702],[-74.085323946060839,4.6194002258621092],[-74.085327086765886,4.6194034697848334],[-74.085550196313989,4.6196303298148687],[-74.085553378315566,4.6196335142562406],[-74.085556469416204,4.6196366068222234],[-74.085559565773025,4.6196397028408684],[-74.085562658679748,4.6196427945030605],[-74.085565751587097,4.6196458852604696],[-74.085568845382383,4.6196489760034902],[-74.085571943557653,4.6196520693149958],[-74.085575039155543,4.6196551591508364],[-74.085578134771509,4.6196582480992321],[-74.08558123038857,4.6196613361434711],[-74.085584326887428,4.6196644241671931],[-74.085587419921879,4.6196675087354961],[-74.085590520807045,4.6196705993278417],[-74.085593622596349,4.6196736890147863],[-74.085596713068483,4.6196767683238331],[-74.08559981136986,4.619679854534728],[-74.085602910571652,4.6196829407438305],[-74.085606009800728,4.6196860260747403],[-74.08560910553895,4.6196891079299567],[-74.08561220476912,4.619692192356549],[-74.085615301380429,4.6196952741836084],[-74.085618401512264,4.6196983586095932],[-74.085621501646131,4.6197014421321736],[-74.085624594791113,4.6197045196065911],[-74.085627691430744,4.6197076005573967],[-74.085630795929163,4.6197106875241367],[-74.085633893471126,4.619713767571616],[-74.085636986645852,4.6197168441721992],[-74.0856400876511,4.6197199276638106],[-74.085643185192126,4.6197230077102782],[-74.085646282732895,4.6197260877564581],[-74.085881386609756,4.619959867204285],[-74.085884484332482,4.6199629474283066],[-74.085887581875369,4.619966027473442],[-74.085890679418384,4.6199691075186529],[-74.085893772595355,4.6199721841180974],[-74.085896873602735,4.6199752676085124],[-74.085899967650803,4.6199783450821625],[-74.085903064323489,4.6199814251579658],[-74.085906157470632,4.6199845026308086],[-74.085909254112636,4.6199875835803219],[-74.085912350754796,4.6199906645298991],[-74.08591544739653,4.6199937454790643],[-74.085918539672463,4.6199968229807],[-74.085921631921039,4.619999901358244],[-74.085924727661833,4.6200029832118972],[-74.085927819911646,4.6200060624939097],[-74.085930911287505,4.620009141802047],[-74.085934001761188,4.6200122211082615],[-74.085937096576814,4.6200153047464738],[-74.085940187051108,4.6200183849564649],[-74.085943276623979,4.6200214651652081],[-74.085946366175008,4.6200245462553813],[-74.085949451361444,4.6200276247934688],[-74.085952543498678,4.6200307102652971],[-74.085955635634917,4.6200337957360773],[-74.085958719921976,4.6200368751761207],[-74.085961803310994,4.6200399555195517],[-74.085964889279964,4.6200430393382197],[-74.085967975234325,4.6200461240454942],[-74.085971061190449,4.6200492096577426],[-74.085974141891043,4.6200522918147744],[-74.085977131671527,4.6200552838828015],[-74.086199866339456,4.6202817621537351],[-74.086202812897724,4.620284805559133],[-74.086205839870502,4.6202879347569663],[-74.086208877037535,4.6202910744885948],[-74.0862119108412,4.6202942116470629],[-74.086214935917241,4.6202973425435383],[-74.08621797128211,4.620300484083983],[-74.086220998922926,4.6203036194651377],[-74.086224030030365,4.6203067593380158],[-74.086227063481516,4.6203099016674711],[-74.086230090334254,4.6203130389681499],[-74.086233119531357,4.6203161796303061],[-74.086236152190367,4.620319323881164],[-74.086239177134047,4.6203224619693755],[-74.086242208892585,4.6203256071252818],[-74.086245232937117,4.6203287461157814],[-74.086248263794744,4.6203318921762708],[-74.086251290286711,4.6203350346400249],[-74.08625432126,4.6203381817247484],[-74.086257347752507,4.6203413250923004],[-74.086260373344174,4.6203444684590691],[-74.086263403417902,4.6203476164498083],[-74.086266429009484,4.620350760719746],[-74.086269458064152,4.6203539085879433],[-74.086272487117782,4.6203570564551208],[-74.086275511808125,4.6203602007238258],[-74.086278540982804,4.6203633496210319],[-74.086281569015426,4.6203664973635066],[-74.086284593826392,4.6203696426607532],[-74.086287621979807,4.6203727914329811],[-74.086290653473981,4.6203759427742801],[-74.086293678285386,4.6203790880718456],[-74.08951145553165,4.6237247834392683],[-74.089514482911341,4.6237279313632422],[-74.089517511092524,4.6237310801206224],[-74.089520539274162,4.62373422887838],[-74.089523567455672,4.6237373776359831],[-74.089526595637238,4.6237405263936049],[-74.089529619454808,4.6237436715500291],[-74.089532651098892,4.6237468239085056],[-74.089535671576343,4.6237499664945005],[-74.089538698858036,4.6237531161576717],[-74.089541726138563,4.6237562658195808],[-74.089544753419176,4.6237594154815103],[-74.089547772997335,4.6237625589695677],[-74.089550802715294,4.6237657121064846],[-74.089553818055734,4.6237688530216987],[-74.089556851234221,4.6237720106680094],[-74.089559865549958,4.6237751514514374],[-74.089562891159048,4.62377830396247],[-74.089565915608119,4.6237814552995653],[-74.089568929154368,4.623784598019415],[-74.089571952832898,4.6237877513012773],[-74.089574972145542,4.6237909009693077],[-74.089577991590772,4.623794051678944],[-74.089581010002576,4.6237972022495128],[-74.089584028548899,4.6238003538637358],[-74.08958704273337,4.6238035027665036],[-74.089590059343976,4.6238066551426131],[-74.089593071728331,4.6238098049458234],[-74.089596087578087,4.62381295927411],[-74.089599099065495,4.6238161108841451],[-74.089602112972813,4.6238192659671071],[-74.089605056501682,4.6238223482571446],[-74.08975035707526,4.6239763622413586],[-74.089893847808838,4.6241320802247383],[-74.089896723140825,4.6241352375285416],[-74.089899652951544,4.6241384575321538],[-74.08990258967043,4.6241416860269799],[-74.089905522036645,4.6241449116291582],[-74.089908461002551,4.6241481444888075],[-74.089911388117201,4.6241513671941359],[-74.089914322138796,4.624154598402713],[-74.089917259301643,4.6241578330701172],[-74.08992018461872,4.6241610575764129],[-74.089923119981592,4.624164293150856],[-74.08992605220206,4.6241675261652917],[-74.089928980073964,4.6241707562804555],[-74.089931910183864,4.6241739898560734],[-74.089934843741759,4.6241772272362027],[-74.089937769813531,4.6241804582516126],[-74.089940702471267,4.6241836965371643],[-74.089943635127824,4.6241869348213793],[-74.089946560300703,4.6241901667392531],[-74.089949488926024,4.6241934033732957],[-74.089952419463032,4.6241966422111789],[-74.089955347186319,4.6241998788432275],[-74.089958278041209,4.6242031189366486],[-74.08996120576613,4.6242063564736675],[-74.089964135399939,4.6242095962134151],[-74.089967062224574,4.6242128337503248],[-74.089969992177885,4.624216074747566],[-74.08997292213121,4.6242193157447726],[-74.089975852084336,4.6242225567417528],[-74.089978782037534,4.624225797738708],[-74.089981707641087,4.6242290349205906],[-74.089984641042534,4.6242322797323707],[-74.090231291224868,4.6245051684430356],[-74.090236171504017,4.6245105687379819],[-74.090241056531681,4.6245159732896015],[-74.090245941366973,4.6245213767236377],[-74.090250827295989,4.6245267803701493],[-74.090255708186533,4.6245321794403518],[-74.090260595992433,4.6245375842579044],[-74.090265482823355,4.6245429869996233],[-74.090270372433082,4.6245483909117171],[-74.090275262944857,4.6245537939188264],[-74.09028015138891,4.624559193736129],[-74.090285043893616,4.6245645960467003],[-74.090289936021733,4.6245699961312079],[-74.090294832211171,4.6245753978021513],[-74.090299730204194,4.6245807985664236],[-74.09030462703069,4.624586196143607],[-74.090309526643097,4.6245915939870716],[-74.09031443013069,4.6245969923006029],[-74.09031933353728,4.6246023876312847],[-74.090324240634942,4.6246077832265557],[-74.090329149539059,4.6246131770112511],[-74.090334058357641,4.6246185678122327],[-74.090338975734767,4.6246239623212384],[-74.090343887987359,4.6246293484025678],[-74.090348810056454,4.6246347394770755],[-74.090353728719933,4.6246401231113277],[-74.090358655304556,4.6246455096511294],[-74.090363579556083,4.6246508898503187],[-74.090368510486911,4.6246562716703119],[-74.09037344413008,4.6246616507729872],[-74.090378380484395,4.6246670271569794],[-74.090383414969793,4.6246725046384203],[-74.09052888737321,4.624828134767756],[-74.090676951035618,4.6249814685168111],[-74.090827383059036,4.6251322750805066],[-74.090832666570265,4.6251374842835338],[-74.090837868807597,4.625142607079523],[-74.090843071680411,4.6251477251105291],[-74.090848276405254,4.6251528395598456],[-74.090853479552109,4.6251579488878711],[-74.090858691774741,4.6251630608439873],[-74.09086389948105,4.6251681647823704],[-74.090869114097671,4.6251732701210759],[-74.090874326316197,4.6251783695291877],[-74.090879543317342,4.6251834691551243],[-74.090884759202197,4.6251885640884751],[-74.090889979815529,4.6251936591834957],[-74.090895195041909,4.6251987472318028],[-74.090900418422692,4.6252038387589653],[-74.090905639334338,4.6252089252117932],[-74.090910864188146,4.6252140119359799],[-74.090916085727528,4.6252190936479307],[-74.090921310310819,4.6252241756340178],[-74.090926536632622,4.625229256650333],[-74.090931763924218,4.6252343359213235],[-74.090936987827973,4.6252394110227746],[-74.090942216924347,4.6252444884828119],[-74.090947444777711,4.6252495629540213],[-74.090952671384926,4.6252546353397692],[-74.090957898062513,4.6252597068891426],[-74.090963127719434,4.6252647795495232],[-74.090968356129011,4.6252698501249299],[-74.09097358461095,4.6252749198656344],[-74.090978810943142,4.6252799875216759],[-74.090984040254156,4.6252850571918298],[-74.090989264509247,4.6252901228337064],[-74.091781442974309,4.6260581175085846],[-74.091786672388722,4.6260631863572206],[-74.091791894504851,4.6260682499085153],[-74.091797123827533,4.6260733195726749],[-74.091802348094092,4.6260783852083547],[-74.091807569309992,4.6260834496631427],[-74.091812792604415,4.6260885170373607],[-74.091818015068682,4.6260935844800617],[-74.091823237462606,4.6260986527582979],[-74.091828456046699,4.6261037190875189],[-74.09183367449269,4.6261087870896063],[-74.091838889128525,4.6261138540438216],[-74.091844102797566,4.6261189227395452],[-74.091849319855385,4.62612399560411],[-74.09185452958144,4.6261290649255624],[-74.091859741858542,4.6261341384795065],[-74.091864945908355,4.6261392084871504],[-74.091870152441231,4.6261442835680722],[-74.091875352895059,4.6261493571870078],[-74.091880558805386,4.6261544379075863],[-74.091885753584179,4.6261595131085347],[-74.091890950780311,4.6261645942313203],[-74.091896146175657,4.626169677158515],[-74.091901334661742,4.6261747586745798],[-74.091906520451701,4.6261798428978098],[-74.091911708650159,4.6261849330486928],[-74.091916887819636,4.6261900205991777],[-74.09192206854155,4.626195114125637],[-74.091927244441194,4.6262002082708706],[-74.09193241552687,4.6262053039409645],[-74.09193758603584,4.6262104044043548],[-74.091942654582255,4.6262154104235664],[-74.092070563125077,4.6263437935713352],[-74.09219647567987,4.6264741466956893],[-74.092201397180503,4.6264793252734764],[-74.092206398774437,4.6264845936352987],[-74.092211396575834,4.6264898635945304],[-74.092216386826919,4.626495132991912],[-74.092221383386061,4.6265004127468421],[-74.092226368247637,4.626505687552652],[-74.092231359408771,4.6265109727251916],[-74.092236340847236,4.6265162541201397],[-74.092241324645158,4.6265215426264925],[-74.09224630860696,4.626526835020222],[-74.092251287791953,4.6265321270132951],[-74.092256264277168,4.6265374208095968],[-74.092261242059521,4.6265427196495637],[-74.092266214947756,4.6265480179585694],[-74.092271190066072,4.6265533214617296],[-74.092276164405845,4.6265586269008336],[-74.092281131894751,4.6265639297187224],[-74.092286102636905,4.6265692387737083],[-74.09229107637664,4.6265745519908004],[-74.092296040394714,4.6265798594560801],[-74.092301008455792,4.6265851731658669],[-74.092305976773687,4.6265904889571523],[-74.092310943031521,4.6265958044713198],[-74.092315909550067,4.6266011220714276],[-74.092320876981773,4.6266064416131751],[-74.092325841568552,4.626611759976738],[-74.092330807197939,4.6266170804216022],[-74.092335772959089,4.6266224019114528],[-74.092340740662678,4.6266277254825425],[-74.092345705390727,4.6266330468304417],[-74.09235067025169,4.6266383692246267],[-74.092567191424351,4.6268704520876138],[-74.092570171103048,4.6268736461324558],[-74.092573154783025,4.6268768435615124],[-74.092576127631986,4.6268800312511589],[-74.09257911476881,4.6268832323862545],[-74.092582095213984,4.6268864263482055],[-74.092585080015766,4.6268896240124491],[-74.092588057003212,4.6268928142693744],[-74.092591041804994,4.6268960119335958],[-74.092594026388653,4.6268992084587222],[-74.092597007734526,4.6269024015155384],[-74.092599993437702,4.6269055982732619],[-74.092602978924759,4.6269087938941622],[-74.092605961171571,4.6269119860462418],[-74.092608947776199,4.6269151818976493],[-74.092611938524342,4.6269183803114302],[-74.092614925818708,4.6269215741246752],[-74.092617909867954,4.6269247644679963],[-74.092620898275783,4.6269279585070064],[-74.092623890830737,4.6269311551082399],[-74.092626879931444,4.626934347112881],[-74.092629870142531,4.6269375393396652],[-74.092632867755043,4.6269407366920232],[-74.092635856518413,4.6269439245438377],[-74.092638851580261,4.6269471173032226],[-74.092641844495972,4.626950306811441],[-74.092644841568273,4.6269534988818171],[-74.092647839544725,4.6269566900467982],[-74.092650838424575,4.6269598803055354],[-74.09265383820761,4.6269630696578652],[-74.092656838894612,4.6269662581045043],[-74.092659908539943,4.6269695188412117],[-74.092777220124646,4.6270925965785494],[-74.092895982471646,4.6272142646724701],[-74.092899125803598,4.6272174454464112],[-74.092902200736702,4.6272205560942838],[-74.092905283443471,4.6272236718807429],[-74.092908359256782,4.627226779790262],[-74.092911443798386,4.6272298937884528],[-74.092914517974506,4.6272329973175061],[-74.092917607764065,4.6272361129726738],[-74.092920683744737,4.627239214695174],[-74.092923767533364,4.6272423224757189],[-74.092926844411082,4.6272454232896321],[-74.092929936916988,4.6272485362200193],[-74.09293301560156,4.6272516352295758],[-74.092936097734793,4.6272547368057069],[-74.092939185144388,4.6272578418751076],[-74.092942269083977,4.6272609425476885],[-74.09294534956625,4.6272640397437161],[-74.092948437870831,4.6272671429920056],[-74.092951522715509,4.6272702418566469],[-74.09295460846424,4.6272733407231836],[-74.092957695114478,4.6272764395888721],[-74.092960777397167,4.6272795340696922],[-74.092963864047348,4.6272826320299849],[-74.092966947233634,4.6272857265130236],[-74.092970034784443,4.6272888244715329],[-74.09297312233619,4.6272919215256536],[-74.0929762064237,4.6272950151043117],[-74.092979290510982,4.6272981086826697],[-74.092982378063965,4.6273012048325519],[-74.092985458684851,4.6273042949343557],[-74.092988550603224,4.6273073945574934],[-74.092991627759716,4.6273104811856136],[-74.0941876156174,4.6285097945432989],[-74.09419069970248,4.6285128871991912],[-74.094193784699343,4.6285159807699374],[-74.094196865332449,4.6285190708680366],[-74.094199952896517,4.6285221670129566],[-74.094203033527876,4.6285252571092323],[-74.094206117626456,4.6285283506827097],[-74.094209201724112,4.6285314442553025],[-74.094212282356864,4.6285345352561187],[-74.094215362089614,4.6285376262570628],[-74.094218445286359,4.6285407207341924],[-74.094221524117202,4.6285438117333664],[-74.094224602950419,4.6285469036382194],[-74.094227685246295,4.6285499990198939],[-74.094230759714961,4.6285530883483563],[-74.094233841110253,4.628556184634947],[-74.094236914679811,4.6285592748656628],[-74.094239995174007,4.6285623720566242],[-74.094243067844346,4.6285654631895987],[-74.094246139616487,4.6285685552258409],[-74.094249218308704,4.6285716542257198],[-74.09425228918046,4.6285747471629586],[-74.09425535915436,4.6285778410038656],[-74.094258436044143,4.6285809418122996],[-74.094261497302497,4.6285840304846655],[-74.09426457239347,4.6285871331053379],[-74.0942676396688,4.6285902296519179],[-74.094270706046032,4.6285933271018607],[-74.094273771524229,4.6285964254542442],[-74.094276836103603,4.6285995247092027],[-74.094279899783373,4.6286026248660237],[-74.09428289118965,4.6286056536588012],[-74.094393740544774,4.6287192544530695],[-74.094503253042902,4.6288341536731785],[-74.094506178462709,4.6288372602976926],[-74.09450916571474,4.6288404344435055],[-74.094512152068617,4.6288436094927095],[-74.094515137523516,4.6288467854444644],[-74.094518122079478,4.6288499622987835],[-74.09452110573676,4.6288531400558091],[-74.094524088494865,4.6288563187150631],[-74.094527070353692,4.6288594982766051],[-74.094530058926964,4.628862684995565],[-74.094533035525046,4.6288658617668679],[-74.0945360190467,4.6288690468261935],[-74.094538998207781,4.6288722290943074],[-74.094541979718372,4.6288754148320024],[-74.094544961439183,4.6288786016975587],[-74.094547938802577,4.6288817857707709],[-74.094550922869729,4.6288849770110954],[-74.094553902576877,4.6288881645519728],[-74.09455687814031,4.6288913495257482],[-74.094559857164697,4.6288945391056995],[-74.094562838310196,4.6288977310168393],[-74.094565813193739,4.6289009180298599],[-74.094568797795361,4.6289041145471357],[-74.094571775919803,4.6289073050305678],[-74.094574752924373,4.6289104952787437],[-74.09457772579087,4.6289136829598521],[-74.094580712945188,4.6289168840862436],[-74.094583685812708,4.6289200717683405],[-74.094586669731797,4.6289232703314314],[-74.09458964583547,4.6289264614818793],[-74.094592625396231,4.6289296563386051],[-74.094595604956439,4.6289328511947527],[-74.094815080978506,4.6291681922814041],[-74.094818060850073,4.6291713874682809],[-74.094821040412512,4.6291745823236106],[-74.09482401997478,4.629177777178807],[-74.09482699953729,4.6291809720341552],[-74.094829979099998,4.6291841668896421],[-74.094832958662536,4.6291873617449264],[-74.094835942582577,4.6291905603055969],[-74.094838918688552,4.6291937514550456],[-74.094841902608991,4.6291969500160661],[-74.094844881950792,4.6292001437302961],[-74.094847862635845,4.6292033388225482],[-74.094850846335575,4.6292065362415498],[-74.094853826799763,4.6292097301926596],[-74.094856807263753,4.629212924143558],[-74.094859787727728,4.6292161180943898],[-74.094862772549533,4.6292193157487889],[-74.09486575715313,4.6292225122639765],[-74.094868735280173,4.6292257027460897],[-74.094871719883628,4.6292288992610962],[-74.094874701249154,4.6292320923077828],[-74.094877690211817,4.6292352916193158],[-74.094880669239245,4.6292384811980201],[-74.094883654745942,4.6292416768086975],[-74.094886641371104,4.6292448726507169],[-74.094889627781285,4.629248067357369],[-74.094892607706768,4.629251256030293],[-74.09489559411729,4.6292544507371867],[-74.094898584887204,4.6292576482364787],[-74.09490156571303,4.6292608360060141],[-74.094904557384268,4.6292640335032074],[-74.09490759179991,4.6292672757646711],[-74.095127017539852,4.6294998477367129],[-74.095130076835105,4.6295030633981549],[-74.095133087942813,4.6295062284090598],[-74.09513610671597,4.6295093996235375],[-74.095139118726152,4.6295125637313461],[-74.095142130735255,4.6295157278380019],[-74.095145147105782,4.629518895579011],[-74.095148163322818,4.6295220622534758],[-74.095151176233813,4.6295252254563444],[-74.095154196813652,4.6295283948580188],[-74.095157207317243,4.6295315545886977],[-74.095160224437862,4.6295347203590644],[-74.095163238249853,4.629537882657246],[-74.095166259733304,4.6295410511527786],[-74.095169271136243,4.6295442099789863],[-74.095172289159933,4.6295473748448384],[-74.095175303873305,4.6295505362387024],[-74.095178318586207,4.6295536976320442],[-74.095181337661316,4.629556862654109],[-74.09518435658849,4.6295600266157706],[-74.095187368889853,4.629563184536539],[-74.095190387817084,4.6295663484982175],[-74.09519340343185,4.6295695089875943],[-74.095196419046005,4.6295726694764125],[-74.095199439022494,4.6295758335920185],[-74.095202451175837,4.6295789904541804],[-74.095205471152596,4.6295821545699658],[-74.095208486620919,4.6295853140014769],[-74.095211503282997,4.6295884746437688],[-74.095214519798915,4.6295916351328561],[-74.095217539629289,4.6295947981897578],[-74.095220548467069,4.6295979515783552],[-74.096165978643199,4.6305884613279602],[-74.096168990312094,4.6305916176693236],[-74.096172013611408,4.6305947843482409],[-74.096175026821655,4.6305979413611817],[-74.096178046661109,4.6306011044144295],[-74.096181059870247,4.6306042614261953],[-74.096184079709715,4.6306074244793907],[-74.09618710059641,4.6306105876843624],[-74.096190113659659,4.6306137436399482],[-74.096193134546581,4.6306169068451037],[-74.096196155289448,4.6306200689939967],[-74.096199172715188,4.6306232276700472],[-74.096202190141184,4.6306263863462291],[-74.096205211928833,4.6306295486443316],[-74.09620823357541,4.6306327098892686],[-74.096211256264866,4.630635871281366],[-74.096214275493409,4.630639029053202],[-74.096217298042589,4.6306421893931953],[-74.096220321633751,4.630645349879277],[-74.096223345086543,4.6306485093152636],[-74.096226369578886,4.6306516688947843],[-74.096229390610176,4.6306548248579995],[-74.096232422653728,4.6306579895707003],[-74.096235441261086,4.6306611411583605],[-74.096238470882653,4.6306643023976415],[-74.096241497046194,4.6306674591217467],[-74.096244531935184,4.6306706221579219],[-74.096247552209903,4.6306737708968351],[-74.09625058800232,4.6306769330246862],[-74.096253613542274,4.6306800844686107],[-74.096256650112949,4.6306832446503989],[-74.096259779504919,4.6306865004581654],[-74.096482246031258,4.6309140634377153],[-74.096485424303623,4.6309172607741651],[-74.096488515193258,4.6309203674838164],[-74.096491604439606,4.6309234707232871],[-74.096494685850914,4.6309265660913486],[-74.096497775995516,4.6309296684194505],[-74.096500862676137,4.6309327663630686],[-74.096503953722291,4.630935866876734],[-74.096507037841775,4.6309389604404538],[-74.096510129790857,4.6309420600473441],[-74.096513218279668,4.6309451552785195],[-74.096516307665027,4.6309482505039172],[-74.096519401421105,4.6309513482984803],[-74.096522488244347,4.6309544391490656],[-74.096525575066352,4.6309575299983932],[-74.096528669725458,4.6309606268862185],[-74.096531761814973,4.6309637202981788],[-74.096534849548831,4.6309668093494105],[-74.09653794163755,4.6309699018551758],[-74.096541038103737,4.6309729969307281],[-74.096544124153397,4.6309760824962378],[-74.096547212790867,4.6309791706453005],[-74.096550313622785,4.6309822682758073],[-74.096553396207185,4.6309853494756839],[-74.096556493577339,4.6309884436454247],[-74.096559584005789,4.6309915308785596],[-74.096562674433173,4.6309946181105532],[-74.096565764860244,4.6309977053422342],[-74.096568855287558,4.6310007925741221],[-74.096571949194811,4.6310038823775166],[-74.096575040507489,4.631006969593404],[-74.096578127470607,4.6310100533650456],[-74.096805789062302,4.6312374269777541],[-74.096808880231492,4.6312405140429966],[-74.096811971545819,4.631243601257415],[-74.096815058510387,4.6312466850275023],[-74.096818152420681,4.6312497748306578],[-74.096821239369618,4.6312528585848769],[-74.096824334164523,4.6312559492756487],[-74.096827421129817,4.6312590330461996],[-74.096830511559673,4.6312621202771469],[-74.096833597622989,4.6312652040459277],[-74.096836691517296,4.6312682947381782],[-74.096839778468222,4.6312713793974734],[-74.096842868011066,4.6312744666424868],[-74.096845954060868,4.6312775513008209],[-74.096849043589529,4.631280639435964],[-74.09685213311819,4.6312837275709757],[-74.096855214803369,4.6312868096691542],[-74.096858311272811,4.6312899047437943],[-74.096861392959298,4.6312929868432073],[-74.096864481587886,4.6312960758835615],[-74.096867562373959,4.6312991588839303],[-74.096870650101565,4.6313022488287521],[-74.096873737827622,4.6313053387719965],[-74.096876825554006,4.6313084287155526],[-74.096879905441071,4.6313115126182245],[-74.096882992267339,4.6313146034671426],[-74.096886071255085,4.6313176882719507],[-74.096889157180257,4.6313207800252556],[-74.096892243104435,4.6313238717774592],[-74.096895321193088,4.6313269574845357],[-74.096898401850879,4.6313300466679923],[-74.096901425316304,4.6313330785008153],[-74.097126096066432,4.6315607223415265],[-74.097129087824811,4.631563785282987],[-74.097132136040699,4.6315669069473309],[-74.097135187720824,4.6315700321589137],[-74.097138236007524,4.6315731547990078],[-74.09714127993081,4.6315762747941438],[-74.097144334101415,4.6315794043858984],[-74.097147377123548,4.6315825243789739],[-74.097150427977866,4.6315856523804859],[-74.097153470026214,4.631588773199379],[-74.097156523368596,4.631591904677463],[-74.097159568881651,4.6315950290490502],[-74.097162610105286,4.6315981508465081],[-74.097165662546672,4.6316012832310189],[-74.097168703772553,4.6316044059329062],[-74.097171755233887,4.6316075382375779],[-74.097174799924417,4.6316106644952839],[-74.097177843634952,4.631613790671139],[-74.097180890810037,4.6316169204047855],[-74.097183934600864,4.6316200475662361],[-74.097186981775721,4.6316231782037995],[-74.097190032332591,4.6316263114112823],[-74.09719307175861,4.6316294350136591],[-74.09719612239742,4.6316325692105709],[-74.097199161825642,4.6316356937172971],[-74.097202211480621,4.6316388278302565],[-74.097205257754084,4.6316419584675144],[-74.097208300646514,4.6316450865338368],[-74.097211346920133,4.6316482180754095],[-74.097214396574159,4.6316513521872311],[-74.097217439466547,4.631654480253431],[-74.09722048912117,4.6316576143656816],[-74.099924772034001,4.634437455343396],[-74.099927821202655,4.634440588919631],[-74.099930864118988,4.6344437169738253],[-74.099933910416581,4.6344468485033596],[-74.099936955729788,4.6344499790430893],[-74.099940002109818,4.6344531106573879],[-74.099943044042718,4.6344562386259271],[-74.099946089439186,4.6344593701553842],[-74.099949135820879,4.6344625026754152],[-74.099952181132849,4.6344656341180217],[-74.099955218784601,4.6344687595126128],[-74.099958267645093,4.6344718955098143],[-74.09996130867718,4.6344750243807118],[-74.099964349795314,4.6344781542435181],[-74.099967397667555,4.6344812901520642],[-74.099970431044014,4.6344844138769021],[-74.0999734780154,4.6344875506921666],[-74.099976513869152,4.6344906778914998],[-74.099979556563198,4.6344938121348811],[-74.099982595883262,4.634496943806397],[-74.099985634211649,4.6345000753837438],[-74.099988676003761,4.634503210530581],[-74.099991706689067,4.6345063369625237],[-74.099994750950799,4.6345094764904236],[-74.099997784107231,4.6345126063967017],[-74.100000820731509,4.6345157407829776],[-74.100003856356409,4.6345188750669779],[-74.100006887715011,4.6345220067782877],[-74.100009922540551,4.6345251429729029],[-74.100012956363528,4.6345282790618096],[-74.100015985924088,4.6345314125779336],[-74.100018926679837,4.6345344542399234],[-74.100241378437687,4.6347683429808262],[-74.100244271250276,4.6347714338682033],[-74.100247253020939,4.6347746207086509],[-74.100250226074365,4.6347778010576253],[-74.100253209292262,4.6347809922749184],[-74.100256189264513,4.6347841809241048],[-74.10025916488047,4.6347873667778652],[-74.100262142836755,4.634790556099647],[-74.100265116652295,4.6347937428535939],[-74.100268097165326,4.6347969367823998],[-74.100271074440457,4.6348001281452289],[-74.100274050593953,4.6348033192708087],[-74.100277022611962,4.6348065078300067],[-74.100280001322005,4.6348097035668863],[-74.100282980031636,4.6348128993030855],[-74.100285951150113,4.6348160887641754],[-74.100288925729089,4.6348192828417103],[-74.100291902409495,4.6348224792387294],[-74.100294876086664,4.6348256733145936],[-74.100297852994188,4.6348288708596792],[-74.100300822314622,4.6348320621255352],[-74.100303798321761,4.6348352605758025],[-74.100306774327834,4.6348384590247971],[-74.100309750333423,4.6348416574733093],[-74.10031272633961,4.6348448559223838],[-74.10031569476142,4.6348480480908911],[-74.100318669867164,4.6348512474451002],[-74.100321648197223,4.6348544493617814],[-74.100324620076591,4.6348576452468038],[-74.100327595181838,4.6348608446002846],[-74.100330570286602,4.6348640439532822],[-74.100333545391763,4.6348672433065685],[-74.100548869752274,4.6350988147585079],[-74.100551845704487,4.635102015019668],[-74.100554816453453,4.6351052106539967],[-74.100557795016528,4.6351084137233469],[-74.100560770124133,4.6351116130760532],[-74.100563745230843,4.6351148124278545],[-74.100566720337937,4.6351180117799906],[-74.100569703026807,4.6351212174098135],[-74.100572671452355,4.6351244095787347],[-74.100575654142332,4.6351276152096084],[-74.100578630151745,4.6351308136584475],[-74.100581606160233,4.6351340121062092],[-74.100584585395595,4.6351372131172885],[-74.100587565762126,4.6351404143741437],[-74.100590542671853,4.6351436119175533],[-74.100593523938741,4.6351468131723168],[-74.100596500622103,4.6351500095681848],[-74.100599486246267,4.635153213626956],[-74.100602460601522,4.6351564065568045],[-74.100605446001765,4.6351596094686496],[-74.100608429072494,4.6351628089117138],[-74.100611411920298,4.6351660072102607],[-74.100614391533895,4.6351692020405828],[-74.100617378740552,4.6351724031395047],[-74.100620363614411,4.6351756007701308],[-74.100623348268812,4.6351787972601963],[-74.100626337282193,4.635181996546665],[-74.100629319600969,4.6351851886652859],[-74.100632306276438,4.635188384481852],[-74.10063530033807,4.6351915854235797],[-74.100638284460445,4.6351947757347123],[-74.100641369396286,4.6351980718362347],[-74.100864194515481,4.6354323525403904],[-74.100867324845979,4.6354355912023486],[-74.100870364596645,4.6354387352449589],[-74.100873408712744,4.6354418819636329],[-74.100876453733051,4.6354450277769672],[-74.100879491928893,4.6354481665378202],[-74.100882534487681,4.6354513088743978],[-74.100885584677215,4.6354544563472855],[-74.10088862467704,4.6354575933009921],[-74.100891669038418,4.6354607338247273],[-74.10089471330609,4.6354638733463505],[-74.100897758568692,4.6354670129636268],[-74.100900803739748,4.6354701515811021],[-74.100903853275696,4.6354732928616249],[-74.100906892605252,4.6354764245303217],[-74.100909943042694,4.6354795658089412],[-74.100912985656251,4.635482699052285],[-74.100916037085682,4.6354858395158347],[-74.100919077225811,4.6354889692855696],[-74.100922128569081,4.6354921087538843],[-74.100925174061103,4.6354952421769307],[-74.100928218478984,4.635498374517816],[-74.100931270724899,4.6355015130791131],[-74.100934312752173,4.6355046420344914],[-74.100937361536296,4.6355077770343716],[-74.100940406941419,4.6355109085592945],[-74.100943456711207,4.6355140436448572],[-74.100946498652675,4.6355171716086208],[-74.100949548422761,4.6355203066943975],[-74.100952594729293,4.6355234382192805],[-74.100955640051581,4.6355265687545693],[-74.100958686441246,4.63552970036472],[-74.101848096049196,4.6364439481965771],[-74.101851141843596,4.6364470791828287],[-74.101854191538834,4.6364502132741681],[-74.101857230106475,4.6364533377579198],[-74.101860279885344,4.6364564728404751],[-74.101863329580908,4.6364596069320418],[-74.101866380260091,4.6364627411071533],[-74.101869419729127,4.6364658655929443],[-74.101872469425487,4.6364689996852908],[-74.10187552348701,4.6364721364303829],[-74.101878567320838,4.6364752635725912],[-74.101881614536794,4.6364783941890115],[-74.101884665135358,4.6364815273758033],[-74.101887712351825,4.6364846570882827],[-74.101890767315879,4.6364877929262178],[-74.101893812049099,4.6364909191640793],[-74.101896867915443,4.6364940550007425],[-74.101899916935182,4.6364971838095759],[-74.101902969340159,4.6365003151874236],[-74.101906018358918,4.6365034430909162],[-74.101909071742142,4.6365065745466767],[-74.101912129415169,4.6365097085706175],[-74.101915183628051,4.6365128381411669],[-74.10191823105788,4.636515961664597],[-74.101921293025939,4.636519097351731],[-74.101924349115791,4.6365222260910395],[-74.101927401739474,4.636525351281227],[-74.101930457757945,4.6365284790420613],[-74.101933514746662,4.6365316068724196],[-74.101936576033054,4.6365347372710426],[-74.101939633859175,4.6365378632243726],[-74.101942780449491,4.6365410780408753],[-74.102166392537001,4.6367662785004553],[-74.102169577078527,4.6367694402021655],[-74.102172688798731,4.6367725269062978],[-74.102175790092772,4.6367756032635663],[-74.102178899253147,4.6367786856235202],[-74.10218200495332,4.6367817636462521],[-74.102185111511133,4.6367848416248014],[-74.102188218970539,4.6367879196024493],[-74.10219132647444,4.6367909967189576],[-74.102194433980443,4.6367940729321449],[-74.102197542340861,4.6367971490978981],[-74.102200650750305,4.6368002244067936],[-74.102203760011619,4.6368032996658748],[-74.102206865809947,4.6368063714992314],[-74.102209979486531,4.6368094493269041],[-74.102213086186495,4.6368125202562931],[-74.102216196401713,4.6368155937556441],[-74.10221930746637,4.6368186672026557],[-74.102222415066663,4.6368217372267226],[-74.102225526185364,4.6368248098217375],[-74.102228634632013,4.636827879791424],[-74.10223174665245,4.6368309523858606],[-74.102234858674706,4.6368340240767054],[-74.102237963655327,4.6368370897204878],[-74.102241075677782,4.6368401614114774],[-74.10224418502365,4.6368432304746756],[-74.102247293582309,4.6368462987461871],[-74.10225040644913,4.6368493703798643],[-74.102253515852183,4.6368524385951488],[-74.102256625255109,4.6368555068102326],[-74.102259738180436,4.6368585775962305],[-74.102262839694234,4.6368616389159687],[-74.102488651387077,4.6370844479409215],[-74.102491760180229,4.637087515551312],[-74.102494869585229,4.6370905837653646],[-74.102497974624512,4.6370936485603105],[-74.102501087493749,4.6370967201931022],[-74.102504196898977,4.6370997884072622],[-74.102507301938346,4.6371028532021397],[-74.102510411286502,4.63710592226417],[-74.102513519847662,4.6371089905346343],[-74.102516620463788,4.6371120527549081],[-74.102519732433251,4.6371151252951543],[-74.102522833051779,4.6371181884199739],[-74.102525940655767,4.6371212584437096],[-74.102529048258504,4.6371243284661636],[-74.102532147978238,4.6371273924934826],[-74.102535250314958,4.6371304599960554],[-74.102538352600632,4.6371335283513826],[-74.102541458401376,4.6371366001827763],[-74.102544556322329,4.6371396660142432],[-74.102547661223184,4.6371427387511845],[-74.102550758244789,4.6371458054846473],[-74.102553857878291,4.637148875694395],[-74.102556957466518,4.6371519467625371],[-74.10256005269008,4.6371550153009053],[-74.102563147015957,4.6371580847429383],[-74.102566243945404,4.637161157659131],[-74.102569340836354,4.6371642314403561],[-74.102572433362496,4.6371673026855778],[-74.102575524990243,4.6371703748338895],[-74.102578615719125,4.6371734478847788],[-74.10258170554863,4.6371765218377403],[-74.102584668507006,4.6371794712950214],[-74.102808387545068,4.6374069356844201],[-74.102811294120386,4.6374099542881755],[-74.10281431651245,4.6374130950107704],[-74.102817338006574,4.6374162366370122],[-74.102820358601889,4.6374193791658387],[-74.102823378297913,4.6374225225968981],[-74.102826397094873,4.6374256669302953],[-74.102829418327332,4.63742881473663],[-74.102832439687717,4.6374319635793695],[-74.102835456685554,4.6374351097165416],[-74.102838476115849,4.6374382593274737],[-74.102841487984975,4.6374414037947478],[-74.102844513304944,4.6374445613955793],[-74.102847528641234,4.6374477103821725],[-74.10285054190571,4.6374508590834376],[-74.102853562094921,4.6374540150184789],[-74.102856578959035,4.6374571683827615],[-74.102859591462121,4.637460319032412],[-74.102862614070844,4.6374634793441674],[-74.102865622352198,4.6374666274215821],[-74.10286864405937,4.6374697886393115],[-74.102871654761927,4.6374729401889185],[-74.10287466893034,4.6374760962681183],[-74.102877689731756,4.6374792583873274],[-74.102880703899118,4.637482414465369],[-74.102883717021044,4.63748557039139],[-74.10288673360462,4.6374887299425556],[-74.102889746872606,4.6374918869246953],[-74.102892766771035,4.6374950499482113],[-74.102895780039134,4.6374982069304398],[-74.102898795575015,4.63750136632809],[-74.102901812305319,4.6375045269369313],[-74.104507241197098,4.6391865406046167],[-74.104740355622766,4.6394316933058057],[-74.10574866246607,4.6404960497915804],[-74.105751665277907,4.6404992198406951],[-74.105754673630869,4.6405023947874184],[-74.10575767087353,4.6405055598613885],[-74.105760682515125,4.6405087382802872],[-74.105763683047371,4.640511905923173],[-74.105766683751384,4.6405150746506161],[-74.105769687743631,4.6405182468498687],[-74.105772695023248,4.6405214216157944],[-74.105775695727402,4.6405245903431958],[-74.10577869971965,4.640527762542324],[-74.105781696063275,4.6405309285184551],[-74.105784702441056,4.64053410418982],[-74.105787702245834,4.6405372738214012],[-74.105790705337014,4.6405404469248888],[-74.105793704066684,4.6405436163716196],[-74.105796702972427,4.6405467869076409],[-74.105799705162397,4.640549960915366],[-74.105802702990971,4.6405531312643413],[-74.105805700997692,4.6405563027048631],[-74.105808705568307,4.6405594801837013],[-74.105811695931948,4.6405626453945459],[-74.105814696322142,4.6405658212135217],[-74.105817692348509,4.6405689933668768],[-74.105820691835063,4.6405721691832866],[-74.105823680404669,4.6405753361991318],[-74.105826682267875,4.6405785163929041],[-74.105829673216022,4.6405816868795746],[-74.105832667627155,4.6405848619388568],[-74.105835660950873,4.640588036799647],[-74.10583865446182,4.6405912127622626],[-74.105841567835043,4.640594304632649],[-74.106058953840588,4.64082820463197],[-74.106061827418799,4.6408313395084084],[-74.106064780321191,4.6408345608431336],[-74.106067721063781,4.6408377717785045],[-74.106070675061957,4.6408409962775279],[-74.106073619540012,4.640844212190725],[-74.106076561656295,4.640847427488989],[-74.106079515031297,4.6408506541034118],[-74.106082457430105,4.640853870612343],[-74.10608540209833,4.6408570905845927],[-74.106088347051227,4.6408603117713012],[-74.106091290817531,4.640863532644901],[-74.10609423487152,4.6408667547363267],[-74.106097182089798,4.6408699802904287],[-74.106100124955304,4.6408732020664161],[-74.106103071272756,4.6408764276208556],[-74.106106010073262,4.6408796468349003],[-74.106108956682135,4.6408828745169979],[-74.106111901807935,4.6408861006575819],[-74.106114839709946,4.6408893207744235],[-74.106117788577876,4.6408925519200315],[-74.106120729641631,4.6408957755007707],[-74.106123674156805,4.6408990028638],[-74.106126615513176,4.6409022276683647],[-74.10612955883397,4.6409054547099977],[-74.106132503641888,4.6409086832981679],[-74.106135443804575,4.640911907780934],[-74.106138387418682,4.6409151360482612],[-74.106141331032489,4.6409183643152421],[-74.106144274646084,4.6409215925820293],[-74.106147218260205,4.6409248208492446],[-74.106150158717412,4.6409280465580167],[-74.106368209587131,4.6411671960809739],[-74.106371153808041,4.6411704250105252],[-74.106374094267295,4.641173650718363],[-74.106377041039707,4.6411768824464579],[-74.106379984655845,4.6411801107125914],[-74.106382935781141,4.6411833453191695],[-74.106385872787811,4.6411865663387513],[-74.106388820756891,4.6411897983895667],[-74.106391768432658,4.6411930292134871],[-74.106394720462035,4.6411962629143773],[-74.106397662720781,4.6411994868140232],[-74.10640061129989,4.641202716733793],[-74.106403561071019,4.6412059469708815],[-74.106406510553342,4.6412091759864076],[-74.106409461225994,4.6412124053171375],[-74.106412411611856,4.6412156334286738],[-74.106415363185846,4.6412188618529608],[-74.106418318827181,4.6412220928332504],[-74.106421271020523,4.6412253191374298],[-74.106424224397429,4.6412285457490086],[-74.106427181845788,4.6412317749170811],[-74.106430135845827,4.641234999413018],[-74.106433095378136,4.6412382279773476],[-74.106436054359349,4.6412414541277283],[-74.106439015695884,4.6412446808764694],[-74.106441973307668,4.6412479026594742],[-74.106444939626215,4.6412511310537345],[-74.106447899046046,4.6412543510300015],[-74.106450867172171,4.6412575776081937],[-74.106453831586904,4.6412607983364094],[-74.10645679833334,4.6412640196352193],[-74.106459843672468,4.6412673243331861],[-74.106569771117591,4.6413849865806673],[-74.10668123507422,4.6415011846877032],[-74.106684360884984,4.6415043988118443],[-74.106687410705334,4.6415075338713772],[-74.106690472552074,4.6415106776230717],[-74.106693524101516,4.6415138098890356],[-74.106696580012269,4.6415169447996876],[-74.10669964119117,4.6415200823544138],[-74.106702695448149,4.6415232119051399],[-74.106705758433122,4.6415263476424036],[-74.106708811101541,4.6415294728135175],[-74.106711874922595,4.6415326066663631],[-74.106714937221611,4.6415357371116892],[-74.106717995027395,4.6415388620741593],[-74.106721058226412,4.6415419907033906],[-74.106724114498533,4.6415451122557343],[-74.10672718194121,4.6415482424834797],[-74.106730240075592,4.6415513631923542],[-74.106733304961381,4.6415544889801374],[-74.106736367401183,4.6415576113515966],[-74.106739434150199,4.6415607362907849],[-74.1067424940275,4.6415638542258044],[-74.106745553903494,4.6415669721594215],[-74.106748617190917,4.6415700926644101],[-74.106751681432499,4.6415732132221317],[-74.106754749988085,4.6415763363484892],[-74.106757807302159,4.6415794489480495],[-74.106760872444966,4.6415825685993495],[-74.106763934124075,4.641585684724693],[-74.106767003582803,4.6415888069443909],[-74.106770058381258,4.6415919160687737],[-74.106773123476898,4.6415950347665174],[-74.106776189521185,4.6415981535113993],[-74.107719175908031,4.6425575853669629],[-74.107722233648133,4.6425606974711835],[-74.107725303115799,4.6425638196870649],[-74.107728361339241,4.6425669313797053],[-74.107731427392352,4.6425700501206713],[-74.107734486564311,4.6425731627655873],[-74.107737555985864,4.6425762840280678],[-74.107740615157468,4.6425793957692392],[-74.107743677746356,4.6425825109858394],[-74.107746748116611,4.6425856322944821],[-74.107749807241859,4.6425887430850938],[-74.107752874196038,4.6425918609192882],[-74.107755945470288,4.6425949813221132],[-74.107759005496661,4.6425980912102371],[-74.107762077716373,4.6426012116557915],[-74.107765138644481,4.6426043215453561],[-74.107768210821988,4.6426074410416884],[-74.107771279539094,4.642610556117436],[-74.107774349197328,4.6426136712324944],[-74.107777415391041,4.6426167828312677],[-74.107780489375145,4.642619900514771],[-74.107783564263713,4.6426230172930341],[-74.107786632260684,4.642626127083866],[-74.10778970368689,4.6426292394456983],[-74.107792780413035,4.6426323553489608],[-74.107795849279398,4.6426354632987676],[-74.107798930339769,4.6426385808634221],[-74.107802005407493,4.6426416914473192],[-74.107805083882312,4.6426448036664372],[-74.107808159849981,4.6426479124372806],[-74.107811232352972,4.6426510177058944],[-74.107814431520836,4.6426542472205554],[-74.108043104736439,4.6428807907244174],[-74.108046353204642,4.6428839477281159],[-74.108049489665248,4.64288699497307],[-74.108052626128099,4.6428900413148497],[-74.108055767740709,4.6428930909051616],[-74.108058909588976,4.6428961389116354],[-74.108062053004971,4.642899186686261],[-74.108065188716211,4.6429022269581148],[-74.108068333032065,4.642905273823084],[-74.108071474010131,4.6429083165468841],[-74.108074614989135,4.6429113583662707],[-74.108077761107012,4.6429144034141805],[-74.108080903892017,4.6429174443294912],[-74.108084046677519,4.6429204843398928],[-74.108087190235423,4.6429235242246731],[-74.10809033033199,4.642926560761623],[-74.108093478382699,4.6429296032126173],[-74.10809662297541,4.6429326414147818],[-74.10809976397303,4.642935676142895],[-74.108102909333113,4.6429387142146217],[-74.108106055594646,4.6429417522854042],[-74.108109197628409,4.6429447862393447],[-74.108112343889886,4.6429478234048052],[-74.108115490288483,4.6429508597972502],[-74.108118629489297,4.6429538901468081],[-74.10812178025013,4.6429569298787099],[-74.108124919589045,4.6429599594581017],[-74.108128066751974,4.6429629957172462],[-74.108131210453195,4.6429660286361676],[-74.108134357755063,4.6429690641239958],[-74.108137497855012,4.6429720935690062],[-74.108140641556673,4.6429751264882313],[-74.108391063213617,4.6432166908469812],[-74.108394208896385,4.6432197247695273],[-74.108397348998665,4.6432227542134461],[-74.108400496302764,4.6432257897000389],[-74.108403636405384,4.6432288191441504],[-74.108406780108993,4.6432318520618487],[-74.108409919449159,4.643234881638854],[-74.108413066614375,4.6432379178965775],[-74.108416202355116,4.6432409449036465],[-74.108419348756925,4.6432439812953827],[-74.108422487960482,4.6432470116436662],[-74.108425630763207,4.6432500454657468],[-74.108428765604458,4.6432530733747166],[-74.108431907506642,4.6432561081017516],[-74.108435045044146,4.6432591394829696],[-74.108438182449433,4.6432621716396998],[-74.108441323449682,4.6432652072703045],[-74.108444460086233,4.6432682395540592],[-74.108447596592086,4.6432712726147241],[-74.108450733099843,4.6432743065804356],[-74.108453864470988,4.6432773373186471],[-74.108457007132202,4.6432803781093002],[-74.10846013401131,4.6432834062729116],[-74.108463267822373,4.6432864420488578],[-74.108466401632327,4.6432894787270387],[-74.108469534664692,4.6432925155239726],[-74.108472663211217,4.6432955497482107],[-74.108475790859401,4.6432985848755806],[-74.108478925552603,4.6433016268374487],[-74.108482052300332,4.6433046628658419],[-74.108485178150161,4.6433076997977052],[-74.10848818926317,4.6433106269678346],[-74.108716409679275,4.6435367212430814],[-74.108719371232667,4.6435397117413162],[-74.108722441179779,4.6435428126021892],[-74.108725502416888,4.6435459073852039],[-74.108728574956316,4.6435490135828275],[-74.108731638734355,4.6435521127432748],[-74.10873470600707,4.6435552163404861],[-74.108737768914295,4.6435583173342057],[-74.108740830923523,4.6435614192313466],[-74.108743899830458,4.6435645281139228],[-74.108746960939214,4.6435676309119813],[-74.108750024578555,4.6435707371861099],[-74.108753088254204,4.6435738444002332],[-74.108756147565032,4.6435769490032248],[-74.108759213768352,4.6435800605987367],[-74.108762272179902,4.6435831661039071],[-74.108765337481927,4.6435862786035891],[-74.108768402782829,4.6435893911020898],[-74.108771460295415,4.6435924975096849],[-74.108774520330229,4.6435956073929745],[-74.108777588194499,4.6435987243162344],[-74.108780644808121,4.6436018316262997],[-74.108783708308223,4.6436049459348956],[-74.10878676402227,4.6436080541467994],[-74.108789830038248,4.6436111719307478],[-74.108792889218208,4.6436142836664676],[-74.108795951816205,4.6436173988783418],[-74.108799014413549,4.643620514089613],[-74.108802077011504,4.6436236293013771],[-74.108805135243017,4.6436267409879326],[-74.108808201304882,4.6436298597236592],[-74.108811256120561,4.6436329688384061],[-74.112976620677571,4.6478709091583372],[-74.112979681877249,4.6478740238084004],[-74.112982743610218,4.6478771390010305],[-74.112985806293068,4.6478802551472329],[-74.11298886797772,4.647883370290665],[-74.112991930660627,4.647886486436863],[-74.112994992345378,4.6478896015802631],[-74.112998050662853,4.6478927142012729],[-74.113001112396248,4.6478958302983413],[-74.113004174129813,4.6478989463954816],[-74.113007231496866,4.6479020589654203],[-74.113010296694753,4.6479051785888865],[-74.113013350648117,4.6479082885870984],[-74.113016414894688,4.6479114081606285],[-74.113019472313397,4.64791452168613],[-74.113022529733428,4.6479176361162784],[-74.113025589612576,4.6479207530646409],[-74.113028646131809,4.6479238674942183],[-74.113031706063111,4.6479269853999243],[-74.113034761628413,4.6479300997747126],[-74.113037817248895,4.6479332151089388],[-74.113040876279214,4.647936333919108],[-74.113043930943235,4.6479394491959898],[-74.113046985664553,4.6479425654345272],[-74.113050043793834,4.6479456851490841],[-74.113053094150587,4.64794879875621],[-74.113056147013651,4.6479519158389939],[-74.113059207705561,4.6479550399940228],[-74.113062252796624,4.64795815096371],[-74.113065304822783,4.64796126991767],[-74.113068360248576,4.6479643923452754],[-74.113071330049948,4.6479674290473891],[-74.113320779308964,4.6482259037934615],[-74.113566786476184,4.6484876773887187],[-74.11356968072954,4.6484907987438628],[-74.113572647087977,4.6484939988333291],[-74.113575609331633,4.6484971963576873],[-74.113578578246006,4.6485004010804323],[-74.113581543947888,4.6485036032392699],[-74.11358450850463,4.6485068051337279],[-74.113587473307675,4.6485100081973618],[-74.113590436963548,4.6485132109942331],[-74.113593404074535,4.6485164175244975],[-74.11359636362144,4.6485196177563983],[-74.113599329832354,4.6485228251920994],[-74.113602292836745,4.6485260300642883],[-74.113605254690768,4.6485292346658911],[-74.113608219999549,4.6485324430048429],[-74.113611185308116,4.6485356513435514],[-74.113614143057092,4.6485388533803409],[-74.113617107465615,4.6485420626245828],[-74.113620071873285,4.6485452718678228],[-74.113623028723325,4.6485484748070673],[-74.11362599978564,4.6485516912566762],[-74.113628956637029,4.6485548941972894],[-74.113631920144584,4.6485581043459332],[-74.113634876095929,4.6485613081878592],[-74.113637846254889,4.6485645255435104],[-74.113640809762629,4.6485677356922208],[-74.113643765713903,4.6485709395339674],[-74.11364673151806,4.6485741531480498],[-74.113649690925342,4.6485773607339116],[-74.113652657885879,4.6485805755284835],[-74.113655617037125,4.6485837828368934],[-74.113658582840856,4.6485869964502369],[-74.114655384000002,4.6496672884233838],[-74.114658345571286,4.6496704983399848],[-74.114661311383657,4.6496737119485223],[-74.114664270799935,4.6496769195297754],[-74.114667237769822,4.6496801343200183],[-74.114670200128714,4.6496833441859184],[-74.114673167098871,4.6496865580710924],[-74.114676130615081,4.6496897682142686],[-74.114679094130565,4.6496929783567209],[-74.114682057646888,4.6496961884999024],[-74.114685028717574,4.6496994049435028],[-74.114687993136172,4.649702614183358],[-74.114690957553165,4.6497058234215567],[-74.114693929527832,4.6497090389593652],[-74.114696899203096,4.6497122510314588],[-74.114699864271444,4.6497154581906202],[-74.114702838301156,4.6497186730906819],[-74.114705808630092,4.6497218830832665],[-74.114708775751438,4.6497250896088334],[-74.114711750436484,4.6497283024280094],[-74.114714722816046,4.6497315117809048],[-74.11471769930651,4.6497347236923554],[-74.114720672345143,4.6497379309720737],[-74.114723649741094,4.6497411410731475],[-74.114726624824968,4.6497443477069815],[-74.114729599669388,4.649747553177451],[-74.114732583228175,4.6497507651857903],[-74.114735556660648,4.6497539662875829],[-74.1147385452457,4.6497571799445616],[-74.114741523707664,4.6497603818029614],[-74.11474450765445,4.6497635876168886],[-74.11474762138532,4.6497669309727661],[-74.114967468637715,4.6499976708356394],[-74.114970650025612,4.6500009352917999],[-74.114973710298216,4.6500040727323038],[-74.114976764701154,4.6500072032259432],[-74.114979826784847,4.6500103388542406],[-74.114982882990276,4.6500134675349329],[-74.1149859468849,4.6500166013508561],[-74.114989004892635,4.6500197282185551],[-74.114992067198074,4.6500228576522291],[-74.114995122642128,4.6500259800719865],[-74.114998189252333,4.650029111168501],[-74.11500124996418,4.650032235317223],[-74.115004314979501,4.6500353620317201],[-74.115007373127256,4.6500384817383447],[-74.115010439045619,4.6500416075461928],[-74.115013501503839,4.6500447289193918],[-74.115016564917184,4.6500478503463976],[-74.11501962827748,4.6500509708141413],[-74.115022692592646,4.6500540913351989],[-74.115025757807857,4.6500572118539782],[-74.115028822973429,4.6500603314169409],[-74.115031888140933,4.6500634500764608],[-74.115034949892291,4.6500665652598068],[-74.115038016009763,4.6500696839677298],[-74.115041078662884,4.6500727991513431],[-74.115044141315451,4.6500759143344528],[-74.11504721175082,4.6500790356106343],[-74.115050275306004,4.6500821498906939],[-74.11505333886015,4.6500852641696486],[-74.115056402414552,4.6500883784487712],[-74.115059465968827,4.6500914927277437],[-74.11506253294236,4.650094609577744],[-74.115417754279989,4.6504556803592401],[-74.115708368836806,4.6507524418442729],[-74.121861962373572,4.657065096380129],[-74.121865012154231,4.6570682247948509],[-74.12186806134919,4.6570713526086154],[-74.121871107156579,4.6570744778512134],[-74.121874159738724,4.6570776091399555],[-74.121877205546511,4.6570807343828866],[-74.121880254741711,4.6570838631010298],[-74.12188329957155,4.6570869882642185],[-74.121886352230447,4.657090120536763],[-74.12188939706013,4.6570932456998211],[-74.121892445354518,4.6570963744183249],[-74.121895490263057,4.6570995005652787],[-74.121898538557176,4.6571026301876985],[-74.121901582485918,4.6571057562530704],[-74.121904626495478,4.6571088833045859],[-74.121907677271395,4.6571120164018023],[-74.121910713532728,4.6571151373217115],[-74.12191376340779,4.6571182713255919],[-74.121916802152597,4.6571213957199946],[-74.121919844364669,4.6571245245811594],[-74.121922889955655,4.6571276569168569],[-74.12192593118121,4.6571307856891133],[-74.12192896812779,4.6571339118882182],[-74.121932011916996,4.6571370451289287],[-74.121935052329789,4.6571401757977648],[-74.12193808837975,4.6571433038038581],[-74.121941126902883,4.6571464352840923],[-74.121944168889144,4.6571495703328294],[-74.121947199767718,4.6571526966668468],[-74.121950236490406,4.657155829953548],[-74.121953276674063,4.6571589668107434],[-74.121956209951648,4.6571619969119862],[-74.122175374877912,4.6573919704081232],[-74.122178272274496,4.6573950595352622],[-74.122181253477137,4.6573982398772964],[-74.122184237033551,4.657401423689099],[-74.122187216436572,4.6574046049320588],[-74.122190199301144,4.657407790772778],[-74.122193177807148,4.6574109738226319],[-74.122196163019581,4.6574141640373172],[-74.122199143872024,4.6574173505551393],[-74.122202120577825,4.6574205345053628],[-74.122205100745418,4.6574237230599547],[-74.122208079795357,4.6574269113821538],[-74.122211059063588,4.6574301008408723],[-74.12221403721253,4.657433290065299],[-74.122217018819597,4.6574364829923853],[-74.122219997187926,4.6574396733548111],[-74.122222974436028,4.6574428634817098],[-74.12222594754607,4.6574460510420694],[-74.122228931709927,4.6574492494844106],[-74.122231908057387,4.6574524405139881],[-74.122234887862149,4.6574556352496135],[-74.122237860073056,4.6574588237121048],[-74.122240838977532,4.6574620193531029],[-74.122243817881071,4.6574652149929081],[-74.122246796784239,4.6574684106323749],[-74.122249772455064,4.6574716037080544],[-74.122252750232747,4.6574747991068675],[-74.122255725003114,4.6574779921822271],[-74.122258707363059,4.6574811924356823],[-74.12226168190864,4.65748438526985],[-74.122264659911451,4.6574875818142996],[-74.122267637913751,4.6574907783581683],[-74.122485308248073,4.6577244165993426],[-74.122488285969638,4.6577276128387881],[-74.122491263974197,4.6577308093819259],[-74.122494241978472,4.6577340059247474],[-74.122497219982932,4.6577372024677244],[-74.122500205576429,4.6577404052827713],[-74.122503176891925,4.6577435946478918],[-74.122506159255082,4.6577467949012963],[-74.122509137035081,4.6577499902989601],[-74.122512119397797,4.6577531896464492],[-74.122515102661495,4.6577563889924827],[-74.122518078110758,4.6577595809234156],[-74.122521064607938,4.6577627828322861],[-74.122524044416338,4.6577659775677196],[-74.122527024223317,4.6577691723016592],[-74.122530008388537,4.6577723707412213],[-74.122532992333177,4.6577755680390567],[-74.122535973041977,4.6577787618691158],[-74.122538961346152,4.6577819619654584],[-74.122541942956943,4.6577851548918563],[-74.122544928924967,4.657788351518553],[-74.122547919034218,4.6577915507067447],[-74.122550898088633,4.6577947390287902],[-74.122553892557377,4.6577979410090338],[-74.122556880117884,4.6578011346926784],[-74.12255986443158,4.6578043249049967],[-74.122562853103972,4.657807518812592],[-74.122565845923631,4.6578107152821051],[-74.122568839647826,4.6578139108465644],[-74.122571829916609,4.657817101815767],[-74.122574821293597,4.6578202930045904],[-74.122577905598845,4.6578235823954888],[-74.122797441814399,4.6580539448615559],[-74.122800575978985,4.6580571805675897],[-74.122803619633061,4.6580603218995851],[-74.122806663191156,4.6580634622272363],[-74.122809711114854,4.6580666052224693],[-74.122812752208318,4.6580697411723015],[-74.122815805398446,4.6580728868282311],[-74.122818848296035,4.6580760218752477],[-74.122821894563501,4.6580791594894393],[-74.122824945197493,4.6580822997658489],[-74.122827993359607,4.6580854365672106],[-74.122831041433685,4.6580885723728036],[-74.122834086131732,4.6580917047045753],[-74.122837135193805,4.6580948405981077],[-74.122840188535491,4.658097979059308],[-74.122843238417573,4.6581011130576622],[-74.12284628491777,4.6581042435802598],[-74.122849335782689,4.658107377661219],[-74.122852378818919,4.6581105046247773],[-74.12285543742999,4.6581136448307943],[-74.12285848136969,4.6581167708942672],[-74.122861533136202,4.6581199040689727],[-74.122864584823972,4.6581230362575594],[-74.122867637491836,4.6581261685258628],[-74.122870682330358,4.6581292936844774],[-74.122873734998294,4.658132425952779],[-74.122876784202532,4.6581355546665275],[-74.122879832428126,4.6581386823966326],[-74.122882886073683,4.6581418147420601],[-74.12288593520168,4.6581449424732471],[-74.122888981018079,4.6581480677111635],[-74.122892033609659,4.6581511989956237],[-74.123774715179479,4.6590566790998258],[-74.123777764983515,4.6590598075122873],[-74.123780814195115,4.6590629353171122],[-74.123783864384734,4.6590660641047048],[-74.123786913520391,4.6590691918315077],[-74.12378996273236,4.6590723196365209],[-74.123793016309264,4.6590754509938943],[-74.123796062057608,4.6590785752463848],[-74.123799115634611,4.6590817066037635],[-74.123802165748302,4.6590848344090174],[-74.123805219250727,4.6590879647845673],[-74.123808265974787,4.6590910891142636],[-74.123811323841835,4.6590942230396282],[-74.123814370492241,4.6590973463904568],[-74.123817428361207,4.6591004794114905],[-74.123820475985497,4.6591036028376625],[-74.123823534755871,4.6591067358566143],[-74.123826586673175,4.659109861854021],[-74.123829641982184,4.659112990420641],[-74.123832693898592,4.659116115512747],[-74.123835750179467,4.6591192441505394],[-74.123838802997284,4.6591223692426471],[-74.1238418635741,4.6591255004485079],[-74.123844920691042,4.6591286272077488],[-74.123847971012253,4.6591317479196821],[-74.123851032492723,4.6591348782194029],[-74.123854090512879,4.6591380040742489],[-74.123857149498335,4.6591411299932837],[-74.123860208421021,4.6591442549429347],[-74.123863268307559,4.65914737995538],[-74.123866332498295,4.6591505075362525],[-74.123869465190964,4.6591537050340746],[-74.124097659175305,4.6593836508982314],[-74.12410083025172,4.6593868063025221],[-74.12410393069527,4.6593898905257003],[-74.124107035534294,4.6593929773178901],[-74.124110137781088,4.6593960606342852],[-74.124113235694409,4.6593991396346421],[-74.124116345802946,4.6594022280553036],[-74.124119445488617,4.6594053061212062],[-74.124122545171574,4.6594083841844007],[-74.124125648354749,4.6594114648186684],[-74.124128756768812,4.6594145488534808],[-74.124131857392427,4.6594176251471069],[-74.124134962342453,4.6594207048383236],[-74.124138063828241,4.6594237810929888],[-74.124141173183304,4.6594268633525608],[-74.124144271204997,4.6594299352684736],[-74.124147381421182,4.6594330174860694],[-74.124150480344767,4.6594360894034148],[-74.124153590603385,4.6594391707567651],[-74.124156693892701,4.6594422452034916],[-74.124159800689213,4.6594453222200771],[-74.124162900468718,4.6594483931900639],[-74.12416601163045,4.6594514736367438],[-74.12416911145506,4.6594545437480468],[-74.124172219109269,4.659457620720139],[-74.124175323298843,4.659460694261365],[-74.12417842748836,4.6594637678024506],[-74.124181535188683,4.659466843914803],[-74.124184640232826,4.6594699174095719],[-74.124187744469225,4.6594729900926852],[-74.124190845147368,4.6594760601574539],[-74.124193957213066,4.6594791396980328],[-74.124482812703391,4.6597650647927296],[-74.124485917141413,4.6597681376714153],[-74.1244890178221,4.6597712077347611],[-74.124492129890214,4.659774287273784],[-74.124495227106806,4.6597773539086855],[-74.124498331300529,4.6597804274496939],[-74.124501439003396,4.6597835035604005],[-74.124504539684651,4.6597865736241051],[-74.124507643877266,4.6597896471639233],[-74.124510740193912,4.6597927147001377],[-74.124513851359723,4.6597957951461906],[-74.124516947677463,4.6597988626834255],[-74.124520050969736,4.6598019371283739],[-74.124523154261269,4.6598050115724599],[-74.124526253186346,4.6598080825830834],[-74.12452935206953,4.6598111544554097],[-74.124532454460024,4.6598142298038887],[-74.124535556849821,4.6598173051517469],[-74.124538651368525,4.6598203744927185],[-74.124541752858505,4.6598234507461482],[-74.124544849981092,4.6598265235613034],[-74.124547947066389,4.6598295972425436],[-74.124551039786482,4.6598326683877955],[-74.124554139474313,4.6598357464500895],[-74.124557239161106,4.659838824511346],[-74.12456033098178,4.6598418965585644],[-74.124563425402229,4.6598449720819692],[-74.124566519789809,4.6598480484758928],[-74.124569614178711,4.6598511257743533],[-74.124572703331026,4.6598541996552072],[-74.124575795920961,4.6598572778584737],[-74.124578805840898,4.6598602737757497],[-74.124801170859882,4.6600848323182644],[-74.124804139717128,4.6600878732266722],[-74.124807183883973,4.6600909930976666],[-74.124810234908452,4.6600941199948309],[-74.124813277199848,4.6600972397869942],[-74.124816324010069,4.6601003650947552],[-74.124819365402004,4.6601034866910549],[-74.124822418087419,4.6601066189509748],[-74.124825455191029,4.6601097379714913],[-74.124828502612246,4.6601128675832113],[-74.124831546647357,4.6601159946212656],[-74.124834589701194,4.6601191215760505],[-74.124837632837526,4.6601222495188122],[-74.124840674990011,4.6601253773757234],[-74.124843720606691,4.6601285087938686],[-74.124846762843788,4.6601316376408342],[-74.124849804095192,4.6601347664000654],[-74.124852845433281,4.6601378961516415],[-74.124855890149192,4.6601410293785879],[-74.124858930499045,4.6601441590396151],[-74.124861974313376,4.6601472922663243],[-74.124865018127593,4.6601504254928283],[-74.124868058566349,4.6601535561484759],[-74.124871098015973,4.6601566867125772],[-74.124874145293489,4.6601598244098188],[-74.12487718474307,4.6601629549738197],[-74.12488022428316,4.6601660865342316],[-74.124883270569143,4.6601692241394854],[-74.124886310109318,4.6601723556998893],[-74.124889352030436,4.660175489737135],[-74.124892395034436,4.66017862486569],[-74.124895437947771,4.6601817599007136],[-74.133441222699489,4.6689861342660555],[-74.133444265737381,4.6689892693126192],[-74.133447312099321,4.6689924068789637],[-74.133450347349623,4.6689955348310122],[-74.133453393803151,4.668998673396902],[-74.133456432427352,4.6690018048242781],[-74.133459478880283,4.6690049433894121],[-74.133462517504697,4.6690080748168574],[-74.133465559592722,4.6690112098132364],[-74.13346859830942,4.6690143422389658],[-74.133471636033022,4.6690174745689648],[-74.133474677220093,4.669020610469774],[-74.133477718406738,4.6690237463701383],[-74.1334807562245,4.6690268797004038],[-74.133483800780454,4.6690300190753824],[-74.13348683086447,4.6690331462604835],[-74.133489870154776,4.6690362829682899],[-74.133492910537271,4.6690394207772252],[-74.133495943092498,4.6690425523404429],[-74.133498981478255,4.6690456899490149],[-74.133502013233127,4.6690488225165909],[-74.133505055080491,4.6690519646053916],[-74.133508082473497,4.6690550944979554],[-74.133511119054361,4.6690582339124198],[-74.133514149015298,4.6690613682891593],[-74.133517184691542,4.6690645086043503],[-74.13352021375529,4.6690676438855663],[-74.133523245171688,4.6690707825322999],[-74.133526272331068,4.6690739186062151],[-74.13352930630974,4.669077061742712],[-74.133532332569516,4.6690801987184996],[-74.133535296283043,4.6690832726568257],[-74.133678820999634,4.6692337193025208],[-74.133820766378008,4.6693856670971536],[-74.133823671654937,4.6693888102071712],[-74.133826629582344,4.66939201215507],[-74.133829586612336,4.6693952150070999],[-74.133832550298919,4.6693984250669018],[-74.133835506428525,4.6694016288199292],[-74.133838461660531,4.6694048334770129],[-74.133841423544695,4.6694080453454934],[-74.133844377876457,4.6694112509036945],[-74.133847334503855,4.669414459927955],[-74.13385029139215,4.6694176701385661],[-74.133853251473042,4.6694208838147278],[-74.13385620719815,4.6694240937399503],[-74.133859155642142,4.6694272985398646],[-74.133862117110652,4.6694305165873651],[-74.133865067845022,4.6694337248517783],[-74.133868029578053,4.6694369440919754],[-74.133870975958231,4.6694401495026723],[-74.133873936791488,4.6694433696509501],[-74.133876889813905,4.6694465822834372],[-74.133879838750474,4.6694497923529523],[-74.133882798680531,4.6694530134055556],[-74.133885750802264,4.669456226940679],[-74.133888706377419,4.6694594442343433],[-74.133891658770153,4.6694626589675368],[-74.133894617526963,4.6694658797250366],[-74.133897565564766,4.6694690906971212],[-74.133900520239692,4.6694723088960952],[-74.133903479267516,4.6694755308538598],[-74.133906430488366,4.6694787452911779],[-74.133909385162227,4.6694819634889466],[-74.133912339836272,4.6694851816867908],[-74.134247576406167,4.6698503207770692],[-74.134250535544169,4.6698535428498138],[-74.134253486767903,4.6698567572853653],[-74.134256441445359,4.6698599754820016],[-74.13425939612226,4.6698631936779957],[-74.134262355153425,4.6698664156342078],[-74.134265309558913,4.6698696326303644],[-74.13426826540919,4.6698728511223893],[-74.134271224168927,4.6698760718777157],[-74.134274179747919,4.6698792891699918],[-74.134277139680307,4.6698825102194759],[-74.134280099344153,4.6698857300713721],[-74.134283055823843,4.6698889464586673],[-74.134286016657995,4.669892166602053],[-74.134288977225211,4.6698953855497063],[-74.134291938961113,4.6698986047869333],[-74.134294900431328,4.6699018228300933],[-74.134297863068696,4.6699050411609493],[-74.134300829796729,4.6699082620494208],[-74.134303793074636,4.6699114782853357],[-74.134306753159748,4.6699146910553369],[-74.134309721953727,4.669917911318759],[-74.134312687037166,4.669921126650264],[-74.134315656475565,4.6699243448200329],[-74.134318622463482,4.669927558343355],[-74.134321597162227,4.6699307784417652],[-74.134324561756131,4.6699339875968091],[-74.134327533904909,4.6699372030478505],[-74.134330511313209,4.6699404213274489],[-74.134333481817478,4.6699436312348883],[-74.134336456677431,4.6699468439680869],[-74.134339525085409,4.6699501557890963],[-74.134497503847811,4.6701179152467072],[-74.134500618504489,4.6701211694475555],[-74.134503647697414,4.6701243324699711],[-74.134506676622124,4.6701274933996464],[-74.134509706585888,4.6701306535647209],[-74.134512734122467,4.6701338102555052],[-74.134515765889958,4.6701369695110388],[-74.134518801896519,4.6701401304294485],[-74.134521828802093,4.6701432818335977],[-74.134524866614726,4.6701464418418892],[-74.134527897635238,4.6701495938754727],[-74.134530929677467,4.6701527460330956],[-74.134533958256782,4.670155894590172],[-74.134537002246361,4.6701590554769545],[-74.134540032632813,4.67016220222997],[-74.134543063014618,4.6701653489782],[-74.134546101105997,4.670168501889628],[-74.134549140101541,4.6701716538956299],[-74.134552172287087,4.6701747988363254],[-74.134555204471724,4.6701779437759559],[-74.134558244369529,4.6701810948744127],[-74.134561277456655,4.6701842389108998],[-74.134564318257745,4.6701873891029013],[-74.134567348893057,4.6701905296650317],[-74.134570386232824,4.6701936762695411],[-74.134573423573954,4.6701968219702179],[-74.134576458571416,4.6701999652137332],[-74.134579492449632,4.6702031073273433],[-74.134582530801353,4.6702062531399378],[-74.134585562334777,4.6702093927962949],[-74.134588600578255,4.6702125384966751],[-74.134591635466734,4.6702156807229045],[-74.134862960467785,4.6704965950703778],[-74.134865999445239,4.6704997405925743],[-74.134869030872579,4.670502879232064],[-74.134872065764284,4.6705060214577125],[-74.134875100654867,4.6705091636822758],[-74.134878143265965,4.6705123120607306],[-74.134881175702262,4.6705154508123403],[-74.134884214851411,4.670518595606894],[-74.13488725836568,4.6705217430788055],[-74.1348902950606,4.6705248834962392],[-74.1348933317541,4.6705280239122384],[-74.134896376171554,4.6705311704775712],[-74.13489941813188,4.6705343135690107],[-74.13490245999084,4.6705374556504449],[-74.13490550621546,4.670540600403541],[-74.134908549978363,4.670543741682077],[-74.134911601375123,4.6705468880952354],[-74.134914642577812,4.6705500239921873],[-74.1349176915122,4.6705531660258526],[-74.134920745714354,4.6705563107194132],[-74.134923792995565,4.6705594473775252],[-74.134926841264104,4.6705625841230267],[-74.134929901550805,4.6705657295632168],[-74.134932954925873,4.6705688660807079],[-74.134936010263843,4.6705720027585853],[-74.134939069809931,4.6705751410161467],[-74.134942131240834,4.6705782784443999],[-74.134945190113058,4.6705814114155819],[-74.134948253280399,4.6705845460476887],[-74.134951318324923,4.6705876798425185],[-74.134954380810029,4.670590809187928],[-74.134957618301314,4.6705941125479011],[-74.135135663353893,4.6707708118503453],[-74.135138974391182,4.6707740077020192],[-74.135142128991149,4.6707770498754719],[-74.135145288863626,4.6707800935741179],[-74.135148446942281,4.6707831328916791],[-74.135151602460667,4.6707861679671883],[-74.135154762492732,4.6707892047019994],[-74.135157927795618,4.6707922429486528],[-74.135161078950532,4.6707952676072635],[-74.135164250420601,4.6707983073491128],[-74.135167407904689,4.6708013327688462],[-74.135170569744702,4.6708043605919389],[-74.135173732489136,4.6708073875096199],[-74.135176896135931,4.6708104135200799],[-74.135180068677684,4.670813444495777],[-74.13518322704229,4.6708164619190002],[-74.135186393397973,4.6708194852092646],[-74.135189556296538,4.6708225042918148],[-74.135192724280131,4.6708255265050154],[-74.135195888983915,4.6708285446826077],[-74.135199053687984,4.6708315619551675],[-74.135202227115002,4.6708345849164301],[-74.1352053856222,4.6708375945189919],[-74.135208555592314,4.6708406132784397],[-74.135211719176141,4.6708436260001385],[-74.135214890233897,4.6708466440287024],[-74.135218054002578,4.6708496551178627],[-74.135221222131136,4.6708526694981165],[-74.135224386800118,4.6708556805861576],[-74.135227551469157,4.6708586916741925],[-74.13523071613767,4.67086170276177],[-74.135233884454976,4.6708647164161432],[-74.13540312285248,4.671025714058529],[-74.135406289091065,4.6710287257330432],[-74.135409450112363,4.6710317333485687],[-74.135412618431246,4.6710347470022233],[-74.13541577945297,4.6710377546181299],[-74.135418939762161,4.671040762412674],[-74.13542210789268,4.671043776792164],[-74.135425268202113,4.6710467845867933],[-74.135428428324445,4.6710497931066151],[-74.135431592094193,4.6710528050982543],[-74.13543475150162,4.6710558137945162],[-74.135437910725429,4.6710588232191101],[-74.135441073593938,4.6710618361149967],[-74.135444232100141,4.6710648457135413],[-74.135447390424503,4.6710678560420513],[-74.135450544388618,4.6710708639753848],[-74.135453705455433,4.6710738786806303],[-74.13545685851976,4.6710768875157349],[-74.135460010685861,4.6710798972541108],[-74.135463169950938,4.6710829137685517],[-74.13546632121647,4.6710859244078469],[-74.135469475217306,4.6710889385190155],[-74.135472621050567,4.6710919474896953],[-74.135475777613351,4.6710949667185178],[-74.135478922552537,4.6710979774954522],[-74.135482073851591,4.6711009952188727],[-74.135485220621334,4.6711040103697812],[-74.135488366492339,4.6711070264234777],[-74.135491511463911,4.6711100433792323],[-74.135494651917853,4.671113058667876],[-74.135497798710787,4.6711160809031513],[-74.135500844701824,4.6711190097585282],[-74.135632371338673,4.6712473379287083],[-74.135762019946171,4.6713775741141559],[-74.135764992555835,4.6713806045151252],[-74.135768036238005,4.6713837110082483],[-74.135771089305692,4.6713868279918227],[-74.13577414243008,4.6713899459364434],[-74.135777183421226,4.671393055130852],[-74.135780233785709,4.6713961748217026],[-74.135783276449104,4.6713992893615339],[-74.135786329374895,4.6714024144016353],[-74.135789370171224,4.6714055297705421],[-74.135792417903019,4.6714086531440211],[-74.135795456901491,4.6714117703138873],[-74.135798502834803,4.6714148954961017],[-74.135801552153509,4.6714180241511984],[-74.135804589353796,4.6714211431217016],[-74.135807633488866,4.6714242701127207],[-74.135810676639807,4.6714273970176867],[-74.135813723255154,4.6714305274818351],[-74.13581675874191,4.671433649241048],[-74.135819804458166,4.671436781515947],[-74.135822845806885,4.671439910225514],[-74.135825890619572,4.671443042498038],[-74.135828927688905,4.6714461686341382],[-74.135831968226043,4.6714492992414218],[-74.135835012137946,4.6714524333228482],[-74.135838055059367,4.6714555664081594],[-74.135841091320387,4.6714586944422996],[-74.135844137704893,4.6714618319990286],[-74.135847180715402,4.6714649660802694],[-74.135850220352509,4.6714680975908012],[-74.135853263363074,4.6714712325762706],[-74.135856305381452,4.6714743665638716],[-74.137217217648697,4.6728764511413718],[-74.137220261029753,4.6728795864897883],[-74.137223299687193,4.6728827178998449],[-74.137226346173378,4.6728858564477065],[-74.137229384831414,4.6728889878582471],[-74.137232426953005,4.6728921228375819],[-74.137235473439006,4.6728952613850874],[-74.137238504358621,4.672898386651962],[-74.137241553316429,4.6729015286780546],[-74.137244587701986,4.6729046575161206],[-74.137247625554409,4.6729077908304912],[-74.137250670143487,4.67291093018809],[-74.137253703629597,4.6729140599280088],[-74.137256740582558,4.6729171941465184],[-74.137259776537292,4.6729203282639142],[-74.13726281595568,4.6729234659564653],[-74.137265847643036,4.6729265975005632],[-74.137268882797869,4.672929733528048],[-74.137271916950397,4.6729328694500856],[-74.137274946840051,4.672936002799509],[-74.137277983555805,4.6729391432059639],[-74.137281009187618,4.6729422748860383],[-74.137284040639273,4.6729454135176756],[-74.137287071186606,4.672948552145173],[-74.137290098489913,4.6729516892188574],[-74.137293128137742,4.6729548296534666],[-74.137296145815768,4.6729579613489181],[-74.137299177128156,4.6729611071855093],[-74.137302200724051,4.6729642468515813],[-74.13730522342189,4.6729673874212088],[-74.137308240855262,4.6729705252914444],[-74.137311159071913,4.6729735617252803],[-74.137470935053983,4.6731427768369125],[-74.13747380478614,4.6731458705507576],[-74.137476768139962,4.6731490670671603],[-74.137479727383337,4.6731522619237307],[-74.137482692154038,4.6731554637154789],[-74.137485652811023,4.6731586629396533],[-74.137488609363885,4.673161860504651],[-74.137491571431553,4.6731650650035279],[-74.137494529391674,4.6731682669354111],[-74.137497489655459,4.6731714723338929],[-74.137500446973206,4.6731746763482302],[-74.137503401979259,4.6731778798069525],[-74.13750636069949,4.6731810881935312],[-74.137509322615287,4.6731843000447739],[-74.137512269428242,4.6731874992736051],[-74.137515232738352,4.6731907154992944],[-74.137518182111222,4.6731939193799228],[-74.137521141325763,4.6731971339468066],[-74.137524096182375,4.6732003447581718],[-74.137527051305014,4.6732035567617869],[-74.13753000526107,4.6732067684759233],[-74.137532962670761,4.6732099839445311],[-74.137535912538652,4.6732131930952852],[-74.137538865863917,4.673216406908935],[-74.137541825556355,4.6732196267460662],[-74.137544778881121,4.6732228405590455],[-74.137547731034687,4.6732260540773032],[-74.137550686642811,4.6732292713553134],[-74.137553642249742,4.6732324886320944],[-74.137556594675445,4.673235703349496],[-74.137559553464612,4.6732389240906107],[-74.137562509072239,4.6732421413679113],[-74.13772561137074,4.6734197210537465],[-74.137728569369017,4.6734229409312622],[-74.137731524978221,4.6734261582078371],[-74.137734477405019,4.6734293729239944],[-74.137737436195991,4.6734325936644723],[-74.137740391805423,4.6734358109411742],[-74.137743347414386,4.6734390282173992],[-74.137746307377952,4.6734422492519334],[-74.137749262717435,4.6734454653305377],[-74.137752223851535,4.6734486866567533],[-74.137755180093507,4.6734519027366277],[-74.137758144143561,4.6734551254238648],[-74.137761101556492,4.6734583408926538],[-74.137764063322805,4.6734615601141343],[-74.137767024824043,4.6734647781421206],[-74.137769987492135,4.6734679964575125],[-74.137772946706875,4.6734712110209138],[-74.137775916656196,4.6734744344530048],[-74.137778873581865,4.6734776446488846],[-74.137781848790794,4.6734808709195477],[-74.137784806357558,4.6734840790276637],[-74.137787779279989,4.6734873009271141],[-74.137790746457313,4.673490515618008],[-74.13779371657634,4.6734937316849727],[-74.137796684654234,4.6734969445632011],[-74.137799656834162,4.6735001599991337],[-74.137802626714105,4.6735033719690291],[-74.137805603905093,4.6735065890574132],[-74.137808578797774,4.6735098017772057],[-74.137811551381986,4.673513011027941],[-74.137814531289393,4.6735162253980995],[-74.137817610088462,4.673519544493475],[-74.1379777943459,4.6736891916181094],[-74.137980924862148,4.6736924489401082],[-74.137983959248274,4.6736956044275466],[-74.137986999025728,4.6736987627359161],[-74.137990036246876,4.6737019165406632],[-74.137993074370002,4.6737050694376929],[-74.137996105685076,4.6737082152672391],[-74.137999152421031,4.6737113734127815],[-74.138002185542121,4.673714517437257],[-74.138005234089405,4.6737176737666459],[-74.1380082690129,4.6737208159822563],[-74.138011311651468,4.6737239643461166],[-74.138014351836787,4.6737271092361778],[-74.13801739191679,4.6737302531120415],[-74.138020436362794,4.6737333996639023],[-74.138023481712352,4.6737365453097093],[-74.138026520237432,4.6737396839041203],[-74.138029563125414,4.6737428260735179],[-74.138032605915427,4.6737459672364574],[-74.138035653071157,4.6737491110689362],[-74.138038690031451,4.6737522452841445],[-74.138041741456405,4.6737553916832804],[-74.138044774951297,4.6737585214214592],[-74.138047827374749,4.673761667917657],[-74.138050868512195,4.6737648028003234],[-74.138053910734072,4.6737679387757822],[-74.138056956233612,4.6737710772252568],[-74.13806000272757,4.6737742157694591],[-74.138063041392911,4.6737773471759851],[-74.138066087886386,4.673780485719722],[-74.138069126552281,4.6737836171267473],[-74.138072176418106,4.6737867582398138],[-74.139080613320658,4.674825695449548],[-74.139083656728673,4.6748288308000223],[-74.13908669877577,4.674831964772741],[-74.139089741905721,4.6748350998367698],[-74.13909278494549,4.6748382348076962],[-74.139095831357579,4.6748413723481468],[-74.139098874397192,4.6748445064146162],[-74.139101921801156,4.6748476440471656],[-74.139104961377029,4.6748507745467593],[-74.139108012155589,4.6748539147489607],[-74.139111060462184,4.6748570514763204],[-74.13911410093921,4.6748601810734209],[-74.139117152620955,4.6748633203691083],[-74.139120201829215,4.6748664561903244],[-74.139123247572513,4.6748695884476348],[-74.139126301059221,4.6748727268349759],[-74.139129351085742,4.6748758607591503],[-74.13913239773072,4.6748789912081428],[-74.139135456486258,4.6748821313395963],[-74.139138508320826,4.6748852634565337],[-74.139141556768337,4.6748883920967748],[-74.139144617330615,4.6748915304113474],[-74.139147667582833,4.6748946581493502],[-74.13915072897629,4.6748977945741261],[-74.139153784494624,4.6749009240512596],[-74.139156844304949,4.6749040560941904],[-74.139159908415209,4.6749071898008578],[-74.139162962272579,4.6749103130171026],[-74.13916602825519,4.6749134458813701],[-74.13916909168087,4.674916574300962],[-74.13917215600874,4.6749197018129962],[-74.139175324780467,4.6749229340323062],[-74.139334962965123,4.6750829251345438],[-74.139338181602312,4.6750860941259829],[-74.13934130276715,4.675089165371471],[-74.139344424069293,4.6750922349395934],[-74.13934754267315,4.6750953009651992],[-74.139350669247534,4.6750983721271728],[-74.139353793193663,4.6751014389112857],[-74.139356914501192,4.6751045022175592],[-74.139360040249443,4.6751075680906533],[-74.139363170445662,4.6751106356273295],[-74.139366294457787,4.6751136962154041],[-74.139369418551638,4.6751167559781743],[-74.139372543462827,4.675119815657605],[-74.139375676373589,4.6751228804735314],[-74.13937879872509,4.6751259349551546],[-74.139381925438286,4.6751289928212909],[-74.139385056605875,4.6751320532554921],[-74.139388184313432,4.6751351094009923],[-74.139391312829417,4.6751381654546451],[-74.139394441439265,4.6751412206947398],[-74.139397570050605,4.6751442750310099],[-74.139400695909387,4.675147326703704],[-74.139403829786076,4.6751503844177584],[-74.139406955838297,4.675153434470773],[-74.139410082596129,4.6751564852369043],[-74.139413217375875,4.6751595420442591],[-74.139416340768619,4.6751625886242749],[-74.139419475550824,4.6751656445276613],[-74.139422595378903,4.6751686876321692],[-74.13942573016233,4.6751717435366622],[-74.139428854356026,4.6751747900196197],[-74.139431985675969,4.6751778425462449],[-74.139609552844561,4.675350957443988],[-74.139612678145724,4.6753540050041806],[-74.139615809467273,4.6753570575299257],[-74.139618933661836,4.6753601040111965],[-74.13962206061845,4.6753631531600481],[-74.139625188276995,4.6753662030185668],[-74.139628311670208,4.6753692495962769],[-74.139631442891798,4.6753723029296328],[-74.139634566285423,4.67537534950762],[-74.139637685215234,4.6753783935125313],[-74.139640815536779,4.6753814477532254],[-74.13964393802911,4.6753844952334642],[-74.139647056059786,4.6753875401406688],[-74.13965018111567,4.6753905919062282],[-74.139653302612842,4.6753936411001877],[-74.139656423302512,4.6753966903848898],[-74.139659543900734,4.6753997404833951],[-74.139662663689307,4.6754027906705398],[-74.139665779022408,4.6754058382845711],[-74.139668897823128,4.6754088901924753],[-74.139672015809523,4.6754119421845193],[-74.139675129343914,4.6754149916027803],[-74.139678246346548,4.6754180453195131],[-74.139681358984078,4.6754210965445004],[-74.139684470723097,4.6754241486725343],[-74.139687585105122,4.6754272042745013],[-74.139690691502281,4.6754302547299877],[-74.139693804083407,4.6754333121381348],[-74.139696912222576,4.6754363669702013],[-74.139700015928995,4.675439420133233],[-74.139703130172165,4.6754424836568695],[-74.139706124185523,4.6754454323621548],[-74.139865346616787,4.6756050064273182],[-74.139868303132133,4.6756080212551483],[-74.139871350316653,4.6756111312635813],[-74.139874400014492,4.6756142456546277],[-74.139877448811575,4.6756173609463492],[-74.139880492342442,4.6756204735965685],[-74.139883542808164,4.6756235942381439],[-74.139886588907032,4.6756267122361557],[-74.139889637501966,4.6756298337092446],[-74.13989267840789,4.6756329500356157],[-74.139895725201967,4.6756360733148563],[-74.139898772068776,4.6756391975717273],[-74.139901810204208,4.6756423156230635],[-74.139904855275191,4.6756454416913389],[-74.139907903729181,4.6756485712321147],[-74.139910940066599,4.6756516910842141],[-74.13991399108545,4.6756548250901684],[-74.139917026524287,4.6756579458430449],[-74.139920072277036,4.6756610771950768],[-74.139923114647658,4.6756642059735496],[-74.139926152655022,4.6756673320934565],[-74.139929196516803,4.6756704642588129],[-74.139932241452996,4.6756735975063881],[-74.139935278560841,4.675676724528139],[-74.139938321519594,4.6756798575958145],[-74.139941365556538,4.6756829917497775],[-74.139944401765447,4.67568611967405],[-74.139947448186163,4.6756892572118236],[-74.139950491233478,4.6756923912747199],[-74.139953530906524,4.6756955227661461],[-74.139956569588776,4.6756986541644077],[-74.139959616099446,4.6757017926998232],[-74.146243762275461,4.6821758717504078],[-74.146511664348864,4.6824530474917605],[-74.147039311715318,4.6830012994188568],[-74.147042342406095,4.6830044481567166],[-74.147045371997862,4.6830075957526756],[-74.147048393881946,4.6830107371793606],[-74.147051430278921,4.6830138918476187],[-74.147054452164383,4.683017033275636],[-74.147057484198172,4.6830201843465726],[-74.147060506205179,4.6830233268030179],[-74.147063533873521,4.6830264751774831],[-74.147066558322521,4.6830296211079689],[-74.147069578409045,4.683032764339929],[-74.147072605298661,4.6830359146502296],[-74.147075627822673,4.6830390613545818],[-74.147078647138684,4.6830422065249087],[-74.147081672097499,4.6830453576059439],[-74.14708468615126,4.6830485000700453],[-74.147087702643987,4.6830516469143211],[-74.147090721564894,4.6830547972293681],[-74.147093740619496,4.6830579485870452],[-74.147096750946929,4.6830610936159136],[-74.14709976820582,4.6830642467852446],[-74.147102776735153,4.6830673936147242],[-74.147105787831308,4.6830705449693371],[-74.147108794710618,4.6830736946556568],[-74.147111807325189,4.6830768512886607],[-74.147114812409242,4.6830800027788673],[-74.147117815547588,4.683083155013998],[-74.147120813578624,4.6830863055758352],[-74.147123821847927,4.6830894677921835],[-74.147126817023363,4.6830926199823129],[-74.14712981493237,4.68309577779325],[-74.147132695256104,4.683098813520175],[-74.147255202289656,4.6832306434786455],[-74.14737506123106,4.683364906550735],[-74.147377825279705,4.6833680667918065],[-74.147380686964439,4.6833713425246772],[-74.147383554206996,4.6833746265446115],[-74.147386413203577,4.6833779049822928],[-74.147389273413154,4.6833811877684592],[-74.14739213315778,4.6833844728542031],[-74.147394998002909,4.6833877648291695],[-74.147397851615963,4.6833910477680218],[-74.147400710767386,4.6833943390086956],[-74.147403564681497,4.6833976271926803],[-74.147406425466599,4.6834009241916723],[-74.147409274597436,4.6834042116363026],[-74.147412132237363,4.683407509929574],[-74.147414985989514,4.6834108056774566],[-74.14741784615623,4.6834141088310686],[-74.147420691697135,4.6834173989753225],[-74.147423545733091,4.683420699974584],[-74.147426400220212,4.6834240023988514],[-74.147429250377286,4.6834273017579466],[-74.147432102608036,4.683430604558013],[-74.147434955297058,4.683433908791887],[-74.147437806626002,4.6834372124932608],[-74.147440654084704,4.6834405136561879],[-74.147443507943208,4.683443822236284],[-74.147446358833349,4.6834471282789423],[-74.147449211326943,4.6834504363214267],[-74.147452061316699,4.6834537423640299],[-74.147454911308728,4.6834570493123238],[-74.147457767228929,4.6834603622342463],[-74.14746061289037,4.6834636652028703],[-74.147463467909716,4.6834669781263596],[-74.147618510083802,4.6836468873479742],[-74.147622311796312,4.6836512993522534],[-74.147626120534127,4.6836557175578744],[-74.147629918781703,4.6836601255419525],[-74.147633727520088,4.6836645437480477],[-74.147637534936834,4.6836689593738008],[-74.147641338533177,4.6836733707095783],[-74.147645149422573,4.6836777884113774],[-74.14764895739485,4.6836822018256123],[-74.147652766614257,4.6836866156399211],[-74.147656578961815,4.6836910311285456],[-74.147660390967275,4.6836954444101551],[-74.147664205463869,4.68369985848613],[-74.147668023992679,4.6837042742334534],[-74.14767183737959,4.6837086831271613],[-74.14767565994687,4.6837130987370772],[-74.147679478614492,4.6837175078906288],[-74.147683305131238,4.6837219220739152],[-74.147687126170979,4.6837263281243349],[-74.147690955396698,4.6837307395851875],[-74.147694782622438,4.6837351458872591],[-74.147698617702943,4.6837395563002637],[-74.147702449773504,4.6837439602635085],[-74.147706288143397,4.6837483666714155],[-74.147710126076419,4.6837527686874134],[-74.147713963562296,4.6837571672107936],[-74.147717814315087,4.6837615740772609],[-74.147721658260807,4.6837659693894569],[-74.147725509020106,4.6837703674528433],[-74.147729360962501,4.68377476208014],[-74.147733221673278,4.6837791598623024],[-74.147737195819317,4.6837836819259513],[-74.147861098870351,4.6839217093691081],[-74.147987794192446,4.6840571619776563],[-74.147991940656695,4.6840615021871566],[-74.147995978964673,4.6840657245798747],[-74.14800002358885,4.6840699479804169],[-74.148004067327221,4.6840741658429312],[-74.148008116373902,4.6840783836912294],[-74.148012165633716,4.6840825971183691],[-74.148016214103976,4.6840868060276186],[-74.148020266887556,4.6840910148222976],[-74.148024318974507,4.6840952192009384],[-74.148028376364991,4.6840994244561971],[-74.148032426955496,4.6841036208166367],[-74.148036490473274,4.6841078250436912],[-74.148040544674558,4.6841120177832378],[-74.148044605792776,4.6841162139974433],[-74.148048668719923,4.684120408400168],[-74.148052727431207,4.6841245966098741],[-74.148056793067298,4.6841287882908125],[-74.148060854485806,4.6841329737839645],[-74.148064916805026,4.6841371583698441],[-74.148068983525206,4.6841413447239564],[-74.148073045052541,4.6841455248253476],[-74.148077112611645,4.6841497083955472],[-74.148081179507187,4.6841538894250059],[-74.148085243740894,4.684158066812345],[-74.148089308938623,4.6841622442634243],[-74.148093374074733,4.6841664207462275],[-74.148097440173714,4.6841705972915895],[-74.148101506212427,4.6841747728701204],[-74.14810557225158,4.6841789475443498],[-74.148109636713841,4.6841831205778766],[-74.148113701116529,4.6841872935501438],[-74.150544689074906,4.6866830778678237],[-74.150547734371372,4.6866862049457518],[-74.150550786384002,4.6866893379937844],[-74.150553834933319,4.6866924674860009],[-74.150556879116664,4.6866955934210814],[-74.15055993451405,4.6866987290388868],[-74.150562984043816,4.6867018586120865],[-74.150566032514305,4.6867049871191089],[-74.150569085428756,4.686708119260981],[-74.15057213390088,4.6867112468652632],[-74.150575187792569,4.6867143790839272],[-74.15057823716738,4.686717506689507],[-74.15058129437125,4.6867206404942161],[-74.150584349089215,4.6867237708240994],[-74.150587400342729,4.6867268976031422],[-74.150590454986457,4.6867300269516372],[-74.150593510604992,4.6867331563742285],[-74.150596566152615,4.6867362848189815],[-74.150599622672559,4.6867394133351921],[-74.150602683488273,4.6867425444189559],[-74.150605745208168,4.6867456745972165],[-74.150608803466682,4.686748800329914],[-74.150611862690468,4.6867519261267336],[-74.150614921851215,4.6867550509539191],[-74.15061798974331,4.6867581819489805],[-74.150621047307823,4.6867613023993426],[-74.150624120410058,4.6867644350504998],[-74.150627179779079,4.6867675536940894],[-74.150630250328248,4.6867706810025451],[-74.150633314961937,4.6867738013630076],[-74.150636387322393,4.6867769268592747],[-74.150639532546222,4.6867801245939074],[-74.150758059206311,4.6868991163180516],[-74.150878042779254,4.6870166247390177],[-74.15088125649369,4.6870197337038393],[-74.150884411975284,4.6870227827734645],[-74.150887556951972,4.6870258207796525],[-74.150890710651254,4.6870288645610785],[-74.150893861794984,4.6870319040952921],[-74.150897009477404,4.6870349393841293],[-74.15090016588573,4.6870379804396274],[-74.150903311771785,4.6870410113529299],[-74.150906469227266,4.6870440507314708],[-74.150909620377888,4.687047083167954],[-74.150912771672083,4.6870501148375299],[-74.150915927331127,4.6870531489322866],[-74.150919080282137,4.6870561795540429],[-74.150922241358586,4.6870592153061725],[-74.150925388135448,4.687062238224696],[-74.150928545755534,4.6870652697486088],[-74.150931701254279,4.6870682984067136],[-74.150934856319466,4.6870713257044265],[-74.150938011973139,4.6870743527008205],[-74.150941168527638,4.6870773796956788],[-74.150944325241923,4.6870804059384268],[-74.150947478335283,4.6870834287093652],[-74.150950635790508,4.6870864547972868],[-74.150953789045275,4.6870894768186959],[-74.150956946500926,4.6870925020017173],[-74.150960104857873,4.6870955271836099],[-74.150963255390963,4.6870985457340204],[-74.150966417372246,4.6871015734825612],[-74.150969568643319,4.6871045918774001],[-74.150972722801939,4.6871076129964786],[-74.150975877534137,4.6871106347057667],[-74.151435259572068,4.6875505773604385],[-74.151440517032412,4.687555612507591],[-74.15144577707342,4.6875606492218118],[-74.151451030588944,4.6875656814949593],[-74.151456287651925,4.6875707171245189],[-74.151461545419963,4.6875757534701474],[-74.151466800308143,4.6875807879203366],[-74.151472054294899,4.6875858223700746],[-74.151477308184795,4.6875908576306751],[-74.151482562075287,4.6875958937956428],[-74.15148781218285,4.6876009280614923],[-74.151493064272003,4.687605965130814],[-74.151498316361867,4.6876110031044904],[-74.151503562495577,4.6876160379964675],[-74.151508811977081,4.6876210769647084],[-74.151514059195051,4.6876261155675927],[-74.151519302627577,4.6876311531684056],[-74.151524547237059,4.6876361936678741],[-74.151529788778859,4.6876412338912905],[-74.15153503158831,4.6876462771022069],[-74.151540270518339,4.687651319217351],[-74.151545508461297,4.6876563630551473],[-74.151550744689828,4.6876614078789993],[-74.151555979933605,4.6876664544276112],[-74.151561211299821,4.6876715007800884],[-74.151566443026425,4.6876765501188684],[-74.151571671613127,4.6876816000052468],[-74.151576897659723,4.6876866509484501],[-74.151582122650524,4.6876917044492874],[-74.151587345095166,4.687696759001307],[-74.15159256648964,4.6877018161162294],[-74.151597718490876,4.6877068103863744],[-74.151731186211549,4.6878375882143155],[-74.151863295514488,4.6879697463517642],[-74.151868350797287,4.6879748584512306],[-74.151873460717155,4.6879800294229872],[-74.151878567901022,4.6879852012607257],[-74.151883671245258,4.6879903737408366],[-74.151888774850505,4.6879955501135262],[-74.151893878710979,4.6880007294731163],[-74.151898976661059,4.688005907370604],[-74.151904079900959,4.6880110924551763],[-74.151909177206988,4.6880162751470991],[-74.151914272714606,4.688021459645813],[-74.151919368471269,4.6880266471317595],[-74.151924465406239,4.6880318376365171],[-74.151929559393494,4.6880370278634063],[-74.151934651548288,4.6880422189607192],[-74.15193974283676,4.6880474118988351],[-74.151944835270669,4.6880526078263731],[-74.151949926803468,4.688057804656907],[-74.151955016498619,4.6880630014501365],[-74.151960106267154,4.6880682001252127],[-74.151965195099137,4.6880733996670356],[-74.151970285070945,4.6880786012934097],[-74.151975370061393,4.6880838005567869],[-74.151980458231193,4.6880890039906911],[-74.151985548479331,4.6880942095496909],[-74.151990636688808,4.6880994139277528],[-74.15199572191905,4.6881046170837308],[-74.152000810324239,4.6881098235055561],[-74.152005896732405,4.6881150287879008],[-74.152010983141167,4.6881202349746252],[-74.152016073624452,4.6881254444271514],[-74.152021160033485,4.6881306506138705],[-74.152365611109516,4.6884831976831878],[-74.152368667074683,4.6884863247023763],[-74.15237171674957,4.6884894461884157],[-74.152374769820852,4.6884925711502108],[-74.152377826286951,4.6884956986820514],[-74.152380875962379,4.6884988201684328],[-74.152383929033533,4.6885019451300449],[-74.152386985499732,4.6885050726618429],[-74.152390035175273,4.6885081941482492],[-74.152393088246455,4.688511319109729],[-74.152396144713052,4.6885144466417712],[-74.15239919778422,4.688517570698929],[-74.152402247459307,4.6885206921847278],[-74.152405308291094,4.6885238232604127],[-74.152408357898423,4.6885269437736525],[-74.152411415335379,4.6885300713750198],[-74.152414464942126,4.688533191887549],[-74.152417522378911,4.6885363194886631],[-74.152420576351901,4.6885394435459355],[-74.152423630324279,4.688542567602572],[-74.152426687694216,4.6885456942299806],[-74.152429738269078,4.6885488148115568],[-74.152432795639484,4.6885519414393118],[-74.152435853977465,4.6885550681337493],[-74.152438904485976,4.6885581877441114],[-74.152441962824099,4.6885613144385889],[-74.15244501769844,4.6885644375912436],[-74.152448072572298,4.6885675607434489],[-74.15245113084589,4.6885706864665142],[-74.15245418668556,4.6885738096844554],[-74.15245724149527,4.6885769318667272],[-74.152460324330789,4.6885800817639183],[-74.152684553694101,4.6888082699290932],[-74.152687646653149,4.6888114044087184],[-74.152690715047541,4.6888145139938917],[-74.152693786871851,4.6888176261501613],[-74.152696856201942,4.6888207357700251],[-74.152699924562171,4.6888238444161576],[-74.152702997322379,4.6888269566063183],[-74.152706063187409,4.6888300627159669],[-74.152709139345291,4.6888331774425689],[-74.152712205209511,4.6888362826481336],[-74.152715274505709,4.6888393913291209],[-74.152718347233503,4.6888425025809326],[-74.152721417462956,4.6888456112941324],[-74.152724486726456,4.6888487190376749],[-74.152727560388385,4.6888518303215498],[-74.152730627152749,4.6888549355265816],[-74.152733700782591,4.6888580467779066],[-74.152736774414379,4.6888611571258512],[-74.152739841176881,4.6888642614256906],[-74.152742911374474,4.688867369202109],[-74.152745981571783,4.6888704769781793],[-74.152749059568478,4.6888735908303216],[-74.15275212286619,4.6888766916243378],[-74.152755196498916,4.6888798019730098],[-74.152758267628016,4.6888829097796609],[-74.152761337795056,4.688886016620649],[-74.152764412358493,4.6888891269978812],[-74.152767475655494,4.6888922277909497],[-74.152770553653653,4.6888953416443622],[-74.15277362475365,4.688898448517131],[-74.152776688050437,4.6889015493098327],[-74.152779766048695,4.6889046631631794],[-74.15302245286793,4.6891502222074406],[-74.153025522721563,4.6891533287197911],[-74.153028592890806,4.6891564355594229],[-74.153031667456688,4.6891595459354685],[-74.153034730756062,4.6891626467273522],[-74.15303780875648,4.6891657605793871],[-74.153040879858921,4.6891688674510066],[-74.153043943158067,4.6891719682424764],[-74.153047016793252,4.68917507858969],[-74.153050087924896,4.6891781863949591],[-74.153053154660071,4.6891812906628383],[-74.153056228294247,4.6891844010089292],[-74.153059295059933,4.6891875053076504],[-74.153062365260325,4.6891906130825536],[-74.153065435460263,4.6891937208569434],[-74.153068502227526,4.6891968260602921],[-74.15307157149411,4.6891999338023158],[-74.153074645159251,4.6892030450847146],[-74.153077707559987,4.6892061467788588],[-74.153080776860193,4.6892092554589109],[-74.153083846159106,4.6892123641376635],[-74.153086915458047,4.6892154728164499],[-74.153089980390561,4.6892185779851472],[-74.153093049724433,4.6892216876033661],[-74.153096118087944,4.6892247962475135],[-74.153099183055133,4.6892279023544265],[-74.153102247087062,4.6892310084259083],[-74.153105315521444,4.689234118950198],[-74.153108382981983,4.6892372284967792],[-74.153111447050335,4.6892403355082779],[-74.153114514547553,4.6892434459961283],[-74.153117537474699,4.6892465130836865],[-74.153362987248784,4.6894971070243949],[-74.153365995259605,4.6895001984765647],[-74.153369042031031,4.689503329764432],[-74.153372084436583,4.6895064574912038],[-74.153375130306728,4.6895095887791944],[-74.153378172796948,4.6895127174961404],[-74.153381214302073,4.6895158461258557],[-74.153384263635871,4.689518981880318],[-74.153387305140754,4.689522110509821],[-74.153390346732849,4.689525240131986],[-74.153393395078567,4.6895283757981803],[-74.153396432304334,4.6895315018546402],[-74.153399476373423,4.689534634952456],[-74.15340252480587,4.6895377716129572],[-74.153405562033498,4.6895408985734246],[-74.153408609477879,4.6895440351456248],[-74.153411645804255,4.6895471621040778],[-74.15341469333697,4.6895502996724092],[-74.153417733040015,4.6895534301066419],[-74.153420780571537,4.6895565676736721],[-74.153423820274611,4.6895596981079208],[-74.153426863441638,4.689562832108936],[-74.153429906608608,4.6895659661097646],[-74.153432946401622,4.6895690975397422],[-74.153435992941922,4.6895722350150528],[-74.153439032735548,4.689575366445502],[-74.153442079275891,4.6895785039207869],[-74.15344511470343,4.6895816317815564],[-74.153448161335334,4.6895847702562605],[-74.153451207875563,4.6895879077312923],[-74.153454243303287,4.6895910355921249],[-74.153457289935119,4.6895941740667011],[-74.153941238324037,4.6900927220557049],[-74.153945296670514,4.6900969024407351],[-74.153949353931864,4.6901010817078825],[-74.153953411193669,4.6901052609753808],[-74.153957471953888,4.6901094429177261],[-74.153961526617934,4.6901136195096074],[-74.153965589908921,4.6901178031535649],[-74.153969648072433,4.6901219815168993],[-74.153973709734359,4.6901261625538266],[-74.153977771330361,4.6901303426180698],[-74.153981836426397,4.690134524450972],[-74.15398589639247,4.6901387010053268],[-74.153989962390852,4.6901428819325117],[-74.153994026757189,4.6901470602531345],[-74.153998097095169,4.6901512419747604],[-74.154002159765639,4.6901554158164194],[-74.154006231970129,4.6901595966939311],[-74.154010298981575,4.6901637713326512],[-74.154014372991085,4.6901679503969032],[-74.154018447848159,4.6901721275921462],[-74.154022518524002,4.6901762995742935],[-74.154026595187105,4.690180474957403],[-74.154030670210915,4.6901846468303221],[-74.154034749635315,4.6901888204547388],[-74.154038833412642,4.6901929948723309],[-74.154042915498735,4.6901971648240712],[-74.154046995936952,4.6902013312637214],[-74.154051080776398,4.6902054994484015],[-74.154055169974811,4.6902096684257035],[-74.154059260981313,4.6902138355907166],[-74.154063350296056,4.690217998298551],[-74.154067575779337,4.6902222949045402],[-74.154276390598312,4.690430048081013],[-74.154489752360007,4.6906333582072319],[-74.15470743473692,4.6908320042738687],[-74.154929336471739,4.6910258938755041],[-74.155155354344004,4.6912149368190121],[-74.155385383218274,4.6913990451659293],[-74.155619316093038,4.691578133273028],[-74.155857044150508,4.6917521178323893],[-74.156098456807129,4.6919209179102506],[-74.156343441765173,4.6920844549842444],[-74.156591885064927,4.6922426529803145],[-74.156843671137551,4.6923954383080577],[-74.15709852917449,4.6925426511224932],[-74.157103760981457,4.6925455968185492],[-74.157108843128583,4.6925484559322985],[-74.157113933251466,4.6925513157976466],[-74.1571190181118,4.6925541703828175],[-74.157124100758011,4.6925570219127204],[-74.157129189635441,4.6925598741136696],[-74.157134273243656,4.692562721947402],[-74.157139368785678,4.692565572736819],[-74.157144455952761,4.6925684170247353],[-74.157149542264847,4.6925712594240547],[-74.157154633444108,4.6925741022277574],[-74.15715972155995,4.6925769419101426],[-74.157164811436715,4.6925797807643246],[-74.157169907531539,4.6925826202676895],[-74.157174991274545,4.6925854528852486],[-74.157180086065409,4.6925882893453803],[-74.157185174682311,4.6925911214612661],[-74.157190266404115,4.6925939538979771],[-74.157195359027654,4.6925967854287718],[-74.157200449447998,4.6925996148290565],[-74.157205542973287,4.6926024445485526],[-74.157210634296391,4.6926052721391063],[-74.157215721642203,4.6926080975203384],[-74.157220816068531,4.6926109254281787],[-74.157225908294862,4.6926137512091977],[-74.157230999644085,4.6926165760027789],[-74.157236085689789,4.692619398353667],[-74.157241181018293,4.6926222244502735],[-74.157246270166965,4.6926250471182875],[-74.157251359314799,4.6926278697858788],[-74.157256452443477,4.6926306937567004],[-74.169920852964154,4.699654204666964],[-74.169936122715526,4.6996626720927672],[-74.169951394017247,4.6996711385690171],[-74.169966669915922,4.6996796038801394],[-74.16998195323464,4.6996880663753435],[-74.169997240893366,4.6996965238460362],[-74.170012539107049,4.6997049756101505],[-74.170027843466471,4.6997134187248051],[-74.170043158862029,4.6997218526725701],[-74.170058496219028,4.6997302825401261],[-74.170073834122562,4.6997386932344707],[-74.170089182153703,4.6997470887133863],[-74.170104543344124,4.6997554692262051],[-74.170119919678797,4.6997638316461101],[-74.170135308865596,4.6997721743021836],[-74.170150713570905,4.69978049632586],[-74.170166134571787,4.6997887953335082],[-74.170181572186408,4.699797070577123],[-74.170197028045067,4.6998053197088492],[-74.170212502568134,4.6998135410652493],[-74.17022799553645,4.6998217331817589],[-74.170243509481367,4.6998298946064274],[-74.170259044956495,4.6998380233181916],[-74.170274601838486,4.6998461169454284],[-74.170290180486532,4.6998541747513283],[-74.170305783051319,4.6998621950759727],[-74.170321409678039,4.6998701766189042],[-74.170337061716225,4.6998781159307441],[-74.170352738263929,4.6998860129944244],[-74.170368440585605,4.6998938643318828],[-74.170384170501293,4.6999016708324506],[-74.170400170356245,4.6999095476790611],[-74.170573649745492,4.699990812948327],[-74.170750144045357,4.7000659553576192],[-74.170929185438325,4.7001347652565899],[-74.171110548295601,4.7001971559305584],[-74.17129400406283,4.7002530487543117],[-74.171479321547892,4.7003023732914855],[-74.171666267212387,4.7003450673828331],[-74.171854605465896,4.7003810772251891],[-74.172044098962999,4.7004103574387219],[-74.172234508902292,4.7004328711241774],[-74.172425595327383,4.7004485899098478],[-74.172617117429368,4.7004574939869554],[-74.172808833850226,4.7004595721344469],[-74.173000232588223,4.7004548284353129],[-74.173018036878531,4.7004540407343924],[-74.173035566945032,4.7004532105028396],[-74.17305308992313,4.7004523258635915],[-74.173070606714987,4.7004513905240728],[-74.173088117421372,4.7004504053621279],[-74.173105620997845,4.7004493731323587],[-74.173123120166508,4.7004482947059847],[-74.173140611391517,4.7004471720251111],[-74.173158097349472,4.7004460077790977],[-74.173175577093602,4.700444802833327],[-74.173193049850525,4.7004435591998819],[-74.173210516398797,4.7004422803437613],[-74.173227977622076,4.7004409654371928],[-74.17324543267965,4.7004396190276054],[-74.173262882547505,4.7004382402144866],[-74.173280324424255,4.7004368336266529],[-74.173297762740134,4.7004353991366443],[-74.173315194109804,4.7004339396059462],[-74.173332621090637,4.7004324567190521],[-74.17335004184568,4.7004309514703362],[-74.173367457320595,4.7004294266629616],[-74.173384852001163,4.7004278854135624],[-74.173402259523314,4.7004263266538766],[-74.173419662930627,4.700424752619071],[-74.173437060716424,4.7004231664096565],[-74.173454452597554,4.7004215706943206],[-74.173471842830466,4.7004199650060627],[-74.173489227593393,4.7004183525794492],[-74.173506608918515,4.7004167350408474],[-74.173523986065433,4.7004151141872388],[-74.173541358875667,4.70041349184417],[-74.175383289651734,4.7002414480602788],[-74.176295380761246,4.7001531252737028],[-74.177206854144117,4.7000586022280286],[-74.178869195160772,4.6998804945652868],[-74.178876422039863,4.6998797204096556],[-74.178883649648157,4.6998789461757724],[-74.178890877256123,4.6998781719419176],[-74.178898105327363,4.699877397754725],[-74.178905329262449,4.6998766248182093],[-74.178912556870884,4.6998758514884011],[-74.178919784479049,4.6998750781585183],[-74.178927007975986,4.6998743061724628],[-74.178934236048477,4.6998735337933439],[-74.178941459982809,4.6998727626642296],[-74.178948683479646,4.6998719924856038],[-74.17895591155326,4.699871221914643],[-74.178963135951776,4.6998704526395034],[-74.178970359884772,4.6998696842217855],[-74.178977579735843,4.6998689181413305],[-74.178984808247165,4.6998681511406497],[-74.178992032645283,4.6998673854804309],[-74.178999252931519,4.6998666220632597],[-74.179006481911344,4.6998658578209955],[-74.179013702629774,4.6998650961645181],[-74.179020923385934,4.699864336405593],[-74.17902814821565,4.6998635770261972],[-74.179035373085298,4.6998628186409706],[-74.17904259427209,4.6998620624495571],[-74.179049815932842,4.6998613081091456],[-74.179057041660812,4.6998605541527851],[-74.179064263321862,4.6998598025218818],[-74.179071480819047,4.6998590539402816],[-74.179078706597465,4.6998583054948568],[-74.179085929162497,4.6998575592826848],[-74.179093068190781,4.6998568233948976],[-74.179353702993666,4.6998312793438739],[-74.179614572743247,4.699808271269772],[-74.179621733376393,4.6998076757653715],[-74.179628968972423,4.69980707583428],[-74.179636200437898,4.6998064789552219],[-74.179643440728015,4.6998058823236697],[-74.179650677225808,4.6998052878118051],[-74.179657917289688,4.6998046938360778],[-74.179665149318538,4.6998041033036184],[-74.179672390514469,4.6998035129974856],[-74.179679627346175,4.6998029247810882],[-74.179686867974226,4.6998023371592774],[-74.179694105039516,4.6998017517066621],[-74.179701346000385,4.6998011667690971],[-74.179708587197709,4.6998005827888614],[-74.179715824596144,4.6998000009221501],[-74.179723066125959,4.6997994196263164],[-74.179730307656015,4.699798839234103],[-74.179737549185219,4.6997982597457497],[-74.17974479071485,4.6997976811611037],[-74.179752032244423,4.6997971034801518],[-74.179759274347958,4.6997965267288828],[-74.179766516204921,4.6997959508292935],[-74.179773761866471,4.6997953746268735],[-74.179781003970845,4.6997947996828033],[-74.179788249958634,4.6997942243586994],[-74.179795492063718,4.6997936503181847],[-74.179802733919203,4.6997930771298266],[-74.179809984288113,4.6997925024341241],[-74.179817226719621,4.6997919292712984],[-74.179824472706855,4.6997913557555462],[-74.179831714812863,4.6997907835220269],[-74.179838965507429,4.6997902097050552],[-74.180944174547946,4.6997027973364043],[-74.180948525489697,4.699702452816692],[-74.180952866539585,4.6997021099835852],[-74.180957221003482,4.6997017651142334],[-74.180961561511168,4.6997014223240328],[-74.180965916334301,4.6997010774973615],[-74.180970257384374,4.6997007346642059],[-74.180974605321808,4.6997003912863473],[-74.180978953258744,4.6997000479085056],[-74.180983300834853,4.6996997044881113],[-74.180987641343307,4.6996993626004055],[-74.180991996166043,4.6996990186794294],[-74.180996337216442,4.6996986767489313],[-74.181000685153975,4.6996983342752356],[-74.181005033091282,4.6996979918014468],[-74.181009374139663,4.6996976507739348],[-74.18101372896335,4.6996973077584716],[-74.181018063123744,4.6996969681755472],[-74.181022417950132,4.6996966260655517],[-74.181026758999877,4.6996962859407247],[-74.181031106937795,4.6996959452753959],[-74.181035447986119,4.6996956060535044],[-74.181039795924136,4.6996952662924594],[-74.181044144227442,4.6996949265731134],[-74.181048485811104,4.6996945882121652],[-74.181052826859727,4.6996942507958792],[-74.181057181685603,4.6996939114029237],[-74.181061516213049,4.6996935754668669],[-74.181065864685579,4.6996932383771792],[-74.181070212992751,4.6996929013700779],[-74.181074554572547,4.699692565718161],[-74.181078785637055,4.6996922395580798],[-74.18153056970786,4.6996604213549631],[-74.181534810905333,4.6996601510773548],[-74.181539156455429,4.6996598750532472],[-74.181543508908433,4.6996595985899878],[-74.181547854458984,4.699659323468576],[-74.181552206911888,4.6996590479096021],[-74.181556552461856,4.6996587736911239],[-74.181560898481621,4.6996585004025526],[-74.181565251367559,4.6996582266247859],[-74.181569603820321,4.6996579528742775],[-74.181573949369664,4.6996576804615167],[-74.181578302294767,4.6996574076420092],[-74.18158265517782,4.6996571347687786],[-74.181587001199645,4.6996568632854743],[-74.181591347178696,4.6996565926515181],[-74.181595706534807,4.6996563202789092],[-74.181600052559162,4.6996560496980697],[-74.181604398535868,4.699655779967217],[-74.181608758367361,4.6996555085265843],[-74.181613104344308,4.699655238795625],[-74.181617457273788,4.6996549686882965],[-74.181621810153402,4.6996546985281933],[-74.181626156178851,4.6996544297528304],[-74.181630516436215,4.6996541591913799],[-74.181634862411798,4.6996538903633054],[-74.181639215342912,4.6996536211599604],[-74.181643568221133,4.6996533519042165],[-74.181647921151367,4.6996530827008689],[-74.181652267602914,4.6996528148017358],[-74.181656627383262,4.6996525451198208],[-74.181660980314746,4.6996522759163124],[-74.181665326288098,4.6996520079911708],[-74.182131626162075,4.6996232017291524],[-74.182135974882314,4.6996229336867792],[-74.182140335139039,4.6996226640279328],[-74.182144688017331,4.699622394769059],[-74.182149034043874,4.6996221268930984],[-74.182153394300755,4.6996218572341988],[-74.18215774717973,4.6996215879751864],[-74.182162100109352,4.6996213187686218],[-74.182166452986763,4.6996210495097133],[-74.182170812818612,4.6996207789711768],[-74.182175158793513,4.6996205101397504],[-74.182179518625858,4.6996202396011801],[-74.182183871505288,4.6996199694375713],[-74.18218822443356,4.6996196993267594],[-74.182192577312676,4.699619429163107],[-74.18219693714245,4.699619157718872],[-74.182201290023229,4.6996188866506534],[-74.18220564294964,4.6996186156356394],[-74.18221000273256,4.6996183432324861],[-74.182214355658388,4.6996180713131697],[-74.182218708539551,4.6996177993404666],[-74.182223067894583,4.6996175260581934],[-74.182227420819359,4.6996172532345648],[-74.182231780603232,4.6996169790196394],[-74.182236133056961,4.6996167052648561],[-74.182240492879103,4.6996164301982004],[-74.182244845765126,4.6996161555118166],[-74.182249198217235,4.6996158808527371],[-74.182253557570689,4.6996156048531157],[-74.182257916925153,4.6996153279475736],[-74.18226226937719,4.6996150514798707],[-74.18226673998258,4.6996147665787884],[-74.182725144766508,4.6995824813917482],[-74.182729603961519,4.6995821376342786],[-74.182733959314348,4.6995818009073851],[-74.182738314509308,4.699581463356477],[-74.182742662977091,4.6995811262565503],[-74.182747017800438,4.6995807877588955],[-74.182751366105691,4.6995804498370868],[-74.182755721461263,4.6995801103922572],[-74.182760069397531,4.6995797715248226],[-74.182764417332976,4.6995794326574361],[-74.182768772521456,4.6995790923899481],[-74.182773127879685,4.6995787511330995],[-74.182777475815826,4.6995784104568648],[-74.182781823750645,4.6995780697808511],[-74.182786171686118,4.6995777291046608],[-74.182790526507773,4.6995773869838562],[-74.182794874443431,4.6995770454033066],[-74.182799229264432,4.6995767023767714],[-74.18280357720019,4.6995763598918305],[-74.182807925135037,4.6995760174069448],[-74.182812273069871,4.699575674922035],[-74.182816620643209,4.6995753323947378],[-74.182820974924155,4.6995749885048257],[-74.182825322860012,4.6995746451153764],[-74.182829670794248,4.6995743017260967],[-74.182834018728826,4.6995739583367415],[-74.18283836666383,4.6995736149473348],[-74.182842721483865,4.6995732701090596],[-74.182847062171803,4.6995729272216549],[-74.182851416451982,4.6995725824259695],[-74.18285575749951,4.6995722395811654],[-74.182860112321237,4.6995718947426486],[-74.18416608930842,4.6994685972264891],[-74.18417044024082,4.6994682526870832],[-74.184174780926298,4.6994679097915339],[-74.184179135205099,4.699467564987593],[-74.184183476251533,4.6994672221345013],[-74.184187831071071,4.6994668772877635],[-74.184192172118017,4.6994665344345261],[-74.184196526578205,4.6994661895450278],[-74.184200873969672,4.6994658452857383],[-74.184205215015893,4.6994655024324681],[-74.184209569835076,4.6994651575856814],[-74.184213917768773,4.6994648132833765],[-74.184218265343333,4.6994644689382508],[-74.184222612733663,4.6994641246789239],[-74.184226953779088,4.6994637818256484],[-74.184231308599266,4.6994634369785899],[-74.184235656174138,4.6994630926332732],[-74.184240010449514,4.6994627469236105],[-74.184244351496162,4.6994624031672636],[-74.184248699430213,4.699462058864702],[-74.184253047004248,4.6994617145193942],[-74.184257401280206,4.699461368809545],[-74.184261742326782,4.6994610250530338],[-74.184266097145681,4.6994606793001052],[-74.184270437833732,4.6994603355007465],[-74.184274792109889,4.6994599897908236],[-74.184279140043927,4.6994596445837393],[-74.184283487619268,4.699459299333661],[-74.184287835008149,4.6994589541698257],[-74.184292182940212,4.6994586089629227],[-74.184296530516221,4.6994582637127182],[-74.184300884790019,4.6994579170971447],[-74.184750876683921,4.6994215458870787],[-74.184755266381856,4.6994211854450398],[-74.184759619987759,4.6994208269601403],[-74.184763959570517,4.6994204706066478],[-74.184768313144119,4.6994201121243977],[-74.184772652727602,4.6994197557707125],[-74.184777006638853,4.6994193973346325],[-74.184781353330962,4.6994190394180846],[-74.184785699796549,4.6994186815942109],[-74.184790046488033,4.6994183236775964],[-74.184794392952981,4.6994179658537165],[-74.184798739644606,4.6994176079370424],[-74.184803092991046,4.699417248641554],[-74.184807432799715,4.6994168912922536],[-74.184811786147648,4.6994165319965893],[-74.18481612629391,4.6994161746934555],[-74.184820479868833,4.6994158153048762],[-74.184824819450156,4.6994154580483336],[-74.184829173025193,4.6994150986596432],[-74.184833519489828,4.6994147399313064],[-74.184837866182235,4.6994143811099329],[-74.184842205762806,4.6994140238533504],[-74.184846559337728,4.6994136644645881],[-74.184850905466092,4.699413305689669],[-74.184855251929747,4.6994129469612735],[-74.184859598622154,4.6994125881397677],[-74.184863945085795,4.6994122294113545],[-74.1848682917784,4.6994118705897696],[-74.184872638241941,4.6994115118612978],[-74.184876984934505,4.6994111530396481],[-74.184881331398046,4.6994107943111247],[-74.184885678090851,4.699410435489348],[-74.185360505785653,4.699371234608531],[-74.185364852008817,4.6993708758967525],[-74.185369198700499,4.6993705170720954],[-74.185373545163543,4.699370158340515],[-74.185377891855524,4.699369799515754],[-74.185382238318496,4.6993694407841229],[-74.185386585010448,4.6993690819593112],[-74.185390924590209,4.6993687246993598],[-74.185395278164592,4.6993683653071363],[-74.185399617745375,4.6993680080470064],[-74.185403964774537,4.6993676501728014],[-74.185408304580648,4.6993672937228803],[-74.18541265792895,4.6993669353290448],[-74.185416997735629,4.699366578879058],[-74.185421344202965,4.6993662219551711],[-74.185425684347152,4.6993658664541664],[-74.185430031036432,4.6993655103425915],[-74.185434377503427,4.699365154322912],[-74.185438717648168,4.6993647997246848],[-74.18544305779308,4.6993644460292758],[-74.185447411705837,4.6993640903060081],[-74.1854517449638,4.6993637380754452],[-74.185456091996159,4.6993633847222824],[-74.185460439025661,4.6993630313692139],[-74.185464779168584,4.6993626794796501],[-74.185469126199095,4.6993623270308271],[-74.185473459454883,4.6993619775046112],[-74.185477806487299,4.6993616268642864],[-74.185482153516986,4.6993612762240868],[-74.185486494010235,4.6993609270871524],[-74.185490834705377,4.6993605787644892],[-74.185495102970989,4.6993602371420513],[-74.185720456278773,4.6993431785974762],[-74.185945944556167,4.6993280442370748],[-74.185950223532757,4.6993277759698797],[-74.185954575981512,4.6993275030963773],[-74.185958915094602,4.6993272329208171],[-74.1859632679745,4.6993269618289881],[-74.185967620897117,4.6993266907905467],[-74.185971966869971,4.6993264210323682],[-74.185976312891114,4.6993261522299736],[-74.185980658861382,4.6993258842779371],[-74.185985011789796,4.699325615951615],[-74.185989358236696,4.699325348928415],[-74.185993711588168,4.6993250814803469],[-74.185998057554286,4.6993248153344132],[-74.186002410486097,4.6993245488162012],[-74.186006756932429,4.699324283598747],[-74.186011110284355,4.6993240179591149],[-74.186015463635442,4.6993237523195477],[-74.186019809598406,4.6993234879795747],[-74.186024162532931,4.699323223269567],[-74.186028508979277,4.6993229598577262],[-74.186032862331359,4.6993226960266279],[-74.186037215683072,4.6993224321954541],[-74.186041569034359,4.6993221683643087],[-74.18604591548042,4.6993219058552924],[-74.186050268833128,4.6993216429282967],[-74.186054622184315,4.6993213800014084],[-74.186058975536085,4.6993211170744429],[-74.186063321982346,4.6993208554681205],[-74.186067682238132,4.699320592124856],[-74.186072028685089,4.699320330518419],[-74.186076388940975,4.6993200671751447],[-74.186080735388245,4.6993198055686785],[-74.197428580048765,4.6986357478416112],[-74.197983220801405,4.6986040299747476],[-74.19979026783632,4.6985062944854699],[-74.199796073323711,4.6985059806187772],[-74.199801880207602,4.6985056667252234],[-74.199807686747633,4.6985053528015088],[-74.199813493008861,4.6985050388928631],[-74.199819299892752,4.6985047249991618],[-74.199825101250099,4.6985044122594211],[-74.199830907511753,4.6985040992549747],[-74.199836714397193,4.6985037862652064],[-74.199842515753232,4.6985034744289873],[-74.199848322639696,4.6985031623434024],[-74.199854123995365,4.6985028514106428],[-74.19985993088261,4.6985025402291791],[-74.199865732237498,4.6985022301999093],[-74.19987153912561,4.6985019199225837],[-74.199877335295838,4.6985016119769991],[-74.199883142187247,4.698501303507876],[-74.199888944168023,4.6985009962035367],[-74.199894750703379,4.6985006886099248],[-74.199900547227969,4.6985003834011083],[-74.199906349210707,4.6985000788070099],[-74.199912156375092,4.6984997739404593],[-74.199917953172104,4.6984994714251158],[-74.19992375515487,4.6984991695413933],[-74.199929557136159,4.6984988685612414],[-74.199935359117845,4.6984985684844807],[-74.1999411559148,4.6984982704824354],[-74.199946958534596,4.6984979731295251],[-74.19995276078059,4.6984976766530879],[-74.199958557577077,4.69849738226175],[-74.199964360200269,4.6984970885223625],[-74.199970074549071,4.6984968009875425],[-74.200196391547635,4.6984865372286979],[-74.200422797018518,4.69847847135087],[-74.200428526920774,4.6984782956180569],[-74.200434333578116,4.6984781184076549],[-74.200440130436064,4.698477944232418],[-74.200445943033515,4.698477769580566],[-74.200451745242361,4.6984775970477317],[-74.200457547452245,4.6984774263202755],[-74.200463359298681,4.6984772552812126],[-74.20046916135604,4.6984770863634928],[-74.200474963566279,4.6984769192466453],[-74.200480776162976,4.6984767518289932],[-74.200486583565819,4.698476585464709],[-74.200492385774595,4.6984764210559149],[-74.200498199128035,4.6984762563548923],[-74.200504006676383,4.6984760926969003],[-74.200509814079481,4.6984759299465342],[-74.200515621482751,4.6984757680995939],[-74.200521428886319,4.6984756071560376],[-74.200527236289631,4.6984754471160306],[-74.200533049646566,4.6984752869361079],[-74.200538862384875,4.6984751267485345],[-74.200544664593792,4.6984749686581138],[-74.20055047719255,4.6984748102828808],[-74.200556290550679,4.6984746519113196],[-74.200562098094125,4.6984744945776606],[-74.20056791069149,4.6984743371066866],[-74.200573723288912,4.6984741796356371],[-74.20057953145502,4.698474023212734],[-74.200585344191467,4.6984738666421419],[-74.200591156788832,4.6984737100752358],[-74.200596970148808,4.6984735535118825],[-74.200602782884928,4.6984733969411314],[-74.201055327128444,4.6984612209154193],[-74.201061135547164,4.6984610653611432],[-74.201066954100426,4.6984609086543641],[-74.20107276683656,4.6984607520797388],[-74.201078584626671,4.6984605944641791],[-74.201084392029841,4.6984604380335115],[-74.201090210582606,4.6984602804214592],[-74.201096023318982,4.6984601229422411],[-74.201101835915637,4.6984599654668786],[-74.201107659658319,4.6984598059034441],[-74.201113467203399,4.6984596476616352],[-74.201119290185389,4.6984594871885577],[-74.201125102783351,4.6984593269999158],[-74.201130915379494,4.6984591668113271],[-74.20113673911888,4.6984590045300738],[-74.201142551859391,4.6984588425287273],[-74.20114837483986,4.698458678431729],[-74.201154187437126,4.6984585146256563],[-74.201160010416814,4.6984583487167066],[-74.201165823013852,4.6984581831019021],[-74.201171645992943,4.6984580153810631],[-74.20117746378186,4.6984578469032572],[-74.201183286760326,4.6984576764645567],[-74.201189104548448,4.6984575052713566],[-74.201194922335191,4.6984573331730006],[-74.201200744564844,4.6984571591060638],[-74.201206562198308,4.6984569842968993],[-74.201212385174912,4.6984568075164868],[-74.201218208152014,4.6984566289241547],[-74.201224025195273,4.6984564495799193],[-74.20122985320134,4.6984562672083783],[-74.201235773013011,4.6984560810110665],[-74.201463102680719,4.6984475302464608],[-74.201690315666895,4.6984362682102185],[-74.201696225304133,4.6984359385721399],[-74.201702036128836,4.6984356134907985],[-74.201707852458156,4.6984352863411516],[-74.201713668465388,4.6984349573471542],[-74.201719484791369,4.698434626573972],[-74.201725295620179,4.6984342951561189],[-74.201731111334865,4.69843396164881],[-74.201736927049723,4.6984336263295363],[-74.201742732405521,4.6984332916058982],[-74.201748553295559,4.6984329532699665],[-74.201754358652622,4.6984326158332319],[-74.201760174363613,4.6984322759843797],[-74.201765984897634,4.6984319355316115],[-74.201771794830691,4.6984315941562729],[-74.201777610238508,4.6984312507013097],[-74.20178341499502,4.6984309078208311],[-74.201789225222129,4.6984305637655766],[-74.201795035157502,4.6984302187692037],[-74.20180084478794,4.6984298728856606],[-74.201806655011936,4.6984295261151976],[-74.201812459770522,4.6984291796168991],[-74.201818269399581,4.6984288319230867],[-74.20182407902908,4.6984284833240784],[-74.201829884072566,4.6984281350536978],[-74.201835694009986,4.6984277855310106],[-74.201841493281862,4.6984274375533301],[-74.20184730808802,4.6984270868328863],[-74.201853107361174,4.6984267379515456],[-74.20185891698965,4.6984263875420913],[-74.201864721440543,4.6984260374444151],[-74.20187052589047,4.6984256873467833],[-74.203116691867933,4.6983505476222875],[-74.203123946007722,4.6983501105250767],[-74.203131205711301,4.6983496721878453],[-74.203138457129171,4.6983492352546996],[-74.203145716832921,4.6983487969173376],[-74.203152977188253,4.6983483576900271],[-74.203160232345624,4.698347918668178],[-74.203167491799675,4.6983474785360038],[-74.203174751502047,4.6983470374839724],[-74.203182007062352,4.6983465966832343],[-74.203189270906179,4.6983461535694877],[-74.203196526466769,4.698345710959912],[-74.203203789660606,4.6983452660201115],[-74.203211053251437,4.6983448193002344],[-74.203218312305182,4.6983443718984628],[-74.203225571104682,4.6983439236074735],[-74.20323283883225,4.6983434721050497],[-74.203240097887985,4.6983430201785978],[-74.203247360827092,4.6983425662004077],[-74.203254623766355,4.698342110411394],[-74.203261890203549,4.698341651629943],[-74.203269152881816,4.6983411913305009],[-74.203276415178905,4.698340729187537],[-74.20328368199246,4.6983402640979604],[-74.203290944291211,4.6983397974277601],[-74.203298210464382,4.6983393277921826],[-74.203305480142859,4.6983388542479343],[-74.203312741907695,4.6983383794639559],[-74.203320007446237,4.6983379016579292],[-74.20332727685323,4.6983374199736154],[-74.203334542121496,4.6983369358440665],[-74.203341930408129,4.6983364407533657],[-74.203571131497199,4.6983193821893305],[-74.203800067299113,4.6982990729340912],[-74.203807423848076,4.6982983664125753],[-74.20381467550142,4.698297666257111],[-74.203821922643897,4.6982969638174579],[-74.20382917389972,4.6982962573553806],[-74.203836416920211,4.6982955498817383],[-74.203843667671705,4.6982948379424192],[-74.203850909789097,4.6982941250367496],[-74.203858160136164,4.6982934076984195],[-74.203865402250273,4.6982926893608461],[-74.203872643867669,4.6982919691723595],[-74.203879889193402,4.6982912458986901],[-74.203887130402961,4.6982905212237407],[-74.203894375236032,4.6982897933796188],[-74.203901616031871,4.6982890642192841],[-74.203908852633433,4.6982883344851372],[-74.203916097052243,4.6982876012470545],[-74.20392333324105,4.6982868679350478],[-74.203930568942823,4.6982861336761665],[-74.203937812942854,4.6982853959509976],[-74.203945044531267,4.6982846593959531],[-74.203952284414129,4.6982839202781284],[-74.203959520117081,4.6982831805895158],[-74.203966759515481,4.6982824387130488],[-74.203973990685213,4.6982816976787287],[-74.203981225487155,4.6982809552752736],[-74.203988456236274,4.6982802133796131],[-74.203995691519069,4.6982794701141808],[-74.204002926802076,4.6982787259437213],[-74.204010157490259,4.6982779821530505],[-74.204017388237375,4.6982772384488607],[-74.204024623040169,4.6982764933301988],[-74.204475216566692,4.6982301266098601],[-74.204482445672795,4.6982293829769324],[-74.204489680532745,4.698228637940093],[-74.20449690758592,4.6982278946109224],[-74.204504134158398,4.6982271521424535],[-74.204511364905258,4.6982264093372512],[-74.204518596072546,4.6982256664888533],[-74.204525823125437,4.6982249249670458],[-74.204533049697119,4.6982241843060324],[-74.204540276330079,4.6982234446347722],[-74.204547503866252,4.6982227058666837],[-74.204554731337822,4.6982219679169823],[-74.204561958390457,4.69822123091389],[-74.204569181812346,4.6982204961799932],[-74.204576409282652,4.6982197618456221],[-74.204583632705237,4.6982190298212254],[-74.204590856544598,4.6982182995609261],[-74.204598084499906,4.6982175697875483],[-74.204605308826785,4.6982168422785318],[-74.204612528960453,4.6982161178106967],[-74.204619753290359,4.6982153948174465],[-74.204626978030362,4.698214673589554],[-74.204634202769796,4.6982139541682519],[-74.204641423886144,4.6982132379066215],[-74.204648645409677,4.6982125243127619],[-74.204655871051457,4.6982118121171714],[-74.204663088453501,4.6982111043457842],[-74.20467031459593,4.6982103976088201],[-74.204677537018739,4.698209693945099],[-74.204684755320741,4.6982089942936316],[-74.204691978249173,4.6982082969871897],[-74.204699076571458,4.6982076152605412],[-74.204927306089047,4.6981873684357298],[-74.205155796480497,4.6981703625077662],[-74.205162925560288,4.6981698847062932],[-74.205170165709845,4.6981694022314988],[-74.205177406137082,4.6981689224462544],[-74.205184643052661,4.6981684465639431],[-74.205191883750715,4.6981679730801655],[-74.205199124809965,4.6981675023397447],[-74.205206370278844,4.6981670331177785],[-74.205213607463719,4.6981665680443294],[-74.205220852933806,4.6981661042418903],[-74.205228094259695,4.698165643414181],[-74.205235340368731,4.6981651841444361],[-74.205242582596995,4.6981647278301075],[-74.205249833109434,4.6981642718954433],[-74.205257075336306,4.6981638191921489],[-74.205264321707077,4.698163368035007],[-74.205271568076697,4.6981629186844165],[-74.205278818588951,4.6981624699798861],[-74.205286065605463,4.6981620233545254],[-74.205293312228662,4.6981615785045152],[-74.205300563390338,4.6981611343340148],[-74.205307814804186,4.6981606910517408],[-74.205315065567689,4.6981602486581444],[-74.205322312587811,4.6981598083549052],[-74.205329568144734,4.6981593675318738],[-74.20533681541572,4.698158929019784],[-74.205344075115192,4.6981584888499635],[-74.205351322386363,4.6981580512410037],[-74.205358577943855,4.6981576131305678],[-74.205365833500451,4.6981571750201185],[-74.205373084914356,4.6981567380638234],[-74.205380344614113,4.698156299703272],[-74.213617530498269,4.6976595479223775],[-74.213634942755945,4.697658498304266],[-74.213652355133988,4.6976574496368553],[-74.21366976336526,4.6976564038771258],[-74.213687168839968,4.6976553628566045],[-74.213704572692038,4.697654327355842],[-74.213721975618199,4.6976532982895369],[-74.213739375194095,4.6976522775538836],[-74.213756773043826,4.6976512659541356],[-74.213774167318874,4.6976502664101378],[-74.213791561793798,4.6976492785950494],[-74.213808953619107,4.6976483045280055],[-74.213826342893739,4.6976473460038619],[-74.213843714893173,4.6976464037618264],[-74.21386109989021,4.6976454789495898],[-74.213878483236073,4.6976445732213348],[-74.21389586571398,4.6976436883365329],[-74.213913247443486,4.6976428243286428],[-74.213930625720707,4.6976419839456645],[-74.213948003170259,4.6976411680344752],[-74.213965379793009,4.6976403783532286],[-74.213982755627754,4.6976396149342188],[-74.214000128942899,4.6976388805093103],[-74.214017501429495,4.697638175899888],[-74.21403487132747,4.6976375020694388],[-74.214052240403106,4.6976368616762194],[-74.214069609614924,4.6976362546767207],[-74.214086976234412,4.6976356828971646],[-74.214104341167968,4.6976351472546884],[-74.214121704434817,4.6976346504100821],[-74.214139066854358,4.6976341923300673],[-74.2141561869974,4.6976337806346393],[-74.214381688746485,4.6976321565514105],[-74.214606889790986,4.697637583482642],[-74.214831812598817,4.6976500544089204],[-74.215056238351067,4.6976695571975098],[-74.215279948712222,4.697696072874721],[-74.215502726042871,4.6977295756441633],[-74.21572435361108,4.6977700329120511],[-74.215944615803636,4.6978174053188484],[-74.216163298335147,4.6978716467773651],[-74.216380188457251,4.6979327045179788],[-74.216595075165102,4.6980005191395984],[-74.216807749402619,4.6980750246675855],[-74.217018004266123,4.6981561486180432],[-74.217225635205381,4.6982438120681662],[-74.217430440222728,4.698337929733075],[-74.217632220069476,4.6984384100487855],[-74.21783077843979,4.6985451552612156],[-74.218025922161601,4.6986580615215345],[-74.218217461384697,4.6987770189867355],[-74.218405209765137,4.6989019119270479],[-74.218589181426509,4.6990327587942495],[-74.218602983332701,4.6990429291083391],[-74.218616958572653,4.6990532767530819],[-74.21863091160526,4.6990636567462882],[-74.218644844224414,4.6990740695361417],[-74.218658758702787,4.6990845130249674],[-74.218672652610252,4.6990949851733239],[-74.218686529261561,4.6991054871365705],[-74.218700388233472,4.6991160159054992],[-74.218714229862542,4.6991265710574694],[-74.218728055521169,4.699137151862236],[-74.218741867364017,4.6991477570102713],[-74.218755664673324,4.6991583850599978],[-74.218769447734459,4.6991690344363661],[-74.218783218341343,4.6991797051449931],[-74.218796976613717,4.6991903954837841],[-74.218810723320885,4.6992011044578925],[-74.218824459782681,4.6992118315012883],[-74.218838188030119,4.6992225759013939],[-74.218851906501712,4.6992333344406019],[-74.218865617356741,4.6992441076029268],[-74.218879330565812,4.6992549021456078],[-74.218893026830401,4.6992657005720968],[-74.218906718882479,4.6992765103826599],[-74.218920403734629,4.6992873292252977],[-74.218934087010609,4.6992981583158961],[-74.218947764885769,4.6993089946344533],[-74.218961442303296,4.6993198386734178],[-74.218975119771585,4.6993306885087494],[-74.218988793473045,4.6993415420183782],[-74.219002470478301,4.6993524004829901],[-74.2190161463609,4.6993632605793012],[-74.222948202045814,4.7024857047892903],[-74.222951622870966,4.702488421109484],[-74.222955038791468,4.7024911342505478],[-74.222958462359585,4.7024938527489875],[-74.222961878280174,4.7024965658900681],[-74.222965297574376,4.702499281710284],[-74.222968712609529,4.7025019950512199],[-74.222972127628708,4.7025047090948524],[-74.222975546021516,4.702507425819288],[-74.22297896015786,4.7025101400644287],[-74.222982374295654,4.7025128552137172],[-74.222985784137208,4.7025155683783231],[-74.222989205004453,4.7025182895967443],[-74.222992609713359,4.7025210004823048],[-74.222996022030898,4.7025237181390471],[-74.222999429193194,4.7025264333099805],[-74.223002839735244,4.7025291520759609],[-74.223006250246499,4.702531871535153],[-74.223009655643025,4.7025345887216163],[-74.223013056731034,4.7025373048071639],[-74.223016464578436,4.702540027190472],[-74.223019863864323,4.7025427450745738],[-74.223023265677071,4.7025454667812028],[-74.223026671681822,4.7025481925605197],[-74.223030059799882,4.7025509081684866],[-74.223033463106802,4.7025536366608085],[-74.223036861330442,4.7025563628833886],[-74.223040255219431,4.7025590879732437],[-74.223043638861995,4.7025618089802945],[-74.223047041945208,4.7025645456088796],[-74.223050423796735,4.7025672693142999],[-74.223053646186415,4.702569866816817],[-74.223227359116066,4.7027135756787271],[-74.223230523806166,4.7027162630593136],[-74.223233840315658,4.7027190817926154],[-74.223237159635914,4.7027219047169186],[-74.223240470026354,4.7027247232420564],[-74.223243786657022,4.702727548879353],[-74.223247094645487,4.7027303704886441],[-74.223250409186079,4.7027331993503845],[-74.223253722823273,4.7027360291108895],[-74.223257035560763,4.7027388597732855],[-74.223260339058498,4.7027416858801363],[-74.223263653425477,4.7027445221815052],[-74.223266955130171,4.7027473509902569],[-74.223270271706397,4.7027501925329247],[-74.223273579946849,4.7027530286083525],[-74.223276883284925,4.7027558630559669],[-74.223280193731924,4.7027587043720755],[-74.223283499273649,4.702761543153648],[-74.223286808243429,4.7027643857808714],[-74.223290112887554,4.7027672263682643],[-74.223293424954718,4.7027700733343538],[-74.223296728698799,4.7027729148234041],[-74.223300031544966,4.7027757572158508],[-74.22330334180991,4.7027786059908632],[-74.223306652073632,4.7027814547647857],[-74.223309954018717,4.7027842980578294],[-74.223313263382153,4.7027871477369949],[-74.223316568755962,4.7027899948842],[-74.223319873792008,4.702792842515958],[-74.223323186580231,4.7027956960495283],[-74.223326491616064,4.7027985436811015],[-74.223329800077778,4.702801394263969],[-74.223513097281895,4.7029593201974444],[-74.223516405461794,4.702962170535252],[-74.223519718251666,4.7029650240678205],[-74.223523023289019,4.7029678716983145],[-74.223526336079019,4.7029707252309185],[-74.223529645105046,4.7029735753933588],[-74.223532957894946,4.7029764280207678],[-74.223536271586028,4.7029792806469102],[-74.223539577525017,4.7029821273749253],[-74.223542895205284,4.7029849825305208],[-74.223546209798357,4.7029878342510578],[-74.223549528950272,4.7029906880829424],[-74.223552836124099,4.702993532517346],[-74.2235561556097,4.7029963858588868],[-74.223559479995529,4.7029992408229191],[-74.223562793294732,4.7030020863912032],[-74.223566115161603,4.7030049375071998],[-74.223569437358449,4.7030077872243323],[-74.223572752130892,4.7030106305710548],[-74.223576083554903,4.7030134848386878],[-74.223579408463038,4.7030163318377891],[-74.223582729948262,4.703019174999203],[-74.223586060077949,4.7030220231081206],[-74.223589387692286,4.7030248673846504],[-74.223592715901077,4.7030277103569924],[-74.223596048741342,4.7030305548348155],[-74.223599387404747,4.7030334009239105],[-74.22360271521606,4.7030362368497469],[-74.223606051664078,4.7030390776903994],[-74.223609389625864,4.7030419172356721],[-74.223612732814345,4.7030447578729362],[-74.223616235925164,4.7030477316806545],[-74.223790609143677,4.703191988094737],[-74.223794177406504,4.7031948636228966],[-74.223797590491344,4.7031976115597054],[-74.223801000271877,4.7032003551998605],[-74.223804419451284,4.703203103134431],[-74.223807831940974,4.7032058440547528],[-74.223811249552028,4.7032085865498408],[-74.223814668072208,4.7032113272338183],[-74.223818087549972,4.7032140663276421],[-74.223821504551125,4.7032168018055875],[-74.223824922408184,4.7032195361562827],[-74.223828344591681,4.7032222716155383],[-74.223831760023714,4.7032250007695637],[-74.223835184010056,4.7032277344097109],[-74.223838601248062,4.7032304617535612],[-74.223842022761929,4.7032331908839708],[-74.223845445179904,4.7032359191084927],[-74.223848868499346,4.7032386464252269],[-74.223852288446423,4.7032413701486595],[-74.223855712669447,4.7032440956529316],[-74.223859129268561,4.7032468150871063],[-74.223862554393307,4.7032495396836795],[-74.223865976147991,4.7032522606928522],[-74.223869397922073,4.7032549809995698],[-74.22387281632227,4.7032576986236876],[-74.223876243252192,4.7032604214061493],[-74.223879666812749,4.7032631406049923],[-74.223883081855249,4.7032658539413266],[-74.223886505415024,4.7032685731394528],[-74.223889924716318,4.7032712889546957],[-74.223893352550547,4.7032740099252024],[-74.223896764218395,4.7032767196791676],[-74.22485434986335,4.7040371276137174],[-74.224857766433573,4.7040398412490054],[-74.224861194275178,4.7040425622143731],[-74.224864610225652,4.7040452746425139],[-74.224868034695646,4.7040479929302572],[-74.224871454905923,4.7040507078360889],[-74.224874883649989,4.7040534278942578],[-74.224878304762029,4.7040561418960474],[-74.224881730136403,4.7040588583743776],[-74.22488516405609,4.7040615792910536],[-74.224888586966358,4.7040642912907593],[-74.22489201752218,4.7040670079178817],[-74.224895454145837,4.7040697268220182],[-74.224898878864536,4.7040724363030648],[-74.224902316394676,4.70407515339393],[-74.224905759103265,4.7040778713327898],[-74.224909186527441,4.7040805771976784],[-74.224912635320138,4.7040832957846357],[-74.224916073101227,4.7040860040630781],[-74.224919516043755,4.7040887140774039],[-74.22492296083756,4.7040914228276458],[-74.224926409853296,4.7040941318551912],[-74.224929857340229,4.7040968371547898],[-74.224933310033123,4.7040995431071186],[-74.224936767861436,4.7041022491372733],[-74.224940219878803,4.7041049480910226],[-74.224943677058533,4.7041076478511776],[-74.224947136104419,4.7041103456368667],[-74.224950600259689,4.7041130434709979],[-74.224954071516905,4.7041157417868673],[-74.224957540197281,4.7041184341607742],[-74.224961147198727,4.7041212303292284],[-74.225051766869072,4.7041899613656843],[-74.225143752883525,4.7042568376244249],[-74.22514745376219,4.7042594695776776],[-74.225151034011844,4.7042620117368541],[-74.225154620248901,4.704264553487449],[-74.225158200874048,4.7042670878857544],[-74.225161786571519,4.7042696218657909],[-74.225165369453165,4.7042721507550382],[-74.225168958771448,4.7042746801839783],[-74.225172541109401,4.7042772022343229],[-74.225176128505666,4.7042797247568489],[-74.225179722355492,4.704282247818564],[-74.225183304566315,4.7042847611588696],[-74.225186896977334,4.7042872783009804],[-74.225190485145262,4.7042897902908631],[-74.225194080278328,4.7042923038016662],[-74.225197667000145,4.7042948098876094],[-74.225201258768251,4.7042973173302531],[-74.225204853379793,4.7042998240365757],[-74.225208438135908,4.7043023232359307],[-74.225212037279789,4.7043048293934477],[-74.22521562526714,4.704307326870941],[-74.225219217398248,4.7043098256986235],[-74.225222806285473,4.7043123213632763],[-74.225226399319666,4.7043148183781964],[-74.225229993256022,4.7043173144859978],[-74.22523358395155,4.7043198074362884],[-74.225237174105231,4.7043222993836507],[-74.225240765702182,4.704324791427652],[-74.225244352613203,4.7043272802196352],[-74.225247943667171,4.704329771260408],[-74.225251527335544,4.70433225780274],[-74.225255123076565,4.7043347511899052],[-74.225474947903521,4.704487214701242],[-74.225478534197663,4.7044897021588472],[-74.225482125253393,4.7044921922933725],[-74.22548570837877,4.7044946778321197],[-74.225489292049318,4.7044971643734401],[-74.225492883648869,4.7044996555113334],[-74.225496470017475,4.7045021432991723],[-74.225500049000402,4.704504627491505],[-74.225503636455855,4.7045071172844368],[-74.225507221925383,4.7045096059774663],[-74.225510800007825,4.7045120910712441],[-74.225514386020734,4.7045145816713161],[-74.225517967886745,4.7045170700170429],[-74.225521548314134,4.7045195582666075],[-74.2255251287432,4.7045220474203413],[-74.225528705027415,4.7045245352211422],[-74.225532289238359,4.704527028534347],[-74.2255358693006,4.7045295195884513],[-74.225539443253069,4.7045320081969502],[-74.225543017739753,4.7045344987053301],[-74.225546595999461,4.704536992468717],[-74.22555017283274,4.7045394861412015],[-74.225553740845314,4.704541976096178],[-74.225557317303242,4.7045444725693448],[-74.225560887671662,4.7045469665975554],[-74.22556445907324,4.7045494626035005],[-74.225568027646247,4.7045519584374231],[-74.225571596734738,4.7045544561624579],[-74.225575160261741,4.7045569524287449],[-74.225578736365364,4.7045594575007312],[-74.225582294837992,4.7045619532868077],[-74.225585703847713,4.704564346570848],[-74.225794413716088,4.7047143450354065],[-74.2259996444877,4.7048687948618984],[-74.226201445860653,4.7050277284177904],[-74.226399861576695,4.7051911852649422],[-74.226403058533251,4.7051938789625796],[-74.226406385469588,4.7051966848862934],[-74.226409715964238,4.7051994953253358],[-74.226413040854297,4.7052023035978623],[-74.226416368905689,4.7052051161998421],[-74.226419696055785,4.7052079297023308],[-74.226423026624005,4.7052107469970199],[-74.226426344507615,4.705213556887438],[-74.226429673010472,4.7052163765267387],[-74.226433000879709,4.7052191965324521],[-74.226436320389865,4.7052220120220083],[-74.226439647087588,4.7052248343675602],[-74.226442973160616,4.7052276570863061],[-74.226446290594964,4.7052304749035452],[-74.226449618907779,4.7052333019568628],[-74.226452943181883,4.7052361264832845],[-74.226456263138218,4.7052389490087849],[-74.226459582195673,4.7052417724368523],[-74.226462908704718,4.7052446022019003],[-74.226466231182371,4.7052474294411502],[-74.226469553370407,4.7052502572000714],[-74.226472874655983,4.7052530849574357],[-74.226476199654925,4.7052559160124634],[-74.226479516914267,4.7052587421474348],[-74.226482845646728,4.7052615771503756],[-74.226486162004349,4.7052644032835076],[-74.226489490131343,4.705267238675626],[-74.226492806491137,4.7052700657126092],[-74.226496134320612,4.7052729016203561],[-74.226499458125772,4.7052757340980342],[-74.226502777906276,4.7052785640495598],[-74.22669165326036,4.7054395492754173],[-74.226694975364055,4.7054423812046986],[-74.226698303194496,4.705445217110813],[-74.226701622976975,4.7054480470616076],[-74.226704950807147,4.7054508829674573],[-74.226708278934836,4.7054537183575338],[-74.226711599321462,4.7054565479198924],[-74.226714931473722,4.7054593858338967],[-74.226718256182465,4.7054622174066187],[-74.226721585210868,4.7054650518899006],[-74.226724914847125,4.7054678859856924],[-74.226728244776453,4.7054707195625607],[-74.226731570995895,4.7054735498451503],[-74.226734909273873,4.705476387945831],[-74.22673823668741,4.7054792168059896],[-74.226741572450536,4.7054820510920692],[-74.226744904798736,4.7054848815700829],[-74.226748237430414,4.7054877115220588],[-74.22675157903565,4.7054905465153958],[-74.2267549091532,4.705493371758191],[-74.226758251942329,4.7054962053135183],[-74.226761591947465,4.7054990346945065],[-74.226764928183343,4.7055018601160938],[-74.226768277725384,4.7055046934632623],[-74.226771616399773,4.7055075167055858],[-74.22677495938791,4.7055103419265905],[-74.226778307332708,4.7055131687599667],[-74.226781652388468,4.7055159916255223],[-74.226785007101284,4.7055188191577022],[-74.226788350547324,4.7055216364252237],[-74.226791707077595,4.7055244612370997],[-74.226795219278245,4.7055274145103221],[-74.226982940638521,4.7056813451723229],[-74.226986513355769,4.7056842018636003],[-74.22698994156039,4.7056869395632743],[-74.226993362201782,4.7056896695889838],[-74.226996792260536,4.7056924038741643],[-74.227000211332111,4.705695128488987],[-74.227003638951828,4.7056978575702999],[-74.227007068353373,4.7057005855359062],[-74.227010490133651,4.7057033065299514],[-74.22701392046055,4.7057060319778978],[-74.227017352577775,4.7057087563154942],[-74.227020772807151,4.7057114712123269],[-74.227024210100396,4.7057141964072304],[-74.227027636399143,4.7057169119733295],[-74.22703106696629,4.7057196293013197],[-74.227034494168805,4.7057223432479409],[-74.227037926537676,4.7057250594747542],[-74.227041354641443,4.7057277716101575],[-74.227044787915645,4.7057304862165825],[-74.227048217823537,4.7057331972547765],[-74.22705164772718,4.7057359075760354],[-74.227055078537163,4.70573861770837],[-74.227058509341148,4.705741327122877],[-74.227061941054018,4.7057440363500174],[-74.227065372768934,4.705746744673398],[-74.227068804473433,4.7057494522761711],[-74.227072228540123,4.7057521545632728],[-74.227075664512554,4.7057548648216923],[-74.227079093764019,4.7057575695841436],[-74.227082522100176,4.7057602736245689],[-74.227085954705046,4.7057629803204266],[-74.227089375391301,4.7057656792310523],[-74.228307277880816,4.706726161255224],[-74.228310704694309,4.7067288640808966],[-74.228314137308814,4.7067315707705202],[-74.228317558004193,4.7067342696745582],[-74.228320986351704,4.7067369746141692],[-74.228324410427888,4.7067396768946486],[-74.22832783359253,4.7067423793589613],[-74.22833125675956,4.7067450827281476],[-74.228334671385454,4.7067477816760341],[-74.228338097031013,4.7067504893300542],[-74.228341509852527,4.706753189364381],[-74.228344921782821,4.7067558912063889],[-74.22834833281172,4.7067585946585515],[-74.228351750587137,4.7067613043574559],[-74.228355155548158,4.7067640071269095],[-74.228358558717076,4.7067667116988536],[-74.228361964366485,4.706769420755327],[-74.228365369119715,4.7067721316154492],[-74.228368764419415,4.7067748388952708],[-74.228372161339848,4.7067775508798197],[-74.228375557331375,4.7067802653553272],[-74.228378947242589,4.7067829789226963],[-74.228382334559043,4.7067856947276283],[-74.22838572088591,4.7067884136921059],[-74.228389100286435,4.7067911319520617],[-74.228392481360501,4.7067938558707176],[-74.228395852900491,4.706796577691561],[-74.22839922943399,4.706799307678061],[-74.228402595681303,4.7068020351165014],[-74.228405963449475,4.7068047686515637],[-74.228409324335587,4.7068075023729605],[-74.228412491359151,4.7068100838499731],[-74.228499784961457,4.7068833990939387],[-74.228584980356459,4.7069591589316024],[-74.228588019967631,4.7069619427682579],[-74.22859121288873,4.7069648730834688],[-74.22859440256191,4.7069678063922833],[-74.228597589240422,4.7069707430031107],[-74.228600777000395,4.7069736857736428],[-74.228603962068718,4.706976631233327],[-74.228607145065496,4.7069795800256786],[-74.228610325044755,4.7069825311363349],[-74.228613506410568,4.7069854878899511],[-74.228616681627756,4.706988444124943],[-74.228619862242411,4.706991408846779],[-74.22862303733946,4.7069943727981975],[-74.2286262106538,4.7069973394561222],[-74.228629385234015,4.7070003107100726],[-74.228632558423556,4.7070032842028011],[-74.228635729402257,4.7070062590466044],[-74.228638902704844,4.7070092387124856],[-74.228642075111665,4.707012220182885],[-74.22864523790156,4.7070151969485421],[-74.228648414768955,4.7070181878550521],[-74.228651579225925,4.7070211705750387],[-74.228654753612886,4.7070241634960404],[-74.228657919736349,4.7070271512791244],[-74.228661088643094,4.7070301434370494],[-74.22866426468353,4.7070331423287683],[-74.228667424652997,4.7070361295487482],[-74.228670598894979,4.7070391302530172],[-74.228673773131973,4.7070421309524999],[-74.228676939338143,4.7070451258145818],[-74.228680112675136,4.7070481274196041],[-74.228683286011261,4.7070511290236983],[-74.228849949972087,4.7072087880914673],[-74.228855239516733,4.7072137916957137],[-74.228860530913394,4.7072187961474476],[-74.228865820109689,4.707223798517763],[-74.228871114483695,4.7072288040274577],[-74.228876409760005,4.7072338086321945],[-74.228881711117381,4.7072388154682079],[-74.22888700909995,4.7072438173577336],[-74.228892315370416,4.7072488226518914],[-74.228897619036047,4.7072538228779139],[-74.228902928919752,4.7072588245477336],[-74.228908243588307,4.7072638254537953],[-74.228913563942555,4.7072688255890833],[-74.228918884172572,4.7072738202814453],[-74.228924206972309,4.7072788121217277],[-74.228929540650469,4.7072838062994524],[-74.22893487512215,4.7072887941413306],[-74.228940213808713,4.7072937789742362],[-74.228945560718742,4.7072987626645872],[-74.228950911999732,4.7073037416713328],[-74.228956270039703,4.707308717308738],[-74.228961630369241,4.7073136863264828],[-74.228967000435944,4.7073186538884881],[-74.228972372963582,4.7073236140856265],[-74.228977758215237,4.7073285738189723],[-74.228983146840264,4.7073335252841604],[-74.228988540902051,4.707338470385948],[-74.228993943371677,4.7073434110173364],[-74.228999354455652,4.7073483464483603],[-74.22900477485851,4.7073532764835528],[-74.229010201829212,4.7073581985255233],[-74.229015793094121,4.7073632553091853],[-74.229103050473796,4.707440189485494],[-74.229192103540058,4.7075150235813679],[-74.229197898149323,4.7075197694411512],[-74.229203569397441,4.7075244018268361],[-74.229209254943527,4.7075290308660396],[-74.229214936874627,4.7075336452367607],[-74.229220627170974,4.7075382539716504],[-74.229226323809698,4.7075428554236822],[-74.229232020929487,4.707547446323149],[-74.22923772591632,4.70755203208609],[-74.22924342591709,4.7075566054682882],[-74.229249143393645,4.7075611805206439],[-74.229254853354746,4.7075657411942577],[-74.229260569857303,4.7075702980298937],[-74.229266290885221,4.7075748494141463],[-74.229272010959278,4.7075793926160108],[-74.229277734647781,4.7075839312763961],[-74.229283464513813,4.7075884665201695],[-74.229289190314731,4.7075929929545319],[-74.22929492449434,4.7075975184276109],[-74.229300653692547,4.7076020351020098],[-74.229306385594256,4.7076065490512269],[-74.229312125349949,4.7076110625178407],[-74.229317857177094,4.7076155665098876],[-74.229323593381665,4.7076200698053521],[-74.229329328815012,4.7076245692645697],[-74.229335068632025,4.7076290680287478],[-74.229340802174605,4.7076335602593531],[-74.229346539199554,4.7076380527014114],[-74.229352277462624,4.7076425437937823],[-74.229358011692469,4.7076470308237193],[-74.229363745922399,4.7076515169490385],[-74.229369480485275,4.7076560026291423],[-74.233610832596611,4.7109736956624175],[-74.233614270680604,4.7109763852290127],[-74.233617709880249,4.7109790756682886],[-74.23362115334173,4.7109817687358797],[-74.233624589180707,4.7109844565464032],[-74.233628032642443,4.7109871496140681],[-74.233631468481462,4.7109898374244983],[-74.233634916251788,4.7109925329571123],[-74.23363834778084,4.710995217397322],[-74.233641791243841,4.7109979104658626],[-74.233645231392586,4.711000600742894],[-74.233648674854564,4.7110032929054615],[-74.233652110645323,4.7110059799738222],[-74.233655555056643,4.7110086728787453],[-74.233658995157867,4.7110113624133492],[-74.233662443830781,4.7110140570386676],[-74.233665876259749,4.7110167405767349],[-74.233669324934255,4.7110194352031414],[-74.233672757363308,4.7110221187412042],[-74.233676206037529,4.7110248133673718],[-74.233679651354038,4.7110275044634209],[-74.233683088042952,4.7110301897235463],[-74.233686537618851,4.7110328834419031],[-74.233689975262337,4.7110355685442968],[-74.233693420525668,4.711038258893514],[-74.233696866743855,4.7110409490833351],[-74.233700308593654,4.7110436360626622],[-74.233703751452666,4.7110463236296418],[-74.233707201932475,4.7110490155356253],[-74.233710644738466,4.7110517014530542],[-74.233714087542936,4.7110543873693],[-74.233717600022771,4.7110571269259776],[-74.234075143287697,4.7113331588882481],[-74.234078678953153,4.7113358607349252],[-74.234082153177596,4.7113385147254787],[-74.234085623017634,4.7113411653661856],[-74.234089092857403,4.7113438160066607],[-74.234092571324197,4.7113464716426794],[-74.234096042066469,4.7113491213796408],[-74.234099512807546,4.7113517711156003],[-74.234102983548425,4.7113544208514453],[-74.234106462918049,4.7113570755804757],[-74.234109934561133,4.7113597244125094],[-74.234113406203363,4.7113623732438539],[-74.234116882235426,4.7113650245197718],[-74.234120349487057,4.7113676700016711],[-74.234123829759554,4.7113703238237816],[-74.234127298063157,4.7113729692046622],[-74.234130778336578,4.7113756221213734],[-74.234134246488992,4.7113782667002893],[-74.234137723424396,4.7113809170711471],[-74.234141195968022,4.7113835640937474],[-74.234144668511377,4.7113862111160714],[-74.234148141054916,4.7113888581384584],[-74.234151617837881,4.7113915077048496],[-74.234155087042737,4.7113941521825584],[-74.234158568218689,4.7113968041918763],[-74.234162033029875,4.7113994453217369],[-74.234165514206452,4.7114020973316029],[-74.234168983258925,4.7114047410067714],[-74.234172461097003,4.7114073904719849],[-74.2341759303022,4.7114100340463416],[-74.234179402692192,4.7114126802643641],[-74.23418288053027,4.7114153297294532],[-74.234613771705966,4.7117436365869363],[-74.234617242655816,4.7117462817027302],[-74.234620720497347,4.7117489311655278],[-74.234624193945649,4.7117515772810199],[-74.234627658758853,4.7117542184072834],[-74.234631139939538,4.7117568704150221],[-74.234634608994796,4.7117595140872695],[-74.234638082597272,4.7117621610070577],[-74.234641554990404,4.7117648072224068],[-74.23464502419867,4.7117674516973027],[-74.234648496746331,4.7117700987173041],[-74.234651964900863,4.7117727432921965],[-74.234655441840133,4.7117753936603259],[-74.234658909995517,4.7117780382357406],[-74.234662378302616,4.7117806836133482],[-74.234665854189075,4.711783334083667],[-74.234669322496075,4.711785979461153],[-74.234672789752111,4.7117886249402368],[-74.234676257157133,4.711791271220001],[-74.234679727755321,4.7117939201524299],[-74.234683199549153,4.7117965697813196],[-74.23468666151777,4.7117992137176117],[-74.234690132409284,4.7118018642505461],[-74.234693602109161,4.7118045140889162],[-74.234697068612405,4.7118071621742539],[-74.234700529828118,4.7118098078110915],[-74.234704003015096,4.71181246190707],[-74.234707464232784,4.7118151084475137],[-74.234710928933822,4.7118177583387064],[-74.234714392594881,4.7118204083376165],[-74.234717860637474,4.7118230616882064],[-74.234721218622298,4.7118256323806111],[-74.235079455960388,4.7121042323410736],[-74.235082780374881,4.7121068590299053],[-74.235086206063784,4.7121095659294756],[-74.235089619840736,4.7121122657416707],[-74.235093048908112,4.7121149769291808],[-74.235096466057882,4.7121176803088511],[-74.23509989085295,4.7121203897350705],[-74.235103307102719,4.71212309401648],[-74.235106730996961,4.7121258043473482],[-74.235110154889242,4.7121285146766372],[-74.235113570239406,4.7121312198600398],[-74.235116993232168,4.7121339310950274],[-74.235120411956089,4.712136639852389],[-74.235123839215149,4.7121393544670482],[-74.235127249398673,4.7121420580741225],[-74.235130675757446,4.7121447735959361],[-74.235134093582403,4.7121474832573629],[-74.235137515673642,4.7121501963004837],[-74.235140933490939,4.7121529066695924],[-74.235144350416306,4.7121556172346262],[-74.235147771606762,4.7121583311823807],[-74.235151192796422,4.7121610451294851],[-74.23515461398587,4.7121637590764518],[-74.235158035176127,4.7121664730238706],[-74.235161447828801,4.7121691818162157],[-74.235164872379727,4.7121718991463286],[-74.23516829268091,4.7121746132923654],[-74.235171709597196,4.7121773254673318],[-74.235175129886144,4.7121800403189997],[-74.235178554435961,4.7121827576480788],[-74.235181974737216,4.712185471794009],[-74.235185391653445,4.7121881839688164],[-74.236658390617549,4.7133573227098635],[-74.236661810377498,4.7133600371247875],[-74.236665230677602,4.7133627519683605],[-74.236668650977734,4.7133654668120073],[-74.236672071278235,4.7133681816558806],[-74.23667549157858,4.7133708964995664],[-74.236678911878897,4.7133736113431901],[-74.236682332179242,4.7133763261867863],[-74.236685752479659,4.7133790410304668],[-74.236689168519746,4.7133817533959581],[-74.236692593080264,4.7133844716215361],[-74.236696013381277,4.7133871864655159],[-74.236699429421137,4.7133898988307861],[-74.236702849707939,4.7133926143793143],[-74.236706269121541,4.7133953294227116],[-74.236709689407959,4.7133980449708481],[-74.236713108821718,4.7134007600142436],[-74.236716524847779,4.7134034730833685],[-74.236719948521809,4.7134061915097689],[-74.236723364548183,4.7134089045790599],[-74.236726783948228,4.7134116203273297],[-74.236730199089081,4.7134143335964103],[-74.236733622746996,4.7134170527268742],[-74.236737037888389,4.7134197659963695],[-74.236740453014022,4.713422479968548],[-74.236743875786956,4.7134251993008869],[-74.236747290912177,4.713427913272735],[-74.236750709411126,4.7134306299253153],[-74.23675412792781,4.713433346779544],[-74.236757543034287,4.7134360614521427],[-74.236760960650656,4.7134387783071965],[-74.236764340100819,4.7134414648216643],[-74.237121840253295,4.7137274006960617],[-74.237125204576358,4.713730107607458],[-74.23712860685815,4.7137328450602105],[-74.237132000638894,4.713735577300775],[-74.237135406305697,4.7137383183824264],[-74.237138804303598,4.7137410540165021],[-74.237142209969264,4.7137437950971597],[-74.237145607967449,4.7137465307314228],[-74.237149009348371,4.7137492690887326],[-74.237152406516046,4.7137520049575103],[-74.237155812111141,4.7137547467078678],[-74.23715920499248,4.7137574798504236],[-74.237162609758897,4.7137602218384256],[-74.237166011140758,4.7137629611003877],[-74.237169408236895,4.7137656976365276],[-74.237172804505008,4.7137684344088582],[-74.237176209197571,4.7137711770644524],[-74.237179609751436,4.7137739165633041],[-74.23718301106021,4.7137766564924499],[-74.237186407328053,4.7137793932644385],[-74.237189807809202,4.7137821334309677],[-74.237193208290009,4.7137848735971275],[-74.237196604484467,4.7137876110354675],[-74.237200012560251,4.7137903564173991],[-74.237203404618541,4.7137930907005607],[-74.237206809310806,4.7137958342608384],[-74.237210205505804,4.713798571699507],[-74.237213609371409,4.7138013145932698],[-74.237217005566379,4.713804052031751],[-74.237220409431345,4.7138067949250422],[-74.237223809912805,4.7138095350914],[-74.237227201896317,4.7138122700387708],[-74.237578736997392,4.7140955943437088],[-74.237582135515538,4.7140983336501341],[-74.237585535173082,4.714101074052377],[-74.237588935581599,4.7141038148825194],[-74.237592339449279,4.7141065577736905],[-74.237595739933596,4.7141092979380748],[-74.237599136131294,4.7141120353743853],[-74.237602539999401,4.7141147782657677],[-74.237605940483604,4.7141175184299495],[-74.23760933668143,4.7141202558662147],[-74.237612740549821,4.7141229987576958],[-74.237616141033726,4.714125738921612],[-74.237619541517887,4.7141284790855646],[-74.237622942001735,4.7141312192492757],[-74.237626346697226,4.7141339619020624],[-74.23762974296929,4.7141366986723101],[-74.237633147665193,4.7141394413253295],[-74.237636552434296,4.7141421833100674],[-74.237639945321433,4.7141449173538454],[-74.237643354302676,4.7141476627321843],[-74.237646751403759,4.7141503992668756],[-74.237650156173089,4.7141531412516144],[-74.237653561771907,4.7141558829993189],[-74.237656958943276,4.7141586188653148],[-74.237660364542407,4.7141613606131845],[-74.237663765928147,4.7141640989683742],[-74.237667167313191,4.7141668373230061],[-74.237670572982978,4.7141695784008988],[-74.237673970984901,4.714172314032111],[-74.237677376654858,4.7141750551100348],[-74.237680783157188,4.7141777959527777],[-74.23768422255408,4.7141805632616745],[-74.238037959639058,4.714463525937254],[-74.238041415457019,4.7144662738708476],[-74.238044828809493,4.7144689889409976],[-74.238048254946548,4.7144717125566062],[-74.238051673456695,4.7144744301073835],[-74.238055087690142,4.7144771449747092],[-74.238058513828605,4.7144798676851671],[-74.238061932357098,4.7144825845338589],[-74.238065351748915,4.7144853018810595],[-74.23806877025811,4.71448801852668],[-74.238072193041617,4.714490737852195],[-74.238075608176686,4.7144934518168142],[-74.23807903096089,4.7144961711427786],[-74.238082454629279,4.7144988902661487],[-74.238085869780903,4.7145016035283698],[-74.238089293449548,4.7145043226519192],[-74.238092712860322,4.7145070383931014],[-74.238096128011648,4.7145097516549876],[-74.238099551680719,4.7145124707786401],[-74.23810297536491,4.7145151891974413],[-74.23810639566301,4.7145179047388384],[-74.238109815087057,4.7145206197745964],[-74.238113231124373,4.7145233328366647],[-74.238116654808962,4.7145260512555582],[-74.238120075106451,4.7145287667964126],[-74.238123494531209,4.7145314818324975],[-74.23812691056834,4.7145341948943003],[-74.238130338512065,4.7145369157901218],[-74.238133754564615,4.7145396281491179],[-74.238137174862487,4.7145423436900584],[-74.238140598547062,4.7145450612036166],[-74.238144014598575,4.7145477735616268],[-74.249901868732138,4.7238823029090442],[-74.249905283461445,4.7238850147985705],[-74.249908711496772,4.7238877356326583],[-74.249912127639661,4.7238904479294748],[-74.249915548028284,4.7238931634083796],[-74.249918967543763,4.7238958783822458],[-74.249922383671475,4.7238985913819169],[-74.249925811707172,4.7239013122160562],[-74.249929223574355,4.7239040218334489],[-74.249932647351642,4.7239067401912358],[-74.249936063479794,4.7239094531910339],[-74.249939478722567,4.7239121663908836],[-74.249942902483113,4.7239148854522082],[-74.249946317725758,4.7239175986518269],[-74.24994973295297,4.7239203125545535],[-74.249953155828166,4.7239230318174634],[-74.249956571055108,4.7239257457198924],[-74.249959985398633,4.7239284598235205],[-74.249963404000155,4.7239311773111661],[-74.249966818324779,4.7239338921154879],[-74.249970240299774,4.7239366122851072],[-74.249973650369185,4.7239393246094732],[-74.249977068070393,4.7239420430021539],[-74.249980481493495,4.7239447587089147],[-74.249983898314952,4.7239474773057983],[-74.249987311739076,4.7239501939164583],[-74.249990728537895,4.7239529132125782],[-74.249994136807288,4.7239556273403123],[-74.249997552706219,4.723958347541843],[-74.250000964353902,4.7239610652614923],[-74.250004375974754,4.7239637836770623],[-74.250007701016997,4.7239664339863641],[-74.250359807968849,4.7242508714485414],[-74.250363101934767,4.7242535681946842],[-74.250366476732651,4.7242563320209294],[-74.250369851392378,4.7242590964714779],[-74.25037322529171,4.7242618612022094],[-74.250376599049659,4.7242646265549899],[-74.250379976347233,4.7242673949737917],[-74.250383354260109,4.7242701637317914],[-74.250386718806624,4.7242729240766455],[-74.250390103512245,4.724275699310386],[-74.250393472216615,4.7242784630636878],[-74.250396844172471,4.7242812302221475],[-74.250400219672741,4.72428400045305],[-74.250403591627844,4.7242867685140046],[-74.250406971278863,4.724289542151654],[-74.250410338934401,4.7242923074227425],[-74.250413713536616,4.7242950785602398],[-74.250417093038152,4.7242978528161252],[-74.250420459942092,4.7243006183723404],[-74.250423830247186,4.7243033876240075],[-74.250427208846048,4.7243061627850453],[-74.250430579150446,4.7243089320360712],[-74.250433957749465,4.7243117071971934],[-74.250437323753459,4.7243144736551184],[-74.25044070160456,4.7243172491066447],[-74.250444076056681,4.7243200217649779],[-74.250447442062637,4.7243227891264192],[-74.250450819759465,4.7243255651930731],[-74.250454197609599,4.7243283406436678],[-74.250457567762382,4.7243311105096444],[-74.250460937167659,4.7243338806644273],[-74.250464314863592,4.7243366567301548],[-74.250837497969997,4.7246433929833458],[-74.250840868384586,4.7246461639633051],[-74.250844250381945,4.7246489428184129],[-74.250847616392562,4.7246517101790619],[-74.250850994092474,4.7246544862435247],[-74.250854367646852,4.7246572589001898],[-74.250857745499488,4.7246600343481164],[-74.250861111509195,4.7246628017078534],[-74.250864493507748,4.724665580563701],[-74.250867867811735,4.7246683529320217],[-74.250871241517942,4.7246711249724758],[-74.250874615973018,4.7246738976282323],[-74.250877994575177,4.7246766727867309],[-74.250881369030708,4.7246794445385545],[-74.250884747784255,4.7246822190797966],[-74.250888118842155,4.7246849880411697],[-74.250891497595944,4.7246877625825245],[-74.250894877101388,4.7246905368360324],[-74.250898252458057,4.7246933076832285],[-74.250901627814414,4.7246960785301368],[-74.250905007469157,4.7246988521649227],[-74.250908383579187,4.7247016227261343],[-74.250911763233958,4.7247043954558805],[-74.250915147940759,4.7247071706843711],[-74.250918516649079,4.7247099344349222],[-74.250921901357259,4.7247127096644617],[-74.250925286968283,4.7247154839870591],[-74.250928660731489,4.7247182493377382],[-74.250932042187557,4.7247210202542043],[-74.250935424403806,4.7247237908884063],[-74.2509388067609,4.7247265608984357],[-74.250942272787526,4.724729399429962],[-74.251299489508995,4.7250179631919744],[-74.251302990215024,4.7250207535026556],[-74.251306409469535,4.7250234779860181],[-74.251309828753548,4.7250262017734528],[-74.251313248911131,4.7250289253517206],[-74.251316669095715,4.7250316482325525],[-74.251320085880039,4.7250343682196068],[-74.25132350606431,4.7250370901950678],[-74.251326927149279,4.725039812169074],[-74.251330349113132,4.725042533937204],[-74.25133376254729,4.7250452496372262],[-74.251337187907396,4.7250479733888966],[-74.251340606499326,4.7250506915701056],[-74.251344028484922,4.7250534117323406],[-74.251347447096762,4.7250561292123994],[-74.251350869964767,4.725058849170904],[-74.251354284319248,4.7250615632672091],[-74.251357707187736,4.7250642832260272],[-74.251361130074343,4.7250670024818318],[-74.251364553845505,4.7250697215352995],[-74.251367969099505,4.7250724347276671],[-74.251371392871249,4.725075153781459],[-74.251374812384128,4.7250778694524227],[-74.251378231896666,4.7250805851230817],[-74.2513816556839,4.7250833034721165],[-74.251385071823321,4.725086016464271],[-74.251388499869734,4.7250887372901715],[-74.251391911749153,4.7250914469004597],[-74.251395335537467,4.7250941652502334],[-74.251398760211799,4.7250968833983666],[-74.251402172090152,4.7250995930077249],[-74.251405600137744,4.7251023138343813],[-74.25242578160406,4.7259122069913273],[-74.252429204898149,4.7259149240319198],[-74.252432625320282,4.7259176387927333],[-74.252436041481602,4.7259203510753025],[-74.252439461889807,4.7259230665408261],[-74.252442889958118,4.7259257866546394],[-74.252446307008483,4.7259284987395054],[-74.252449731692451,4.725931215978008],[-74.252453152126407,4.7259339300326051],[-74.25245657771184,4.7259366472700233],[-74.252460003299063,4.725939363603521],[-74.252463420358083,4.7259420740776079],[-74.252466854481639,4.7259447955590907],[-74.252470276716465,4.7259475078041042],[-74.252473704101476,4.7259502230363761],[-74.252477130599331,4.7259529368502005],[-74.252480557997274,4.7259556506620823],[-74.252483986293058,4.725958364279764],[-74.252487418861563,4.7259610796593448],[-74.252490843790866,4.7259637889939281],[-74.252494281533814,4.7259665059389775],[-74.252497707365691,4.7259692134660192],[-74.252501146009223,4.7259719287853219],[-74.25250457365108,4.7259746352212062],[-74.252508013197883,4.7259773487253298],[-74.252511446001691,4.7259800561944294],[-74.252514883998842,4.7259827659486415],[-74.252518321986102,4.7259854740761984],[-74.252521760875766,4.7259881812965201],[-74.252525200667023,4.7259908876090986],[-74.252528641386007,4.7259935928392185],[-74.252532200611455,4.725996389773238],[-74.252713925796272,4.7261365701515503],[-74.252717525314466,4.7261392961321613],[-74.25272101899003,4.7261419396827273],[-74.252724510422368,4.7261445797217743],[-74.252727997254539,4.7261472155979378],[-74.252731493823731,4.7261498563401885],[-74.252734986879986,4.7261524928381444],[-74.252738476606467,4.726155125916315],[-74.252741974792784,4.7261577631086658],[-74.252745466326616,4.7261603943774926],[-74.252748953429574,4.7261630223066584],[-74.252752457848004,4.7261656601105511],[-74.252755946758697,4.726168286234536],[-74.252759444530213,4.7261709172176722],[-74.252762937665366,4.7261735440323713],[-74.252766431699172,4.7261761708442203],[-74.25276993128054,4.7261788000157567],[-74.252773426216123,4.7261814250170069],[-74.252776917825273,4.7261840475193893],[-74.252780418314046,4.7261866748805401],[-74.252783909708569,4.7261892956408245],[-74.252787410884451,4.7261919221606075],[-74.252790904514697,4.7261945427901946],[-74.252794401249616,4.7261971650718575],[-74.25279789466029,4.7261997848603512],[-74.252801388071347,4.7262024046489657],[-74.252804890151111,4.726205029356394],[-74.252808380238676,4.7262076457497262],[-74.252811877874791,4.7262102671252215],[-74.252815376633421,4.7262128884370309],[-74.252818866498288,4.7262155039883726],[-74.252822360810498,4.7262181228722806],[-74.253012029712906,4.7263602578233295],[-74.25301552255479,4.7263628756032228],[-74.253019021314998,4.7263654969139699],[-74.253022511181229,4.7263681124640984],[-74.25302600549503,4.7263707313469965],[-74.25302949558332,4.7263733477383782],[-74.253032993220174,4.7263759691121212],[-74.253036478862668,4.7263785830741405],[-74.253039976721396,4.72638120529085],[-74.253043465687924,4.7263838217444212],[-74.253046950430445,4.7263864366081911],[-74.253050447168434,4.7263890597944629],[-74.253053932127997,4.7263916754959352],[-74.253057423524027,4.7263942962543002],[-74.253060911808959,4.7263969153538712],[-74.253064398979006,4.7263995345194978],[-74.253067881922931,4.7264021520900146],[-74.253071368405728,4.7264047729955676],[-74.253074858005007,4.7264073964698969],[-74.253078335820675,4.7264100133414892],[-74.25308182029724,4.7264126361249605],[-74.253085304975897,4.7264152597382854],[-74.253088788550173,4.7264178834232977],[-74.253092267896065,4.7264205055045654],[-74.253095746146343,4.726423128564333],[-74.253099224791441,4.7264257532781144],[-74.253102705670173,4.7264283805795166],[-74.253106182318334,4.7264310062699595],[-74.253109658066563,4.7264336328623866],[-74.2531131284954,4.7264362579183823],[-74.253116602447705,4.7264388872196514],[-74.253119959331727,4.7264414287869059],[-74.253301208478931,4.7265812416137845],[-74.253304523869019,4.7265838469259389],[-74.253307953547363,4.7265865427565501],[-74.253311373738057,4.7265892336418744],[-74.253314793057143,4.7265919261561304],[-74.253318223380873,4.7265946275262731],[-74.253321641798493,4.7265973218407966],[-74.253325058403092,4.726600017237053],[-74.253328486945122,4.7266027220464011],[-74.253331906932431,4.7266054217204916],[-74.253335326021556,4.7266081222978107],[-74.253338744210794,4.7266108237769737],[-74.253342170047389,4.7266135312981534],[-74.253345583060664,4.7266162312012696],[-74.253349007998196,4.7266189405327106],[-74.253352424388382,4.7266216447182012],[-74.253355844153575,4.7266243524767981],[-74.25335926391466,4.726627060945221],[-74.253362687047073,4.7266297720832631],[-74.253366097370247,4.7266324755942657],[-74.25336952387002,4.7266351910200051],[-74.253372933294997,4.7266378954322059],[-74.253376363164762,4.7266406144359241],[-74.25337977258323,4.7266433195551301],[-74.25338319302692,4.7266460336069098],[-74.253386614345601,4.7266487481641892],[-74.253390034786236,4.7266514622135229],[-74.253393451842939,4.7266541742927215],[-74.253396872272361,4.7266568890484359],[-74.253400284165537,4.726659598646946],[-74.253403712228561,4.7266623194631068],[-74.253407132659305,4.7266650342197485],[-74.260131567644379,4.7320032608005862],[-74.260134986730364,4.7320059753168806],[-74.260138411471843,4.7320086934184946],[-74.26014182341757,4.7320114029818257],[-74.260145251532407,4.7320141237619247],[-74.260148672015276,4.7320168384829753],[-74.260152096770284,4.7320195558786278],[-74.260155518141389,4.7320222704002095],[-74.260158934360632,4.7320249817376956],[-74.260162363377077,4.7320277016098347],[-74.260165784761028,4.7320304154260704],[-74.260169214679635,4.7320331343908348],[-74.260172632691123,4.7320358446291015],[-74.260176058347383,4.7320385602134509],[-74.260179489168365,4.7320412782709216],[-74.260182916622327,4.7320439927542566],[-74.260186339807248,4.7320467038560583],[-74.26018976299207,4.7320494149577641],[-74.26019319898792,4.7320521338693657],[-74.260196623976697,4.7320548438768002],[-74.260200060876329,4.7320575609736881],[-74.260203486767409,4.7320602693638678],[-74.260206916929789,4.7320629802260354],[-74.260210351364165,4.7320656928453335],[-74.260213786701868,4.732068404558099],[-74.26021722294216,4.7320711153638317],[-74.260220651534723,4.7320738201346257],[-74.260224092957557,4.7320765325030312],[-74.260227526721579,4.7320792381197583],[-74.26023096568629,4.7320819460233947],[-74.260234408903159,4.7320846549451012],[-74.260237970797007,4.7320874572311382],[-74.260455884145827,4.7322554539476727],[-74.26067706728891,4.732419353504544],[-74.260901189540164,4.7325789109380487],[-74.260904902956668,4.7325815010273757],[-74.260908492649676,4.7325840032853312],[-74.260912083245785,4.7325865046367772],[-74.260915674744041,4.7325890050809472],[-74.260919267674311,4.7325915047097435],[-74.260922855398945,4.7325940000869275],[-74.260926453380876,4.732596500158313],[-74.260930038762183,4.7325989914697839],[-74.260933632967038,4.7326014873800277],[-74.260937228076287,4.7326039823844983],[-74.260940819943684,4.7326064742326048],[-74.260944411811536,4.7326089651757188],[-74.260948003135397,4.7326114551154097],[-74.260951600048244,4.7326139473987086],[-74.26095519372295,4.7326164365317638],[-74.260958791539139,4.7326189270024264],[-74.260962376730276,4.7326214096356471],[-74.26096597599971,4.7326239002064083],[-74.260969570025807,4.7326263865223153],[-74.260973160810437,4.732628870595498],[-74.260976756291029,4.7326313570124903],[-74.260980355911883,4.7326338447626641],[-74.260983938759665,4.732636322444578],[-74.260987538381769,4.7326388101955787],[-74.260991138906448,4.7326412970395708],[-74.26099472265436,4.7326437738194667],[-74.260998319039501,4.732646258426902],[-74.261001910166229,4.7326487396817596],[-74.261005507451642,4.7326512242872294],[-74.261009095899269,4.7326537034103398],[-74.261012691723991,4.7326561870065325],[-74.261477138549168,4.7329769869649452],[-74.261480731623834,4.732979468656521],[-74.261484320074146,4.7329819477766097],[-74.26148791590235,4.7329844313702614],[-74.261491499652536,4.7329869081467013],[-74.261495091342866,4.7329893904089557],[-74.261498683032201,4.7329918726704108],[-74.26150226118331,4.732994348002646],[-74.261505856670979,4.7329968344190014],[-74.26150943392355,4.7329993106521995],[-74.261513019121423,4.7330017932842834],[-74.261516600722771,4.7330042746730649],[-74.261520179425744,4.7330067558585105],[-74.261523762824396,4.7330092412007758],[-74.261527333245084,4.7330117205935212],[-74.261530910703556,4.7330142063953202],[-74.261534487257734,4.7330166930959878],[-74.26153805823111,4.7330191783456526],[-74.261541628311605,4.733021665401119],[-74.261545202170495,4.7330241566150599],[-74.261548761629385,4.7330266417477302],[-74.261552323973035,4.7330291319435904],[-74.261555892825655,4.7330316284884582],[-74.261559449211532,4.733034120000843],[-74.261563011218755,4.7330366178770591],[-74.26156656351219,4.7330391129027829],[-74.261570118183201,4.7330416129246942],[-74.261573668281628,4.7330441134234791],[-74.261577219368476,4.7330466179480029],[-74.261580761232608,4.7330491205647203],[-74.261584308746336,4.7330516304993218],[-74.261587696013123,4.7330540314626637],[-74.261680725801199,4.7331215275422105],[-74.261772300404033,4.7331909994323311],[-74.261775605232046,4.7331935642179142],[-74.261779025423806,4.733196224024268],[-74.261782454821528,4.7331988943741896],[-74.261785883384277,4.7332015672710961],[-74.261789297247105,4.733204234403269],[-74.261792721330551,4.7332069127075238],[-74.261796147870712,4.733209595435353],[-74.261799560675371,4.7332122722189709],[-74.261802983633302,4.7332149594609527],[-74.261806401419733,4.7332176458552944],[-74.2618098216806,4.7332203366999144],[-74.261813232486134,4.7332230242204938],[-74.261816650076298,4.7332257193964438],[-74.261820065847445,4.733228415649088],[-74.261823485003447,4.7332311161831448],[-74.261826894707369,4.7332338124751798],[-74.26183031116598,4.7332365159073913],[-74.261833723351216,4.7332392182830647],[-74.261837133740883,4.7332419217509356],[-74.261840551766753,4.733244631982072],[-74.261843964633954,4.7332473399283561],[-74.261847377481487,4.7332500492861005],[-74.261850788554256,4.7332527590395763],[-74.261854203873739,4.7332554728801615],[-74.261857618308539,4.7332581869210273],[-74.261861028468871,4.7332608991826177],[-74.261864446261228,4.7332636175124767],[-74.261867864052149,4.7332663358411162],[-74.261871273312352,4.7332690490042646],[-74.261874690203584,4.7332717682385521],[-74.261878107093537,4.7332744874717081],[-74.262065108326183,4.7334233075617549],[-74.262068525270749,4.733426026836268],[-74.26207194643797,4.7334287487532132],[-74.262075364207988,4.7334314677802389],[-74.262078776845684,4.7334341836277174],[-74.262082202265859,4.7334369080235419],[-74.262085624334802,4.7334396290347618],[-74.262089047264439,4.7334423496378708],[-74.262092469351657,4.7334450690410224],[-74.262095897460583,4.7334477914187545],[-74.262099317057192,4.7334505070342701],[-74.262102749457796,4.7334532304779273],[-74.262106179382457,4.733455950142746],[-74.262109609318884,4.7334586681937116],[-74.26211304015726,4.7334613853371668],[-74.262116471898466,4.7334641015737322],[-74.262119913081676,4.7334668220390599],[-74.262123347533716,4.7334695355570089],[-74.262126787159985,4.7334722506362548],[-74.262130227696403,4.7334749639050413],[-74.26213367340597,4.7334776780115604],[-74.262137112373154,4.7334803851838609],[-74.262140569343913,4.7334831016688863],[-74.262144011956266,4.7334858050444026],[-74.262147467355007,4.7334885145153516],[-74.26215092124535,4.7334912193652805],[-74.262154380263624,4.7334939242855931],[-74.26215783778207,4.7334966245969525],[-74.262161300415542,4.7334993249634048],[-74.262164761562346,4.7335020207362266],[-74.2621682321343,4.7335047190064996],[-74.262171848272047,4.7335075261315938],[-74.26226428887675,4.7335776545173225],[-74.262358198342852,4.7336457883021623],[-74.262361911265032,4.7336484200717548],[-74.262365495424845,4.7336509565706306],[-74.262369085568835,4.7336534926509355],[-74.262372670107283,4.7336560213986587],[-74.262376263872284,4.7336585520111409],[-74.262379852041107,4.7336610753121802],[-74.262383444783438,4.7336635981009456],[-74.262387027767346,4.7336661122168993],[-74.26239062786675,4.7336686337141369],[-74.262394217727049,4.7336711455806979],[-74.262397812636365,4.7336736578987191],[-74.262401409868801,4.7336761684829103],[-74.262405002826299,4.7336786739092185],[-74.262408593956891,4.7336811762475932],[-74.262412193386709,4.7336836812949015],[-74.262415794625667,4.7336861845242542],[-74.262419384701005,4.7336886790822916],[-74.262422983600104,4.7336911773317958],[-74.262426578723066,4.733693671423941],[-74.262430174745774,4.7336961646071032],[-74.262433771670814,4.7336986568831536],[-74.262437374187769,4.7337011505947562],[-74.262440964085087,4.7337036355665782],[-74.262444562813755,4.7337061251214907],[-74.262448158305915,4.733708611530969],[-74.262451753241379,4.7337110969310396],[-74.262455349635459,4.7337135824344143],[-74.262458946030534,4.7337160670332032],[-74.262462533027431,4.7337185460420832],[-74.262466133561304,4.7337210328768942],[-74.26246972616012,4.7337235142292764],[-74.26331617654138,4.7343081667239675],[-74.263319769659759,4.7343106484264554],[-74.263323366963576,4.7343131321149654],[-74.263326954865718,4.7343156102151873],[-74.26333055217016,4.7343180939040375],[-74.263334140072132,4.7343205720040977],[-74.263337746214972,4.7343230602668118],[-74.263341339722615,4.7343255398068518],[-74.263344937364593,4.7343280215770589],[-74.263348541178686,4.7343305057940661],[-74.263352135585976,4.7343329835242605],[-74.263355738834065,4.7343354658212622],[-74.263359342985538,4.7343379472118894],[-74.263362948039031,4.7343404276950851],[-74.263366549860876,4.7343429050483827],[-74.263370155816517,4.7343453837182636],[-74.263373767390135,4.7343478638157386],[-74.263377375153908,4.7343503397675608],[-74.263380988537421,4.7343528171430673],[-74.263384602234424,4.7343552925853034],[-74.263388214202593,4.7343577650291921],[-74.263391834428461,4.7343602400737703],[-74.26339544348231,4.734362706568862],[-74.263399074369531,4.7343651834083973],[-74.263402690877882,4.7343676486135911],[-74.263406310885415,4.7343701140647703],[-74.263409942177987,4.7343725832464925],[-74.263413571173245,4.7343750475212065],[-74.263417195692313,4.7343775066162168],[-74.26342083215593,4.734379969570381],[-74.263424464143426,4.7343824264435117],[-74.263428233274453,4.7343849729328245],[-74.263526559866989,4.7344500174562523],[-74.263626071661491,4.7345132148715479],[-74.263629914271462,4.7345156041471226],[-74.263633653331766,4.7345179237175028],[-74.26363736809688,4.7345202272904343],[-74.263641109880098,4.7345225423018515],[-74.263644836371782,4.734524845461288],[-74.263648563755169,4.7345271467977206],[-74.263652296036,4.7345294482255342],[-74.26365603116102,4.7345317481242502],[-74.263659766156238,4.7345340450097586],[-74.263663498966523,4.7345363381781826],[-74.263667228694601,4.7345386276381527],[-74.263670965340864,4.7345409187725886],[-74.263674702825938,4.7345432076983691],[-74.263678434210291,4.7345454914244405],[-74.263682171542413,4.7345477764246429],[-74.263685904729627,4.7345500574294155],[-74.263689638816743,4.7345523375256295],[-74.26369337488174,4.7345546170173058],[-74.263697113849872,4.7345568962701634],[-74.263700846667845,4.7345591708660004],[-74.263704579483729,4.734561444555264],[-74.263708316277544,4.7345637192118328],[-74.263712053973464,4.7345659929612438],[-74.263715783531765,4.7345682617586737],[-74.263719527193174,4.7345705367743154],[-74.263723252585805,4.7345728015875332],[-74.263726993179773,4.7345750738306585],[-74.263730718569533,4.7345773377390117],[-74.263734458068313,4.7345796087670546],[-74.26373818545575,4.7345818729855162],[-74.263741919885945,4.7345841409339506],[-74.264168232617777,4.7348430419522591],[-74.264171963893816,4.7348453079807395],[-74.264175691282361,4.7348475721957524],[-74.26417942571581,4.7348498401418508],[-74.264183153104369,4.7348521043568299],[-74.264186887537448,4.7348543723027356],[-74.264190609856314,4.7348566343415142],[-74.264194340318113,4.7348589013271054],[-74.264198061735627,4.7348611642670377],[-74.264201791296287,4.7348634321571366],[-74.264205515789357,4.7348656978691634],[-74.264209240284245,4.7348679644852254],[-74.264212965869305,4.7348702323125851],[-74.264216685486844,4.7348724979586985],[-74.264220408183434,4.7348747663821849],[-74.264224130881288,4.7348770357093217],[-74.264227845621079,4.7348793021852345],[-74.264231566521588,4.7348815733203757],[-74.264235282365505,4.7348838431744742],[-74.264239000361371,4.7348861154412862],[-74.264242714409107,4.7348883871001499],[-74.264246429531454,4.7348906608678627],[-74.264250147736945,4.7348929374244886],[-74.26425385292319,4.7348952089153435],[-74.264257560302738,4.7348974841014417],[-74.264261271826641,4.7348997632825274],[-74.264264981397943,4.734902043068792],[-74.264268682992636,4.734904320860756],[-74.264272391818949,4.73490660455382],[-74.264276089675505,4.7349088847503431],[-74.264279792708663,4.7349111701440192],[-74.264283328287618,4.7349133539111143],[-74.264448318395154,4.7350179763919842],[-74.264610883774765,4.7351263570179043],[-74.264614326738183,4.7351287108549949],[-74.264617913342775,4.7351311659292366],[-74.264621506417114,4.7351336272311713],[-74.264625087097485,4.735136083692324],[-74.264628682204517,4.7351385509443062],[-74.264632259598372,4.7351410099782791],[-74.264635852911638,4.735143480847098],[-74.264639437946101,4.7351459481634084],[-74.264643020605789,4.7351484162665134],[-74.26464660707839,4.7351508885157196],[-74.26465019208193,4.735153361556443],[-74.264653773516386,4.7351558342775819],[-74.264657361430125,4.7351583123722865],[-74.264660936359888,4.7351607845457995],[-74.264664522478895,4.735163265353755],[-74.264668109148388,4.7351657471653121],[-74.264671689668134,4.7351682265272066],[-74.264675275437256,4.7351707101457627],[-74.264678850918315,4.7351731890666535],[-74.264682439028959,4.7351756767395123],[-74.26468601830274,4.7351781598132412],[-74.264689605510569,4.7351806483893926],[-74.264693188029952,4.7351831346165083],[-74.264696766406033,4.7351856194957893],[-74.264700348566606,4.7351881076273026],[-74.264703933434163,4.7351905979163735],[-74.264707515593344,4.7351930869501269],[-74.264711100998269,4.7351955782388053],[-74.264714686402598,4.7351980695270184],[-74.264718271807098,4.7352005608153425],[-74.264721852529576,4.7352030497539008],[-74.264832476955164,4.7352799345071999],[-74.266393044977704,4.7363645306667284],[-74.266396628717857,4.7363670216848259],[-74.266400218815278,4.7363695162170449],[-74.266403799550005,4.7363720051466558],[-74.266407385501822,4.7363744974245074],[-74.266410969482294,4.7363769886095257],[-74.266414559579886,4.736379483141695],[-74.26641813616709,4.7363819698147305],[-74.266421724830266,4.736384464254801],[-74.266425306100558,4.7363869541822945],[-74.266428894762498,4.7363894486213809],[-74.266432476032477,4.7363919385486595],[-74.266436055867871,4.7363944283816926],[-74.266439649209417,4.7363969260748355],[-74.266443225799605,4.736399413651796],[-74.266446810849033,4.736401906833529],[-74.266450393930725,4.7364043989237476],[-74.266453973768094,4.7364068896608984],[-74.266457558815247,4.7364093837453689],[-74.266461141899029,4.7364118767407142],[-74.266464726945571,4.7364143708248392],[-74.266468305881503,4.736416861561235],[-74.266471884820476,4.7364193532025514],[-74.266475468963094,4.736421848189778],[-74.266479051148977,4.7364243420910679],[-74.266482625939503,4.7364268323738283],[-74.266486213329117,4.7364293305270557],[-74.266489791368016,4.7364318230715563],[-74.266493369933201,4.7364343166099179],[-74.266496947072099,4.7364368100577332],[-74.266500533558343,4.7364393091158083],[-74.266504037894833,4.7364417527027634],[-74.266874594654169,4.7367028807766731],[-74.266878083263478,4.736705365247305],[-74.266881635676853,4.7367078957988173],[-74.266885186756681,4.7367104263036355],[-74.266888737838741,4.7367129577129825],[-74.26689229812942,4.7367154947813397],[-74.266895845036075,4.7367180238565698],[-74.266899395219497,4.7367205561700452],[-74.26690295460719,4.7367230941435743],[-74.266906504790143,4.7367256264566651],[-74.266910059576048,4.7367281620523904],[-74.266913605583809,4.7367306929323174],[-74.266917168244476,4.7367332341466692],[-74.266920714253843,4.7367357650276487],[-74.266924268139448,4.7367383015283755],[-74.26692782202403,4.7367408380283313],[-74.266931367131576,4.7367433698098118],[-74.266934924292727,4.7367459095534699],[-74.266938478600238,4.7367484469990364],[-74.266942031160681,4.73675098345762],[-74.266945576270416,4.7367535161426275],[-74.266949133852449,4.7367560568316476],[-74.266952686836518,4.7367585942362735],[-74.26695623522221,4.7367611292604623],[-74.266959792803405,4.7367636699486928],[-74.266963337011376,4.7367662026321273],[-74.26696689327224,4.736768743282056],[-74.266970446256437,4.7367712815907117],[-74.26697399924052,4.7367738198992377],[-74.266977552644462,4.7367763582477602],[-74.266981104306481,4.7367788956118275],[-74.266984653113099,4.7367814315797432],[-74.267377252578484,4.7370619333170643],[-74.26738080243058,4.7370644700276916],[-74.267384358692794,4.7370670106741883],[-74.267387911680245,4.7370695489807186],[-74.267391465087059,4.7370720873269399],[-74.267395016752431,4.7370746246889688],[-74.267398569739271,4.7370771629950035],[-74.267402127323052,4.7370797036804504],[-74.26740567571261,4.737082238702623],[-74.267409233297172,4.737084779388459],[-74.267412786284382,4.7370873167904932],[-74.26741634344738,4.7370898565303881],[-74.267419893159314,4.7370923915935244],[-74.267423454920277,4.7370949337115276],[-74.267427004210319,4.7370974678304787],[-74.267430562697712,4.737100007610783],[-74.267434116586244,4.7371025441081969],[-74.267437675074973,4.7371050829840398],[-74.267441233138342,4.7371076209122096],[-74.267444787927914,4.7371101565048628],[-74.267448347319004,4.7371126944750692],[-74.267451902109045,4.7371152291638055],[-74.267455461072146,4.7371177661848884],[-74.267459021366747,4.7371203032500686],[-74.267462577057742,4.7371228370339882],[-74.267466141526,4.7371253755242808],[-74.267469698119058,4.7371279084043119],[-74.267473254710538,4.7371304412832105],[-74.267476815908964,4.7371329765382466],[-74.267480381281445,4.7371355132164652],[-74.267483942947436,4.7371380466139783],[-74.267487609344585,4.7371406535750111],[-74.267859577099628,4.7374009227111413],[-74.267863278084405,4.7374034707200723],[-74.267866879033548,4.7374059489529552],[-74.26787048411893,4.7374084285054021],[-74.267874076547244,4.7374109002542397],[-74.267877687244891,4.73741338213964],[-74.267881285289661,4.7374158553234258],[-74.267884883330495,4.7374183285045302],[-74.267888490219292,4.7374208062417491],[-74.267892089746354,4.7374232786354451],[-74.267895691335781,4.7374257521108927],[-74.267899291764508,4.7374282245041481],[-74.267902899556177,4.7374307004283907],[-74.267906495268093,4.737433168679491],[-74.267910102473422,4.737435643580735],[-74.267913699087046,4.737438111832291],[-74.267917303650577,4.7374405846346308],[-74.267920907625282,4.7374430564134844],[-74.2679245130916,4.7374455283103538],[-74.267928109113868,4.7374479946352821],[-74.267931714580399,4.7374504665321764],[-74.267935319455674,4.7374529374045666],[-74.267938916970621,4.7374554038495242],[-74.267942526567822,4.737457877053699],[-74.267946119359422,4.73746034026163],[-74.26794972895803,4.7374628134666494],[-74.267953330604882,4.7374652812216098],[-74.267956932250598,4.7374677489757531],[-74.267960533895931,4.7374702167296405],[-74.267964135541888,4.7374726844838575],[-74.267967737187334,4.7374751522376926],[-74.267971338833021,4.7374776199916759],[-74.270264044833922,4.7390484465628875],[-74.270267650063332,4.7390509161305152],[-74.270271248496755,4.7390533816600779],[-74.270274850158728,4.7390558494014039],[-74.270278451820744,4.739058317142705],[-74.270282053481765,4.7390607848834705],[-74.270285659869458,4.7390632549578147],[-74.270289260935328,4.7390657216731036],[-74.27029286409433,4.7390681895355451],[-74.270296469885324,4.7390706585826852],[-74.270300072448876,4.7390731254194849],[-74.270303675011576,4.739075592255741],[-74.270307282301175,4.7390780614239567],[-74.270310884864756,4.7390805273565624],[-74.270314487427612,4.7390829932886849],[-74.27031809411902,4.739085461429144],[-74.270321702311449,4.7390879296918538],[-74.270325305776097,4.7390903947197263],[-74.270328913367635,4.7390928619535897],[-74.270332518336048,4.7390953271055878],[-74.270336130657952,4.7390977957635947],[-74.270339730292207,4.7391002566526792],[-74.270343348246442,4.7391027276365909],[-74.270346948782517,4.7391051876234762],[-74.270350563515635,4.7391076554989917],[-74.270354168174535,4.7391101167825544],[-74.270357783812074,4.7391125837516421],[-74.270361389981275,4.739115044258015],[-74.270365000273159,4.7391175069617955],[-74.270368612079594,4.7391199697936708],[-74.270372228011169,4.739122433917041],[-74.27037590133061,4.7391249371464292],[-74.270566030973498,4.7392531940025036],[-74.270757311696045,4.7393797153456241],[-74.270761030349576,4.7393821500795585],[-74.270764684156475,4.7393845420422389],[-74.270768340351054,4.7393869349773574],[-74.270772002306032,4.739389330186226],[-74.270775661091719,4.7393917224157951],[-74.270779315015375,4.739394111465737],[-74.270782977872486,4.7393965048612721],[-74.270786637562836,4.7393988952811359],[-74.270790292387161,4.7394012825220111],[-74.270793951281931,4.7394036718322745],[-74.270797611873718,4.7394060613457185],[-74.270801267599197,4.7394084476819671],[-74.270804932261242,4.739410838357232],[-74.270808588889096,4.7394132237896018],[-74.270812250384736,4.7394156114927872],[-74.270815907011126,4.7394179960199994],[-74.270819567705871,4.7394203826119581],[-74.270823226035901,4.7394227673456673],[-74.270826886730831,4.7394251530326734],[-74.270830548326245,4.7394275387183065],[-74.270834202686487,4.7394299202769821],[-74.270837865086605,4.7394323061702002],[-74.270841526682005,4.7394346909508229],[-74.270845185110545,4.7394370736686087],[-74.27084883947083,4.7394394543238487],[-74.270852501066258,4.7394418391043294],[-74.270856164368809,4.7394442240916952],[-74.270859817922727,4.7394466036350842],[-74.270863481225746,4.7394489886226792],[-74.270867139654641,4.7394513704363535],[-74.270870793207905,4.7394537499792744],[-74.271323836337061,4.7397487309674604],[-74.271327496002996,4.7397511135819057],[-74.271331154434719,4.7397534953927263],[-74.271334807990584,4.7397558749326834],[-74.271338471297341,4.7397582599179424],[-74.271342124854201,4.7397606394584813],[-74.271345783286421,4.7397630221737055],[-74.271349446592652,4.7397654071584467],[-74.271353100149554,4.7397677866989287],[-74.271356754514059,4.7397701673517254],[-74.271360411239442,4.7397725498589276],[-74.271364070476835,4.7397749336860331],[-74.271367723134077,4.7397773141297872],[-74.271371380665201,4.7397796977493369],[-74.271375033324532,4.7397820790973144],[-74.271378691658654,4.7397844638280704],[-74.271382347485584,4.7397868472406595],[-74.271385996076646,4.7397892274260869],[-74.271389652708322,4.739791612855182],[-74.271393305268319,4.7397939962160365],[-74.271396956128342,4.7397963793708717],[-74.271400611857956,4.7397987657038065],[-74.2714042675873,4.7398011520365033],[-74.271407914377022,4.739803534024845],[-74.271411564340781,4.7398059189882371],[-74.27141521916964,4.739808307129965],[-74.271418865060724,4.7398106909232203],[-74.271422518989638,4.7398130799701601],[-74.271426168054106,4.7398154667401569],[-74.271429813047348,4.739817852338815],[-74.271433466075109,4.7398202431943304],[-74.271437045982438,4.7398225876599023],[-74.271626174041842,4.7399476874356132],[-74.271814163929903,4.7400744976889255],[-74.271817706432842,4.7400769117572965],[-74.271821314412463,4.7400793704452457],[-74.271824913526629,4.7400818246086924],[-74.271828520606363,4.7400842842019832],[-74.271832122946094,4.740086741466639],[-74.271835721162219,4.7400891974354034],[-74.271839323215033,4.7400916566364435],[-74.271842927882602,4.7400941179106724],[-74.271846529934322,4.7400965780141471],[-74.271850126349349,4.7400990357859563],[-74.271853730726235,4.7401014989971184],[-74.271857330369613,4.7401039598769339],[-74.27186093474559,4.7401064239915334],[-74.271864539121438,4.7401088881060094],[-74.271868134637899,4.7401113476827339],[-74.271871733385197,4.7401138103712963],[-74.271875337460116,4.7401162764180071],[-74.271878939433847,4.740118741313931],[-74.271882538780062,4.7401212050284443],[-74.271886136626293,4.7401236686195416],[-74.271889743927446,4.7401261377794004],[-74.271893341774174,4.7401286013707198],[-74.271896940218824,4.740131065987998],[-74.271900541295977,4.7401335326944816],[-74.27190414446568,4.7401360005477757],[-74.271907745543217,4.7401384672544227],[-74.27191134871309,4.7401409351077115],[-74.271914945660214,4.7401433996023679],[-74.271918547333058,4.7401458673344248],[-74.271922149006997,4.7401483350670226],[-74.271925750679642,4.7401508027987926],[-74.274079293885251,4.7416262592820262],[-74.274082895011318,4.741628726616991],[-74.274086500828929,4.7416311965481901],[-74.274090099288742,4.7416336620565911],[-74.27409370097719,4.741636129776718],[-74.274097307390321,4.7416385998292352],[-74.274100904353006,4.7416410643120503],[-74.274104506041922,4.7416435320324064],[-74.274108107730157,4.7416459997522926],[-74.27411170941842,4.7416484674721664],[-74.274115311106911,4.741650935192097],[-74.274118921648835,4.7416534074543897],[-74.274122515383311,4.7416558697262454],[-74.274126117073422,4.7416583374471708],[-74.274129723486539,4.7416608074993922],[-74.274133324579623,4.7416632741936748],[-74.274136923039521,4.7416657397016637],[-74.27414052945349,4.7416682097543177],[-74.274144135271328,4.7416706787801939],[-74.274147729005207,4.741673141051356],[-74.274151339548595,4.7416756133143192],[-74.274154938010199,4.7416780779198717],[-74.274158539102928,4.7416805446136552],[-74.274162146417837,4.7416830146647717],[-74.274165744878587,4.7416854792696288],[-74.274169350696425,4.7416879482952501],[-74.274172958013139,4.7416904174421273],[-74.274176555875655,4.7416928810207439],[-74.274180158466237,4.7416953478361448],[-74.274183756926206,4.7416978124403499],[-74.274187371597975,4.7417002860050506],[-74.274190966234542,4.7417027473756717],[-74.274594694489622,4.7419782810048066],[-74.27459834424721,4.7419807641910037],[-74.274601954082613,4.7419832201734371],[-74.274605568629539,4.7419856784566532],[-74.274609173683515,4.7419881311865906],[-74.274612783485026,4.7419905871458798],[-74.274616398031569,4.741993045428786],[-74.274620007207929,4.7419955003494616],[-74.274623618535045,4.7419979564421828],[-74.274627228335831,4.7420004114967309],[-74.274630837511651,4.742002866416958],[-74.274634448839038,4.7420053225097591],[-74.274638058639766,4.7420077775641571],[-74.274641672561742,4.742010234807835],[-74.274645283264178,4.7420126898620847],[-74.274648889844926,4.7420151427267223],[-74.2746525037673,4.7420175999705227],[-74.274656110348076,4.7420200528351124],[-74.274659729017131,4.7420225124016371],[-74.274663334971976,4.7420249642282739],[-74.27466694567498,4.7420274192827687],[-74.274670557004285,4.7420298744719123],[-74.274674166178201,4.7420323284866681],[-74.274677776880679,4.7420347835406504],[-74.274681392330805,4.7420372409179219],[-74.274684998284769,4.7420396927437709],[-74.274688613735663,4.7420421501214793],[-74.274692219689584,4.7420446019472351],[-74.274695831019471,4.7420470571365971],[-74.274699440193913,4.7420495111514418],[-74.27470305564394,4.7420519685284468],[-74.274706661598159,4.7420544203542354],[-74.278908313284717,4.7449107826271355],[-74.27891192662095,4.744913238523603],[-74.278915532604103,4.7449156903257803],[-74.278919148084029,4.7449181476796385],[-74.27892275406758,4.7449205994820449],[-74.27892636542677,4.7449230546477423],[-74.278929974630415,4.744925508638925],[-74.278933585362651,4.7449279636692872],[-74.278937200841767,4.7449304210224783],[-74.278940806825901,4.7449328728250357],[-74.278944413436989,4.7449353256660656],[-74.278948032135844,4.744937785208549],[-74.278951638120517,4.7449402370113729],[-74.27895524885318,4.744942692041823],[-74.278958855463898,4.7449451448825117],[-74.278962469416044,4.7449476021021777],[-74.278966076027018,4.7449500549429162],[-74.278969689979021,4.7449525121624578],[-74.278973296590223,4.7449549650032639],[-74.27897690167444,4.7449574177088705],[-74.278980520372357,4.7449598781565152],[-74.278984122237205,4.7449623286727896],[-74.278987736815722,4.7449647869323472],[-74.278991341900479,4.7449672396381173],[-74.278994951732102,4.7449696955727871],[-74.278998561563597,4.74497215150733],[-74.279002171394723,4.7449746074416037],[-74.279005781226488,4.7449770633762283],[-74.279009386935201,4.7449795171190052],[-74.279012995243335,4.7449819729207681],[-74.279016605697137,4.7449844298923427],[-74.279020185346326,4.744986866188917],[-74.279407495850407,4.7452516417682853],[-74.27941106632565,4.7452540934746965],[-74.279414669480019,4.745256567001034],[-74.279418265270962,4.7452590360909017],[-74.279421859575606,4.7452615050635067],[-74.279425463315604,4.7452639796118978],[-74.279429053486339,4.7452664463638818],[-74.279432655741786,4.7452689207974803],[-74.279436254764917,4.7452713930104711],[-74.279439849653926,4.7452738630027342],[-74.279443451908236,4.7452763374354561],[-74.279447046797827,4.7452788074280816],[-74.279450644336762,4.7452812795252566],[-74.279454243942297,4.7452837527578087],[-74.279457837347422,4.7452862226335855],[-74.279461440184662,4.7452886980871236],[-74.279465033590498,4.745291167963356],[-74.279468635845717,4.7452936433013999],[-74.279472235451564,4.7452961165339387],[-74.279475828856576,4.7452985864095405],[-74.279479426979066,4.7453010595269554],[-74.279483020966325,4.7453035304215678],[-74.279486622320889,4.7453060057607068],[-74.279490220443009,4.7453084788777726],[-74.279493813850465,4.7453109496577461],[-74.279497416686723,4.7453134260154588],[-74.279501014808872,4.7453158991324855],[-74.279504608796358,4.7453183700270527],[-74.279508210151434,4.7453208453662645],[-74.279511803559075,4.7453233161461723],[-74.279515406395205,4.7453257925036691],[-74.279519000383559,4.7453282633986937],[-74.288189791773092,4.7512888912212912],[-74.288193387393861,4.7512913634323235],[-74.288196990290317,4.7512938397409634],[-74.288200584339137,4.7512963105874748],[-74.288204181041053,4.7512987835416514],[-74.288207783937921,4.7513012598504423],[-74.288211382121304,4.7513037329190047],[-74.288214976169854,4.7513062037651101],[-74.288218572871784,4.7513086767191748],[-74.288222175768382,4.7513111530276655],[-74.288225773952391,4.7513136260964322],[-74.288229368000515,4.7513160969421762],[-74.288232969416612,4.7513185722326705],[-74.288236562885388,4.7513210429640758],[-74.288240165783094,4.7513235192731207],[-74.288243759831957,4.7513259901191622],[-74.288247361248239,4.7513284654095793],[-74.288250959431593,4.7513309384776825],[-74.288254557614678,4.7513334115456232],[-74.288258151083454,4.7513358822767646],[-74.288261753980962,4.7513383585854898],[-74.288265348030649,4.7513408294318387],[-74.288268949446461,4.7513433047217655],[-74.288272547630058,4.7513457777898696],[-74.288276145813754,4.7513482508579195],[-74.288279743996767,4.7513507239255404],[-74.28828334218025,4.7513531969934331],[-74.288286940364159,4.7513556700614847],[-74.288290538547145,4.7513581431289644],[-74.288294136730698,4.7513606161968065],[-74.288297734914465,4.7513630892646779],[-74.288301333097934,4.7513655623323556],[-74.288679015161108,4.7516249324246047],[-74.288682625107342,4.7516274096126958],[-74.288686225097095,4.7516298799659493],[-74.28868982508601,4.7516323503185118],[-74.288693425073987,4.7516348206703825],[-74.288697025062177,4.7516372910224369],[-74.288700625050595,4.7516397613745092],[-74.288704225038913,4.7516422317265521],[-74.288707829747352,4.7516447044128522],[-74.288711425014796,4.751647171525863],[-74.288715025003654,4.7516496418781617],[-74.288718624992157,4.7516521122301505],[-74.288722224980617,4.7516545825820735],[-74.288725829689298,4.7516570552683284],[-74.28872942908869,4.7516595245974926],[-74.288733025846909,4.7516619927329762],[-74.288736630556016,4.7516644654193687],[-74.288740225823489,4.751666932532137],[-74.28874382581273,4.7516694028843878],[-74.288747434651924,4.7516718777849292],[-74.288751026689638,4.7516743426823789],[-74.288754626679648,4.7516768130350124],[-74.288758231388712,4.7516792857211891],[-74.288761830788417,4.7516817550501633],[-74.28876543226761,4.7516842255201945],[-74.288769027534784,4.7516866926324628],[-74.288772627524352,4.7516891629846389],[-74.28877623223336,4.7516916356705572],[-74.288779831633164,4.7516941049994887],[-74.288783433112542,4.7516965754694338],[-74.288787028380099,4.751699042581734],[-74.288790632500934,4.7517015151495459],[-74.292013152309451,4.753912350970606],[-74.292016749536543,4.7539148193936835],[-74.292020358399341,4.7539172942763095],[-74.292023950459608,4.7539197591552957],[-74.292027555193059,4.7539222318241432],[-74.292031150483311,4.7539246989183628],[-74.292034750495532,4.7539271692522185],[-74.292038350507298,4.7539296395856914],[-74.292041950518865,4.753932109918968],[-74.292045550530688,4.7539345802524027],[-74.292049150542482,4.7539370505857228],[-74.292052741701212,4.7539395163653113],[-74.292056349663525,4.7539419921559318],[-74.292059940823449,4.7539444579363206],[-74.292063544068199,4.7539469313931439],[-74.292067139947591,4.7539494004125302],[-74.292070734341081,4.7539518693147995],[-74.292074333452177,4.7539543414569216],[-74.292077928429947,4.7539568113789574],[-74.292081530772819,4.7539592857411117],[-74.292085125750958,4.7539617556633571],[-74.292088719244191,4.7539642254686889],[-74.292092317455115,4.7539666985158169],[-74.292095906815433,4.7539691670020652],[-74.292099508259668,4.7539716431765768],[-74.292103102335858,4.7539741149046195],[-74.292106690796174,4.7539765842927482],[-74.292110291340208,4.7539790613737551],[-74.292113884514904,4.7539815340045761],[-74.29211747621143,4.7539840065214038],[-74.292121067910401,4.7539864799428475],[-74.292124589638618,4.7539889049011084],[-74.29243692575993,4.7542064891027938],[-74.292746956546694,4.7544273684990541],[-74.292750425533455,4.7544298682695816],[-74.292753963317409,4.7544324185190963],[-74.292757510240136,4.7544349744511676],[-74.292761039266807,4.7544375199402769],[-74.292764585290158,4.7544400767800497],[-74.292768122174607,4.7544426279332024],[-74.292771654872595,4.754445177618897],[-74.292775199991084,4.754447735362457],[-74.292778731410763,4.754450285027823],[-74.292782276528399,4.7544528436759323],[-74.292785808326201,4.7544553942632621],[-74.292789347978115,4.7544579505209281],[-74.29279288762892,4.7544605067776535],[-74.292796422716179,4.754463060642192],[-74.292799962367454,4.754465617803338],[-74.292803497828984,4.7544681725888003],[-74.292807036578992,4.7544707297502269],[-74.292810570766974,4.7544732845185447],[-74.292814109517195,4.7544758425841849],[-74.292817648267189,4.7544784006495471],[-74.292821187017196,4.7544809587149457],[-74.292824725767161,4.7544835167802368],[-74.292828255766366,4.7544860700740559],[-74.29283180236466,4.7544886338143151],[-74.292835332365371,4.7544911871091902],[-74.29283887021559,4.7544937460799259],[-74.292842412623571,4.754496307442607],[-74.292845950103228,4.7544988654932041],[-74.292849484663591,4.754501422084517],[-74.292853022512958,4.7545039810544658],[-74.292856560361756,4.7545065400239732],[-74.293199807044672,4.7547548072601602],[-74.293204522670422,4.7547582184264972],[-74.293209239805719,4.754761630684774],[-74.293213963727965,4.7547650462949758],[-74.293218678397238,4.7547684558657242],[-74.293223392113504,4.7547718656508771],[-74.29322811603565,4.7547752812609048],[-74.293232834073422,4.7547786926151732],[-74.293237555530041,4.7547821055369104],[-74.29324227356696,4.7547855159863595],[-74.293246991603738,4.754788926435638],[-74.293251716428216,4.7547923402344079],[-74.293256435366786,4.7547957497794657],[-74.29326115767185,4.7547991611050593],[-74.293265880932879,4.7548025722165965],[-74.293270604194859,4.7548059824240259],[-74.293275324034141,4.7548093901597808],[-74.293280054028159,4.7548128030191048],[-74.293284775729546,4.7548162096394027],[-74.293289503200924,4.7548196191206538],[-74.293294225803976,4.7548230248363872],[-74.293298957601294,4.7548264349757856],[-74.293303684473457,4.7548298406592551],[-74.29330841134535,4.7548332454376609],[-74.293313144946055,4.7548366528573682],[-74.293317870192851,4.7548400542615576],[-74.293322602299256,4.7548434587940385],[-74.293327337703914,4.7548468634943779],[-74.293332068185819,4.7548502637488772],[-74.293336802029913,4.7548536648664728],[-74.293341536776225,4.7548570650783271],[-74.293346342224112,4.7548605135699944],[-74.293534562337115,4.7549941998295067],[-74.293724061539663,4.7551260605378802],[-74.293728926974723,4.7551294096602543],[-74.293733726034745,4.7551327121887974],[-74.293738528421628,4.7551360154807032],[-74.293743328384565,4.7551393161998874],[-74.293748134998907,4.7551426193462785],[-74.293752940303477,4.755145919781155],[-74.293757741858926,4.7551492170200609],[-74.293762551391154,4.7551525173065183],[-74.29376735142462,4.7551558110724867],[-74.293772161860687,4.7551591095471446],[-74.293776962795079,4.7551624015041725],[-74.293781773915498,4.7551656983029122],[-74.29378657687208,4.7551689892192757],[-74.293791385572135,4.7551722825479725],[-74.293796191630463,4.7551755734485965],[-74.293800998811506,4.7551788642133248],[-74.293805809315032,4.7551821557296758],[-74.293810613852955,4.7551854431631346],[-74.293815421936742,4.7551887321183379],[-74.2938202297955,4.7551920203021574],[-74.293825038781407,4.7551953083522438],[-74.293829844220014,4.7551985939764796],[-74.293834653206758,4.7552018811221446],[-74.293839461965888,4.7552051674953093],[-74.293844268305534,4.7552084522147275],[-74.293849078194569,4.7552117384553059],[-74.293853880984216,4.7552150207488157],[-74.293858694193673,4.7552183086415782],[-74.293863498114419,4.7552215908041164],[-74.293868307774432,4.7552248762713711],[-74.293873111695007,4.7552281584336384],[-74.300623372234483,4.7598394594357547],[-74.300628180321652,4.7598427437348878],[-74.300632984304826,4.7598460258463779],[-74.300637794027807,4.7598493112629248],[-74.300642598011322,4.759852593374549],[-74.30064740441388,4.7598558771387234],[-74.300652210816835,4.7598591609029484],[-74.300657013669607,4.7598624431455079],[-74.300661820072904,4.759865727814061],[-74.300666626475987,4.7598690124823815],[-74.300671426008932,4.7598722939750457],[-74.300676231511574,4.7598755795483285],[-74.300681037013604,4.7598788651210722],[-74.300685838968192,4.7598821491720429],[-74.300690641148876,4.7598854339939463],[-74.300695442203434,4.7598887189489725],[-74.300700243482893,4.7598920046744686],[-74.300705046959322,4.759895292190131],[-74.300709841370562,4.7598985756380277],[-74.30071464417108,4.75990186482941],[-74.300719443426459,4.7599051524965832],[-74.300724239359297,4.759908439408381],[-74.300729041258762,4.7599117304082768],[-74.300733832749174,4.7599150166981055],[-74.300738633748594,4.7599183095072952],[-74.300743427881457,4.7599215991286234],[-74.300748221114517,4.7599248896534299],[-74.300753020310722,4.7599281842709811],[-74.300757809104041,4.7599314741718093],[-74.300762600537837,4.7599347674068424],[-74.300767394396487,4.7599380632113233],[-74.300772087736178,4.75994129200825],[-74.301070987457194,4.7601499275364505],[-74.301366966116433,4.7603625199142741],[-74.301660151899569,4.7605791612061008],[-74.301664718941979,4.7605825843369018],[-74.301669374258083,4.7605860745351016],[-74.301674019451553,4.7605895603000645],[-74.301678676302586,4.7605930548088597],[-74.301683326423714,4.760596545847287],[-74.301687972315165,4.7606000361919723],[-74.301692627363494,4.760603533413482],[-74.301697275685243,4.7606070271619618],[-74.301701923107046,4.7606105218138817],[-74.30170657635253,4.7606140208438674],[-74.301711219547016,4.7606175147997352],[-74.301715871892569,4.7606210156391526],[-74.301720517514127,4.7606245130004954],[-74.301725168957901,4.7606280147438547],[-74.301729813679188,4.7606315130082297],[-74.301734460898913,4.7606350140571188],[-74.301739108043449,4.7606385157280693],[-74.301743754362519,4.7606420176806798],[-74.301748404004641,4.7606455221372723],[-74.301753050246973,4.7606490247110749],[-74.301757695666581,4.7606525275680438],[-74.301762344407265,4.7606560329288792],[-74.30176698982784,4.7606595366899054],[-74.301771635169743,4.7606630410712363],[-74.301776283009559,4.760666547336597],[-74.301780930848864,4.7606700536015731],[-74.301785575369692,4.7606735582667996],[-74.301790223209608,4.7606770654362016],[-74.30179487096909,4.7606805723211245],[-74.301799517987902,4.7606840788708134],[-74.301804165828003,4.760687586040099],[-74.309600058527565,4.766570457124808],[-74.309608192546051,4.7665765948633183],[-74.309616325744614,4.7665827317593621],[-74.309624458907109,4.7665888688515698],[-74.309632590209915,4.7665950052207036],[-74.309640721044232,4.7666011421399999],[-74.309648855671085,4.7666072810172437],[-74.309656988401585,4.7666134184631277],[-74.309665119236584,4.7666195553822392],[-74.309673251967752,4.7666256937323102],[-74.309681380474558,4.766631830478115],[-74.309689514200699,4.7666379702595876],[-74.309697644135426,4.7666441080827173],[-74.309705774070778,4.7666502468100322],[-74.309713905468172,4.7666563864178091],[-74.309722032607411,4.7666625246180194],[-74.309730163537992,4.7666686656810677],[-74.309738292139286,4.766674805665656],[-74.30974641794441,4.766680945122868],[-74.309754549402115,4.7666870881689158],[-74.309762672878747,4.7666932274512313],[-74.309770801541916,4.766699370874834],[-74.309778928341643,4.7667055135714831],[-74.309787050453082,4.7667116552131041],[-74.309795179673927,4.766717801325445],[-74.309803300885065,4.7667239438708027],[-74.309811423089144,4.7667300887521034],[-74.309819548614954,4.7667362361458743],[-74.309827669918349,4.7667423819309409],[-74.309835790320975,4.766748528620071],[-74.309843910261776,4.7667546767667481],[-74.309852003056577,4.766760805039123],[-74.310150067751323,4.7669875193161753],[-74.310158135545166,4.7669936835145892],[-74.31016622991126,4.7669998687042803],[-74.310174321952687,4.767006053925062],[-74.310182415418353,4.7670122409230542],[-74.310190506104263,4.7670184273889404],[-74.310198595889673,4.7670246147590509],[-74.310206687108447,4.767030804128864],[-74.310214777870925,4.767036993839084],[-74.310222866312245,4.7670431835809364],[-74.310230956174166,4.7670493750993979],[-74.310239043257965,4.7670555660852942],[-74.310247133652084,4.7670617596047462],[-74.310255222169829,4.7670679525916109],[-74.310263308353782,4.7670741453854673],[-74.310271397847458,4.7670803407135116],[-74.310279483130884,4.7670865344113116],[-74.310287571723592,4.7670927306436486],[-74.310295660316399,4.7670989268758239],[-74.310303742824217,4.7671051209446862],[-74.310311832391719,4.7671113195184303],[-74.310319918208904,4.7671175161222461],[-74.310328003566724,4.7671237130646791],[-74.310336090357964,4.7671299111055649],[-74.310344175274849,4.7671361086135855],[-74.310352262066885,4.7671423075585739],[-74.310360348858808,4.7671485065033536],[-74.310368431441702,4.7671547038165203],[-74.31037652154204,4.7671609052973061],[-74.310384605999658,4.7671671031432776],[-74.310392692351627,4.7671733026539851],[-74.310400776809672,4.7671795014038212],[-74.312105687921232,4.7684866204179368],[-74.312112620447124,4.7684919347539791],[-74.312119549178917,4.7684972470853682],[-74.312126475337863,4.7685025590387689],[-74.312133407930048,4.7685078752337917],[-74.312140331515565,4.7685131868080948],[-74.312147258447695,4.7685185018526823],[-74.312154182806097,4.7685238165177424],[-74.312161106263744,4.7685291320866448],[-74.312168024061791,4.7685344465008468],[-74.312174942634783,4.7685397640082359],[-74.312181860308485,4.7685450833233345],[-74.312188774507263,4.7685504031584101],[-74.312195686905554,4.7685557248002359],[-74.312202595323484,4.7685610474736375],[-74.312209501943414,4.7685663728574994],[-74.312216406764847,4.7685717009514361],[-74.312223307210331,4.7685770304615023],[-74.312230205359796,4.7685823631989592],[-74.312237101308327,4.7685876990299692],[-74.312243994555772,4.7685930375684356],[-74.312250880764395,4.7685983772593143],[-74.312257763868502,4.7686037209413055],[-74.312264648533116,4.7686090708396494],[-74.312271521496228,4.7686144196534608],[-74.312278395127137,4.7686197755937343],[-74.312285263481698,4.7686251347366566],[-74.312292130398632,4.7686304991719819],[-74.312298987250799,4.7686358648692551],[-74.312305846976813,4.7686412392325748],[-74.312312694066193,4.7686466135323613],[-74.3123193864146,4.7686518742254567],[-74.312509650052547,4.7688050765382632],[-74.312696272996362,4.768962436635614],[-74.312879302380821,4.7691239888494064],[-74.313058644658938,4.7692896506115341],[-74.313234208167955,4.7694593372534904],[-74.313405903176289,4.7696329620498954],[-74.31357376834535,4.7698105700154896],[-74.313579563655097,4.7698168465440318],[-74.31358546530916,4.769823249583566],[-74.313591366970144,4.7698296619351543],[-74.313597265598645,4.7698360794823254],[-74.313603157100829,4.7698424987537997],[-74.313609045290292,4.7698489237427895],[-74.313614929390667,4.769855352860966],[-74.313620814392181,4.7698617895175142],[-74.313626689860513,4.7698682251783486],[-74.31363256662425,4.7698746689005844],[-74.313638442414998,4.7698811172222966],[-74.313644308676231,4.7698875636337545],[-74.313650175698214,4.7698940174521933],[-74.31365604316764,4.7699004765362618],[-74.313661903737213,4.7699069346969418],[-74.313667765962961,4.7699133993717808],[-74.313673621136971,4.7699198629494095],[-74.313679482158534,4.7699263357775612],[-74.313685334400063,4.7699328046939948],[-74.313691190920096,4.7699392811381616],[-74.313697041287739,4.7699457555732092],[-74.31370289576914,4.7699522364586402],[-74.313708742535852,4.7699587136021293],[-74.313714594480629,4.769965198285905],[-74.313720444293907,4.7699716826047807],[-74.313726291812216,4.7699781671852071],[-74.313732139989909,4.7699846543989155],[-74.313737988824982,4.7699911433411453],[-74.313743837826536,4.7699976333716494],[-74.313749685760499,4.7700041232176016],[-74.313755535418991,4.7700106149770383],[-74.313997900701381,4.7702795892178234],[-74.314000826372663,4.7702828359798373],[-74.314003751655193,4.7702860823103723],[-74.314006675702331,4.7702893273667053],[-74.314009601318261,4.7702925740671702],[-74.314012522250806,4.7702958165702958],[-74.314015449746577,4.7702990654541448],[-74.314018375362792,4.7703023121547474],[-74.314021296295294,4.7703055546577149],[-74.314024220676771,4.7703088009886772],[-74.314027145058034,4.7703120473193747],[-74.314030069439156,4.7703152936499],[-74.314032993820902,4.770318539980976],[-74.314035915088297,4.7703217837583454],[-74.314038838233472,4.7703250297175401],[-74.314041762950183,4.7703282773244675],[-74.314044682982356,4.7703315207302195],[-74.314047609575198,4.7703347705181605],[-74.314050529942676,4.7703380142962031],[-74.314053450311548,4.7703412589788048],[-74.314056376903835,4.7703445096708572],[-74.314059292922906,4.7703477505216716],[-74.314062218613714,4.7703510012149746],[-74.314065138082213,4.7703542458977077],[-74.314068060661839,4.7703574940376576],[-74.31407097578203,4.7703607357911304],[-74.314073904918729,4.7703639912205267],[-74.314076820039915,4.7703672329750271],[-74.314079737369994,4.7703704781857743],[-74.314082659389527,4.7703737285133645],[-74.31408557982607,4.7703769771791062],[-74.314088445590755,4.7703801659157099],[-74.314389475844948,4.7707182519046141],[-74.314392317369908,4.770721471972478],[-74.314395201027693,4.7707247417094152],[-74.314398091170347,4.7707280187973362],[-74.314400981312076,4.7707312958841532],[-74.314403864070982,4.7707345665237941],[-74.314406753312639,4.7707378445163195],[-74.314409642553485,4.7707411225078502],[-74.314412531794105,4.7707444004990665],[-74.314415413654345,4.7707476720416055],[-74.314418305032788,4.7707509534828318],[-74.314421190334258,4.7707542289301834],[-74.314424078674506,4.7707575078266089],[-74.314426963977198,4.7707607841782771],[-74.314429851013102,4.7707640626174213],[-74.314432735415451,4.7707673389693293],[-74.314435625889942,4.7707706213136127],[-74.314438510292618,4.7707738976658982],[-74.314441397731741,4.770777177466675],[-74.314444280829406,4.7707804533595803],[-74.314447171707641,4.7707837370673714],[-74.314450051771118,4.7707870104161172],[-74.314452941343674,4.7707902936658133],[-74.314455824847244,4.7707935709226774],[-74.314458718759141,4.7707968580776612],[-74.314461594481259,4.7708001275162806],[-74.314464487493694,4.7708034146760205],[-74.314467370998457,4.7708066919340375],[-74.31447025753674,4.7708099726392623],[-74.314473144074697,4.7708132533441265],[-74.3144760336465,4.7708165365925961],[-74.31447891280871,4.7708198099391534],[-74.315287248828454,4.7717385397584877],[-74.31529013554794,4.7717418206568141],[-74.315293020786342,4.771745099992696],[-74.31529590773799,4.7717483811548531],[-74.315298794283862,4.771751661855741],[-74.315301680829975,4.7717549425567896],[-74.315304570409296,4.7717582258009319],[-74.315307453921221,4.7717615030539715],[-74.315310340467562,4.7717647837551862],[-74.315313225706063,4.7717680630908541],[-74.31531611265801,4.7717713442530361],[-74.315318999204038,4.7717746249537711],[-74.315321893123837,4.7717779121042723],[-74.315324773196437,4.7717811854497008],[-74.315327662777307,4.7717844686951558],[-74.315330549323392,4.7717877484918763],[-74.315333437175966,4.7717910296523884],[-74.315336323317069,4.7717943089888575],[-74.315339214203547,4.7717975926920859],[-74.315342097310207,4.7718008685812157],[-74.315344988197253,4.7718041522849024],[-74.315347875644989,4.7718074320813066],[-74.315350763092653,4.7718107118775039],[-74.315353653575627,4.7718139942171192],[-74.315356537987114,4.771817270565033],[-74.315359428470629,4.7718205529051048],[-74.315362312882073,4.7718238292528845],[-74.315365207706009,4.771827115497179],[-74.315368096055778,4.7718303943897133],[-74.315370980063193,4.77183366937569],[-74.315373871851719,4.7718369521724497],[-74.315376785822224,4.7718402601498875],[-74.315684669775123,4.7721881525240066],[-74.315994107004485,4.7725346543655904],[-74.315997049620023,4.7725379344558885],[-74.315999968059359,4.7725411874960635],[-74.316002886151807,4.7725444401494821],[-74.316005807344197,4.7725476953538166],[-74.316008725436262,4.7725509471029133],[-74.316011647876991,4.7725542026923264],[-74.316014562521929,4.7725574506005533],[-74.316017484962543,4.7725607061897977],[-74.316020403956671,4.7725639579390178],[-74.316023318601438,4.7725672058468813],[-74.316026244143458,4.7725704639866411],[-74.31602916003574,4.7725737122807255],[-74.316032082131755,4.7725769665808242],[-74.316034998022715,4.7725802148734111],[-74.316037924466897,4.7725834730111041],[-74.316040840013841,4.7725867200175811],[-74.316043759007428,4.7725899708620005],[-74.316046682349878,4.7725932255446555],[-74.316049602245002,4.7725964763887383],[-74.316052517791007,4.7725997233939914],[-74.316055441133372,4.7726029780765282],[-74.316058356679449,4.7726062250818151],[-74.31606128002224,4.7726094797646965],[-74.316064199917761,4.7726127306089463],[-74.316067119812715,4.7726159814525237],[-74.316070042811972,4.7726192348478698],[-74.316072959602735,4.7726224822358363],[-74.316075875148897,4.7726257292409286],[-74.316078801595296,4.7726289864744738],[-74.316081718386855,4.7726322338631437],[-74.316084638282206,4.7726354847069867],[-74.316550056060066,4.7731536197396069],[-74.316553948920941,4.7731579535496298],[-74.316557845306818,4.773162290279787],[-74.316561735620311,4.773166621254167],[-74.31656562967855,4.7731709562971281],[-74.316569524649012,4.7731752915512287],[-74.316573418706483,4.7731796256891741],[-74.316577312507235,4.7731839595412939],[-74.316581208636663,4.7731882950810025],[-74.316585105924347,4.7731926309054975],[-74.316588997139235,4.7731969609762599],[-74.316592897913537,4.7732012996760282],[-74.316596792360457,4.7732056314356965],[-74.316600690549706,4.7732099663544281],[-74.316604588483941,4.7732143000850566],[-74.31660848757447,4.7732186340980274],[-74.31661238989858,4.7732229697973905],[-74.316616287304555,4.7732273000312233],[-74.316620184710274,4.7732316302646307],[-74.316624087936816,4.7732359650582463],[-74.31662799206606,4.7732402989465914],[-74.31663189476204,4.7732446302413107],[-74.316635797207979,4.7732489603538371],[-74.316639703141718,4.7732532924304367],[-74.316643607640614,4.7732576219139231],[-74.316647511890721,4.7732619502169396],[-74.316651423117406,4.7732662833478647],[-74.316655329173159,4.7732706098431201],[-74.316659242204935,4.7732749411605555],[-74.316663147722451,4.7732792641576625],[-74.316667059070369,4.7732835917050513],[-74.316671024289533,4.77328797601026],[-74.316826105392664,4.7734579068901954],[-74.3169826782635,4.7736264569568228],[-74.316986715448621,4.7736307634374242],[-74.316990705145201,4.7736350174527349],[-74.316994693461297,4.7736392690330218],[-74.316998687558808,4.7736435240043376],[-74.317002677677777,4.7736477737736127],[-74.317006671139637,4.7736520252373635],[-74.317010665503915,4.7736562757955063],[-74.317014657274513,4.7736605226880933],[-74.317018653592243,4.7736647724981536],[-74.317022647167022,4.7736690184856663],[-74.317026644238013,4.773673266326286],[-74.31703063626739,4.7736775088076957],[-74.317034634241153,4.773681755742877],[-74.317038633117406,4.7736860017725267],[-74.317042626949132,4.7736902424446201],[-74.317046626727503,4.7736944875681981],[-74.317050624957005,4.7736987300893468],[-74.31705462059098,4.7737029698560054],[-74.317058618676697,4.7737072113198398],[-74.317062620260245,4.7737114546323216],[-74.317066614341854,4.7737156908922298],[-74.317070615784118,4.7737199331495725],[-74.317074613361967,4.7737241712567835],[-74.317078610798234,4.7737284092138044],[-74.3170826106888,4.7737326488684921],[-74.317086611621974,4.7737368886718476],[-74.317090606462301,4.7737411229734965],[-74.317094609850813,4.7737453644743901],[-74.317098605732994,4.7737495989248782],[-74.317102606526007,4.7737538376749056],[-74.317106602408046,4.7737580721251094],[-74.317428359784898,4.774099008046039],[-74.317431356124374,4.7741021835242927],[-74.317434358791971,4.7741053647526401],[-74.317437353636677,4.7741085386470514],[-74.317440351942309,4.7741117162087665],[-74.317443354610248,4.77411489743732],[-74.317446349454954,4.7741180713315714],[-74.317449347760899,4.7741212488933984],[-74.317452346066361,4.7741244264547857],[-74.317455341098906,4.7741276014509193],[-74.317458342678137,4.7741307824821408],[-74.31746133334768,4.7741339538083594],[-74.317464335115446,4.7741371359443336],[-74.31746732905934,4.7741403107411573],[-74.317470326464559,4.7741434892076917],[-74.317473320598012,4.7741466651082991],[-74.317476316911836,4.774149843373527],[-74.317479310144577,4.7741530192740322],[-74.317482303379336,4.7741561960796783],[-74.317485303152466,4.7741593789196184],[-74.317488292024393,4.7741625520512097],[-74.31749129199018,4.7741657360005547],[-74.317494279769093,4.774168908926832],[-74.31749727556705,4.7741720903132485],[-74.317500266808381,4.7741752678176468],[-74.317503253882734,4.7741784427547955],[-74.317506247684733,4.7741816248404811],[-74.317509241485169,4.7741848069245663],[-74.317512235286003,4.7741879890090244],[-74.317515221461377,4.7741911648486868],[-74.317518206739308,4.7741943415925308],[-74.317521145117112,4.7741974684262338],[-74.317712899613468,4.7744034367013475],[-74.317902761811354,4.774611160071248],[-74.317905640936004,4.7746143401601477],[-74.317908573464578,4.7746175792352616],[-74.317911501640381,4.7746208144979727],[-74.317914430137321,4.7746240510184261],[-74.317917358636109,4.7746272884437895],[-74.317920285912749,4.7746305255137518],[-74.317923212287454,4.7746337625822983],[-74.317926142112299,4.7746370034666841],[-74.317929068811281,4.774640241796658],[-74.317931998636212,4.7746434835850229],[-74.317934920985934,4.7746467190015913],[-74.317937845559726,4.7746499578760435],[-74.317940777933032,4.7746532043884855],[-74.317943702506454,4.7746564432624314],[-74.317946627407593,4.7746596834021897],[-74.317949551079963,4.7746629231785542],[-74.3179524825523,4.7746661705976523],[-74.317955406224527,4.7746694103737513],[-74.317958330226901,4.7746726514184648],[-74.317961256117655,4.7746758946513719],[-74.317964183569387,4.7746791395189137],[-74.317967106340802,4.7746823801975014],[-74.317970032561973,4.7746856247004068],[-74.317972963132505,4.7746888730253456],[-74.31797587843451,4.7746921073235713],[-74.317978811223156,4.7746953591102956],[-74.317981734327347,4.7746986010605532],[-74.317984663665868,4.7747018490201736],[-74.317987586769576,4.7747050909696416],[-74.317990511757415,4.7747083351045099],[-74.317993438310381,4.7747115808789644],[-74.318661546008215,4.7754525815497546],[-74.318668373456532,4.7754601537600774],[-74.318675202055374,4.7754677263422778],[-74.318682027982945,4.775475296865574],[-74.318688858961565,4.7754828710862425],[-74.318695688462668,4.7754904427639913],[-74.318702519006834,4.7754980145980017],[-74.318709351789181,4.7755055870087553],[-74.318716185473164,4.7755131585145607],[-74.318723022438434,4.7755207307522571],[-74.318729857785826,4.7755282993886334],[-74.318736697595611,4.7755358699693593],[-74.318743536987711,4.7755434373738828],[-74.31875038084145,4.7755510058152515],[-74.318757225020036,4.7755585717147362],[-74.318764073683525,4.7755661378631515],[-74.318770922810842,4.7755737007195291],[-74.318777773741942,4.7755812617650539],[-74.318784628857188,4.7755888226306702],[-74.318791488022711,4.7755963822618961],[-74.318798348550118,4.7756039385985325],[-74.318805210749034,4.7756114920728949],[-74.318812079514331,4.7756190460855885],[-74.318818951888971,4.7756265973793459],[-74.318825824461655,4.7756341432848206],[-74.318832703280847,4.7756416892820068],[-74.318839585905565,4.7756492319552226],[-74.318846469560512,4.775656769986897],[-74.318853363268943,4.7756643095573414],[-74.318860254017764,4.7756718402069733],[-74.31886715359343,4.7756793719483452],[-74.318874154614051,4.7756870058361329],[-74.319080109734884,4.7759077253319937],[-74.319289802931266,4.7761250625950886],[-74.319503083363102,4.7763388580275699],[-74.319719891598197,4.7765490520506679],[-74.31994006822093,4.7767554932654512],[-74.319947669555873,4.7767624983483294],[-74.319955184522115,4.776769415153022],[-74.31996269762999,4.7767763241276411],[-74.319970215825919,4.77678323083782],[-74.319977739247591,4.776790134501752],[-74.319985260667082,4.7767970311231451],[-74.319992788790387,4.7768039269589817],[-74.320000318143698,4.7768108178170214],[-74.320007852585576,4.7768177064045183],[-74.32001538263215,4.7768245875091786],[-74.32002292248761,4.7768314706577764],[-74.320030459569182,4.7768383469075228],[-74.320038000835027,4.7768452217887516],[-74.32004554080099,4.7768520920279176],[-74.320053088204418,4.7768589629569025],[-74.320060631051746,4.7768658271867936],[-74.320068176578786,4.7768726903201726],[-74.320075726139194,4.776879552849568],[-74.320083276025002,4.7768864122234778],[-74.320090825334688,4.7768932684441774],[-74.320098376294013,4.7769001236193516],[-74.320105928309161,4.7769069771245061],[-74.320113483605951,4.7769138301605425],[-74.320121032680746,4.7769206775512405],[-74.320128589781106,4.7769275287759534],[-74.320136140658292,4.7769343743571229],[-74.320143697183099,4.7769412224318444],[-74.32015125134059,4.7769480675428193],[-74.320158804020068,4.7769549113141867],[-74.320166358334575,4.7769617556627653],[-74.320173913393248,4.7769685998682032],[-74.320683529223786,4.777430303321001],[-74.32069539828899,4.7774410565631902],[-74.320707268486117,4.7774518099262258],[-74.320719142367182,4.7774625640878119],[-74.320731019092008,4.7774733173820607],[-74.320742895778224,4.7774840680153909],[-74.320754780974283,4.7774948194674058],[-74.32076666689386,4.7775055664104347],[-74.32077855944469,4.7775163115631187],[-74.320790455603827,4.7775270521903215],[-74.320802359053275,4.777537789986793],[-74.320814268162081,4.7775485224829453],[-74.320826185465179,4.7775592503341189],[-74.320838107241755,4.777569970999882],[-74.320850040209294,4.7775806870886557],[-74.320861977506723,4.7775913941459027],[-74.320873926902351,4.7776020957131164],[-74.320885893913839,4.7776127976134566],[-74.320897862083527,4.7776234823986563],[-74.320909840652007,4.7776341576323746],[-74.320921829774406,4.777644823349271],[-74.320933830730482,4.7776554781701481],[-74.320945842087255,4.7776661216223966],[-74.320957867246335,4.7776767551142685],[-74.320969904777755,4.7776873754553222],[-74.320981955358874,4.7776979825504569],[-74.320994020657068,4.7777085778622599],[-74.321006100042609,4.7777191573190754],[-74.321018192545438,4.7777297226739783],[-74.321030302055448,4.7777402739253834],[-74.321042427031898,4.7777508088156617],[-74.321054692895842,4.7777614352134972],[-74.321229886212862,4.7779097807141904],[-74.321408166803394,4.7780543770472033],[-74.321420884323913,4.7780644557635545],[-74.321433485190525,4.7780744115206053],[-74.321446097525211,4.7780843493024268],[-74.321458722509192,4.7780942698502322],[-74.321471360459213,4.7781041736099557],[-74.321484008506204,4.778114059048562],[-74.321496665757508,4.778123928702616],[-74.321509334293154,4.7781337834928603],[-74.321522011124685,4.7781436225047509],[-74.321534697608854,4.7781534479067327],[-74.321547393566675,4.7781632602628488],[-74.321560086118197,4.7781730496406709],[-74.321572795918826,4.7781828351979261],[-74.321585515036986,4.7781926098947025],[-74.32159823989933,4.7782023727928138],[-74.321610972882468,4.7782121257219865],[-74.321623707972861,4.7782218672704557],[-74.321636451768796,4.778231600684018],[-74.321649198294679,4.7782413241092137],[-74.32166194932168,4.7782510395929938],[-74.32167470275067,4.7782607471307283],[-74.321687463700997,4.7782704490299999],[-74.321700224651437,4.7782801429704183],[-74.32171298768796,4.77828983100913],[-74.321725752838674,4.7782995142926969],[-74.321738519784333,4.7783091932650228],[-74.321751289435085,4.7783188686168314],[-74.321764058776765,4.7783285396526374],[-74.321776825703992,4.7783382072712524],[-74.321789594736217,4.7783478739917982],[-74.32180236346619,4.7783575388958255],[-74.325555817735335,4.781198688869214],[-74.325568815558825,4.7812085278772685],[-74.325581816985633,4.7812183680254794],[-74.325594822290441,4.7812282079344008],[-74.325607827604387,4.781238045358398],[-74.32562083797994,4.7812478816284205],[-74.325633850769677,4.7812577149630746],[-74.325646870425658,4.7812675462356484],[-74.325659894873311,4.7812773729717213],[-74.325672924722326,4.7812871949486615],[-74.325685960266483,4.7812970114819926],[-74.325699005093782,4.7813068230068883],[-74.325712053838402,4.7813166259356805],[-74.325725112472426,4.7813264227207704],[-74.325738180704306,4.7813362113272575],[-74.32575125615665,4.7813459899690152],[-74.325764341813183,4.7813557592963241],[-74.325777448854751,4.7813655276341205],[-74.325790556897843,4.7813752766121178],[-74.325803673968338,4.7813850119938524],[-74.325816803059595,4.7813947362331053],[-74.325829944633185,4.7814044462778691],[-74.325843098532516,4.7814141429131762],[-74.325856267329399,4.7814238248826175],[-74.325869448475245,4.7814334900650826],[-74.325882642711591,4.7814431383392337],[-74.325895852299951,4.7814527713526163],[-74.325909078004031,4.7814623856135183],[-74.325922318314326,4.7814719815829161],[-74.32593557670252,4.7814815586430885],[-74.325948850018719,4.7814911136063092],[-74.325962303445451,4.7815007665505389],[-74.326164997286796,4.7816420083443454],[-74.326371418330382,4.7817780764807329],[-74.326581264542924,4.7819087656512664],[-74.326794396680469,4.782033989136024],[-74.327010673318426,4.7821536638418571],[-74.327229950945437,4.7822677103577158],[-74.32745190241323,4.7823759644116803],[-74.327466876555278,4.7823830148104829],[-74.327481678341258,4.7823899540232979],[-74.327496489853772,4.7823968691194194],[-74.327511309564571,4.7824037593925546],[-74.327526137330011,4.7824106279258478],[-74.32754097468019,4.782417474525082],[-74.327555818412762,4.7824242990420114],[-74.327570670409969,4.782431104160926],[-74.327585529550078,4.782437888465549],[-74.327600393809831,4.7824446541717203],[-74.327615264174042,4.7824514021452007],[-74.327630140566768,4.7824581332606533],[-74.327645008409107,4.7824648414418194],[-74.32765989582154,4.7824715406212919],[-74.327674788756937,4.7824782254411069],[-74.327689684174629,4.7824848962575919],[-74.327704585006188,4.7824915543897299],[-74.327719488112379,4.7824981997442606],[-74.32773439577069,4.7825048338436176],[-74.327749304148554,4.7825114571966258],[-74.327764216997437,4.7825180709718866],[-74.327779128797673,4.7825246754358171],[-74.327794045756562,4.7825312724384457],[-74.327808961627966,4.7825378614249416],[-74.327823878649099,4.7825444442925447],[-74.327838796788171,4.7825510214271736],[-74.327853715175408,4.7825575933505702],[-74.327868632253455,4.7825641611871301],[-74.327883547992641,4.7825707262272275],[-74.327898466189112,4.7825772892379881],[-74.327913379033134,4.7825838498930704],[-74.328990445308548,4.7830576361205432],[-74.329842084385461,4.7834654338683178],[-74.329846020330251,4.7834673186063794],[-74.329849956643969,4.7834692035210482],[-74.329853898600362,4.7834710902329158],[-74.329857832867575,4.7834729737360515],[-74.329861772128893,4.7834748591574838],[-74.329865717682196,4.7834767462527923],[-74.329869654897905,4.7834786293589708],[-74.329873592112122,4.7834805124643784],[-74.329877544210035,4.783482400444675],[-74.32988148232964,4.7834842817432346],[-74.329885426092147,4.7834861648327625],[-74.32988937344814,4.7834880483011633],[-74.329893318116063,4.7834899295806492],[-74.329897272023871,4.7834918130236517],[-74.329901215532345,4.7834936910790766],[-74.329905167658268,4.7834955714273963],[-74.329909123375074,4.7834974512401427],[-74.329913070756305,4.7834993261828291],[-74.329917025298784,4.7835012027627641],[-74.329920985804875,4.7835030794519202],[-74.329924938573271,4.7835049511356678],[-74.329928897903912,4.7835068236858298],[-74.329932858139813,4.7835086944212835],[-74.329936819279965,4.7835105633414159],[-74.32994078699592,4.7835124322142342],[-74.32994474427224,4.7835142948314822],[-74.329948713797833,4.7835161600678786],[-74.329952684238805,4.7835180225824621],[-74.329956653463071,4.7835198818581297],[-74.329960626615659,4.7835217398254892],[-74.329964795970469,4.7835236871872482],[-74.330123536902491,4.7835952829296122],[-74.330284248087565,4.7836628519366062],[-74.330446439644135,4.7837261882425821],[-74.330450732245481,4.7837277992693981],[-74.330454835674033,4.7837293368082365],[-74.330458940642202,4.7837308722003522],[-74.330463048790023,4.7837324057179407],[-74.33046715176053,4.7837339351463903],[-74.330471261716553,4.7837354641182843],[-74.330475366492109,4.7837369890075037],[-74.330479472166047,4.7837385120793678],[-74.330483584834866,4.7837400346872805],[-74.33048768306837,4.783741551038462],[-74.330491796642931,4.7837430700110923],[-74.3304958989293,4.7837445835691819],[-74.330500014311141,4.7837460989045804],[-74.33050411525474,4.7837476080110513],[-74.330508219334135,4.7837491170332216],[-74.330512327280175,4.7837506256648981],[-74.330516438370424,4.7837521333050006],[-74.330520541116428,4.7837536369764129],[-74.330524646996039,4.7837551405594061],[-74.330528750641932,4.7837566424183091],[-74.330532854288094,4.7837581433717569],[-74.330536961067438,4.783759644235011],[-74.330541065617112,4.783761143377288],[-74.330545173296599,4.7837626424269448],[-74.330549275619632,4.7837641389453758],[-74.330553377179328,4.7837656348558646],[-74.330557476511842,4.7837671299538362],[-74.33056158196321,4.7837686263786328],[-74.330565684423092,4.7837701213833688],[-74.330569787649878,4.7837716160918147],[-74.330573880859376,4.7837731080543353],[-74.331646245717792,4.7841638372459103],[-74.331650344472365,4.7841653308918684],[-74.331654447703372,4.7841668255934646],[-74.33165855016594,4.7841683196861213],[-74.33166265040326,4.7841698129681358],[-74.331666747513182,4.7841713054397399],[-74.331670862217905,4.7841728021796852],[-74.331674959459932,4.784174293139392],[-74.331679069719698,4.7841757873540471],[-74.331683173080862,4.7841772787309313],[-74.331687286467329,4.7841787719403559],[-74.331691390728295,4.7841802615066706],[-74.331695505018885,4.7841817529019597],[-74.331699613188221,4.7841832411707292],[-74.33170372447286,4.7841847293349762],[-74.331707842785917,4.7841862179034074],[-74.331711958893379,4.7841877038597422],[-74.331716071979798,4.7841891874915303],[-74.331720188991298,4.7841906707267352],[-74.331724309113667,4.7841921529427287],[-74.331728436276208,4.7841936346429055],[-74.331732552067578,4.7841951110237035],[-74.331736681034116,4.7841965890854388],[-74.331740801675622,4.784198062348282],[-74.331744931554496,4.784199535868332],[-74.331749056195235,4.7842010053776898],[-74.331753190968499,4.7842024751283594],[-74.33175732138649,4.7842039406030024],[-74.331761454890355,4.7842054041260083],[-74.331765583140552,4.7842068636496959],[-74.331769733840176,4.7842083259254773],[-74.33177400828697,4.7842098298987299],[-74.331871894000528,4.7842432530185706],[-74.331970350800532,4.7842749459148708],[-74.331974664989275,4.7842762903115954],[-74.331978845560712,4.7842775909769593],[-74.331983042531988,4.7842788925478272],[-74.331987229288217,4.7842801882175081],[-74.331991412571369,4.7842814807148244],[-74.331995609404473,4.7842827734865327],[-74.331999794497804,4.7842840605392745],[-74.332003990304443,4.784285347255155],[-74.332008172802958,4.7842866284194674],[-74.332012364088328,4.7842879095546031],[-74.332016558217802,4.7842891885570022],[-74.332020744083763,4.7842904632207359],[-74.332024926432041,4.7842917356303465],[-74.332029122364375,4.7842930091768014],[-74.332033310040501,4.7842942783987041],[-74.332037494187247,4.7842955453691367],[-74.332041691926605,4.7842968134609762],[-74.332045868709386,4.7842980752145206],[-74.332050058188287,4.7842993389921977],[-74.332054250485427,4.7843006015329275],[-74.332058434519155,4.784301860676643],[-74.332062612194719,4.7843031179061049],[-74.332066805389914,4.7843043777223961],[-74.332070990327225,4.7843056341490913],[-74.332075175261565,4.7843068896693817],[-74.332079353836775,4.784308143281085],[-74.332083535217251,4.7843093974635043],[-74.332087727411391,4.7843106530782311],[-74.332091897722236,4.7843119033091632],[-74.3320960854617,4.7843131575880999],[-74.332100264939157,4.7843144093910928],[-74.332442531835483,4.784416935741036],[-74.332446712468041,4.7844181878875771],[-74.33245089194449,4.7844194396877509],[-74.332455065058681,4.7844206904858995],[-74.332459250896221,4.784421944191994],[-74.332463414842451,4.7844231934156793],[-74.332467602586703,4.7844244485992222],[-74.332471772897605,4.7844256997297867],[-74.332475945113003,4.7844269523341723],[-74.332480117330277,4.7844282058418841],[-74.332484295907804,4.7844294612596512],[-74.332488458954174,4.7844307140872004],[-74.332492636634257,4.7844319713149153],[-74.332496801594587,4.7844332265203793],[-74.332500970103766,4.7844344839675843],[-74.332505140525342,4.7844357428939341],[-74.332509301774053,4.7844370011278219],[-74.332513471299848,4.7844382627643398],[-74.332517634473206,4.7844395242835134],[-74.332521794827656,4.7844407870240229],[-74.332525960632637,4.7844420525920954],[-74.332530115663019,4.7844433175920997],[-74.332534280569618,4.7844445867704293],[-74.332538434710571,4.7844458553733968],[-74.33254258953437,4.7844471265335748],[-74.332546751071106,4.7844484012731527],[-74.3325509049874,4.7844496760330939],[-74.332555056453359,4.7844509527427528],[-74.332559205081552,4.7844522315561786],[-74.332563359147827,4.7844535141212594],[-74.332567505977394,4.7844547974319385],[-74.33257233778707,4.7844562961661934],[-74.332576635665177,4.784457429622317],[-74.332580139253395,4.7844585113495759],[-74.332584286079054,4.7844597946589582],[-74.332588425685657,4.7844610796100913],[-74.3325925770596,4.7844623702859659],[-74.332596570767947,4.7844636154173665],[-74.33269419492045,4.7844950402835247],[-74.332791254063451,4.7845281815972172],[-74.332795221384472,4.7845295769781826],[-74.332799308618576,4.7845310181407648],[-74.332803395901934,4.7845324626492411],[-74.332807490633414,4.7845339119042505],[-74.332811572119226,4.7845353603906613],[-74.332815658893281,4.7845368137659916],[-74.332819754020278,4.7845382719098719],[-74.332823836799193,4.7845397290000431],[-74.332827927038466,4.7845411908700335],[-74.332832013317272,4.7845426540271268],[-74.33283609955528,4.7845441196131251],[-74.332840184049019,4.7845455872747822],[-74.332844277740037,4.7845470594624127],[-74.332848367487983,4.7845485320362933],[-74.332852447985999,4.7845500043066798],[-74.332856539877326,4.7845514819086983],[-74.332860630859869,4.7845529604100152],[-74.332864717918525,4.7845544392975734],[-74.332868804984543,4.7845559199907006],[-74.33287289506913,4.7845574030044968],[-74.332876984250007,4.7845588869194566],[-74.332881078776808,4.7845603733495521],[-74.332885164832803,4.7845618582614726],[-74.332889258463496,4.7845633465001125],[-74.332893346743347,4.7845648340240956],[-74.33289744337965,4.7845663245872769],[-74.332901533886186,4.7845678138235836],[-74.332905621264757,4.7845693031518515],[-74.332909726255409,4.7845707976619032],[-74.332913813634192,4.7845722869902438],[-74.332917912499397,4.7845737801736705],[-74.333077648720504,4.7846319819350844],[-74.333081753685377,4.7846334769284544],[-74.333085844678394,4.784634968064517],[-74.333089944021353,4.7846364622427213],[-74.333094046490316,4.7846379572313786],[-74.333098134353548,4.7846394484572405],[-74.333102229806329,4.784640943024387],[-74.333106319898818,4.7846424368672151],[-74.33311041834105,4.784643933758443],[-74.333114504545534,4.7846454279856641],[-74.333118593739613,4.7846469245362071],[-74.333122682029796,4.7846484219878427],[-74.333126766441453,4.7846499198232033],[-74.33313085086013,4.7846514194641037],[-74.333134935109953,4.7846529206049375],[-74.333139011620304,4.7846544216056239],[-74.333143094254126,4.7846559266605855],[-74.333147176695178,4.7846574332091896],[-74.333151242164035,4.7846589374291906],[-74.333155322115942,4.7846604488007314],[-74.33315939574544,4.7846619602992506],[-74.333163461702611,4.7846634725518147],[-74.333167533538145,4.7846649894543685],[-74.333171594548077,4.7846665062588949],[-74.333175660765988,4.7846680280375891],[-74.333179726084495,4.7846695525145799],[-74.333183781244372,4.7846710774526313],[-74.333187843879983,4.7846726082308768],[-74.33319189634814,4.7846741394518784],[-74.333195944153232,4.7846756737381284],[-74.333200003216945,4.7846772153191388],[-74.333203732494596,4.7846786364266389],[-74.333365863223534,4.7847441698513906],[-74.333525019611201,4.7848158875340419],[-74.33368125568451,4.7848937999907406],[-74.333834331967836,4.784977787798991],[-74.333984013828839,4.7850677222240927],[-74.33413007183762,4.7851634654166757],[-74.334272282118675,4.7852648706237204],[-74.334410426693964,4.7853717824135291],[-74.334544293816904,4.7854840369139282],[-74.334673678297037,4.7856014620636582],[-74.334798381814409,4.7857238778758111],[-74.334918213223801,4.7858510967137162],[-74.33503298884753,4.7859829235790237],[-74.335142733724098,4.7861194063398722],[-74.335145197295617,4.7861225991651546],[-74.335147846263297,4.7861260384630766],[-74.335150488303483,4.7861294761108804],[-74.335153131026374,4.7861329208278542],[-74.335155773639414,4.7861363706991815],[-74.335158413559597,4.7861398223635554],[-74.335161043974523,4.7861432689825563],[-74.335163681874221,4.7861467295404374],[-74.335166313725651,4.7861501874956724],[-74.335168942889865,4.7861536472512647],[-74.33517157360879,4.7861571132088025],[-74.335174200829499,4.786160579005216],[-74.335176824523643,4.7861640452155498],[-74.335179451498817,4.7861675190271997],[-74.335182074143759,4.7861709912900192],[-74.335184693283111,4.7861744633768097],[-74.335187319918703,4.7861779471962169],[-74.335189936363747,4.7861814219786911],[-74.335192558587565,4.7861849065239026],[-74.335195175673661,4.7861883875339073],[-74.335197795197658,4.7861918738816938],[-74.335200413822022,4.7861953611312353],[-74.335203027314222,4.786198844843522],[-74.335205649978889,4.7862023407765601],[-74.335208263401995,4.7862058273956771],[-74.335210883435678,4.786209323128352],[-74.335213499294085,4.7862128150960483],[-74.335216118423943,4.78621631172894],[-74.335218731652844,4.7862198025889384],[-74.335221354941126,4.7862233056790968],[-74.335223970670057,4.7862267998771193],[-74.336869817977757,4.788425261106946],[-74.336872434031122,4.7884287566109105],[-74.336875055603244,4.7884322585839341],[-74.336877678908166,4.7884357616659265],[-74.336880301383658,4.788439262735233],[-74.33688291886051,4.7884427580340905],[-74.336885545565735,4.7884462635456524],[-74.336888168945308,4.7884497637121344],[-74.336890798284301,4.7884532694202466],[-74.336893416733744,4.7884567618075584],[-74.336896049477872,4.7884602699448759],[-74.336898679799276,4.7884637727404566],[-74.33690131102307,4.7884672746283812],[-74.336903943150546,4.7884707756104072],[-74.336906580415587,4.7884742801151523],[-74.336909215254536,4.7884777792858424],[-74.336911848478763,4.7884812751115158],[-74.336914494394733,4.7884847826662158],[-74.336917134565709,4.7884882801976172],[-74.336919777348498,4.7884917781789786],[-74.336922422749922,4.7884952763249808],[-74.336925076728335,4.7884987804067949],[-74.336927722412284,4.7885022714252257],[-74.33693038001303,4.7885057727733118],[-74.336933036095857,4.7885092679131196],[-74.336935698231258,4.7885127656255371],[-74.336938352045749,4.7885162502992289],[-74.336941024601686,4.7885197521024185],[-74.336943687186718,4.7885232375389384],[-74.336946360943756,4.7885267313207995],[-74.336949034863579,4.7885302199368169],[-74.336951891949468,4.7885339417961523],[-74.337068688500551,4.788680661457458],[-74.337190636063795,4.7888234736298179],[-74.337317414083714,4.7889619879414322],[-74.337448872150347,4.7890960400553908],[-74.3375848543008,4.7892254709288515],[-74.337725199204399,4.7893501270016952],[-74.337869740354279,4.7894698603786106],[-74.338018083928063,4.7895843573972385],[-74.338021826502811,4.7895871415690552],[-74.338025348084699,4.7895897579488835],[-74.338028879014871,4.7895923765279429],[-74.33803240397242,4.7895949875090631],[-74.338035935487341,4.7895975990430637],[-74.338039467370351,4.7896002070171626],[-74.338043002242173,4.7896028131322046],[-74.33804653022294,4.7896054116779201],[-74.33805006331194,4.7896080108379904],[-74.338053602714041,4.7896106105847425],[-74.338057135219913,4.7896132027796741],[-74.338060668316686,4.7896157931726071],[-74.338064212244404,4.7896183874568559],[-74.338067745071569,4.7896209717930782],[-74.338071281774788,4.7896235567352603],[-74.338074820606451,4.7896261407580463],[-74.338078355817373,4.78962872056817],[-74.338081896458121,4.7896313018684644],[-74.338085438008406,4.7896338813574806],[-74.33808897139086,4.7896364542359366],[-74.338092514745441,4.7896390319061908],[-74.338096049928609,4.7896416029712849],[-74.338099590896206,4.7896441764325068],[-74.338103126977828,4.7896467456846672],[-74.338106664308555,4.7896493149393047],[-74.338110205834184,4.7896518856794472],[-74.338113739522342,4.7896544507287135],[-74.338117273209221,4.7896570157769398],[-74.338120815636827,4.7896595856094439],[-74.338124350226053,4.789662149753946],[-74.338127884813801,4.7896647138973387],[-74.339419801471266,4.7906018879268766],[-74.33942333138144,4.7906044493167306],[-74.339426869271762,4.7906070158419833],[-74.339430395126072,4.7906095751920974],[-74.339433928823851,4.7906121402338453],[-74.339437445033411,4.7906146956917963],[-74.339440967847295,4.7906172577483144],[-74.339444486808091,4.7906198192126217],[-74.339448003628164,4.790622381575405],[-74.339451510817639,4.7906249409318722],[-74.339455016223468,4.790627502992086],[-74.339458520158288,4.7906300677410378],[-74.339462012035298,4.7906326294703225],[-74.339465515697555,4.7906352029456061],[-74.339468999809242,4.7906377685314272],[-74.339472481556868,4.7906403385910847],[-74.339475963932273,4.7906429146773828],[-74.339479439135204,4.7906454919271635],[-74.339482898751555,4.7906480663018574],[-74.339486366848718,4.7906506534361419],[-74.339489819342731,4.7906532376344639],[-74.339493276077377,4.7906558321359851],[-74.339496716110389,4.7906584237116858],[-74.339500151728899,4.7906610215543042],[-74.339503582911277,4.7906636256474098],[-74.339507009657282,4.7906662359910257],[-74.339510423463452,4.7906688474615233],[-74.339513835166755,4.7906714678384592],[-74.339517233935851,4.7906740901807829],[-74.339520626411741,4.7906767197713149],[-74.339524017939794,4.7906793598572008],[-74.339526972364723,4.790681671539109],[-74.339610156101557,4.7907511176125688],[-74.339688346145749,4.7908248897212067],[-74.339761924392292,4.790903290623941],[-74.339830879240182,4.7909863256649405],[-74.339894551231694,4.7910732558749247],[-74.339952842418214,4.7911639073649726],[-74.340005536394301,4.7912579438014342],[-74.340052438514235,4.7913550178280282],[-74.34009337552628,4.7914547708680759],[-74.340128196212689,4.7915568344486754],[-74.340156901950976,4.7916613046871745],[-74.340157802924239,4.791665041049173],[-74.34015880053677,4.7916692207256819],[-74.340159788428352,4.7916734022580787],[-74.340160771107819,4.7916775981132851],[-74.340161740928011,4.7916817834252399],[-74.340162704143353,4.7916859793134403],[-74.340163662600986,4.7916901880538258],[-74.340164609491893,4.7916943868295148],[-74.340165552620391,4.7916986012556002],[-74.340166487961696,4.7917028153745092],[-74.340167416844537,4.7917070333415799],[-74.340168340637931,4.791711258268653],[-74.340169258509206,4.7917154855314559],[-74.340170169828284,4.7917197131406795],[-74.340171077546771,4.7917239497369053],[-74.340171979904625,4.7917281872095812],[-74.340172878918395,4.7917324317271168],[-74.340173771752688,4.7917366723907726],[-74.340174660936498,4.7917409187128204],[-74.340175550818401,4.7917451811554059],[-74.340176432850939,4.7917494292673943],[-74.340177313273045,4.7917536868372688],[-74.340178192100083,4.7917579505858789],[-74.340179068518509,4.7917622157043587],[-74.340179941963342,4.7917664803502111],[-74.340180814983981,4.7917707525789535],[-74.340181688749595,4.7917750328445905],[-74.340182559352073,4.791779306430338],[-74.340183428157232,4.7917835800161814],[-74.340184299403916,4.7917878665005604],[-74.340185171202066,4.7917921547951075],[-74.340212668137767,4.7919274866405894],[-74.340213540130577,4.7919317767939251],[-74.340214411929125,4.7919360650882608],[-74.340215285434283,4.7919403582428712],[-74.340216160395087,4.7919446532114911],[-74.340217035982135,4.7919489468201473],[-74.340217915014009,4.7919532475570144],[-74.340218797844088,4.7919575535971912],[-74.340219681119024,4.7919618529683827],[-74.340220569040639,4.7919661599346481],[-74.34022145883084,4.7919704636820901],[-74.340222354475571,4.7919747764073986],[-74.34022325317747,4.7919790863700138],[-74.340224156087615,4.7919833972957644],[-74.34022506664536,4.7919877187237185],[-74.340225978637648,4.7919920278559429],[-74.340226898289004,4.7919963474355107],[-74.340227824004813,4.7920006680333591],[-74.34022875518724,4.7920049868245522],[-74.340229693551066,4.792009309360977],[-74.340230639235244,4.7920136334938572],[-74.340231590351394,4.7920179532653728],[-74.340232551179284,4.7920222812871129],[-74.340233518666579,4.7920266054674032],[-74.34023449651248,4.79203093646945],[-74.340235479518057,4.7920352569796592],[-74.340236474989368,4.7920395903066098],[-74.340237477551767,4.7920439158566408],[-74.340238490432611,4.7920482446112684],[-74.340239512472792,4.7920525715230378],[-74.340240546508312,4.7920569037980574],[-74.340241716409096,4.7920617547797457],[-74.340271583747068,4.7921703195855354],[-74.340308197618327,4.7922773107082106],[-74.340351288225122,4.7923818458434218],[-74.340400693102154,4.7924835308533948],[-74.340456225976496,4.7925819823463121],[-74.340517677470174,4.7926768291218913],[-74.340584815889358,4.7927677135706892],[-74.340657388097995,4.7928542930228302],[-74.340735120472175,4.7929362410399543],[-74.340817719931877,4.7930132486457362],[-74.340904492488619,4.7930847104349148],[-74.340908374695687,4.7930877048550409],[-74.340911901640311,4.7930904121311979],[-74.340915430856938,4.7930931086387023],[-74.340918965430618,4.7930957969765133],[-74.340922506563999,4.7930984778449126],[-74.340926044387828,4.7931011456017147],[-74.340929587865119,4.7931038068332867],[-74.340933135717052,4.7931064608026706],[-74.340936684818658,4.7931091058631825],[-74.340940234017964,4.7931117420907965],[-74.340943792233716,4.7931143752171979],[-74.340947346336321,4.7931169970935912],[-74.340950904077076,4.7931196134755831],[-74.340954469669271,4.7931222267906142],[-74.340958022386829,4.7931248249940541],[-74.340961591048128,4.7931274267264081],[-74.340965150117981,4.7931300158091759],[-74.340968711891975,4.7931326012301989],[-74.340972280577091,4.7931351853830613],[-74.340975840327985,4.793137758756612],[-74.340979413548411,4.7931403356025113],[-74.340982968715608,4.7931428969389804],[-74.340986533526674,4.7931454611957687],[-74.340990104336257,4.7931480250820382],[-74.340993656159398,4.7931505744157539],[-74.340997225499123,4.7931531323030239],[-74.341000783307422,4.7931556803629976],[-74.341004346599163,4.7931582298900821],[-74.341007901615157,4.7931607728458809],[-74.341011457942898,4.7931633158350557],[-74.341015013856122,4.793165857881962],[-74.341619715260421,4.7935981759997182],[-74.341631554828055,4.7936066407339943],[-74.341643390219005,4.7936151049343145],[-74.341655222825395,4.7936235702398733],[-74.341667048990942,4.7936320364863896],[-74.341678869703244,4.7936405061844809],[-74.341690682061611,4.7936489791891193],[-74.341702486780648,4.7936574580708662],[-74.341714281346739,4.7936659429590218],[-74.341726067858119,4.7936744365137152],[-74.341737830492946,4.7936829288583462],[-74.341749591697521,4.7936914390222896],[-74.34176134087285,4.79369996141335],[-74.341773077193253,4.793708497382557],[-74.341784799925435,4.7937170459782017],[-74.341796505848734,4.7937256101659589],[-74.341808196272382,4.7937341899866404],[-74.341819870212433,4.7937427883110209],[-74.34183152673522,4.7937514048656586],[-74.341843163430852,4.7937600403051501],[-74.341854780745606,4.7937686974151879],[-74.341866377124333,4.7937773756890572],[-74.341877951681766,4.7937860778147501],[-74.341889503694929,4.7937948039028671],[-74.341901031718365,4.7938035559955754],[-74.341912536819692,4.7938123351029871],[-74.341924015312358,4.7938211413406888],[-74.341935466508033,4.7938299757396887],[-74.341946891734509,4.7938388419975944],[-74.341958289237652,4.7938477385301281],[-74.34196965540805,4.7938566663834434],[-74.341980781844015,4.7938654618670968],[-74.342103248927529,4.7939661564151823],[-74.342221905968444,4.7940709347348616],[-74.342336813422293,4.794179837592881],[-74.34244801727624,4.7942929216030743],[-74.342457769618875,4.7943032274698965],[-74.342467676197415,4.794313761855129],[-74.342477554854526,4.7943243294563969],[-74.342487404154113,4.7943349270302349],[-74.34249722594565,4.7943455546636029],[-74.342507022077328,4.7943562125187036],[-74.342516793802659,4.7943668982436689],[-74.342526540113766,4.7943776098595379],[-74.342536263398955,4.7943883481307674],[-74.342545964970299,4.7943991107553954],[-74.342555644733309,4.7944098966532422],[-74.342565304509577,4.7944207059735584],[-74.342574946154102,4.7944315380072595],[-74.342584570059799,4.7944423894177088],[-74.342594177072613,4.7944532610559687],[-74.342603768535071,4.7944641507382437],[-74.342613344877066,4.7944750579504127],[-74.342622907958429,4.7944859820017527],[-74.342632458664724,4.7944969209644395],[-74.342641997826917,4.7945078747734593],[-74.342651526783897,4.7945188421422555],[-74.342661056633204,4.7945298339463109],[-74.342670567920621,4.7945408247957353],[-74.342680073033335,4.7945518261226878],[-74.342689571079418,4.7945628358640384],[-74.342699063848926,4.7945738541522607],[-74.34270855505558,4.7945848814081602],[-74.342718042790878,4.7945959143772949],[-74.342727530613573,4.7946069534429414],[-74.342737017806783,4.7946179965827138],[-74.342746506900212,4.794629043885859],[-74.343388549258592,4.7953765865661291],[-74.343392342849242,4.7953810044430183],[-74.343396140932853,4.7953854266477594],[-74.343399940276029,4.7953898492683731],[-74.343403733575229,4.7953942659024378],[-74.3434075363906,4.7953986915146807],[-74.343411332806298,4.79540310982319],[-74.343415133050698,4.7954075315377054],[-74.343418932939102,4.7954119519334855],[-74.343422734085323,4.7954163727426629],[-74.34342653613254,4.7954207935502264],[-74.343430337825239,4.7954252130409598],[-74.343434142991484,4.795429634616065],[-74.343437949060757,4.7954340552861412],[-74.343441753812428,4.7954384733768505],[-74.343445563906528,4.7954428948132728],[-74.343449370461428,4.7954473110930786],[-74.34345318013942,4.7954517290445393],[-74.343456996418411,4.7954561507454727],[-74.343460806579643,4.7954605643079358],[-74.343464622093805,4.7954649812157131],[-74.343468436285221,4.7954693946406008],[-74.343472258327296,4.7954738131086927],[-74.343476074885018,4.7954782234225704],[-74.343479899635753,4.7954826391675658],[-74.343483722379247,4.7954870497383828],[-74.34348754726534,4.7954914597909886],[-74.34349137619482,4.7954958706104902],[-74.343495204691123,4.795500277941648],[-74.343499039477521,4.7955046877156624],[-74.343502871585301,4.7955090914213496],[-74.343506822811364,4.7955136280079387],[-74.343676650037622,4.7957045579122282],[-74.343850307298936,4.7958919856618598],[-74.343854429233431,4.7958963436183417],[-74.34385844674901,4.7959005865509114],[-74.343862464645767,4.7959048261128103],[-74.343866483186829,4.7959090626818606],[-74.343870501194971,4.795913295876467],[-74.343874526974801,4.7959175325906616],[-74.343878542498729,4.7959217575999826],[-74.343882570988143,4.7959259915890788],[-74.343886595194292,4.7959302183107893],[-74.343890621322245,4.7959344442474512],[-74.34389464823694,4.7959386682501437],[-74.343898671091679,4.7959428870453706],[-74.343902705794349,4.7959471136546687],[-74.34390673135465,4.7959513297345264],[-74.343910763797325,4.7959555502266271],[-74.34391479353647,4.7959597660773134],[-74.343918825296129,4.7959639821527134],[-74.343922856841473,4.795968196193634],[-74.343926886905365,4.7959724077419503],[-74.343930923860142,4.795976623699663],[-74.343934955622402,4.7959808333278229],[-74.343938987384661,4.7959850420512931],[-74.343943023650652,4.7959892535918645],[-74.343947053717585,4.7959934587000035],[-74.343951090884758,4.7959976693335333],[-74.343955121854322,4.7960018735384455],[-74.343959153927244,4.7960060788574959],[-74.343963194391719,4.7960102901776125],[-74.343967221268059,4.796014489174981],[-74.34397125923671,4.7960186978921575],[-74.343975289612416,4.7960228995976806],[-74.345011991274959,4.7971035806029017],[-74.345022071105006,4.7971140893595239],[-74.345032147538731,4.7971245973586054],[-74.345042215294768,4.7971351036817058],[-74.345052273574836,4.7971456111758499],[-74.345062320583764,4.7971561216440994],[-74.345072343324063,4.7971666242401882],[-74.345082359883691,4.7971771424707859],[-74.345092359915697,4.7971876701255418],[-74.345102342916604,4.7971982075548798],[-74.345112303278427,4.7972087544092048],[-74.345122242279004,4.7972193166183557],[-74.345132158408688,4.7972298925589509],[-74.345142047068336,4.797240484700712],[-74.345151907989319,4.7972510946452402],[-74.345161739439476,4.7972617251203697],[-74.345171540029483,4.7972723764514571],[-74.345181306578993,4.7972830507494182],[-74.34519103779509,4.7972937494035941],[-74.345200731530525,4.7973044747514226],[-74.345210386968887,4.7973152277279221],[-74.345220000803579,4.7973260092708756],[-74.345229571440669,4.7973368224375905],[-74.345239097992149,4.7973476670624473],[-74.345248575892896,4.7973585446267739],[-74.345258004875419,4.7973694576901753],[-74.34526738370451,4.7973804086174354],[-74.345276710415803,4.7973913969808466],[-74.345285980225853,4.7974024232045345],[-74.3452951937021,4.7974134905523584],[-74.345304347152378,4.7974245996730813],[-74.345313223765032,4.7974354876080776],[-74.345388856267064,4.7975332795464318],[-74.345459721850872,4.7976341817696344],[-74.345525879674724,4.7977382510888704],[-74.345587189326508,4.7978452666325779],[-74.345643520683495,4.797955001276283],[-74.345694754188415,4.7980672221244616],[-74.345740781103274,4.7981816910049266],[-74.345781616745256,4.7982984881887925],[-74.345785915478103,4.7983118760686843],[-74.345790249355048,4.7983256176907139],[-74.345794516602254,4.7983393879886123],[-74.34579871904775,4.7983531826218009],[-74.345802857507991,4.7983670035542296],[-74.345806937187405,4.7983808487210595],[-74.345810957114821,4.7983947149799064],[-74.345814921198894,4.798408605852325],[-74.345818832327168,4.7984225173495423],[-74.345822691277249,4.7984364492157567],[-74.345826501996413,4.7984504020686343],[-74.345830265627725,4.7984643719079818],[-74.345833984446088,4.7984783606822905],[-74.345837661665868,4.7984923653734626],[-74.345841298406754,4.7985063878723979],[-74.345844899176754,4.7985204266469559],[-74.345848464153249,4.7985344790070439],[-74.345851995966939,4.7985485456773063],[-74.345855498765673,4.7985626272462936],[-74.34585897311706,4.7985767206893382],[-74.345862422054239,4.7985908265839745],[-74.345865848011371,4.7986049439595932],[-74.345869253062247,4.798619073131805],[-74.34587264048254,4.7986332119811763],[-74.345876015144825,4.798647377243805],[-74.345879373897731,4.7986615351205586],[-74.345882719049015,4.7986756961436603],[-74.345886057762542,4.7986898697865419],[-74.345889390206324,4.7987040491867692],[-74.34589271817795,4.7987182343485371],[-74.345896045057273,4.7987324263684705],[-74.345972158241167,4.7990571217686249],[-74.345975487916405,4.799071321850759],[-74.345978819930011,4.7990855233104792],[-74.345982157843565,4.7990997297924221],[-74.345985505842734,4.79911394282927],[-74.345988864701027,4.7991281580011274],[-74.345992236339512,4.79914237486663],[-74.345995625426838,4.7991565960313496],[-74.34599903685465,4.7991708389327039],[-74.346002466159121,4.7991850649765109],[-74.346005918241943,4.7991992899802458],[-74.346009396255539,4.799213514765631],[-74.346012902694753,4.7992277383399831],[-74.346016439695447,4.7992419610143759],[-74.346020010909527,4.7992561818748225],[-74.346023617619892,4.799270397798213],[-74.346027262161527,4.799284610731994],[-74.346030948006188,4.7992988190289196],[-74.346034676416892,4.7993130230101047],[-74.346038451766645,4.7993272200687107],[-74.346042274353948,4.7993414096107339],[-74.346046147152208,4.7993555921414517],[-74.346050074076373,4.7993697660878594],[-74.346054055238298,4.7993839298802712],[-74.346058095503139,4.7993980844709725],[-74.346062195356438,4.7994122263795429],[-74.346066357970074,4.7994263560441173],[-74.34607058592394,4.7994404727625302],[-74.346074881178069,4.7994545749862549],[-74.346079246524781,4.7994686618000255],[-74.346083684049944,4.7994827320145665],[-74.346088314577813,4.7994971502614261],[-74.34613485011478,4.7996291789568346],[-74.346188198405628,4.7997590060384097],[-74.346248091692928,4.7998859281076323],[-74.346314373414288,4.800009613380448],[-74.34638667075464,4.8001294078808039],[-74.346394851845929,4.8001421400889948],[-74.346402888202917,4.8001545027451726],[-74.346410981532102,4.8001668179216672],[-74.346419131975722,4.8001790900814862],[-74.346427335850777,4.8001913183503158],[-74.346435591881701,4.8002035050202734],[-74.346443896714675,4.800215650609851],[-74.346452249070538,4.8002277564922542],[-74.346460645269119,4.800239823609231],[-74.346469084505515,4.8002518540163939],[-74.346477564075443,4.8002638496455106],[-74.346486081514769,4.8002758100248775],[-74.346494635172633,4.8002877378237816],[-74.346503222726255,4.8002996345804245],[-74.346511841213285,4.8003115000255168],[-74.346520488924554,4.8003233370920588],[-74.346529163885478,4.8003351465244348],[-74.346537863482254,4.8003469303366151],[-74.346546587524841,4.8003586913573102],[-74.346555331913535,4.8003704277670431],[-74.346564094537996,4.8003821431470728],[-74.346572874350002,4.800393838250204],[-74.346581668216928,4.8004055155716774],[-74.346590475747092,4.8004171755252099],[-74.34659929319028,4.8004288206809687],[-74.34660811157184,4.8004404404270566],[-74.346616943885252,4.8004520594003521],[-74.346625784465161,4.8004636710255308],[-74.346634624919815,4.8004752708380636],[-74.346643467348201,4.8004868646025267],[-74.346652307802856,4.8004984516018521],[-74.348150568794139,4.8024620762731782],[-74.348159407894741,4.8024736593203956],[-74.348168247665043,4.802485242062823],[-74.348177094450975,4.8024968277392812],[-74.348185943942866,4.8025084107009857],[-74.348194804532483,4.8025199963021317],[-74.348203670301544,4.8025315770683195],[-74.348212548746091,4.8025431574433908],[-74.348221435315907,4.8025547314762269],[-74.348230337280569,4.8025663032939168],[-74.348239260389505,4.8025778805895305],[-74.348248190430411,4.802589440197071],[-74.348257136202847,4.8026009917308201],[-74.348266098740567,4.8026125332719083],[-74.348275079339501,4.8026240664747508],[-74.348284080723829,4.8026355886105652],[-74.348293102004121,4.8026470985219492],[-74.348302145608713,4.8026585951640905],[-74.348311213143376,4.8026700791618433],[-74.348320305128055,4.8026815475183655],[-74.348329422572633,4.802692998967645],[-74.348338566200297,4.8027044346285654],[-74.348347739356669,4.8027158525259237],[-74.348356942045029,4.8027272515018522],[-74.348366175581006,4.8027386290950567],[-74.348375439050258,4.8027499841611636],[-74.348384736154827,4.8027613191865086],[-74.348394068285671,4.8027726297770412],[-74.348403434945297,4.8027839162095196],[-74.348412838821631,4.8027951767708164],[-74.348422279158569,4.8028064096097136],[-74.34843195808935,4.8028178504025067],[-74.348547595743142,4.8029486794202327],[-74.348668575425236,4.8030749821154028],[-74.348794276868659,4.8031961109123138],[-74.348805286087554,4.803206268271305],[-74.348816098712959,4.8032161794714918],[-74.348826939118794,4.8032260540652958],[-74.348837807626296,4.8032358933667174],[-74.348848701553138,4.8032456983532832],[-74.34885962089183,4.8032554699565573],[-74.348870562331186,4.8032652085894165],[-74.348881526886032,4.8032749170003903],[-74.34889251429054,4.8032845966844251],[-74.348903520837254,4.8032942452007834],[-74.34891454549178,4.8033038676918878],[-74.348925589275453,4.8033134632491343],[-74.348936649566213,4.8033230340341833],[-74.348947726722855,4.803332581160916],[-74.348958817735621,4.8033421045230353],[-74.348969922203707,4.8033516063883654],[-74.348981039815882,4.8033610881875948],[-74.348992169056984,4.8033705503214428],[-74.349003308502006,4.8033799941776811],[-74.349014456848522,4.8033894211071653],[-74.349025614698945,4.8033988334431026],[-74.349036779730554,4.8034082307615744],[-74.34904793961195,4.8034176052854409],[-74.349059117811976,4.8034269784174892],[-74.349070300993048,4.8034363406051366],[-74.349081483869895,4.8034456916584878],[-74.349092672158534,4.8034550363695292],[-74.349103861480643,4.8034643736457294],[-74.349115051463599,4.8034737046881046],[-74.349126238541288,4.8034830299918569],[-74.349137426192186,4.8034923533644278],[-74.354707829760102,4.8081343368041978]]},"properties":{"FID":0,"Id":0}},{"type":"Feature","id":1,"geometry":{"type":"LineString","coordinates":[[-74.073895080225512,4.6146219186043087],[-74.07508473525489,4.6139345525748778],[-74.075088516101118,4.6139323684039066],[-74.075092289704713,4.6139301875132928],[-74.075096077611889,4.6139279997835043],[-74.075099853424845,4.6139258185199976],[-74.075103641332774,4.6139236316959398],[-74.075107421042802,4.61392144960619],[-74.075111209852111,4.6139192636894224],[-74.075114995670319,4.6139170804047804],[-74.075118780174662,4.6139148983983249],[-74.075122566894223,4.6139127160197582],[-74.075126358826367,4.6139105324487986],[-74.075130153333902,4.6139083493423669],[-74.075133941863911,4.6139061705827409],[-74.075137739497762,4.6139039889192333],[-74.075141532821817,4.6139018111592405],[-74.075145332264441,4.613899632218188],[-74.075149127392493,4.6138974571782967],[-74.075152933866903,4.6138952788745407],[-74.075156730803712,4.6138931074583649],[-74.075160539094426,4.6138909327866999],[-74.075164346946124,4.61388876121773],[-74.075168152724984,4.6138865931636772],[-74.075171959407328,4.6138844269252166],[-74.07517578134869,4.6138822566667628],[-74.075179585510867,4.6138800979381553],[-74.075183410172869,4.6138779322346055],[-74.075187227551112,4.6138757739030174],[-74.07519104829484,4.6138736170223229],[-74.075194874547535,4.6138714611792535],[-74.075198696458258,4.6138693110241151],[-74.075202720193445,4.6138670517962215],[-74.075322707345791,4.6138017552211474],[-74.075326765989431,4.6137996162770705],[-74.075330646847732,4.6137975742232911],[-74.075334532371144,4.6137955333943754],[-74.075338419704977,4.613793495295119],[-74.075342310547938,4.6137914594691312],[-74.075346195157564,4.6137894296752],[-74.075350083277257,4.61378740124493],[-74.075353976040972,4.6137853740632586],[-74.075357866886776,4.6137833510809489],[-74.07536175317874,4.6137813327553623],[-74.075365649561803,4.6137793128524685],[-74.075369533099462,4.6137773009919734],[-74.075373428468836,4.6137752861911787],[-74.07537731928187,4.6137732760337906],[-74.075381210995417,4.6137712676933651],[-74.075385099897787,4.6137692626188338],[-74.075388990753737,4.6137672583758897],[-74.07539288517718,4.613765254574699],[-74.075396776795699,4.6137632540319427],[-74.075400666641144,4.6137612557722685],[-74.075404557386037,4.6137592584205986],[-74.075408445323632,4.6137572634165522],[-74.075412342461945,4.6137552659670948],[-74.07541622581175,4.6137532755887385],[-74.075420118359531,4.6137512818637427],[-74.075424008104179,4.6137492904808308],[-74.075427892352224,4.6137473019125368],[-74.07543178580184,4.6137453100005734],[-74.07543566724631,4.6137433237710566],[-74.07543955519877,4.6137413346727145],[-74.075443440347414,4.6137393470090036],[-74.075569461498503,4.6136748852006164],[-74.075573344520748,4.6136728986234754],[-74.07557723146364,4.6136709104840499],[-74.075581113915305,4.6136689241988043],[-74.075584999062983,4.6136669365343437],[-74.075588875005451,4.6136649522153821],[-74.075592759253325,4.6136629636458162],[-74.075596638002139,4.6136609769878341],[-74.075600513044947,4.6136589908642369],[-74.075604390896373,4.6136570023988153],[-74.075608265038454,4.6136550144711048],[-74.0756121419914,4.6136530241987677],[-74.075616015233237,4.613651034466737],[-74.075619887573836,4.613649043833278],[-74.075623757240166,4.6136470527699709],[-74.075627619478098,4.6136450628011234],[-74.075631492839349,4.6136430662033332],[-74.07563535699515,4.613641072082042],[-74.075639220257031,4.6136390761564918],[-74.075643082620829,4.6136370784287104],[-74.075646944086827,4.6136350788986471],[-74.075650795453498,4.6136330809662507],[-74.075654657960214,4.6136310754591756],[-74.075658513001343,4.6136290710923502],[-74.075662364515054,4.613627065391749],[-74.07566621140063,4.6136250584679583],[-74.075670065688058,4.6136230454182892],[-74.075673904423155,4.6136210359530176],[-74.075677750576119,4.6136190194440996],[-74.075681597524536,4.613616999778289],[-74.075685431784905,4.613614982232292],[-74.075689072960344,4.6136130624297973],[-74.075808271652875,4.6135481953222612],[-74.075811884237851,4.6135461669525277],[-74.075815666536243,4.6135440395788638],[-74.075819447048303,4.6135419095044927],[-74.075823220496531,4.6135397788043475],[-74.075827002689465,4.61353764036265],[-74.075830776420872,4.613535502597423],[-74.07583455591444,4.6135333587574658],[-74.075838332222148,4.6135312135145385],[-74.075842109012854,4.6135290651787919],[-74.075845882633828,4.613526915434619],[-74.075849660605002,4.6135247609020809],[-74.075853433795444,4.6135226062697008],[-74.075857203834957,4.6135204502231399],[-74.075860983445679,4.6135182872926936],[-74.075864751692777,4.6135161276460144],[-74.075868529503552,4.6135139611068796],[-74.0758723011852,4.6135117957629799],[-74.075876077191253,4.6135096265202611],[-74.075879847075527,4.6135074584736513],[-74.075883625173191,4.6135052848040825],[-74.075887394162237,4.6135031140524942],[-74.075891172681054,4.6135009372975686],[-74.075894939870253,4.6134987647459882],[-74.075898720479046,4.6134965844593028],[-74.075902495876122,4.6134944062745458],[-74.075906267378741,4.6134922289145592],[-74.07591004708415,4.613490046820468],[-74.075913821582773,4.6134878668286667],[-74.075917597389946,4.613485685561284],[-74.075921370988738,4.6134835046662177],[-74.075925158891124,4.6134813169318925],[-74.077241551075446,4.6127207202370295],[-74.077247853899706,4.6127170797521364],[-74.077254167256186,4.6127134369420855],[-74.077260503004325,4.6127097901678367],[-74.077266855798015,4.6127061461883487],[-74.077273269642262,4.6127024847279454],[-74.077279676299511,4.6126988486281197],[-74.077286111876873,4.6126952221517952],[-74.077292574016454,4.612691611870277],[-74.077299064627766,4.6126880197206326],[-74.077305587185521,4.6126844490697767],[-74.077312143786372,4.6126809032584086],[-74.077318735379222,4.6126773866897697],[-74.077325362175728,4.6126739031892345],[-74.077332027112931,4.6126704561910987],[-74.077338731853075,4.6126670483524741],[-74.077345477689633,4.6126636854063712],[-74.077352266484539,4.6126603690695083],[-74.077359099444351,4.6126571056273775],[-74.077365975963858,4.6126538975769096],[-74.077372900471559,4.6126507493241098],[-74.077379871502018,4.6126476656198072],[-74.077386890330672,4.6126446504749579],[-74.077393958225372,4.612641707542438],[-74.077401076896848,4.6126388413211608],[-74.077408245900443,4.6126360570299187],[-74.077415463778493,4.6126333591181634],[-74.077422733554442,4.6126307511066145],[-74.077430056388849,4.6126282375744569],[-74.077437430323641,4.6126258248756873],[-74.077444853147796,4.6126235170947067],[-74.077453165016195,4.6126210714479434],[-74.077510124895042,4.6126084530681686],[-74.077569053657882,4.6126026892825474],[-74.077628246113548,4.6126040527740049],[-74.077686849218608,4.6126125238928246],[-74.077744018423019,4.6126279805586341],[-74.077798117267974,4.6126498712189994],[-74.077805912281363,4.6126536619334066],[-74.077812852082019,4.6126571684029667],[-74.077819727566933,4.61266077091111],[-74.077826534795008,4.6126644635209644],[-74.077833276687045,4.6126682414160918],[-74.077839952826494,4.612672100953028],[-74.077846562081959,4.612676034611642],[-74.077853110866016,4.6126800413232329],[-74.077859597660691,4.6126841166344352],[-74.077866022806376,4.6126882536027418],[-74.077872391895738,4.6126924522942065],[-74.077878700749338,4.6126967051094994],[-74.077884954840059,4.6127010086529445],[-74.077891155800557,4.6127053608420043],[-74.077897304651827,4.6127097562860815],[-74.077903405389762,4.612714193338455],[-74.07790945679956,4.6127186663539321],[-74.07791546087401,4.6127231706490415],[-74.077921423277587,4.6127277050512516],[-74.077927343665209,4.6127322657622791],[-74.077933226964191,4.6127368495492149],[-74.077939071563506,4.6127414530791633],[-74.077944882800765,4.6127460722841898],[-74.0779506621423,4.6127507061112052],[-74.077956409703333,4.6127553480377621],[-74.077962131032635,4.6127599970648632],[-74.077967827910555,4.6127646513843708],[-74.077973480351446,4.6127692884380425],[-74.077979139460297,4.6127739452295362],[-74.077984780040126,4.6127785959772991],[-74.077990406375449,4.6127832399486888],[-74.080146417552868,4.6145632168519555],[-74.080150232704412,4.6145663662058523],[-74.080154036324672,4.6145695025901965],[-74.080157832440776,4.6145726263862974],[-74.080161620502224,4.6145757343252081],[-74.080165402144061,4.6145788247139103],[-74.080169174757984,4.614581891376095],[-74.080172900299672,4.6145849021507734],[-74.080176664479978,4.6145879209872529],[-74.080180426910943,4.6145909159312941],[-74.080184186479514,4.6145938799947634],[-74.080187950304435,4.6145968174400247],[-74.08019171574216,4.6145997231149236],[-74.080195486326119,4.614602596909263],[-74.08019926085484,4.6146054357744966],[-74.080203042880342,4.6146082387752889],[-74.080206830579968,4.6146110033670809],[-74.080210625739539,4.6146137262840474],[-74.080214431652763,4.614616409247108],[-74.080218245172972,4.6146190458999703],[-74.080222073482787,4.6146216398087505],[-74.080225912946418,4.6146241863213628],[-74.080229762673781,4.6146266822002593],[-74.080233626260735,4.6146291271521456],[-74.080237503568512,4.6146315196277357],[-74.080241391147823,4.6146338543578658],[-74.080245294507748,4.6146361325028167],[-74.080249216037217,4.6146383537420297],[-74.080253152230412,4.6146405145249032],[-74.080257098629787,4.6146426100820257],[-74.080261063074602,4.6146446414434292],[-74.080264204292732,4.614646193083785],[-74.080298845530635,4.6146603270255877],[-74.080334086198803,4.6146697030321997],[-74.080370226601218,4.6146745242228331],[-74.080406684501014,4.6146747129261545],[-74.080443803801188,4.6146701516684514],[-74.080447237858039,4.6146694781070847],[-74.080451593931812,4.6146685559858511],[-74.080455953059683,4.6146675673193203],[-74.080460311409908,4.6146665149826349],[-74.080464671409416,4.6146653991948572],[-74.080469035379465,4.6146642225807541],[-74.080473397991923,4.6146629875805809],[-74.080477765462632,4.614661694484532],[-74.080482131083826,4.6146603481927002],[-74.080486492821507,4.6146589496032027],[-74.080490861525846,4.614657497892769],[-74.080495232464912,4.6146559975739949],[-74.080499602688107,4.6146544510241556],[-74.08050397300994,4.6146528602071823],[-74.080508347872723,4.6146512251930778],[-74.080512727009648,4.614649549487873],[-74.080517102322602,4.6146478376755384],[-74.080521486232428,4.6146460858414518],[-74.080525873145419,4.6146443014709293],[-74.080530261433935,4.6146424841653522],[-74.080534660591255,4.6146406348329636],[-74.080539065323933,4.6146387572275769],[-74.08054347474561,4.6146368549442638],[-74.080547942915857,4.6146349051441247],[-74.080552365671295,4.6146329572424252],[-74.080556792726441,4.6146309914785473],[-74.080561232077017,4.6146290072799347],[-74.080565682618086,4.6146270076062477],[-74.08057013976989,4.6146249962279597],[-74.080574618174424,4.6146229703949873],[-74.080579107717085,4.6146209369190894],[-74.080912018457155,4.6144701025244039],[-74.080915994040382,4.6144683014678529],[-74.080919983406943,4.6144664963879176],[-74.080923985195113,4.6144646897294397],[-74.080928004128907,4.6144628815225586],[-74.080932037024581,4.6144610751615067],[-74.080936087985805,4.614459271000432],[-74.080940160870227,4.6144574701496186],[-74.080944247649683,4.6144556775953598],[-74.080948403183456,4.6144538723077453],[-74.08095254415872,4.61445209170558],[-74.080956700768994,4.6144503250266151],[-74.080960877897809,4.6144485742551371],[-74.080965072317341,4.6144468404691628],[-74.080969293410391,4.6144451231636987],[-74.080973539186104,4.6144434256340388],[-74.080977808296169,4.6144417508830626],[-74.080982101090044,4.6144401004971467],[-74.080986417622753,4.6144384772920075],[-74.080990761775482,4.6144368809904099],[-74.080995131756183,4.6144353163445251],[-74.080999528592983,4.614433783582335],[-74.08100395444427,4.6144322860980092],[-74.081008404240606,4.6144308268428134],[-74.081012885246338,4.6144294059831967],[-74.081017392495781,4.6144280283312913],[-74.081021926176092,4.614426694789687],[-74.081026491472286,4.6144254074129627],[-74.081031084337511,4.6144241696755488],[-74.081035704063837,4.6144229840567101],[-74.081040353920699,4.6144218518119464],[-74.081046025759548,4.6144205487052155],[-74.081093358679055,4.6144133147688811],[-74.081142257456065,4.6144125222561163],[-74.081190817641399,4.6144183406611754],[-74.081238155619545,4.6144306641105457],[-74.081283410014663,4.6144492683631508],[-74.081325757364169,4.6144738148905278],[-74.081364427102741,4.6145038570367225],[-74.081397997597264,4.6145381154466474],[-74.08140175816348,4.6145425692558453],[-74.081404803309368,4.6145462706559721],[-74.081407792399304,4.6145499975591084],[-74.081410730151518,4.614553750115677],[-74.081413616502275,4.614557527801292],[-74.081416449066694,4.6145613213937775],[-74.081419234180018,4.6145651351998751],[-74.081421971122225,4.6145689654191502],[-74.081424663550848,4.6145728114420264],[-74.081427310505688,4.6145766710314611],[-74.081429915571874,4.6145805418029342],[-74.08143247953781,4.6145844244883021],[-74.08143500245103,4.6145883119408762],[-74.081437488433124,4.6145922080799036],[-74.081439940658456,4.6145961126336053],[-74.081442357765255,4.6146000221346348],[-74.081444740307575,4.6146039305592161],[-74.081447093758356,4.6146078430918411],[-74.081449419167583,4.6146117590328171],[-74.08145171518585,4.6146156713893278],[-74.081453984138278,4.6146195789968125],[-74.081456234012862,4.6146234903111623],[-74.081458433248415,4.6146273514450957],[-74.081460635897955,4.6146312457864305],[-74.081462828322756,4.6146351506531351],[-74.08146500136111,4.6146390446429679],[-74.081467158554204,4.6146429296811213],[-74.081469301794726,4.6146468048220655],[-74.081471432950991,4.6146506691203895],[-74.081473556312474,4.6146545284452465],[-74.081475668653084,4.6146583712256559],[-74.081687908568014,4.6150445350786091],[-74.081690013748698,4.6150483648336653],[-74.081692119917207,4.6150521963859612],[-74.08169422608546,4.6150560279376469],[-74.081696332253927,4.6150598594896861],[-74.081698434774864,4.6150636818650659],[-74.08170054346283,4.615067516359459],[-74.081702646883812,4.6150713387361089],[-74.081704753236082,4.6150751655382996],[-74.081706859175213,4.6150789899540401],[-74.081708966015384,4.6150828143717435],[-74.081711072133032,4.6150866349413819],[-74.081713180774415,4.615090458458214],[-74.081715286653576,4.6150942728022599],[-74.08171739840661,4.6150980968890014],[-74.081719506079395,4.6151019094264107],[-74.081721619223785,4.6151057302396064],[-74.081723729592909,4.6151095418799795],[-74.081725843803113,4.6151133579358996],[-74.081727956866132,4.6151171677737048],[-74.081730071727051,4.6151209767137331],[-74.081732188384208,4.6151247847528776],[-74.0817343068382,4.6151285918923248],[-74.081736425438109,4.6151323942644664],[-74.081738549136375,4.6151362025672604],[-74.081740671323118,4.6151400031341021],[-74.081742794904201,4.6151438004768286],[-74.08174491951587,4.615147593052245],[-74.081747052607284,4.6151513982731958],[-74.081749178730405,4.6151551828560127],[-74.081751314253651,4.6151589800952015],[-74.081753332335069,4.6151625631292736],[-74.081839232915641,4.6153101432031791],[-74.08192902792004,4.6154551070534637],[-74.082022761881589,4.6155975382253933],[-74.082120363901566,4.6157373289831636],[-74.08222189537635,4.6158745563492642],[-74.082224400950423,4.6158778457764651],[-74.082227033857976,4.6158812958541429],[-74.08222967525964,4.615884752923912],[-74.082232321016718,4.6158882124455571],[-74.082234960973793,4.6158916581616873],[-74.082237611228578,4.615895114088258],[-74.082240260693226,4.6158985648402862],[-74.082242911951553,4.6159020137908682],[-74.082245567591343,4.61590546520691],[-74.082248225028195,4.6159089157230229],[-74.082250881668372,4.6159123610706088],[-74.082253540101419,4.6159158046154749],[-74.082256207986774,4.6159192592468878],[-74.08225886910806,4.6159227009868333],[-74.082261537090062,4.6159261495416599],[-74.082264203510306,4.61592959285157],[-74.082266874188448,4.6159330395997324],[-74.082269545763708,4.6159364854428926],[-74.082272218237719,4.6159399303831758],[-74.082274891768336,4.6159433743671823],[-74.082277566782423,4.6159468184581627],[-74.082280244572559,4.6159502649654875],[-74.082282920641816,4.6159537071965806],[-74.082285600234158,4.6159571528032357],[-74.082288283186145,4.6159606027305653],[-74.082290958428786,4.6159640397820265],[-74.082293644908503,4.6159674921798706],[-74.082296323675735,4.6159709326066451],[-74.082299011056278,4.615974385002775],[-74.082301693019502,4.61597782978928],[-74.082304374577859,4.6159812726461116],[-74.082481025147771,4.616208139528486],[-74.082484605315329,4.6162127376516473],[-74.08248818499014,4.6162173351419051],[-74.08249176107428,4.6162219259598753],[-74.082495341650997,4.6162265225465298],[-74.082498922227188,4.6162311191324719],[-74.082502497590056,4.6162357058105332],[-74.082506077997138,4.6162402980586315],[-74.082509658755058,4.6162448896014778],[-74.082513234841898,4.6162494710402591],[-74.082516818304697,4.6162540607795126],[-74.082520398711651,4.6162586436449811],[-74.082523980373111,4.6162632249104671],[-74.0825275638351,4.6162678052754114],[-74.08253114711377,4.6162723813017479],[-74.082534734175894,4.6162769589619508],[-74.082538319061058,4.6162815288415926],[-74.082541908096033,4.6162860996737543],[-74.082545499464558,4.616290669384532],[-74.082549089005596,4.6162952306336136],[-74.082552685238682,4.6162997960636547],[-74.082556280167637,4.6163043537101069],[-74.082559877789137,4.616308908652714],[-74.082563480109854,4.6163134643330315],[-74.082567081482992,4.6163180115677571],[-74.082570688081148,4.6163225593008255],[-74.082574295734702,4.6163271011338827],[-74.082577906979722,4.6163316402693804],[-74.082581521814674,4.6163361767054001],[-74.082585140239829,4.6163407104424383],[-74.082588758581096,4.6163452348535934],[-74.082592246006058,4.6163495877931355],[-74.082693301218029,4.6164724072143413],[-74.08279728170109,4.6165924708635107],[-74.082904389878451,4.6167100124627503],[-74.08290821930683,4.616714106491087],[-74.082912180009515,4.6167183324536287],[-74.082916148597079,4.6167225603654396],[-74.082920116475194,4.6167267791419038],[-74.082924094687044,4.6167310033525197],[-74.082928073891111,4.6167352221010045],[-74.082932054229119,4.6167394346457726],[-74.082936042315239,4.6167436498456089],[-74.082940033090267,4.616747862337963],[-74.082944026558309,4.6167520721272748],[-74.08294802519336,4.6167562827225401],[-74.082952023266571,4.616760487228647],[-74.082956024696855,4.6167646896865095],[-74.082960033118795,4.6167688958010116],[-74.082964043335409,4.6167731001080146],[-74.082968052861702,4.6167772991004554],[-74.082972067467338,4.6167814996885115],[-74.082976081485043,4.6167856950743982],[-74.082980103982834,4.6167898974857202],[-74.082984123186407,4.6167940927695064],[-74.082988148383038,4.6167982924696362],[-74.082992170283063,4.6168024850468088],[-74.082996200680356,4.6168066855473269],[-74.083000226974761,4.6168108790266071],[-74.083004256671018,4.6168150742098613],[-74.083008287266452,4.6168192684888467],[-74.083012321267248,4.6168234653751563],[-74.083016357863883,4.6168276649622477],[-74.083020387754019,4.6168318548284173],[-74.083024427758929,4.61683605611793],[-74.083028462751329,4.6168402512911149],[-74.083522376188341,4.617353810726307],[-74.083525401757299,4.617356955945354],[-74.08352843322686,4.617360108203493],[-74.083531461355179,4.6173632569877174],[-74.083534486922261,4.6173664021719363],[-74.08353751517086,4.6173695501767638],[-74.083540540737545,4.6173726944572238],[-74.083543569767244,4.6173758423370757],[-74.083546598796573,4.6173789902165829],[-74.083549627826159,4.6173821380962545],[-74.08355265094923,4.6173852779987552],[-74.083555680881346,4.6173884249753767],[-74.08355870746621,4.6173915675716284],[-74.083561734835342,4.6173947100473924],[-74.083564763106793,4.6173978525254444],[-74.083567794053224,4.6174009978106119],[-74.083570819761604,4.6174041357918458],[-74.083573849046942,4.6174072765810621],[-74.083576875767164,4.6174104128745501],[-74.083579909304106,4.6174135562335481],[-74.083582936923293,4.6174166916244195],[-74.083585968799838,4.61741983049345],[-74.083588997423064,4.6174229641882398],[-74.08359203020062,4.6174261012515192],[-74.083595057954341,4.6174292303546398],[-74.083598095198397,4.6174323692975001],[-74.083601127214607,4.617435500976721],[-74.083604156863757,4.6174386274783288],[-74.083607194148797,4.6174417609349971],[-74.083610225591443,4.617444885630972],[-74.08361326467886,4.6174480172830163],[-74.083616197591127,4.6174510368841624],[-74.083776246974779,4.6176130149140349],[-74.083779241282826,4.6176159932093634],[-74.083782335310957,4.6176190697876329],[-74.083785420709177,4.6176221341923727],[-74.083788516539016,4.6176252080619049],[-74.083791613302481,4.6176282819647287],[-74.083794701391923,4.6176313436682621],[-74.083797803426577,4.6176344192059284],[-74.083800899385793,4.6176374869242105],[-74.083803996245422,4.6176405537413601],[-74.083807094004044,4.6176436196560156],[-74.083810195226221,4.6176466880968379],[-74.083813297396688,4.6176497565851573],[-74.083816396953239,4.617652820694679],[-74.083819499973671,4.6176558873266442],[-74.083822603946942,4.6176589540106168],[-74.083825705301749,4.6176620163153181],[-74.083828813641645,4.6176650855191221],[-74.083831915895601,4.6176681469213881],[-74.08383502161378,4.6176712108404763],[-74.083838130854005,4.6176742782347047],[-74.083841237530933,4.6176773422114907],[-74.083844345109895,4.6176804061900176],[-74.083847455189812,4.6176834726190696],[-74.083850562768276,4.6176865356937586],[-74.083853670283929,4.6176895978031052],[-74.083856778763874,4.6176926599756714],[-74.083859896795914,4.6176957333525186],[-74.083863001749037,4.6176987920490715],[-74.083866110165189,4.6177018532553804],[-74.083869225637557,4.6177049223159825],[-74.083872340143969,4.6177079913137469],[-74.084058563583298,4.6178914342550383],[-74.08406167593597,4.6178945002404275],[-74.084064784352336,4.6178975614442486],[-74.084067902388469,4.6179006339162232],[-74.084071010870815,4.6179036960882662],[-74.084074126343637,4.6179067660519886],[-74.084077237324834,4.6179098315738596],[-74.08408034836944,4.6179128971582575],[-74.084083462940086,4.6179159671219168],[-74.084086573984933,4.6179190336107325],[-74.084089691115281,4.6179221078924364],[-74.084092797734982,4.6179251709062319],[-74.084095917486081,4.6179282495693474],[-74.084099020643947,4.6179313100705333],[-74.084102139434179,4.6179343886777069],[-74.084105251298183,4.6179374613571929],[-74.084108359639444,4.6179405305586965],[-74.084111474060691,4.6179436075598446],[-74.084114584064352,4.6179466810893794],[-74.08411769411957,4.6179497555751068],[-74.084120806734575,4.6179528343890066],[-74.084123912373386,4.6179559063044353],[-74.084127026646769,4.6179589894524096],[-74.084130133994805,4.6179620666535266],[-74.084133243900524,4.6179651481868067],[-74.084136350342561,4.6179682271948161],[-74.084139458400841,4.6179713095937114],[-74.084142569101175,4.6179743973217899],[-74.084145669334291,4.6179774746644586],[-74.084148778188819,4.6179805632628828],[-74.084151883613444,4.6179836502688225],[-74.084155090398951,4.6179868398900386],[-74.084315547981703,4.6181492306595038],[-74.084318691757375,4.618152467351738],[-74.084321747079159,4.6181556166483313],[-74.08432478873678,4.6181587518685632],[-74.084327839688498,4.6181618994110316],[-74.08433088300427,4.6181650400104957],[-74.084333932145199,4.6181681893650923],[-74.084336973658822,4.61817133177765],[-74.084340017630069,4.6181744785673073],[-74.084343060699126,4.6181776262643828],[-74.084346096946533,4.6181807669073391],[-74.084349145024774,4.61818392346908],[-74.0843521794732,4.6181870659240785],[-74.084355217270968,4.618190212752463],[-74.084358256836325,4.6181933632815513],[-74.084361292830224,4.618196511015694],[-74.084364328821948,4.618199659652892],[-74.084367364024047,4.6182028084067159],[-74.084370401672516,4.6182059615403857],[-74.084373432512663,4.6182091076088456],[-74.084376463351688,4.6182122536761394],[-74.084379500096247,4.6182154077152315],[-74.084382532596393,4.6182185582845952],[-74.084385562416202,4.6182217060377848],[-74.084388594914699,4.6182248575107661],[-74.084391623951305,4.618228005386384],[-74.084394655549175,4.6182311568610013],[-74.084397681123249,4.6182343011376359],[-74.084400716061992,4.6182374569898679],[-74.084403744198625,4.6182406057709677],[-74.084406772334646,4.6182437545514796],[-74.084409797128302,4.6182468989526351],[-74.085330583953805,4.6192043028283285],[-74.085333612902545,4.6192074524413034],[-74.085336641046354,4.6192106012172793],[-74.085339669190148,4.6192137499931443],[-74.085342697334042,4.6192168987691309],[-74.085345725477794,4.6192200475448928],[-74.085348756182825,4.6192231999216826],[-74.085351780864272,4.6192263450966013],[-74.085354814908015,4.6192295018507652],[-74.085357838812115,4.6192326471534546],[-74.085360869394549,4.6192358003078713],[-74.085363896637702,4.6192389499883628],[-74.085366927218303,4.6192421040460765],[-74.085369953684236,4.6192452538555173],[-74.085372983363357,4.6192484079139051],[-74.085376015600417,4.6192515664803029],[-74.08537903770646,4.6192547135918369],[-74.085382066482424,4.6192578685543833],[-74.085385095257166,4.6192610244210028],[-74.085388122485725,4.6192641796513341],[-74.085391150227892,4.6192673362872432],[-74.085394173996733,4.6192704888164204],[-74.085397206853401,4.6192736535731509],[-74.085400226263673,4.6192768033994698],[-74.085403252330124,4.6192799610747395],[-74.085406280953904,4.6192831232657037],[-74.085409308675736,4.619286286364467],[-74.085412329611643,4.6192894423758224],[-74.085415355666228,4.6192926056199877],[-74.085418375562242,4.6192957623906263],[-74.085421404034577,4.6192989309194692],[-74.085424516629843,4.6193021883985317],[-74.085642138236977,4.6195335470808407],[-74.0856451958349,4.6195368488613564],[-74.08564816960785,4.6195400620711435],[-74.085651142886974,4.6195432765601083],[-74.085654106545306,4.6195464797459191],[-74.085657084922829,4.6195497026061858],[-74.085660049989201,4.6195529110709872],[-74.085663020805569,4.6195561276394281],[-74.085665984967051,4.6195593370044463],[-74.085668954879822,4.6195625544786569],[-74.085671918140577,4.6195657647484909],[-74.085674887149992,4.6195689831289561],[-74.085677849509239,4.6195721943027097],[-74.085680817615057,4.6195754135888896],[-74.085683779073435,4.6195786256672156],[-74.085686743083116,4.6195818414908443],[-74.085689706833023,4.619585057937976],[-74.085692667388997,4.6195882709191904],[-74.085695633688289,4.6195914920179231],[-74.085698590152148,4.6195947015346057],[-74.085701555550244,4.6195979226354904],[-74.085704514942947,4.6196011371405605],[-74.085707473959914,4.6196043513120557],[-74.08571043590301,4.6196075695667131],[-74.085713397208934,4.6196107881094068],[-74.085716352509294,4.6196139991463854],[-74.085719313815119,4.6196172176888242],[-74.08572227166816,4.6196204324791292],[-74.085725232708128,4.6196236516379399],[-74.085728187373121,4.6196268629626056],[-74.085731148413402,4.6196300821216871],[-74.085734103078366,4.6196332934462445],[-74.085962571537934,4.6198816461770784],[-74.085965530834997,4.6198848634380498],[-74.085968485502022,4.6198880747616071],[-74.085971443357025,4.6198912895504689],[-74.085974404399209,4.6198945087081951],[-74.085977356513339,4.6198977162779649],[-74.085980317822674,4.6199009348205715],[-74.085983275677847,4.6199041496094626],[-74.085986230980424,4.6199073606450876],[-74.085989189736949,4.6199105754340613],[-74.085992145303194,4.6199137858528347],[-74.085995107249133,4.6199170041066111],[-74.085998060262241,4.6199202107735875],[-74.086001016729199,4.6199234202894344],[-74.086003979578535,4.6199266376391224],[-74.086006933490737,4.6199298434036509],[-74.086009894050719,4.6199330563847134],[-74.08601285141556,4.619936264994438],[-74.086015809421525,4.6199394733229866],[-74.08601877088222,4.6199426853991765],[-74.086021729146111,4.6199458931040915],[-74.086024685499709,4.6199490967859811],[-74.086027648118403,4.6199523073316975],[-74.086030607926133,4.6199555138550172],[-74.086033565434732,4.6199587160096165],[-74.086036529599809,4.619961925373322],[-74.086039488007188,4.6199651266251216],[-74.086042450519983,4.619968331346719],[-74.086045413281639,4.6199715354341979],[-74.086048373487316,4.6199747348811719],[-74.086051337802218,4.6199779377980112],[-74.08605421169527,4.6199810421391652],[-74.086271472033246,4.6202120152098596],[-74.086274399252162,4.6202150786728886],[-74.086277411610808,4.6202182293929486],[-74.086280427430665,4.6202213828314074],[-74.086283444010704,4.6202245361234233],[-74.086286458167535,4.6202276850385546],[-74.086289475785961,4.6202308366682665],[-74.086292494168376,4.6202339881557046],[-74.086295512684885,4.6202371388797614],[-74.086298531968239,4.6202402894645545],[-74.086301548822846,4.6202434356729176],[-74.086304572470084,4.6202465889670483],[-74.086307592785133,4.6202497378823333],[-74.086310613870879,4.6202528866625538],[-74.086313635085119,4.6202560346733517],[-74.086316657072075,4.6202591825512389],[-74.086319682521577,4.6202623340364868],[-74.086322702072792,4.6202654775365986],[-74.086325728424455,4.6202686281184251],[-74.086328751436582,4.6202717743196393],[-74.086331781124628,4.6202749283742035],[-74.086334801575504,4.6202780709723141],[-74.086337828828263,4.6202812206495008],[-74.086340852740165,4.620284365946878],[-74.086343880770883,4.6202875154956731],[-74.086346908144961,4.6202906643946031],[-74.086349932835105,4.6202938095649628],[-74.086352960988322,4.6202969583367839],[-74.08635598914131,4.6203001071083385],[-74.086359017294242,4.6203032558798212],[-74.086362045447288,4.6203064046513331],[-74.08636507360039,4.6203095534229686],[-74.089620245503497,4.6236941297078271],[-74.089623274486044,4.6236972792975939],[-74.089626299325971,4.6237004236759924],[-74.089629330849704,4.6237035759076672],[-74.089632359031455,4.6237067246646539],[-74.089635393113014,4.6237098813998472],[-74.089638414493152,4.6237130230823027],[-74.089641445236936,4.6237161754408698],[-74.089644475857398,4.6237193285765708],[-74.089647503138295,4.6237224782380872],[-74.089650530419192,4.6237256278995673],[-74.089653563597423,4.6237287855407736],[-74.089656589978233,4.6237319361077125],[-74.089659618918489,4.6237350902778216],[-74.089662647732382,4.6237382452215847],[-74.089665673211272,4.6237413966919529],[-74.089668704582905,4.6237445561455441],[-74.08967173172168,4.6237477121293171],[-74.089674758729473,4.6237508688818316],[-74.089677782406085,4.623754022160889],[-74.089680814529714,4.6237571870376479],[-74.089683839733596,4.6237603456012204],[-74.089686864167675,4.6237635043030263],[-74.089689888465543,4.623766663767805],[-74.089692915321024,4.6237698277529002],[-74.089695941273916,4.6237729926449909],[-74.089698963005304,4.623776154066956],[-74.08970198715258,4.6237793198662382],[-74.089705007838702,4.6237824829491014],[-74.089708033638672,4.6237856541837354],[-74.089711055078823,4.6237888227047597],[-74.089714201380772,4.6237921231110182],[-74.089931156918439,4.6240248100461132],[-74.089934225799283,4.6240281748999745],[-74.089937178423227,4.6240314151703386],[-74.089940120994854,4.6240346444137623],[-74.089943072417114,4.6240378861724629],[-74.089946019184211,4.624041124804692],[-74.089948962200467,4.6240443602216486],[-74.089951907761602,4.6240476003339799],[-74.089954849275614,4.624050836988542],[-74.089957796173664,4.6240540823727265],[-74.089960733338529,4.6240573170425288],[-74.089963673048516,4.624060555508267],[-74.08996661813579,4.6240638027044279],[-74.089969552907093,4.6240670386203258],[-74.089972493640531,4.6240702829207176],[-74.089975428100146,4.6240735203014625],[-74.089978367652932,4.6240767652920436],[-74.08998130344456,4.6240800070376942],[-74.089984239233857,4.6240832496859978],[-74.089987171305111,4.6240864883192305],[-74.089990109322486,4.6240897353307124],[-74.089993037947636,4.6240929710603629],[-74.089995975379466,4.6240962184227472],[-74.089998906234641,4.6240994585166257],[-74.090001839635462,4.6241027024216379],[-74.090004770170509,4.6241059430657856],[-74.090007703570748,4.6241091878754652],[-74.090010633523931,4.6241124288726683],[-74.090013566023416,4.6241156736839537],[-74.090016492528079,4.6241189108658167],[-74.090019422481717,4.6241221518634621],[-74.090022354981059,4.6241253966744509],[-74.090244653536658,4.6243713429888915],[-74.090247581273658,4.6243745815311037],[-74.090250516900554,4.6243778307041516],[-74.090253440281415,4.6243810644257222],[-74.09025637023791,4.6243843054230735],[-74.090259300192798,4.6243875464186281],[-74.090262230148042,4.6243907874145238],[-74.090265156974823,4.6243940240459791],[-74.09026809005816,4.624397268501399],[-74.090271014337262,4.6244005013194132],[-74.090273945194866,4.6244037414121211],[-74.090276876051433,4.6244069815035358],[-74.090279803777236,4.6244102172300972],[-74.090282735217741,4.6244134569707933],[-74.090285658162045,4.6244166845217238],[-74.090288596502461,4.6244199309794549],[-74.090291522580245,4.6244231619928176],[-74.09029444955722,4.6244263921038904],[-74.09029738625344,4.6244296338476802],[-74.090300310992134,4.6244328595935205],[-74.090303245455885,4.6244360960698234],[-74.090306177369712,4.6244393287403804],[-74.090309109593349,4.6244425608492099],[-74.090312042408371,4.6244457926175491],[-74.090314969837465,4.6244490156543954],[-74.090317910148556,4.6244522537835238],[-74.09032083847471,4.6244554759177241],[-74.090323773994626,4.6244587049809507],[-74.090326707265802,4.6244619296777101],[-74.090329647135746,4.624465161630738],[-74.090332575601039,4.6244683772644315],[-74.090335405663524,4.6244714848539497],[-74.09056106035689,4.6247144090272494],[-74.090791248138771,4.6249527904623937],[-74.091026103843006,4.6251867687960964],[-74.09102910970465,4.6251897047823896],[-74.091032231766491,4.6251927533876991],[-74.091035351170376,4.6251957976157065],[-74.091038474037134,4.6251988443214014],[-74.091041594338222,4.6252018867428646],[-74.091044715539269,4.6252049282627175],[-74.091047843769871,4.6252079766346661],[-74.0910509658694,4.6252110172515035],[-74.091054088869228,4.6252140569670637],[-74.091057218902066,4.6252171035300345],[-74.091060342800318,4.6252201423425294],[-74.091063471172603,4.6252231846328655],[-74.091066599434043,4.6252262259120833],[-74.091069728706998,4.625229267299523],[-74.091072857867303,4.6252323076740884],[-74.091075987026258,4.6252353471440451],[-74.091079120777408,4.6252383911039407],[-74.091082247257319,4.6252414261943562],[-74.091085381912904,4.6252444692529133],[-74.091088512871494,4.6252475078186528],[-74.091091647410181,4.6252505498594285],[-74.091094778366923,4.6252535875200156],[-74.091097910343706,4.6252566252968332],[-74.091101045783446,4.6252596664329584],[-74.09110418122286,4.6252627075687505],[-74.091107314100526,4.6252657453459429],[-74.091110449420526,4.6252687854616061],[-74.091113585881175,4.6252718267135569],[-74.09111671863873,4.6252748634710041],[-74.091119857540562,4.625277907059016],[-74.091122990418853,4.6252809439334479],[-74.091932366964485,4.6260656121118569],[-74.091935501847672,4.6260686509197564],[-74.091938638195401,4.6260716911473585],[-74.091941778125914,4.6260747357527459],[-74.09194491345221,4.6260777758637008],[-74.091948052481129,4.6260808204696309],[-74.091951187928018,4.6260838616017779],[-74.091954323374708,4.6260869027336753],[-74.091957464962036,4.6260899516018865],[-74.091960599508695,4.6260929936391602],[-74.091963740193236,4.6260960434141154],[-74.091966873838743,4.6260990863557572],[-74.091970011059786,4.6261021336741699],[-74.091973149826032,4.6261051842467156],[-74.091976285243405,4.6261082324711991],[-74.091979423219087,4.626111284965905],[-74.091982557731654,4.6261143349985305],[-74.091985691233887,4.6261173849259762],[-74.091988833527978,4.6261204469822266],[-74.09199196177012,4.6261234953532728],[-74.091995099694358,4.626126555850588],[-74.091998229594552,4.6261296094058135],[-74.092001368268328,4.6261326750961835],[-74.092004496462579,4.6261357314635347],[-74.092007629771288,4.6261387954981821],[-74.092010762267577,4.6261418614373424],[-74.09201388676081,4.6261449204305167],[-74.092017023546333,4.6261479959488918],[-74.092020145341579,4.6261510576665854],[-74.092023279405581,4.6261541359105456],[-74.092026398497154,4.6261572003469675],[-74.092029636371635,4.626160386135143],[-74.092142153769515,4.6262730823841283],[-74.092252681291114,4.6263877503670141],[-74.092255790074901,4.6263910353393776],[-74.092258798886874,4.626394216532705],[-74.092261809353658,4.6263974022925609],[-74.092264818736567,4.626400589677055],[-74.092267826494421,4.6264037781632146],[-74.092270835716462,4.6264069719339238],[-74.09227383475185,4.6264101558064299],[-74.092276838892943,4.6264133479223526],[-74.092279844492751,4.6264165453252932],[-74.092282836654149,4.6264197284405286],[-74.092285840440198,4.6264229276567281],[-74.092288836611544,4.6264261206373067],[-74.092291828622649,4.6264293101475182],[-74.0922948236812,4.6264325047174193],[-74.092297817345866,4.6264356997272325],[-74.092300813149322,4.6264388997969439],[-74.092303799000334,4.6264420892402462],[-74.092306787404354,4.6264452823737292],[-74.092309781396338,4.6264484842547793],[-74.092312768000596,4.6264516792040764],[-74.092315754387599,4.6264548748263152],[-74.092318740087975,4.6264580706791509],[-74.09232172233213,4.6264612628331214],[-74.092324710370136,4.6264644630596399],[-74.09232769495182,4.6264676604913193],[-74.092330678849649,4.6264708581569076],[-74.092333656735221,4.6264740484147264],[-74.092336640633278,4.6264772460804053],[-74.092339621074757,4.6264804400424087],[-74.092342604752091,4.626483638376909],[-74.092345584513495,4.6264868325759503],[-74.092629198752078,4.626790831171097],[-74.092632182494768,4.6267940305385666],[-74.09263515624535,4.6267972173242216],[-74.092638139926024,4.6268004156580744],[-74.092641117134036,4.6268036061503297],[-74.092644097578258,4.6268068001110647],[-74.092647078022154,4.6268099940713459],[-74.092650055910582,4.6268131843279114],[-74.092653039811069,4.6268163819917785],[-74.092656014460658,4.6268195678745814],[-74.09265899580727,4.6268227609321091],[-74.092661974596439,4.6268259502857871],[-74.092664953602736,4.626829138968608],[-74.092667935849676,4.6268323311206236],[-74.092670915539955,4.6268355195718893],[-74.09267389544577,4.6268387073505144],[-74.092676876037487,4.6268418948997967],[-74.092679860086918,4.6268450861473527],[-74.092682835086521,4.626848264948892],[-74.092685823285564,4.6268514587634639],[-74.092688799182753,4.626854636663027],[-74.092691782479989,4.6268578215075884],[-74.092694769233063,4.6268610100419334],[-74.092697746923903,4.6268641861357453],[-74.092700732023246,4.6268673691754625],[-74.092703720579195,4.626870555901581],[-74.09270669750434,4.6268737265033169],[-74.092709687867043,4.6268769114252715],[-74.092712672407771,4.6268800882842642],[-74.092715657848842,4.6268832642422737],[-74.092718644188707,4.626886439297424],[-74.092721560015605,4.6268895375698404],[-74.092848799906648,4.6270230694388514],[-74.092977651771619,4.6271550366323542],[-74.092980650400605,4.6271580700888597],[-74.092983712430595,4.6271611649671351],[-74.092986781363734,4.6271642659233061],[-74.092989848607473,4.627167363353621],[-74.092992915894868,4.6271704590235654],[-74.092995987505375,4.6271735581494449],[-74.092999056569965,4.6271766528955354],[-74.093002129983915,4.6271797511211021],[-74.093005199961354,4.6271828440762457],[-74.093008274276187,4.6271859404958331],[-74.093011346038224,4.6271890325347638],[-74.093014424719058,4.6271921315401912],[-74.093017491356662,4.6271952148078812],[-74.093020577861921,4.6271983198716446],[-74.093023651423536,4.6272014101070891],[-74.093026725883817,4.6272044994395145],[-74.093029807268664,4.6272075957320942],[-74.093032882627014,4.6272106841610556],[-74.093035964913085,4.6272137795492672],[-74.093039047197522,4.6272168749356872],[-74.09304212345549,4.6272199624626955],[-74.093045206642671,4.6272230569462582],[-74.093048286364152,4.6272261470476455],[-74.093051370451661,4.6272292415302392],[-74.093054451073996,4.6272323316321842],[-74.093057535161321,4.6272354252102046],[-74.093060619248675,4.6272385187882108],[-74.093063699869546,4.6272416079852743],[-74.093066787422842,4.6272447050392866],[-74.093069868947424,4.6272477951430302],[-74.093072953033001,4.6272508878148244],[-74.094257709594288,4.6284389391427982],[-74.094260791134602,4.6284420283433905],[-74.094263882162224,4.6284451288651249],[-74.0942669602302,4.6284482145830612],[-74.094270051258917,4.6284513151058118],[-74.094273129326908,4.6284544008237045],[-74.09427621432738,4.6284574934933698],[-74.094279305354632,4.6284605940144337],[-74.094282383422822,4.6284636797323575],[-74.094285468423536,4.6284667724021755],[-74.094288553422189,4.6284698650697216],[-74.094291634953279,4.6284729533573978],[-74.094294720857476,4.628476046029153],[-74.094297809320977,4.6284791421696232],[-74.094300888287634,4.6284822269843504],[-74.094303974189302,4.6284853187492727],[-74.094307060089704,4.6284884105128254],[-74.094310145990221,4.6284915022764741],[-74.094313228420205,4.6284945896591694],[-74.094316315228596,4.6284976814293524],[-74.094319398559108,4.6285007688122493],[-74.094322485361644,4.6285038596722767],[-74.09432556869055,4.6285069461501562],[-74.09432865640207,4.6285100370177279],[-74.09433174063247,4.6285131234968819],[-74.094334824861235,4.628516209071079],[-74.094337916038654,4.6285193025021796],[-74.09434099770337,4.6285223846099894],[-74.094344086308936,4.62852547366158],[-74.094347168872559,4.6285285548667279],[-74.09435025837945,4.6285316430140133],[-74.094353297166577,4.6285346804638712],[-74.094579587126404,4.628758946905883],[-74.094582652413877,4.628761959338175],[-74.094585768057215,4.6287650212580695],[-74.094588877599335,4.6287680753938529],[-74.094591996706839,4.6287711398122875],[-74.094595103683872,4.6287741896427068],[-74.094598223694049,4.6287772531561497],[-74.094601337675883,4.62878030986636],[-74.094604455121754,4.6287833699774108],[-74.094607569026209,4.6287864257083999],[-74.094610683909551,4.6287894815165398],[-74.094613802256376,4.6287925407228112],[-74.094616917060037,4.6287955955493114],[-74.094620035407459,4.628798653851919],[-74.094623151191584,4.6288017087570736],[-74.094626273002191,4.6288047704556154],[-74.094629385240765,4.6288078209806107],[-74.094632508035005,4.6288108827587866],[-74.09463562117493,4.6288139332857785],[-74.094638743887671,4.6288169940786856],[-74.094641860573745,4.6288200480820159],[-74.094644977176387,4.6288231011002123],[-74.094648100872632,4.6288261619725883],[-74.094651221022787,4.6288292193707106],[-74.094654337625002,4.6288322723883883],[-74.094657457774986,4.6288353288819062],[-74.094660577924458,4.628838385374908],[-74.094663701620746,4.628841446247046],[-74.094666815660759,4.6288444958723227],[-74.094669939274667,4.6288475557584645],[-74.094673056862106,4.6288506088591133],[-74.094676180475318,4.6288536687444983],[-74.094902496227022,4.6290753389208614],[-74.094905615342924,4.6290783935157416],[-74.094908738957926,4.6290814533998503],[-74.094911862656531,4.6290845142711001],[-74.09491497669859,4.6290875638951663],[-74.094918100314615,4.6290906237801552],[-74.09492122401349,4.629093684651556],[-74.09492434672768,4.6290967454422107],[-74.094927463416155,4.6290997994441705],[-74.094930586130218,4.6291028602345845],[-74.094933708925964,4.6291059220102895],[-74.094936830739144,4.6291089837072521],[-74.094939949089238,4.6291120420083347],[-74.094943070981302,4.6291151046878856],[-74.094946191893342,4.6291181672911161],[-74.094949312882974,4.6291212308758212],[-74.094952432893706,4.6291242943851927],[-74.094955552979954,4.629127358873995],[-74.094958675625904,4.6291304276688887],[-74.094961791273121,4.6291334895876899],[-74.094964915576597,4.6291365626936258],[-74.0949680294232,4.6291396255185102],[-74.094971150329741,4.6291426970981533],[-74.094974269298689,4.6291457685489457],[-74.094977384869878,4.6291488375604386],[-74.094980503000002,4.6291519108872095],[-74.094983616703971,4.6291549807421637],[-74.094986736550936,4.629158059355805],[-74.094989851974034,4.6291611354041411],[-74.094992962974686,4.6291642079783424],[-74.094996080106057,4.6291672893111624],[-74.094999264763459,4.6291704392380097],[-74.095112659575463,4.6292839574982318],[-74.095224709589772,4.629398814517387],[-74.095227811794217,4.6294020335875636],[-74.095230846076177,4.6294051830812437],[-74.095233888818285,4.6294083450444727],[-74.095236917955205,4.6294114928777486],[-74.095239955548607,4.6294146522808726],[-74.095242989557562,4.6294178097710859],[-74.095246019448737,4.6294209639163082],[-74.095249054332214,4.6294241260444986],[-74.095252082294181,4.6294272818704503],[-74.095255106920874,4.6294304342207813],[-74.095258139997057,4.6294335981649626],[-74.095261166152753,4.6294367557995271],[-74.095264194863788,4.6294399179477272],[-74.095267219347477,4.6294430766257397],[-74.0952702436946,4.629446236066566],[-74.095273270598497,4.629449400026588],[-74.095276293280065,4.6294525605177466],[-74.095279312499557,4.629455717389523],[-74.095282335039613,4.6294588786380375],[-74.095285356818792,4.6294620400342907],[-74.095288378456118,4.6294652021874914],[-74.095291399334045,4.6294683644901271],[-74.095294416750932,4.6294715231700865],[-74.095297437485172,4.6294746862276135],[-74.095300454901832,4.6294778458115582],[-74.095303474878747,4.6294810090207132],[-74.095306491394354,4.6294841686047832],[-74.095309507910187,4.6294873281891258],[-74.095312527740816,4.6294904921501896],[-74.095315544257005,4.6294936526391597],[-74.095318557457205,4.629496808749944],[-74.096265688992077,4.6304891013491787],[-74.096268708562789,4.6304922659701582],[-74.096271721625939,4.6304954228275905],[-74.096274734835134,4.6304985789347546],[-74.096277757233594,4.6305017465178002],[-74.09628077029781,4.63050490337627],[-74.096283789381872,4.6305080674871322],[-74.096286802445348,4.6305112243447644],[-74.09628982152951,4.6305143884556799],[-74.096292837152944,4.6305175489400492],[-74.096295858648119,4.63052071742921],[-74.096298870811083,4.6305238751895565],[-74.096301888994205,4.6305270402069389],[-74.096304903716756,4.6305302015959162],[-74.096307921749442,4.6305333673607647],[-74.096310939031397,4.630536533284543],[-74.096313952852668,4.6305396955776157],[-74.096316966673683,4.6305428578704095],[-74.09631998636192,4.6305460281713966],[-74.096323002589799,4.630549195746311],[-74.096326012202724,4.6305523554710728],[-74.096329036848616,4.6305555346882148],[-74.096332042105658,4.6305586916844454],[-74.096335059988533,4.630561863799155],[-74.096338076968024,4.6305650368200615],[-74.096341087185635,4.630568202731375],[-74.096344100702638,4.6305713730174709],[-74.096347113478004,4.6305745434724912],[-74.096350128650087,4.6305777183049601],[-74.096353139624441,4.6305808896690035],[-74.09635615043355,4.6305840617642779],[-74.096359250340612,4.6305873296401652],[-74.096580014561667,4.6308235733357197],[-74.096583057920867,4.6308268789673921],[-74.09658602569742,4.6308301052948826],[-74.096588986199848,4.6308333246994176],[-74.096591943247262,4.6308365403473246],[-74.096594906030489,4.6308397641191599],[-74.096597865360806,4.6308429850407151],[-74.0966008240582,4.6308462062552929],[-74.096603785035228,4.6308494318400522],[-74.096606739379553,4.6308526502013132],[-74.096609696902547,4.6308558729301872],[-74.096612653797123,4.6308590959572884],[-74.096615612967,4.6308623233537931],[-74.096618565509289,4.6308655435240089],[-74.09662151805054,4.6308687636931394],[-74.096624476316649,4.6308719919953321],[-74.09662742795787,4.630875213069964],[-74.09663038277084,4.6308784385105444],[-74.096633333789072,4.6308816598888685],[-74.096636287700449,4.6308848853300999],[-74.0966392409901,4.6308881110775246],[-74.096642191448623,4.6308913336531514],[-74.096645144737607,4.6308945603051725],[-74.096648091404475,4.6308977788188201],[-74.09665104696299,4.6309010089357105],[-74.096653996519279,4.6309042324142231],[-74.096656945738459,4.6309074556049135],[-74.096659892123981,4.6309106747142108],[-74.096662847680506,4.6309139057350706],[-74.096665793449361,4.63091712515432],[-74.096668745554723,4.6309203524038507],[-74.096671694491818,4.6309235761903507],[-74.096885564046943,4.6311573492701266],[-74.096888514416321,4.6311605746191908],[-74.096891463355263,4.6311637984045673],[-74.096894409124985,4.6311670178214737],[-74.096897358682497,4.6311702412978075],[-74.096900307904221,4.6311734644878557],[-74.096903254291718,4.6311766835959007],[-74.09690620668276,4.6311799102489859],[-74.096909153070612,4.6311831293572938],[-74.096912097188252,4.6311863440989907],[-74.096915053651401,4.6311895742136002],[-74.096917994595643,4.6311927845863092],[-74.09692094596187,4.6311960062608826],[-74.096923896982361,4.6311992276375555],[-74.096926845172121,4.6312024449408309],[-74.096929794264142,4.6312056622463551],[-74.096932740454946,4.6312088745806488],[-74.096935693625852,4.6312120944491193],[-74.096938643893367,4.6312153102482112],[-74.096941591606836,4.6312185213792061],[-74.096944545954543,4.6312217397394457],[-74.096947494566905,4.6312249499677858],[-74.096950447263737,4.6312281636643924],[-74.096953397676586,4.6312313729926018],[-74.096956351541849,4.6312345851744396],[-74.096959302851431,4.6312377926953268],[-74.096962258251537,4.6312410036849894],[-74.096965208167916,4.631244205934105],[-74.096968165371337,4.6312474151203089],[-74.096971126027086,4.6312506280536345],[-74.096974075181933,4.6312538247497903],[-74.096976909023752,4.6312568955965112],[-74.097199055942767,4.631492366169411],[-74.097201960515434,4.6314953783744555],[-74.097204987244794,4.6314985153956778],[-74.097208011631039,4.6315016472524189],[-74.097211046190552,4.631504789648468],[-74.097214074828543,4.631507924076983],[-74.097217101804077,4.6315110540219822],[-74.097220135706635,4.6315141902304982],[-74.097223169605229,4.6315173255315738],[-74.097226201741421,4.6315204571512272],[-74.097229237440786,4.6315235915492172],[-74.097232270574878,4.6315267214661633],[-74.097235307978281,4.6315298548611272],[-74.097238345475631,4.6315329874498525],[-74.097241383779348,4.6315361199416136],[-74.097244422175663,4.6315392516255915],[-74.097247458007004,4.6315423788350971],[-74.097250498114221,4.631545509523364],[-74.097253544245618,4.6315486473443812],[-74.097256578412839,4.631551770085288],[-74.097259622071945,4.631554902623062],[-74.097262666455791,4.6315580358833301],[-74.097265704986441,4.6315611612897376],[-74.097268752921863,4.6315642972995086],[-74.097271791450495,4.6315674218014777],[-74.097274840202445,4.6315705577229025],[-74.097277879632571,4.631573682227093],[-74.097280928469146,4.6315768173301075],[-74.097283971279097,4.631579945310234],[-74.097287014171712,4.6315830724720417],[-74.097290066387444,4.6315862110481962],[-74.097293109198375,4.631589339029194],[-74.099996682480693,4.6343684478747482],[-74.099999731859242,4.6343715834981962],[-74.100002774693181,4.6343747114663385],[-74.100005817609684,4.6343778386160457],[-74.100008867288068,4.6343809736201269],[-74.100011910204586,4.6343841007698021],[-74.100014956502335,4.6343872313948058],[-74.100018003618899,4.6343903628392278],[-74.100021049998404,4.6343934935480817],[-74.100024090349493,4.6343966162332073],[-74.100027140932255,4.6343997503339143],[-74.100030184748036,4.6344028765790295],[-74.100033231947251,4.6344060062996837],[-74.100036276583239,4.6344091324624497],[-74.100039324683848,4.6344122621831589],[-74.100042369398508,4.6344153875234033],[-74.100045414936304,4.6344185127844248],[-74.100048460550653,4.6344216372207301],[-74.100051506989516,4.6344247615792948],[-74.100054556892502,4.6344278894909863],[-74.100057603405929,4.63443101302268],[-74.100060650745974,4.634434136478772],[-74.100063698158891,4.6344372591062912],[-74.100066746400216,4.63444038166016],[-74.100069792148815,4.6344434998355206],[-74.100072841360998,4.6344466206550212],[-74.100075893967784,4.6344497449493387],[-74.100078941448288,4.6344528621542258],[-74.100081989060143,4.6344559776889058],[-74.10008504686931,4.634459104554959],[-74.10008809191261,4.6344622156416699],[-74.100091049569272,4.6344652365592163],[-74.100317270243508,4.6346925849864071],[-74.100320280758012,4.6346955626029214],[-74.100323380459216,4.6346986266377881],[-74.100326483624826,4.6347016931954359],[-74.100329587743545,4.6347047598052917],[-74.10033268924343,4.6347078220357201],[-74.100335791643815,4.6347108833651403],[-74.100338901030142,4.634713951590034],[-74.10034200689239,4.6347170154336208],[-74.100345110188968,4.634720074955367],[-74.100348217913506,4.6347231379565432],[-74.100351329101613,4.6347262043718702],[-74.100354434198536,4.6347292629930719],[-74.10035754628889,4.6347323285050956],[-74.1003606548487,4.634735389635515],[-74.100363764375103,4.6347384508312626],[-74.100366873834489,4.6347415110577623],[-74.100369984262045,4.634744571350998],[-74.10037309815408,4.6347476350533157],[-74.100376208512571,4.6347506943752901],[-74.100379319841352,4.6347537537660557],[-74.100382434634597,4.6347568165639315],[-74.100385549427628,4.634759879361618],[-74.100388660685113,4.6347629377788682],[-74.100391775478613,4.6347659996725961],[-74.100394887708575,4.6347690581607939],[-74.100398003403399,4.6347721200545395],[-74.100401121659587,4.6347751853515495],[-74.100404230352183,4.6347782394595143],[-74.100407349584302,4.6347813048287847],[-74.100410465279253,4.6347843667224415],[-74.100413574872874,4.6347874208321445],[-74.100640553244332,4.6350104400927883],[-74.100643671064972,4.6350135040721918],[-74.100646783224533,4.6350165615847096],[-74.10064990245759,4.6350196269517312],[-74.10065301815446,4.6350226888441188],[-74.100656130313595,4.6350257463560212],[-74.10065925210877,4.635028815127054],[-74.100662364342298,4.635031873615298],[-74.100665482601556,4.6350349389118835],[-74.100668598369907,4.6350380017786001],[-74.100671713093746,4.6350410636002435],[-74.100674833985366,4.6350441332770673],[-74.10067794531794,4.635047192667753],[-74.100681066207954,4.6350502632491821],[-74.100684176570297,4.6350533225709505],[-74.100687293997552,4.6350563897469366],[-74.100690413984481,4.6350594612348921],[-74.100693526978873,4.6350625258409215],[-74.100696642534302,4.6350655938557912],[-74.100699754626675,4.6350686584610292],[-74.100702870247375,4.6350717274455215],[-74.100705988428047,4.6350748007461746],[-74.10070909962019,4.6350778671608897],[-74.100712216897307,4.6350809413674581],[-74.100715327188496,4.6350840086867047],[-74.100718443562414,4.6350870837996032],[-74.100721555515079,4.6350901554417039],[-74.100724667523082,4.635093228043643],[-74.1007277785734,4.6350963005908286],[-74.100730895755561,4.6350993818976312],[-74.100734002443517,4.6351024528355529],[-74.100737208752307,4.6351056231671572],[-74.100963812352916,4.6353333567083137],[-74.100966963641525,4.6353365753879068],[-74.100970022423056,4.6353397005031756],[-74.10097308114247,4.6353428264603043],[-74.100976142421402,4.6353459568609763],[-74.10097919940165,4.6353490837900715],[-74.100982258876257,4.6353522150993482],[-74.100985314886969,4.6353553437702075],[-74.100988367501557,4.6353584689646876],[-74.100991426070593,4.6353616020841564],[-74.100994480347197,4.6353647317323095],[-74.100997531159464,4.6353678578310964],[-74.101000588751234,4.6353709926872622],[-74.10100364130011,4.6353741233193988],[-74.101006691136149,4.6353772511498228],[-74.101009746995373,4.6353803869880519],[-74.101012796006486,4.6353835158009016],[-74.10101584757814,4.6353866481666657],[-74.101018895687275,4.6353897769787835],[-74.10102194718047,4.6353929101692026],[-74.101024997851496,4.6353960434418946],[-74.101028048441904,4.6353991775370114],[-74.101031092266695,4.6354023037780845],[-74.101034142856903,4.6354054378729455],[-74.101037192626734,4.6354085720518867],[-74.10104023637075,4.6354116991130265],[-74.101043286140666,4.6354148332919767],[-74.101046335828315,4.6354179682917644],[-74.10104937875343,4.6354210954363424],[-74.101052428440966,4.6354242304358522],[-74.101055471366521,4.635427357580868],[-74.101058521053886,4.6354304925800598],[-74.101946494805176,4.6363432652568113],[-74.10194954080923,4.6363463964802838],[-74.101952587040813,4.6363495279154527],[-74.101955633355416,4.6363526594360458],[-74.101958678851432,4.6363557901372401],[-74.101961725082703,4.6363589215719285],[-74.101964773959381,4.6363620566530832],[-74.10196782019004,4.6363651889914106],[-74.10197086568752,4.6363683205981996],[-74.101973914479416,4.6363714564973213],[-74.101976959076993,4.6363745881055438],[-74.101980004405263,4.6363777204425141],[-74.101983055756634,4.636380860807984],[-74.101986099455743,4.6363839933232107],[-74.101989143881184,4.6363871265626955],[-74.101992194329242,4.63639026783438],[-74.101995237941509,4.6363934020686797],[-74.101998284114472,4.6363965398685627],[-74.102001326824592,4.636399674101864],[-74.102004375468297,4.6364028162820432],[-74.102007420648761,4.6364059557994164],[-74.102010465019603,4.6364090954123416],[-74.102013509295716,4.6364122358327426],[-74.102016552765477,4.6364153763521383],[-74.102019595333971,4.6364185168725145],[-74.102022641169498,4.636421662576188],[-74.102025682837194,4.6364248049086516],[-74.102028724403979,4.6364279480420976],[-74.102031765169798,4.6364310912802837],[-74.102034808393967,4.636434238898107],[-74.102037850715774,4.6364373874231477],[-74.102040991354002,4.6364406376988025],[-74.102263735736074,4.636675352893076],[-74.102266814767162,4.6366786542990273],[-74.102269803413549,4.6366818615719847],[-74.102272787251962,4.6366850656265788],[-74.102275764851214,4.6366882629201429],[-74.102278747785377,4.6366914678799844],[-74.102281730261495,4.6366946741603998],[-74.102284705614579,4.6366978728498918],[-74.102287689737011,4.6367010837490037],[-74.102290663959906,4.6367042840008281],[-74.102293640734786,4.6367074879688843],[-74.102296617275044,4.636710692589709],[-74.102299596367189,4.6367139018350718],[-74.102302568786158,4.6367171038938144],[-74.102305546974691,4.6367203140450872],[-74.102308517830252,4.636723516361462],[-74.102311494876417,4.6367267271612587],[-74.102314465493279,4.6367299310288921],[-74.102317436108649,4.6367331348948531],[-74.102320409278221,4.636736342488093],[-74.102323384758876,4.6367395544539409],[-74.102326351018718,4.6367427554957397],[-74.102329323287449,4.6367459639958701],[-74.102332292100911,4.6367491687665492],[-74.10233526412496,4.6367523779077295],[-74.102338235492127,4.6367555873137851],[-74.102341200850304,4.6367587892571169],[-74.102344172217826,4.6367619986635606],[-74.10234714013005,4.636765204338352],[-74.102350108042344,4.6367684100131594],[-74.102353079163223,4.6367716200583464],[-74.102356043866706,4.6367748222667657],[-74.102573676158201,4.6370099148259172],[-74.102576642831536,4.6370131191593211],[-74.102579610745792,4.637016324833013],[-74.102582581868973,4.6370195348774903],[-74.102585546574161,4.6370227370844574],[-74.102588514488829,4.6370259427585161],[-74.102591482403341,4.6370291484323953],[-74.102594450317596,4.6370323541058713],[-74.102597415677891,4.6370355560478593],[-74.10260038704763,4.6370387654530143],[-74.102603352408082,4.6370419673951409],[-74.102606318012988,4.6370451686979388],[-74.102609286828979,4.6370483734674579],[-74.102612255644885,4.6370515782369255],[-74.102615221906106,4.6370547792761592],[-74.102618191623634,4.6370579840458301],[-74.102621161340636,4.6370611888149122],[-74.102624127844692,4.6370643892129291],[-74.102627097562006,4.6370675930779992],[-74.102630061508449,4.6370707888425997],[-74.102633032789498,4.6370739924500795],[-74.102636003647888,4.6370771956692804],[-74.102638971711713,4.6370803949041148],[-74.102641940014209,4.6370835934929735],[-74.102644908979357,4.6370867918256646],[-74.102647881400571,4.6370899938819576],[-74.102650850602103,4.6370931915659694],[-74.10265382046849,4.6370963889964667],[-74.102656790569284,4.6370995857759905],[-74.102659761336909,4.6371027823042059],[-74.102662733005644,4.6371059788333122],[-74.102665644221346,4.6371091103994155],[-74.102882204560387,4.6373394942606083],[-74.102885151861983,4.6373425966572217],[-74.102888155213591,4.6373457561580409],[-74.102891162188229,4.6373489185686925],[-74.102894169159853,4.6373520800727492],[-74.102897180177678,4.6373552457881866],[-74.102900188049801,4.6373584072924379],[-74.10290319336012,4.6373615642549417],[-74.102906205438231,4.6373647283288788],[-74.102909217514991,4.6373678924013042],[-74.102912223724061,4.6373710484610058],[-74.102915236703197,4.6373742116301644],[-74.102918247121565,4.6373773711652939],[-74.102921261001256,4.6373805343337056],[-74.102924271571069,4.6373836931243719],[-74.102927285450846,4.6373868553885025],[-74.102930293458314,4.6373900096433101],[-74.102933308240338,4.637393171004133],[-74.102936326331587,4.6373963367397275],[-74.102939337801217,4.637399494626476],[-74.102942346708176,4.6374026479791217],[-74.102945365704088,4.6374058128118394],[-74.102948378073179,4.637408969794329],[-74.102951397068168,4.6374121346260306],[-74.102954409437103,4.6374152916082245],[-74.102957425119612,4.6374184520636357],[-74.102960438241453,4.6374216088912803],[-74.102963457384632,4.6374247729728193],[-74.102966467190925,4.6374279254229824],[-74.102969489649382,4.6374310929773275],[-74.102972502772545,4.6374342498062102],[-74.102975519356249,4.6374374102612315],[-74.104579156136069,4.639117547151165],[-74.104812351885784,4.6393627847076395],[-74.105819765557968,4.6404261974691465],[-74.105822770738285,4.6404293700182393],[-74.105825775459735,4.6404325420357475],[-74.105828777064048,4.6404357098587274],[-74.105831784515999,4.6404388848053486],[-74.105834782657837,4.6404420480701267],[-74.105837790842088,4.6404452228373145],[-74.105840793176739,4.640448390480703],[-74.105843798240059,4.6404515610502761],[-74.105846800573488,4.640454727789006],[-74.10584980051614,4.6404578901538978],[-74.105852809771804,4.6404610632886367],[-74.105855813007011,4.6404642291256746],[-74.105858817143996,4.6404673949643289],[-74.105861818149407,4.6404705556968384],[-74.105864826484606,4.6404737241061449],[-74.105867831685913,4.6404768883110199],[-74.105870834325643,4.6404800479681292],[-74.105873840425474,4.6404832103644367],[-74.105876847265534,4.6404863725923704],[-74.105879855006947,4.640489534821425],[-74.105882857039404,4.6404926882972992],[-74.105885869145311,4.6404958523593356],[-74.105888875381126,4.6404990084062616],[-74.10589187995545,4.6405021599189133],[-74.105894891453772,4.6405053177950668],[-74.105897900387362,4.6405084711351652],[-74.105900913536246,4.640511627950815],[-74.105903920951064,4.640514776011309],[-74.105906932583579,4.6405179266456322],[-74.105909948436491,4.6405210807549349],[-74.105912882194431,4.6405241454110104],[-74.106024883005716,4.6406396656682265],[-74.106138319309025,4.6407537600658397],[-74.106141340540091,4.6407567587053329],[-74.106144440965224,4.640759835946735],[-74.106147531815907,4.6407629009867151],[-74.106150624508672,4.6407659651706057],[-74.106153725076837,4.6407690362693499],[-74.106156822085367,4.6407721020362995],[-74.106159917474329,4.6407751635177981],[-74.10616302330908,4.6407782353351656],[-74.106166119543644,4.6407812949620988],[-74.106169223716265,4.6407843615475919],[-74.106172325268119,4.6407874237518945],[-74.106175427719919,4.6407904850545707],[-74.106178533635031,4.6407935488728356],[-74.106181640509149,4.6407966127490079],[-74.106184747322445,4.6407996756618228],[-74.106187852534774,4.6408027352217722],[-74.106190963712109,4.6408058006446788],[-74.106194066294492,4.6408088549231827],[-74.106197181901507,4.6408119229157014],[-74.106200291479738,4.6408149840850479],[-74.106203398427098,4.6408180408754101],[-74.106206508838468,4.6408211001721105],[-74.106209626314765,4.6408241673228519],[-74.106212734161488,4.6408272232109624],[-74.106215845472178,4.640830281603324],[-74.106218963851575,4.6408333478494157],[-74.106222075161526,4.6408364062409957],[-74.106225187443329,4.6408394647028404],[-74.106228305751983,4.6408425299740239],[-74.106231418034369,4.6408455884364432],[-74.106234536342711,4.6408486537072342],[-74.106464619683493,4.6410747772454384],[-74.106467736984811,4.641077841523475],[-74.106470849269073,4.6410808999846402],[-74.106473965017202,4.6410839618501791],[-74.106477083327803,4.6410870271200242],[-74.106480195611823,4.6410900855807649],[-74.106483313922624,4.6410931508506996],[-74.106486432304706,4.6410962170959218],[-74.106489543616803,4.6410992754862006],[-74.106492661998487,4.6411023417309565],[-74.106495776845932,4.6411054045010456],[-74.106498891693192,4.6411084672710006],[-74.106502009102456,4.6411115334467095],[-74.106505120485664,4.6411145928098669],[-74.106508241427562,4.6411176633649109],[-74.106511357937165,4.6411207304483613],[-74.106514468419277,4.6411237907138778],[-74.106517584927872,4.6411268577962721],[-74.106520701503769,4.6411299258501302],[-74.106523817111324,4.6411329938389976],[-74.106526930222074,4.641136059386417],[-74.106530048390681,4.6411391316913013],[-74.106533157071468,4.6411421937623842],[-74.106536275303853,4.6411452670363751],[-74.106539389110438,4.6411483368391293],[-74.106542496888835,4.6411513998113145],[-74.106545616779684,4.6411544774070927],[-74.106548727183011,4.6411575456635665],[-74.106551842648912,4.64116062069421],[-74.106554948625629,4.6411636854716276],[-74.106558066710534,4.6411667648845274],[-74.10656125042216,4.6411699100406683],[-74.10678637744428,4.6413950288447188],[-74.10678952041124,4.6413982109190943],[-74.106792590200001,4.641401318904661],[-74.106795665983057,4.6414044347778249],[-74.106798740864093,4.641407551558637],[-74.106801808851756,4.6414106613540707],[-74.106804876838424,4.6414137711484784],[-74.106807950815011,4.6414168888342919],[-74.106811020464548,4.6414200030481405],[-74.106814087512376,4.6414231146129454],[-74.106817159722382,4.6414262332455412],[-74.106820222443417,4.6414293413334269],[-74.106823294613577,4.641432460831826],[-74.106826362460922,4.6414355768584734],[-74.106829427702309,4.6414386902276314],[-74.106832495547863,4.6414418071577215],[-74.106835562493316,4.6414449240900355],[-74.106838623410667,4.6414480339809971],[-74.106841693774768,4.6414511552923159],[-74.106844757256951,4.6414542696095733],[-74.106847820737656,4.6414573839251902],[-74.106850886781714,4.6414605017635067],[-74.106853952778948,4.641463620459418],[-74.106857011941358,4.6414667312998246],[-74.106860077938464,4.6414698499955067],[-74.106863140518854,4.6414729652162841],[-74.106866203098647,4.6414760804364068],[-74.106869265678355,4.6414791956563146],[-74.106872334235831,4.6414823187798371],[-74.106875389936093,4.6414854270000347],[-74.10687845507988,4.641488545745287],[-74.106881514195777,4.6414916574413123],[-74.10782563306725,4.6424522417483614],[-74.107828696133822,4.6424553583551136],[-74.107831757869107,4.6424584736199872],[-74.107834819556402,4.6424615888360901],[-74.107837882096547,4.6424647049070673],[-74.107840943831889,4.6424678201718983],[-74.107844008934379,4.6424709397675166],[-74.107847070622114,4.6424740558881243],[-74.107850134872209,4.6424771755344736],[-74.107853196509296,4.6424802925076714],[-74.107856257345915,4.6424834086792597],[-74.107859321545263,4.6424865291790685],[-74.107862382331746,4.6424896462037575],[-74.107865449091292,4.6424927711354229],[-74.107868508977731,4.642495889065585],[-74.107871571425292,4.6424990105243333],[-74.107874630409597,4.6425021284535841],[-74.107877696209556,4.6425052551402537],[-74.10788075435002,4.6425083740323352],[-74.107883815839799,4.642511497244902],[-74.107886879889904,4.6425146248956812],[-74.107889939635271,4.6425177490748251],[-74.10789299931929,4.6425208740966841],[-74.107896055599866,4.6425239956428719],[-74.107899120404809,4.642527128645404],[-74.10790217828432,4.6425302554777037],[-74.107905235325234,4.6425333823751371],[-74.107908292299413,4.6425365101095739],[-74.107911351833394,4.6425396422919132],[-74.107914410465256,4.6425427753818411],[-74.107917464802952,4.6425459049987925],[-74.107920634670421,4.642549155828382],[-74.108143210712697,4.642781729255641],[-74.108146310445548,4.642785030443549],[-74.108149306752466,4.6427882233498776],[-74.108152302157251,4.6427914171638305],[-74.108155290849979,4.6427946038231722],[-74.1081582853502,4.6427977985419675],[-74.108161278947975,4.6428009941679758],[-74.108164268394916,4.6428041863277087],[-74.108167260187059,4.6428073828609602],[-74.10817024852139,4.6428105766065659],[-74.108173239408288,4.6428137749502918],[-74.108176220350231,4.6428169617574753],[-74.10817921357706,4.6428201644751494],[-74.10818219941973,4.6428233602613043],[-74.108185181803549,4.6428265523459755],[-74.108188167426718,4.642829748802404],[-74.108191155603691,4.6428329498648431],[-74.108194136404876,4.6428361430891814],[-74.108197120223338,4.6428393404505837],[-74.108200104040634,4.6428425387159145],[-74.108203087177486,4.6428457372190639],[-74.108206064301598,4.6428489283100696],[-74.108209049993249,4.6428521305192065],[-74.108212029451536,4.6428553259828043],[-74.108215011686696,4.6428585253918095],[-74.108217990465562,4.6428617210932375],[-74.108220969244456,4.6428649167946725],[-74.108223948023152,4.6428681124958677],[-74.108226930033993,4.6428713125693175],[-74.10822990813665,4.6428745085121967],[-74.108232886690843,4.6428777048765806],[-74.108235864793244,4.6428809008190512],[-74.108473107568742,4.6431355037205586],[-74.10847608582884,4.643138699765986],[-74.108479067164964,4.6431419000800433],[-74.108482039256728,4.6431450886016616],[-74.108485018038834,4.6431482843028462],[-74.108488002606123,4.643151488083701],[-74.108490974699151,4.6431546766065601],[-74.108493953481258,4.6431578723076319],[-74.108496929706902,4.6431610642997034],[-74.108499911944747,4.6431642637075328],[-74.108502884935575,4.6431674513263657],[-74.108505864619275,4.6431706461233171],[-74.108508844301767,4.6431738409189069],[-74.108511818191289,4.6431770276347644],[-74.108514798776397,4.6431802215274782],[-74.108517776804248,4.6431834117146256],[-74.1085207582897,4.6431866056062647],[-74.108523733295613,4.643189790750065],[-74.108526715465601,4.6431929835053003],[-74.108529692054418,4.6431961684180214],[-74.108532672100552,4.6431993561283083],[-74.108535655388678,4.6432025473070295],[-74.108538636119619,4.6432057347867053],[-74.108541611258929,4.6432089135197812],[-74.108544593794861,4.6432120991977852],[-74.10854757978656,4.6432152885674025],[-74.108550559971661,4.6432184698701757],[-74.108553541056494,4.6432216502709904],[-74.108556525599084,4.6432248334591453],[-74.108559510835917,4.6432280164274538],[-74.108562490460045,4.6432311906469357],[-74.10856536828409,4.6432342554977586],[-74.108787503488998,4.6434663685356519],[-74.108790441235513,4.6434693795476418],[-74.108793492116277,4.6434725065152884],[-74.108796533647819,4.6434756211728292],[-74.108799582869963,4.643478742787976],[-74.108802632158316,4.6434818635676214],[-74.108805682279126,4.6434849842777695],[-74.108808726502346,4.6434880962283103],[-74.108811778427807,4.6434912151361027],[-74.108814833815671,4.64349433758278],[-74.108817883237577,4.6434974521092256],[-74.108820933560011,4.6435005657347146],[-74.108823987345332,4.6435036819932156],[-74.108827047940451,4.6435068061059468],[-74.108830093187322,4.6435099109121678],[-74.108833154746989,4.6435130332777597],[-74.108836210275399,4.6435161485741956],[-74.108839263294271,4.6435192594912769],[-74.10884232318918,4.6435223774168728],[-74.108845383082951,4.643525495341212],[-74.108848439564952,4.6435286088853074],[-74.108851496895497,4.6435317223765962],[-74.108854551713222,4.6435348314894478],[-74.108857619385915,4.6435379555112579],[-74.108860674204351,4.6435410646246904],[-74.108863735901892,4.6435441807414231],[-74.108866794182205,4.6435472924764341],[-74.108869859294416,4.6435504120679854],[-74.108872917574999,4.6435535238031598],[-74.108875980124864,4.6435566398699937],[-74.108879041869471,4.6435597551301679],[-74.10888210698154,4.643562874721515],[-74.113172619776833,4.6479281415393334],[-74.113175685461542,4.6479312616555033],[-74.113178741215933,4.6479343698461051],[-74.113181806415412,4.6479374885631586],[-74.113184871565608,4.6479406081353787],[-74.113187933300168,4.6479437242317907],[-74.113190989054274,4.6479468324219297],[-74.1131940602302,4.6479499590429789],[-74.113197118502953,4.6479530716154418],[-74.113200186213149,4.6479561956170485],[-74.113203247047451,4.6479593126184904],[-74.113206307880944,4.6479624296192057],[-74.113209368714038,4.647965546619341],[-74.113212435520992,4.6479686715271784],[-74.113215498016899,4.6479717929631423],[-74.11321855448476,4.6479749073373151],[-74.113221622950363,4.6479780366828427],[-74.113224681927719,4.6479811563413822],[-74.113227746083069,4.6479842831211071],[-74.11323080074969,4.6479873993009804],[-74.113233867408411,4.6479905304626996],[-74.113236927141827,4.6479936554628285],[-74.113239983469484,4.6479967769849981],[-74.113243048321692,4.6479999099635574],[-74.113246106248454,4.6480030367719767],[-74.113249160774018,4.6480061601031402],[-74.113252223819345,4.6480092948980234],[-74.113255279939736,4.6480124235150919],[-74.113258338617825,4.6480155565800008],[-74.11326139895435,4.6480186941011352],[-74.113264446413467,4.648021817501081],[-74.11326757686895,4.6480250297114392],[-74.113393716712352,4.6481559672933281],[-74.113518349777024,4.6482883511152204],[-74.113521392666627,4.6482916212607019],[-74.113524374568257,4.6482948277383462],[-74.113527358121033,4.6482980388409967],[-74.113530332208711,4.6483012396956553],[-74.113533311636317,4.6483044482396947],[-74.113536289927524,4.6483076574391538],[-74.1135392647614,4.6483108638199662],[-74.113542242146309,4.6483140748287353],[-74.113545215416053,4.6483172823740304],[-74.113548190995871,4.6483204942905729],[-74.113551163120249,4.6483237033840812],[-74.11355413458692,4.6483269127417701],[-74.113557108359458,4.6483301264700971],[-74.113560075470957,4.6483333330020384],[-74.113563045787387,4.6483365439022268],[-74.113566015450985,4.6483397550719134],[-74.113568987417565,4.6483429706135428],[-74.11357195272619,4.6483461789535161],[-74.113574918033791,4.6483493872923107],[-74.113577889096391,4.6483526037392915],[-74.113580853504175,4.648355812983942],[-74.113583823663362,4.6483590303370601],[-74.11358678461653,4.6483622367442718],[-74.113589751576058,4.6483654506328858],[-74.1135927176351,4.6483686645235265],[-74.113595677685652,4.6483718709280595],[-74.11359864694181,4.6483750891875806],[-74.113601603794621,4.6483782921266519],[-74.11360457305156,4.6483815103869022],[-74.11360753565728,4.6483847214403209],[-74.113610495062801,4.6483879281212319],[-74.114627092089094,4.6494896740188159],[-74.114630055750411,4.6494928862017302],[-74.11463301516558,4.6494960928786764],[-74.114635980976999,4.6494993073913786],[-74.114638941038066,4.649502514695695],[-74.114641903907952,4.64950572511641],[-74.114644869719598,4.6495089396293636],[-74.114647826580793,4.6495121425626387],[-74.114650790096618,4.6495153527064064],[-74.114653756810611,4.6495185672193564],[-74.114656713925442,4.6495217695250943],[-74.114659680641751,4.6495249831351648],[-74.114662644156809,4.6495281932779413],[-74.114665601917096,4.6495313953085793],[-74.114668566334615,4.6495346045483101],[-74.114671528197391,4.6495378100471179],[-74.114674492866072,4.6495410186542445],[-74.114677454728735,4.6495442232496877],[-74.114680417492877,4.6495474278463798],[-74.114683383060978,4.6495506355469889],[-74.114686345824254,4.64955383923939],[-74.114689309490046,4.6495570429342452],[-74.114692273402966,4.649560245992971],[-74.114695237969499,4.6495634487850355],[-74.114698202781881,4.6495666509394029],[-74.114701170803968,4.6495698565610395],[-74.114704133058851,4.6495730540779787],[-74.114707099428472,4.6495762550662381],[-74.114710069252837,4.6495794597830411],[-74.114713030091522,4.6495826520268979],[-74.114716004034349,4.6495858593084485],[-74.114718890707806,4.6495889697682138],[-74.114929669074954,4.6498131176266035],[-74.115143359906853,4.6500344705390262],[-74.115146336680056,4.6500375134598242],[-74.11514938609551,4.6500406287963454],[-74.115152441602433,4.6500437503746044],[-74.115155491078369,4.6500468639684645],[-74.115158544861131,4.6500499810420131],[-74.115161596137369,4.6500530937352886],[-74.115164656848748,4.6500562169755888],[-74.115167708968258,4.650059329611647],[-74.11517076460963,4.6500624449376504],[-74.115173820248472,4.6500655593577873],[-74.115176876734182,4.6500686737234718],[-74.115179936684186,4.6500717916195597],[-74.115182993222049,4.6500749051350097],[-74.115186050608813,4.6500780185981441],[-74.115189108045996,4.6500811312092409],[-74.115192169748596,4.6500842481498861],[-74.115195228086606,4.6500873607615532],[-74.115198286423194,4.650090472468408],[-74.115201349028908,4.6500935885065715],[-74.115204410829534,4.650096703738309],[-74.115207470018618,4.6500998153963931],[-74.115210529254611,4.6501029261989704],[-74.115213592763354,4.6501060413344044],[-74.11521665546357,4.6501091556600214],[-74.115219715553764,4.6501122664155119],[-74.115222781672188,4.6501153842163445],[-74.115225841762523,4.6501184949718652],[-74.115228905317935,4.6501216092503537],[-74.115231968873445,4.6501247235289833],[-74.115235032428302,4.6501278378068118],[-74.115238092563374,4.6501309477044854],[-74.115488671166119,4.6503856521189144],[-74.115779395638,4.6506825257824431],[-74.121933084597529,4.6569952775502559],[-74.12193613320656,4.6569984047628079],[-74.12193918578842,4.6570015369552413],[-74.121942231596094,4.6570046612936311],[-74.12194527822821,4.6570077855540406],[-74.121948330887065,4.6570109169200649],[-74.121951380082422,4.6570140447337529],[-74.121954426714552,4.6570171689941189],[-74.121957476811076,4.6570202968076275],[-74.121960523517828,4.6570234202411829],[-74.121963577003598,4.6570265515297518],[-74.12196662114674,4.6570296714114825],[-74.121969668754005,4.6570327939418474],[-74.121972723143188,4.6570359243261947],[-74.121975770749074,4.6570390468549707],[-74.121978819184335,4.6570421693111621],[-74.121981867689698,4.6570452909357964],[-74.121984920420289,4.6570484168689035],[-74.121987968993992,4.6570515376602355],[-74.121991019162607,4.6570546591440838],[-74.121994066070044,4.6570577754846392],[-74.121997123169749,4.657060903156407],[-74.122000170910027,4.6570640194288373],[-74.122003222114046,4.6570671383411035],[-74.122006274153961,4.6570702571875078],[-74.122009326256304,4.657073375194388],[-74.122012379197713,4.6570764931387476],[-74.122015429635184,4.6570796067035491],[-74.122018480972997,4.6570827193671605],[-74.122021539182171,4.6570858390422041],[-74.122024593981919,4.6570889543355278],[-74.122027550469213,4.6570919667157691],[-74.122251832894349,4.6573168972867238],[-74.122254845024543,4.6573198692607445],[-74.122257954603768,4.6573229373846496],[-74.12226105809539,4.6573259977105321],[-74.122264165051462,4.6573290605508051],[-74.122267266876406,4.657332115656561],[-74.122270381724263,4.6573351844817408],[-74.122273484448712,4.6573382386874123],[-74.122276597635448,4.657341303196179],[-74.122279707287987,4.6573443633222604],[-74.122282817909209,4.657347423515569],[-74.122285925897714,4.6573504793303728],[-74.122289037350143,4.6573535376491648],[-74.122292149773813,4.65735659603759],[-74.122295268224363,4.6573596612348878],[-74.122298374546077,4.6573627118393297],[-74.122301493900324,4.6573657761327176],[-74.122304607225317,4.6573688336186629],[-74.122307717911852,4.6573718867265992],[-74.122310835603869,4.6573749467124177],[-74.122313949752339,4.6573780023163254],[-74.122317070984053,4.6573810657756125],[-74.122320185133361,4.6573841213803897],[-74.122323300261371,4.6573871770619641],[-74.122326415309757,4.6573902317621405],[-74.12232953744504,4.6573932943172487],[-74.122332652493213,4.6573963490171773],[-74.122335771085687,4.6573994071932194],[-74.122338887114481,4.6574024619717704],[-74.122342009170097,4.6574055235432779],[-74.122345125199658,4.6574085783225545],[-74.122348247255132,4.657411639893831],[-74.122576243129387,4.6576351793696578],[-74.12257936383098,4.6576382396105522],[-74.122582479862302,4.6576412943884762],[-74.122585601919894,4.657644355958694],[-74.122588717951615,4.6576474107369039],[-74.122591840009306,4.6576504723071723],[-74.122594962146749,4.657653534860934],[-74.12259807719731,4.6576565895596724],[-74.12260119933498,4.6576596521135603],[-74.122604317929103,4.6576627111918558],[-74.122607439085982,4.6576657736687084],[-74.122610554216095,4.6576688293485926],[-74.122613675373003,4.6576718918253874],[-74.122616799169109,4.6576749586828319],[-74.12261991339912,4.6576780152660815],[-74.122623037193293,4.657681083027839],[-74.122626156548705,4.6576841473180552],[-74.122629269876768,4.6576872048028415],[-74.122632392767827,4.6576902734709975],[-74.122635511222143,4.6576933386675758],[-74.122638629747115,4.6576964048388758],[-74.122641744736953,4.6576994675347949],[-74.122644862288894,4.6577025336363622],[-74.122647982472799,4.6577056041197862],[-74.122651099191998,4.6577086721003917],[-74.122654212379686,4.6577117366051679],[-74.122657331657862,4.6577148088986311],[-74.122660450034019,4.6577178820996528],[-74.122663563983025,4.6577209518284057],[-74.12266667799193,4.6577240225214736],[-74.122669791038518,4.6577270931552732],[-74.122673001593455,4.6577302609026026],[-74.122897667315172,4.6579555752543849],[-74.122900822202155,4.6579587907100315],[-74.122903887344734,4.6579619165376496],[-74.12290694299783,4.6579650317712771],[-74.122910014049666,4.657968166358911],[-74.122913071368728,4.6579712869376886],[-74.122916131246058,4.6579744110482668],[-74.122919197024743,4.6579775439178004],[-74.122922249137474,4.6579806619230979],[-74.122925314011169,4.6579837956991792],[-74.122928368624684,4.6579869189889562],[-74.122931425798171,4.6579900458183534],[-74.122934482905237,4.657993173485087],[-74.122937536615254,4.6579962976767799],[-74.122940596282277,4.6579994297914569],[-74.122943651654239,4.6580025584344469],[-74.12294670356178,4.6580056835304031],[-74.122949758862404,4.6580088130056465],[-74.122952813332461,4.6580119425542463],[-74.122955867730198,4.6580150729340675],[-74.122958918736359,4.658018199838371],[-74.122961969742875,4.6580213267429862],[-74.122965023311579,4.6580244571977651],[-74.122968076805918,4.6580275884815654],[-74.12297112352168,4.6580307119107651],[-74.122974177016161,4.6580338431946213],[-74.122977229683912,4.658036974555877],[-74.122980276325464,4.6580400988121795],[-74.122983328993215,4.6580432301734582],[-74.12298638158434,4.6580463623612518],[-74.122989427401308,4.6580494866950835],[-74.122992474042647,4.6580526109508948],[-74.123879814759263,4.6589628710577369],[-74.12388286337081,4.6589659982465008],[-74.123885912582722,4.658969126051125],[-74.123888965181635,4.6589722582346731],[-74.12389201100666,4.6589753825645612],[-74.123895063605673,4.6589785147481324],[-74.123898112818139,4.6589816434573441],[-74.123901162030492,4.6589847721664635],[-74.123904213804735,4.6589879044295097],[-74.123907259553036,4.6589910295835617],[-74.123910311328075,4.6589941618474446],[-74.123913365585835,4.6589972984913537],[-74.12391641043385,4.6590004245484922],[-74.12391946130785,4.6590035577188242],[-74.123922512100833,4.659006691711217],[-74.123925559510894,4.6590098222288328],[-74.123928609483073,4.6590129563048048],[-74.123931661934748,4.6590160947617409],[-74.123934704980456,4.65901922262334],[-74.123937757430141,4.6590223619843512],[-74.123940805600839,4.6590254978740626],[-74.123943850307626,4.6590286302006803],[-74.123946900952333,4.6590317704696362],[-74.123949948133628,4.6590349080801579],[-74.123952994501209,4.6590380457819291],[-74.123956040778239,4.6590411842956447],[-74.123959086244568,4.6590443229037568],[-74.123962134179649,4.6590474658917076],[-74.123965178651446,4.6590506062152564],[-74.123968222315114,4.6590537466359105],[-74.123971268443825,4.659056891436709],[-74.123974409773865,4.6590601364196242],[-74.124193238146631,4.6592899387006916],[-74.124196318657738,4.6592932268788534],[-74.124199317292991,4.6592964314026268],[-74.124202299279077,4.6592996172386618],[-74.124205293553104,4.6593028189791088],[-74.124208280439291,4.6593060137887967],[-74.124211267107711,4.6593092092707016],[-74.12421425309023,4.6593124049842327],[-74.124217241410747,4.6593156050713684],[-74.124220226274034,4.6593188023631562],[-74.124223210453636,4.6593219998890536],[-74.12422619117639,4.6593251937114735],[-74.124229177689969,4.6593283956107108],[-74.124232160746971,4.6593315947110074],[-74.124235143123755,4.6593347940494336],[-74.12423812204446,4.6593379896808242],[-74.124241106751171,4.6593411933923639],[-74.124244084771334,4.6593443899286822],[-74.124247068574959,4.6593475945467153],[-74.124250039907366,4.6593507839024939],[-74.124253023711987,4.6593539885215085],[-74.124256006613152,4.6593571940465868],[-74.124258977046864,4.6593603843051268],[-74.124261959947887,4.6593635898299315],[-74.124264936166213,4.6593667881754461],[-74.124267912382962,4.65936998651918],[-74.124270891154936,4.6593731885780265],[-74.12427386714154,4.6593763875784973],[-74.124276842687991,4.659379586170477],[-74.124279818674367,4.6593827851706431],[-74.12428279422069,4.6593859837624469],[-74.124285772761894,4.6593891864782906],[-74.124562405780139,4.6596865858743959],[-74.124565383161325,4.6596897873391434],[-74.124568355254013,4.6596929822138913],[-74.124571333797903,4.6596961849285732],[-74.124574303334299,4.6596993760868983],[-74.124577285335221,4.6597025825171245],[-74.124580254872413,4.6597057736762757],[-74.124583231093354,4.6597089720200469],[-74.124586207313271,4.6597121703627549],[-74.124589183532905,4.6597153687050259],[-74.12459215975268,4.6597185670474488],[-74.124595132744531,4.6597217610172539],[-74.124598106408683,4.659724954742007],[-74.124601083530024,4.6597281521803113],[-74.124604058095585,4.6597313459061569],[-74.124607035443844,4.6597345426837791],[-74.124610010008837,4.6597377355057281],[-74.124612985475764,4.6597409283294162],[-74.124615961167265,4.6597441204909078],[-74.124618940091082,4.6597473161202263],[-74.124621916459006,4.6597505080414017],[-74.124624893049642,4.6597536992981325],[-74.124627869638772,4.6597568896500228],[-74.124630844350492,4.6597600760602544],[-74.124633828534684,4.6597632735851882],[-74.124636800908078,4.6597664556245899],[-74.124639785995569,4.6597696522452132],[-74.124642759267658,4.6597728333838528],[-74.124645739457506,4.6597760210248662],[-74.124648720331308,4.6597792084344913],[-74.124651701417747,4.6597823951682376],[-74.124654593843118,4.6597854853132574],[-74.124873046308124,4.6600153896785574],[-74.1248759912053,4.6600184424288207],[-74.124879021642869,4.6600215829185956],[-74.124882048835275,4.6600247182392849],[-74.124885083529421,4.6600278613023276],[-74.124888111618915,4.6600309957183956],[-74.12489114129643,4.6600341299162968],[-74.124894177105347,4.6600372704874875],[-74.124897207682722,4.6600404037837038],[-74.124900245189465,4.6600435442463404],[-74.12490327597024,4.6600466759484274],[-74.124906314277439,4.6600498154024814],[-74.124909349320816,4.6600529505802459],[-74.124912381799874,4.6600560812763172],[-74.12491542110854,4.6600592190252028],[-74.124918457854307,4.6600623531980769],[-74.12492149469665,4.6600654865674738],[-74.124924534905958,4.6600686234112585],[-74.124927572552963,4.6600717566818819],[-74.124930616225072,4.6600748970978136],[-74.124933647939102,4.6600780224167089],[-74.124936692515391,4.6600811619292903],[-74.12493972769154,4.6600842899174406],[-74.124942775636399,4.6600874329019515],[-74.124945810814012,4.660090560891585],[-74.124948850264659,4.6600936923585898],[-74.12495189573967,4.6600968309619288],[-74.124954937751966,4.6600999659971434],[-74.124957977201134,4.6601030974624305],[-74.124961020114625,4.6601062324973501],[-74.124964065589751,4.6601093711006545],[-74.124967101665746,4.6601124981868729],[-74.128324505763885,4.6635715333932719],[-74.12832755122129,4.6635746719323432],[-74.128330590700756,4.663577803382899],[-74.128333630270717,4.663580934023396],[-74.128336673214051,4.6635840681388183],[-74.128339713594514,4.6635871986866988],[-74.128342757439199,4.6635903328020287],[-74.128345797908153,4.6635934625377686],[-74.128348835811991,4.6635965878034753],[-74.12835188055891,4.6635997201111605],[-74.128354922741678,4.663602848854099],[-74.128357959063393,4.6636059688389011],[-74.128361003051253,4.6636090957799148],[-74.128364047117614,4.6636122218984415],[-74.128367086053629,4.6636153399977802],[-74.128370129357364,4.6636184607563473],[-74.128373173557975,4.663621580610041],[-74.12837621526343,4.6636246951810261],[-74.128379261261983,4.6636278123273867],[-74.128382305593647,4.663630925025446],[-74.128385354292078,4.6636340403692511],[-74.128388400482976,4.6636371504278227],[-74.128391442436765,4.6636402516085802],[-74.128394495635789,4.6636433624452662],[-74.128397546311732,4.6636464679909269],[-74.128400596172597,4.6636495690628665],[-74.128403647020406,4.6636526675253203],[-74.128406703044504,4.6636557685225561],[-74.128409751437019,4.6636588563423187],[-74.128412814530037,4.6636619572558953],[-74.128415866501086,4.6636650414803844],[-74.128418817727507,4.6636680204207144],[-74.12849979132821,4.6637482546945339],[-74.128582179504761,4.6638270252786809],[-74.128585250283393,4.6638299071245717],[-74.128588423349257,4.6638328815299941],[-74.128591594270091,4.6638358495421741],[-74.128594770691677,4.6638388192274842],[-74.128597945189284,4.6638417827361094],[-74.128601131472763,4.6638447555159681],[-74.128604309815415,4.6638477165698013],[-74.128607495973853,4.6638506822734342],[-74.128610680464789,4.6638536429506923],[-74.128613869309007,4.6638566050410777],[-74.128617060226702,4.6638595664875595],[-74.128620249205923,4.6638625226654185],[-74.128623446280031,4.6638654846172241],[-74.128626640505217,4.6638684412924274],[-74.128629839374128,4.663871400533905],[-74.128633036587118,4.6638743556777396],[-74.128636240708744,4.6638773163076843],[-74.128639435965823,4.6638802652808558],[-74.128642645640724,4.663883227568296],[-74.12864584269272,4.6638861747412603],[-74.128649054170168,4.66388913521999],[-74.128652259332512,4.6638920881439638],[-74.128655465395241,4.6638950401666452],[-74.128658674909076,4.6638979944650849],[-74.128661888184482,4.6639009522265518],[-74.128665098908243,4.6639039068099368],[-74.128668306769242,4.6639068570276603],[-74.12867152184802,4.6639098138853319],[-74.128674735710717,4.6639127695493645],[-74.128677948551157,4.6639157235197857],[-74.128681163314752,4.66391867918336],[-74.128962452295454,4.6641773115577392],[-74.128965666681452,4.6641802668705648],[-74.128968881761367,4.664183222821416],[-74.128972100606575,4.664186183138729],[-74.128975315686915,4.6641891399940762],[-74.128978533317124,4.6641921000238318],[-74.128981744945591,4.6641950537041064],[-74.128984968887963,4.6641980212759853],[-74.128988185930027,4.6642009834052631],[-74.128991399207834,4.6642039420690642],[-74.128994618795261,4.6642069082785929],[-74.128997837480767,4.6642098753957804],[-74.129001051508695,4.6642128390526123],[-74.129004269591618,4.6642158082595238],[-74.129007482718421,4.6642187737278569],[-74.129010704992339,4.664221751118661],[-74.129013912867961,4.6642247152131739],[-74.129017133332439,4.664227694421843],[-74.129020349441817,4.6642306722561031],[-74.129023557164047,4.664233643164204],[-74.129026777743562,4.6642366303755685],[-74.129029982767619,4.6642396040073235],[-74.129033198076769,4.6642425907393266],[-74.129036407575413,4.6642455746649434],[-74.1290396189913,4.6642485638696378],[-74.129042826048106,4.6642515516766982],[-74.129046033583109,4.6642545433646649],[-74.12904924073446,4.664257538263926],[-74.129052445815148,4.6642605347373527],[-74.129055649086126,4.6642635330283975],[-74.129058850547437,4.6642665331369644],[-74.129062168243792,4.6642696476268624],[-74.129145213458912,4.6643490462115258],[-74.129226834095974,4.6644299213658602],[-74.129230018034818,4.6644331352014552],[-74.129233104532815,4.6644362543174216],[-74.12923619178612,4.6644393787586615],[-74.129239277196987,4.664442505897914],[-74.129242354804362,4.664445627867293],[-74.129245433200055,4.6644487542965161],[-74.12924850718727,4.6644518789850142],[-74.129251585384978,4.6644550125279887],[-74.129254655753854,4.6644581408446895],[-74.129257727769726,4.664461274497425],[-74.129260792013767,4.6644644020563115],[-74.129263857912591,4.6644675340549835],[-74.129266922844636,4.6644706678044114],[-74.129269989428664,4.664473806907421],[-74.129273044860014,4.6644769355252285],[-74.129276106168859,4.6644800728978391],[-74.129279163184577,4.6644832077052989],[-74.129282221856613,4.6644863469706195],[-74.12928527360279,4.6644894800369627],[-74.129288324524012,4.6644926131827074],[-74.129291381305862,4.6644957550862456],[-74.129294430426754,4.6644988900469047],[-74.129297482022693,4.664502029385921],[-74.129300530154211,4.66450516606763],[-74.12930357747048,4.6645083028388914],[-74.129306624698145,4.6645114404242065],[-74.12930966517564,4.6645145701558981],[-74.129312718336379,4.6645177156844628],[-74.129315757917126,4.6645208463230059],[-74.129318806803042,4.6645239883806378],[-74.129321842917932,4.6645271154478758],[-74.130256508751003,4.6654900616379242],[-74.130259551658128,4.6654931965943449],[-74.130262593807487,4.6654963307942996],[-74.130265636676697,4.6654994657115658],[-74.130268682198647,4.665502604290956],[-74.130271727628084,4.6655057436801952],[-74.130274772249336,4.6655088831664946],[-74.130277813406877,4.6655120190815325],[-74.130280857933286,4.6655151593751976],[-74.130283901653016,4.6655182997674984],[-74.130286947837504,4.6655214445395865],[-74.130289990558481,4.6655245866427721],[-74.130293035037411,4.6655277324256064],[-74.130296079313524,4.6655308798114046],[-74.130299119428898,4.6655340238298173],[-74.130302162000334,4.6655371722272632],[-74.13030520702273,4.6655403259086929],[-74.130308246996776,4.6655434762352463],[-74.130311289306576,4.6655466317316305],[-74.130314327363976,4.6655497846632041],[-74.130317370418155,4.6655529464700152],[-74.130320405767776,4.6655561021227179],[-74.130323446105592,4.6655592666542116],[-74.130326478745218,4.6655624250258345],[-74.130329516366629,4.6655655922818262],[-74.130332548855506,4.6655687569831432],[-74.130335586181928,4.6655719313444974],[-74.130338615059401,4.6655750996814671],[-74.130341645442826,4.6655782733009312],[-74.130344674017223,4.6655814487387302],[-74.130347704085253,4.6655846303665687],[-74.130350833900621,4.6655879196465282],[-74.13042979018482,4.6656724665892622],[-74.130507238997353,4.6657584026416847],[-74.130510236590055,4.6657617908972187],[-74.130513142927683,4.6657650798594164],[-74.130516049993446,4.6657683745365839],[-74.130518951812519,4.6657716671412404],[-74.130521848782337,4.6657749572070717],[-74.130524750007837,4.6657782568842219],[-74.130527643364303,4.6657815505842608],[-74.130530535402244,4.665784845627579],[-74.130533431595325,4.6657881503128751],[-74.13053631953133,4.6657914485565399],[-74.130539206138792,4.6657947481305255],[-74.130542088825919,4.6657980451645464],[-74.130544973140445,4.6658013470332076],[-74.130547858655859,4.6658046541624421],[-74.130550733825231,4.6658079504762195],[-74.130553614094168,4.6658112554835602],[-74.13055649045836,4.6658145579556836],[-74.130559368447749,4.6658178652749536],[-74.130562236576552,4.6658211612677141],[-74.130565115751509,4.6658244738431751],[-74.130567982079612,4.6658277716466152],[-74.130570853925263,4.6658310777414638],[-74.130573724868739,4.6658343847440014],[-74.130576591921454,4.6658376883057588],[-74.130579458529283,4.6658409922602759],[-74.130582322149621,4.6658442927718475],[-74.130585188299676,4.6658475972384954],[-74.130588054004335,4.6658509020969641],[-74.130590919253265,4.6658542074703275],[-74.130593778541268,4.6658575049286624],[-74.130596643790156,4.665860810301929],[-74.130851721621084,4.6661550476380027],[-74.130854581736997,4.6661583460473723],[-74.130857446988429,4.6661616514196709],[-74.130860306278549,4.6661649488763386],[-74.130863169000392,4.666168250291193],[-74.130866028736236,4.6661715473586902],[-74.130868891458078,4.6661748478692679],[-74.130871751648911,4.6661781444231636],[-74.130874609752382,4.6661814366308469],[-74.130877474277909,4.6661847362382307],[-74.130880333280103,4.666188027542975],[-74.1308831931822,4.6661913179461596],[-74.130886056516132,4.6661946113961443],[-74.130888917778222,4.6661979003925111],[-74.130891782911945,4.6662011929379155],[-74.130894642976088,4.6662044766872341],[-74.130897507376403,4.6662077634832571],[-74.130900369667501,4.6662110450230747],[-74.130903238870602,4.6662143334592283],[-74.130906100418642,4.6662176092564325],[-74.13090896931503,4.6662208915407],[-74.130911836570775,4.6662241689884008],[-74.130914702607782,4.6662274411877069],[-74.130917572976969,4.6662307155088403],[-74.130920444726755,4.666233988453981],[-74.130923318276629,4.6662372605021041],[-74.13092618755789,4.6662405229424726],[-74.130929064706251,4.6662437913923087],[-74.130931940608164,4.6662470545833692],[-74.130934815764803,4.6662503120746521],[-74.130937698698986,4.6662535755665795],[-74.130940474933155,4.6662567135953683],[-74.131017318701566,4.6663419771532251],[-74.131095658449311,4.6664258627213249],[-74.131098564287328,4.6664289183935397],[-74.131101557205881,4.6664320600990141],[-74.13110456201187,4.6664352115097278],[-74.131107561976791,4.6664383532574174],[-74.131110564490626,4.6664414930601028],[-74.131113578150845,4.6664446426871162],[-74.131116583483262,4.6664477790287826],[-74.131119597275983,4.6664509214316148],[-74.13112261209146,4.6664540621617876],[-74.131125626013514,4.6664571982530543],[-74.131128646985985,4.6664603398824358],[-74.131131660255861,4.6664634688960529],[-74.131134684705046,4.6664666076932031],[-74.131137710047113,4.6664697455814643],[-74.131140736288316,4.6664728825672732],[-74.131143757509136,4.6664760106821896],[-74.131146789808625,4.6664791493432221],[-74.131149818850858,4.6664822828267107],[-74.131152849485247,4.666485416096565],[-74.131155877758616,4.6664885441916804],[-74.131158916223512,4.6664916828189344],[-74.131161946193757,4.6664948099097527],[-74.131164983093768,4.6664979432533755],[-74.13116802335847,4.6665010800690059],[-74.131171057690466,4.6665042089312516],[-74.131174096295325,4.6665073412727232],[-74.131177134991219,4.666510472804716],[-74.131180177058297,4.6665136078113445],[-74.131183219125646,4.666516742818227],[-74.131186258630166,4.666519874255588],[-74.131189301598809,4.6665230092623284],[-74.13357396513905,4.6689797976346306],[-74.133577004703966,4.6689829281982842],[-74.133580053628208,4.6689860702366133],[-74.133583093155238,4.6689892016644157],[-74.133586138707415,4.6689923402292184],[-74.133589178233251,4.6689954716556805],[-74.133592223785243,4.668998610220096],[-74.13359526587422,4.6690017452162804],[-74.133598313894652,4.6690048881601705],[-74.133601352521026,4.6690080204906632],[-74.133604397171396,4.6690111599609567],[-74.133607444289467,4.669014303812081],[-74.133610482014262,4.6690174370442765],[-74.133613525763892,4.6690205774214437],[-74.133616571978408,4.6690237221785384],[-74.13361961472927,4.6690268642666188],[-74.133622653312415,4.6690300020780233],[-74.133625698522408,4.6690331485430452],[-74.133628739569261,4.6690362916403645],[-74.133631780512786,4.6690394355360603],[-74.133634823218841,4.6690425831202704],[-74.133637862358484,4.6690457279219721],[-74.133640901495738,4.6690488736264282],[-74.133643942399104,4.6690520230274286],[-74.13364698308412,4.6690551740147583],[-74.133650019624753,4.6690583216440356],[-74.133653058612623,4.6690614736511202],[-74.133656096698417,4.6690646265657554],[-74.133659133881125,4.6690677803870315],[-74.133662170159866,4.6690709351137674],[-74.133665205535863,4.6690740907475403],[-74.133668345561787,4.6690773570868718],[-74.133833864374196,4.6692526891752486],[-74.133836937822764,4.669256004500177],[-74.133839914240383,4.6692592169683715],[-74.133842889341523,4.6692624299654542],[-74.133845863295832,4.6692656436060647],[-74.133848836346374,4.6692688581524395],[-74.13385180849383,4.669272073605387],[-74.133854779737476,4.6692752899640126],[-74.133857750078022,4.6692785072292438],[-74.133860713764022,4.6692817172887473],[-74.133863685751962,4.6692849392020035],[-74.133866650833127,4.6692881545371607],[-74.133869618462342,4.6692913745196716],[-74.133872579445011,4.6692945872924883],[-74.133875546170572,4.6692978081808683],[-74.133878511993913,4.6693010299767028],[-74.133881473726291,4.6693042483102731],[-74.133884432004564,4.669307462891056],[-74.13388739347026,4.66931068184007],[-74.133890357485797,4.6693139054471251],[-74.133893314230548,4.6693171212247488],[-74.133896277074228,4.6693203454459171],[-74.133899230366779,4.6693235583716355],[-74.133902192577423,4.669326782886829],[-74.133905145600764,4.6693299964226034],[-74.133908110359641,4.6693332256006013],[-74.133911059300758,4.6693364356710987],[-74.133914018058022,4.6693396573337349],[-74.133916976184324,4.6693428792918121],[-74.133919930857914,4.6693460974898047],[-74.133922885531433,4.6693493156877039],[-74.133925840204597,4.6693525338851547],[-74.134289565476067,4.6697487022371948],[-74.134292520063468,4.6697519203359112],[-74.134295474740213,4.6697551385319134],[-74.134298429417157,4.6697583567281455],[-74.134301384093689,4.6697615749237658],[-74.134304338770534,4.6697647931197732],[-74.134307287712417,4.6697680031853865],[-74.134310246473504,4.6697712248465564],[-74.134313198869492,4.6697744386737048],[-74.134316157629613,4.6697776603336489],[-74.134319106841716,4.6697808697911496],[-74.134322063052366,4.6697840867900871],[-74.134325022083274,4.6697873078393721],[-74.134327969371114,4.6697905132446849],[-74.134330926121109,4.6697937290216993],[-74.134333883233865,4.669796945117163],[-74.134336834875,4.6698001533793354],[-74.134339793158361,4.6698033688633354],[-74.134342748251996,4.6698065799765072],[-74.134345703981268,4.6698097908019278],[-74.134348659974492,4.6698130010109056],[-74.134351613411681,4.6698162065634046],[-74.134354574137348,4.669819419954619],[-74.134357528735237,4.6698226248886909],[-74.134360489721715,4.6698258367543222],[-74.134363445600428,4.6698290411263068],[-74.134366405193092,4.6698322486230186],[-74.13436936222827,4.6698354514694254],[-74.134372322718406,4.6698386571563297],[-74.134375281299839,4.6698418588271489],[-74.134378243589921,4.6698450636098627],[-74.134381100773822,4.6698481528706539],[-74.134601357534706,4.6700820461074519],[-74.134604276240665,4.6700850902312245],[-74.134607293518599,4.6700882353203221],[-74.134610312470102,4.670091380278965],[-74.134613337573967,4.6700945316836533],[-74.134616354087456,4.670097671361801],[-74.134619380867193,4.6701008217300117],[-74.1346223984022,4.6701039597339324],[-74.134625426862371,4.6701071090707167],[-74.134628448758306,4.6701102497747353],[-74.134631474776924,4.6701133938291406],[-74.134634504258358,4.6701165414819892],[-74.134637527832098,4.6701196811579493],[-74.134640555654073,4.6701228243119219],[-74.134643583590758,4.6701259666817085],[-74.134646611525994,4.6701291081466536],[-74.13464964024763,4.670132249493399],[-74.134652672432608,4.6701353944327426],[-74.134655702055582,4.6701385357803922],[-74.134658731790935,4.6701416763414008],[-74.134661761524583,4.6701448159972934],[-74.134664795401733,4.6701479599176769],[-74.13466782859831,4.6701511031626142],[-74.134670859121897,4.6701542427040197],[-74.134673890547589,4.6701573822471341],[-74.134676924643969,4.6701605245860698],[-74.134679959423963,4.6701636676035934],[-74.134682990957415,4.6701668063549908],[-74.134686025846463,4.6701699485811874],[-74.134689060735099,4.6701730908069239],[-74.134692095623819,4.6701762330326879],[-74.134695130512526,4.6701793752583978],[-74.134908727194514,4.6704005216541153],[-74.134911762328059,4.6704036641304105],[-74.134914797218329,4.6704068063546726],[-74.13491783210921,4.6704099485795458],[-74.134920864437959,4.6704130872189635],[-74.13492389943589,4.6704162286503674],[-74.134926935121058,4.6704193707642965],[-74.134929967555834,4.6704225086100406],[-74.134933000786432,4.6704256463477014],[-74.134936036683285,4.6704287868720638],[-74.134939069912804,4.6704319237052818],[-74.134942104044342,4.6704350605401794],[-74.134945138278141,4.6704381965775434],[-74.134948169946881,4.6704413281305497],[-74.134951208444065,4.6704444667389415],[-74.13495424437744,4.670447601768501],[-74.134957280409722,4.6704507359969325],[-74.134960311313336,4.6704538621707341],[-74.134963349146176,4.6704569945924357],[-74.134966386975307,4.6704601261070504],[-74.134969423048815,4.6704632539561688],[-74.13497246011562,4.6704663809998701],[-74.134975500644842,4.6704695107069547],[-74.134978536043519,4.6704726323782282],[-74.134981578372731,4.6704757602779763],[-74.134984612184155,4.6704788757670972],[-74.134987657134445,4.6704820017781685],[-74.134990699595122,4.6704851234062801],[-74.134993739564607,4.6704882397516227],[-74.134996783823979,4.6704913586730408],[-74.134999826416362,4.6704944731420666],[-74.135002782746639,4.6704974975451297],[-74.135116279546821,4.6706118285380329],[-74.135231463341469,4.6707244506109848],[-74.135234517778102,4.6707273918990833],[-74.135237654642594,4.6707304098896838],[-74.135240793456035,4.6707334271256773],[-74.135243939193103,4.6707364501177562],[-74.135247076182949,4.6707394611713653],[-74.135250221157989,4.670742478130208],[-74.135253370650503,4.6707454985604588],[-74.135256513796193,4.6707485102359216],[-74.13525966146706,4.6707515244858575],[-74.135262807474518,4.6707545345187489],[-74.135265962965576,4.6707575535878689],[-74.135269109868958,4.6707605618159551],[-74.135272261136762,4.6707635724565435],[-74.135275419498015,4.6707665898759005],[-74.135278565462912,4.6707695919293384],[-74.135281728189625,4.6707726108463152],[-74.135284882331845,4.6707756198507457],[-74.135288036115568,4.6707786267084774],[-74.13529119462136,4.6707816372115438],[-74.135294356586869,4.6707846510126316],[-74.135297512349055,4.6707876571396776],[-74.135300675216342,4.6707906700367774],[-74.135303834438105,4.6707936785575077],[-74.13530699109775,4.6707966828781782],[-74.135310158513164,4.6707996983422966],[-74.13531331607426,4.6708027026648971],[-74.135316483302987,4.670805717045952],[-74.135319644512208,4.6708087248411472],[-74.135322805532283,4.6708117315530497],[-74.135325973849717,4.6708147461112413],[-74.135329134870176,4.6708177528233961],[-74.135513761688898,4.6709933892793201],[-74.135516924808812,4.6709963979864195],[-74.13552009312771,4.6709994125435328],[-74.135523257799164,4.6710024236307985],[-74.135526421380035,4.6710054336336544],[-74.135529586238889,4.6710084448990186],[-74.135532757113921,4.6710114636524702],[-74.135535917237931,4.6710144712688972],[-74.1355390846538,4.6710174867304159],[-74.135542248423945,4.6710204987216919],[-74.135545420953534,4.6710235216769851],[-74.135548580364073,4.6710265312775876],[-74.135551749433461,4.6710295518444394],[-74.135554917600643,4.6710325733186089],[-74.13555807866787,4.6710355880234919],[-74.135561245930646,4.6710386104027819],[-74.135564408656307,4.6710416293151757],[-74.135567575190606,4.6710446536739241],[-74.135570739573794,4.6710476777039664],[-74.135573900668192,4.6710506994975827],[-74.135577064319435,4.6710537255038016],[-74.135580227068232,4.6710567524171251],[-74.135583392537654,4.6710597846118089],[-74.135586549857948,4.67106280986886],[-74.135589712455328,4.6710658428186775],[-74.135592871751015,4.6710688744170241],[-74.135596032541258,4.6710719100901068],[-74.135599186410815,4.6710749400255249],[-74.135602351560962,4.671077985217428],[-74.135605502725511,4.6710810178706632],[-74.135608659000255,4.6710840580860431],[-74.135611975610558,4.6710872564774935],[-74.135792177081129,4.67126565595842],[-74.135795396165477,4.6712689280482653],[-74.135798471858834,4.671272058035056],[-74.13580153977442,4.6712751819384639],[-74.135804609345129,4.6712783102736344],[-74.135807671988687,4.6712814324584402],[-74.135810745715574,4.671284570520343],[-74.135813805654593,4.6712876954234535],[-74.135816874104989,4.6712908326765961],[-74.135819928835289,4.6712939559102589],[-74.135822992081515,4.6712970906027005],[-74.135826054356571,4.6713002270414297],[-74.135829108943511,4.6713033565341302],[-74.135832169405461,4.6713064947828116],[-74.135835219627467,4.6713096225358495],[-74.135838278356985,4.6713127617700296],[-74.135841330161924,4.6713158948067459],[-74.135844381141595,4.6713190279225643],[-74.135847437982292,4.6713221697963583],[-74.135850484599672,4.6713253011669753],[-74.135853536338473,4.6713284396563752],[-74.13585658196844,4.671331571842698],[-74.135859633620186,4.6713347120550432],[-74.135862680996027,4.6713378487975126],[-74.135865724907489,4.6713409819745504],[-74.135868772193447,4.6713441195297198],[-74.135871818666899,4.671347257177322],[-74.135874861677195,4.6713503912586134],[-74.135877904687121,4.6713535253394971],[-74.135880951070192,4.6713566637991741],[-74.135883994080416,4.6713597987844935],[-74.135887033717097,4.6713629293905221],[-74.13728850333456,4.6728067990725668],[-74.137291545992525,4.6728099336756515],[-74.137294591577188,4.6728130722230983],[-74.137297627761981,4.672816199253111],[-74.137300674158652,4.6728193377072964],[-74.137303713808194,4.6728224683071939],[-74.137306756831308,4.672825602382054],[-74.137309797291252,4.6728287328892133],[-74.137312843777678,4.6728318705304748],[-74.137315884238049,4.6728350010380089],[-74.137318924786868,4.6728381307333819],[-74.137321962770187,4.6728412559584704],[-74.137325010973711,4.6728443926040706],[-74.137328049858368,4.6728475178311202],[-74.137331092206693,4.6728506457186372],[-74.137334137933436,4.6728537770799852],[-74.137337181097124,4.6728569048799651],[-74.137340221780306,4.672860028302428],[-74.137343265926759,4.6728631543805408],[-74.137346307506974,4.6728662759961015],[-74.137349355938341,4.6728694046450387],[-74.137352399242729,4.672872526184074],[-74.137355442698109,4.6728756460734964],[-74.137358490369053,4.6728787693628817],[-74.137361538111648,4.6728818918225032],[-74.137364580723997,4.6728850062800555],[-74.13736762770337,4.6728881233874695],[-74.13737067814445,4.6728912431344858],[-74.137373726018993,4.6728943584332798],[-74.137376775632319,4.6728974736707354],[-74.13737982536766,4.6729005872283373],[-74.137382769878229,4.6729035907140508],[-74.137547130071908,4.6730683169063996],[-74.13755013717514,4.6730712776666588],[-74.137553243432663,4.6730743342467989],[-74.1375563506558,4.6730773899898859],[-74.137559456213822,4.6730804414247906],[-74.137562568702293,4.6730834987701133],[-74.137565679599604,4.6730865527841523],[-74.137568790344005,4.6730896048435415],[-74.137571902063783,4.6730926560753518],[-74.137575018229086,4.6730957107849083],[-74.137578131748526,4.6730987611154422],[-74.137581248731209,4.6731018139370688],[-74.137584363148036,4.6731048624611411],[-74.137587482017082,4.6731079144634036],[-74.137590598234723,4.6731109620872973],[-74.137593717914925,4.6731140121957022],[-74.137596841148863,4.6731170657791328],[-74.137599958262882,4.6731201115955496],[-74.137603079836339,4.6731231608912012],[-74.137606201314384,4.6731262091903094],[-74.137609323788141,4.6731292575825227],[-74.137612446165619,4.6731323049774671],[-74.137615572102931,4.6731353558472186],[-74.137618695477769,4.6731384033367656],[-74.137621818754525,4.6731414498273462],[-74.137624945593245,4.6731444997928229],[-74.137628072431582,4.6731475497578154],[-74.137631196707517,4.6731505963446347],[-74.13763432088389,4.6731536419311777],[-74.137637454748273,4.6731566987473823],[-74.137640575460949,4.6731597409557475],[-74.137643706765161,4.6731627943958856],[-74.13781811268916,4.673332833502859],[-74.137821238983122,4.6733358811516519],[-74.137824369286776,4.6733389335885223],[-74.137827497128072,4.6733419836500314],[-74.137830621305412,4.6733450292348548],[-74.137833755171755,4.6733480860503889],[-74.13783687945083,4.673351132637646],[-74.137840009754271,4.6733541859793002],[-74.137843140156022,4.6733572403220514],[-74.137846263434923,4.6733602868118087],[-74.137849396397883,4.6733633445334153],[-74.1378525258976,4.6733663997817061],[-74.13785565084018,4.6733694505571766],[-74.137858782993163,4.6733725101823218],[-74.137861904475059,4.6733755584819328],[-74.137865039185527,4.6733786223935843],[-74.137868159769596,4.6733816715987482],[-74.137871293575074,4.6733847364170726],[-74.137874419375834,4.6733877942934194],[-74.137877545261787,4.6733908531582715],[-74.137880670158893,4.6733939119385726],[-74.137883797703324,4.6733969750991307],[-74.13788692178376,4.6734000357737333],[-74.137890048423003,4.6734031007449843],[-74.137893170617787,4.6734061622454979],[-74.137896298992644,4.6734092325032535],[-74.137899419386272,4.6734122958176192],[-74.137902542415119,4.6734153635105775],[-74.137905668075433,4.6734184364888405],[-74.137908783203585,4.673421499116964],[-74.137911910514006,4.6734245773108052],[-74.137915132664332,4.6734277497813128],[-74.138076396292874,4.6735893724186877],[-74.138079558126023,4.6735925975748858],[-74.138082622443747,4.6735957250882887],[-74.138085688421484,4.6735988570468194],[-74.138088747471798,4.6736019828380408],[-74.138091809080507,4.6736051130712815],[-74.138094872348063,4.6736082477546033],[-74.138097928688936,4.6736113762590801],[-74.138100987587791,4.6736145092113395],[-74.138104042193376,4.6736176386921811],[-74.138107102675392,4.673620776930389],[-74.138110152917577,4.6736239046731543],[-74.138113211667203,4.6736270438968868],[-74.138116260107267,4.6736301725445086],[-74.138119315312252,4.673633309945358],[-74.138122365492109,4.6736364431354183],[-74.138125418890539,4.6736395814427283],[-74.138128465526123,4.6736427128009819],[-74.138131514723241,4.6736458477189506],[-74.13813456639781,4.6736489870175184],[-74.138137611231144,4.6736521192803728],[-74.138140659440893,4.67365525592139],[-74.138143706835464,4.6736583926519355],[-74.138146754142056,4.6736615301972533],[-74.138149794698137,4.6736646598888631],[-74.138152844566164,4.6736678009999446],[-74.13815588503472,4.6736709315045077],[-74.138158934900744,4.6736740735196598],[-74.138161974558713,4.6736772041166725],[-74.138165023523456,4.6736803461339695],[-74.138168063091214,4.673683477541128],[-74.138171102748217,4.6736866081370048],[-74.139181275960183,4.674727333338625],[-74.139184321200517,4.6747304715054039],[-74.139187360776276,4.6747336029069047],[-74.139190406377921,4.6747367414458632],[-74.139193445953836,4.6747398728474039],[-74.139196491555367,4.6747430113861714],[-74.139199533693898,4.6747461463568118],[-74.139202579202973,4.6747492857054338],[-74.139205620533218,4.6747524207719495],[-74.139208662578554,4.6747555565506129],[-74.139211710647103,4.6747587003734434],[-74.139214751078654,4.6747618363467636],[-74.139217798149389,4.6747649809784102],[-74.139220835119048,4.6747681142837649],[-74.139223881383259,4.6747712590152126],[-74.139226924184157,4.6747744010781416],[-74.139229966180906,4.6747775432424996],[-74.139233004714626,4.674780681830188],[-74.139236052531786,4.6747838327511095],[-74.139239092728573,4.674786976730811],[-74.139242132021892,4.674790120709349],[-74.139245174566682,4.6747932698623078],[-74.139248212959288,4.6747964156530433],[-74.139251253803792,4.6747995658223838],[-74.139254287832628,4.6748027089329227],[-74.139257333682508,4.6748058679738183],[-74.139260369260867,4.6748090172743177],[-74.139263406608819,4.6748121702837402],[-74.139266443722477,4.6748153248623527],[-74.139269479268393,4.6748184796891232],[-74.139272513792818,4.6748216352995824],[-74.139275651110665,4.67482489967911],[-74.139430828020238,4.6749892458043254],[-74.139433899240103,4.6749925557001468],[-74.13943687940754,4.6749957703193799],[-74.139439855219649,4.674998982124027],[-74.139442830782798,4.6750021954724543],[-74.139445805032096,4.6750054093529974],[-74.13944877813266,4.6750086238747848],[-74.139451750329627,4.6750118393025959],[-74.139454718421405,4.6750150512669988],[-74.139457689460201,4.6750182682315398],[-74.139460659202655,4.6750214857485277],[-74.139463625235592,4.6750247001535552],[-74.13946659381763,4.6750279192045987],[-74.139469561497791,4.6750311391635648],[-74.139472522529886,4.6750343519114326],[-74.13947548611371,4.6750375684064389],[-74.139478455176686,4.6750407936400435],[-74.139481414407953,4.6750440081982649],[-74.139484376188889,4.6750472265057432],[-74.139487337704679,4.6750504454304291],[-74.139490298584818,4.6750536646449588],[-74.139493256011221,4.6750568801049068],[-74.139496216623584,4.6750600999334671],[-74.139499179785346,4.6750633244217115],[-74.139502135680218,4.6750665410808816],[-74.139505091935703,4.6750697580557503],[-74.139508051012726,4.6750729790824526],[-74.139511006637122,4.675076196351438],[-74.139513962261034,4.6750794136197547],[-74.1395169210669,4.675082635256425],[-74.139519873508988,4.675085849060725],[-74.139522832315393,4.6750890706979034],[-74.1396880871809,4.6752689966059569],[-74.139691040159633,4.6752722109921176],[-74.139694001518251,4.6752754363877385],[-74.13969695050902,4.6752786464310523],[-74.139699906135746,4.6752818636997935],[-74.139702864943317,4.6752850853356351],[-74.13970581483423,4.6752882953796311],[-74.139708770731247,4.6752915120382399],[-74.139711726988111,4.6752947290116023],[-74.139714680331068,4.6752979419103777],[-74.139717636858663,4.6753011582741824],[-74.139720590832923,4.6753043708800543],[-74.139723545075498,4.6753075828746535],[-74.139726499951394,4.6753107945787447],[-74.139729455092905,4.6753140056683762],[-74.139732410869925,4.6753172164701695],[-74.139735366910614,4.6753204266550838],[-74.139738323588801,4.6753236365545749],[-74.139741283721335,4.6753268502046978],[-74.139744232355866,4.6753300476149349],[-74.139747196848333,4.6753332632075235],[-74.139750149576315,4.6753364631848973],[-74.139753112414908,4.675339674124336],[-74.13975606694288,4.6753428732041344],[-74.139759028383054,4.6753460788694268],[-74.139761987263796,4.675349279886821],[-74.139764947044668,4.675352480002803],[-74.139767910279986,4.6753556829521239],[-74.13977087161156,4.6753588818978198],[-74.139773830878809,4.6753620758382501],[-74.139776797471356,4.6753652767171703],[-74.13977965740176,4.6753683598293359],[-74.139939558914094,4.6755377081811016],[-74.139942483760038,4.67554075147644],[-74.139945502242867,4.675543889459056],[-74.139948524967124,4.6755470300163129],[-74.139951551151782,4.6755501732670952],[-74.139954572207571,4.6755533084191905],[-74.139957600979059,4.6755564506480844],[-74.139960626510941,4.6755595877101097],[-74.13996365361885,4.6755627245411624],[-74.139966680945889,4.6755658597948546],[-74.139969712418832,4.6755689984112943],[-74.139972744792402,4.675572137028003],[-74.139975771349285,4.6755752668878996],[-74.139978808089623,4.6755784072832975],[-74.13998183890368,4.6755815397159157],[-74.139984873981973,4.6755846756267445],[-74.139987909158947,4.6755878107361166],[-74.1399909417717,4.6755909413641881],[-74.139993981214488,4.6755940790450623],[-74.139997018093965,4.6755972131497705],[-74.140000055069919,4.6756003464508566],[-74.140003089480444,4.6756034752733733],[-74.140006134094989,4.6756066155242397],[-74.140009171969908,4.6756097479204133],[-74.140012207279852,4.6756128758406739],[-74.140015252797681,4.6756160151871615],[-74.140018291572105,4.6756191466791668],[-74.140021333718053,4.6756222816460165],[-74.140024373300818,4.6756254130430452],[-74.140027418910165,4.675628551578356],[-74.140030458493484,4.675631682975844],[-74.140033504102945,4.6756348215111991],[-74.146315142975297,4.6821063163249006],[-74.14658314383162,4.6823835951737065],[-74.147143458874837,4.6829657889786311],[-74.147146489956668,4.6829689390589415],[-74.147149516085818,4.6829720830561445],[-74.147152545677983,4.6829752306517038],[-74.147155575270105,4.6829783782471681],[-74.147158610764947,4.6829815338180403],[-74.147161633552045,4.6829846743412862],[-74.147164665706995,4.6829878255363298],[-74.147167695178936,4.6829909739109743],[-74.147170723990413,4.6829941216317001],[-74.147173753462326,4.6829972700062292],[-74.147176785615812,4.683000422104886],[-74.147179810964559,4.6830035662263025],[-74.147182842997836,4.6830067181998976],[-74.147185877589976,4.6830098746774373],[-74.147188899477939,4.6830130161026595],[-74.147191930731935,4.6830161682041309],[-74.147194961861842,4.6830193210816926],[-74.147197989652327,4.6830224704862262],[-74.1472010174422,4.6830256198900297],[-74.147204045232741,4.6830287692945687],[-74.147207078921099,4.6830319266775549],[-74.147210105811268,4.6830350769872693],[-74.147213132700244,4.6830382272956754],[-74.147216159589277,4.6830413776040691],[-74.147219189039433,4.6830445315166962],[-74.147222218363368,4.6830476862031043],[-74.14722524691247,4.6830508410222818],[-74.147228272772708,4.6830539930062125],[-74.147231297987446,4.6830571443524747],[-74.147234332298822,4.6830603079266186],[-74.147237395613615,4.6830634998749296],[-74.147446880128641,4.683283479319714],[-74.147449923938055,4.6832866995956737],[-74.147452927974129,4.6832898786971651],[-74.147455925449506,4.6832930499523497],[-74.147458935320088,4.683296237088368],[-74.147461931899215,4.6832994092511067],[-74.147464935032005,4.6833025892566464],[-74.147467937445199,4.6833057694556244],[-74.147470936399188,4.6833089459911532],[-74.14747393862848,4.6833121269005451],[-74.147476937582439,4.6833153043401117],[-74.147479939094325,4.683318485445441],[-74.147482937147004,4.6833216628850636],[-74.147485938473082,4.6833248446985891],[-74.14748893325158,4.6833280186675657],[-74.147491937135712,4.6833312041490602],[-74.147494934288119,4.6833343824939293],[-74.147497934711254,4.6833375652119207],[-74.147500928590389,4.6833407400849634],[-74.14750392901405,4.6833439228034237],[-74.147506922893243,4.6833470976764753],[-74.147509925874274,4.6833502840643506],[-74.1475129221255,4.6833534633133382],[-74.147515915817465,4.683356638890884],[-74.147518915527073,4.6833598218089021],[-74.147521911777702,4.6833630010571374],[-74.147524911297907,4.6833661846793664],[-74.147527904278121,4.6833693604568856],[-74.147530900528849,4.6833725397051422],[-74.147533902606185,4.6833757269985457],[-74.147536892127448,4.6833788991041763],[-74.147539891648876,4.6833820827274693],[-74.147740308524547,4.6835947791203703],[-74.147743302664935,4.6835979561262553],[-74.147746302186988,4.6836011397473216],[-74.147749297728183,4.6836043191961139],[-74.147752290520287,4.6836074947707758],[-74.147755290042952,4.6836106783923341],[-74.147758283025524,4.6836138541691668],[-74.147761279278015,4.6836170334159943],[-74.147764272972125,4.6836202089922585],[-74.147767272684348,4.6836233919096451],[-74.147770266378501,4.6836265674858693],[-74.147773262819243,4.6836297460279948],[-74.147776259785331,4.683632925075444],[-74.147779253666755,4.683636099947079],[-74.147782248262516,4.6836392746213429],[-74.147785248875792,4.6836424566316968],[-74.147788240196476,4.6836456269301099],[-74.147791241526718,4.683648808743774],[-74.147794233748286,4.6836519790436775],[-74.147797231989074,4.6836551557739821],[-74.147800230761305,4.6836583330164538],[-74.147803223882093,4.6836615024140258],[-74.147806226299039,4.6836646826121981],[-74.147809219418036,4.6836678511055281],[-74.147812216717909,4.683671023073094],[-74.147815220035795,4.6836742023643172],[-74.14781821149343,4.6836773662930939],[-74.147821215715012,4.6836805446803371],[-74.1478242139153,4.6836837157446745],[-74.147827209733521,4.6836868824345803],[-74.147830209011772,4.6836900518802169],[-74.147833142294971,4.6836931524698286],[-74.148080704131658,4.6839515611120408],[-74.148083673723704,4.6839546229928501],[-74.148086712477408,4.683957755255765],[-74.148089754695306,4.6839608910899821],[-74.148092793541466,4.6839640225449504],[-74.148095829822395,4.6839671495260076],[-74.148098872942242,4.6839702835522381],[-74.148101913498451,4.6839734140104436],[-74.14810495414325,4.6839765436565912],[-74.148107995600739,4.6839796732124297],[-74.14811104308481,4.6839828098980201],[-74.148114081164181,4.683985935074122],[-74.148117123523704,4.6839890637283261],[-74.148120169346996,4.6839921959451143],[-74.14812321178988,4.683995323781879],[-74.148126257612873,4.683998455094013],[-74.148129300872569,4.6840015828447417],[-74.148132347597169,4.6840047141570373],[-74.148135390939231,4.6840078410891168],[-74.148138437663562,4.6840109714968436],[-74.148141481824709,4.6840140983452967],[-74.148144532012665,4.6840172323111506],[-74.14814757617421,4.6840203591599785],[-74.148150620416061,4.6840234851880131],[-74.148153668041758,4.6840266146913221],[-74.148156716488501,4.6840297450162387],[-74.148159764193849,4.6840328746012219],[-74.148162811819461,4.684036004104283],[-74.148165856881803,4.6840391300500999],[-74.148168907971183,4.684042263109359],[-74.148171953034336,4.6840453890558944],[-74.148175001561327,4.6840485185587726],[-74.150715017132185,4.6866562371341445],[-74.150988771361142,4.6869360695425044],[-74.15168343836919,4.6876430863124989],[-74.151931727758964,4.6878965005975992],[-74.152437507054259,4.6884141679780047],[-74.15244055722799,4.6884172890700642],[-74.1524436136947,4.6884204175064941],[-74.152446666765726,4.6884235424677394],[-74.152449719836767,4.6884266674289528],[-74.152452769511527,4.6884297880101649],[-74.152455825978222,4.6884329164464127],[-74.152458875653394,4.6884360370279516],[-74.152461932120062,4.6884391654640076],[-74.152464985191656,4.6884422904256295],[-74.152468034866558,4.6884454110067724],[-74.152471087937869,4.6884485350637783],[-74.152474141842035,4.6884516599547599],[-74.152477194981344,4.6884547840812587],[-74.152480245489073,4.6884579045930472],[-74.152483302024606,4.6884610321941151],[-74.152486352532591,4.6884641527061124],[-74.152489409068295,4.688467280307302],[-74.152492459576379,4.6884704008193152],[-74.152495513549255,4.6884735248761631],[-74.152498564123576,4.6884766445526456],[-74.152501621493982,4.6884797720843654],[-74.152504669504751,4.688482888217913],[-74.152507726942616,4.6884860149132539],[-74.152510778352209,4.6884891345230901],[-74.152513833226294,4.6884922576751924],[-74.152516890663037,4.6884953843692942],[-74.152519942072672,4.6884985039789706],[-74.152522990982689,4.6885016192099149],[-74.152526049321992,4.6885047449988182],[-74.15252910503348,4.6885078680853836],[-74.152532132922204,4.6885109618558145],[-74.152754455820471,4.6887372091096386],[-74.152757500495511,4.6887402955548181],[-74.152760565451374,4.688743401654496],[-74.152763633845765,4.6887465112392634],[-74.152766696244953,4.6887496129327042],[-74.152769771534693,4.6887527295032925],[-74.152772833935174,4.6887558311980353],[-74.152775903231628,4.6887589398789995],[-74.152778972527571,4.6887620485595756],[-74.152782041823244,4.6887651572397528],[-74.152785107686512,4.6887682615398534],[-74.152788180414262,4.6887713736955599],[-74.152791243713111,4.6887744744867357],[-74.152794319906349,4.688777590150802],[-74.152797383206149,4.6887806909428766],[-74.152800453404339,4.6887837987197827],[-74.152803523601449,4.6887869064954888],[-74.152806593798587,4.6887900142712331],[-74.152809663995782,4.6887931220469685],[-74.152812730758356,4.6887962254423163],[-74.152815804389832,4.6887993366938083],[-74.152818874587553,4.6888024444699825],[-74.152821938785337,4.6888055443581145],[-74.152825015882101,4.6888086591156677],[-74.152828080081136,4.6888117590049285],[-74.152831157178085,4.6888148737626381],[-74.152834221377049,4.6888179736517603],[-74.152837295040541,4.6888210840301339],[-74.152840366109317,4.6888241917752902],[-74.152843436336937,4.6888272986771495],[-74.152846503970238,4.6888304020419964],[-74.152849575069283,4.6888335089134277],[-74.153093212778316,4.6890800308608416],[-74.153096284218222,4.6890831389860557],[-74.153099351853697,4.6890862423496538],[-74.153102428951968,4.6890893571048942],[-74.153105493153461,4.6890924569929116],[-74.153108566819512,4.689095567370229],[-74.153111637890561,4.6890986751139785],[-74.153114708120626,4.6891017820146974],[-74.15311777919149,4.6891048897581351],[-74.153120849421626,4.6891079966588176],[-74.153123923055617,4.689111107908646],[-74.153126993255796,4.6891142156830981],[-74.153130057456522,4.6891173155700576],[-74.153133137118246,4.6891204338326808],[-74.153136207288924,4.689123542481398],[-74.153139274055789,4.6891266467798483],[-74.153142344256224,4.68912975455435],[-74.153145420451452,4.6891328702157171],[-74.153148486318528,4.6891359745145795],[-74.153151559050201,4.6891390866694058],[-74.153154628349341,4.6891421953480821],[-74.153157697648425,4.689145304026634],[-74.153160766947593,4.6891484127052667],[-74.153163842239437,4.6891515292726114],[-74.153166910638575,4.689154638856726],[-74.153169979036718,4.6891577484398645],[-74.153173047434294,4.6891608580223005],[-74.153176118396132,4.6891639711175062],[-74.15317918675801,4.6891670815678745],[-74.153182257719038,4.6891701955673097],[-74.153185327779795,4.6891733095689325],[-74.153188432063516,4.689176457358017],[-74.153434036365624,4.6894272099454026],[-74.153437121875839,4.6894303810463978],[-74.153440167828748,4.689433511515011],[-74.153443217896566,4.6894366470950883],[-74.153446263850938,4.6894397784693087],[-74.153449313100367,4.6894429141357445],[-74.153452358153984,4.6894460455105538],[-74.153455403939333,4.6894491776150877],[-74.153458455748407,4.6894523177473006],[-74.153461497340501,4.6894554464650273],[-74.153464548248721,4.6894585865997502],[-74.153467589754769,4.6894617161321088],[-74.153470637286333,4.6894648527928711],[-74.153473681354313,4.6894679858891966],[-74.153476725422209,4.6894711189854048],[-74.153479772865197,4.6894742564601168],[-74.153482816933376,4.6894773904607616],[-74.153485857625654,4.6894805200820109],[-74.153488907630461,4.6894836611226234],[-74.153491950798582,4.6894867951245596],[-74.15349499477658,4.6894899299363333],[-74.153498038033419,4.6894930640295422],[-74.153501081200076,4.6894961980297829],[-74.153504124367075,4.6894993320303771],[-74.153507170906892,4.6895024704091206],[-74.153510210700532,4.6895056009350657],[-74.153513259802338,4.6895087428820403],[-74.153516299506506,4.6895118742189315],[-74.15351933930026,4.6895150047448917],[-74.153522385840702,4.6895181431240527],[-74.153525431569889,4.6895212815970808],[-74.153528467899278,4.6895244085535683],[-74.15391618081776,4.6899238182115166],[-74.153920236984405,4.689927996352357],[-74.153924295941536,4.6899321782965187],[-74.153928350603962,4.689936354887613],[-74.153932406167897,4.6899405314792908],[-74.153936466026224,4.6899447134223644],[-74.153940519059262,4.689948886503597],[-74.153944577221566,4.6899530648670735],[-74.153948633686923,4.6899572405554721],[-74.153952690218162,4.6899614154079741],[-74.153956749281591,4.6899655928666881],[-74.153960804114647,4.6899697641408542],[-74.153964859848529,4.6899739345124534],[-74.153968919018084,4.6899781074913651],[-74.153972978249925,4.689982279630577],[-74.153977035783583,4.689986448195123],[-74.153981094217528,4.6899906158564297],[-74.153985156090869,4.6899947861254692],[-74.153989213785408,4.6899989493731118],[-74.15399327746178,4.6900031178360972],[-74.153997335256534,4.6900072766128895],[-74.154001400791188,4.6900114424229837],[-74.154005462927756,4.6900156020024371],[-74.154009526016921,4.6900197598310047],[-74.154013592552488,4.6900239193633446],[-74.154017658289618,4.6900280753344745],[-74.154021724974569,4.6900322295496766],[-74.154025793412629,4.6900363828150438],[-74.154029862794417,4.6900405343203557],[-74.154033933932581,4.6900446848791617],[-74.154038004312994,4.6900488310261599],[-74.15404194759013,4.6900528441833842],[-74.154264359503486,4.6902742934827266],[-74.154491363708317,4.6904907404915503],[-74.154722981084433,4.6907022104753962],[-74.154959103259202,4.6909086044850188],[-74.15519961975177,4.6911098259460093],[-74.155444418025056,4.6913057807044867],[-74.155693383537837,4.6914963770705169],[-74.155946399799006,4.691681525861692],[-74.156203348421613,4.6918611404442094],[-74.156464109178444,4.6920351367739563],[-74.156728560058369,4.692203433435596],[-74.156996577323042,4.6923659516807277],[-74.157268190691155,4.6925227049904796],[-74.15727310249369,4.6925254682681272],[-74.157278165293093,4.6925283141799889],[-74.15728322371946,4.6925311539156933],[-74.15728828922181,4.692533995317488],[-74.157293360893661,4.6925368392781976],[-74.157298422013341,4.692539673604248],[-74.157303494176418,4.6925425127125688],[-74.157308563272011,4.6925453477937547],[-74.157313633267506,4.6925481810701903],[-74.15731870813039,4.6925510156617412],[-74.157323781231952,4.6925538474632207],[-74.157328853022946,4.6925566762250472],[-74.157333932351094,4.6925595081877436],[-74.157339009455995,4.6925623376061445],[-74.15734408173914,4.69256516152819],[-74.157349166384009,4.6925679923358627],[-74.157354241772694,4.6925708156820845],[-74.15735932731819,4.6925736446806621],[-74.157364403605854,4.6925764662214604],[-74.157369488750547,4.692579292186581],[-74.157374573421308,4.6925821174851414],[-74.157379653284778,4.6925849382081024],[-74.157384738855441,4.6925877616979061],[-74.157389824900733,4.6925905849509251],[-74.15739490916836,4.6925934063132555],[-74.157399996115728,4.6925962286627998],[-74.157405086564452,4.692599053455325],[-74.15741016953119,4.6926018726923377],[-74.157415258680246,4.6926046953590799],[-74.157420347828918,4.6926075180255848],[-74.15742543697742,4.6926103406918918],[-74.169942018254361,4.6995518703051857],[-74.169957285798262,4.6995603365075418],[-74.169972553117177,4.6995688016803561],[-74.169987816790112,4.6995772602155172],[-74.170003079776777,4.6995857114487709],[-74.170018345633949,4.6995941568537978],[-74.170033609946017,4.6996025898762479],[-74.170048880258705,4.6996110150990944],[-74.170064149318378,4.6996194240039966],[-74.170079411499486,4.6996278134326994],[-74.170094690332803,4.6996361931321786],[-74.17010997385519,4.6996445556226458],[-74.170125263869366,4.6996528982072929],[-74.170140561037982,4.6996612203562984],[-74.170155866486283,4.6996695199089409],[-74.170171180878313,4.6996777954331552],[-74.17018650637479,4.6996860462283259],[-74.170201840361543,4.6996942695906654],[-74.170217186869152,4.6997024635428497],[-74.17023254535718,4.6997106282879351],[-74.170247916221172,4.6997187603935],[-74.170263300715277,4.6997268591659083],[-74.170278700433201,4.6997349222866385],[-74.170294114440452,4.6997429488516458],[-74.170309545071873,4.6997509368916042],[-74.170324992345684,4.6997588855350712],[-74.170340456455634,4.6997667917425154],[-74.170355938415241,4.6997746542549423],[-74.170371440015302,4.6997824721906065],[-74.170386960903002,4.6997902435939274],[-74.170402501959913,4.6997979666822411],[-74.170417819730446,4.6998055196373496],[-74.170592198299005,4.6998873301501831],[-74.170769117939287,4.6999627568035738],[-74.170948600622324,4.7000318195006514],[-74.171130419021296,4.7000944307687904],[-74.171314342851019,4.7001505113065383],[-74.171500139159221,4.7001999900840401],[-74.171687572622005,4.7002428044330262],[-74.171876405841786,4.7002789001262144],[-74.172066399647889,4.7003082314458426],[-74.172257313399641,4.7003307612419913],[-74.172448905290935,4.7003464609790635],[-74.17264093265716,4.7003553107722666],[-74.172833152281527,4.7003572994129863],[-74.173025591931491,4.7003524175018301],[-74.173042642782136,4.7003516524775888],[-74.173059965802679,4.7003508221197094],[-74.173077289588718,4.7003499385440026],[-74.17309461498904,4.7003490053290982],[-74.173111939335712,4.7003480225054517],[-74.173129266211504,4.7003469925975132],[-74.17314659298016,4.7003459184404726],[-74.173163919641198,4.7003448000213002],[-74.173181248777937,4.7003436398541476],[-74.173198577805351,4.7003424407949215],[-74.173215906782133,4.7003412028277571],[-74.173233239068253,4.7003399284617959],[-74.173250570340073,4.7003386205699975],[-74.173267903320948,4.7003372790703395],[-74.17328523697941,4.7003359075652646],[-74.173302571517567,4.7003345060269197],[-74.173319908530047,4.7003330780660599],[-74.173337245381717,4.7003316236705288],[-74.173354584912914,4.7003301464200682],[-74.173371925940046,4.7003286463318519],[-74.173389268635759,4.7003271269146314],[-74.17340662870518,4.7003255878260273],[-74.173423974046344,4.7003240337017251],[-74.173441318096692,4.7003224641052723],[-74.173458669485711,4.7003208821089935],[-74.173476021535464,4.7003192891322749],[-74.173493375060517,4.7003176868223715],[-74.173510732336183,4.7003160769387078],[-74.173528091986995,4.700314461329409],[-74.173545455231675,4.7003128417703595],[-74.173562820193439,4.7003112193388645],[-74.17537373370989,4.7001420733079309],[-74.176285485467631,4.7000537833857372],[-74.177196619708354,4.6999592955124001],[-74.178859059331273,4.69978117734418],[-74.178866287666281,4.6997804030325669],[-74.178873516612839,4.6997796287518021],[-74.178880743781633,4.6997788545649435],[-74.178887971388846,4.6997780803311207],[-74.178895203106649,4.6997773065614332],[-74.178902430714047,4.6997765332317005],[-74.178909658321089,4.6997757599019412],[-74.178916890039559,4.6997749870368413],[-74.178924118985208,4.6997742145643686],[-74.178931350266652,4.6997734426505975],[-74.178938583323017,4.6997726715482475],[-74.178945810494213,4.6997719009775034],[-74.178953043550379,4.6997711307798982],[-74.178960274833898,4.6997703615798931],[-74.178967512001009,4.6997695936597843],[-74.17897474051091,4.699768826659291],[-74.178981973131997,4.699768060127127],[-74.178989209864611,4.6997672949689377],[-74.178996439709209,4.6997665306352996],[-74.179003676010211,4.6997657673333384],[-74.179010914077281,4.6997650057506704],[-74.179018146270352,4.6997642455969961],[-74.179025380224473,4.6997634862575364],[-74.179032617861566,4.6997627283414332],[-74.179039856828581,4.69976197219105],[-74.17904708992701,4.6997612174652064],[-74.179054328893471,4.6997604640309145],[-74.179061571547038,4.6997597129291906],[-74.179068805976627,4.6997589635871666],[-74.179076044518681,4.6997582156290552],[-74.17908336655664,4.6997574608747881],[-74.179344489173602,4.6997318692291072],[-74.179605846324876,4.6997088183563163],[-74.1796131733892,4.6997082090109341],[-74.179620425501724,4.6997076077083326],[-74.179627678856974,4.6997070081881338],[-74.179634930632091,4.6997064105346595],[-74.179642183986672,4.6997058146358484],[-74.179649437003221,4.699705220575467],[-74.179656685891075,4.6997046277588321],[-74.179663938908206,4.6997040364143112],[-74.179671191926687,4.6997034468802781],[-74.179678444946362,4.699702859156857],[-74.179685690938584,4.6997022720766726],[-74.179692944858473,4.6997016861637944],[-74.179700197547376,4.6997011020882198],[-74.179707447669301,4.6997005191972976],[-74.179714697460341,4.6996999372378303],[-74.179721947251025,4.6996993561830775],[-74.179729197042604,4.6996987760330509],[-74.179736446834028,4.699698196787792],[-74.179743697855159,4.6996976184209576],[-74.179750947319263,4.6996970410112953],[-74.17975819297952,4.6996964639047274],[-74.179765443999955,4.6996958873474863],[-74.179772693465679,4.6996953117471154],[-74.179779944485318,4.6996947369994766],[-74.179787189820459,4.699694162631376],[-74.179794436708249,4.6996935882114323],[-74.179801686174983,4.6996930144202347],[-74.17980893306256,4.6996924409044851],[-74.179816179624723,4.6996918674144377],[-74.179823424959963,4.69969129395023],[-74.179830675978948,4.6996907210118621],[-74.180936356256481,4.6996032706793107],[-74.180940699763539,4.6996029266767474],[-74.180945055127935,4.6996025827116981],[-74.180949396177382,4.6996022389743075],[-74.180953744114177,4.6996018946922531],[-74.18095809893596,4.6996015507700664],[-74.180962438541187,4.6996012070757569],[-74.180966787020566,4.6996008627506365],[-74.180971134956991,4.6996005184685563],[-74.180975476005173,4.6996001738282125],[-74.180979829383944,4.6995998290432182],[-74.180984170975833,4.6995994843597497],[-74.180988518912343,4.6995991391731859],[-74.180992865402985,4.6995987940300203],[-74.180997213882463,4.699598448800292],[-74.181001554931612,4.6995981032568483],[-74.181005901421059,4.6995977572094363],[-74.181010249902329,4.6995974110750973],[-74.181014596391009,4.6995970650276746],[-74.181018937985684,4.6995967185378076],[-74.181023277586121,4.6995963712323645],[-74.181027632955164,4.6995960236429832],[-74.181031965666719,4.6995956759852451],[-74.181036321038846,4.6995953274896136],[-74.181040660638558,4.6995949792814304],[-74.181045002238861,4.6995946300819247],[-74.181049348722567,4.6995942804178972],[-74.181053695756248,4.6995939307096251],[-74.181058035903291,4.6995935806517108],[-74.181062376051528,4.6995932296907572],[-74.181066724541353,4.6995928781288443],[-74.181070953385785,4.699592535288418],[-74.181522123078366,4.6995529367741042],[-74.181526353572536,4.6995525369765359],[-74.181530688318688,4.6995521264231757],[-74.181535031484003,4.699551715158325],[-74.181539365583163,4.6995513037632932],[-74.181543700331105,4.6995508914038693],[-74.181548041947622,4.6995504783917763],[-74.181552385114543,4.6995500653177409],[-74.181556719211386,4.6995496521172591],[-74.181561060828187,4.6995492382007304],[-74.181565395575547,4.6995488240355074],[-74.181569737191452,4.6995484092146178],[-74.181574071938883,4.699547994146382],[-74.181578411999425,4.6995475784839043],[-74.181582754269627,4.6995471626960468],[-74.181587089016844,4.6995467467248409],[-74.181591430633148,4.6995463300951688],[-74.181595772248031,4.6995459134656095],[-74.181600105437809,4.6995454966547641],[-74.181604454575734,4.699545079302343],[-74.181608789325381,4.6995446624279431],[-74.181613124074119,4.699544244650693],[-74.181617470996443,4.699543826518978],[-74.181621806402646,4.6995434086784122],[-74.181626146458541,4.6995429903035637],[-74.181630495596835,4.6995425720451012],[-74.181634823478461,4.6995421540259859],[-74.181639170400757,4.6995417349885145],[-74.181643512675251,4.6995413164864512],[-74.181647852729881,4.6995408981115894],[-74.181652188137406,4.699540479367716],[-74.18165653661697,4.6995400602667567],[-74.182121567078411,4.6994952032707005],[-74.18212591137663,4.6994947845703816],[-74.182130251431317,4.6994943661924777],[-74.18213458683806,4.6994939474456405],[-74.182138933757244,4.6994935284053092],[-74.182143276031212,4.6994931099001942],[-74.182147617644688,4.6994926914585822],[-74.18215195769919,4.6994922730805637],[-74.182156299972334,4.6994918545754016],[-74.182160640026026,4.6994914361973343],[-74.182164989163908,4.6994910179355536],[-74.182169330779118,4.6994906003979615],[-74.182173670834885,4.6994901829238636],[-74.182178013106196,4.6994897653231584],[-74.182182354720865,4.6994893477856516],[-74.182186703199818,4.6994889304928984],[-74.182191043258584,4.6994885139225735],[-74.182195385528559,4.6994880972263822],[-74.182199734008577,4.6994876808392352],[-74.182204075624213,4.6994872651100739],[-74.182208417238343,4.6994868493809987],[-74.182212765719754,4.6994864338994882],[-74.182217107334452,4.6994860190746222],[-74.182221455816261,4.6994856044987117],[-74.18222579743113,4.6994851905780433],[-74.182230139046595,4.6994847766574335],[-74.182234487528348,4.6994843629872234],[-74.182238837561101,4.6994839501608645],[-74.182243178528395,4.6994835381102433],[-74.182247527011228,4.6994831262513141],[-74.18225187017562,4.6994827149819729],[-74.182256329114296,4.6994822935902016],[-74.182714118187036,4.6994421127515009],[-74.18271857598539,4.6994417513395126],[-74.182722929901274,4.6994413992548578],[-74.182727276933122,4.699441047727472],[-74.182731632302321,4.699440696503796],[-74.182735985667748,4.6994403462749048],[-74.18274033270005,4.6994399965560918],[-74.182744688066933,4.6994396471442172],[-74.182749034550653,4.699439298373675],[-74.182753381582302,4.6994389495591236],[-74.182757736948687,4.6994386010530738],[-74.182762083433531,4.6994382531865533],[-74.182766438799277,4.6994379055864286],[-74.182770785285499,4.6994375586240018],[-74.182775140649909,4.6994372119297196],[-74.182779480249891,4.699436865516069],[-74.182783842498665,4.6994365191787937],[-74.18278818354905,4.6994361736239814],[-74.182792536923301,4.6994358279221924],[-74.182796878515205,4.6994354823243603],[-74.182801240217728,4.6994351369377414],[-74.182805579822542,4.6994347923290647],[-74.182809935186427,4.6994344474463787],[-74.182814276233856,4.6994341027945321],[-74.182818631053593,4.6994337579550276],[-74.182822977544262,4.6994334137044618],[-74.182827326020345,4.6994330693678572],[-74.182831680840138,4.6994327254340087],[-74.182836021887141,4.6994323816849519],[-74.182840369821989,4.6994320373911718],[-74.182844723198642,4.699431693500137],[-74.182849064786922,4.6994313497082452],[-74.184104086399842,4.6993320827999208],[-74.184109882773939,4.6993316243315784],[-74.184115680423631,4.699331165833498],[-74.184121477666551,4.6993307073675092],[-74.184127274909741,4.6993302489014468],[-74.184133077317412,4.6993297909316363],[-74.184138868087913,4.6993293329058288],[-74.184144676066325,4.6993288754008988],[-74.184150468145617,4.6993284182461563],[-74.184156270553984,4.6993279611812149],[-74.184162072962664,4.6993275050213015],[-74.184167870206466,4.6993270492678052],[-74.184173667449897,4.6993265935142992],[-74.184179475023384,4.6993261387589387],[-74.184185272268195,4.6993256848138074],[-74.184191074677699,4.6993252313690146],[-74.184196878389528,4.6993247787978429],[-74.184202675232996,4.6993243266925235],[-74.1842084828087,4.6993238755604931],[-74.184214286519975,4.6993234257047751],[-74.184220083366583,4.6993229763118531],[-74.184225892240988,4.6993225278665101],[-74.184231695554786,4.6993220807569225],[-74.184237504033291,4.6993216350600093],[-74.184243302180931,4.6993211901573888],[-74.184249110659948,4.6993207462721731],[-74.184254919141722,4.6993203041986131],[-74.184260722457012,4.6993198634244768],[-74.184266525771974,4.6993194235554965],[-74.184272335543625,4.6993189850759851],[-74.184278144927944,4.6993185484376729],[-74.184284045415893,4.6993181067238075],[-74.184515499734573,4.699302069864145],[-74.184747116273002,4.6992885743608843],[-74.184753017186296,4.6992882637826305],[-74.184758834730772,4.6992879594024339],[-74.184764647095349,4.6992876561995365],[-74.184770464641346,4.6992873545369678],[-74.184776282189205,4.6992870546860903],[-74.184782094555032,4.6992867560085871],[-74.184787913267158,4.6992864588617698],[-74.184793720187386,4.6992861622730082],[-74.184799544079993,4.6992858675798832],[-74.184805351004314,4.6992855737035519],[-74.184811169714365,4.699285281086623],[-74.184816976638729,4.6992849890187438],[-74.184822795347628,4.6992846982136482],[-74.184828608616769,4.6992844085867747],[-74.184834420727768,4.6992841198778654],[-74.184840234251709,4.6992838320484864],[-74.184846042336247,4.6992835444887673],[-74.184851860788299,4.69928325822604],[-74.184857668873732,4.6992829724748058],[-74.184863482142433,4.6992826873732652],[-74.184869290227624,4.6992824025263333],[-74.184875103496324,4.6992821183298048],[-74.184880916766204,4.6992818350383105],[-74.184886724850983,4.6992815519998183],[-74.184892532935962,4.6992812689613217],[-74.184898346205387,4.6992809865748288],[-74.184904154290521,4.6992807044404854],[-74.184909962375514,4.6992804223061402],[-74.184915770460165,4.6992801401716955],[-74.184921584880811,4.6992798586779188],[-74.184927392716872,4.6992795774598255],[-74.185391790510053,4.6992570627471268],[-74.185396145138313,4.6992568514389648],[-74.185400502436735,4.6992566400449087],[-74.185404858166848,4.699256428683344],[-74.185409221142848,4.6992562178751376],[-74.185413570292368,4.6992560068320364],[-74.185417926356607,4.6992557954541345],[-74.185422282420049,4.6992555840762584],[-74.185426631569229,4.6992553721302786],[-74.185430994545243,4.6992551604161434],[-74.185435350610078,4.699254949038151],[-74.185439699758575,4.6992547370920903],[-74.185444055822856,4.699254524809688],[-74.185448420033083,4.6992543130791988],[-74.185452768849544,4.6992541011491769],[-74.18545711799959,4.6992538883000661],[-74.185461480975803,4.6992536756800103],[-74.185465830126006,4.6992534628309137],[-74.185470186189363,4.699253249644058],[-74.185474542252464,4.6992530364572014],[-74.185478898315608,4.6992528232703403],[-74.185483247464532,4.6992526095182345],[-74.185487603528316,4.6992523954269618],[-74.185491958352557,4.699252181352497],[-74.185496314752527,4.6992519672446287],[-74.185500663901848,4.6992517525895208],[-74.185505019965078,4.6992515375938133],[-74.185509369114968,4.6992513220357939],[-74.185513725178097,4.6992511061358204],[-74.18551808124063,4.6992508902358132],[-74.185522430389753,4.6992506737748059],[-74.185526708746039,4.6992504607939631],[-74.185977875103575,4.6992259284400379],[-74.18598215362934,4.6992256763062308],[-74.185986506577038,4.6992254197337644],[-74.18599085302121,4.6992251626409125],[-74.185995200776077,4.6992249046207508],[-74.185999560626243,4.6992246467350123],[-74.186003907072106,4.6992243887391849],[-74.186008254828153,4.6992241298159358],[-74.186012614676557,4.6992238710245795],[-74.186016961121908,4.6992236121257287],[-74.186021308880029,4.6992233522993212],[-74.186025668726344,4.6992230926023346],[-74.186030015172477,4.6992228328005661],[-74.186034368524389,4.6992225725866481],[-74.186038721875661,4.6992223123727594],[-74.186043068321325,4.6992220516680501],[-74.186047422986107,4.6992217905249509],[-74.186051775925208,4.6992215294313633],[-74.18605612927665,4.6992212683130568],[-74.186060482628051,4.6992210071947742],[-74.186064829072876,4.6992207455870094],[-74.186069189329061,4.6992204840537894],[-74.186073535775336,4.6992202224459234],[-74.186077889127105,4.699219960423159],[-74.186082242478122,4.6992196984003973],[-74.18608659582911,4.6992194363776152],[-74.186090950494133,4.6992191743297678],[-74.186095296526702,4.6992189118438104],[-74.186099656782318,4.6992186494046502],[-74.186104010134144,4.6992183873817277],[-74.18610835657968,4.6992181248708773],[-74.186112716834643,4.6992178624316043],[-74.197422814870009,4.6985360800850584],[-74.197977661913285,4.6985043504231943],[-74.199912697443438,4.6983996924984606],[-74.199917048819245,4.6983994567695246],[-74.199921411245739,4.6983992213958716],[-74.199925759482653,4.6983989858849897],[-74.19993011335616,4.6983987500208242],[-74.199934468873749,4.6983985141162465],[-74.199938830927479,4.6983982787626424],[-74.199943179164777,4.6983980432516033],[-74.199947533038241,4.6983978073873329],[-74.199951881645745,4.6983975709532366],[-74.199956243700811,4.6983973346937802],[-74.199960597574275,4.6983970988294486],[-74.199964946181552,4.6983968623952714],[-74.199969301328494,4.698396625606283],[-74.199973656473958,4.6983963888172555],[-74.199978010344964,4.6983961520486908],[-74.199982358954756,4.6983959147114307],[-74.199986719733985,4.6983956775664488],[-74.199991068344076,4.6983954402290617],[-74.199995423490691,4.6983952025356226],[-74.199999770448684,4.6983949643363863],[-74.200004125971404,4.6983947257179164],[-74.200008479839383,4.6983944871408756],[-74.200012835360639,4.698394248522388],[-74.200017182317964,4.6983940094203671],[-74.200021530932773,4.698393769373701],[-74.20002589170646,4.6983935295117476],[-74.200030240321709,4.6983932894650229],[-74.200034587276718,4.6983930485573637],[-74.200038949709224,4.6983928077476032],[-74.200043289754063,4.6983925663193871],[-74.200047561452507,4.6983923295824157],[-74.200505104662241,4.6983645110663019],[-74.200509370082457,4.6983642293794539],[-74.200513714259799,4.6983639415287506],[-74.200518072690542,4.6983636536393387],[-74.200522410419296,4.6983633653122912],[-74.200526770207901,4.6983630764867188],[-74.200531114384717,4.6983627877331307],[-74.200535459015597,4.6983624980464462],[-74.200539810547525,4.698362207900427],[-74.200544162077591,4.698361917754406],[-74.200548513608425,4.6983616276083957],[-74.200552858238609,4.6983613370188131],[-74.200557209770167,4.6983610459683893],[-74.200561554400181,4.6983607544758428],[-74.200565912829802,4.6983604629632936],[-74.200570257460598,4.6983601714706245],[-74.200574602092772,4.6983598790750865],[-74.200578960520872,4.6983595866567081],[-74.200583305152875,4.698359294261107],[-74.200587663581089,4.6983590018426824],[-74.200592001311662,4.6983587090078425],[-74.200596359742661,4.6983584156834715],[-74.200600711273097,4.6983581228241276],[-74.200605055904262,4.6983578295255572],[-74.200609414332064,4.6983575362012422],[-74.200613758963868,4.6983572429025617],[-74.200618109130204,4.6983569491702415],[-74.200622461123018,4.6983566553752887],[-74.200626819549981,4.6983563620509194],[-74.200631164181956,4.6983560687521528],[-74.200635515712378,4.698355774988304],[-74.200639867241918,4.6983554812244579],[-74.201093740988739,4.6983248362856873],[-74.201098092854224,4.6983245424962643],[-74.201102444384077,4.6983242487295387],[-74.201106795913319,4.6983239549628442],[-74.201111146078219,4.6983236612275245],[-74.201115498070337,4.6983233674295333],[-74.20111984959955,4.6983230736626673],[-74.201124201128934,4.6983227798958618],[-74.201128559555983,4.6983224865683972],[-74.201132904186551,4.6983221932664643],[-74.201137255717086,4.69832189949949],[-74.20114161278066,4.6983216062031588],[-74.201145957873564,4.69832131287008],[-74.20115031630111,4.698321019542453],[-74.201154660932417,4.698320726240464],[-74.201159019359267,4.6983204329127259],[-74.201163370889986,4.6983201400498444],[-74.201167722419058,4.6983198471870695],[-74.201172080846391,4.6983195547650372],[-74.20117642547747,4.6983192623657608],[-74.201180777007622,4.6983189695028189],[-74.20118513543467,4.6983186770807546],[-74.201189486965148,4.69831838512206],[-74.201193838494618,4.6983180931634481],[-74.201198190023788,4.6983178012047189],[-74.20120254845186,4.6983175096882484],[-74.201206893082457,4.6983172181916677],[-74.201211251510742,4.6983169266750586],[-74.201215603041618,4.6983166356205297],[-74.201219961469249,4.6983163450096921],[-74.201224306099846,4.6983160544158418],[-74.201228710551632,4.6983157607361665],[-74.20168077129658,4.698286871338988],[-74.201685172218021,4.6982866026971699],[-74.201689525554258,4.6982863369599945],[-74.201693878890651,4.6982860712228192],[-74.201698237811172,4.6982858059948152],[-74.201702584660922,4.6982855406528632],[-74.201706944901886,4.6982852753991891],[-74.201711298238607,4.6982850105661891],[-74.201715658478477,4.6982847462182287],[-74.201720004910754,4.6982844818044347],[-74.201724365151591,4.698284217456381],[-74.201728718489221,4.6982839535275422],[-74.201733071825416,4.6982836895986901],[-74.201737425162435,4.6982834256698647],[-74.201741778498487,4.6982831617409717],[-74.201746138738969,4.6982828982985474],[-74.201750485171573,4.6982826347874846],[-74.20175484541204,4.6982823713449484],[-74.201759198749983,4.6982821083201944],[-74.201763552086859,4.6982818452955106],[-74.201767905423168,4.6982815822707922],[-74.201772258760272,4.6982813192459991],[-74.201776612096637,4.6982810562212141],[-74.201780965433684,4.6982807931963659],[-74.201785325674066,4.6982805306594368],[-74.201789672106159,4.6982802680509881],[-74.201794032347792,4.6982800055139426],[-74.201798378780069,4.6982797429055259],[-74.201802739021161,4.6982794803683978],[-74.201807085453339,4.6982792177598771],[-74.201811445694773,4.6982789552226905],[-74.201815792127093,4.6982786926141147],[-74.203167004017274,4.6981972193427719],[-74.203955974565233,4.6981472413428884],[-74.204433921541195,4.6981155091994626],[-74.20514158516508,4.6980706818970823],[-74.213647355372387,4.6975577336934524],[-74.213664770730617,4.697556683941734],[-74.21368218565685,4.6975556350658056],[-74.213699604139435,4.6975545886886776],[-74.213717027079227,4.697553546620429],[-74.21373445164366,4.6975525098832103],[-74.213751878939178,4.6975514793706514],[-74.213769309587292,4.6975504568040618],[-74.213786744692811,4.6975494439848786],[-74.213804181428472,4.6975484419342513],[-74.213821622620813,4.697547452354419],[-74.213839066444905,4.6975464762595376],[-74.213856512900747,4.6975455145579907],[-74.213873965443113,4.6975445697798976],[-74.213891437080122,4.6975436412488154],[-74.213908896623707,4.69754273245624],[-74.213926359707557,4.6975418443737116],[-74.213943827151297,4.6975409779180195],[-74.213961298057868,4.6975401348653971],[-74.213978771682093,4.6975393171581441],[-74.213996249670799,4.6975385237764042],[-74.214013732065254,4.6975377593032048],[-74.214031217926987,4.6975370219342887],[-74.214048708194511,4.6975363161766097],[-74.214066201140312,4.6975356412367368],[-74.214083698425384,4.6975349988386084],[-74.214101199248574,4.6975343908384897],[-74.21411870534719,4.697533818127293],[-74.214136214062108,4.6975332834972034],[-74.214153726310627,4.697532786021311],[-74.214171243815613,4.6975323293227298],[-74.214189003571889,4.6975319077490596],[-74.21441397848281,4.6975303559135213],[-74.214639133434162,4.6975358434258023],[-74.214864008666737,4.6975483666209117],[-74.215088385833127,4.6975679133388528],[-74.215312047069233,4.6975944646002255],[-74.21553477520618,4.6976279946241952],[-74.215756353981106,4.6976684708538956],[-74.215976568246944,4.6977158539877841],[-74.216195204181446,4.6977700980178501],[-74.216412049494821,4.6978311502745038],[-74.216626893635677,4.6978989514773746],[-74.216839527995589,4.6979734357931724],[-74.217049746111684,4.6980545308993458],[-74.217257343866805,4.6981421580544156],[-74.217462119688051,4.6982362321745423],[-74.217663874742271,4.6983366619159961],[-74.217862413129168,4.6984433497636902],[-74.218057542071477,4.6985561921263024],[-74.218249072102225,4.6986750794363701],[-74.218436817248488,4.6987998962569346],[-74.218620398430673,4.6989303815259573],[-74.218634720799471,4.6989409280476],[-74.21864882239575,4.6989513636063753],[-74.218662897953749,4.6989618290970272],[-74.21867694880315,4.6989723239111347],[-74.218690975093196,4.6989828463308942],[-74.218704979189653,4.698993396762325],[-74.218718959853931,4.6990039733519486],[-74.218732918137533,4.699014573472744],[-74.218746856467448,4.6990251982706814],[-74.218760772913541,4.6990358453563781],[-74.218774670611609,4.6990465132245287],[-74.218788550047066,4.6990572020257551],[-74.218802410329289,4.6990679094614469],[-74.218816254231214,4.6990786344523929],[-74.218830081755385,4.6990893769922186],[-74.218843894051744,4.6991001347477814],[-74.218857691843269,4.6991109071668422],[-74.218871475558274,4.6991216940728062],[-74.218885245446458,4.6991324922269015],[-74.218899004026753,4.6991433019836046],[-74.218912741446687,4.6991541148728864],[-74.218926478343974,4.6991649444047914],[-74.218940206341614,4.6991757825747751],[-74.218953925041561,4.699186626541592],[-74.218967637367399,4.6991974793235327],[-74.218981340579106,4.6992083340866184],[-74.218995038998017,4.6992191947700253],[-74.219008731117199,4.6992300571293484],[-74.219022418400073,4.6992409205123824],[-74.21903610303724,4.6992517859402536],[-74.219049783800017,4.6992626499120984],[-74.223009118591762,4.7024067563352014],[-74.223012538156837,4.7024094716545806],[-74.223015960823076,4.7024121901527147],[-74.22301937338338,4.7024148990059293],[-74.223022797839562,4.7024176182084574],[-74.223026213773991,4.7024203297411802],[-74.223029633969205,4.7024230446565909],[-74.223033049901687,4.7024257552847013],[-74.223036467625093,4.7024284666194065],[-74.223039888721175,4.7024311806299837],[-74.223043303081369,4.7024338876792706],[-74.223046720813883,4.7024365965004575],[-74.223050140340973,4.7024393060302794],[-74.223053558971728,4.7024420139467145],[-74.223056979400496,4.7024447225739747],[-74.223060394658376,4.7024474253006918],[-74.223063815990074,4.7024501321232028],[-74.223067233948115,4.7024528346612104],[-74.223070648529301,4.7024555320142527],[-74.223074075034958,4.7024582387912934],[-74.22307748804036,4.7024609316783392],[-74.223080916350668,4.7024636366482664],[-74.223084333621031,4.7024663303922631],[-74.223087749321806,4.7024690196808274],[-74.223091180335501,4.7024717210329703],[-74.223094597830638,4.702474408520648],[-74.223098022058736,4.7024770995042244],[-74.223101445645369,4.7024797876683984],[-74.223104869198394,4.7024824732980681],[-74.223108295488515,4.7024851587643006],[-74.223111721736132,4.7024878416903579],[-74.223114978650031,4.7024903896383483],[-74.223295998994956,4.7026282826158869],[-74.223299332429903,4.702630754420702],[-74.223302828653047,4.7026333444635915],[-74.223306325773763,4.7026359327037666],[-74.223309828281415,4.7026385233653691],[-74.223313324783788,4.7026411064518765],[-74.223316825496966,4.7026436901860347],[-74.223320331603261,4.702646276337008],[-74.223323834106168,4.7026488573627905],[-74.223327342011359,4.702651440807065],[-74.223330850814605,4.7026540233480318],[-74.223334360518024,4.702656604987232],[-74.223337866610919,4.7026591815051022],[-74.223341380518704,4.7026617628666747],[-74.223344889614609,4.702664338468578],[-74.223348405320451,4.7026669180219951],[-74.223351918619812,4.7026694942462601],[-74.223355432820853,4.7026720695698838],[-74.223358950322421,4.7026746464104301],[-74.223362465420394,4.7026772199277227],[-74.223365988341911,4.7026797991745832],[-74.223369504340269,4.7026823717902149],[-74.223373023638686,4.7026849459185716],[-74.22337654506228,4.7026875209428507],[-74.223380065258823,4.7026900941663632],[-74.223383587584706,4.7026926682883712],[-74.223387115605718,4.7026952472317785],[-74.223390633402772,4.7026978171403968],[-74.22339415902762,4.702700392769227],[-74.223397684651374,4.7027029683972721],[-74.223401203348445,4.7027055374039097],[-74.223404736798827,4.7027081187477924],[-74.223594826513434,4.7028469573668348],[-74.223598352573006,4.7028495326525404],[-74.223601876967379,4.7028521064763913],[-74.2236054071208,4.7028546854107063],[-74.223608932746558,4.7028572610379529],[-74.223612458371875,4.7028598366648087],[-74.223615988524031,4.70286241650345],[-74.223619516547231,4.7028649954460171],[-74.223623041271395,4.7028675719772597],[-74.223626570520992,4.7028701527212471],[-74.223630097643877,4.7028727325702215],[-74.223633625990345,4.7028753142192201],[-74.223637154335961,4.7028778967728142],[-74.223640682957452,4.70288048084993],[-74.223644207100506,4.7028830618926643],[-74.223647739338745,4.7028856510924575],[-74.223651264978258,4.7028882363634477],[-74.223654790613736,4.7028908225367836],[-74.223658321048774,4.7028934144616983],[-74.22366184488088,4.7028960024471846],[-74.223665371111096,4.7028985937624457],[-74.223668900945214,4.7029011902030877],[-74.223672425372541,4.7029037842399743],[-74.223675948895718,4.7029063791825578],[-74.223679471517329,4.7029089750328321],[-74.223682997732439,4.7029115760098561],[-74.223686518550778,4.7029141745814682],[-74.223690045361465,4.7029167807236067],[-74.223693565555422,4.7029193837938763],[-74.223697086070345,4.7029219893448237],[-74.223700606857975,4.7029245975810241],[-74.223704301646748,4.7029273380293972],[-74.223886009386163,4.7030657542962926],[-74.223889618733253,4.7030685779554009],[-74.22389306892849,4.7030712796249823],[-74.223896513918788,4.7030739788351115],[-74.223899969060227,4.7030766901377214],[-74.223903411347109,4.7030793929782106],[-74.223906855186968,4.7030820993634936],[-74.223910296590731,4.7030848056486239],[-74.223913738625839,4.7030875147583995],[-74.223917178216553,4.7030902237584122],[-74.22392061844667,4.7030929355923146],[-74.223924054410105,4.703095645683284],[-74.223927491282552,4.7030983583036043],[-74.223930924528787,4.7031010694885502],[-74.223934359591709,4.703103783920044],[-74.223937792843572,4.7031064985409579],[-74.223941220921645,4.7031092097861054],[-74.223944656638437,4.7031119295987471],[-74.223948080447499,4.7031146399891322],[-74.223951510991157,4.7031173573305214],[-74.223954938164496,4.7031200729087423],[-74.223958367804514,4.7031227920623211],[-74.223961792280136,4.7031255078382666],[-74.223965210912183,4.7031282182656433],[-74.223968642119701,4.7031309410012749],[-74.223972064114861,4.7031336566190154],[-74.223975487689103,4.7031363742058003],[-74.223978907891222,4.7031390891161546],[-74.223982328092902,4.7031418040260329],[-74.223985755025936,4.7031445259008864],[-74.223989171855834,4.7031472390371016],[-74.223992587797468,4.7031499505647769],[-74.22495288085409,4.7039125081373676],[-74.224956302903962,4.7039152261242432],[-74.224959719740781,4.703917939255037],[-74.224963142421956,4.7039206577431143],[-74.224966554997025,4.7039233665862126],[-74.22496997946817,4.7039260857787664],[-74.22497339541691,4.7039287973009403],[-74.224976815627187,4.7039315122064673],[-74.224980235836782,4.7039342271113735],[-74.224983649311895,4.703936935052579],[-74.224987072894592,4.7039396517294971],[-74.224990490633104,4.7039423630542458],[-74.224993905008091,4.7039450700934129],[-74.224997329491771,4.7039477858640311],[-74.225000748132132,4.7039504962863345],[-74.225004163407164,4.7039532024236417],[-74.225007586321524,4.7039559146158361],[-74.22501100496703,4.7039586225219407],[-74.225014421140003,4.7039613268535039],[-74.225017844955843,4.7039640372372276],[-74.225021264498494,4.7039667433344992],[-74.225024679100088,4.7039694431948114],[-74.225028104719456,4.7039721517704329],[-74.225031526060775,4.7039748560597632],[-74.225034944932204,4.7039775567824726],[-74.225038364704133,4.7039802566036979],[-74.225041792124344,4.7039829624648517],[-74.225045206043021,4.7039856544422101],[-74.225048637735682,4.7039883611533853],[-74.225052052549302,4.7039910513283658],[-74.225055480211523,4.7039937509226801],[-74.22505880632238,4.7039963696594356],[-74.225237409969594,4.7041347931129014],[-74.22524078090801,4.7041373652048364],[-74.225244248090902,4.7041400098295885],[-74.225247712832839,4.7041426510028685],[-74.22525117407865,4.7041452870216123],[-74.2252546450202,4.7041479297424136],[-74.22525811246247,4.7041505682104088],[-74.225261587641796,4.704153212567455],[-74.225265051581133,4.704155845881723],[-74.225268523260382,4.7041584841806303],[-74.225271996904311,4.7041611232882312],[-74.225275467045265,4.7041637581474545],[-74.225278940521179,4.7041663946370162],[-74.22528241596892,4.704169031939732],[-74.225285890343585,4.7041716675249265],[-74.225289364716318,4.7041743022055567],[-74.225292841065695,4.7041769377023375],[-74.225296313904821,4.7041795689522674],[-74.225299794490581,4.7041822060733214],[-74.225303270662181,4.7041848389462944],[-74.22530675124689,4.7041874751622927],[-74.225310229399696,4.7041901088537799],[-74.225313706470857,4.7041927408229576],[-74.225317183539971,4.7041953718875051],[-74.225320667011303,4.7041980080190315],[-74.22532414741319,4.7042006416059667],[-74.225327626467433,4.7042032734912365],[-74.225331108854817,4.7042059078982952],[-74.225334591241506,4.7042085423047864],[-74.225338073628436,4.7042111767113699],[-74.225341549165847,4.7042138043518991],[-74.225345039302582,4.7042164446194352],[-74.225681200849266,4.7044706905516422],[-74.225684683756626,4.7044733246662052],[-74.225688169477621,4.704475961590858],[-74.225691647449281,4.7044785917499956],[-74.225695134256412,4.7044812294959275],[-74.225698619077221,4.7044838664222146],[-74.225702102551395,4.7044865025517675],[-74.225705587371635,4.7044891403825204],[-74.225709068860866,4.7044917756922713],[-74.225712557193887,4.7044944177706052],[-74.225716042195444,4.7044970582321959],[-74.225719522783479,4.7044996953503899],[-74.225723010213315,4.7045023392413432],[-74.225726496742311,4.7045049840405078],[-74.225729977962558,4.7045076254985814],[-74.225733464658546,4.7045102729223407],[-74.225736942545154,4.7045129136594728],[-74.225740434099961,4.7045155679592741],[-74.225743917022797,4.7045182172953153],[-74.225747396603836,4.7045208649958319],[-74.225750878617987,4.7045235161403154],[-74.225754366557808,4.7045261749864942],[-74.225757843433072,4.7045288263099634],[-74.225761325175966,4.7045314836286103],[-74.22576480706627,4.7045341435641603],[-74.225768288049778,4.7045368053127596],[-74.225771763747787,4.7045394646193186],[-74.225775245357895,4.7045421316461269],[-74.225778722724485,4.7045447979327264],[-74.225782194812012,4.704547461773009],[-74.225785677169753,4.7045501376021752],[-74.225789290448944,4.7045529157079731],[-74.225922538751576,4.7046576788993884],[-74.226053585041569,4.7047651995641964],[-74.226057069413059,4.7047681215779988],[-74.226060428909335,4.7047709421985786],[-74.226063780023452,4.7047737574517905],[-74.226067138366361,4.7047765822576935],[-74.226070490182593,4.7047794040066018],[-74.226073840193095,4.7047822266652641],[-74.226077191495705,4.7047850531339384],[-74.22608053969914,4.7047878794225513],[-74.226083886099445,4.7047907066231778],[-74.226087229721344,4.7047935332908368],[-74.226090574314483,4.7047963632142613],[-74.226093912077971,4.7047991882674749],[-74.226097258907359,4.7048020243364244],[-74.226100597380849,4.7048048550021093],[-74.226103928391609,4.7048076793419646],[-74.226107272508742,4.7048105181391939],[-74.226110605758691,4.7048133486235573],[-74.226113941517113,4.7048161829099771],[-74.226117276374765,4.704819018105022],[-74.226120606298622,4.704821849874107],[-74.226123936834327,4.7048246830685558],[-74.226127267369122,4.7048275171674936],[-74.226130596391101,4.7048303507471134],[-74.226133928539966,4.7048331886620662],[-74.226137253243479,4.7048360202378143],[-74.226140577945486,4.7048388518121884],[-74.226143906673869,4.7048416877204486],[-74.226147233894849,4.7048445231134082],[-74.226150561720459,4.7048473599267204],[-74.226153881497396,4.7048501889758159],[-74.226157209323105,4.7048530257890961],[-74.226703328286305,4.7053185026820037],[-74.226706653801784,4.70532133751977],[-74.22670997358324,4.7053241665661174],[-74.226713301413,4.7053270033761905],[-74.226716621194811,4.7053298324226853],[-74.226719945001022,4.7053326648992355],[-74.226723266287962,4.7053354944609165],[-74.226726590995568,4.7053383269372775],[-74.22672991167596,4.705341155078945],[-74.22673324040953,4.7053439909845478],[-74.226736557061372,4.705346814791584],[-74.226739883279677,4.7053496468822518],[-74.226743204859645,4.7053524741200077],[-74.226746523919147,4.7053552975432371],[-74.226749854459527,4.7053581316394268],[-74.226753172906541,4.705360953639282],[-74.226756496899597,4.7053637795913712],[-74.22675982027657,4.7053666041164828],[-74.226763145170011,4.7053694291650583],[-74.226766466928879,4.7053722498823864],[-74.226769792105401,4.7053750726000985],[-74.22677311880193,4.7053778958436432],[-74.226776444877018,4.7053807176566114],[-74.226779761870773,4.7053835284349752],[-74.226783093792349,4.7053863518704837],[-74.226786421663817,4.7053891709703421],[-74.226789744500721,4.705391983378167],[-74.226793078222357,4.7053948050026806],[-74.226796398808574,4.7053976121824936],[-74.226799726227568,4.7054004233400253],[-74.226803059235522,4.7054032384602635],[-74.226806296242501,4.7054059708792337],[-74.226951986375283,4.7055271549272231],[-74.227099358154717,4.7056462788400122],[-74.227102680940177,4.7056489260255567],[-74.22710608568255,4.7056516359820666],[-74.22710949557964,4.7056543484257576],[-74.227112908848497,4.7056570626498706],[-74.227116317166789,4.7056597706034848],[-74.227119732235863,4.7056624830208262],[-74.227123144827843,4.7056651918528845],[-74.227126558321032,4.7056678997841095],[-74.227129972713428,4.7056706068127818],[-74.227133390477263,4.7056733156126613],[-74.227136805767245,4.7056760208355186],[-74.227140226228272,4.7056787294422557],[-74.227143645789468,4.7056814364331077],[-74.227147062879283,4.7056841398520728],[-74.2271504833395,4.7056868450357365],[-74.227153905602719,4.7056895509331644],[-74.227157326961063,4.7056922552118712],[-74.22716075012616,4.7056949602068912],[-74.227164172384079,4.7056976635818426],[-74.227167598918598,4.705700370335606],[-74.227171018705477,4.7057030701444029],[-74.227174446142598,4.7057057759947565],[-74.22717786929698,4.705708477560214],[-74.227181298546185,4.7057111841290657],[-74.227184718319265,4.7057138814126223],[-74.227188150938872,4.7057165897356779],[-74.227191574993682,4.7057192903980898],[-74.227195007611698,4.7057219987197598],[-74.227198429199319,4.7057246967253539],[-74.227201860904572,4.7057274034219283],[-74.227205286774819,4.7057301048058777],[-74.228417584461425,4.7066861671777094],[-74.228421014328958,4.7066888724114087],[-74.22842444020813,4.7066915737886026],[-74.228427871921681,4.7066942804779144],[-74.228431300267644,4.7066969845114448],[-74.228434732895138,4.7066996928266454],[-74.228438161241584,4.706702397764615],[-74.228441585305589,4.7067050984201435],[-74.2284450222121,4.7067078110160256],[-74.228448448747059,4.7067105152357804],[-74.228451880471283,4.7067132244555463],[-74.228455307916889,4.7067159302980714],[-74.228458742106227,4.7067186430822003],[-74.228462172927863,4.7067213541125783],[-74.228465595195502,4.7067240574804732],[-74.228469032756095,4.7067267754542756],[-74.228472458401924,4.7067294840116807],[-74.228475890785617,4.7067321995153568],[-74.228479317997525,4.7067349116427328],[-74.228482746109535,4.7067376253875572],[-74.228486176688321,4.7067403427051913],[-74.228489603896705,4.7067430582596907],[-74.228493029307032,4.7067457731047382],[-74.228496462343301,4.7067484965213495],[-74.228499883484432,4.706751210505951],[-74.228503318082673,4.7067539384119916],[-74.228506741681812,4.706756658493914],[-74.228510163490029,4.7067593778700934],[-74.228513592906808,4.7067621058225475],[-74.228517014696251,4.7067648286167696],[-74.228520441426426,4.7067675576856978],[-74.228523983811087,4.7067703805473489],[-74.228703593528593,4.706916212703538],[-74.228707076522255,4.7069190937029628],[-74.228710450917447,4.7069218872734542],[-74.228713818510982,4.7069246761215107],[-74.228717192717852,4.7069274730062007],[-74.228720557791917,4.706930263072798],[-74.228723930189815,4.7069330617722445],[-74.228727297573997,4.7069358579695306],[-74.228730657440792,4.7069386479263331],[-74.228734030528287,4.7069414521742416],[-74.228737388596883,4.7069442439433589],[-74.228740753270444,4.7069470428591131],[-74.228744118641373,4.7069498441671787],[-74.228747474206529,4.7069526371615265],[-74.228750841174957,4.7069554422105195],[-74.228754196538148,4.7069582375954369],[-74.228757558502579,4.7069610401369548],[-74.228760919565786,4.7069638435866255],[-74.228764273125023,4.7069666407790054],[-74.228767630778876,4.7069694422913617],[-74.228770986843685,4.7069722432310144],[-74.228774339500873,4.7069750413270874],[-74.228777696251726,4.7069778437442293],[-74.22878105550754,4.7069806499119222],[-74.228784403172043,4.7069834454950028],[-74.228787759020364,4.706986248817449],[-74.228791110776939,4.7069890487223383],[-74.228794469129753,4.7069918557964971],[-74.228797815895177,4.7069946522836394],[-74.228801168334059,4.7069974536626837],[-74.228804522597343,4.707000257320014],[-74.228807873452809,4.7070030581292475],[-74.229054481808674,4.7072091698823391],[-74.229057833617603,4.7072119714854885],[-74.229061177876119,4.7072147651218845],[-74.229064536231959,4.7072175721954297],[-74.229067887090707,4.7072203730043354],[-74.229071231348854,4.707223166640242],[-74.229074585615294,4.707225969391903],[-74.229077933965456,4.70722876644757],[-74.229081281631053,4.7072315620279621],[-74.229084634976203,4.7072343625032165],[-74.229087979447016,4.7072371537610609],[-74.229091336201989,4.7072399561779736],[-74.229094680670329,4.7072427465317839],[-74.229098028317935,4.7072455380373661],[-74.229101385286484,4.7072483380690997],[-74.229104732242192,4.7072511280952574],[-74.229108080098683,4.7072539172202204],[-74.229111435463494,4.707256712602307],[-74.229114780112624,4.7072594965020533],[-74.229118133875332,4.7072622872418064],[-74.229121484429797,4.7072650736596939],[-74.229124838390277,4.7072678620083952],[-74.229128189842726,4.7072706466207581],[-74.229131542196228,4.7072734303321351],[-74.229134895449008,4.707276213141097],[-74.229138245484037,4.7072789907295416],[-74.229141607157985,4.7072817779724376],[-74.229144955581404,4.7072845509330135],[-74.229148312435569,4.7072873292338686],[-74.229151670185317,4.7072901066293094],[-74.229155028835464,4.7072928831233574],[-74.229158250463485,4.7072955438994191],[-74.229334190664702,4.7074378197168034],[-74.229337477817836,4.7074404218675516],[-74.229340894923851,4.7074431252744926],[-74.22934431293146,4.707445827780929],[-74.229347727560437,4.7074485251009337],[-74.22935114736778,4.7074512249013054],[-74.229354561321017,4.7074539168572835],[-74.229357990581079,4.7074566208901159],[-74.229361408797175,4.7074593136996441],[-74.229364834668814,4.7074620116409092],[-74.229368255602978,4.7074647033739394],[-74.229371683272475,4.707467399506668],[-74.229375106007666,4.7074700894399353],[-74.22937853547603,4.7074727837649837],[-74.229381969236158,4.7074754814622777],[-74.229385391936574,4.7074781679583593],[-74.229388824137999,4.7074808612089498],[-74.229392255400569,4.707483552819399],[-74.22939568419892,4.7074862408879063],[-74.229399118201741,4.7074889323317475],[-74.229402551263121,4.7074916221344569],[-74.229405988628244,4.7074943153097148],[-74.229409421687421,4.7074970042076085],[-74.229412856591253,4.7074996938450537],[-74.229416288089169,4.7075023792075648],[-74.229419729717279,4.7075050732051915],[-74.229423165522562,4.7075077619398016],[-74.229426600380947,4.7075104490301198],[-74.229430043856098,4.7075131437666444],[-74.229433478714867,4.7075158308572282],[-74.229436917881785,4.7075185213185655],[-74.229440354588846,4.7075212091505909],[-74.233699892693622,4.7108531279657164],[-74.233703333007114,4.710855819276186],[-74.233706769746291,4.7108585070854643],[-74.233710212306761,4.7108612001532837],[-74.233713651506235,4.7108638905921101],[-74.233717090705952,4.710866581031155],[-74.233720534213049,4.7108692757444208],[-74.233723969104346,4.7108719628123614],[-74.233727412612126,4.7108746575261042],[-74.233730851812311,4.7108773488694453],[-74.233734293472025,4.7108800428433728],[-74.233737731770688,4.7108827341867219],[-74.233741174375112,4.7108854298050371],[-74.233744612674272,4.710888122052892],[-74.233748050972935,4.7108908143002495],[-74.233751491732278,4.7108935091806501],[-74.233754933434341,4.7108962057044659],[-74.233758375134613,4.7108989031320059],[-74.233761810691661,4.7109015955479192],[-74.233765251490354,4.7109042929763421],[-74.23376869228828,4.7109069913094075],[-74.233772131247207,4.7109096889082247],[-74.23377557114199,4.7109123881462063],[-74.233779006738118,4.7109150840115879],[-74.233782449092729,4.7109177867936607],[-74.233785883788556,4.7109204835640863],[-74.233789325241005,4.7109231872533481],[-74.233792761499302,4.7109258875723707],[-74.233796198685582,4.7109285895256567],[-74.233799635870199,4.7109312923828339],[-74.233803075516875,4.710933998791532],[-74.23380657872876,4.7109367552168901],[-74.233986316388894,4.711079756798803],[-74.234164563469989,4.7112246199837866],[-74.234168005735498,4.7112274476320586],[-74.234171386703068,4.7112302265737336],[-74.234174764273291,4.7112330036295056],[-74.234178137697441,4.7112357772767917],[-74.234181520256797,4.7112385608256524],[-74.234184893525722,4.7112413368953705],[-74.23418826854612,4.7112441151488635],[-74.234191646804589,4.7112468977163147],[-74.23419502166486,4.7112496783913089],[-74.234198390745959,4.7112524541438354],[-74.23420176883829,4.7112552391310381],[-74.234205138659931,4.7112580173019136],[-74.234208510978235,4.7112607982746999],[-74.234211884031154,4.7112635807582919],[-74.234215252950534,4.7112663598326616],[-74.234218628499946,4.7112691460258631],[-74.234221996518897,4.7112719260051898],[-74.234225364536584,4.7112747059834446],[-74.23422873255447,4.7112774859618147],[-74.234232107201521,4.711280273062064],[-74.234235474319519,4.7112830539458646],[-74.234238845565159,4.7112858391433763],[-74.234242208552587,4.7112886166151267],[-74.23424558229793,4.7112914046229593],[-74.234248948514633,4.7112941864109965],[-74.234252312230339,4.7112969653875565],[-74.23425568184733,4.711299749985125],[-74.234259052190168,4.7113025360875076],[-74.234262414278859,4.7113053144635275],[-74.234265780495022,4.7113080962509546],[-74.23426915083752,4.7113108823528798],[-74.234684494245613,4.7116541666633962],[-74.23468785856133,4.7116569468752543],[-74.234691224780619,4.7116597286602744],[-74.234694595126626,4.7116625147602171],[-74.2346979572187,4.7116652931339011],[-74.234701323438372,4.7116680749191397],[-74.23470469378455,4.7116708610190097],[-74.234708053375741,4.7116736365812724],[-74.234711422997677,4.7116764211776445],[-74.234714785087533,4.7116791986462667],[-74.234718152936225,4.7116819810322621],[-74.234721515927262,4.7116847585013657],[-74.234724887176981,4.7116875436964731],[-74.234728250168871,4.7116903211663423],[-74.234731617289697,4.7116931020466577],[-74.234734977778558,4.7116958758028877],[-74.234738352430725,4.7116986629013358],[-74.234741712920894,4.7117014366584904],[-74.234745074310723,4.7117042095135364],[-74.234748449865634,4.7117069957050308],[-74.234751811255919,4.7117097685604614],[-74.234755176044828,4.7117125433175389],[-74.234758549102509,4.7117153257986972],[-74.234761911391558,4.7117180977511781],[-74.234765277080243,4.7117208716046282],[-74.234768646904413,4.7117236488667631],[-74.234772014230401,4.7117264233274945],[-74.234775380817155,4.7117291962757228],[-74.234778751542862,4.7117319726336762],[-74.234782115629017,4.7117347418778524],[-74.234785487256858,4.7117375173320237],[-74.234788753420062,4.7117402043736583],[-74.235141213796936,4.7120256900635207],[-74.235144528362483,4.7120283330641151],[-74.235147938997684,4.712031051766167],[-74.235151349630925,4.7120337695634875],[-74.23515476203788,4.7120364880566585],[-74.235158173570824,4.7120392049502771],[-74.235161589353922,4.71204192522924],[-74.235164998409402,4.7120446385299868],[-74.235168415094776,4.71204735790527],[-74.2351718250505,4.7120500703043673],[-74.235175242636416,4.7120527887745087],[-74.23517866022172,4.7120555072441466],[-74.235182077806627,4.7120582257134895],[-74.235185488662438,4.7120609372106994],[-74.235188902892531,4.71206365048854],[-74.23519232563541,4.7120663714366469],[-74.235195737391692,4.7120690820323317],[-74.235199159252275,4.7120718013742069],[-74.235202571006269,4.7120745110658415],[-74.235205994653114,4.7120772311095411],[-74.235209409781874,4.7120799434826575],[-74.235212829169797,4.7120826592390479],[-74.235216246085002,4.7120853723158245],[-74.23521966211301,4.7120880837848631],[-74.235223089132916,4.7120908056008721],[-74.235226501787878,4.7120935143912055],[-74.235229922077878,4.7120962292436275],[-74.235233342366229,4.7120989440946675],[-74.235236762655077,4.7121016589461266],[-74.235240182943755,4.7121043737973904],[-74.235243603232391,4.7121070886486143],[-74.235247023521012,4.7121098034997893],[-74.236721482668841,4.7132801011451466],[-74.236724903509185,4.713282816417478],[-74.236728323809288,4.7132855312609143],[-74.236731744109363,4.7132882461042938],[-74.236735164409623,4.7132909609478144],[-74.236738582238374,4.713293673114185],[-74.236742005910983,4.7132963906339986],[-74.236745426211456,4.713299105477561],[-74.236748846511745,4.7133018203209298],[-74.236752269283542,4.7133045378419665],[-74.23675569047154,4.7133072542942269],[-74.236759106511144,4.7133099657549975],[-74.236762526811916,4.7133126805985732],[-74.236765951372419,4.7133153997279837],[-74.236769369884755,4.7133181138673184],[-74.236772791072568,4.7133208303192236],[-74.236776213844777,4.7133235487454161],[-74.236779630772503,4.7133262618143403],[-74.236783053544684,4.7133289802404077],[-74.236786472944502,4.7133316959883569],[-74.23678989234385,4.7133344117359455],[-74.236793316001553,4.713337131770146],[-74.236796731142789,4.7133398441352021],[-74.236800154800889,4.7133425641697366],[-74.236803576673083,4.7133452835025587],[-74.236806992699329,4.7133479974738348],[-74.236810414571352,4.7133507168064677],[-74.236813830597342,4.7133534307774481],[-74.236817256725686,4.7133561543971538],[-74.236820670968243,4.713358867666364],[-74.236824096195718,4.7133615912881623],[-74.236827550381122,4.7133643372133394],[-74.237182503617078,4.7136482364707915],[-74.237185943847308,4.7136510044564961],[-74.237189346129227,4.7136537419091695],[-74.237192748411317,4.7136564793619362],[-74.237196154909043,4.7136592211112971],[-74.237199559673343,4.7136619621919742],[-74.237202958572425,4.7136646978255898],[-74.237206363336639,4.7136674389061284],[-74.237209768931919,4.7136701815608131],[-74.237213166098741,4.7136729165245814],[-74.237216571694262,4.7136756591793638],[-74.23721997555819,4.7136784011665709],[-74.237223369340356,4.7136811334041555],[-74.237226781628664,4.7136838830807939],[-74.237230175416045,4.7136866162246109],[-74.237233579280854,4.7136893582122763],[-74.237236979761335,4.7136920974741603],[-74.237240381971588,4.7136948383072284],[-74.237243785835361,4.71369758119907],[-74.237247182103332,4.7137003170668867],[-74.237250586795795,4.7137030606262114],[-74.237253989759296,4.7137058035197192],[-74.237257386855575,4.7137085409580468],[-74.237260787336425,4.7137112811240724],[-74.237264187816848,4.7137140212896833],[-74.237267588297328,4.7137167614552871],[-74.237270991260942,4.7137195043487248],[-74.237274388356909,4.7137222417865905],[-74.237277791320722,4.7137249846800628],[-74.237281192628032,4.7137277264161854],[-74.237284588897609,4.7137304631877761],[-74.237287991861891,4.7137332060815913],[-74.237640780019802,4.7140175404973483],[-74.237644178173824,4.7140202787838028],[-74.237647581140166,4.7140230216750991],[-74.237650982450333,4.7140257634092553],[-74.237654381206198,4.7140285029069728],[-74.237657778305547,4.7140312403432105],[-74.237661178789054,4.7140339805067013],[-74.237664581755595,4.7140367233979132],[-74.237667978855114,4.7140394608342167],[-74.237671379339005,4.7140422009978913],[-74.237674779822868,4.7140449411616077],[-74.237678180306403,4.7140476813249377],[-74.237681580790365,4.7140504214886496],[-74.237684977061264,4.7140531573537272],[-74.237688381757252,4.7140559009109273],[-74.237691778028776,4.7140586367764135],[-74.237695182724948,4.7140613803336455],[-74.237698578996358,4.7140641161989691],[-74.237701976997883,4.7140668527326444],[-74.237705380865506,4.7140695947172633],[-74.237708778866647,4.7140723312505219],[-74.237712180252089,4.7140750705096162],[-74.2377155841194,4.7140778124937706],[-74.237718977905686,4.7140805447289811],[-74.237722383505997,4.7140832873818219],[-74.237725780676826,4.7140860223429994],[-74.237729179580214,4.7140887579739843],[-74.237732584348578,4.7140914990518263],[-74.237735983251866,4.7140942346826931],[-74.23773938132237,4.7140969687401002],[-74.237742790305603,4.7140997132096674],[-74.237746147064883,4.7141024133094938],[-74.238100183570964,4.7143856147128735],[-74.238103565117697,4.7143883044832018],[-74.23810697846929,4.7143910186483726],[-74.238110393604117,4.7143937335154051],[-74.238113812113184,4.7143964510651024],[-74.23811723062208,4.7143991686147109],[-74.238120649130906,4.7144018861641763],[-74.23812406338206,4.7144045994253423],[-74.238127481891411,4.7144073160710445],[-74.238130904656501,4.7144100370033195],[-74.238134316435463,4.7144127475837072],[-74.238137731587571,4.7144154599421118],[-74.238141157727455,4.7144181826496787],[-74.238144573765268,4.7144208966149241],[-74.238147988916154,4.7144236089722247],[-74.238151412585154,4.7144263289999779],[-74.238154827736622,4.7144290413576808],[-74.23815824714687,4.7144317570982741],[-74.238161664085382,4.7144344701601302],[-74.238165086868065,4.7144371885786924],[-74.238168506278711,4.7144399043195158],[-74.238171923216669,4.7144426173807457],[-74.238175345999835,4.7144453357995646],[-74.238178758676824,4.7144480445739294],[-74.238182185720532,4.7144507663751014],[-74.23818559839826,4.7144534751498757],[-74.238189025442253,4.7144561969512022],[-74.238192442381646,4.7144589100133327],[-74.238195858432604,4.7144616214667305],[-74.238199283004747,4.7144643405890339],[-74.23820270152811,4.7144670547208127],[-74.23820611846628,4.7144697668785644],[-74.249963620109327,4.7238040170330793],[-74.249967041908263,4.7238067338199041],[-74.249970458049702,4.7238094452112991],[-74.249973885183337,4.7238121669492541],[-74.249977297952285,4.7238148756626481],[-74.249980718355616,4.7238175904371378],[-74.249984143018295,4.7238203094969107],[-74.249987559160331,4.7238230208886423],[-74.249990979562583,4.7238257356621558],[-74.249994399965459,4.7238284504361712],[-74.249997816104852,4.7238311609226216],[-74.250001238298765,4.7238338764022609],[-74.25000465781126,4.7238365895655239],[-74.250008080004889,4.7238393050448844],[-74.250011497045719,4.723842015531929],[-74.250014918349891,4.7238447294013088],[-74.250018335388759,4.7238474389837037],[-74.250021756692732,4.7238501519486809],[-74.250025179790015,4.7238528665249255],[-74.250028593462901,4.7238555718213711],[-74.250032019934906,4.7238582881679338],[-74.250035437873919,4.7238609968468337],[-74.250038857608558,4.7238637062351119],[-74.250042280715022,4.7238664182951258],[-74.250045699552956,4.7238691260697028],[-74.250049122659334,4.7238718372255004],[-74.250052539024779,4.7238745414258556],[-74.25005596303312,4.7238772516776191],[-74.250059387040281,4.7238799619284739],[-74.25006280430587,4.7238826652270278],[-74.250066229215349,4.7238853745741851],[-74.250069562927422,4.7238880108971237],[-74.250426419477861,4.724166403147672],[-74.250429792227393,4.7241689984901001],[-74.250433248817743,4.7241716574446091],[-74.250436709771932,4.7241743197565844],[-74.250440166360619,4.7241769778067724],[-74.250443629233672,4.7241796409009584],[-74.250447079909392,4.7241822921174794],[-74.250450549478714,4.7241849594533738],[-74.250454004522169,4.7241876140282191],[-74.250457462911413,4.7241902702719587],[-74.250460923223059,4.7241929273005265],[-74.250464389324506,4.7241955894678345],[-74.250467849636152,4.7241982464963357],[-74.250471308923309,4.7242009018348519],[-74.250474770137032,4.7242035579609958],[-74.25047823713922,4.7242062192217764],[-74.250481698352615,4.7242088753475597],[-74.250485158539419,4.7242115297823393],[-74.250488623098335,4.7242141875716737],[-74.250492087656596,4.7242168453604343],[-74.250495547841126,4.7242194988902986],[-74.250499014330117,4.7242221574682182],[-74.250502477859712,4.7242248135638363],[-74.250505939974275,4.7242274678830984],[-74.25050940980735,4.7242301290250488],[-74.250512866517525,4.7242327782971554],[-74.2505163363533,4.724235438535775],[-74.250519801813425,4.7242380954202696],[-74.250523267273294,4.7242407523045387],[-74.25052673273261,4.7242434091882712],[-74.250530193817312,4.7242460618145428],[-74.250533663651794,4.7242487220520468],[-74.25091701687542,4.7245425803335195],[-74.250920484486031,4.7245452388621372],[-74.250923945573362,4.7245478914860621],[-74.250927415411084,4.7245505517216912],[-74.250930880873881,4.7245532086035551],[-74.250934346337189,4.7245558654859172],[-74.250937807424378,4.7245585181095899],[-74.250941277261845,4.7245611783447181],[-74.250944742725608,4.7245638352273502],[-74.250948212561127,4.7245664963662302],[-74.250951676094658,4.7245691524598969],[-74.25095513821303,4.7245718067771953],[-74.250958610491125,4.7245744704810662],[-74.250962075054474,4.7245771282685256],[-74.250965539616601,4.7245797860550374],[-74.250969004178174,4.7245824438409647],[-74.250972473111446,4.7245851058852866],[-74.250975933302144,4.7245877603175428],[-74.25097940467866,4.7245904249290493],[-74.250982872710452,4.7245930878795992],[-74.250986332001432,4.7245957432153185],[-74.250989800032457,4.7245984061651543],[-74.250993266138266,4.7246010683298891],[-74.250996733265865,4.724603732184427],[-74.251000196026709,4.7246063926844002],[-74.251003658786956,4.7246090531839569],[-74.251007128356719,4.7246117205139431],[-74.25101059021749,4.7246143819191886],[-74.251014052076457,4.7246170433229695],[-74.251017520744497,4.724619711560476],[-74.251020986066578,4.7246223781306256],[-74.251024533071558,4.7246251066291842],[-74.251386573188825,4.7249075421179114],[-74.251390085017178,4.7249103192816335],[-74.251393514208402,4.7249130320004529],[-74.251396939127147,4.7249157413398937],[-74.251400370784992,4.7249184576296503],[-74.251403794803565,4.7249211678742524],[-74.251407223090297,4.7249238824019812],[-74.251410649577878,4.7249265962200218],[-74.25141407269416,4.7249293073681189],[-74.251417495810884,4.7249320185166237],[-74.251420923194473,4.7249347339491106],[-74.251424353046545,4.7249374529581623],[-74.251427770997296,4.7249401616306947],[-74.251431197478396,4.724942877968572],[-74.251434622164979,4.7249455935994993],[-74.251438041008811,4.7249483038831519],[-74.251441469957911,4.7249510237986287],[-74.251444891274119,4.7249537376613207],[-74.251448312588494,4.7249564515225533],[-74.251451736374548,4.7249591680599536],[-74.25145515857912,4.7249618835315559],[-74.251458578102628,4.7249645966870659],[-74.251462000307413,4.7249673121587525],[-74.25146542409324,4.7249700296008204],[-74.251468844507144,4.7249727443668528],[-74.251472264920864,4.724975459132704],[-74.251475685334569,4.7249781738985108],[-74.251479112479387,4.7249808956283159],[-74.251482525259505,4.7249836043335192],[-74.25148594567473,4.7249863191004771],[-74.251489370348551,4.724989038152021],[-74.251492786502055,4.7249917495357998],[-74.252512984453247,4.7258016552587954],[-74.252516408741798,4.7258043747094458],[-74.252519821528864,4.7258070834083323],[-74.252523246212675,4.7258098024560926],[-74.252526669106302,4.7258125207991766],[-74.252530081893525,4.7258152294980729],[-74.25253350904795,4.7258179512234504],[-74.252536932828306,4.7258206711756658],[-74.252540348090562,4.7258233834578753],[-74.252543774341689,4.7258261060895643],[-74.252547197219357,4.7258288269469633],[-74.252550611582294,4.725831540133008],[-74.252554034459038,4.7258342609896005],[-74.252557459806482,4.7258369854334212],[-74.252560877526676,4.7258397038123769],[-74.252564301971489,4.7258424291630812],[-74.252567718790374,4.7258451484463695],[-74.252571142332698,4.7258478747039527],[-74.252574562500442,4.7258505991807862],[-74.252577985139283,4.7258533272507748],[-74.252581400156416,4.7258560492474944],[-74.252584821892412,4.7258587782241692],[-74.252588242727512,4.725861508109177],[-74.252591655942851,4.7258642319152644],[-74.252595082587362,4.7258669696924605],[-74.252598498243415,4.7258696996022156],[-74.252601913892846,4.7258724304118607],[-74.252605330258589,4.7258751632378528],[-74.252608750813664,4.7258779019502368],[-74.252612163757107,4.7258806354772949],[-74.25261557917382,4.7258833726138763],[-74.252619114881071,4.7258862095239786],[-74.252796878002997,4.7260314147885634],[-74.252800349970826,4.7260343026703486],[-74.252803718030378,4.7260371066868601],[-74.252807081087155,4.7260399081992848],[-74.252810443239511,4.7260427106171861],[-74.252813804489705,4.7260455139424931],[-74.252817158235487,4.7260483110108682],[-74.252820525179089,4.726051122405841],[-74.252823881218973,4.7260539256082899],[-74.252827239758616,4.7260567325582716],[-74.252830594890312,4.7260595375664884],[-74.252833955032742,4.7260623491800189],[-74.252837304274308,4.7260651516760461],[-74.252840660106415,4.7260679613471179],[-74.252844012529053,4.7260707690701018],[-74.25284736337656,4.7260735762299184],[-74.252850718974173,4.7260763891798989],[-74.252854064842353,4.7260791938276787],[-74.252857419534919,4.726082007682832],[-74.252860768582366,4.7260848175618513],[-74.252864114217559,4.7260876245782226],[-74.25286746643792,4.726090438782057],[-74.25287081117331,4.7260932467040391],[-74.252874155907222,4.7260960546246711],[-74.252877507225122,4.7260988697355435],[-74.2528808485486,4.7261016756959195],[-74.252884199865036,4.726104491711558],[-74.252887539626698,4.7261072971163705],[-74.25289088753226,4.7261101102671512],[-74.252894233876461,4.7261129228645098],[-74.252897574297819,4.7261157297266356],[-74.252900920642134,4.7261185423240457],[-74.253077579178282,4.7262669987548351],[-74.253080921711657,4.7262698073897829],[-74.253084268056995,4.7262726199858278],[-74.253087608479845,4.7262754268469784],[-74.253090948241919,4.7262782322496397],[-74.253094296149399,4.7262810453997295],[-74.253097635911416,4.7262838508022273],[-74.253100983818953,4.7262866639521901],[-74.253104316993742,4.726289462161791],[-74.253107668316517,4.7262922772739708],[-74.253111005566367,4.726295078907115],[-74.253114347793158,4.7262978839636345],[-74.253117693431122,4.7263006918835],[-74.253121030912311,4.7263034911514223],[-74.253124380628606,4.7263063015882389],[-74.253127719677181,4.7263091014165948],[-74.253131059626128,4.7263119003433953],[-74.253134407067265,4.7263147055506334],[-74.253137750424287,4.7263175064316476],[-74.253141091270464,4.7263203035522423],[-74.253144437103444,4.7263231040953038],[-74.253147782259674,4.7263259031686671],[-74.253151124905273,4.726328698485073],[-74.253154468450845,4.7263314928996172],[-74.25315781289703,4.7263342864129179],[-74.253161164843419,4.7263370861927294],[-74.253164506091096,4.7263398744793035],[-74.253167856433663,4.7263426696079467],[-74.253171199477279,4.7263454560915328],[-74.253174550028547,4.7263482479337444],[-74.253177895561265,4.7263510331919374],[-74.253181128794154,4.7263537233655288],[-74.253368164674569,4.7265065038531571],[-74.253371453220311,4.7265091408780417],[-74.253374849191658,4.7265118615186443],[-74.25337825452911,4.7265145889452302],[-74.253381652296909,4.7265173077833813],[-74.253385055200937,4.7265200291120184],[-74.25338846571897,4.7265227565314039],[-74.253391865279127,4.7265254726628045],[-74.253395267503151,4.7265281885856716],[-74.253398683202377,4.7265309159894722],[-74.253402082076903,4.7265336267183162],[-74.253405496203712,4.7265363496186907],[-74.253408903602164,4.7265390655314965],[-74.253412314377101,4.7265417832337606],[-74.253415726924857,4.7265445016310066],[-74.253419136123824,4.7265472157404922],[-74.253422548697316,4.7265499316346196],[-74.253425961268505,4.7265526466239036],[-74.253429375619518,4.7265553623127667],[-74.253432793345581,4.7265580806863614],[-74.253436204341597,4.7265607920875334],[-74.253439622970049,4.726563509557538],[-74.253443037339295,4.7265662227382927],[-74.253446453493964,4.7265689366221739],[-74.253449868762914,4.7265716488991893],[-74.253453292549622,4.7265743688458626],[-74.253456707819041,4.7265770811231791],[-74.253460127347651,4.7265797967835654],[-74.253463540141411,4.7265825054768573],[-74.25346696730324,4.7265852271973303],[-74.253470380099003,4.7265879358922147],[-74.253473804789564,4.7265906549342986],[-74.260063269033608,4.7318217342252327],[-74.260066689123448,4.7318244493514987],[-74.260070110491029,4.7318271656804161],[-74.260073526710357,4.7318298770185185],[-74.26007695145114,4.7318325960248933],[-74.260080367670824,4.7318353073630943],[-74.260083788151547,4.7318380220837328],[-74.260087208631646,4.7318407368037256],[-74.260090624849369,4.7318434472373596],[-74.260094047120731,4.7318461626631123],[-74.260097464239578,4.7318488730971078],[-74.260100885621554,4.7318515869130984],[-74.260104307002933,4.7318543007285365],[-74.260107724119806,4.731857010257813],[-74.260111143030358,4.7318597204952493],[-74.260114561046905,4.7318624291207678],[-74.260117983329877,4.7318651411277699],[-74.260121403141966,4.7318678504625504],[-74.260124822057563,4.7318705581837621],[-74.260128245242001,4.7318732692864307],[-74.260131661684611,4.7318759734331088],[-74.260135083301904,4.7318786809642122],[-74.260138506485745,4.7318813895445055],[-74.260141925631785,4.7318840935044468],[-74.260145345440307,4.7318867968953686],[-74.260148769764555,4.7318895033355401],[-74.260152190469,4.7318922058201407],[-74.260155611419563,4.7318949070766614],[-74.260159034831119,4.7318976093742942],[-74.260162458240274,4.7319003107669237],[-74.260165883462591,4.7319030128797621],[-74.260169203145651,4.7319056292912114],[-74.260396774324107,4.7320822649947853],[-74.260626837950767,4.7322554118638793],[-74.260859441889195,4.7324251082469013],[-74.261094634935375,4.7325913874810581],[-74.261098114427483,4.7325938081864107],[-74.261101695658652,4.7325962990452171],[-74.261105268427045,4.7325987815870061],[-74.261108853809105,4.7326012728976963],[-74.261112432159578,4.7326037577933713],[-74.261116018440632,4.7326062481979649],[-74.261119593002746,4.7326087280343963],[-74.261123180186829,4.7326112166314793],[-74.261126765026361,4.7326137029768161],[-74.261130343727785,4.7326161832591991],[-74.261133929470802,4.7326186677995601],[-74.261137518454277,4.7326211545854981],[-74.261141102744659,4.7326236372159736],[-74.261144684694003,4.7326261166985191],[-74.261148274579668,4.7326286016764216],[-74.261151859767793,4.7326310824989664],[-74.261155447313357,4.7326335643296797],[-74.261159038098839,4.7326360484019894],[-74.261162624186682,4.7326385283208809],[-74.261166214972491,4.7326410114892221],[-74.261169798719919,4.7326434882641708],[-74.261173395105317,4.7326459746797811],[-74.261176982093176,4.7326484536951794],[-74.261180569079997,4.7326509318069929],[-74.261184163129229,4.7326534150796791],[-74.261187753353781,4.7326558954287412],[-74.261191347402757,4.7326583787011947],[-74.261194937627408,4.7326608590501982],[-74.261198526976713,4.7326633381718581],[-74.261202119564445,4.7326658195304958],[-74.261205714488284,4.7326683031256609],[-74.263398602128547,4.7341829576122283],[-74.263402194225364,4.7341854386089919],[-74.263405789164651,4.7341879221920209],[-74.26340937852963,4.734190401301575],[-74.263412971132823,4.734192882647954],[-74.263416559033956,4.7341953598431576],[-74.263420156338057,4.7341978444357018],[-74.263423748941605,4.7342003257822149],[-74.263427336842753,4.7342028029772596],[-74.26343092944623,4.7342052834195423],[-74.263434519712845,4.7342077616260321],[-74.263438115552901,4.7342102443025382],[-74.263441705820085,4.7342127225093682],[-74.263445299324673,4.7342152029510522],[-74.263448888125538,4.7342176792424242],[-74.263452481630097,4.7342201587798964],[-74.263456070429044,4.734222634166886],[-74.263459666302921,4.7342251147165308],[-74.263463258338987,4.7342275923368247],[-74.263466849507807,4.7342300687372472],[-74.263470436871643,4.7342325409898232],[-74.263474034513294,4.7342350209487112],[-74.263477626584574,4.7342374964467817],[-74.263481217183084,4.7342399700266142],[-74.263484807779292,4.7342424427017376],[-74.263488405462695,4.7342449205413786],[-74.263491996960454,4.7342473932172169],[-74.263495588456507,4.7342498649887972],[-74.263499182332311,4.7342523377786057],[-74.263502774727712,4.7342548086464165],[-74.263506371836939,4.7342572827569853],[-74.263509907978687,4.7342597134339615],[-74.263700737769241,4.7343897924614247],[-74.263704298925248,4.7343921990306903],[-74.263707913545943,4.7343946411212583],[-74.263711531379855,4.7343970853830015],[-74.263715137362965,4.7343995192248718],[-74.263718763178787,4.7344019679714258],[-74.263722373932595,4.7344044050357796],[-74.263725985587683,4.7344068411990374],[-74.263729605224555,4.7344092827478477],[-74.263733224859962,4.7344117242956267],[-74.263736839722711,4.734414161720542],[-74.263740454584152,4.7344165982415936],[-74.263744076685853,4.7344190399397634],[-74.263747692447978,4.7344214764608195],[-74.263751305901508,4.7344239099166705],[-74.263754934421357,4.73442635503348],[-74.263758543096387,4.7344287843676769],[-74.26376216931402,4.7344312264203579],[-74.263765790752458,4.7344336652551489],[-74.263769407412155,4.7344360999680175],[-74.263773028850707,4.7344385378986571],[-74.263776647981942,4.7344409736691917],[-74.26378026554201,4.7344434074789907],[-74.263783890186815,4.7344458466626929],[-74.263787514097331,4.7344482856498908],[-74.263791131657385,4.7344507194595948],[-74.263794753996493,4.734453156485035],[-74.263798376335458,4.7344555935103534],[-74.263801996369139,4.734458028378306],[-74.263805617134224,4.7344604634408949],[-74.263809244252812,4.7344629036811021],[-74.263812866592332,4.7344653407066613],[-74.264205002078029,4.7347291145058961],[-74.264208626646209,4.7347315530267382],[-74.26421224898769,4.7347339900494649],[-74.264215866548639,4.734736422952424],[-74.264219491366163,4.7347388610340335],[-74.264223116914224,4.7347413002137797],[-74.264226739255946,4.7347437372365508],[-74.264230361598038,4.7347461742595822],[-74.264233983939917,4.7347486112824253],[-74.264237606281782,4.7347510483052684],[-74.264241233401862,4.7347534894474048],[-74.264244853271521,4.7347559254131744],[-74.264248477185134,4.7347583643977886],[-74.26425210183325,4.73476080448392],[-74.264255720968109,4.7347632402520015],[-74.264259345616367,4.7347656803381453],[-74.264262967057391,4.7347681182653751],[-74.264266593275167,4.734770560313045],[-74.264270214717101,4.7347729991450374],[-74.264273838464689,4.7347754401371969],[-74.264277461473696,4.7347778809289052],[-74.264281080446537,4.7347803187049049],[-74.264284705761384,4.7347827616576383],[-74.264288333382709,4.7347852076786685],[-74.264291950715275,4.7347876461561249],[-74.264295573563714,4.7347900889602634],[-74.264299193202874,4.7347925296006457],[-74.264302817614137,4.7347949743634397],[-74.264306437253921,4.734797415908309],[-74.26431006397199,4.7347998637416966],[-74.264313682711517,4.7348023061916216],[-74.264317385415978,4.734804805313269],[-74.264692921331786,4.7350615881416145],[-74.264696592440799,4.7350641302306471],[-74.264700184688806,4.7350666183363375],[-74.264703778388395,4.7350691083524161],[-74.264707369736897,4.7350715973650876],[-74.264710955502835,4.7350740818842247],[-74.264714551540379,4.7350765750513339],[-74.264718141989761,4.7350790649712167],[-74.264721731542863,4.7350815545486524],[-74.264725321990923,4.7350840453724992],[-74.264728909197146,4.7350865339475945],[-74.264732496403155,4.735089022522498],[-74.264736088295294,4.7350915152530657],[-74.26473967784375,4.7350940069836662],[-74.2647432618068,4.735096494211767],[-74.264746856039338,4.7350989900986393],[-74.264750442345374,4.7351014804827525],[-74.264754028650884,4.7351039708665699],[-74.264757617298727,4.7351064635032989],[-74.2647612003598,4.735108951633797],[-74.264764793690361,4.7351114484277934],[-74.264768376752514,4.7351139374622138],[-74.264771960718079,4.7351164268467913],[-74.264775550804927,4.7351189213879055],[-74.264779140891065,4.7351214168337998],[-74.26478272161394,4.7351239048683977],[-74.264786307018326,4.7351263961563319],[-74.26478989242284,4.735128887444457],[-74.264793482508566,4.7351313828898798],[-74.264797063231072,4.735133870923983],[-74.264800655660665,4.7351363686256276],[-74.264804233138264,4.7351388544039823],[-74.264889143825911,4.7351978681074742],[-74.266447193481042,4.7362807186189491],[-74.266450775836049,4.7362832077705388],[-74.26645436827684,4.7362857054627119],[-74.266457945765978,4.7362881912318011],[-74.26646153118368,4.7362906825116964],[-74.266465121280831,4.7362931779475872],[-74.266468702015416,4.736295665972734],[-74.26647228743208,4.7362981572517384],[-74.266475872848247,4.7363006485302899],[-74.266479455921228,4.7363031375544891],[-74.266483039898333,4.7363056269292239],[-74.266486629997686,4.7363081214611462],[-74.266490208386386,4.7363106063276881],[-74.266493794705255,4.7363130967026761],[-74.266497376337071,4.736315582919306],[-74.266500967339354,4.7363180765458193],[-74.266504546628724,4.7363205605107144],[-74.266508133848532,4.736323049980836],[-74.266511718722839,4.7363255375449],[-74.266515300355408,4.7363280216092409],[-74.266518890817139,4.736330512423863],[-74.266522471004905,4.7363329945833677],[-74.266526059125908,4.7363354822446677],[-74.266529642555142,4.7363379657495752],[-74.26653322833414,4.7363404502588633],[-74.266536817355416,4.7363429370148955],[-74.266540401684225,4.7363454196161001],[-74.266543983670999,4.7363478990686581],[-74.266547573594238,4.7363503840165251],[-74.26655115882059,4.7363528648095938],[-74.266554746403813,4.7363553466104023],[-74.26655827423987,4.7363577861909523],[-74.266747649249041,4.7364875633829762],[-74.266938086259799,4.736615764406368],[-74.266941658425964,4.736618146855176],[-74.266945290698089,4.736620569391512],[-74.26694891816355,4.7366229878184773],[-74.266952543332835,4.7366254032114519],[-74.266956176507307,4.7366278239398225],[-74.266959802576594,4.7366302384307959],[-74.2669634389447,4.7366326603817503],[-74.266967069824474,4.7366350780771551],[-74.266970696794544,4.7366374916664711],[-74.266974326958774,4.7366399064795077],[-74.266977961934217,4.7366423244935323],[-74.266981596909247,4.7366447425072975],[-74.266985224778011,4.7366471542915241],[-74.266988862946548,4.7366495735243399],[-74.266992490813976,4.7366519844054737],[-74.266996129215983,4.7366544025937909],[-74.266999763468931,4.7366568177199246],[-74.267003392236433,4.7366592276989916],[-74.267007033831575,4.7366616471036584],[-74.267010665792185,4.7366640592043874],[-74.267014302569933,4.7366664745048421],[-74.267017934528141,4.7366688857009507],[-74.267021576123724,4.7366713042004376],[-74.267025205792578,4.736673713278166],[-74.267028845761232,4.7366761297925013],[-74.267032480249782,4.7366785420705506],[-74.267036117928072,4.7366809564658716],[-74.267039755606476,4.7366833708611962],[-74.267043395574248,4.7366857873748005],[-74.267047030062329,4.7366881996523587],[-74.267050662920497,4.7366906099447554],[-74.267448685010578,4.7369547677599568],[-74.267452323504216,4.7369571826922501],[-74.267455958654438,4.7369595950998331],[-74.267459597965299,4.7369620105743504],[-74.267463235647014,4.7369644249676925],[-74.267466873327947,4.7369668393603632],[-74.26747051100989,4.7369692537537231],[-74.267474150980149,4.7369716702646407],[-74.267477785471144,4.7369740825397573],[-74.26748142544163,4.736976499050642],[-74.267485064751597,4.7369789154288817],[-74.267488699903922,4.7369813287412565],[-74.267492339213973,4.7369837451194972],[-74.267495979184375,4.7369861625351355],[-74.267499615965662,4.7369885778331184],[-74.267503252745755,4.7369909931301706],[-74.267506896632085,4.7369934146513657],[-74.267510525404745,4.7369958246287318],[-74.267514169292397,4.7369982461507281],[-74.267517802882978,4.7370006602324963],[-74.267521446768242,4.7370030826589469],[-74.26752507783381,4.7370054956610979],[-74.267528725630427,4.7370079221940395],[-74.267532353506397,4.737010333977473],[-74.267535991678699,4.7370127532072823],[-74.267539631470811,4.737015174419116],[-74.26754327126163,4.7370175965353472],[-74.267546906241591,4.7370200154508684],[-74.267550543512357,4.7370224364909728],[-74.267554177590554,4.7370248554062933],[-74.267557816478288,4.7370272784276768],[-74.267561532978476,4.7370297537432684],[-74.267940167753679,4.7372850888511762],[-74.267943852406248,4.7372876044861441],[-74.267947462389898,4.7372900700468978],[-74.267951067638748,4.7372925323743837],[-74.267954677620907,4.7372949988393112],[-74.26795828287041,4.7372974620713437],[-74.267961890442891,4.7372999275068084],[-74.267965499522589,4.7373023948773003],[-74.267969106195721,4.7373048612197843],[-74.267972707317242,4.737307323149869],[-74.267976318719647,4.7373097936310362],[-74.267979922167967,4.7373122586726639],[-74.267983525614554,4.7373147237130073],[-74.267987133790072,4.7373171928930127],[-74.267990739563501,4.737319661047195],[-74.26799433978303,4.7373221247828941],[-74.26799794555663,4.7373245929371173],[-74.268001548102632,4.7373270588822161],[-74.268005155375192,4.7373295289673587],[-74.268008757921905,4.7373319958170024],[-74.26801236046812,4.7373344626663085],[-74.268015965341007,4.7373369317264933],[-74.268019564658729,4.7373393963646517],[-74.268023174256825,4.737341869565892],[-74.268026771176793,4.7373443331785197],[-74.268030375221059,4.7373468019578011],[-74.268033975368922,4.7373492677817168],[-74.268037581739208,4.7373517387723032],[-74.268041183384952,4.7373542065262777],[-74.268044785030199,4.7373566742798978],[-74.26804838667573,4.7373591420336796],[-74.268051988320821,4.7373616097870688],[-74.270343684140542,4.7389317429133699],[-74.270347286373621,4.7389342110458843],[-74.270350888035139,4.7389366787868319],[-74.270354489696373,4.7389391465275263],[-74.270358091357906,4.7389416142683976],[-74.270361693019382,4.7389440820091613],[-74.270365294680843,4.7389465497499197],[-74.270368896342362,4.7389490174906514],[-74.270372502727554,4.738951489372595],[-74.270376099665242,4.7389539538760586],[-74.270379701327442,4.738956421617166],[-74.270383310039335,4.7389588957120834],[-74.270386903747919,4.7389613580018803],[-74.270390510134902,4.738963829884888],[-74.270394109400684,4.7389662966014292],[-74.270397712557269,4.7389687662706397],[-74.270401316547279,4.7389712371295873],[-74.270404917307758,4.7389737057745416],[-74.270408522790561,4.7389761785617939],[-74.270412118828929,4.7389786439686334],[-74.270415724312173,4.7389811167561051],[-74.270419325073888,4.7389835863058938],[-74.270422921111688,4.7389860517122866],[-74.270426533641768,4.7389885308569628],[-74.270430126454144,4.7389909949529674],[-74.270433734264955,4.7389934708615025],[-74.270437329404515,4.7389959371721746],[-74.270440933985654,4.7389984108652872],[-74.270444538564874,4.7390008854623495],[-74.270448133705898,4.7390033526769697],[-74.270451740614007,4.7390058294920729],[-74.270455389031085,4.7390083348125538],[-74.270831780836048,4.7392687850944144],[-74.2708354120753,4.7392713171236514],[-74.270838996265482,4.7392738169750936],[-74.270842577207219,4.7392763145610592],[-74.270846158148942,4.7392788121470009],[-74.270849743760877,4.7392813138949874],[-74.270853327051043,4.7392838146529757],[-74.270856904743511,4.7392863108755945],[-74.270860492701317,4.7392888157957218],[-74.270864068074218,4.7392913110278725],[-74.270867652783764,4.7392938136812468],[-74.270871232825286,4.7392963130763004],[-74.270874812866225,4.7392988124708664],[-74.270878392907065,4.73930131186534],[-74.27088197996305,4.7393038176926314],[-74.270885552086767,4.7393063115580167],[-74.270889139144302,4.7393088173864362],[-74.270892718285623,4.7393113176864539],[-74.270896295075786,4.7393138157142758],[-74.270899877466363,4.7393163182836702],[-74.270903456607115,4.7393188185831967],[-74.27090704041197,4.7393213230455471],[-74.270910614886844,4.7393238200849082],[-74.270914194027284,4.7393263203840492],[-74.270917780181861,4.7393288271188165],[-74.27092135607181,4.7393313260501557],[-74.270924930546514,4.7393338230892716],[-74.270928514352107,4.7393363275518778],[-74.270932095843108,4.739338831028042],[-74.270935667065331,4.7393413257937897],[-74.270939253221371,4.7393438325293609],[-74.270942829111405,4.7393463314605455],[-74.271384719037073,4.7396551409890799],[-74.271388300328667,4.7396576443211558],[-74.271391871554172,4.739660139084438],[-74.27139545536393,4.7396626435450981],[-74.271399036858114,4.7396651470185995],[-74.271402612750464,4.7396676459465912],[-74.271406187228621,4.739670142983087],[-74.271409771037511,4.73967264744297],[-74.271413347866542,4.7396751467518055],[-74.271416928424188,4.7396776489401393],[-74.271420502902131,4.739680145976263],[-74.271424086711448,4.7396826504363352],[-74.27142766118962,4.7396851474725192],[-74.271431240334365,4.7396876477693279],[-74.271434817128167,4.7396901457940057],[-74.271438399522808,4.7396926483607027],[-74.271441973999046,4.7396951444924733],[-74.271445555461057,4.7396976457776034],[-74.271449137855541,4.7397001483440517],[-74.271452709981659,4.7397026422051969],[-74.27145629002807,4.7397051415974296],[-74.271459870073272,4.7397076409888621],[-74.271463450118333,4.7397101403801889],[-74.271467025493948,4.7397126356079147],[-74.271470610207899,4.7397151382581271],[-74.271474183234687,4.7397176312175295],[-74.271477766530438,4.7397201319728177],[-74.271481339555677,4.739722624028996],[-74.271484925173112,4.7397251257741404],[-74.271488501448957,4.7397276200984351],[-74.271492082395653,4.7397301176810993],[-74.271495611608813,4.7397325785614761],[-74.271871799261774,4.7399928869125807],[-74.271875348762208,4.739995324293699],[-74.271878945401397,4.7399977934252515],[-74.271882542882395,4.7400002628499678],[-74.271886139520987,4.7400027310776345],[-74.27188973939181,4.7400052015238199],[-74.271893339261965,4.7400076719694288],[-74.271896936803117,4.7400101401981365],[-74.271900535183036,4.7400126087172492],[-74.271904132723819,4.7400150760422664],[-74.271907735824229,4.7400175477993445],[-74.271911333365651,4.7400200151248173],[-74.271914934137158,4.7400224846658086],[-74.271918530185701,4.7400249500640523],[-74.271922130957748,4.740027418701267],[-74.271925731728729,4.7400298873376601],[-74.2719293301721,4.7400323537602818],[-74.271932934172895,4.7400348246106851],[-74.271936532616238,4.7400372910331958],[-74.271940136616905,4.7400397618834216],[-74.271943730335167,4.7400422241637159],[-74.271947332009233,4.7400446918966752],[-74.271950938405595,4.740047163769896],[-74.271954537682547,4.7400496304779338],[-74.271958136125733,4.7400520959968322],[-74.271961737798762,4.7400545637289255],[-74.271965339471464,4.7400570314607906],[-74.271968941144195,4.7400594991925855],[-74.271972542817025,4.7400619669244612],[-74.271976144489742,4.7400644346561842],[-74.271979746162629,4.7400669023880395],[-74.271983347835459,4.7400693701198122],[-74.274135312060125,4.7415437445646909],[-74.27413891431155,4.7415462126705181],[-74.274142515999714,4.7415486803905011],[-74.274146117687394,4.7415511481100499],[-74.274149717048616,4.7415536136180609],[-74.274153321964576,4.7415560835491606],[-74.274156923652882,4.7415585512690468],[-74.274160525340903,4.7415610189886745],[-74.274164127029024,4.7415634867083645],[-74.274167723990956,4.7415659502863408],[-74.2741713304044,4.741568421242925],[-74.274174929765948,4.741570886750865],[-74.274178534682477,4.7415733566820712],[-74.274182131644466,4.7415758202598877],[-74.274185738058321,4.7415782912166184],[-74.274189337419998,4.7415807567244794],[-74.274192937610863,4.7415832225141905],[-74.274196544024349,4.7415856934705785],[-74.274200138659111,4.7415881548369354],[-74.274203743576635,4.7415906238636705],[-74.274207347663761,4.7415930926084728],[-74.27421094785457,4.7415955583979548],[-74.274214547215735,4.741598023001913],[-74.274218152132107,4.7416004920276702],[-74.274221751493627,4.7416029566318425],[-74.274225354083299,4.7416054234465665],[-74.27422895667317,4.7416078902615029],[-74.274232561589159,4.7416103592868266],[-74.274236160950707,4.7416128238907813],[-74.274239758812939,4.7416152865649046],[-74.274243366129824,4.7416177566158044],[-74.274246963991899,4.7416202192896435],[-74.274650710809382,4.7418957646984685],[-74.274654280621689,4.7418981934087467],[-74.27465789045651,4.7419006493906659],[-74.274661500257182,4.7419031053493885],[-74.274665110057768,4.7419055613079513],[-74.274668719858767,4.7419080172669013],[-74.274672324911677,4.7419104690917289],[-74.274675939459186,4.7419129282792678],[-74.274679542193581,4.7419153779142302],[-74.274683155214944,4.7419178351587083],[-74.274686765015772,4.7419202902131534],[-74.27469037724471,4.741922747209812],[-74.274693985518326,4.7419252012254169],[-74.27469759300044,4.741927654089765],[-74.274701206020836,4.7419301113334136],[-74.27470481350295,4.7419325641976711],[-74.274708424205329,4.7419350192517769],[-74.274712032476941,4.7419374723619869],[-74.274715644708067,4.7419399284555031],[-74.274719255409678,4.7419423835089054],[-74.274722866111858,4.7419448385626737],[-74.274726474384096,4.7419472916732577],[-74.274730086614596,4.7419497477660952],[-74.274733697316861,4.7419522028198191],[-74.274737303270157,4.7419546537409927],[-74.274740918720553,4.7419571120224919],[-74.274744524674432,4.7419595629439559],[-74.274748142442448,4.7419620234145965],[-74.274751745176744,4.741964472146674],[-74.274755360627935,4.7419669304285437],[-74.274758966581913,4.7419693813499704],[-74.274762582032352,4.7419718396312263],[-74.278964212906601,4.7448281878209828],[-74.278967821032325,4.744830640175616],[-74.278971436511753,4.7448330984331832],[-74.278975042495006,4.7448355493311283],[-74.27897865797496,4.7448380075890579],[-74.27898226627704,4.7448404606761381],[-74.2789858785371,4.7448429167452355],[-74.27898948452021,4.7448453676429638],[-74.278993099999937,4.7448478259005498],[-74.278996710732201,4.7448502809307724],[-74.279000316715226,4.7448527318282983],[-74.279003934512744,4.7448551922751037],[-74.27900754202598,4.7448576451162836],[-74.279011152758258,4.7448601001463979],[-74.279014765808071,4.7448625573655496],[-74.27901837332044,4.7448650102060101],[-74.279021986370964,4.7448674674256361],[-74.27902559388302,4.7448699202658391],[-74.279029206933501,4.7448723774853487],[-74.279032816764399,4.7448748325154897],[-74.279036429023478,4.7448772894878628],[-74.279040037327391,4.7448797434793546],[-74.279043651904587,4.7448822026420423],[-74.279047261736082,4.7448846585765532],[-74.279050866820015,4.7448871103774968],[-74.279054481397537,4.7448895695403213],[-74.279058091229302,4.7448920254749272],[-74.279061705804864,4.744894485541554],[-74.279065313211149,4.7448969404391388],[-74.279068919821256,4.7448993941814432],[-74.279072536716001,4.7449018564404817],[-74.279076171984627,4.7449043305909564],[-74.279463560996888,4.7451691597481904],[-74.279467187856213,4.7451716495473777],[-74.279470790108903,4.7451741230736832],[-74.279474389131281,4.7451765943821655],[-74.27947799287017,4.7451790698338288],[-74.2794815871748,4.7451815379020834],[-74.279485190914514,4.7451840133543302],[-74.279488792267884,4.7451864877876275],[-74.27949238805806,4.7451889577794137],[-74.279495989411217,4.7451914322125068],[-74.279499585201407,4.7451939022042859],[-74.279503186554464,4.7451963766371943],[-74.27950678234491,4.7451988466290631],[-74.2795103884132,4.7452013252063843],[-74.279513981818951,4.7452037941784155],[-74.279517584656446,4.7452062705361042],[-74.279521180447617,4.74520874143162],[-74.279524777084802,4.745211212624338],[-74.27952837992197,4.7452136889817353],[-74.279531978043636,4.7452161620984379],[-74.279535576165557,4.7452186352154264],[-74.279539174286754,4.7452211083317719],[-74.279542774739681,4.7452235836708923],[-74.279546369628491,4.745226054565193],[-74.279549967750427,4.7452285276819834],[-74.279553570585904,4.7452310049432045],[-74.279557163993459,4.745233474818991],[-74.279560764446757,4.7452359501581887],[-74.279564359335808,4.7452384210524743],[-74.279567957457459,4.7452408941688278],[-74.279571560293462,4.7452433714302282],[-74.279575156033047,4.7452458435288358],[-74.285735054905032,4.7494804118101994],[-74.288245759831938,4.7512063426533508],[-74.288249355859989,4.7512088142405036],[-74.288252954042662,4.7512112873086085],[-74.288256556939317,4.7512137645213537],[-74.28826015273961,4.7512162365714516],[-74.288263747689129,4.751218707416994],[-74.288267345872271,4.7512211804852837],[-74.28827094876867,4.7512236576976843],[-74.288274544569205,4.751226129747784],[-74.288278139519022,4.7512286005934046],[-74.288281737701652,4.7512310736611392],[-74.288285340598847,4.7512335508739794],[-74.288288936399255,4.7512360229238686],[-74.288292531349157,4.7512384937693835],[-74.288296129531915,4.7512409668370736],[-74.288299727715042,4.7512434399050276],[-74.288303330612251,4.7512459171177159],[-74.288306926412616,4.7512483891673547],[-74.288310521362263,4.7512508600124663],[-74.288314119545674,4.7512533330804585],[-74.288317717728773,4.7512558061481602],[-74.288321315911972,4.7512582792159872],[-74.288324914094673,4.7512607522833203],[-74.288328514609219,4.7512632275734612],[-74.288332109559377,4.7512656984187034],[-74.288335707742817,4.7512681714864939],[-74.288339305926058,4.7512706445540722],[-74.288342904109456,4.7512731176218246],[-74.288346502292242,4.7512755906889943],[-74.288350100475654,4.7512780637566188],[-74.288353698658995,4.7512805368241144],[-74.288357296842207,4.7512830098915257],[-74.288735508450571,4.7515427440610534],[-74.288739098454954,4.7515452075594702],[-74.288742698444977,4.7515476779127841],[-74.288746298432912,4.751550148264573],[-74.288749898420903,4.7515526186163859],[-74.288753493687253,4.7515550848245862],[-74.288757098396218,4.7515575584152998],[-74.288760698384792,4.7515600287674165],[-74.288764298372868,4.751562499119105],[-74.288767898361016,4.7515649694708575],[-74.288771498349078,4.7515674398224723],[-74.288775091285927,4.7515699038141781],[-74.288778699225105,4.7515723796201907],[-74.288782299215015,4.751574849972978],[-74.288785899203106,4.7515773203245129],[-74.288789494469427,4.7515797865322691],[-74.28879309917906,4.7515822601231026],[-74.288796696838702,4.7515847282581287],[-74.288800295336245,4.7515871966828787],[-74.288803900044968,4.7515896702729243],[-74.288807500034153,4.7515921406250312],[-74.288811095300417,4.7515946068324677],[-74.288814697681801,4.7515970782068795],[-74.288818296179031,4.7515995466311773],[-74.288821900888166,4.751602020221374],[-74.288825500877138,4.751604490573043],[-74.288829093814442,4.7516069545645401],[-74.28883270175406,4.751609430370312],[-74.288836297022257,4.7516118965789378],[-74.28883990173172,4.7516143701691069],[-74.288843499391803,4.751616838303951],[-74.288847097889985,4.7516193067286725],[-74.292141587600526,4.7538795135128931],[-74.292147108096628,4.7538833008946124],[-74.292152628475264,4.7538870881956372],[-74.292158148853545,4.7538908754962792],[-74.292163669232451,4.7538946627973813],[-74.292169189610746,4.7538984500978376],[-74.2921747142736,4.7539022418612555],[-74.292180233751708,4.753906030066851],[-74.292185756307177,4.7539098212887705],[-74.292191272707271,4.7539136073813477],[-74.292196798339845,4.7539174016198604],[-74.292202315947748,4.7539211900642711],[-74.292207841883894,4.75392498665608],[-74.292213358354317,4.7539287761266635],[-74.2922188781383,4.7539325684931271],[-74.292224400097126,4.7539363638782763],[-74.292229919947388,4.7539401587190531],[-74.292235441004451,4.7539439559145098],[-74.292240959953091,4.753947752564895],[-74.292246480108417,4.7539515515707409],[-74.292251996290148,4.7539553484632666],[-74.292257516506623,4.753959149942335],[-74.292263031788067,4.7539629486448209],[-74.292268552309409,4.7539667533876235],[-74.292274067650567,4.7539705554662399],[-74.292279585408991,4.7539743613603154],[-74.292285098946806,4.7539781652489506],[-74.292290616759544,4.7539819745192275],[-74.292296130605109,4.7539857825798997],[-74.2923016466127,4.7539895945671304],[-74.292307159866283,4.7539934068048684],[-74.292312729876627,4.7539972592038877],[-74.29249454442018,4.7541242004304314],[-74.292675278948664,4.7542526794900617],[-74.292680777010105,4.7542566231635064],[-74.292686228647909,4.7542605375488112],[-74.292691667044764,4.7542644424315919],[-74.292697113890426,4.7542683564868735],[-74.292702556455609,4.7542722692781707],[-74.292707998512441,4.754276183907189],[-74.292713433303518,4.7542800933110474],[-74.292718878283026,4.754284013408121],[-74.292724313415121,4.7542879270682414],[-74.292729750626194,4.7542918437795603],[-74.292735189916655,4.7542957644490773],[-74.292740621104372,4.7542996792798071],[-74.292746059491165,4.7543036017597107],[-74.29275148977807,4.7543075183991323],[-74.292756925526021,4.7543114411837522],[-74.292762355746291,4.7543153602339512],[-74.292767790592578,4.7543192848298998],[-74.292773218176407,4.7543232041829828],[-74.29277864873599,4.7543271265890956],[-74.292784076319379,4.7543310468457252],[-74.292789512338075,4.7543349763087743],[-74.292794933902485,4.7543388937710516],[-74.292800364802986,4.7543428195363511],[-74.292805793559168,4.7543467446566732],[-74.292811219341175,4.7543506676267508],[-74.292816646366219,4.7543545921476156],[-74.292822070003496,4.7543585135666842],[-74.292827500002048,4.7543624411419287],[-74.292832921909678,4.7543663619617504],[-74.292838349764153,4.7543702879865544],[-74.29284377464522,4.7543742118607142],[-74.293203645130404,4.7546345051908174],[-74.293208363666281,4.7546379184627918],[-74.293213079236082,4.7546413289370113],[-74.293217795417945,4.7546447396021723],[-74.293222515971863,4.7546481543334842],[-74.293227229687233,4.7546515632144324],[-74.29323194525702,4.75465497278479],[-74.293236663293243,4.7546583841385894],[-74.293241382894237,4.7546617972758796],[-74.293246095043187,4.754665203468825],[-74.293250811514952,4.7546686121357338],[-74.293255532017014,4.7546720243674212],[-74.293260248488281,4.7546754330338281],[-74.293264964004635,4.7546788401065445],[-74.29326967951917,4.7546822462742826],[-74.293274396892471,4.7546856531338104],[-74.293279116730616,4.7546890617734805],[-74.293283831581803,4.7546924652572056],[-74.293288550461469,4.7546958713966392],[-74.29329326717226,4.7546992746694894],[-74.293297988813222,4.7547026815001532],[-74.293302703602293,4.7547060815800402],[-74.293307423680403,4.7547094848252218],[-74.293312142795031,4.7547128864719914],[-74.293316860345968,4.7547162854387794],[-74.29332158378908,4.7547196886517096],[-74.293326298809731,4.7547230833407275],[-74.293331021593218,4.7547264829721083],[-74.293335743407454,4.7547298810020955],[-74.293340462097575,4.7547332745839528],[-74.2933451838406,4.7547366692042399],[-74.2933498356537,4.7547400122735537],[-74.293591925562936,4.7549120794776414],[-74.29383576872452,4.7550816373809797],[-74.293840493186664,4.7550848861805681],[-74.293845283030777,4.7550881777979122],[-74.293850077724784,4.7550914718461588],[-74.293854872416617,4.7550947649893942],[-74.293859665584563,4.7550980555637246],[-74.293864459653591,4.7551013452352517],[-74.293869258164804,4.7551046373372463],[-74.293874052014999,4.7551079244346353],[-74.293878852948851,4.7551112163905103],[-74.293883648817655,4.7551145033517521],[-74.293888445588038,4.7551177894105505],[-74.293893244779127,4.7551210762247589],[-74.293898047514546,4.7551243654666466],[-74.293902845183865,4.7551276497181263],[-74.293907647301239,4.7551309363981522],[-74.293912449812069,4.7551342230606899],[-74.293917251928818,4.7551375088365875],[-74.293922051399804,4.7551407912819581],[-74.293926854809854,4.7551440761349673],[-74.293931661376007,4.7551473634336316],[-74.29393645819826,4.755150641645753],[-74.293941269605568,4.7551539313490396],[-74.293946069977224,4.7551572119881449],[-74.293950876317425,4.7551604967071084],[-74.293955682657199,4.7551637814257015],[-74.293960485446831,4.7551670628142659],[-74.29396529178662,4.7551703466286179],[-74.293970096608305,4.755173628789696],[-74.293974905367406,4.7551769142567801],[-74.293979710189106,4.7551801964177605],[-74.293984518947866,4.7551834818843668],[-74.300814531547658,4.759849261273148],[-74.300821982799391,4.7598543519070535],[-74.300829432020095,4.759859440537225],[-74.300836885092352,4.7598645327025926],[-74.300844336533928,4.7598696243700465],[-74.300851786414555,4.7598747149707199],[-74.300859238585787,4.7598798080407825],[-74.300866691416303,4.7598849030821055],[-74.300874143345936,4.7598899990288981],[-74.300881594374133,4.7598950958805464],[-74.300889043841408,4.7599001925690594],[-74.300896493968509,4.7599052912304511],[-74.30090394548192,4.759910393267182],[-74.300911393807041,4.759915494643681],[-74.300918844177772,4.7599206004665948],[-74.300926291423835,4.7599257059583264],[-74.300933739991066,4.7599308154024156],[-74.300941186755992,4.7599359266585779],[-74.300948633338578,4.7599410411242769],[-74.300956077398752,4.759946156907791],[-74.300963518992887,4.7599512734269123],[-74.300970962628014,4.7599563953052488],[-74.300978404459258,4.7599615199007852],[-74.300985842872706,4.7599666458188592],[-74.300993281806953,4.7599717763387766],[-74.301000718225268,4.7599769090852737],[-74.301008153504426,4.7599820456312552],[-74.301015587685782,4.7599871862885728],[-74.301023018455879,4.7599923291776411],[-74.301030448123939,4.7599974761760562],[-74.301037876652714,4.7600026278847878],[-74.301045414313137,4.7600078608622418],[-74.301278650348834,4.7601726066747041],[-74.301509262859526,4.7603410288371464],[-74.301516615795592,4.760346491025218],[-74.301523871588017,4.7603518869151449],[-74.301531121952408,4.760357283501695],[-74.301538371771329,4.7603626853210406],[-74.301545618882869,4.7603680907654633],[-74.301552860424408,4.7603734961207431],[-74.301560100160145,4.7603789041918105],[-74.301567338796744,4.7603843161811836],[-74.301574574022339,4.7603897296873026],[-74.30158180744273,4.7603951459097091],[-74.301589039058427,4.7604005648488483],[-74.301596266718477,4.7604059839876491],[-74.301603494725171,4.7604114074551545],[-74.30161071807089,4.7604168299136189],[-74.301617941221906,4.7604222553905835],[-74.30162516471708,4.7604276851971994],[-74.301632381406989,4.7604331114732794],[-74.301639600049654,4.760438542383862],[-74.301646816180508,4.7604439738937634],[-74.301654029264782,4.7604494046946275],[-74.301661243591568,4.7604548389193946],[-74.301668454873266,4.7604602724351057],[-74.301675665253384,4.7604657068556477],[-74.301682874732379,4.7604711421814887],[-74.301690084742248,4.7604765797164097],[-74.301697289036071,4.7604820127169507],[-74.301704498144304,4.760487451156731],[-74.301711703679544,4.7604928875819077],[-74.301718909744537,4.7604983253107855],[-74.301726111527245,4.7605037589042984],[-74.301733318302723,4.7605091978495855],[-74.309660032043652,4.7664907883791869],[-74.309668165815239,4.7664969266116888],[-74.309676298018545,4.7665030629799139],[-74.309684432175558,4.7665092015027231],[-74.309692564379432,4.7665153378710192],[-74.309700698536645,4.7665214763936561],[-74.309708831266519,4.7665276138389014],[-74.30971696589323,4.7665337536196555],[-74.309725096727405,4.7665398896337949],[-74.309733233250228,4.7665460317493915],[-74.309741364611511,4.7665521697455313],[-74.309749496441142,4.7665583080949707],[-74.309757630166999,4.7665644487798016],[-74.309765764419211,4.7665705914471248],[-74.309773894822285,4.7665767305269],[-74.309782027179352,4.7665828717629148],[-74.30979016053054,4.7665890153349189],[-74.309798290559314,4.7665951563974138],[-74.309806422483192,4.7666012997954095],[-74.309814553038748,4.7666074428408542],[-74.309822684061501,4.7666135871432633],[-74.309830815611022,4.7666197334296019],[-74.309838945732579,4.7666258795408174],[-74.309847074487209,4.7666320253003835],[-74.309855203707627,4.7666381723161191],[-74.309863331561544,4.7666443189804841],[-74.309871461773866,4.7666504692366871],[-74.309879589254663,4.766656618791453],[-74.309887717137116,4.7666627697762003],[-74.309895843717186,4.7666689211403659],[-74.309903969332908,4.766675072678761],[-74.309912124094794,4.7666812478750717],[-74.310210097088103,4.7669078930651665],[-74.310218221549235,4.7669141003441249],[-74.310226318695683,4.7669202869688627],[-74.31023442021467,4.7669264801217031],[-74.310242515112591,4.7669326682142668],[-74.310250612419679,4.7669388597419475],[-74.310258708825785,4.7669450521748562],[-74.31026680379945,4.7669512444163678],[-74.310274899304545,4.76695743865863],[-74.310282991499705,4.7669636303683829],[-74.310291086103618,4.766969825515301],[-74.310299179275077,4.766976020470242],[-74.310307271101408,4.7669822150858492],[-74.310315363903072,4.7669884120425792],[-74.310323455272169,4.766994608806721],[-74.310331544765319,4.767000804134133],[-74.310339636665987,4.7670070029000682],[-74.310347725258254,4.767013199131731],[-74.310355815726368,4.7670193977043152],[-74.31036390485103,4.7670255959385317],[-74.310371992542599,4.7670317930745343],[-74.310380082109461,4.7670379925513169],[-74.310388170333681,4.7670441916902977],[-74.310396258999617,4.7670503920718179],[-74.310404343915721,4.7670565886748095],[-74.310412432581941,4.7670627890561255],[-74.310420519373594,4.7670689880003874],[-74.310428608040169,4.7670751892859098],[-74.310436693489365,4.7670813878917997],[-74.310444781254958,4.7670875891776578],[-74.310452864738835,4.7670937855850921],[-74.31046095393809,4.7670999879694689],[-74.312166098917089,4.7684072858835105],[-74.312173030418833,4.7684126003383334],[-74.312179961337392,4.7684179143457746],[-74.312186892256264,4.7684232283533792],[-74.312193826132983,4.7684285462245688],[-74.312200758337312,4.7684338637175356],[-74.3122076920843,4.7684391846824434],[-74.312214622485968,4.7684445039849699],[-74.312221553658915,4.7684498254762326],[-74.312228486114719,4.7684551504543053],[-74.312235418440309,4.7684604785285201],[-74.312242348190864,4.7684658071275958],[-74.312249277811148,4.7684711388242667],[-74.312256205628358,4.768476472332809],[-74.312263133821403,4.7684818102360182],[-74.312270060209926,4.7684871508563935],[-74.3122769847933,4.7684924941935423],[-74.312283908345179,4.7684978415413415],[-74.312290828417517,4.7685031903136172],[-74.312297749630872,4.7685085456836855],[-74.312304668136477,4.7685139046793799],[-74.312311581765357,4.7685192647149117],[-74.312318497021366,4.7685246326412249],[-74.312325408178211,4.7685300038163945],[-74.312332317111995,4.7685353799014685],[-74.31233922411063,4.7685407618246769],[-74.312346125339289,4.7685461456952352],[-74.312353027270063,4.7685515383707173],[-74.312359923432339,4.7685569338987772],[-74.312366815980965,4.7685623339606282],[-74.312373707065532,4.7685677411469012],[-74.312380750220584,4.7685732775724201],[-74.312572582691701,4.7687277330042122],[-74.312761024396181,4.7688866199640136],[-74.312945835853895,4.7690497419701883],[-74.313126922513476,4.7692170155699296],[-74.313304191729102,4.7693883551864396],[-74.31347755280764,4.7695636731627067],[-74.313646791793843,4.7697427472654796],[-74.313652852931739,4.7697493136177362],[-74.313658790606013,4.7697557547260452],[-74.313664727781159,4.7697622066152192],[-74.31367065552547,4.7697686568007898],[-74.313676580341024,4.7697751132489223],[-74.313682498226697,4.7697815697131896],[-74.313688414906494,4.7697880343218317],[-74.313694323904613,4.7697944981972],[-74.31370023072553,4.7698009681752103],[-74.313706130774023,4.7698074374146797],[-74.313712028787677,4.7698139120085017],[-74.313717920790126,4.7698203856979147],[-74.313723813303596,4.7698268685337277],[-74.313729695690569,4.7698333440332918],[-74.313735579488409,4.769839827776841],[-74.313741458030393,4.7698463104375106],[-74.313747336411367,4.7698527996194864],[-74.313753207971629,4.7698592850794252],[-74.313759077726019,4.7698657723484841],[-74.313764946499447,4.7698722633364339],[-74.313770810920843,4.7698787523204063],[-74.313776676084828,4.7698852469314925],[-74.313782535336912,4.7698917369024638],[-74.3137883945097,4.7698982296886578],[-74.31379425261629,4.7699047241026369],[-74.313800108261432,4.7699112176929184],[-74.31380596144615,4.7699177095552274],[-74.313811815287977,4.7699242040507448],[-74.313817667405885,4.769930697538225],[-74.313823518788382,4.7699371912102091],[-74.313829368446932,4.7699436829690676],[-74.314071822643413,4.7702127581288636],[-74.314074744326206,4.7702159995608122],[-74.314077675270426,4.7702192531748988],[-74.314080597105388,4.7702224956785546],[-74.31408352181974,4.7702257414748424],[-74.314086446769053,4.7702289874351775],[-74.314089374598055,4.7702322375923831],[-74.314092298979631,4.7702354839232175],[-74.314095223360908,4.770238730253662],[-74.31409814519499,4.7702419727561587],[-74.314101073024233,4.7702452229133971],[-74.31410399740615,4.7702484692444846],[-74.314106921787342,4.7702517155746413],[-74.314109848715532,4.7702549657336784],[-74.314112772762655,4.7702582125968309],[-74.314115696577446,4.7702614592991361],[-74.3141186206242,4.7702647061617292],[-74.314121547552332,4.7702679572255446],[-74.314124471033082,4.7702712044608617],[-74.314127394513292,4.7702744516954425],[-74.314130323651071,4.7702777071217906],[-74.314133240572005,4.7702809470684739],[-74.31413616971065,4.7702842024956116],[-74.314139092291441,4.7702874506365252],[-74.314142017417026,4.7702907026083823],[-74.314144939658462,4.7702939512758729],[-74.314147861675423,4.7702971997922416],[-74.314150786462392,4.7703004522925561],[-74.31415370814095,4.7703037013365384],[-74.314156635471917,4.7703069585750946],[-74.314159553143199,4.770310204163934],[-74.314162528923788,4.7703135153139398],[-74.314463811588709,4.7706518841909773],[-74.314466752158324,4.7706552164975706],[-74.314469648782122,4.7706585009318685],[-74.314472538925259,4.7706617780199982],[-74.314475429066604,4.770665055105912],[-74.314478324787288,4.7706683404467274],[-74.314481214029144,4.7706716184391089],[-74.314484103269734,4.7706748964299779],[-74.314486992510894,4.770678174421473],[-74.314489887327497,4.7706814606675936],[-74.314492772629706,4.770684735211506],[-74.31449566400785,4.7706880175558792],[-74.314498552347914,4.7706912964518393],[-74.314501443724481,4.7706945796991649],[-74.314504331566425,4.770697859053298],[-74.314507222041058,4.7707011423013395],[-74.314510106443123,4.7707044177485791],[-74.314512996918609,4.77070770099761],[-74.314515884357562,4.7707109807978805],[-74.314518774334232,4.7707142645053944],[-74.314521658333703,4.7707175403980937],[-74.314524551344292,4.7707208284572298],[-74.314527434848742,4.7707241048108138],[-74.314530318847957,4.7707273807030397],[-74.314533211858873,4.7707306687624156],[-74.314536098397994,4.7707339494683936],[-74.314538981901308,4.7707372258204721],[-74.314541874010402,4.7707405138818695],[-74.314544757110241,4.7707437906782326],[-74.314547640613583,4.7707470670301353],[-74.314550530185869,4.7707503511827714],[-74.314553416724593,4.7707536318880734],[-74.315361844292752,4.771672461099091],[-74.315364730719821,4.771675741664783],[-74.315367617265409,4.7716790223650118],[-74.315370503811522,4.7716823030658784],[-74.315373387322794,4.7716855794139663],[-74.31537627943986,4.7716888674713802],[-74.315379162547472,4.7716921442634499],[-74.315382049093955,4.7716954249645562],[-74.315384932605056,4.7716987013122454],[-74.315387822185698,4.7717019854613216],[-74.315390705697013,4.7717052618091618],[-74.315393595277641,4.7717085459580764],[-74.315396478789097,4.7717118223060053],[-74.315399368369711,4.7717151064548107],[-74.315402249342256,4.7717183788939534],[-74.315405142362494,4.7717216669503069],[-74.315408025874916,4.7717249432991062],[-74.315410909882957,4.7717282191876436],[-74.315413799868338,4.7717315028910718],[-74.315416683876578,4.7717347787797646],[-74.315419571324227,4.7717380585757594],[-74.315422461309453,4.7717413422788555],[-74.315425345317578,4.7717446181672631],[-74.315428232765498,4.7717478979633974],[-74.315431114637093,4.7717511694995354],[-74.3154340085607,4.7717544566489609],[-74.315436892972926,4.7717577320933513],[-74.31543977788175,4.771761007078811],[-74.315442668768867,4.7717642898755548],[-74.315445553677861,4.7717675648610465],[-74.315448442027247,4.7717708437527158],[-74.315451304737778,4.7717740935387303],[-74.315758942748488,4.7721217068944517],[-74.316068133042577,4.7724679321319448],[-74.316071025537155,4.772471156252565],[-74.316073940528071,4.7724744045451279],[-74.316076861720944,4.7724776606535952],[-74.316079776712755,4.7724809089470961],[-74.316082694805075,4.7724841606960444],[-74.31608561289714,4.7724874124446757],[-74.316088528443302,4.7724906603520019],[-74.316091449982636,4.7724939159413386],[-74.316094365529352,4.7724971638492653],[-74.316097284523181,4.7725004155977224],[-74.316100200413956,4.7725036629859918],[-74.316103122510029,4.7725069181898192],[-74.31610603840096,4.7725101655781073],[-74.316108960497459,4.7725134207823112],[-74.316111876388234,4.7725166681703568],[-74.316114792835833,4.7725199151753328],[-74.316117715276675,4.7725231698578341],[-74.316120634270618,4.7725264207021789],[-74.316123550718146,4.77252966770694],[-74.316126470613341,4.7725329185506995],[-74.316129393054197,4.7725361732331075],[-74.316132309501711,4.7725394202377149],[-74.316135229397389,4.7725426710818324],[-74.316138149292556,4.772545921925393],[-74.316141071733313,4.7725491766074786],[-74.316143985075186,4.7725524192507587],[-74.31614690807632,4.7725556735517527],[-74.316149827971714,4.7725589243953062],[-74.316152747866951,4.7725621752386473],[-74.316155664657217,4.7725654217216809],[-74.316158587657213,4.7725686760211365],[-74.316607365618751,4.7730682870150289],[-74.31661125685855,4.7730726180168279],[-74.316615154671027,4.7730769582431352],[-74.316619045242362,4.7730812895037902],[-74.31662293645698,4.7730856204772376],[-74.316626831941718,4.7730899572076435],[-74.316630723156621,4.7730942881813139],[-74.316634614627759,4.7730986185367819],[-74.316638510757514,4.7731029549806054],[-74.316642400543884,4.7731072824580156],[-74.316646296930656,4.7731116182832594],[-74.316650186715535,4.7731159448560483],[-74.31665408206419,4.7731202775195367],[-74.316657977020967,4.7731246098460458],[-74.316661867705946,4.7731289355152926],[-74.316665763956721,4.7731332672751456],[-74.316669655795778,4.7731375923232804],[-74.316673552948956,4.7731419231800496],[-74.31667744568675,4.7731462473230621],[-74.316681343742019,4.7731505772762031],[-74.316685237378763,4.7731549005143235],[-74.316689136336294,4.7731592295641638],[-74.316693029186084,4.7731635490259032],[-74.316696929296185,4.7731678765461538],[-74.316700825381901,4.7731721976976962],[-74.316704724707307,4.7731765214437596],[-74.316708622594291,4.7731808416924988],[-74.316712523067281,4.7731851639048788],[-74.316716420166301,4.7731894794790986],[-74.316720322439977,4.7731937998827085],[-74.316724225369185,4.7731981200142961],[-74.316728073983754,4.7732023781504092],[-74.316899312026806,4.7733900589878333],[-74.317072244344573,4.7735761733905511],[-74.317076177005347,4.7735803674817801],[-74.317080153555295,4.7735846046531032],[-74.31708414017929,4.7735888525634174],[-74.317088120221285,4.7735930906941491],[-74.317092106051362,4.7735973340308648],[-74.317096092031392,4.7736015766238431],[-74.317100077067593,4.7736058162941957],[-74.317104064849062,4.7736100579826344],[-74.31710805093465,4.7736142960055066],[-74.317112037920552,4.7736185331252177],[-74.317116029950071,4.7736227756060599],[-74.317120017835492,4.7736270118217288],[-74.317124009072018,4.773631250640646],[-74.317128000453167,4.7736354887097319],[-74.317131991833193,4.773639725874129],[-74.317135982275659,4.773643960130256],[-74.317139979603922,4.7736482026511373],[-74.317143970189392,4.7736524361560511],[-74.317147964129191,4.7736566722642655],[-74.317151958210729,4.7736609076194272],[-74.317155957199446,4.7736651490825723],[-74.317159948825648,4.7736693809301727],[-74.31716394612134,4.7736736187374689],[-74.317167941102738,4.7736778531875181],[-74.317171939300266,4.7736820909948916],[-74.317175936876993,4.7736863281959341],[-74.317179930162212,4.7736905589894914],[-74.31718393265038,4.7736948013950924],[-74.31718792839284,4.7736990356962536],[-74.317191924274383,4.7737032692413006],[-74.317195925068333,4.7737075088953898],[-74.317507935140824,4.774038115193262],[-74.317511934580935,4.774042353406748],[-74.31751593046647,4.7740465869497175],[-74.317519931264215,4.774050826601421],[-74.317523931300428,4.7740550664022443],[-74.317527927046939,4.7740593007010439],[-74.31753192538892,4.7740635377504494],[-74.317535925425034,4.774067777550866],[-74.31753992286626,4.7740720146011917],[-74.317543922761814,4.7740762551570697],[-74.317547921897201,4.7740804958635366],[-74.317551918437033,4.774084733817852],[-74.317555914976836,4.7740889717721142],[-74.317559913970598,4.7740932132326845],[-74.317563912205046,4.7740974548448536],[-74.317567911990224,4.7741016999640724],[-74.317571905034342,4.7741059369731316],[-74.317575906512261,4.7741101857517627],[-74.317579900350296,4.7741144264210229],[-74.317583894187123,4.7741186670889046],[-74.317587894616551,4.7741229175246369],[-74.317591886798738,4.7741271592544301],[-74.317595883729865,4.7741314078388895],[-74.317599877459145,4.774135653979779],[-74.317603872733301,4.7741399036273204],[-74.317607864660218,4.7741441506749567],[-74.317611856437239,4.7741483984676245],[-74.317615849906616,4.7741526499260596],[-74.317619842474471,4.7741569022909296],[-74.317623834139724,4.7741611555611296],[-74.317627822462242,4.7741654062317123],[-74.317631861718468,4.774169713990748],[-74.317786040822682,4.7743354945048866],[-74.317938871373698,4.7745025279501769],[-74.317942832508933,4.7745068932383878],[-74.317946751759266,4.7745112141771386],[-74.317950669675227,4.7745155356352793],[-74.317954586454277,4.7745198577404606],[-74.317958500644963,4.7745241778946905],[-74.317962418206022,4.7745285046661872],[-74.317966328244339,4.7745328231319162],[-74.31797024231598,4.7745371479532537],[-74.317974153799938,4.7745414708206404],[-74.317978066308228,4.7745457968147269],[-74.317981978333307,4.774550124084687],[-74.317985883322862,4.7745544426696842],[-74.317989796372828,4.7745587730702121],[-74.317993704249275,4.7745630986522878],[-74.317997609781358,4.7745674216396292],[-74.318001519341465,4.7745717509887218],[-74.318005425658328,4.7745760777462367],[-74.318009330044461,4.7745804022707103],[-74.318013238046063,4.7745847327984174],[-74.318017140875199,4.7745890575956302],[-74.318021043704078,4.7745933823925055],[-74.318024948872917,4.7745977106864252],[-74.31802885338746,4.7746020392551314],[-74.31803275765435,4.7746063684537328],[-74.318036657243439,4.774610691561918],[-74.318040561510529,4.7746150207606517],[-74.318044465123805,4.7746193502346745],[-74.318048364465611,4.7746236739718171],[-74.318052268079114,4.774628003445943],[-74.318056169106285,4.7746323300518592],[-74.318060072471098,4.7746366601545658],[-74.318584236678419,4.7752180109366922],[-74.318589114410202,4.7752234217384792],[-74.318593987212978,4.7752288251691981],[-74.318598865826914,4.7752342359486146],[-74.318603740699373,4.7752396416747649],[-74.31860861931311,4.7752450524537489],[-74.318613493017551,4.7752504558846969],[-74.318618368790652,4.7752558607060491],[-74.318623246435124,4.7752612676019179],[-74.318628122911306,4.7752666722032382],[-74.318632998416717,4.775272073826204],[-74.318637877863921,4.775277479816979],[-74.318642755437864,4.7752828828283578],[-74.318647632548547,4.7752882833300223],[-74.318652511924384,4.7752936854366359],[-74.318657390130824,4.7752990843472425],[-74.318662269237819,4.7753044823540405],[-74.318667149245158,4.7753098794567945],[-74.318672033198382,4.7753152809241701],[-74.318676911059171,4.7753206718541525],[-74.31868179447811,4.775326066937553],[-74.318686678278596,4.7753314606360346],[-74.318691562787592,4.7753368532185183],[-74.318696447027804,4.7753422426117051],[-74.318701333070052,4.7753476311029246],[-74.318706221369155,4.7753530202775574],[-74.31871110921027,4.7753584060574736],[-74.318715998853435,4.775363790935347],[-74.318720888411534,4.7753691719302953],[-74.318725782827144,4.7753745563784493],[-74.318730676253409,4.7753799369405563],[-74.318735481299626,4.7753852156334897],[-74.318976823544361,4.775646287675916],[-74.319222011189424,4.775903553264401],[-74.319471073298445,4.7761570456795983],[-74.319723952185086,4.7764067062051083],[-74.319980589279737,4.7766524770132222],[-74.320241016571913,4.7768943861054831],[-74.32024629245403,4.7768992108264188],[-74.320251659114561,4.776904115931675],[-74.320257027777672,4.776909020317901],[-74.320262395968783,4.7769139208216203],[-74.320267767129565,4.7769188214092848],[-74.320273141465009,4.7769237231690402],[-74.320278513253598,4.7769286191561724],[-74.32028389029108,4.7769335182047739],[-74.32028926477949,4.7769384114830595],[-74.320294645687312,4.7769433097048024],[-74.320300024255502,4.7769482032526867],[-74.320305405795054,4.7769530977815604],[-74.320310785952074,4.7769579884271485],[-74.320316171575229,4.7769628832233977],[-74.320321553531585,4.776967772061063],[-74.320326942125718,4.7769726669298862],[-74.320332323811641,4.7769775520797602],[-74.320337714208449,4.7769824451394705],[-74.320343101150044,4.7769873333408333],[-74.320348490160384,4.7769922225161228],[-74.320353879121384,4.7769971100110986],[-74.320359268813419,4.7770019971796964],[-74.320364662131439,4.7770068877226599],[-74.320370051774688,4.7770117732122133],[-74.320375443486697,4.7770166596738051],[-74.320380836319629,4.7770215463342627],[-74.320386232389183,4.7770264367448361],[-74.320391625222101,4.7770313234050334],[-74.320397017834736,4.777036208961869],[-74.320402415026251,4.7770410995712975],[-74.32040780763883,4.7770459851278444],[-74.320743782346128,4.7773503714592369],[-74.32075457318939,4.7773601485517965],[-74.320765361725478,4.777369921832622],[-74.320776151162818,4.7773796942088724],[-74.320786940355759,4.7773894637390182],[-74.320797731462065,4.7773992324649397],[-74.320808522078693,4.7774089964039996],[-74.320819314362993,4.7774187566942468],[-74.320830108335187,4.777428513266571],[-74.320840904855785,4.7774382653586267],[-74.320851703850124,4.7774480127266674],[-74.32086250642746,4.7774577556487801],[-74.32087331134025,4.7774674920073554],[-74.320884119586054,4.7774772210799323],[-74.320894933233674,4.7774869447324697],[-74.320905751261179,4.7774966619530801],[-74.320916573521345,4.7775063709918744],[-74.320927400793721,4.7775160708421414],[-74.320938234371766,4.7775257633786534],[-74.320949074106807,4.7775354469522604],[-74.320959919752596,4.7775451203473747],[-74.320970772460228,4.7775547837915671],[-74.320981633393899,4.777564439125813],[-74.320992488895442,4.7775740718270274],[-74.321003375517336,4.7775837132245673],[-74.321014247366463,4.7775933237598283],[-74.32102513946613,4.7776029308385555],[-74.321036041513906,4.7776125271422565],[-74.321046952069707,4.7776221097131408],[-74.321057872819196,4.7776316782333677],[-74.32106880390964,4.7776412337370289],[-74.321079599324591,4.7776506473270945],[-74.321293580346151,4.7778324456490067],[-74.321511928497131,4.7780089409358908],[-74.321523180285354,4.7780177991397412],[-74.321534597331919,4.7780267645211083],[-74.321546025669022,4.7780357176713846],[-74.321557465039561,4.7780446572854656],[-74.321568916240395,4.7780535866874434],[-74.32158037718483,4.77806250424634],[-74.321591861103215,4.7780714200285539],[-74.321603329093193,4.7780803063369781],[-74.321614830770173,4.7780892000437127],[-74.321626332058727,4.7780980788458018],[-74.321637837824639,4.778106944021288],[-74.321649354405423,4.7781158029614099],[-74.321660878284135,4.7781246536438386],[-74.321672409666789,4.7781334964353475],[-74.32168394713905,4.7781423307289259],[-74.321695493847571,4.7781511609509257],[-74.321707044326899,4.7781599817989786],[-74.321718602938475,4.7781687991005075],[-74.321730167266082,4.7781776112217056],[-74.32174173587812,4.7781864175409545],[-74.321753309307468,4.7781952186800511],[-74.321764888659345,4.7782040170673428],[-74.321776473033736,4.7782128136038944],[-74.321788058687133,4.7782216038569372],[-74.321799649464083,4.7782303930171883],[-74.321811243264776,4.7782391797090478],[-74.321822841290157,4.7782479671125673],[-74.321834440116874,4.778256751949062],[-74.321846040745854,4.7782655349772893],[-74.321857644698838,4.7782743196182773],[-74.321869248553071,4.7782831025975341],[-74.325577555616874,4.7810900780319194],[-74.3255905546946,4.7810999179905274],[-74.325603551968541,4.7811097549964749],[-74.325616548960753,4.7811195892984744],[-74.325629546862174,4.7811294211157831],[-74.325642545382237,4.7811392493253635],[-74.325655544528047,4.7811490723480867],[-74.325668545190837,4.7811588899556279],[-74.325681549757903,4.7811687034941466],[-74.325694555262302,4.7811785086954961],[-74.325707564375108,4.7811883068976417],[-74.325720576809886,4.7811980963044602],[-74.325733595834464,4.7812078802810607],[-74.325746616700641,4.7812176518713061],[-74.325759643875642,4.7812274137606137],[-74.325772677057032,4.7812371648216319],[-74.325785717435195,4.7812469059477785],[-74.325798762629887,4.7812566328833865],[-74.325811804300955,4.7812663396686483],[-74.325824864353393,4.7812760408186854],[-74.325837932801392,4.7812857273195455],[-74.32585101083744,4.7812953993927465],[-74.325864097714827,4.7813050553509937],[-74.325877195233446,4.7813146961004573],[-74.325890300837969,4.7813243186258374],[-74.325903418876422,4.7813339232421121],[-74.325916548596723,4.781343510719605],[-74.325929689090046,4.7813530790864069],[-74.325942840790248,4.781362625963852],[-74.325956006420739,4.7813721526826587],[-74.32596918580893,4.7813816591209166],[-74.325982211158859,4.7813910237372221],[-74.326193976577045,4.7815388589480827],[-74.326409336939761,4.7816809995703791],[-74.326628313823846,4.7818174662299606],[-74.326850758725357,4.7819481663781884],[-74.327076520788466,4.7820730113771495],[-74.327305446907246,4.7821919165598095],[-74.327537565744734,4.7823048908001979],[-74.32755207885144,4.7823117069616945],[-74.327566790254636,4.7823185882324317],[-74.327581513411573,4.7823254469416829],[-74.327596248462243,4.7823322854271435],[-74.327610994378944,4.7823391022407193],[-74.327625751708354,4.7823459008218618],[-74.327640519491055,4.7823526793325914],[-74.32765529801317,4.7823594410178778],[-74.327670084620166,4.7823661846584749],[-74.327684881623512,4.7823729113046394],[-74.327699688184623,4.7823796232773148],[-74.327714517279048,4.7823863254432935],[-74.32772932583984,4.7823930019491803],[-74.327744169636077,4.7823996757478273],[-74.327759008934507,4.7824063324470725],[-74.327773853837513,4.7824129761958494],[-74.327788706165833,4.7824196095193177],[-74.327803564749232,4.7824262323897102],[-74.327818428518384,4.7824328447302902],[-74.327833299888297,4.7824394494200497],[-74.327848175328725,4.7824460456866786],[-74.327863055447395,4.782452633901733],[-74.327877942745758,4.7824592177769434],[-74.327892831187839,4.7824657937346871],[-74.327907726995562,4.7824723672350453],[-74.327922623732022,4.7824789349278367],[-74.327937525380065,4.7824855003766817],[-74.327952428829335,4.7824920622094576],[-74.327967336975306,4.7824986239055294],[-74.327982246022017,4.7825051837927424],[-74.327997157308488,4.7825117437611251],[-74.329521012933114,4.7831821266205479],[-74.329529002365163,4.7831856412745966],[-74.329536992453356,4.7831891566140099],[-74.32954497835982,4.7831926692095763],[-74.329552966798659,4.7831961825222828],[-74.329560953606105,4.7831996942133559],[-74.329568943320041,4.7832032071824386],[-74.329576926846187,4.7832067152266715],[-74.329584917461617,4.7832102263868768],[-74.329592905168823,4.7832137353650204],[-74.329600889222434,4.7832172401386517],[-74.329608876195039,4.7832207447829687],[-74.329616866966404,4.7832242503028164],[-74.329624851556659,4.7832277504000844],[-74.329632841593465,4.7832312515868969],[-74.329640826709792,4.7832347475120027],[-74.329648815637199,4.7832382429050249],[-74.329656805464808,4.7832417364908171],[-74.329664796192034,4.7832452282688802],[-74.329672781992628,4.783248713887394],[-74.329680777067381,4.7832522018658645],[-74.329688765933028,4.7832556835219231],[-74.32969675697845,4.7832591626342085],[-74.32970474982524,4.7832626390374537],[-74.329712742282567,4.7832661116596267],[-74.32972073656434,4.7832695811916484],[-74.329728734274781,4.7832730491125925],[-74.329736727040299,4.7832765099840193],[-74.329744725826373,4.783279969585708],[-74.329752722187237,4.7832834232352512],[-74.329760725292033,4.7832868767021166],[-74.329768592862578,4.7832902660955661],[-74.330026651720516,4.783398864131267],[-74.330286323934942,4.7835031618286559],[-74.33054778727319,4.7836032305826217],[-74.330555832167775,4.7836062320682178],[-74.330563993762127,4.7836092722407955],[-74.330572156252828,4.7836123078998627],[-74.330580325505906,4.7836153426972361],[-74.330588490462517,4.7836183707151427],[-74.330596663544924,4.7836213987066687],[-74.33060483447349,4.7836244219542161],[-74.330613006076106,4.7836274411736373],[-74.330621182754584,4.7836304592281094],[-74.330629360331585,4.7836334745724161],[-74.330637535752828,4.7836364851773325],[-74.330645714907504,4.7836394937854338],[-74.330653899357088,4.7836425025357672],[-74.330662080311086,4.7836455066280053],[-74.33067026350318,4.7836485088333482],[-74.330678449314703,4.7836515095318806],[-74.330686637361737,4.783654509243318],[-74.330694825406667,4.783657507146839],[-74.330703013019146,4.7836605024247723],[-74.330711202864251,4.783663496712915],[-74.330719392493307,4.7836664887853093],[-74.330727586296206,4.7836694814794543],[-74.33073577682481,4.783672470840723],[-74.330743974374855,4.7836754624361326],[-74.330752167130939,4.7836784508033432],[-74.330760361620179,4.7836814385701274],[-74.330768560071533,4.7836844274527337],[-74.330776756787202,4.7836874151272823],[-74.330784952177353,4.783690401085896],[-74.330793151953131,4.7836933889713071],[-74.330801353465489,4.7836963780649491],[-74.333029350942553,4.7845081684067328],[-74.333114219285207,4.7845390906818075],[-74.333118322412048,4.784540586239058],[-74.333122420428168,4.7845420796049281],[-74.333126521995396,4.7845435745938225],[-74.33313062133665,4.7845450687713962],[-74.333134726797923,4.7845465660844972],[-74.333138832259138,4.7845480643030767],[-74.333142932929434,4.7845495611033835],[-74.333147043604015,4.7845510633663997],[-74.333151143377748,4.784552561978173],[-74.333155253148988,4.7845540660555201],[-74.333159362918067,4.784555571945833],[-74.333163461796232,4.7845570741788759],[-74.333167578101722,4.7845585858499788],[-74.333171679958227,4.7845600931271797],[-74.33317579535607,4.7845616084328011],[-74.333179897651021,4.7845631201591248],[-74.333184009896797,4.7845646382721636],[-74.33318811873724,4.7845661576137317],[-74.333192229171104,4.7845676802681076],[-74.333196336213078,4.7845692041540024],[-74.333200450918142,4.7845707345157233],[-74.333204556164915,4.7845722638549368],[-74.333208664328112,4.784573797342059],[-74.333212777664997,4.7845753367342638],[-74.333216884021624,4.7845768765850165],[-74.333220989464834,4.7845784191592697],[-74.333225101449358,4.7845799685089663],[-74.333229211635654,4.7845815215081577],[-74.333233318626057,4.7845830772853963],[-74.333237424700741,4.7845846366999343],[-74.333241846165592,4.7845863205572234],[-74.33340713780801,4.7846531111962998],[-74.333569987401702,4.7847264754652414],[-74.333729848309858,4.7848061808823763],[-74.33388647529722,4.7848921051755697],[-74.334039628089215,4.7849841165323541],[-74.334189071740596,4.7850820738026503],[-74.334334576995886,4.7851858267147387],[-74.334475920640912,4.7852952161062579],[-74.334612885845473,4.785410074168043],[-74.334745262495744,4.7855302247015308],[-74.334872847516664,4.7856554833893581],[-74.334995445183495,4.7857856580779137],[-74.335112867422026,4.7859205490718146],[-74.33522473320285,4.7860596995472342],[-74.33522760885549,4.7860634274088012],[-74.335230293501922,4.786066913897864],[-74.335232975297203,4.7860704032192585],[-74.335235656046876,4.7860738986366993],[-74.335238325710151,4.7860773837962496],[-74.335240998438934,4.7860808795059864],[-74.335243667669417,4.786084376933327],[-74.335246329178503,4.7860878684443344],[-74.335248996294723,4.7860913747929166],[-74.335251649828294,4.7860948665947642],[-74.335254304086376,4.786098363545805],[-74.335256958968714,4.7861018667154571],[-74.335259606169942,4.7861053630542516],[-74.335262259050694,4.7861088732052579],[-74.335264899300711,4.7861123687641465],[-74.335267541071801,4.786115869636296],[-74.335270181037941,4.7861193714216501],[-74.335272821713616,4.7861228783630381],[-74.335275458148601,4.7861263826918305],[-74.335278091081506,4.7861298847703839],[-74.335280722291174,4.7861333866655107],[-74.335283352596221,4.7861368894651477],[-74.33528598442571,4.7861403976083565],[-74.335288607090519,4.7861438935410954],[-74.335291237186539,4.7861474023937163],[-74.335293861378048,4.7861509045775135],[-74.335296484666316,4.7861544067606649],[-74.335299104625634,4.7861579045002838],[-74.33530172708393,4.7861614064803861],[-74.335304349470533,4.7861649095699841],[-74.335306968599724,4.7861684080082814],[-74.336906293851087,4.7883047268170076],[-74.336908913449236,4.7883082261530214],[-74.336911530096003,4.7883117203427403],[-74.336914152499389,4.7883152234252924],[-74.336916769146384,4.788318717615244],[-74.336919386622895,4.7883222120101792],[-74.336922004170219,4.7883257052970549],[-74.336924625047544,4.7883292030287077],[-74.336927240993418,4.7883326920741567],[-74.33692986034346,4.788336184460352],[-74.336932480518826,4.7883396770442799],[-74.33693509826135,4.788343164282268],[-74.336937716981694,4.7883466504258525],[-74.336940339856767,4.7883501411999898],[-74.336942957864039,4.7883536221978158],[-74.33694557758912,4.7883571024835101],[-74.336948203244617,4.788360589455416],[-74.336950824846099,4.7883640677510568],[-74.336953448248252,4.788367545150761],[-74.336956073358877,4.7883710218226518],[-74.336958701891248,4.7883745009353182],[-74.336961323910103,4.7883779660563688],[-74.336963956139755,4.7883814423065818],[-74.33696658499133,4.7883849102042388],[-74.336969214933092,4.7883883750864324],[-74.336971847470025,4.7883918392240483],[-74.336974484349142,4.7883953058134594],[-74.336977118025729,4.7883987628498073],[-74.336979756843462,4.7884022224842111],[-74.336982394885169,4.7884056760483489],[-74.33698503740068,4.788409131048514],[-74.336987498645982,4.7884123440900392],[-74.337114677964195,4.7885724077458187],[-74.337247132729388,4.7887277308817957],[-74.337384880631092,4.7888783494655405],[-74.337527755745512,4.7890240820664554],[-74.337675585972221,4.789164753139298],[-74.337828193241862,4.789300193235837],[-74.337985393730392,4.7894302392087731],[-74.338147224177618,4.7895549085869042],[-74.338150491267413,4.7895573344151119],[-74.338153983234307,4.7895599240751725],[-74.338157468026182,4.7895625034845208],[-74.338160961183263,4.7895650853025558],[-74.33816446185854,4.789567670217151],[-74.338167958923165,4.7895702490999614],[-74.338171456564737,4.7895728246230869],[-74.338174957215429,4.7895753990040522],[-74.338178465371016,4.7895779766850994],[-74.338181968701392,4.7895805474574722],[-74.338185475038316,4.7895831173193217],[-74.338188990097564,4.7895856920175497],[-74.338192501528709,4.7895882615955658],[-74.338196013856958,4.7895908293706162],[-74.338199524679709,4.7895933929293877],[-74.338203044235556,4.789595961311055],[-74.338206564687241,4.7895985287876544],[-74.338210083899526,4.7896010935562678],[-74.338213607390287,4.7896036601319407],[-74.338217128397531,4.7896062230939869],[-74.33822064915131,4.7896087836602765],[-74.338224178891053,4.7896113505171947],[-74.338227700542348,4.7896139092798977],[-74.338231228785233,4.7896164719318399],[-74.338234761571968,4.7896190378846555],[-74.338238287417397,4.7896215972384004],[-74.338241821106052,4.7896241622871614],[-74.338245347851583,4.7896267207389389],[-74.338248882441306,4.7896292848829001],[-74.3382524194204,4.7896318514147662],[-74.338255950716373,4.789634413168943],[-74.339488369842826,4.790528427055353],[-74.339491904927499,4.7905309915447551],[-74.339495439525052,4.7905335556808692],[-74.339498981060515,4.7905361264098731],[-74.339502519305029,4.7905386956564282],[-74.339506062329477,4.7905412705918335],[-74.339509598769354,4.7905438416498098],[-74.339513144529036,4.7905464226104426],[-74.339516690626027,4.7905490072001768],[-74.33952023367668,4.7905515927073967],[-74.339523777316671,4.7905541824442119],[-74.339527322497389,4.7905567776055493],[-74.33953086703923,4.7905593770204629],[-74.339534410976654,4.7905619809641209],[-74.339537953395066,4.7905645891921456],[-74.339541496381756,4.790567203731495],[-74.339545042341726,4.7905698277081497],[-74.339548577794076,4.7905724495863806],[-74.339552119799421,4.7905750842547867],[-74.339555656917568,4.7905777228073338],[-74.339559196105711,4.790580371785774],[-74.339562728336546,4.7905830237820961],[-74.33956625932862,4.7905856837594154],[-74.339569790186545,4.7905883534821436],[-74.33957331208201,4.7905910253831872],[-74.339576840620978,4.7905937138070307],[-74.339580356887339,4.7905964028008921],[-74.339583879713985,4.790599109258217],[-74.33958739080316,4.790601818068871],[-74.339590901728073,4.7906045392567354],[-74.33959440282834,4.7906072644526088],[-74.339598325248232,4.7906103332493704],[-74.339683746784985,4.7906816316953824],[-74.339765049814673,4.7907583408899255],[-74.339841557439541,4.7908398631662328],[-74.339912987050951,4.7909258973938407],[-74.33997907479737,4.7910161257758679],[-74.340039576559022,4.7911102150228464],[-74.340094268849484,4.7912078175834827],[-74.340142949641503,4.791308572928985],[-74.340185439112958,4.7914121088843835],[-74.340221580311493,4.7915180430033457],[-74.340251109515037,4.7916255100692613],[-74.340252259684121,4.7916302788384435],[-74.340253293882185,4.791634610995227],[-74.340254318007993,4.7916389460088666],[-74.340255331039174,4.7916432747538167],[-74.340256334284447,4.7916475987522213],[-74.34025733086753,4.7916519401670552],[-74.340258315225498,4.7916562621804468],[-74.34025929310468,4.7916605967739088],[-74.340260261355425,4.7916649239209228],[-74.340261221631351,4.7916692490083976],[-74.340262174930245,4.7916735773975407],[-74.340263120377173,4.7916779009955306],[-74.340264059436066,4.7916822263984873],[-74.340264991491978,4.7916865489481912],[-74.340265917267686,4.7916908695566169],[-74.340266837576166,4.7916951919687607],[-74.340267751317,4.7916995049233826],[-74.340268661607524,4.791703829148112],[-74.340269565360444,4.7917081439493296],[-74.340270464666887,4.7917124566921574],[-74.340271359762923,4.7917167666560134],[-74.340272251042123,4.7917210722552781],[-74.340273140074132,4.7917253854163029],[-74.34027402501097,4.79172969282829],[-74.340274906947926,4.7917339988681578],[-74.340275785708258,4.7917382982463321],[-74.340276662478544,4.7917425932191362],[-74.34027753898205,4.7917469001701019],[-74.340278411684437,4.7917511893765932],[-74.340279284287888,4.7917554816271721],[-74.34028015608699,4.7917597708260455],[-74.340307628946746,4.7918949819591852],[-74.340308500199043,4.7918992720004274],[-74.340309370641862,4.7919035545225563],[-74.34031024143205,4.7919078334227319],[-74.340311113398926,4.7919121136836038],[-74.340311986265831,4.7919163939438869],[-74.340312859291771,4.7919206652603084],[-74.340313733927871,4.7919249312700121],[-74.340314611728076,4.7919292039626527],[-74.340315490568727,4.791933467701762],[-74.340316372099892,4.7919377305399751],[-74.340317255837348,4.7919419858018548],[-74.340318143447945,4.7919462424634531],[-74.340319033856389,4.7919504901682357],[-74.340319928943032,4.7919547413389099],[-74.340320827694157,4.7919589886534224],[-74.340321729802923,4.7919632246874402],[-74.340322637570864,4.7919674612561778],[-74.340323550162609,4.7919716902795058],[-74.340324469768547,4.7919759293783013],[-74.34032539250282,4.7919801490625202],[-74.340326322606828,4.7919843721783293],[-74.340327258370607,4.7919885868421952],[-74.340328201584853,4.7919928021144456],[-74.340329150991536,4.7919970074850742],[-74.340330108658122,4.7920012152984519],[-74.340331072889498,4.7920054119943529],[-74.340332045928534,4.7920096096059419],[-74.340333026665888,4.7920138003436694],[-74.340334015618794,4.7920179827247402],[-74.340335014617665,4.7920221674834522],[-74.340335896196208,4.7920258230693564],[-74.340364930856509,4.792131360955227],[-74.340400206974849,4.7922344427903152],[-74.340441723177946,4.792335158372123],[-74.340489322936435,4.792433127964137],[-74.340542826783235,4.7925279821831879],[-74.340602032990489,4.7926193633921814],[-74.340666717439149,4.7927069258426265],[-74.340736775050715,4.792790486521989],[-74.34081153111687,4.7928692967434801],[-74.340890967904187,4.7929433557162566],[-74.340975467240469,4.7930129609787802],[-74.340978499639263,4.7930152999253952],[-74.340981903651567,4.7930179133001811],[-74.340985308128822,4.793020513592305],[-74.340988731480607,4.7930231178343359],[-74.34099215432073,4.7930257098329418],[-74.340995585842521,4.7930282972670151],[-74.340999025108729,4.7930308800772536],[-74.341002470812398,4.7930334574849374],[-74.341005924285625,4.7930360311451157],[-74.34100938218954,4.7930385985505159],[-74.341012849029582,4.793041163938847],[-74.341016322735754,4.7930437264147479],[-74.341019797578724,4.7930462810786922],[-74.341023286228733,4.7930488394682493],[-74.341026768184918,4.7930513843015987],[-74.341030270907368,4.7930539394492087],[-74.341033763635195,4.7930564795566877],[-74.341037268052418,4.7930590224007918],[-74.341040780946031,4.7930615667597065],[-74.341044291962987,4.7930641042211581],[-74.341047812628247,4.793066644673293],[-74.341051330498729,4.7930691782197448],[-74.341054856931294,4.7930717142030597],[-74.341058390826404,4.7930742531105572],[-74.341061918643263,4.7930767836588117],[-74.341065455228161,4.7930793180572255],[-74.341068997294698,4.7930818548395147],[-74.341072540259688,4.7930843907186746],[-74.341076081906678,4.793086923850348],[-74.341079632583273,4.7930894630566723],[-74.341083178405285,4.7930919976292792],[-74.341683962400452,4.793521515230176],[-74.341695802889063,4.7935299806223055],[-74.341707645758774,4.7935384501697218],[-74.341719487809371,4.7935469222300009],[-74.341731330895129,4.7935554005850882],[-74.341743174029858,4.7935638863415031],[-74.341755014706038,4.7935723796467506],[-74.341766854096392,4.7935808840621972],[-74.341778688072964,4.7935893966305967],[-74.341790520915566,4.7935979244474858],[-74.341802360453144,4.7936064729364904],[-74.341814182022887,4.7936150285919492],[-74.341825996007771,4.7936235986492006],[-74.341837802185054,4.7936321863322346],[-74.34184959914819,4.7936407912872481],[-74.341861386706995,4.7936494161066276],[-74.341873164718322,4.793658061117684],[-74.341884930554102,4.7936667293681641],[-74.341896683582192,4.7936754197384319],[-74.341908421759115,4.7936841336456864],[-74.341920146824094,4.7936928726329606],[-74.341931857779272,4.7937016400546879],[-74.341943551143629,4.7937104346833266],[-74.341955226912063,4.793719258348963],[-74.341966883423183,4.7937281111843628],[-74.341978522571623,4.7937369966901295],[-74.341990140066059,4.7937459143859265],[-74.342001736453952,4.7937548658371414],[-74.342013310910119,4.7937638527442035],[-74.34202486071834,4.7937728755466518],[-74.342036386255174,4.7937819343598154],[-74.342048096073952,4.7937911985699548],[-74.342170383735066,4.7938918026115616],[-74.342289285964057,4.7939968169138432],[-74.342404450408452,4.79410594278127],[-74.342515548801742,4.7942188562962826],[-74.34252581940315,4.7942297022183249],[-74.342535871286884,4.7942403835568266],[-74.342545888004025,4.7942510922915051],[-74.342555871872236,4.79426182802003],[-74.3425658229026,4.7942725898197232],[-74.342575741924648,4.7942833756848042],[-74.342585630335577,4.7942941842972511],[-74.342595490995748,4.7943050167784165],[-74.342605321035506,4.7943158691271588],[-74.342615125501709,4.7943267410654835],[-74.34262490411578,4.7943376341813542],[-74.342634656192317,4.7943485430466772],[-74.342644384455568,4.7943594694574347],[-74.342654090450893,4.7943704104772715],[-74.342663775508058,4.7943813675911473],[-74.34267343961551,4.7943923387221599],[-74.342683083179367,4.7944033206822132],[-74.342692708855878,4.7944143152016263],[-74.342702317229708,4.7944253191771811],[-74.342711911082247,4.7944363338405491],[-74.342721488489261,4.7944473569714292],[-74.342731052168816,4.7944583858434857],[-74.342740594368024,4.794469411485526],[-74.342750136127464,4.794480456096692],[-74.342759666060829,4.7944915027722557],[-74.342769186728006,4.7945025514676809],[-74.342778701078714,4.7945136055978583],[-74.34278820797266,4.794524660835104],[-74.34279770757,4.7945357135958062],[-74.342807204193022,4.7945467677084785],[-74.342816698000206,4.7945578214020612],[-74.343444069397549,4.7952882817001763],[-74.343446916482762,4.7952915965967202],[-74.343449763610849,4.7952949115431789],[-74.343452610739092,4.7952982264897717],[-74.343455457867165,4.7953015414360705],[-74.343458302042706,4.7953048520412604],[-74.343461149596735,4.7953081664337107],[-74.343463997200587,4.7953114810298434],[-74.343466841800776,4.7953147910806262],[-74.34346968730334,4.7953181011333879],[-74.343472538761276,4.795321419164007],[-74.343475381307684,4.7953247248744777],[-74.343478227711671,4.795328034025216],[-74.343481080071058,4.795331351149053],[-74.343483920987268,4.7953346519697284],[-74.343486771292064,4.7953379638478353],[-74.343489621554568,4.7953412755329357],[-74.343492466799205,4.7953445794383418],[-74.343495312943759,4.7953478824420106],[-74.34349816251688,4.7953511885234246],[-74.343501015487419,4.7953544984045839],[-74.343503862993828,4.7953578001405717],[-74.343506713901803,4.795361104777637],[-74.343509562741687,4.7953644050710764],[-74.343512415452111,4.7953677088065332],[-74.343515263118363,4.7953710038535409],[-74.343518120161818,4.7953743097555828],[-74.343520969165667,4.7953776033693023],[-74.343523828012067,4.7953809083666989],[-74.34352667583471,4.7953841967359585],[-74.343529536485221,4.7953874999262256],[-74.343532302383707,4.7953906899388068],[-74.34367732693724,4.7955554050722515],[-74.343824747094871,4.7957177929261947],[-74.343974698771888,4.7958780032718114],[-74.343977619225143,4.7958810754014554],[-74.343980623598455,4.7958842339590433],[-74.343983628871925,4.7958873916151914],[-74.343986635044359,4.7958905483685443],[-74.343989642115673,4.7958937042190959],[-74.34399265595772,4.7958968671773938],[-74.343995658050702,4.7959000141129291],[-74.343998673698394,4.7959031752654591],[-74.344001680902295,4.7959063247769693],[-74.344004695035125,4.7959094806466149],[-74.344007712480746,4.7959126399852448],[-74.344010721482348,4.7959157876952512],[-74.344013740732876,4.7959189461312262],[-74.344016753339432,4.7959220958111493],[-74.344019773346758,4.7959252531915304],[-74.344022784286267,4.7959283983456809],[-74.344025808661954,4.7959315584438107],[-74.344028820498693,4.7959347026953631],[-74.344031845777465,4.7959378618888344],[-74.344034861840001,4.7959410096149853],[-74.344037881365864,4.7959441600542529],[-74.344040907545846,4.7959473183411028],[-74.344043924507545,4.7959504651646618],[-74.344046944932231,4.795953614698842],[-74.34404997201564,4.7959567720813254],[-74.34405299243943,4.7959599216144246],[-74.344056013630393,4.7959630710082273],[-74.344059040847895,4.7959662276253496],[-74.344062062038816,4.795969377019059],[-74.344065086694201,4.7959725300246694],[-74.344068111349202,4.7959756830298979],[-74.345089869067493,4.7970407867277602],[-74.345099951855957,4.7970512985671698],[-74.345110034444559,4.7970618129825384],[-74.345120118501967,4.7970723363098218],[-74.345130201222418,4.7970828693211702],[-74.345140280796841,4.7970934138318704],[-74.345150366617801,4.7971039824961315],[-74.345160436484193,4.7971145567031792],[-74.345170497780472,4.7971251479012809],[-74.345180547269194,4.7971357564666617],[-74.345190584008805,4.7971463841963873],[-74.345200607702822,4.7971570345381354],[-74.345210614121953,4.7971677086411333],[-74.345220602832555,4.7971784070417023],[-74.345230571097744,4.7971891333915826],[-74.345240517029779,4.7971998866708301],[-74.345250440370393,4.7972106714064982],[-74.345260336336864,4.7972214881407798],[-74.34527020442826,4.797232337276399],[-74.345280043455929,4.7972432223719945],[-74.345289850622962,4.7972541443227907],[-74.345299622584051,4.7972651042164918],[-74.345309359894173,4.7972761037540765],[-74.345319058880676,4.7972871466181912],[-74.345328717180848,4.7972982312211467],[-74.345338332489945,4.7973093599365697],[-74.345347904819079,4.7973205348205488],[-74.345357430479254,4.7973317586497641],[-74.345366907649961,4.797343031351966],[-74.345376333086364,4.7973543544029322],[-74.345385705323096,4.7973657290532117],[-74.34539523775193,4.7973774214018361],[-74.345472345594956,4.7974771208339035],[-74.345544991181995,4.7975805574082422],[-74.345612810765616,4.7976872406298829],[-74.345675660406755,4.797796944079793],[-74.345733406714132,4.7979094349288749],[-74.34578592712748,4.7980244744320801],[-74.345833110177324,4.7981418184348472],[-74.345874742824591,4.7982608949859786],[-74.345879359084449,4.7982752726946112],[-74.345883797113061,4.7982893416571324],[-74.345888162741474,4.7983034294228082],[-74.345892457983524,4.7983175316488378],[-74.345896685925794,4.7983316483693583],[-74.345900848528274,4.7983457780359977],[-74.345904948370887,4.7983599199464253],[-74.34590898862551,4.7983740745389616],[-74.345912969777686,4.7983882383330814],[-74.345916896692501,4.7984024122810904],[-74.345920769481822,4.7984165948133501],[-74.345924592322703,4.7984307853297405],[-74.345928366497546,4.7984449814172505],[-74.345932095552087,4.7984591844232369],[-74.345935781642609,4.7984733936975177],[-74.345939426177253,4.7984876066323112],[-74.345943032881095,4.7985018225568208],[-74.345946604088979,4.798516043418334],[-74.345950141083819,4.7985302660935778],[-74.345953647517561,4.7985444896688501],[-74.345957125525999,4.7985587144550257],[-74.345960577842988,4.7985729404443234],[-74.34596400600023,4.7985871655003578],[-74.345967408919478,4.7986013690322746],[-74.345970798873338,4.7986155936577601],[-74.345974172635309,4.7986298193549173],[-74.345977532443072,4.7986440375712069],[-74.345980881167804,4.7986582583705992],[-74.345984220914957,4.7986724688054263],[-74.345987554783846,4.7986866781705562],[-74.345990884992986,4.7987008805361882],[-74.346066559030874,4.7990237047413471],[-74.346069887694412,4.7990379005002239],[-74.346073217637596,4.7990520931250993],[-74.34607655080417,4.7990662802836459],[-74.346079889890788,4.7990804554277178],[-74.346083237623702,4.7990946272535844],[-74.346086595868272,4.799108786624843],[-74.346089968111528,4.7991229378327596],[-74.346093350595751,4.7991370597081477],[-74.346096754522804,4.7991511879107849],[-74.346100180487852,4.7991653052834851],[-74.346103629075927,4.7991794133858541],[-74.346107101884115,4.7991935087105722],[-74.346110602410278,4.7992075883160563],[-74.346114134480345,4.7992216568657051],[-74.346117697211341,4.7992357109327397],[-74.346121296012342,4.799249748974769],[-74.34612493129282,4.7992637736035517],[-74.346128606095206,4.7992777801696871],[-74.346132322241459,4.7992917698422533],[-74.346136083392295,4.7993057412852274],[-74.346139890809994,4.7993196951001647],[-74.34614374661399,4.7993336293640763],[-74.346147653290288,4.7993475426566308],[-74.346151614091184,4.7993614353886285],[-74.346155629316456,4.7993753056428288],[-74.346159703658003,4.7993891526027337],[-74.34616383706863,4.7994029762817325],[-74.346168033869247,4.799416774608547],[-74.346172294093634,4.7994305469876606],[-74.346176621752633,4.7994442912921507],[-74.346180900410289,4.7994576399288293],[-74.346226997003527,4.7995886074581247],[-74.346279587229603,4.7997166701661804],[-74.346338661096098,4.7998418559575269],[-74.34640406284673,4.7999638347554754],[-74.346475819953298,4.8000826158597727],[-74.346483400564352,4.8000943970542123],[-74.346491255630184,4.8001064681283312],[-74.346499172442037,4.8001185038864529],[-74.346507151581093,4.8001305055834242],[-74.346515188474726,4.8001424756239217],[-74.346523282357666,4.8001544127807607],[-74.346531430996592,4.800166320724184],[-74.346539632164138,4.8001781996072195],[-74.346547882392699,4.8001900500036099],[-74.346556181650655,4.8002018730790548],[-74.346564527238229,4.8002136726823101],[-74.346572915724622,4.8002254473148387],[-74.346581345698866,4.8002371983483085],[-74.346589815893807,4.8002489282441294],[-74.346598323652628,4.8002606378783241],[-74.346606866715248,4.8002723283472895],[-74.346615443809597,4.8002840012100032],[-74.346624052270442,4.800295658245628],[-74.346632690695671,4.8003073008338095],[-74.346641355549437,4.8003189304923595],[-74.346650045078746,4.8003305460439636],[-74.346658760121116,4.8003421527777412],[-74.346667495857517,4.8003537517120609],[-74.346676250524141,4.8003653416780407],[-74.346685022570128,4.8003769259734863],[-74.346693819296249,4.8003885180826744],[-74.346702617718705,4.8004000903438229],[-74.346711429299688,4.8004116638502188],[-74.346720250053693,4.8004232377980287],[-74.346729077845637,4.8004348123626919],[-74.346737911216366,4.8004463900736303],[-74.348196531181856,4.8023580608055632],[-74.348205368578846,4.8023696425243525],[-74.348214204907123,4.8023812210345067],[-74.34822304159276,4.8023927943839499],[-74.348231880448253,4.8024043643238024],[-74.348240721029086,4.8024159270107063],[-74.348249565237836,4.8024274828575439],[-74.348258413867839,4.802439029649233],[-74.348267268820209,4.8024505677980605],[-74.348276131870577,4.8024620996243463],[-74.348285001149478,4.8024736173782081],[-74.348293870284991,4.8024851116695775],[-74.348302758978065,4.8024966062616592],[-74.348311658344329,4.8025080864005867],[-74.348320571586484,4.8025195530098284],[-74.348329498304381,4.8025310055878725],[-74.348338440287918,4.8025424423340457],[-74.348347397023645,4.8025538626109974],[-74.348356370794789,4.8025652641105987],[-74.3483653625035,4.8025766470924287],[-74.348374373826843,4.8025880105404433],[-74.348383406262627,4.8025993552192272],[-74.348392458788055,4.8026106780635089],[-74.348401533675869,4.8026219785761315],[-74.348410631921652,4.8026332553244924],[-74.348419754123753,4.8026445079606415],[-74.34842890274065,4.8026557362248008],[-74.348438077364406,4.8026669380461087],[-74.348447279592634,4.8026781132103071],[-74.348456510400482,4.8026892609405634],[-74.34846576973284,4.8027003792220704],[-74.348474901140065,4.8027112774403271],[-74.348576317382225,4.8028280454032197],[-74.348681293045729,4.8029412651138523],[-74.34878987976407,4.8030510040912633],[-74.348902142764317,4.803157316812265],[-74.348912634096209,4.8031669047097028],[-74.348923339716549,4.8031766299163348],[-74.348934073853115,4.8031863269710176],[-74.348944838448872,4.8031959958991166],[-74.348955630507461,4.8032056398952889],[-74.348966448229362,4.8032152565325106],[-74.348977293957617,4.8032248495695589],[-74.348988163396442,4.8032344193587466],[-74.348999057450115,4.8032439658881811],[-74.349009974544273,4.8032534919143997],[-74.349020913068486,4.8032629969132072],[-74.349031872651111,4.8032724822276247],[-74.349042853505992,4.8032819497073191],[-74.349053853250211,4.8032914006149428],[-74.349064869970988,4.8033008340718997],[-74.349075904273661,4.8033102523867406],[-74.349086956206875,4.8033196572537031],[-74.349098022050399,4.8033290486907294],[-74.349109102289276,4.8033384272369544],[-74.349120197479081,4.8033477959163786],[-74.349131303894922,4.8033571538520459],[-74.349142433864259,4.8033665124464067],[-74.349153562246315,4.8033758529558854],[-74.349164701293958,4.8033851882543122],[-74.349175847660177,4.8033945162821245],[-74.349187002898461,4.8034038408958253],[-74.349198164885536,4.8034131619692966],[-74.349209331493938,4.8034224784744328],[-74.349220506620085,4.8034317972735332],[-74.349231683254089,4.8034411129639656],[-74.349242865707524,4.803450432754012],[-74.352247526570778,4.8059543198517112],[-74.352250879544158,4.8059571134403987],[-74.352254239070689,4.8059599133936617],[-74.352257590399049,4.805962705611309],[-74.352260945827041,4.8059655012452476],[-74.352264297152402,4.8059682925573748],[-74.352267654175364,4.8059710887684712],[-74.352271006402361,4.8059738800812966],[-74.352274358627881,4.8059766704899936],[-74.35227771245043,4.8059794614782341],[-74.352281065574999,4.8059822509824137],[-74.35228442029927,4.8059850410681575],[-74.352287771817032,4.8059878268350458],[-74.352291126741576,4.8059906145320967],[-74.352294479157067,4.8059933984932153],[-74.352297832473639,4.8059961815533994],[-74.352301189194392,4.8059989665371932],[-74.35230454501999,4.806001749283709],[-74.352307895301252,4.80600452472728],[-74.352311252933291,4.8060073047724767],[-74.352314613250996,4.8060100861394037],[-74.352317964432373,4.8060128566510247],[-74.352321319917948,4.8060156281792139],[-74.35232468042922,4.8060184022157166],[-74.352328041838803,4.8060211753489419],[-74.352331397508493,4.8060239404598484],[-74.352334757479611,4.8060267065757873],[-74.352338115842414,4.8060294680864288],[-74.352341478503135,4.8060322305932761],[-74.352344843710071,4.806034992814312],[-74.352348209062299,4.8060377526146505],[-74.352351431598933,4.806040391292405],[-74.352474863403216,4.8061393020294574],[-74.352600306454647,4.8062356289070047],[-74.352603655342335,4.8062381439956159],[-74.352607138840469,4.8062407583738267],[-74.352610613030478,4.8062433617143041],[-74.352614097925454,4.8062459708358896],[-74.352617578129326,4.806248573069456],[-74.352621065721792,4.8062511785865052],[-74.352624553073809,4.8062537814499011],[-74.352628041320912,4.8062563825087734],[-74.352631534930623,4.8062589859958305],[-74.352635022549947,4.8062615818751917],[-74.352638516806536,4.806264180895945],[-74.352642015168612,4.8062667816322344],[-74.352645504320577,4.8062693721481935],[-74.352649007808864,4.806271972646968],[-74.352652505647214,4.8062745671464899],[-74.352656005550045,4.8062771616083477],[-74.352659503938639,4.8062797527117267],[-74.352663008957052,4.8062823478255465],[-74.352666513970433,4.806284942032689],[-74.352670021059737,4.8062875371097764],[-74.352673520069203,4.8062901237371944],[-74.35267702896428,4.8062927170103089],[-74.352680536676559,4.8062953085062139],[-74.352684048879809,4.8062979033205337],[-74.352687556589672,4.8063004939116825],[-74.352691061887185,4.8063030811532617],[-74.35269457707912,4.8063056759379768],[-74.352698088998608,4.806308268068876],[-74.352701595196152,4.8063108544084514],[-74.352705116106307,4.8063134531735603],[-74.3527086223053,4.8063160395140985],[-74.352996437815705,4.8065284007530575],[-74.35299994850115,4.8065309904013223],[-74.353003469411789,4.8065335891634016],[-74.353006980110919,4.8065361797248096],[-74.353010496527148,4.8065387751710009],[-74.353014007224672,4.8065413657310607],[-74.353017526049769,4.8065439636212171],[-74.35302104034082,4.8065465584033271],[-74.353024560348288,4.8065491589777656],[-74.353028072555645,4.8065517537913198],[-74.353031589252097,4.8065543528259917],[-74.353035103868407,4.8065569509907595],[-74.353038622072134,4.8065595533803087],[-74.353042143858929,4.8065621609014109],[-74.353045653365314,4.8065647593344734],[-74.353049162868388,4.8065673577650152],[-74.353052690635366,4.8065699737773295],[-74.353056198345698,4.8065725749281905],[-74.353059712938062,4.8065751827569141],[-74.353063233517105,4.8065777981830635],[-74.3530667429944,4.8065804062733291],[-74.353070254879754,4.8065830177296922],[-74.35307377033142,4.8065856343228042],[-74.353077282830924,4.8065882509731814],[-74.353080793155627,4.8065908678172233],[-74.353084308307018,4.8065934914215003],[-74.353087821656032,4.8065961168489926],[-74.353091323906838,4.8065987348945702],[-74.353094835441524,4.8066013630442033],[-74.353098345175169,4.8066039930181255],[-74.353101850679451,4.8066066223179789],[-74.353105503244308,4.8066093661658806],[-74.353233898711508,4.8067079490691951],[-74.353360225546382,4.8068091896014371],[-74.353363742862854,4.8068120705921524],[-74.3533671350215,4.806814852360394],[-74.353370525378196,4.8068176359528616],[-74.35337391143095,4.8068204185717356],[-74.353377292433393,4.806823198691812],[-74.353380683303669,4.8068259911349189],[-74.353384064100382,4.8068287776874659],[-74.353387440589799,4.806831562342829],[-74.353390824433774,4.8068343565293343],[-74.353394194990926,4.8068371404975574],[-74.353397577016565,4.8068399374036668],[-74.35340094827383,4.8068427269057254],[-74.353404323465057,4.8068455222230204],[-74.353407691132546,4.8068483122180563],[-74.35341106380028,4.8068511087585195],[-74.353414429661527,4.8068539005635049],[-74.353417804634788,4.8068567032384406],[-74.353421164581519,4.8068594934423459],[-74.35342453113671,4.8068622907887892],[-74.353427894286696,4.8068650862121389],[-74.353431259938361,4.8068678853708935],[-74.353434620584906,4.8068706811192392],[-74.353437981927883,4.8068734783518385],[-74.353441341672522,4.8068762750056857],[-74.35344470211308,4.8068790731438167],[-74.353448065057165,4.8068818750238602],[-74.353451417988751,4.8068846678125823],[-74.353454772732221,4.8068874619580937],[-74.35345813636755,4.8068902653197734],[-74.353461487706369,4.8068930575318518],[-74.353464845650109,4.8068958559992501],[-74.354807170443834,4.8080144453284648]]},"properties":{"FID":1,"Id":0}}]}