{"type":"FeatureCollection","features":[{"type":"Feature","id":0,"geometry":{"type":"LineString","coordinates":[[-74.077154173005226,4.6121508476042017],[-74.077201973430732,4.612082892290001],[-74.07737574729596,4.6122206098291993],[-74.077375023620789,4.6122215114268883],[-74.077342899831407,4.6122615208410016],[-74.077342797092982,4.6122616492531145],[-74.077397077220482,4.6123053102912817],[-74.077397163737047,4.6123053799232236],[-74.077367933745109,4.6123419665225871],[-74.077367857141894,4.6123418977949591],[-74.077154173005226,4.6121508476042017]]},"properties":{"FID":0,"FID_green_":1,"TYPE":"UTILITIES","Shape_Leng":59485.061439999998,"Shape_Area":190948.93197400001}},{"type":"Feature","id":1,"geometry":{"type":"LineString","coordinates":[[-74.076181624227956,4.613103648152002],[-74.076207472908635,4.6130909498684876],[-74.076240633931263,4.6131447455654326],[-74.076212831406039,4.6131620015726913],[-74.076181624227956,4.613103648152002]]},"properties":{"FID":1,"FID_green_":1,"TYPE":"UTILITIES","Shape_Leng":59485.061439999998,"Shape_Area":190948.93197400001}},{"type":"Feature","id":2,"geometry":{"type":"LineString","coordinates":[[-74.07810561441238,4.6131458605557434],[-74.078113393688227,4.6131279262586604],[-74.078143712397022,4.6131529575532841],[-74.078021480601834,4.6132168942296801],[-74.078023873327766,4.6132153966893847],[-74.078033951616106,4.6132098731520434],[-74.078060243662193,4.6131926360652038],[-74.078066472860172,4.6131887375767562],[-74.07808182775878,4.6131766876239615],[-74.078094995405195,4.6131622638570118],[-74.07810561441238,4.6131458605557434]]},"properties":{"FID":2,"FID_green_":1,"TYPE":"UTILITIES","Shape_Leng":59485.061439999998,"Shape_Area":190948.93197400001}},{"type":"Feature","id":3,"geometry":{"type":"LineString","coordinates":[[-74.075341181482244,4.61369426046363],[-74.075310886341214,4.6136493993243164],[-74.07527546847723,4.6136734810082993],[-74.075332530123475,4.6135906408975016],[-74.075368760885311,4.6135641709284565],[-74.075399942795798,4.6136182026830914],[-74.075369946665305,4.6136377628342782],[-74.075387076900228,4.6136642157828645],[-74.075341181482244,4.61369426046363]]},"properties":{"FID":3,"FID_green_":1,"TYPE":"UTILITIES","Shape_Leng":59485.061439999998,"Shape_Area":190948.93197400001}},{"type":"Feature","id":4,"geometry":{"type":"LineString","coordinates":[[-74.07881915322433,4.6139891383892069],[-74.078930125129389,4.6138479300574682],[-74.078951595738019,4.6138641144630155],[-74.078831838792652,4.6140139038188401],[-74.07881915322433,4.6139891383892069]]},"properties":{"FID":4,"FID_green_":1,"TYPE":"UTILITIES","Shape_Leng":59485.061439999998,"Shape_Area":190948.93197400001}},{"type":"Feature","id":5,"geometry":{"type":"LineString","coordinates":[[-74.075484161840265,4.6141089000087039],[-74.075450986404533,4.6140571444027723],[-74.075361554995823,4.6140868597879052],[-74.075385494961353,4.6140703326773496],[-74.075502981337792,4.6140044793043362],[-74.075527557555574,4.6139881384787396],[-74.075544720231733,4.6140207045637842],[-74.075499432080676,4.6140993957464929],[-74.075484161840265,4.6141089000087039]]},"properties":{"FID":5,"FID_green_":1,"TYPE":"UTILITIES","Shape_Leng":59485.061439999998,"Shape_Area":190948.93197400001}},{"type":"Feature","id":6,"geometry":{"type":"LineString","coordinates":[[-74.081068880527425,4.6141716133347517],[-74.081139921501517,4.6141455380798559],[-74.08126865318448,4.6143354318057375],[-74.081230004566052,4.6143482460920993],[-74.081203305015464,4.6143290386723086],[-74.081118051393616,4.6142677051419172],[-74.081068880527425,4.6141716133347517]]},"properties":{"FID":6,"FID_green_":1,"TYPE":"UTILITIES","Shape_Leng":59485.061439999998,"Shape_Area":190948.93197400001}},{"type":"Feature","id":7,"geometry":{"type":"LineString","coordinates":[[-74.081680264385838,4.615454571857236],[-74.08167301317863,4.6154537200391808],[-74.081665720522366,4.615454063719997],[-74.081658581080106,4.6154555938554527],[-74.08161313656413,4.6155107263242803],[-74.081435958165656,4.6153880702446601],[-74.08156698722037,4.6152366245981655],[-74.081552538780926,4.6152167497405383],[-74.081330993609129,4.6147752646834235],[-74.081327148992315,4.6147709050223016],[-74.081322609540877,4.614767281473763],[-74.081317511339194,4.6147645025544088],[-74.081312011199529,4.6147626532685431],[-74.081306274946158,4.6147617887782451],[-74.081300475612977,4.6147619362119041],[-74.081294789838509,4.6147630901427048],[-74.081289388853861,4.6147652153016336],[-74.081284438482683,4.614768249290357],[-74.081262092025852,4.6147929967752921],[-74.081187892726604,4.614741543694195],[-74.081225573292087,4.6146965305287759],[-74.081228413933928,4.6146974646668264],[-74.081225599427313,4.6146965142510377],[-74.081244903377282,4.6146726141223446],[-74.081259074929193,4.6146554782642326],[-74.081259604841065,4.6146547430568567],[-74.081264519142991,4.614647925432525],[-74.081268598008222,4.6146395496852888],[-74.081271190763076,4.6146305978999722],[-74.081271325939241,4.6146293779841301],[-74.081271686422085,4.6146286057008847],[-74.081271595390461,4.6146269580472845],[-74.081272221706797,4.6146213332314225],[-74.081271658397029,4.6146120278773761],[-74.081270681465938,4.6146098204601449],[-74.081236826842314,4.6145333204754566],[-74.08133229579164,4.6145925505094487],[-74.081355932267542,4.6146394850110779],[-74.081391744283849,4.6147032577104357],[-74.081511884962026,4.6149172061003183],[-74.081640449467514,4.615143593212947],[-74.081742959565332,4.6153240993502642],[-74.081784416902394,4.6153913997107452],[-74.082055243878884,4.6158310503620568],[-74.082000657267542,4.615864164757653],[-74.082051518988095,4.6159485854512656],[-74.082107041722949,4.6160170956691084],[-74.08208495631898,4.6159965625340851],[-74.08201376140633,4.6159303719710385],[-74.081709447755586,4.6154749123450074],[-74.081705106552462,4.6154690225952724],[-74.081699868641792,4.6154639205054311],[-74.081693873713263,4.6154597417211916],[-74.081687279480732,4.6154565974718595],[-74.081680264385838,4.615454571857236]]},"properties":{"FID":7,"FID_green_":1,"TYPE":"UTILITIES","Shape_Leng":59485.061439999998,"Shape_Area":190948.93197400001}},{"type":"Feature","id":8,"geometry":{"type":"LineString","coordinates":[[-74.082197748867827,4.6162085231722525],[-74.082191848577907,4.6162073566504782],[-74.082180151655834,4.6162076949397806],[-74.082102027476651,4.616038265614085],[-74.082148402040787,4.6159822794394261],[-74.082166874520922,4.6160122671641339],[-74.082302469202915,4.6161433316215401],[-74.082308915676919,4.6161512904160276],[-74.082323805746,4.6161700149715106],[-74.082218375207816,4.6162290888684794],[-74.08220498928921,4.6162124984739705],[-74.082197748867827,4.6162085231722525]]},"properties":{"FID":8,"FID_green_":1,"TYPE":"UTILITIES","Shape_Leng":59485.061439999998,"Shape_Area":190948.93197400001}},{"type":"Feature","id":9,"geometry":{"type":"LineString","coordinates":[[-74.082346764657615,4.6163551923161243],[-74.082425565068107,4.6162953173661521],[-74.082758209945283,4.6167060347913838],[-74.082686484155914,4.616774468121922],[-74.082346764657615,4.6163551923161243]]},"properties":{"FID":9,"FID_green_":1,"TYPE":"UTILITIES","Shape_Leng":59485.061439999998,"Shape_Area":190948.93197400001}},{"type":"Feature","id":10,"geometry":{"type":"LineString","coordinates":[[-74.082950598284853,4.6171175145750212],[-74.083051115286125,4.6170385701915686],[-74.083101513767673,4.6170949535637424],[-74.083105099754846,4.617098965057421],[-74.082987134094978,4.6171613534644065],[-74.082950598284853,4.6171175145750212]]},"properties":{"FID":10,"FID_green_":1,"TYPE":"UTILITIES","Shape_Leng":59485.061439999998,"Shape_Area":190948.93197400001}},{"type":"Feature","id":11,"geometry":{"type":"LineString","coordinates":[[-74.083340484226795,4.6175571547461782],[-74.08344765225381,4.6174778991698933],[-74.083511315082717,4.6175480713292965],[-74.083525795133596,4.6175640295760596],[-74.083562541834681,4.6176016286901387],[-74.083612857451698,4.6176542329116446],[-74.083500766906013,4.6177286414492169],[-74.083403033157197,4.6176290360713699],[-74.083340484226795,4.6175571547461782]]},"properties":{"FID":11,"FID_green_":1,"TYPE":"UTILITIES","Shape_Leng":59485.061439999998,"Shape_Area":190948.93197400001}},{"type":"Feature","id":12,"geometry":{"type":"LineString","coordinates":[[-74.084084927510716,4.6179109281097839],[-74.084042660729779,4.6178672249774451],[-74.083976906105519,4.6177992331784425],[-74.08366858115329,4.6174804266421985],[-74.083291837060557,4.6170920320183892],[-74.083096811368549,4.6168861582232141],[-74.083053729992031,4.6168406789708358],[-74.082829994903079,4.6165975603864133],[-74.082829768695049,4.6165973089897374],[-74.082828164510673,4.6165955229882476],[-74.082509394962756,4.6162058289109167],[-74.082449885151888,4.6161330793444257],[-74.082449289441016,4.6161323513785089],[-74.082443489145732,4.6161252616233455],[-74.082387195825859,4.6160564421631358],[-74.082260335667669,4.6159117831609953],[-74.082235299619114,4.615883235144981],[-74.082232948318278,4.6158800655517771],[-74.082178203298767,4.6158061982020335],[-74.082077019865679,4.6156648306873693],[-74.081981856614576,4.6155239876199481],[-74.081833978767577,4.6152874479937926],[-74.081725041107759,4.6150970008203442],[-74.081623746770831,4.614913233727842],[-74.081299689236189,4.6143251423934393],[-74.081354721931149,4.6143043357166489],[-74.081616548231281,4.6148237250976392],[-74.081826494394861,4.6151785934500484],[-74.082040725036236,4.6155140750970682],[-74.082157796117016,4.6156700136713917],[-74.08223158319521,4.6157775574256412],[-74.082254723044912,4.6158014663408791],[-74.082285622263626,4.6158065492637004],[-74.082304127830412,4.6157978560004596],[-74.082304906480886,4.6157974897493741],[-74.082334205259485,4.6158209473692899],[-74.082440782173876,4.6159062810076703],[-74.082494629399449,4.6159493945463197],[-74.082512963899532,4.6159640749964526],[-74.08255201844203,4.6159953439738635],[-74.082552613663808,4.6160544370538634],[-74.082539573094763,4.6160644198318055],[-74.08251799982915,4.6160809336013786],[-74.082467661604738,4.6161194711536542],[-74.082526600933747,4.616190688820474],[-74.082849942379184,4.6165813730759657],[-74.082991456737602,4.6167425400472943],[-74.083075701672456,4.616832509256426],[-74.083124977151812,4.616880074703098],[-74.083152423150182,4.6169107441804238],[-74.083172641320701,4.6169357843807122],[-74.083230737204431,4.6168894289513007],[-74.083268818915116,4.6168590419970972],[-74.083346746322221,4.6169461879671712],[-74.083315836530119,4.6169777577051079],[-74.083267311629697,4.6170273188449213],[-74.083997328505859,4.6177800941621001],[-74.083997586257524,4.6177803591227642],[-74.084099902874868,4.6178858668108891],[-74.084182235875815,4.6178026242493226],[-74.084534817399373,4.6180209277542845],[-74.084555240104748,4.6180335725268113],[-74.084536046074888,4.6180524845649336],[-74.084417342810468,4.6181694411257563],[-74.084416375814669,4.6181710028795715],[-74.084403893770357,4.618158180781057],[-74.084357185806979,4.6181219726372271],[-74.084350564482463,4.6181168407384909],[-74.084084927510716,4.6179109281097839]]},"properties":{"FID":12,"FID_green_":1,"TYPE":"UTILITIES","Shape_Leng":59485.061439999998,"Shape_Area":190948.93197400001}},{"type":"Feature","id":13,"geometry":{"type":"LineString","coordinates":[[-74.083833576155797,4.6181354318340215],[-74.083945482272213,4.6179934585837952],[-74.084008448499432,4.6180578856184873],[-74.084126403011922,4.6182449809650139],[-74.084227654469714,4.6183503945948816],[-74.084283287443867,4.6184078060322795],[-74.084188028176996,4.6184932480094929],[-74.084142483765447,4.6184662023158563],[-74.084073704170848,4.6184522132711283],[-74.083833576155797,4.6181354318340215]]},"properties":{"FID":13,"FID_green_":1,"TYPE":"UTILITIES","Shape_Leng":59485.061439999998,"Shape_Area":190948.93197400001}},{"type":"Feature","id":14,"geometry":{"type":"LineString","coordinates":[[-74.086120392655275,4.6205179975137716],[-74.086214718808151,4.6204010265062596],[-74.086284928693303,4.6204734817136464],[-74.086354735851671,4.6205545206345509],[-74.086436890886262,4.6206498927148516],[-74.086470833310401,4.620689296713592],[-74.08663498574694,4.6208798608808905],[-74.086571041984115,4.620947779039148],[-74.086281192783787,4.6206662852875322],[-74.086120392655275,4.6205179975137716]]},"properties":{"FID":14,"FID_green_":1,"TYPE":"UTILITIES","Shape_Leng":59485.061439999998,"Shape_Area":190948.93197400001}},{"type":"Feature","id":15,"geometry":{"type":"LineString","coordinates":[[-74.086437401988121,4.6201542482407882],[-74.086384756893381,4.6200750864610898],[-74.0864006509387,4.6200796738292684],[-74.086492480608143,4.6201067459205207],[-74.08649504729847,4.6201070623966674],[-74.086498284498731,4.6201073137539446],[-74.086498264673693,4.6201074638697532],[-74.086515004037196,4.6201095544232462],[-74.086536422551035,4.6201112090390835],[-74.086606319705709,4.6201122046956318],[-74.086607386758359,4.6201124615061326],[-74.08660839613492,4.6201128937536335],[-74.08660931899604,4.6201134887781068],[-74.086610131909666,4.6201142303023381],[-74.086610807838824,4.6201150966231559],[-74.086611332363631,4.620116064228716],[-74.086611687459225,4.620117105989884],[-74.086611865915472,4.6201181929688699],[-74.086611860522183,4.6201192944191734],[-74.086611673081364,4.6201203777856366],[-74.0866113071976,4.6201214159388329],[-74.086610775487642,4.6201223799407138],[-74.086548799313022,4.6202021617230047],[-74.086910414294991,4.62051767096583],[-74.086913769592954,4.620520598174509],[-74.086950443551316,4.6205525958108504],[-74.087007406235784,4.6206110026584408],[-74.087101724313058,4.6207077110692145],[-74.087205938004487,4.6208145666002229],[-74.087949389510641,4.6215768626725557],[-74.087951943623438,4.6215794815181619],[-74.088204349360666,4.6218382850885567],[-74.088278813025894,4.6221262182304947],[-74.0882989088648,4.6222047337786476],[-74.08829905216831,4.6222052926403459],[-74.088277107372548,4.6222103516870705],[-74.088261647910386,4.622222437127224],[-74.087977167340654,4.6219004978091141],[-74.087861345229342,4.6217694233212558],[-74.08782280726389,4.6217258098921121],[-74.087591791361788,4.6214643743369708],[-74.087591772435786,4.6214643553467116],[-74.087333780385094,4.6212076785704417],[-74.086979398508277,4.6208551026700793],[-74.086964111726928,4.6208398932754564],[-74.086825047288812,4.6207015383191967],[-74.08681360068303,4.6206901495827575],[-74.086812104630354,4.620688662011565],[-74.086755048249472,4.6206318955689332],[-74.086505903535411,4.6202572546757441],[-74.086461275867421,4.6201901481639922],[-74.086461167718454,4.6201899844851528],[-74.086437401988121,4.6201542482407882]]},"properties":{"FID":15,"FID_green_":1,"TYPE":"UTILITIES","Shape_Leng":59485.061439999998,"Shape_Area":190948.93197400001}},{"type":"Feature","id":16,"geometry":{"type":"LineString","coordinates":[[-74.090998567102972,4.6251630866812219],[-74.090477817739085,4.6246484108525401],[-74.090511483479673,4.6246153938617907],[-74.090357804934101,4.6244689435940369],[-74.090371247437275,4.624455748556608],[-74.090523656333573,4.6246122556810256],[-74.090531218425269,4.624605264318161],[-74.090535845437699,4.6246106611576172],[-74.090687914883191,4.6247803521936017],[-74.090854147216803,4.6249491060635251],[-74.090789452920802,4.6248800875963569],[-74.090814841954142,4.6248574468042465],[-74.09088171443581,4.6249217664311431],[-74.090895560678888,4.6249080351202441],[-74.090944750145866,4.6248295454707575],[-74.090976571338359,4.6247637969776907],[-74.091164415947958,4.624640296228419],[-74.091276673934402,4.6245415243667187],[-74.091902492434244,4.6241880395877191],[-74.092045591594299,4.6242849624647908],[-74.091464409096915,4.6246335550760369],[-74.091245910883686,4.6248442898996194],[-74.091020224277159,4.6250047966792094],[-74.09101975293531,4.6250048807890618],[-74.091020253116909,4.6250048156691861],[-74.09103060477149,4.6250113138461675],[-74.091033520439979,4.6250212458316966],[-74.091205533344464,4.6250930709965514],[-74.091229463146675,4.6253912885914064],[-74.090998567102972,4.6251630866812219]]},"properties":{"FID":16,"FID_green_":1,"TYPE":"UTILITIES","Shape_Leng":59485.061439999998,"Shape_Area":190948.93197400001}},{"type":"Feature","id":17,"geometry":{"type":"LineString","coordinates":[[-74.091003353367967,4.6252969281467653],[-74.091000529401313,4.6253228348849422],[-74.090996252000011,4.6253619952239564],[-74.09098376793311,4.6254934785761463],[-74.090976423674789,4.6255344349336625],[-74.090936973150733,4.6255323575776703],[-74.090940207943447,4.6254991060231081],[-74.090616756016558,4.6251971881631704],[-74.090542794073869,4.6251120812590045],[-74.090527485141976,4.6251268525468054],[-74.090496675091671,4.6250947075905753],[-74.090473400374364,4.6250704263783557],[-74.090165343304861,4.6247490291790871],[-74.090199029802037,4.6247165195210123],[-74.088666620975218,4.6231181214530155],[-74.088546528644585,4.6229949607705736],[-74.088542692083962,4.622934506771232],[-74.088535933430407,4.622912061890645],[-74.08849032627478,4.6227606168201438],[-74.088523400944112,4.6227944176235143],[-74.089555459457145,4.6238490809279336],[-74.089936227318177,4.6242381927997398],[-74.09025541433634,4.6245643782276051],[-74.09030588593086,4.6246159564708167],[-74.090316531444145,4.6246263459008023],[-74.090682270627042,4.6249834396180125],[-74.090834084737665,4.6251316668177802],[-74.090877678053644,4.6251742264609446],[-74.091003353367967,4.6252969281467653]]},"properties":{"FID":17,"FID_green_":1,"TYPE":"UTILITIES","Shape_Leng":59485.061439999998,"Shape_Area":190948.93197400001}},{"type":"Feature","id":18,"geometry":{"type":"LineString","coordinates":[[-74.091717345037196,4.6258734708330964],[-74.091645008954984,4.6258004998590181],[-74.091757553166673,4.6258128920810409],[-74.091717345037196,4.6258734708330964]]},"properties":{"FID":18,"FID_green_":1,"TYPE":"UTILITIES","Shape_Leng":59485.061439999998,"Shape_Area":190948.93197400001}},{"type":"Feature","id":19,"geometry":{"type":"LineString","coordinates":[[-74.092126241637089,4.6262592575928823],[-74.092125763081967,4.6262592078656937],[-74.092126156938363,4.6262600895601693],[-74.092111525499277,4.6262630523829262],[-74.092063579895964,4.6262156656981883],[-74.092031177255436,4.6261836510634833],[-74.091950824523082,4.6261042379787627],[-74.092245909210661,4.626138190560682],[-74.092235904917771,4.6262390096193808],[-74.092514456493305,4.6262690802283553],[-74.092510590914443,4.6263026229905035],[-74.092232794513421,4.6262703793065647],[-74.092126241637089,4.6262592575928823]]},"properties":{"FID":19,"FID_green_":1,"TYPE":"UTILITIES","Shape_Leng":59485.061439999998,"Shape_Area":190948.93197400001}},{"type":"Feature","id":20,"geometry":{"type":"LineString","coordinates":[[-74.091003353367967,4.6252969281467653],[-74.091141661514214,4.6254319734035505],[-74.091168057257178,4.6254577466454059],[-74.091159847903342,4.6255496943717125],[-74.091269969598997,4.6255641973786323],[-74.091278229402874,4.6255653158500047],[-74.091293948070032,4.6255806743518297],[-74.091811672183539,4.626086142840248],[-74.091879641710577,4.6261524997591605],[-74.091922653845529,4.626194498675738],[-74.091977247044468,4.6262478021369979],[-74.091985380823502,4.626255746337347],[-74.092046075493585,4.6263150036478669],[-74.09216721584805,4.6264639202682796],[-74.092258616631995,4.6265762861669444],[-74.092072552406194,4.6263845572313924],[-74.092017035296934,4.6263248711740879],[-74.09192642406849,4.6262573599259147],[-74.091908671462988,4.6262504432172262],[-74.091908837253911,4.626248675287056],[-74.09191026719057,4.6262329185540327],[-74.091851477037721,4.6262282001517496],[-74.091810610360284,4.6262123004892706],[-74.091810515956951,4.6262235645811884],[-74.091533390229458,4.6261961713298252],[-74.091534786408957,4.6261590837250317],[-74.091758488880245,4.6261853205359857],[-74.091764365779952,4.6260935546179596],[-74.091225010965388,4.6255733905661733],[-74.091151077427099,4.625565570614012],[-74.0911378238509,4.6255617601052759],[-74.091129607923449,4.6255457702469993],[-74.091132838344876,4.6255200434584536],[-74.09099491218727,4.6253787738246217],[-74.091003353367967,4.6252969281467653]]},"properties":{"FID":20,"FID_green_":1,"TYPE":"UTILITIES","Shape_Leng":59485.061439999998,"Shape_Area":190948.93197400001}},{"type":"Feature","id":21,"geometry":{"type":"LineString","coordinates":[[-74.094928628644098,4.6290670524143991],[-74.09504974030807,4.6289589563089653],[-74.095050446889871,4.6289594979733177],[-74.095365656384303,4.6292010593987607],[-74.095357841849562,4.629240183675984],[-74.095365532389039,4.6292879292560913],[-74.0952459869264,4.6293904457809312],[-74.095216049943986,4.6293650399336315],[-74.095143205611706,4.6293227507786048],[-74.09495086475593,4.6291010023876797],[-74.094928628644098,4.6290670524143991]]},"properties":{"FID":21,"FID_green_":1,"TYPE":"UTILITIES","Shape_Leng":59485.061439999998,"Shape_Area":190948.93197400001}},{"type":"Feature","id":22,"geometry":{"type":"LineString","coordinates":[[-74.095385853633076,4.6293669690784993],[-74.095415198961803,4.6293386616159955],[-74.095510292547871,4.6294335177334895],[-74.095483609457858,4.6294613458477372],[-74.095385920326152,4.629367034187152],[-74.095385853633076,4.6293669690784993]]},"properties":{"FID":22,"FID_green_":1,"TYPE":"UTILITIES","Shape_Leng":59485.061439999998,"Shape_Area":190948.93197400001}},{"type":"Feature","id":23,"geometry":{"type":"LineString","coordinates":[[-74.094795143965626,4.6292900775953516],[-74.094846845242159,4.6292566421703878],[-74.094988311615339,4.62941622413312],[-74.095134812949595,4.6296361849294652],[-74.094987361831969,4.6296781621493066],[-74.094900251535776,4.6295875668758644],[-74.094891588667124,4.6295798894945435],[-74.094803548625023,4.6295018722833463],[-74.09490896986388,4.6294305937707696],[-74.094795784763392,4.6292908679468896],[-74.094795143965626,4.6292900775953516]]},"properties":{"FID":23,"FID_green_":1,"TYPE":"UTILITIES","Shape_Leng":59485.061439999998,"Shape_Area":190948.93197400001}},{"type":"Feature","id":24,"geometry":{"type":"LineString","coordinates":[[-74.096354481812753,4.630516009385353],[-74.096452353676057,4.630421925045856],[-74.096456979038678,4.6304299542926071],[-74.096490318448488,4.6304616648460453],[-74.096506088412511,4.6304660023988751],[-74.09652025763593,4.6304649638699891],[-74.096632515277008,4.6305819424165557],[-74.096659210674517,4.6306097383823994],[-74.096539809299429,4.630709396593665],[-74.096514833510483,4.6306833458959362],[-74.096461514821087,4.6306277105435889],[-74.096405069660818,4.6305687989546378],[-74.096372589071009,4.6305349044651534],[-74.096354481812753,4.630516009385353]]},"properties":{"FID":24,"FID_green_":1,"TYPE":"UTILITIES","Shape_Leng":59485.061439999998,"Shape_Area":190948.93197400001}},{"type":"Feature","id":25,"geometry":{"type":"LineString","coordinates":[[-74.096116269839811,4.6308400083482733],[-74.096217252977922,4.6307507520723457],[-74.096345698148497,4.6308829823315438],[-74.09624946906105,4.6309731355752435],[-74.096116269839811,4.6308400083482733]]},"properties":{"FID":25,"FID_green_":1,"TYPE":"UTILITIES","Shape_Leng":59485.061439999998,"Shape_Area":190948.93197400001}},{"type":"Feature","id":26,"geometry":{"type":"LineString","coordinates":[[-74.09762995443225,4.6319263292326376],[-74.097680584378196,4.6318676362493685],[-74.097751452374652,4.6319300424796248],[-74.097698748932842,4.6319976872937421],[-74.097697252832106,4.6319961427746525],[-74.09762995443225,4.6319263292326376]]},"properties":{"FID":26,"FID_green_":1,"TYPE":"UTILITIES","Shape_Leng":59485.061439999998,"Shape_Area":190948.93197400001}},{"type":"Feature","id":27,"geometry":{"type":"LineString","coordinates":[[-74.100812221127143,4.6351404906789533],[-74.100910543968482,4.6350559968323859],[-74.101017353687013,4.6351592835864528],[-74.101124163436637,4.6352625721325316],[-74.101037591992778,4.635376985620808],[-74.101037170195951,4.6353765343841289],[-74.100812221127143,4.6351404906789533]]},"properties":{"FID":27,"FID_green_":1,"TYPE":"UTILITIES","Shape_Leng":59485.061439999998,"Shape_Area":190948.93197400001}},{"type":"Feature","id":28,"geometry":{"type":"LineString","coordinates":[[-74.100728830171818,4.6357253948622095],[-74.100780194966575,4.6356765739922006],[-74.100528425583406,4.635434365495354],[-74.100636326882565,4.6353212020321957],[-74.100650381292581,4.6353064613174313],[-74.100685249759536,4.6353422581940178],[-74.100903521560653,4.6355790391720255],[-74.100950487857617,4.6356272735153388],[-74.100844458379001,4.6357383968401038],[-74.100799036962286,4.6356947011712988],[-74.100754530183352,4.6358952198334533],[-74.100695937201735,4.635855222315417],[-74.100728830171818,4.6357253948622095]]},"properties":{"FID":28,"FID_green_":1,"TYPE":"UTILITIES","Shape_Leng":59485.061439999998,"Shape_Area":190948.93197400001}},{"type":"Feature","id":29,"geometry":{"type":"LineString","coordinates":[[-74.102539464212271,4.6369304618319527],[-74.102586537081962,4.6368771981092953],[-74.10260724674545,4.6369012692027196],[-74.102561661781579,4.6369531058727178],[-74.102539464212271,4.6369304618319527]]},"properties":{"FID":29,"FID_green_":1,"TYPE":"UTILITIES","Shape_Leng":59485.061439999998,"Shape_Area":190948.93197400001}},{"type":"Feature","id":30,"geometry":{"type":"LineString","coordinates":[[-74.103708667870265,4.6379103134919282],[-74.103970111389131,4.637740758277106],[-74.104018551319172,4.637782146729581],[-74.103818197470844,4.6379888595956151],[-74.103731522738315,4.6380855914350487],[-74.103675792106543,4.638152708677989],[-74.10358654721972,4.6380594631489807],[-74.103581692018139,4.6380544109482527],[-74.103649665796851,4.6379793959200901],[-74.103708667870265,4.6379103134919282]]},"properties":{"FID":30,"FID_green_":1,"TYPE":"UTILITIES","Shape_Leng":59485.061439999998,"Shape_Area":190948.93197400001}},{"type":"Feature","id":31,"geometry":{"type":"LineString","coordinates":[[-74.104840186109172,4.6398209518864117],[-74.104929791517606,4.6397178959619225],[-74.105140151438803,4.6399349094866817],[-74.105552260530175,4.6403994824649564],[-74.105606339726378,4.6404604452724625],[-74.105672751284985,4.6405353122530784],[-74.105624256539457,4.6405962809533063],[-74.105552872275851,4.6405998648607234],[-74.105326812742604,4.6403951398473078],[-74.105358932803497,4.6403599229431247],[-74.104840186109172,4.6398209518864117]]},"properties":{"FID":31,"FID_green_":1,"TYPE":"UTILITIES","Shape_Leng":59485.061439999998,"Shape_Area":190948.93197400001}},{"type":"Feature","id":32,"geometry":{"type":"LineString","coordinates":[[-74.106808380142738,4.6423036096606296],[-74.107045061185588,4.642055992513388],[-74.106342809291576,4.6412988862953828],[-74.106322996729219,4.6412010027919761],[-74.106408700210196,4.6412882525327239],[-74.106455434549318,4.6413540427797919],[-74.106517220654425,4.6414410312376093],[-74.107051179116155,4.6419965899499376],[-74.10715577745475,4.642103690215782],[-74.107163169838515,4.6421112580744639],[-74.107124560899706,4.6421494640754855],[-74.107078681189378,4.6420922376536753],[-74.107061638653661,4.6420738645996495],[-74.106830009187121,4.6423228904571507],[-74.106808380142738,4.6423036096606296]]},"properties":{"FID":32,"FID_green_":1,"TYPE":"UTILITIES","Shape_Leng":59485.061439999998,"Shape_Area":190948.93197400001}},{"type":"Feature","id":33,"geometry":{"type":"LineString","coordinates":[[-74.108290132101757,4.643275088237079],[-74.108277702835125,4.6432524005498621],[-74.108314331057059,4.643282072974106],[-74.108392774406397,4.6433456208218349],[-74.108392812261926,4.6433456868347882],[-74.108817029379324,4.6436893510821697],[-74.109022298857397,4.64389011680605],[-74.108963751626902,4.6439520465557615],[-74.108925362914505,4.6439160585448844],[-74.108437848610237,4.6434241644859338],[-74.108437833286814,4.6434241156538798],[-74.108290470087979,4.6432754626065993],[-74.108290132101757,4.643275088237079]]},"properties":{"FID":33,"FID_green_":1,"TYPE":"UTILITIES","Shape_Leng":59485.061439999998,"Shape_Area":190948.93197400001}},{"type":"Feature","id":34,"geometry":{"type":"LineString","coordinates":[[-74.110421650419028,4.6448132672776721],[-74.110597483915271,4.644628348497756],[-74.110654899905285,4.6446805832557239],[-74.110440066141919,4.6448796111046935],[-74.110418334990911,4.6448584078636115],[-74.110389886202313,4.6448440740721875],[-74.110421650419028,4.6448132672776721]]},"properties":{"FID":34,"FID_green_":1,"TYPE":"UTILITIES","Shape_Leng":59485.061439999998,"Shape_Area":190948.93197400001}},{"type":"Feature","id":35,"geometry":{"type":"LineString","coordinates":[[-74.110497186668965,4.6454584869600248],[-74.110478150475899,4.6454420592550205],[-74.110454165155943,4.6454573414025679],[-74.110155081764603,4.6451883710872952],[-74.109990977535631,4.6453464746222064],[-74.10995714002668,4.6453102386791931],[-74.10997997773994,4.6452880965073797],[-74.110095127756523,4.6451344543905213],[-74.110095067369826,4.6451343983260944],[-74.110095696414035,4.6451336956483127],[-74.110095897381811,4.6451334288676582],[-74.110095919012863,4.6451334487614719],[-74.110119620822204,4.6451069947961576],[-74.109786696212481,4.6447530867791205],[-74.109693903010438,4.6446544443874016],[-74.109674972959724,4.6446723731927451],[-74.109611797757026,4.6446740671309792],[-74.109515773746821,4.6446588573881469],[-74.109472594491052,4.6446961313790691],[-74.109158929813987,4.6443940228587994],[-74.109201579709861,4.6443495415614535],[-74.109207466369142,4.6441805113256427],[-74.109253378801213,4.6441161169764253],[-74.10926473510348,4.6441272241025233],[-74.109281748827698,4.6441438626366418],[-74.109282884458153,4.6441449766951584],[-74.109340670018753,4.6442014844089714],[-74.109362250602999,4.6442225746521082],[-74.109363108636501,4.644223448176616],[-74.109496496580988,4.6443539087224917],[-74.109749387294443,4.6446018924109165],[-74.109954635212375,4.6448123701427031],[-74.110178191320102,4.6450416249570621],[-74.11046666451746,4.645337445621335],[-74.110540528918847,4.645418524386665],[-74.110497186668965,4.6454584869600248]]},"properties":{"FID":35,"FID_green_":1,"TYPE":"UTILITIES","Shape_Leng":59485.061439999998,"Shape_Area":190948.93197400001}},{"type":"Feature","id":36,"geometry":{"type":"LineString","coordinates":[[-74.110329432629683,4.6448815578159968],[-74.110389889809127,4.644844112957343],[-74.11041833769643,4.6448584458444993],[-74.110834935920295,4.6452649053802482],[-74.110834952144018,4.6452649288915557],[-74.110965163556145,4.6453938944786088],[-74.110890318193569,4.6454587071937246],[-74.110775424984169,4.6453394585831962],[-74.110775406957842,4.6453394323590613],[-74.110678914716701,4.6452392592781848],[-74.11065163235142,4.6452103090840069],[-74.110649036605253,4.6452075347836539],[-74.110356356200626,4.6449090186416244],[-74.110329432629683,4.6448815578159968]]},"properties":{"FID":36,"FID_green_":1,"TYPE":"UTILITIES","Shape_Leng":59485.061439999998,"Shape_Area":190948.93197400001}},{"type":"Feature","id":37,"geometry":{"type":"LineString","coordinates":[[-74.114403379491847,4.6489302040978169],[-74.114421258571582,4.6489104747423031],[-74.114421832706313,4.6489110860255236],[-74.114457178264388,4.6488750609983791],[-74.114645461373044,4.6490624511838652],[-74.114595314440166,4.6491162674829285],[-74.114656293009247,4.6491883648767267],[-74.114535544180001,4.649349286801205],[-74.11450121327313,4.6493133323498386],[-74.114480045431193,4.6492801760443765],[-74.114455310109619,4.6492414321961588],[-74.11437357621881,4.6491134088422399],[-74.114371451774247,4.6491100783810149],[-74.11432110055415,4.6490312053191101],[-74.114286538007491,4.6489770570633402],[-74.114374203594721,4.6489419037745687],[-74.114403379491847,4.6489302040978169]]},"properties":{"FID":37,"FID_green_":1,"TYPE":"UTILITIES","Shape_Leng":59485.061439999998,"Shape_Area":190948.93197400001}},{"type":"Feature","id":38,"geometry":{"type":"LineString","coordinates":[[-74.114378966827303,4.6496714073875953],[-74.114390241757263,4.6496396257401829],[-74.114410477439705,4.6496504284673685],[-74.114449972593974,4.6495481091898574],[-74.114280883550975,4.6493604963978274],[-74.114311317825255,4.649317876504476],[-74.114462709297072,4.6494804399372747],[-74.114517445053167,4.6495392054330011],[-74.114517498231066,4.649539272349128],[-74.114593358807838,4.6496180952201858],[-74.114553739013303,4.6496632341107347],[-74.114488021538875,4.649590321270777],[-74.11438262267373,4.649816423190364],[-74.11437925413361,4.6498236497047998],[-74.114305520464612,4.6497782011506743],[-74.114378966827303,4.6496714073875953]]},"properties":{"FID":38,"FID_green_":1,"TYPE":"UTILITIES","Shape_Leng":59485.061439999998,"Shape_Area":190948.93197400001}},{"type":"Feature","id":39,"geometry":{"type":"LineString","coordinates":[[-74.117115444487482,4.6519983593189353],[-74.117224196288632,4.651898956915228],[-74.117285486721698,4.6519624911470228],[-74.117179711076886,4.6520651489066687],[-74.117115444487482,4.6519983593189353]]},"properties":{"FID":39,"FID_green_":1,"TYPE":"UTILITIES","Shape_Leng":59485.061439999998,"Shape_Area":190948.93197400001}},{"type":"Feature","id":40,"geometry":{"type":"LineString","coordinates":[[-74.11693727912909,4.652115046047391],[-74.116969843347533,4.6520778156083082],[-74.117088334980934,4.6522014416337152],[-74.11705404914467,4.6522350341376244],[-74.11693727912909,4.652115046047391]]},"properties":{"FID":40,"FID_green_":1,"TYPE":"UTILITIES","Shape_Leng":59485.061439999998,"Shape_Area":190948.93197400001}},{"type":"Feature","id":41,"geometry":{"type":"LineString","coordinates":[[-74.118586779253079,4.6538022214227155],[-74.118615745198923,4.6537735296093397],[-74.119039504406743,4.6542020795898642],[-74.119311960196725,4.6544776164930113],[-74.119278444206174,4.6545140259813111],[-74.119006765069898,4.6542344359047361],[-74.118586779253079,4.6538022214227155]]},"properties":{"FID":41,"FID_green_":1,"TYPE":"UTILITIES","Shape_Leng":59485.061439999998,"Shape_Area":190948.93197400001}},{"type":"Feature","id":42,"geometry":{"type":"LineString","coordinates":[[-74.120711508841325,4.6554700712231387],[-74.12080012941118,4.6553622395400867],[-74.120843769128271,4.6553964830504304],[-74.120638577344991,4.6556340215658114],[-74.120598086766037,4.6556015792344549],[-74.120582998789629,4.6555894895417609],[-74.120624413455673,4.6555526327797017],[-74.120711508841325,4.6554700712231387]]},"properties":{"FID":42,"FID_green_":1,"TYPE":"UTILITIES","Shape_Leng":59485.061439999998,"Shape_Area":190948.93197400001}},{"type":"Feature","id":43,"geometry":{"type":"LineString","coordinates":[[-74.120500135792412,4.6557324143801981],[-74.120500153816579,4.6557323944842919],[-74.120504128670049,4.6557366273136651],[-74.120540131292117,4.6557749895340841],[-74.120375149741051,4.6559729547409292],[-74.120331093656191,4.655939241152824],[-74.120318121988177,4.6559293153381276],[-74.120500135792412,4.6557324143801981]]},"properties":{"FID":43,"FID_green_":1,"TYPE":"UTILITIES","Shape_Leng":59485.061439999998,"Shape_Area":190948.93197400001}},{"type":"Feature","id":44,"geometry":{"type":"LineString","coordinates":[[-74.121842986084104,4.6567684995582406],[-74.121968357074849,4.6566501274977652],[-74.122063176206709,4.6567519666255617],[-74.121935377634045,4.6568630284191928],[-74.121842986084104,4.6567684995582406]]},"properties":{"FID":44,"FID_green_":1,"TYPE":"UTILITIES","Shape_Leng":59485.061439999998,"Shape_Area":190948.93197400001}},{"type":"Feature","id":45,"geometry":{"type":"LineString","coordinates":[[-74.122359597766348,4.6569236101156877],[-74.122416075974954,4.6568539719795838],[-74.122462969812318,4.6569081443478888],[-74.122399866772,4.6569842215930359],[-74.122340398264328,4.6570558973272815],[-74.122240998378004,4.6571757174092614],[-74.122194075186627,4.6571277088008811],[-74.122299756267211,4.6569973992413312],[-74.122359597766348,4.6569236101156877]]},"properties":{"FID":45,"FID_green_":1,"TYPE":"UTILITIES","Shape_Leng":59485.061439999998,"Shape_Area":190948.93197400001}},{"type":"Feature","id":46,"geometry":{"type":"LineString","coordinates":[[-74.125747410332593,4.66144216764412],[-74.12585900229233,4.6613167413336649],[-74.126039374127217,4.6614926423552374],[-74.125839247052468,4.6615253306485727],[-74.125747410332593,4.66144216764412]]},"properties":{"FID":46,"FID_green_":1,"TYPE":"UTILITIES","Shape_Leng":59485.061439999998,"Shape_Area":190948.93197400001}},{"type":"Feature","id":47,"geometry":{"type":"LineString","coordinates":[[-74.12620669227698,4.6613458198012161],[-74.126048310717962,4.6611837586595932],[-74.126019242158861,4.6611486065516798],[-74.126060742752699,4.6611288210176864],[-74.126078956262788,4.6611627602913677],[-74.126143070009846,4.6611188272295836],[-74.126211267651826,4.6612090391033272],[-74.126301919842462,4.6611444660431456],[-74.126323484511545,4.6611291048539538],[-74.12636923823122,4.6612008812152981],[-74.126358369536106,4.6612109134727193],[-74.126238408320276,4.6613216309491188],[-74.126622721955627,4.6616403080640412],[-74.126675795185378,4.6617794920012896],[-74.126651923690602,4.6618013960392775],[-74.12620669227698,4.6613458198012161]]},"properties":{"FID":47,"FID_green_":1,"TYPE":"UTILITIES","Shape_Leng":59485.061439999998,"Shape_Area":190948.93197400001}},{"type":"Feature","id":48,"geometry":{"type":"LineString","coordinates":[[-74.128634076444513,4.663798339878694],[-74.128662489964171,4.663770535731258],[-74.128800977998708,4.6639096571995777],[-74.128769529859042,4.6639372924682396],[-74.128634076444513,4.663798339878694]]},"properties":{"FID":48,"FID_green_":1,"TYPE":"UTILITIES","Shape_Leng":59485.061439999998,"Shape_Area":190948.93197400001}},{"type":"Feature","id":49,"geometry":{"type":"LineString","coordinates":[[-74.128437732968223,4.6639763167462354],[-74.128470806460413,4.663928264788253],[-74.12854309616695,4.6640016460291065],[-74.128617704149619,4.6640773792014105],[-74.12856725601732,4.6641160755435509],[-74.128437732968223,4.6639763167462354]]},"properties":{"FID":49,"FID_green_":1,"TYPE":"UTILITIES","Shape_Leng":59485.061439999998,"Shape_Area":190948.93197400001}},{"type":"Feature","id":50,"geometry":{"type":"LineString","coordinates":[[-74.130499915093125,4.6655485568167032],[-74.13051251944384,4.6655356052558448],[-74.130286545189421,4.665299955733329],[-74.130302334325975,4.665282437176157],[-74.130555788342946,4.6655380192057141],[-74.130597523501507,4.6654956356091271],[-74.130644090409106,4.6655369698596205],[-74.13061758627363,4.6655709151038058],[-74.130602225919844,4.6655853888270356],[-74.130574105177857,4.6655752663095269],[-74.130553321065804,4.6655677838188856],[-74.130499915093125,4.6655485568167032]]},"properties":{"FID":50,"FID_green_":1,"TYPE":"UTILITIES","Shape_Leng":59485.061439999998,"Shape_Area":190948.93197400001}},{"type":"Feature","id":51,"geometry":{"type":"LineString","coordinates":[[-74.130414841462354,4.665622476025824],[-74.130446504035959,4.6655937708709807],[-74.130555377302372,4.6657053806092366],[-74.130527168779963,4.6657386224263595],[-74.130463140375952,4.6656724345526914],[-74.130463180929837,4.6656723839083307],[-74.130453530163095,4.6656624417586894],[-74.130442066779565,4.6656506323474716],[-74.130432242954001,4.6656405120617102],[-74.130414818931925,4.6656224977309595],[-74.130414841462354,4.665622476025824]]},"properties":{"FID":51,"FID_green_":1,"TYPE":"UTILITIES","Shape_Leng":59485.061439999998,"Shape_Area":190948.93197400001}},{"type":"Feature","id":52,"geometry":{"type":"LineString","coordinates":[[-74.130789434878821,4.6657790505030077],[-74.130827051264646,4.6657377876445105],[-74.130884512763799,4.6657773847776163],[-74.13085114707205,4.6658696955590937],[-74.130822077803074,4.6659025404615724],[-74.1307907561539,4.6658746331510352],[-74.130789434878821,4.6657790505030077]]},"properties":{"FID":52,"FID_green_":1,"TYPE":"UTILITIES","Shape_Leng":59485.061439999998,"Shape_Area":190948.93197400001}},{"type":"Feature","id":53,"geometry":{"type":"LineString","coordinates":[[-74.130190163791298,4.6660590282008831],[-74.130116480256262,4.6659968859949092],[-74.130176385573151,4.665933814992842],[-74.13018615665456,4.6659497174378313],[-74.130191379740779,4.6659639183144757],[-74.130194178429122,4.665978795796204],[-74.130190851271976,4.6659838384728971],[-74.130182052971819,4.6659840344638912],[-74.130181969050867,4.6659947613836046],[-74.130190242819637,4.665994761667017],[-74.13020059356748,4.666000466175638],[-74.130221420456266,4.6659771605689908],[-74.130241327721777,4.665997956372264],[-74.130190163791298,4.6660590282008831]]},"properties":{"FID":53,"FID_green_":1,"TYPE":"UTILITIES","Shape_Leng":59485.061439999998,"Shape_Area":190948.93197400001}},{"type":"Feature","id":54,"geometry":{"type":"LineString","coordinates":[[-74.130092555551855,4.6656917269036668],[-74.130139559679904,4.6656498864291001],[-74.130181763466695,4.6656912156115222],[-74.130181782395681,4.6656912436436784],[-74.130317020531592,4.6657988453512829],[-74.130615223259881,4.6661365696061159],[-74.130672512659146,4.666200445656731],[-74.13062632503771,4.6662416096814656],[-74.130322200432246,4.6659346459492594],[-74.130131530939963,4.6657329550482558],[-74.130092555551855,4.6656917269036668]]},"properties":{"FID":54,"FID_green_":1,"TYPE":"UTILITIES","Shape_Leng":59485.061439999998,"Shape_Area":190948.93197400001}},{"type":"Feature","id":55,"geometry":{"type":"LineString","coordinates":[[-74.130547486748185,4.666380081627044],[-74.130486228124724,4.6663165666854622],[-74.130458292495206,4.6663475621754031],[-74.130404374528908,4.6663041404185659],[-74.130467758301464,4.6662344803347251],[-74.13054708998169,4.6663173479337932],[-74.130571653313396,4.666338436371583],[-74.130547486748185,4.666380081627044]]},"properties":{"FID":55,"FID_green_":1,"TYPE":"UTILITIES","Shape_Leng":59485.061439999998,"Shape_Area":190948.93197400001}},{"type":"Feature","id":56,"geometry":{"type":"LineString","coordinates":[[-74.134087126827865,4.6698248802838318],[-74.134112360737973,4.6697984199796272],[-74.13415008610086,4.6698346399293076],[-74.134123302011318,4.6698615217678681],[-74.134087126827865,4.6698248802838318]]},"properties":{"FID":56,"FID_green_":1,"TYPE":"UTILITIES","Shape_Leng":59485.061439999998,"Shape_Area":190948.93197400001}},{"type":"Feature","id":57,"geometry":{"type":"LineString","coordinates":[[-74.136478338214147,4.6719305471824146],[-74.136577001460779,4.6718442569698242],[-74.136625675767249,4.6719001391483044],[-74.136630748712136,4.6719059642775118],[-74.136525032156428,4.6719944652219247],[-74.136495631431174,4.671954218722238],[-74.136478338214147,4.6719305471824146]]},"properties":{"FID":57,"FID_green_":1,"TYPE":"UTILITIES","Shape_Leng":59485.061439999998,"Shape_Area":190948.93197400001}},{"type":"Feature","id":58,"geometry":{"type":"LineString","coordinates":[[-74.136263508762966,4.6721375361728095],[-74.136344778557572,4.6720570205572685],[-74.136393475832222,4.672107364762879],[-74.136307197846335,4.6721803786585889],[-74.136263508762966,4.6721375361728095]]},"properties":{"FID":58,"FID_green_":1,"TYPE":"UTILITIES","Shape_Leng":59485.061439999998,"Shape_Area":190948.93197400001}},{"type":"Feature","id":59,"geometry":{"type":"LineString","coordinates":[[-74.136673161524698,4.6720449466244913],[-74.136673196673101,4.672044924013794],[-74.136702244150712,4.672074949133818],[-74.136707329667843,4.6720802054511612],[-74.136749549617306,4.672122396930928],[-74.136688866209738,4.6721812589909124],[-74.136647574586306,4.6721390384913777],[-74.136600583625139,4.6720909901998322],[-74.136673161524698,4.6720449466244913]]},"properties":{"FID":59,"FID_green_":1,"TYPE":"UTILITIES","Shape_Leng":59485.061439999998,"Shape_Area":190948.93197400001}},{"type":"Feature","id":60,"geometry":{"type":"LineString","coordinates":[[-74.137006122329026,4.6725056474707261],[-74.137057869328146,4.6724560733936737],[-74.137147362181864,4.6725431742284416],[-74.13709327380019,4.672594756980688],[-74.137006122329026,4.6725056474707261]]},"properties":{"FID":60,"FID_green_":1,"TYPE":"UTILITIES","Shape_Leng":59485.061439999998,"Shape_Area":190948.93197400001}},{"type":"Feature","id":61,"geometry":{"type":"LineString","coordinates":[[-74.136894115527525,4.6726036758961724],[-74.137000210248416,4.6727133233764997],[-74.136948004743445,4.6726591452434931],[-74.136894115527525,4.6726036758961724]]},"properties":{"FID":61,"FID_green_":1,"TYPE":"UTILITIES","Shape_Leng":59485.061439999998,"Shape_Area":190948.93197400001}},{"type":"Feature","id":62,"geometry":{"type":"LineString","coordinates":[[-74.137768394949489,4.673288124995886],[-74.137826391471478,4.6732276307982428],[-74.137865200791978,4.6732665633726596],[-74.137806538237982,4.6733273153586969],[-74.137768394949489,4.673288124995886]]},"properties":{"FID":62,"FID_green_":1,"TYPE":"UTILITIES","Shape_Leng":59485.061439999998,"Shape_Area":190948.93197400001}},{"type":"Feature","id":63,"geometry":{"type":"LineString","coordinates":[[-74.139273215454182,4.6746826513660809],[-74.139283749273233,4.6746564399558386],[-74.139311028746619,4.6746671915885871],[-74.139305528542337,4.6746818907062941],[-74.139332542864906,4.6746906800118007],[-74.139354480859282,4.6746966537472421],[-74.139301398420372,4.6748625393808227],[-74.139301359661374,4.6748625004989757],[-74.139239941033225,4.6748006593411269],[-74.139221033810301,4.6747812418829984],[-74.13925352545975,4.6747198536459011],[-74.139266897534483,4.6746945887969966],[-74.139273215454182,4.6746826513660809]]},"properties":{"FID":63,"FID_green_":1,"TYPE":"UTILITIES","Shape_Leng":59485.061439999998,"Shape_Area":190948.93197400001}},{"type":"Feature","id":64,"geometry":{"type":"LineString","coordinates":[[-74.139325863465842,4.6748870259005075],[-74.139359768552339,4.6748280764544017],[-74.139389741133854,4.6748597897202462],[-74.139355468211164,4.6749174894456864],[-74.139355154532865,4.6749171675394896],[-74.139325863465842,4.6748870259005075]]},"properties":{"FID":64,"FID_green_":1,"TYPE":"UTILITIES","Shape_Leng":59485.061439999998,"Shape_Area":190948.93197400001}},{"type":"Feature","id":65,"geometry":{"type":"LineString","coordinates":[[-74.139445791375508,4.6750105655712551],[-74.139537065353807,4.6750105574965088],[-74.139557794920691,4.6750289963224239],[-74.139505985223778,4.6750728797720171],[-74.139445791375508,4.6750105655712551]]},"properties":{"FID":65,"FID_green_":1,"TYPE":"UTILITIES","Shape_Leng":59485.061439999998,"Shape_Area":190948.93197400001}},{"type":"Feature","id":66,"geometry":{"type":"LineString","coordinates":[[-74.136894115527525,4.6726036758961724],[-74.136839687301816,4.6725476513445692],[-74.136843717511923,4.672543370005914],[-74.136932613455002,4.6726276024513096],[-74.13712442642769,4.6728238754163707],[-74.137296182457078,4.6730021398252504],[-74.137472123963903,4.6731779911363285],[-74.137703563590719,4.6734186422068849],[-74.137903166467765,4.6736209044205683],[-74.138025322180368,4.6737476363625863],[-74.138113923453048,4.6738395589179973],[-74.138244113983347,4.6739735462980114],[-74.138536849460706,4.6742794231668325],[-74.138659933722309,4.674406035543293],[-74.138689718235526,4.674441797446379],[-74.138740756548643,4.6745030924545761],[-74.138753946540533,4.6745189338851052],[-74.138800502551646,4.6745677389693796],[-74.138866553509345,4.6746369833361792],[-74.138907099166403,4.6746794904296154],[-74.138963234114669,4.674738339723512],[-74.139021605385082,4.6747995354972858],[-74.139043798153395,4.6748228140701809],[-74.139044524660349,4.6748235555394526],[-74.139067027447595,4.6748465202892397],[-74.139102136846347,4.6748823504334371],[-74.139163583487274,4.6749450769189655],[-74.139322242519285,4.6751081251583155],[-74.139142435146169,4.6751055790928655],[-74.139132930868314,4.675134946447348],[-74.139132910143204,4.6751349998033573],[-74.139124171791536,4.675152074823135],[-74.139081276827952,4.6752484326785773],[-74.139022484007867,4.6752216612647191],[-74.139022674147341,4.6752212778211533],[-74.139069820605485,4.6751362379223957],[-74.139072210395938,4.6751311970960936],[-74.139086066138177,4.675102023786347],[-74.139084959569374,4.6750838915912292],[-74.139085113654232,4.6750834755957147],[-74.139089419932787,4.6750719886890142],[-74.139118479599389,4.675022266341359],[-74.13915521352817,4.674959412755916],[-74.139033783845548,4.6748326899999357],[-74.138679540096916,4.674464421424589],[-74.138045557672456,4.6738070368436526],[-74.13801195270014,4.6737719435257237],[-74.13783991262703,4.673585848012074],[-74.137730709850445,4.6734745478556787],[-74.1376177588606,4.6733552828519187],[-74.137282200155326,4.6730059680522471],[-74.137000390522218,4.672713509648811],[-74.136890025542314,4.6727116199585073],[-74.136837266959489,4.6726610808023077],[-74.136894115527525,4.6726036758961724]]},"properties":{"FID":66,"FID_green_":1,"TYPE":"UTILITIES","Shape_Leng":59485.061439999998,"Shape_Area":190948.93197400001}},{"type":"Feature","id":67,"geometry":{"type":"LineString","coordinates":[[-74.140986565041857,4.6765732826961344],[-74.141077611718828,4.6765091390668863],[-74.141198485288086,4.6766783404943784],[-74.141128023896812,4.6767392231415599],[-74.141101829837268,4.6767124923509646],[-74.141019571363969,4.6766131470510901],[-74.140986565041857,4.6765732826961344]]},"properties":{"FID":67,"FID_green_":1,"TYPE":"UTILITIES","Shape_Leng":59485.061439999998,"Shape_Area":190948.93197400001}},{"type":"Feature","id":68,"geometry":{"type":"LineString","coordinates":[[-74.14176867397984,4.6773940522342308],[-74.141830870822858,4.6773367893254481],[-74.1418474294383,4.6773367878043244],[-74.141871185960539,4.6773187356231274],[-74.141906469928998,4.6773584423752794],[-74.141952542798094,4.6773234196936233],[-74.141986912814147,4.6773626599025606],[-74.141918420634354,4.6774123344469247],[-74.141921298669217,4.6774440663682322],[-74.14194776321078,4.6774711787201317],[-74.141893199747386,4.6775218720401828],[-74.14176867397984,4.6773940522342308]]},"properties":{"FID":68,"FID_green_":1,"TYPE":"UTILITIES","Shape_Leng":59485.061439999998,"Shape_Area":190948.93197400001}},{"type":"Feature","id":69,"geometry":{"type":"LineString","coordinates":[[-74.142471748951166,4.6780277376164259],[-74.14248047091607,4.6780191766228967],[-74.142506962054881,4.6780214837681164],[-74.142594500054884,4.6781040607053406],[-74.142570891164425,4.6781202319354023],[-74.142570035110381,4.6781221645222173],[-74.142538743176672,4.678192789400919],[-74.142538649461272,4.6781930010178181],[-74.14246661747805,4.6781115439780185],[-74.142462052833011,4.6781063826086013],[-74.142461912217897,4.6781062442624446],[-74.142426922482073,4.6780717345737362],[-74.142427930942475,4.6780707442624339],[-74.142471748951166,4.6780277376164259]]},"properties":{"FID":69,"FID_green_":1,"TYPE":"UTILITIES","Shape_Leng":59485.061439999998,"Shape_Area":190948.93197400001}},{"type":"Feature","id":70,"geometry":{"type":"LineString","coordinates":[[-74.14405454085508,4.6797133374801581],[-74.144070442010005,4.6796988362868914],[-74.144083093845296,4.6797115225308206],[-74.144095020338384,4.67969774697041],[-74.144138035069474,4.6797477637931255],[-74.144121773292184,4.6797611762348668],[-74.144136593895766,4.6797763997608204],[-74.144089076278959,4.6798218430678222],[-74.144088632879715,4.6798222672306569],[-74.144034307966635,4.6797650875487875],[-74.144072613754844,4.6797329086131896],[-74.14405454085508,4.6797133374801581]]},"properties":{"FID":70,"FID_green_":1,"TYPE":"UTILITIES","Shape_Leng":59485.061439999998,"Shape_Area":190948.93197400001}},{"type":"Feature","id":71,"geometry":{"type":"LineString","coordinates":[[-74.144701690616685,4.6803816771243811],[-74.144738993403365,4.6803793350003184],[-74.144784461752238,4.6804313536841526],[-74.144728048088041,4.6804840142698616],[-74.144660890077432,4.6804144170044983],[-74.144701690616685,4.6803816771243811]]},"properties":{"FID":71,"FID_green_":1,"TYPE":"UTILITIES","Shape_Leng":59485.061439999998,"Shape_Area":190948.93197400001}},{"type":"Feature","id":72,"geometry":{"type":"LineString","coordinates":[[-74.145748741498181,4.6815323136266844],[-74.145817982788188,4.6814734237363274],[-74.145849492373969,4.6815114540597405],[-74.145789987304198,4.6815740669448207],[-74.145748741498181,4.6815323136266844]]},"properties":{"FID":72,"FID_green_":1,"TYPE":"UTILITIES","Shape_Leng":59485.061439999998,"Shape_Area":190948.93197400001}},{"type":"Feature","id":73,"geometry":{"type":"LineString","coordinates":[[-74.147921922996616,4.6837776838422123],[-74.147887547307931,4.6837422420364119],[-74.147880892716614,4.6837486470171052],[-74.147839368043918,4.6837057707057665],[-74.147815240342837,4.6836808576308355],[-74.147798658239353,4.6836637353166086],[-74.147547722450938,4.6834004195968122],[-74.147265984594355,4.6831077439651914],[-74.147142477091649,4.6829794421615736],[-74.146820864551756,4.6826453430430774],[-74.146642685816033,4.6824602469574508],[-74.146729502493699,4.6824744179262021],[-74.146846202270424,4.6825750486479167],[-74.146884717102523,4.6826335553846334],[-74.147055684689548,4.6828102456732621],[-74.147194063126975,4.6829514559171219],[-74.147550709515883,4.6833384443393484],[-74.147606131554326,4.6832928001572647],[-74.147615468540778,4.683305671145261],[-74.147576441530177,4.6833363220633162],[-74.147601536628841,4.6833825441700228],[-74.147778522587927,4.6835682876038476],[-74.147788441465423,4.6835595111998396],[-74.147863713545703,4.683637324782655],[-74.147893468724845,4.683614500665616],[-74.147953596554174,4.6836867850131414],[-74.147986273882921,4.6837191993628506],[-74.147921922996616,4.6837776838422123]]},"properties":{"FID":73,"FID_green_":1,"TYPE":"UTILITIES","Shape_Leng":59485.061439999998,"Shape_Area":190948.93197400001}},{"type":"Feature","id":74,"geometry":{"type":"LineString","coordinates":[[-74.147759455444714,4.6838477515159047],[-74.147700722915516,4.6837762212049467],[-74.147650695599182,4.6838172962879909],[-74.147631883292078,4.6837963887591911],[-74.147662156821539,4.6837653824188248],[-74.147706700144525,4.6837197610235473],[-74.147448952802151,4.6834522870384809],[-74.147415113298266,4.6834790706066967],[-74.147399684749786,4.6834606531979404],[-74.14743116467298,4.6834342062690446],[-74.147286571450749,4.6833005585219647],[-74.147215861526988,4.6832010790024361],[-74.147012235927988,4.6829874021768321],[-74.146780876710267,4.6827488541319564],[-74.146613803243056,4.6825763232081155],[-74.14644494872185,4.6824021393422406],[-74.146309076420138,4.6822820117417878],[-74.146246002388622,4.6821991272330736],[-74.145917794315139,4.681858989357389],[-74.145705731954422,4.6816498851396569],[-74.145664769963489,4.6816909718592763],[-74.145656794682452,4.6816851561248889],[-74.145641567588896,4.6816986100988123],[-74.145610750648757,4.6816651645421112],[-74.145676790951896,4.6816105324608497],[-74.145461300641145,4.6813874515094653],[-74.145264734157053,4.6811828147381389],[-74.145107050286597,4.6810196927595786],[-74.144814122074678,4.6807178809451644],[-74.144637170556962,4.6805562636689855],[-74.144599672531399,4.6805907051371642],[-74.144554228569817,4.6805486736210797],[-74.144392357960143,4.680370724834674],[-74.144435299361362,4.6803312766055694],[-74.144287017637623,4.6801808807701697],[-74.144015048758348,4.6798961905883081],[-74.143977600940119,4.6799277780215753],[-74.143949784982425,4.6799463605834841],[-74.143937360539894,4.6799365084182831],[-74.143901829892812,4.6799023361657399],[-74.143917588488904,4.6798861276551582],[-74.143669121191977,4.6796104402059724],[-74.143700356888445,4.6795749612329471],[-74.143379169721811,4.6792449044812647],[-74.143347284247753,4.6792713874410001],[-74.142971244911934,4.6788889653398567],[-74.142803078467594,4.6787288714216322],[-74.142851828348952,4.6786853560710329],[-74.142568380517289,4.6783976107115324],[-74.142509166929017,4.678337499591871],[-74.142474365294973,4.6783686661968007],[-74.142462233027857,4.6783795307803322],[-74.14237835565082,4.6782923017254401],[-74.142375283734808,4.6782891061838514],[-74.142284385361748,4.678222461637592],[-74.142344312788495,4.6781654249712243],[-74.142322258665459,4.678142795788677],[-74.142073988306066,4.6778880515091643],[-74.141913661452818,4.6777243321752104],[-74.141807217376879,4.6776153818242543],[-74.141761952989299,4.6776607822667735],[-74.141714527898387,4.6776139488613708],[-74.141685428536405,4.6776128699759303],[-74.141596685298637,4.6775559536906055],[-74.1416788460606,4.6774807890848935],[-74.141386797349838,4.6771845046264895],[-74.14135578714739,4.677222010938042],[-74.141304298886908,4.6771731522227959],[-74.141335388063155,4.6771318803654998],[-74.141168459816967,4.6769610083736994],[-74.141101203124322,4.6768988884866767],[-74.141101151745474,4.6768988333285222],[-74.141027679187332,4.6768206887466492],[-74.140995548256001,4.6768435797095051],[-74.140988727687741,4.6768484382733009],[-74.140958924333958,4.6768761580311855],[-74.140915024835692,4.6768250758081402],[-74.140763821768786,4.6767859582408864],[-74.140735638692533,4.6767506348761598],[-74.140782187407709,4.6767149674556912],[-74.140827753773635,4.6766800525057066],[-74.140837732983826,4.6766807949450842],[-74.140930166861338,4.6766876737950263],[-74.141046738564057,4.6768071097291912],[-74.141222887868409,4.6769875828609448],[-74.141502337282233,4.677274751304255],[-74.141502632934973,4.6772750551248858],[-74.141597766450957,4.6773730644265861],[-74.14168841652409,4.6774664531090666],[-74.141853491876219,4.6776365166895708],[-74.142060042594878,4.6778493086012256],[-74.142229455578573,4.6780238398771523],[-74.142356489231389,4.678154712309432],[-74.14236082668549,4.6781591828089084],[-74.142454465045645,4.6782556502809758],[-74.142651111724845,4.6784582396155594],[-74.142703178346551,4.6785118792524676],[-74.142765228703425,4.6785758035594442],[-74.142862361848159,4.6786759538969154],[-74.142862405106925,4.6786759159119189],[-74.143005483638404,4.6788233192901023],[-74.143315401396165,4.6791425997337006],[-74.143398845347306,4.6792285635844575],[-74.143716129590814,4.6795554321048698],[-74.143976533791189,4.6798225735940031],[-74.143977809253357,4.6798238820071845],[-74.144039761561999,4.6798874055962205],[-74.144270673499491,4.6801241713405055],[-74.144465843857262,4.6803253441337],[-74.144465933996116,4.6803254372688681],[-74.14468858638196,4.6805588269708966],[-74.144824064305197,4.6807082807553488],[-74.144824177880736,4.6807084028260562],[-74.144919164648869,4.6808078712216634],[-74.14511470678849,4.6810097844173733],[-74.145473402527571,4.6813792753864965],[-74.14567264227928,4.6815827904935938],[-74.145753717011345,4.6816659301252228],[-74.14592792014119,4.6818466029602126],[-74.146318212311854,4.6822480739606993],[-74.146345664204304,4.6822759501810483],[-74.146716600734479,4.6826526294312254],[-74.147340617217267,4.6833003957782031],[-74.147730797719916,4.6837047181494205],[-74.147756878232727,4.6838348870856175],[-74.147759455444714,4.6838477515159047]]},"properties":{"FID":74,"FID_green_":1,"TYPE":"UTILITIES","Shape_Leng":59485.061439999998,"Shape_Area":190948.93197400001}},{"type":"Feature","id":75,"geometry":{"type":"LineString","coordinates":[[-74.149686929536529,4.6857654210790844],[-74.149632688367419,4.6857076070222012],[-74.149661504837098,4.6857240823518325],[-74.149705076048164,4.6857527154840941],[-74.14971496896267,4.6857631537957056],[-74.149715484565903,4.6857636963273332],[-74.149754719101395,4.6858050915010985],[-74.149795770873368,4.6858484036179098],[-74.14980629026681,4.6858595020083209],[-74.149816505852911,4.6858699466151883],[-74.149816595091679,4.6858700379410836],[-74.149823519655342,4.6858770709336097],[-74.149836077969837,4.6858897606949759],[-74.149840130676111,4.6858939399879276],[-74.149848609269753,4.6859026855790304],[-74.149864497354145,4.6859186865717062],[-74.149898226889491,4.6859529409852883],[-74.149912202216228,4.6859671335586244],[-74.149940503506613,4.6859957782045152],[-74.149975373332396,4.6860312885800548],[-74.14999130289614,4.6860474197857922],[-74.150022973647253,4.686079630670072],[-74.150049469449144,4.6861065401312887],[-74.15002755822448,4.6861284818248397],[-74.149717819802333,4.6857983446533007],[-74.149686929536529,4.6857654210790844]]},"properties":{"FID":75,"FID_green_":1,"TYPE":"UTILITIES","Shape_Leng":59485.061439999998,"Shape_Area":190948.93197400001}},{"type":"Feature","id":76,"geometry":{"type":"LineString","coordinates":[[-74.153100293437234,4.6893821423723683],[-74.153181908863147,4.6893306548981259],[-74.153212111548655,4.6893617209353584],[-74.15313049972643,4.6894132056997986],[-74.153100293437234,4.6893821423723683]]},"properties":{"FID":76,"FID_green_":1,"TYPE":"UTILITIES","Shape_Leng":59485.061439999998,"Shape_Area":190948.93197400001}},{"type":"Feature","id":77,"geometry":{"type":"LineString","coordinates":[[-74.160055712162489,4.694049824096437],[-74.160020397179849,4.6940304932695289],[-74.159898882543317,4.6939618652443089],[-74.159885828803979,4.6939545039118329],[-74.159901115531994,4.6939270735491956],[-74.159529496369771,4.6937128416064438],[-74.159498098907576,4.6937352612764034],[-74.159431823464601,4.6936751000391954],[-74.159423477146959,4.6936663120518718],[-74.159428968531813,4.6936556776524219],[-74.159447887085264,4.6936240201385209],[-74.159447910515183,4.6936239830591306],[-74.159447925834812,4.6936239595453575],[-74.15947716462604,4.6935782451634491],[-74.158947840014235,4.6932887369339227],[-74.158904168085925,4.693370468843483],[-74.158862877904895,4.6933473667855781],[-74.158818025493346,4.6933222720458616],[-74.158877040329102,4.6931998354598665],[-74.159208952183064,4.6933887318986347],[-74.159505266274493,4.6935507400548664],[-74.15970457280406,4.6933981074419631],[-74.159717502883396,4.6934117410712961],[-74.159573284244544,4.6935284878978738],[-74.159638669417987,4.693606066193964],[-74.159521957233324,4.6936929314444571],[-74.159909269902442,4.6939130178355652],[-74.160078810031976,4.6940098690482941],[-74.160133078289178,4.6940400393737374],[-74.160188760480096,4.6939839548477664],[-74.16019800378993,4.6939941724298659],[-74.160211983176779,4.6939784882686268],[-74.160220752477684,4.6939894166924354],[-74.160236154814072,4.6939794349266082],[-74.16027074799014,4.6939387984699756],[-74.160344466654877,4.6940681563687576],[-74.160320133926191,4.694084600475521],[-74.160233072226447,4.6941471102216159],[-74.160166108130298,4.6941103915073965],[-74.160113555232385,4.6940815747303422],[-74.160055712162489,4.694049824096437]]},"properties":{"FID":77,"FID_green_":1,"TYPE":"UTILITIES","Shape_Leng":59485.061439999998,"Shape_Area":190948.93197400001}},{"type":"Feature","id":78,"geometry":{"type":"LineString","coordinates":[[-74.165084065968998,4.6967837341773171],[-74.165167824209135,4.6967428851261515],[-74.165121422190978,4.6967988440816439],[-74.16518717428832,4.6968481404739588],[-74.165107384635789,4.6968463156606566],[-74.165103601502892,4.696843995682678],[-74.165090436727823,4.6968361027312371],[-74.165059226161802,4.6968173920054932],[-74.165059034167143,4.6968172853213073],[-74.165084065968998,4.6967837341773171]]},"properties":{"FID":78,"FID_green_":1,"TYPE":"UTILITIES","Shape_Leng":59485.061439999998,"Shape_Area":190948.93197400001}},{"type":"Feature","id":79,"geometry":{"type":"LineString","coordinates":[[-74.160163857999223,4.6942981206311858],[-74.160097264306785,4.6942611739812934],[-74.159963108338971,4.6943818986503958],[-74.159903072491971,4.6944359236597162],[-74.15988020020734,4.6944321445453054],[-74.159742833444696,4.6942737567807038],[-74.159776484223585,4.6942513965184496],[-74.159925193895205,4.694154764541004],[-74.159941950813163,4.6941438756009024],[-74.160115281924405,4.6942482149274891],[-74.160287787878019,4.694348286879567],[-74.160823548523553,4.6946469394598349],[-74.161224347884996,4.6948690437112539],[-74.161584111344993,4.6950684292299272],[-74.161767163295465,4.6951698451454034],[-74.161837905303287,4.6952090763158889],[-74.161932626698217,4.6952615698665801],[-74.162236217493771,4.6954298147671194],[-74.162693992162644,4.6956835023133721],[-74.163043596085444,4.6958772436122329],[-74.163607137596358,4.6961895456371021],[-74.164051086046399,4.6964355708734633],[-74.164343317724175,4.6965975177400381],[-74.164601936975203,4.6967408381350602],[-74.1649029159002,4.6969074290964308],[-74.164936021895898,4.6969257525479104],[-74.165216951811587,4.6970764834247829],[-74.165398538323743,4.6971705013110672],[-74.165682503042603,4.6973201111761291],[-74.165683673936684,4.6973207286701202],[-74.165683714498755,4.6973207494640761],[-74.165685298225284,4.6973215839396323],[-74.165685264886051,4.6973216608100055],[-74.165683429432448,4.6973259447467717],[-74.165351871828406,4.6971585902264756],[-74.165160959538539,4.6970588148696635],[-74.164896414878015,4.696916320158536],[-74.164815604242762,4.6968727914889037],[-74.164481155230092,4.6966877595024474],[-74.163991273937626,4.6964169332788748],[-74.163426540181092,4.6961017614474141],[-74.16303549807833,4.6958875139224432],[-74.162608499616823,4.6956487981869328],[-74.162211942962202,4.6954281013390089],[-74.16197240888107,4.6952971396100001],[-74.161923088305983,4.695271274241934],[-74.161827963432316,4.6952213851448041],[-74.161822149560052,4.6952183365220312],[-74.161670063510641,4.6951337758943881],[-74.161292658264458,4.6949249669413451],[-74.160950291452309,4.6947344414038721],[-74.160611217622815,4.6945463198560651],[-74.160280699840257,4.6943629456441753],[-74.160163857999223,4.6942981206311858]]},"properties":{"FID":79,"FID_green_":1,"TYPE":"UTILITIES","Shape_Leng":59485.061439999998,"Shape_Area":190948.93197400001}},{"type":"Feature","id":80,"geometry":{"type":"LineString","coordinates":[[-74.214859325103802,4.6975005811734052],[-74.214861513663365,4.6974599141018842],[-74.214468417422211,4.6974788543397281],[-74.2144677063404,4.6974883994292842],[-74.214414253226195,4.697486736959859],[-74.214415113478779,4.6974425406434186],[-74.214917508348094,4.6974239749931748],[-74.214915998903692,4.6974621722713259],[-74.21489055090629,4.697461526185136],[-74.214888617284998,4.6975014932736228],[-74.214859325103802,4.6975005811734052]]},"properties":{"FID":80,"FID_green_":1,"TYPE":"UTILITIES","Shape_Leng":59485.061439999998,"Shape_Area":190948.93197400001}},{"type":"Feature","id":81,"geometry":{"type":"LineString","coordinates":[[-74.21209640070235,4.6976159595585898],[-74.212092136715228,4.6975509796587858],[-74.212092053794294,4.697550982387722],[-74.212091775389553,4.6975468199204986],[-74.212020519628084,4.6975510875254676],[-74.212003087041964,4.6973903640438168],[-74.21207534991845,4.6973832549169714],[-74.212135569733036,4.6975566991493816],[-74.21214021515253,4.6976131658376366],[-74.212103822985014,4.6976154869824631],[-74.21209640070235,4.6976159595585898]]},"properties":{"FID":81,"FID_green_":1,"TYPE":"UTILITIES","Shape_Leng":59485.061439999998,"Shape_Area":190948.93197400001}},{"type":"Feature","id":82,"geometry":{"type":"LineString","coordinates":[[-74.215902799340512,4.6969963083861259],[-74.215956269284689,4.6969920927503734],[-74.21594997409828,4.6971181795716124],[-74.215924336367664,4.6976316703802539],[-74.215886207851923,4.6976227036156777],[-74.215869183827479,4.6976187009185448],[-74.215872883763154,4.6975501962957251],[-74.21589606133486,4.6971210677738711],[-74.215902799340512,4.6969963083861259]]},"properties":{"FID":82,"FID_green_":1,"TYPE":"UTILITIES","Shape_Leng":59485.061439999998,"Shape_Area":190948.93197400001}},{"type":"Feature","id":83,"geometry":{"type":"LineString","coordinates":[[-74.214428497594383,4.6977172815529675],[-74.214472017769339,4.6977168642595331],[-74.214471842126812,4.697731310582359],[-74.214885571590074,4.697744885116963],[-74.214884668216683,4.6977574216887898],[-74.214419860178211,4.6977585476360995],[-74.214418378489157,4.6977173793963534],[-74.214428497594383,4.6977172815529675]]},"properties":{"FID":83,"FID_green_":1,"TYPE":"UTILITIES","Shape_Leng":59485.061439999998,"Shape_Area":190948.93197400001}},{"type":"Feature","id":84,"geometry":{"type":"LineString","coordinates":[[-74.209607383454568,4.6977060124863703],[-74.209641027461444,4.6977034216046691],[-74.209650522610488,4.6977068109534779],[-74.209656938014717,4.6977153463879615],[-74.209661489329747,4.6977709124269831],[-74.20961949186426,4.6977734207920365],[-74.209607383454568,4.6977060124863703]]},"properties":{"FID":84,"FID_green_":1,"TYPE":"UTILITIES","Shape_Leng":59485.061439999998,"Shape_Area":190948.93197400001}},{"type":"Feature","id":85,"geometry":{"type":"LineString","coordinates":[[-74.208907912404456,4.6976418068802479],[-74.20899511535319,4.6976331886814071],[-74.209017054062286,4.6978094030760333],[-74.208891270670421,4.6978164812809133],[-74.208907912404456,4.6976418068802479]]},"properties":{"FID":85,"FID_green_":1,"TYPE":"UTILITIES","Shape_Leng":59485.061439999998,"Shape_Area":190948.93197400001}},{"type":"Feature","id":86,"geometry":{"type":"LineString","coordinates":[[-74.211151462010946,4.6978205624173448],[-74.2113424777273,4.6978096840535972],[-74.211346419712243,4.6978359913703729],[-74.210635901948606,4.6978769224494172],[-74.20987700530948,4.6979206382127323],[-74.20987647467588,4.6979075964099781],[-74.209876093451129,4.6978982179231155],[-74.210024408423195,4.6978882885028135],[-74.21017287789293,4.6978803530167488],[-74.210374008613144,4.697866526763419],[-74.210634004145291,4.6978504040342637],[-74.210707195935072,4.6978458658125595],[-74.211151462010946,4.6978205624173448]]},"properties":{"FID":86,"FID_green_":1,"TYPE":"UTILITIES","Shape_Leng":59485.061439999998,"Shape_Area":190948.93197400001}},{"type":"Feature","id":87,"geometry":{"type":"LineString","coordinates":[[-74.211001194387421,4.6978851107316935],[-74.211350643266528,4.697864170546727],[-74.211356259331836,4.6979016457225153],[-74.211007430317039,4.6979261360979354],[-74.211001194387421,4.6978851107316935]]},"properties":{"FID":87,"FID_green_":1,"TYPE":"UTILITIES","Shape_Leng":59485.061439999998,"Shape_Area":190948.93197400001}},{"type":"Feature","id":88,"geometry":{"type":"LineString","coordinates":[[-74.212795556150056,4.6979310400328638],[-74.212792147049839,4.6978733423506407],[-74.212792206544151,4.6978733794156433],[-74.212792365203597,4.6978735195523029],[-74.212802155216437,4.6978821845219967],[-74.212810473701097,4.6978925525853965],[-74.212815559819759,4.6979017266876886],[-74.212816852764107,4.6979040631636062],[-74.212821269866225,4.6979166846103597],[-74.212823525709723,4.6979298680505543],[-74.212823635792162,4.6979304974261975],[-74.212795556150056,4.6979310400328638]]},"properties":{"FID":88,"FID_green_":1,"TYPE":"UTILITIES","Shape_Leng":59485.061439999998,"Shape_Area":190948.93197400001}},{"type":"Feature","id":89,"geometry":{"type":"LineString","coordinates":[[-74.212117662712316,4.6978925302363441],[-74.212144748014836,4.6978910356146937],[-74.212147783996798,4.6979303642042236],[-74.212120640504779,4.6979339333154044],[-74.212117662712316,4.6978925302363441]]},"properties":{"FID":89,"FID_green_":1,"TYPE":"UTILITIES","Shape_Leng":59485.061439999998,"Shape_Area":190948.93197400001}},{"type":"Feature","id":90,"geometry":{"type":"LineString","coordinates":[[-74.206973009582654,4.6977486382182612],[-74.207042344904352,4.6977455063888289],[-74.207066832734185,4.6979302299061185],[-74.206992635084973,4.6979350808233571],[-74.206973009582654,4.6977486382182612]]},"properties":{"FID":90,"FID_green_":1,"TYPE":"UTILITIES","Shape_Leng":59485.061439999998,"Shape_Area":190948.93197400001}},{"type":"Feature","id":91,"geometry":{"type":"LineString","coordinates":[[-74.204441829643173,4.6981029948438318],[-74.20443352997863,4.6980564896876995],[-74.204446159523371,4.6981026232899303],[-74.204441829643173,4.6981029948438318]]},"properties":{"FID":91,"FID_green_":1,"TYPE":"UTILITIES","Shape_Leng":59485.061439999998,"Shape_Area":190948.93197400001}},{"type":"Feature","id":92,"geometry":{"type":"LineString","coordinates":[[-74.202642039348547,4.6980149875327815],[-74.202991850558007,4.6979966884210302],[-74.202992460627613,4.6980161553151865],[-74.202993071598584,4.6980356222092006],[-74.202671373336813,4.6981036513200509],[-74.202647410829528,4.6981138833268377],[-74.20264322849026,4.6980368860035338],[-74.202642039348547,4.6980149875327815]]},"properties":{"FID":92,"FID_green_":1,"TYPE":"UTILITIES","Shape_Leng":59485.061439999998,"Shape_Area":190948.93197400001}},{"type":"Feature","id":93,"geometry":{"type":"LineString","coordinates":[[-74.204448183000537,4.6981026835100481],[-74.20443122566941,4.6980435784210428],[-74.204517830847323,4.6980332200984627],[-74.204545272834451,4.6980103243924018],[-74.204590148243554,4.6979728851662008],[-74.204578795410086,4.6979391801203914],[-74.204555819571624,4.6978929109512153],[-74.204570721736147,4.6978864026558336],[-74.204600924416908,4.6978732132689682],[-74.204660682702567,4.697852229701069],[-74.204661180027088,4.6978511001317331],[-74.204808469997147,4.6978395478718804],[-74.204793290323053,4.6978714247288664],[-74.204691301403258,4.69808560478572],[-74.204679671617967,4.6980853989165983],[-74.20462901698464,4.6980882802309258],[-74.204589699096786,4.6980907597719499],[-74.204590520882363,4.6981044815666611],[-74.204582050388325,4.6981051622446097],[-74.204452967718751,4.698115441497217],[-74.204448183000537,4.6981026835100481]]},"properties":{"FID":93,"FID_green_":1,"TYPE":"UTILITIES","Shape_Leng":59485.061439999998,"Shape_Area":190948.93197400001}},{"type":"Feature","id":94,"geometry":{"type":"LineString","coordinates":[[-74.215947752721405,4.6982351298832512],[-74.215862868231753,4.6978608210457899],[-74.215921975342994,4.6978761165015372],[-74.215977545284773,4.6982320728386684],[-74.215947752721405,4.6982351298832512]]},"properties":{"FID":94,"FID_green_":1,"TYPE":"UTILITIES","Shape_Leng":59485.061439999998,"Shape_Area":190948.93197400001}},{"type":"Feature","id":95,"geometry":{"type":"LineString","coordinates":[[-74.207065543595959,4.6984464379994604],[-74.207017541635906,4.6980981624063478],[-74.207006164385376,4.6980988490794156],[-74.206868634219219,4.6981071580552562],[-74.206309866333527,4.6981409116445239],[-74.205701116159275,4.6981776826062989],[-74.205086472231187,4.6982148104134254],[-74.205107712939252,4.698190947308273],[-74.20513490829272,4.6981897594979394],[-74.205198927355653,4.6981848572874956],[-74.205294244534699,4.6981784915937492],[-74.205410511864912,4.6981712493884897],[-74.205494702575606,4.6981667910818663],[-74.205591105769443,4.6981600353923136],[-74.205674676511364,4.6981563621158013],[-74.205698369009042,4.6981534314248874],[-74.205698525835473,4.6981534124056319],[-74.205764305480358,4.6981452751160981],[-74.205850677672501,4.6981424052315264],[-74.205850713725027,4.6981424034162833],[-74.205854421738124,4.6981422797480361],[-74.205899301642916,4.6981396191545644],[-74.205899409800793,4.6981396155174231],[-74.205944530761727,4.6981391613840477],[-74.205989505267951,4.6981363009156443],[-74.206034278156764,4.6981300420984953],[-74.206074203863295,4.6981293818282701],[-74.206079381938153,4.6981292958686307],[-74.206095713708308,4.6981283632298956],[-74.20616941050163,4.6981248734807783],[-74.206214376862249,4.698121841181246],[-74.206259411927491,4.6981199247801175],[-74.20630429692703,4.6981155776284771],[-74.206308022922627,4.6981152161219795],[-74.206309054015833,4.6981151164578021],[-74.206349182827253,4.6981112304738133],[-74.206394289317473,4.6981105222039705],[-74.206439257490715,4.6981075568083384],[-74.206442943849993,4.6981073146768573],[-74.206443016855999,4.6981073092375247],[-74.206561952109737,4.6981002933283671],[-74.206574225277464,4.6980996245827997],[-74.20657781789491,4.6980993589560107],[-74.206619173554685,4.6980963046912052],[-74.206649935168386,4.6980937045394331],[-74.206667979358599,4.698092292287849],[-74.206669612535876,4.6980922015546707],[-74.206709091802864,4.6980900103403469],[-74.206740286196705,4.6980882067982277],[-74.206799152000642,4.6980861268321057],[-74.206844106598439,4.6980828810780029],[-74.206889174215618,4.6980815596637724],[-74.206933957941885,4.6980754888828278],[-74.207004789396393,4.6980718539842785],[-74.207015932324026,4.6980712812973335],[-74.207015980994854,4.6980712785753864],[-74.207023975637853,4.6980708692482365],[-74.207060954548595,4.6980681982918773],[-74.207060984291871,4.6980681964777364],[-74.207113881222497,4.6980643759003327],[-74.207203817542975,4.6980583853294258],[-74.207264518940647,4.6980541825758744],[-74.207264646926745,4.6980541744133131],[-74.207443430189912,4.6980439622472092],[-74.207736245016761,4.6980290733776231],[-74.207743811547743,4.6980287536485275],[-74.207747102202703,4.6980283858855243],[-74.207833505548749,4.6980187063241532],[-74.207979052129929,4.6980109337209566],[-74.208013539101898,4.6980094568647859],[-74.208038856890468,4.6980077411780856],[-74.20803889294281,4.6980077384584078],[-74.208193549128083,4.6979997425500661],[-74.208322324667748,4.6979911555258411],[-74.208373452471633,4.6979883091229144],[-74.208463418611132,4.6979828564466848],[-74.208545103531506,4.6979780446597657],[-74.208553397395761,4.6979775556799437],[-74.208598390859166,4.6979749898441083],[-74.208643340921583,4.6979716897168942],[-74.208692723947181,4.6979698193651656],[-74.208693009665382,4.6979698165984844],[-74.208733506865102,4.6979695385903018],[-74.208778628715436,4.6979691159243879],[-74.208823452200889,4.6979637286707208],[-74.208872429197896,4.6979595460718322],[-74.208947454853444,4.6979531375834851],[-74.209003477629423,4.6979497828959431],[-74.209048338111742,4.6979494506925432],[-74.209138312529035,4.6979449501623645],[-74.20913835939723,4.6979449474405914],[-74.209273122772473,4.6979336226803881],[-74.209273155219691,4.6979336208656477],[-74.209318184940471,4.6979321799335336],[-74.209408241488632,4.6979282942813176],[-74.209497252806557,4.6979212283705154],[-74.209498113558581,4.6979211784707546],[-74.209503954027255,4.6979206971785423],[-74.209504027934372,4.6979206908344038],[-74.209574088464095,4.6979156776589335],[-74.209574521093487,4.6979156531607149],[-74.209633027009772,4.6979123449763565],[-74.209633114436684,4.6979123386296395],[-74.209668516779018,4.6979089443893036],[-74.209671505948705,4.6979588805137649],[-74.209671373456075,4.6979588886776344],[-74.209621618402551,4.6979618868388666],[-74.209620065053713,4.6979359633881579],[-74.208949120313761,4.6979762368669782],[-74.209026304997877,4.6979717713171025],[-74.209028377934871,4.6980578102344008],[-74.208880573679636,4.6980662626159315],[-74.208874322369894,4.6979809352696531],[-74.208874062792532,4.6979809515960556],[-74.20797115209254,4.6980354012042511],[-74.207747977579288,4.6980488592152261],[-74.207114880465653,4.6980870367251057],[-74.207130685608362,4.6984458616038056],[-74.207065543595959,4.6984464379994604]]},"properties":{"FID":95,"FID_green_":1,"TYPE":"UTILITIES","Shape_Leng":59485.061439999998,"Shape_Area":190948.93197400001}},{"type":"Feature","id":96,"geometry":{"type":"LineString","coordinates":[[-74.168071005116744,4.6984061830607091],[-74.168101945041613,4.698372969255078],[-74.168122050581132,4.698391852198494],[-74.168036923209641,4.6984955421038244],[-74.168007720042425,4.6984791851653798],[-74.168007860630354,4.6984790422665492],[-74.1680321228568,4.6984543352464101],[-74.168045344799864,4.6984367773051074],[-74.168071005116744,4.6984061830607091]]},"properties":{"FID":96,"FID_green_":1,"TYPE":"UTILITIES","Shape_Leng":59485.061439999998,"Shape_Area":190948.93197400001}},{"type":"Feature","id":97,"geometry":{"type":"LineString","coordinates":[[-74.197500937423285,4.6985138521995271],[-74.197491771090597,4.6983879833446398],[-74.197488850260115,4.6983478751375722],[-74.197615699950219,4.6983394522880895],[-74.197629937742832,4.6983793134775649],[-74.197677276227836,4.6985118413951463],[-74.197664391085993,4.6985127632958079],[-74.197619244765761,4.6985127566064318],[-74.197577069688847,4.6985103222435392],[-74.197567347933514,4.6985097614391123],[-74.197500937423285,4.6985138521995271]]},"properties":{"FID":97,"FID_green_":1,"TYPE":"UTILITIES","Shape_Leng":59485.061439999998,"Shape_Area":190948.93197400001}},{"type":"Feature","id":98,"geometry":{"type":"LineString","coordinates":[[-74.20133582792144,4.6985641130504412],[-74.201337611343163,4.6985369039613243],[-74.201246237744144,4.6985403999563093],[-74.201163747308584,4.6985423950237077],[-74.201163218559287,4.6985186724463111],[-74.201048175042231,4.6985153224918266],[-74.200480956301092,4.6985323134108397],[-74.200481586437945,4.6985175260801784],[-74.200482471508025,4.6985173658618322],[-74.200829996133919,4.6984975607513952],[-74.201172329173829,4.6984780511930371],[-74.201246529178519,4.6984756886392809],[-74.201276200527531,4.6984747437979868],[-74.201461630232473,4.6984688382880142],[-74.201498344469854,4.698467668821352],[-74.20163900360474,4.6984560632429666],[-74.201727190129887,4.6984526482479607],[-74.201727638083938,4.6984526318906257],[-74.201812284239836,4.6984493522573336],[-74.201965876782467,4.6984397310683583],[-74.202252968008935,4.698421747362171],[-74.202447099734044,4.6984095867547424],[-74.202469951590487,4.6984081556636745],[-74.202516634127463,4.6984052318108995],[-74.202704254766132,4.6983934783331165],[-74.203265647498696,4.6983583101020896],[-74.203568118641158,4.6983394621820436],[-74.203784117011111,4.6983258404118571],[-74.203833037489176,4.698322765951052],[-74.204084791786187,4.6983069944023637],[-74.204297257958586,4.6982939582011971],[-74.204249872600386,4.6983578343573598],[-74.203836297340715,4.6983865903993927],[-74.203798586514367,4.6983892124855169],[-74.203647759429032,4.6983996989981573],[-74.202015125422591,4.6985132098322229],[-74.201913211407884,4.698524808573814],[-74.201727600519092,4.6985459319051044],[-74.201729490373324,4.69852433311351],[-74.201666616858148,4.6985243171843649],[-74.201406554700341,4.6985337302568535],[-74.201407158917661,4.6985662399661372],[-74.20133582792144,4.6985641130504412]]},"properties":{"FID":98,"FID_green_":1,"TYPE":"UTILITIES","Shape_Leng":59485.061439999998,"Shape_Area":190948.93197400001}},{"type":"Feature","id":99,"geometry":{"type":"LineString","coordinates":[[-74.204768918776693,4.6985980971947257],[-74.204674629430301,4.6983827764546602],[-74.204651159847785,4.6983923473918665],[-74.204649047936869,4.6983867410777291],[-74.204648835943942,4.6983857346234288],[-74.204648654610736,4.6983848095511176],[-74.204647881462677,4.6983808605863411],[-74.204647848984976,4.6983806941998889],[-74.204647791811468,4.698378540152639],[-74.204647695607235,4.6983748741122699],[-74.204647688349823,4.6983746154819963],[-74.204648011510287,4.6983723302409386],[-74.204648489498851,4.6983689453351429],[-74.204648539008303,4.6983685962638821],[-74.204649238936241,4.6983663941503044],[-74.204650248741885,4.698363215329362],[-74.204650379358796,4.6983628029418654],[-74.204651416414265,4.698360784340994],[-74.204652917486484,4.6983578613491499],[-74.204653155351494,4.6983573983009252],[-74.204654497094097,4.6983556030081592],[-74.204656427257163,4.698353020861572],[-74.204656791302909,4.6983525342783627],[-74.204658370145481,4.6983510283203564],[-74.204660681636156,4.698348825008563],[-74.204661184486753,4.698348345634499],[-74.204662932836584,4.6983471642915635],[-74.204665567978509,4.6983453850403789],[-74.204666211443438,4.6983449508559705],[-74.204668070716906,4.6983441067990546],[-74.204670926769936,4.698342809502833],[-74.204671732485195,4.6983424440161432],[-74.204674005508664,4.6983418395248986],[-74.204694780662081,4.6983948434597576],[-74.204780369013363,4.6985922632329578],[-74.204768918776693,4.6985980971947257]]},"properties":{"FID":99,"FID_green_":1,"TYPE":"UTILITIES","Shape_Leng":59485.061439999998,"Shape_Area":190948.93197400001}},{"type":"Feature","id":100,"geometry":{"type":"LineString","coordinates":[[-74.16792733595446,4.6985661537975645],[-74.167927358483823,4.6985661248568071],[-74.167957246712419,4.6985829013083098],[-74.167957228690028,4.6985829329613846],[-74.167937388846553,4.6986185100849127],[-74.167930789982989,4.6986303447077731],[-74.167895698781777,4.6986094163500951],[-74.167896805081313,4.6986053395887915],[-74.167914418527019,4.6985827323322011],[-74.16792733595446,4.6985661537975645]]},"properties":{"FID":100,"FID_green_":1,"TYPE":"UTILITIES","Shape_Leng":59485.061439999998,"Shape_Area":190948.93197400001}},{"type":"Feature","id":101,"geometry":{"type":"LineString","coordinates":[[-74.195553786004879,4.6984488258535029],[-74.195626128116459,4.6984446836323395],[-74.195633730995539,4.6985263602239309],[-74.195643216538457,4.6986282640269952],[-74.195590888113969,4.6986314867981207],[-74.195479359653405,4.6986383548983843],[-74.195474856694048,4.6986386323781879],[-74.195464328923435,4.6985937904976431],[-74.195451698665977,4.6985399854850911],[-74.195444388216288,4.6985088414967588],[-74.195477482226252,4.698483023368806],[-74.19551426358899,4.6984628438714511],[-74.195553786004879,4.6984488258535029]]},"properties":{"FID":101,"FID_green_":1,"TYPE":"UTILITIES","Shape_Leng":59485.061439999998,"Shape_Area":190948.93197400001}},{"type":"Feature","id":102,"geometry":{"type":"LineString","coordinates":[[-74.211389669651652,4.6981245724665808],[-74.211465357613051,4.6981126446001671],[-74.21147364144133,4.6981681909150232],[-74.211474104762473,4.6981684114766882],[-74.211481037241697,4.6986285889075488],[-74.211430835646482,4.6986439147853654],[-74.211389669651652,4.6981245724665808]]},"properties":{"FID":102,"FID_green_":1,"TYPE":"UTILITIES","Shape_Leng":59485.061439999998,"Shape_Area":190948.93197400001}},{"type":"Feature","id":103,"geometry":{"type":"LineString","coordinates":[[-74.193442490192169,4.6986162001650342],[-74.193748351988617,4.6985937061501977],[-74.193753211700297,4.6986631271561583],[-74.193544872609777,4.6986780774992853],[-74.193480686552263,4.6986823981056318],[-74.193202381117331,4.6987011309414717],[-74.193174539576972,4.6987030056676753],[-74.193068517974794,4.6987087981530395],[-74.193068499036897,4.6987087366633213],[-74.193052593720424,4.6986559404478623],[-74.193442490192169,4.6986162001650342]]},"properties":{"FID":103,"FID_green_":1,"TYPE":"UTILITIES","Shape_Leng":59485.061439999998,"Shape_Area":190948.93197400001}},{"type":"Feature","id":104,"geometry":{"type":"LineString","coordinates":[[-74.192640161244469,4.6986945212973765],[-74.192820559177292,4.6986783893958526],[-74.192835431215201,4.6986906873157679],[-74.192840490189951,4.6986952713139098],[-74.192840367629714,4.6986953907026896],[-74.192824238359506,4.6987112033652663],[-74.192823643270557,4.6987153732220124],[-74.192823620763676,4.6987155323837104],[-74.192640293922295,4.6987231082197143],[-74.192624819223312,4.6987237564502138],[-74.192640161244469,4.6986945212973765]]},"properties":{"FID":104,"FID_green_":1,"TYPE":"UTILITIES","Shape_Leng":59485.061439999998,"Shape_Area":190948.93197400001}},{"type":"Feature","id":105,"geometry":{"type":"LineString","coordinates":[[-74.194001107626931,4.6985698264366542],[-74.194074183808937,4.6985624766775294],[-74.194082697690988,4.6986383945129804],[-74.19409169901077,4.6987186556515397],[-74.194065030961212,4.6987203285566599],[-74.194054183039967,4.6987227086968399],[-74.194047207058773,4.6987242399499625],[-74.193960500086234,4.6987257103730764],[-74.193952463465138,4.6986579339294074],[-74.193945772601126,4.69860151173551],[-74.193980448485604,4.698597373261542],[-74.194001107626931,4.6985698264366542]]},"properties":{"FID":105,"FID_green_":1,"TYPE":"UTILITIES","Shape_Leng":59485.061439999998,"Shape_Area":190948.93197400001}},{"type":"Feature","id":106,"geometry":{"type":"LineString","coordinates":[[-74.197665553797407,4.6986759868137007],[-74.19775441612579,4.6986711226001283],[-74.197771199973403,4.6988045112528232],[-74.197699774502212,4.6988087367353328],[-74.197665553797407,4.6986759868137007]]},"properties":{"FID":106,"FID_green_":1,"TYPE":"UTILITIES","Shape_Leng":59485.061439999998,"Shape_Area":190948.93197400001}},{"type":"Feature","id":107,"geometry":{"type":"LineString","coordinates":[[-74.191231269407425,4.6988139555574735],[-74.191322781273442,4.6988008634427239],[-74.191325183726264,4.6988312884515873],[-74.191235252728603,4.6988385249225342],[-74.191231269407425,4.6988139555574735]]},"properties":{"FID":107,"FID_green_":1,"TYPE":"UTILITIES","Shape_Leng":59485.061439999998,"Shape_Area":190948.93197400001}},{"type":"Feature","id":108,"geometry":{"type":"LineString","coordinates":[[-74.195451443265341,4.6988169122543422],[-74.195513258944416,4.6988132104135154],[-74.195515355842062,4.6988639552252085],[-74.195530566595863,4.6989338275191201],[-74.19546910491249,4.6989416203850256],[-74.195451443265341,4.6988169122543422]]},"properties":{"FID":108,"FID_green_":1,"TYPE":"UTILITIES","Shape_Leng":59485.061439999998,"Shape_Area":190948.93197400001}},{"type":"Feature","id":109,"geometry":{"type":"LineString","coordinates":[[-74.189688960495559,4.6989332655836966],[-74.1902495962877,4.6988907794269164],[-74.190251261115762,4.6989193579653756],[-74.190107521889544,4.6989313813488449],[-74.189943616730787,4.6989450899663003],[-74.189759405015906,4.6989603924912489],[-74.189692717046412,4.6989660750389124],[-74.189691793888841,4.6989648055407196],[-74.189688960495559,4.6989332655836966]]},"properties":{"FID":109,"FID_green_":1,"TYPE":"UTILITIES","Shape_Leng":59485.061439999998,"Shape_Area":190948.93197400001}},{"type":"Feature","id":110,"geometry":{"type":"LineString","coordinates":[[-74.194072198947296,4.6989088535973087],[-74.194088628070446,4.6989077331269122],[-74.194119501325304,4.6990339854522105],[-74.194108046745811,4.6990359840774127],[-74.194072198947296,4.6989088535973087]]},"properties":{"FID":110,"FID_green_":1,"TYPE":"UTILITIES","Shape_Leng":59485.061439999998,"Shape_Area":190948.93197400001}},{"type":"Feature","id":111,"geometry":{"type":"LineString","coordinates":[[-74.19353902845927,4.6990052855720394],[-74.193623226412683,4.6989997390038756],[-74.193623964659395,4.6990110155852918],[-74.193630694728128,4.6991138431775141],[-74.193550170064441,4.6991218832132535],[-74.193540057749047,4.6990160611192424],[-74.19353902845927,4.6990052855720394]]},"properties":{"FID":111,"FID_green_":1,"TYPE":"UTILITIES","Shape_Leng":59485.061439999998,"Shape_Area":190948.93197400001}},{"type":"Feature","id":112,"geometry":{"type":"LineString","coordinates":[[-74.184678731727018,4.6990741111017078],[-74.184723042006524,4.6990703857777492],[-74.184847579794877,4.6992364552441392],[-74.184775328545214,4.6992405972404852],[-74.184678731727018,4.6990741111017078]]},"properties":{"FID":112,"FID_green_":1,"TYPE":"UTILITIES","Shape_Leng":59485.061439999998,"Shape_Area":190948.93197400001}},{"type":"Feature","id":113,"geometry":{"type":"LineString","coordinates":[[-74.19118180952826,4.6991712796434078],[-74.191203152637982,4.6990697876233769],[-74.19081380066774,4.6990903643133821],[-74.190627113059477,4.6991004143523822],[-74.189674260031538,4.6991707841328836],[-74.189517187129283,4.6991806862290284],[-74.189259670875614,4.6991969200787871],[-74.189264188331151,4.6991914103174013],[-74.189286357292957,4.6991802024013376],[-74.189304294603716,4.6991750395500844],[-74.189529298287013,4.6991585956846444],[-74.189543294764064,4.6991575335876385],[-74.189989704752819,4.6991236523779643],[-74.190068643467541,4.6991176612635259],[-74.190074772135972,4.6991043778156429],[-74.190213629246713,4.6990943166689272],[-74.190372700989485,4.6990827917664983],[-74.190462131917542,4.6990763123917239],[-74.190475333462416,4.6990754873332641],[-74.190565302615752,4.6990698624280096],[-74.190655259149182,4.6990642393218423],[-74.190711301042725,4.6990607350774347],[-74.190711687706312,4.699060710598352],[-74.19074521658186,4.6990586143953132],[-74.190834269063615,4.6990528593841789],[-74.190880138709716,4.6990498830864125],[-74.190925089015636,4.6990469666194867],[-74.190969982538221,4.6990440528718178],[-74.191016702120777,4.6990410167425125],[-74.191061692083863,4.6990381020689682],[-74.191104194933757,4.6990329460213331],[-74.191148960497728,4.6990302249003726],[-74.191193769427954,4.6990281404014516],[-74.191238663446725,4.6990283048966646],[-74.191283444355207,4.6990257257407686],[-74.191328594773466,4.6990340615042214],[-74.191373368602171,4.6990322889853235],[-74.19141817482695,4.6990302008551792],[-74.191463046970156,4.6990288650946228],[-74.191508005771027,4.6990283350543347],[-74.191552788901845,4.699017255397286],[-74.191642850467559,4.6990146850864143],[-74.191642881112372,4.6990146841771017],[-74.191732931485433,4.6990098051613201],[-74.191778013818109,4.6990095970165857],[-74.19182314097462,4.6990079021813047],[-74.191868316863292,4.6990065817181392],[-74.191890892925386,4.6990049095681208],[-74.191913478000288,4.6990032356073241],[-74.192038348262585,4.6989982938654071],[-74.192038320343116,4.6989984258987754],[-74.1920427043259,4.6989981104797263],[-74.192098664385469,4.6989958387075967],[-74.1922417751436,4.6989880110007602],[-74.192296104489927,4.6989844038201802],[-74.192423546297036,4.6989744381620815],[-74.192501561953051,4.6989680806809373],[-74.192554841082867,4.6989634237533942],[-74.192591424259874,4.6989596865453267],[-74.192693000675433,4.698954464579292],[-74.192726536809431,4.6989527408543745],[-74.192816316251907,4.6989447283210302],[-74.192920091549937,4.6989374369045027],[-74.192940699151777,4.6989359721327704],[-74.192955281982208,4.699003720376548],[-74.19293723375327,4.6990083425640101],[-74.192925162321387,4.6989644097255514],[-74.192698378296242,4.6989784332445774],[-74.191354557329532,4.6990615301039025],[-74.191287079210284,4.6991635812870705],[-74.191213399684798,4.69927500932799],[-74.191161481421474,4.6992679406904285],[-74.19118180952826,4.6991712796434078]]},"properties":{"FID":113,"FID_green_":1,"TYPE":"UTILITIES","Shape_Leng":59485.061439999998,"Shape_Area":190948.93197400001}},{"type":"Feature","id":114,"geometry":{"type":"LineString","coordinates":[[-74.193042107477439,4.6990923280488701],[-74.193063936626842,4.6990869130592516],[-74.193124480544697,4.699329150507193],[-74.193086893321791,4.6993386257360568],[-74.193025527608356,4.6991085468244549],[-74.19304537244706,4.6991055719837211],[-74.193042107477439,4.6990923280488701]]},"properties":{"FID":114,"FID_green_":1,"TYPE":"UTILITIES","Shape_Leng":59485.061439999998,"Shape_Area":190948.93197400001}},{"type":"Feature","id":115,"geometry":{"type":"LineString","coordinates":[[-74.189497949776012,4.6992571584082041],[-74.189532953985349,4.69924849766302],[-74.189543261084054,4.6992852958677425],[-74.18955691309904,4.6993340358102547],[-74.189517330890652,4.6993416076026877],[-74.189505005735114,4.6992879037060815],[-74.189497949776012,4.6992571584082041]]},"properties":{"FID":115,"FID_green_":1,"TYPE":"UTILITIES","Shape_Leng":59485.061439999998,"Shape_Area":190948.93197400001}},{"type":"Feature","id":116,"geometry":{"type":"LineString","coordinates":[[-74.187637928856915,4.6993506716165223],[-74.18762093727949,4.6992828440515311],[-74.18696535581222,4.6993154010707681],[-74.187463928945419,4.6992623139412224],[-74.187503959650627,4.6992580510530404],[-74.187717450727675,4.6992353183246314],[-74.187722752553469,4.6992885051988749],[-74.187728497545038,4.6993398698245654],[-74.187728521011962,4.6993400769071325],[-74.187637928856915,4.6993506716165223]]},"properties":{"FID":116,"FID_green_":1,"TYPE":"UTILITIES","Shape_Leng":59485.061439999998,"Shape_Area":190948.93197400001}},{"type":"Feature","id":117,"geometry":{"type":"LineString","coordinates":[[-74.18194761073083,4.6993165769820937],[-74.181951661191405,4.6992796580405871],[-74.182110270208256,4.6993066468123876],[-74.182421600381687,4.699351593818883],[-74.182620085837598,4.6993728874753478],[-74.182703662848866,4.6993787555755473],[-74.182660345369072,4.6993796392894085],[-74.182655608026565,4.6993797349562758],[-74.182594983874765,4.699384251164922],[-74.182443252381361,4.6993904612924391],[-74.18242750549544,4.6993913914818579],[-74.182427425278306,4.6993913960154963],[-74.182264863081741,4.6994010006943761],[-74.182256317707697,4.6994015056776108],[-74.182255924734108,4.6994015292486493],[-74.182032808536263,4.6994147122705785],[-74.182030380420855,4.6993666469075484],[-74.18194356387545,4.6993534977316171],[-74.18194761073083,4.6993165769820937]]},"properties":{"FID":117,"FID_green_":1,"TYPE":"UTILITIES","Shape_Leng":59485.061439999998,"Shape_Area":190948.93197400001}},{"type":"Feature","id":118,"geometry":{"type":"LineString","coordinates":[[-74.18132491357872,4.6995010102824422],[-74.181331404277742,4.6994723545383197],[-74.181380417073598,4.6994825803745179],[-74.181437430115096,4.6993048059099891],[-74.181469422153697,4.6993139997505322],[-74.181437043028396,4.6994115105818564],[-74.181434090398085,4.699479164040631],[-74.181433561252973,4.69948478981365],[-74.181430204680481,4.6995210132369971],[-74.18132491357872,4.6995010102824422]]},"properties":{"FID":118,"FID_green_":1,"TYPE":"UTILITIES","Shape_Leng":59485.061439999998,"Shape_Area":190948.93197400001}},{"type":"Feature","id":119,"geometry":{"type":"LineString","coordinates":[[-74.184582111638946,4.6994872477311631],[-74.184619876033153,4.6994861549519475],[-74.184622591232383,4.699512471675539],[-74.184623486418175,4.6995372097588923],[-74.184480844375017,4.6995467431657341],[-74.184181403932385,4.6995648155125149],[-74.183143522129825,4.6996411560198545],[-74.182543210046504,4.6996853109107635],[-74.182543228878828,4.6996786524954635],[-74.182543329906963,4.6996430616693807],[-74.182539160902763,4.6996224540452456],[-74.182863394226757,4.699598929301402],[-74.183135630721196,4.6995791760146766],[-74.183139681226351,4.6995788824053797],[-74.183206922855476,4.6995740043271121],[-74.183207049940762,4.699573995264779],[-74.18426840683172,4.6995050284060635],[-74.184582111638946,4.6994872477311631]]},"properties":{"FID":119,"FID_green_":1,"TYPE":"UTILITIES","Shape_Leng":59485.061439999998,"Shape_Area":190948.93197400001}},{"type":"Feature","id":120,"geometry":{"type":"LineString","coordinates":[[-74.184828664465797,4.6996007799132444],[-74.18482268598656,4.6995182899544439],[-74.184753256830177,4.6995229415437469],[-74.184753013007267,4.6995198958754658],[-74.184753515857409,4.6995193170416565],[-74.184787788976465,4.6994799138267336],[-74.184819729716139,4.6994775043578025],[-74.184891757264012,4.6994720719447791],[-74.184912575808568,4.6998356227337412],[-74.18484285099909,4.699834459684574],[-74.184828664465797,4.6996007799132444]]},"properties":{"FID":120,"FID_green_":1,"TYPE":"UTILITIES","Shape_Leng":59485.061439999998,"Shape_Area":190948.93197400001}},{"type":"Feature","id":121,"geometry":{"type":"LineString","coordinates":[[-74.181054433712347,4.7001802131399737],[-74.181202295077071,4.6998018137183397],[-74.18112524556615,4.6998030812598151],[-74.180552485166743,4.6998125085713589],[-74.180175122849761,4.699840586928044],[-74.179929254964833,4.6998581196355804],[-74.179602430555832,4.6998662945945089],[-74.179906399796792,4.6998376205438017],[-74.180446116110161,4.6997867081314348],[-74.181088266394013,4.699726131131194],[-74.181144333386484,4.6997391972679674],[-74.181220091383963,4.6997568380726715],[-74.181247792683493,4.6997568637922447],[-74.181322799084995,4.6997569340117824],[-74.181342256194412,4.6997645480915704],[-74.181326323164484,4.6997989105152467],[-74.181215089271802,4.7000267292525217],[-74.181153306660903,4.7000177622915809],[-74.181092261383199,4.7001800474562581],[-74.181054433712347,4.7001802131399737]]},"properties":{"FID":121,"FID_green_":1,"TYPE":"UTILITIES","Shape_Leng":59485.061439999998,"Shape_Area":190948.93197400001}},{"type":"Feature","id":122,"geometry":{"type":"LineString","coordinates":[[-74.17656341393274,4.6998431551360724],[-74.179465468589825,4.6995415119525825],[-74.179887289957932,4.6995537486982277],[-74.180112986487217,4.6996250870423966],[-74.179936840668148,4.699643120417333],[-74.179489187628135,4.6996889512327042],[-74.179273109201517,4.6997110723244804],[-74.179213752480877,4.6997171488890759],[-74.178858461834551,4.6997456573793226],[-74.178271453481713,4.6998004313684181],[-74.176558056995958,4.6999746294991791],[-74.176376529229401,4.6999930850542713],[-74.17635305276491,4.6999954730422422],[-74.176295366114132,4.7000013366102538],[-74.176296275916286,4.7000103343376569],[-74.176225312942492,4.7000175490079306],[-74.175506625832526,4.7000906144603061],[-74.174458123198789,4.7001972107257339],[-74.174454700916286,4.7001975584557876],[-74.174454650442968,4.7001975647929708],[-74.174462712256002,4.7001610631192818],[-74.174499733706497,4.7000533757774523],[-74.174516224986107,4.7000515078964122],[-74.176470182278592,4.6998526446150519],[-74.17656341393274,4.6998431551360724]]},"properties":{"FID":122,"FID_green_":1,"TYPE":"UTILITIES","Shape_Leng":59485.061439999998,"Shape_Area":190948.93197400001}},{"type":"Feature","id":123,"geometry":{"type":"LineString","coordinates":[[-74.218181614626545,4.698801872404605],[-74.218187941704883,4.6987918839742431],[-74.218514471488845,4.6990245221148434],[-74.218825376248773,4.6992665273488861],[-74.218895721230226,4.6993221188469629],[-74.219169511816048,4.6995339990724663],[-74.219395168899979,4.6997086288743297],[-74.219404807455746,4.6997166019846057],[-74.219536068598984,4.6998264402595531],[-74.219550761477265,4.6998373847907216],[-74.219607427186943,4.6998795952752808],[-74.219629938192,4.6998952297488694],[-74.219643079527856,4.6999043560355016],[-74.219668871812203,4.6999222695933884],[-74.219682572048328,4.6999317855210174],[-74.219703138072305,4.6999477694508993],[-74.219886339253975,4.7000901611066208],[-74.219895601843703,4.7000975184543119],[-74.219966110285412,4.7001538676127703],[-74.220036843107408,4.7002099192011935],[-74.220107366892421,4.7002662602026053],[-74.220178253844637,4.7003222204093822],[-74.22020329662719,4.7003419562758397],[-74.220203320966803,4.7003419752612663],[-74.220370054331326,4.7004758398382149],[-74.220388466907337,4.7004907589159952],[-74.220395607433048,4.7004963569128329],[-74.220676291450189,4.7007175702458079],[-74.220670299927463,4.700724335683276],[-74.220388732055966,4.7005048171980635],[-74.219878278831274,4.7000995919491242],[-74.219661825589313,4.6999371975011952],[-74.219656122044682,4.699932886030413],[-74.21961860864343,4.6999045328436804],[-74.219539877747067,4.6998450265837368],[-74.218817062694015,4.6992766780582222],[-74.218502651286201,4.6990366521509825],[-74.218174639921216,4.6988094772154314],[-74.218181614626545,4.698801872404605]]},"properties":{"FID":123,"FID_green_":1,"TYPE":"UTILITIES","Shape_Leng":59485.061439999998,"Shape_Area":190948.93197400001}},{"type":"Feature","id":124,"geometry":{"type":"LineString","coordinates":[[-74.22478315705942,4.7037352083015138],[-74.22476851344247,4.7037235503795021],[-74.224768103383397,4.7037237647866021],[-74.224751561270907,4.7037106793673908],[-74.224711204829347,4.7036787559693805],[-74.224895482612354,4.7035650910144335],[-74.22493576326751,4.7036180811174093],[-74.224967712077884,4.7035983324612154],[-74.224979087777299,4.7036156809608602],[-74.2248534190078,4.7036915896391109],[-74.224880233674668,4.7038124344396275],[-74.224855984802034,4.70379314350141],[-74.22478282721643,4.7037354127442761],[-74.224783301296,4.7037353231177832],[-74.22478315705942,4.7037352083015138]]},"properties":{"FID":124,"FID_green_":1,"TYPE":"UTILITIES","Shape_Leng":59485.061439999998,"Shape_Area":190948.93197400001}},{"type":"Feature","id":125,"geometry":{"type":"LineString","coordinates":[[-74.224003954091245,4.7041765154678616],[-74.224426536254455,4.703900240699924],[-74.224191049347198,4.7036736207517196],[-74.224221307560484,4.7036508512005835],[-74.224222518960715,4.7036509269070272],[-74.224322557694649,4.7037301917101297],[-74.22435026107334,4.7037137853853226],[-74.224366508310624,4.7037391386843437],[-74.224500270966487,4.7038131984003062],[-74.224500381865468,4.7038133683863279],[-74.22452414846903,4.7038496115489936],[-74.224550950249807,4.7038319194842204],[-74.224573421393657,4.7038497639199743],[-74.224583105972798,4.7038574538968003],[-74.224583181696843,4.7038575135649685],[-74.224752793032607,4.7039922002424257],[-74.224657341748753,4.7041007849999916],[-74.224455986929812,4.7039465041786181],[-74.224034699122868,4.7042187726190035],[-74.224024542740466,4.7042048131841057],[-74.224003954091245,4.7041765154678616]]},"properties":{"FID":125,"FID_green_":1,"TYPE":"UTILITIES","Shape_Leng":59485.061439999998,"Shape_Area":190948.93197400001}},{"type":"Feature","id":126,"geometry":{"type":"LineString","coordinates":[[-74.22668040673328,4.7050433931033231],[-74.226758508870105,4.7049467350623475],[-74.2267959761177,4.7049673885975674],[-74.226709811750879,4.7050647899007894],[-74.22668040673328,4.7050433931033231]]},"properties":{"FID":126,"FID_green_":1,"TYPE":"UTILITIES","Shape_Leng":59485.061439999998,"Shape_Area":190948.93197400001}},{"type":"Feature","id":127,"geometry":{"type":"LineString","coordinates":[[-74.226359020541665,4.7054503712604498],[-74.226233764738225,4.7053409400088064],[-74.226390706908816,4.7052090940121207],[-74.226408271037101,4.7052256797371292],[-74.226408532507037,4.7052260766712646],[-74.226265905281053,4.705353795980848],[-74.226289431298838,4.7053811959266216],[-74.22631298254305,4.7053618459930835],[-74.226354580481996,4.705403182844508],[-74.226481623526865,4.7052915562526607],[-74.226493256677429,4.7052985693639595],[-74.226477009052658,4.705318566127497],[-74.226493685397699,4.7053352542266396],[-74.226384651637034,4.7054248092064643],[-74.226359020541665,4.7054503712604498]]},"properties":{"FID":127,"FID_green_":1,"TYPE":"UTILITIES","Shape_Leng":59485.061439999998,"Shape_Area":190948.93197400001}},{"type":"Feature","id":128,"geometry":{"type":"LineString","coordinates":[[-74.226744250415706,4.7052711052054459],[-74.226695447452869,4.7052307972125273],[-74.226656228214765,4.7051984052602887],[-74.226683783742445,4.7051564413977056],[-74.226741070279957,4.7051641419403847],[-74.226707919777638,4.705212575500255],[-74.226757708487824,4.7052514436269304],[-74.226776446707731,4.7052240690002671],[-74.226826514759992,4.7052625870958007],[-74.226846855042055,4.7052328690686389],[-74.226909587766599,4.7052844697391016],[-74.226891999300307,4.7053102172772219],[-74.226963854130446,4.7053648101397432],[-74.226938318415932,4.7054021896557305],[-74.227008309910033,4.7054595998241124],[-74.227011953723078,4.7054625886749282],[-74.227005917553839,4.7054712116180326],[-74.226998812732461,4.7054813594493172],[-74.226995268078795,4.7054784320699241],[-74.22692995071688,4.7054244825777669],[-74.226925564974607,4.705420859063425],[-74.226855786157387,4.7053632263815723],[-74.226854227484068,4.7053619398894915],[-74.226793079527326,4.7053114348924376],[-74.226745074375984,4.705271785970722],[-74.226744250415706,4.7052711052054459]]},"properties":{"FID":128,"FID_green_":1,"TYPE":"UTILITIES","Shape_Leng":59485.061439999998,"Shape_Area":190948.93197400001}},{"type":"Feature","id":129,"geometry":{"type":"LineString","coordinates":[[-74.227927658361523,4.7062998160665215],[-74.227396382779219,4.7058804306968351],[-74.226963453324103,4.7055394162079374],[-74.226978550192214,4.7055205961817297],[-74.226988442369105,4.7055082982183984],[-74.227064579454762,4.705567154853596],[-74.227066009199959,4.7055682596075288],[-74.227595673537692,4.7059870171021982],[-74.227869251846428,4.706206154418374],[-74.227915019484186,4.706155129053406],[-74.227922841693641,4.7061614764902622],[-74.227950671831067,4.7062694418094786],[-74.227939281649469,4.7062859387990432],[-74.227927658361523,4.7062998160665215]]},"properties":{"FID":129,"FID_green_":1,"TYPE":"UTILITIES","Shape_Leng":59485.061439999998,"Shape_Area":190948.93197400001}},{"type":"Feature","id":130,"geometry":{"type":"LineString","coordinates":[[-74.228330695196377,4.7075701962880325],[-74.228629089779218,4.7073210913233501],[-74.228582668524894,4.7072753914883299],[-74.22854349112302,4.7072414921649068],[-74.228600859848484,4.7071905980749174],[-74.22856899420016,4.707153188460989],[-74.228694643656993,4.7070495811529449],[-74.228699788545612,4.7070541576280975],[-74.228691419580244,4.707116343088817],[-74.228788819090497,4.7072113083306899],[-74.228852643239961,4.7072735377788018],[-74.228857499739405,4.7072782734730954],[-74.228927885498393,4.7073358651139703],[-74.228854176298498,4.7074273886947555],[-74.22874666413297,4.7073381345404277],[-74.228380328459039,4.7076101087940181],[-74.228330695196377,4.7075701962880325]]},"properties":{"FID":130,"FID_green_":1,"TYPE":"UTILITIES","Shape_Leng":59485.061439999998,"Shape_Area":190948.93197400001}},{"type":"Feature","id":131,"geometry":{"type":"LineString","coordinates":[[-74.229869870836282,4.7077850213839483],[-74.229380783112902,4.7074306216979904],[-74.229350774869673,4.7074505509937232],[-74.229452140227252,4.7073204509005677],[-74.229193743045741,4.7071138672118664],[-74.229180280045782,4.7071147672170177],[-74.229155798550707,4.7071461401859676],[-74.229046481694382,4.7072058074475116],[-74.229029839184946,4.7071918522166838],[-74.22905087335397,4.7071700204223133],[-74.228944694198745,4.7070845839836828],[-74.228831914370588,4.7069938361701311],[-74.228919863318652,4.7068965237493874],[-74.228963727005208,4.7069274730928763],[-74.229062120746789,4.7069018670700826],[-74.229198109503841,4.7070158468134471],[-74.229200236720516,4.7070827839232283],[-74.229455815445576,4.7072769900964104],[-74.229478227158282,4.7072940214072352],[-74.229532895847996,4.7073488935546335],[-74.229796325307973,4.7076133054179063],[-74.230129586104127,4.7078794326990243],[-74.230440316205033,4.7081275799433282],[-74.230752464589131,4.7083481146763289],[-74.230681011692994,4.7084195985461683],[-74.231933221619954,4.7094123074075451],[-74.231919540516799,4.7094298214068475],[-74.231919358414473,4.7094296731412477],[-74.231896441500268,4.7094111580618732],[-74.230704515280081,4.7084585725370989],[-74.230619847235531,4.7083909066536966],[-74.23052666767471,4.7083097621555012],[-74.230388358834944,4.7081729097077583],[-74.230192790953822,4.708019014603618],[-74.230077895217079,4.7079357587324022],[-74.229869870836282,4.7077850213839483]]},"properties":{"FID":131,"FID_green_":1,"TYPE":"UTILITIES","Shape_Leng":59485.061439999998,"Shape_Area":190948.93197400001}},{"type":"Feature","id":132,"geometry":{"type":"LineString","coordinates":[[-74.232017269821839,4.7098068315847526],[-74.231926306617552,4.7097148921076455],[-74.232053756560575,4.709814028075944],[-74.232065023383569,4.709822791904819],[-74.232361402771019,4.7100533309809274],[-74.232695813565584,4.7103134521035024],[-74.232934437485071,4.7104990652758589],[-74.232964445444111,4.7105224068172333],[-74.232907702553575,4.7105500396852245],[-74.232890681146728,4.7105312104342865],[-74.232896590996418,4.7105261974558132],[-74.232042172273196,4.7098411326703795],[-74.232032943985516,4.7098310770407039],[-74.232040146220257,4.7098254732711071],[-74.232017269821839,4.7098068315847526]]},"properties":{"FID":132,"FID_green_":1,"TYPE":"UTILITIES","Shape_Leng":59485.061439999998,"Shape_Area":190948.93197400001}},{"type":"Feature","id":133,"geometry":{"type":"LineString","coordinates":[[-74.235549276548795,4.7123194048638775],[-74.235576777947117,4.7122984042713032],[-74.236108703017337,4.7127210808476763],[-74.236095255951355,4.7127370231911421],[-74.236080137364652,4.7127271724316717],[-74.236045241057781,4.7126990103949531],[-74.235975477145516,4.7126460051077581],[-74.235833801489363,4.7125361300017437],[-74.2358326520568,4.712535131911106],[-74.235828170740547,4.7125317643965969],[-74.235827607308195,4.7125313413103056],[-74.235683475002162,4.712423026656972],[-74.235682258973938,4.7124224843508324],[-74.235648562139033,4.7123972465415571],[-74.235610644373125,4.712368171821157],[-74.235549276548795,4.7123194048638775]]},"properties":{"FID":133,"FID_green_":1,"TYPE":"UTILITIES","Shape_Leng":59485.061439999998,"Shape_Area":190948.93197400001}},{"type":"Feature","id":134,"geometry":{"type":"LineString","coordinates":[[-74.236377254530694,4.7127581755913148],[-74.236283171853444,4.7126269996544474],[-74.236126961497206,4.7127372438413708],[-74.236111898927902,4.7127478683376323],[-74.236108442683985,4.7127456155988927],[-74.236632435812666,4.7123760665622152],[-74.236633352367633,4.7123755997311632],[-74.236649949705026,4.7123958216109996],[-74.236336274243399,4.712615174589966],[-74.236411849245485,4.7126925902177534],[-74.236425762502336,4.712733115261635],[-74.236433392877544,4.7127553413271057],[-74.236355972558655,4.7128315801567702],[-74.236353599062696,4.7128224490301065],[-74.236353457190731,4.712820855677597],[-74.236352761387764,4.7128130507825459],[-74.236353104679253,4.7128085581182315],[-74.236353480322848,4.7128036422319157],[-74.236354959861629,4.7127976472577862],[-74.236355739702503,4.7127944820130434],[-74.236364143228059,4.7127761426012986],[-74.236381527328419,4.7127641330785224],[-74.236380124400839,4.7127621764837668],[-74.236377254530694,4.7127581755913148]]},"properties":{"FID":134,"FID_green_":1,"TYPE":"UTILITIES","Shape_Leng":59485.061439999998,"Shape_Area":190948.93197400001}},{"type":"Feature","id":135,"geometry":{"type":"LineString","coordinates":[[-74.235731167743509,4.7127348888099254],[-74.235516994683209,4.7125649535548728],[-74.235484683650583,4.7126095566885553],[-74.235391384702766,4.7125395476208194],[-74.235337668148532,4.7125738402050397],[-74.23519656144974,4.7126923804671792],[-74.235151610012892,4.7126409700851823],[-74.235260505317854,4.7125532884048571],[-74.23511099968249,4.7123865992626142],[-74.235151550652802,4.7123574994868518],[-74.235141648520127,4.7123453686750558],[-74.235064411354244,4.7122507389331192],[-74.23449125308052,4.711800939877369],[-74.233998719014139,4.7113420411475202],[-74.234018953801751,4.7113410056853429],[-74.234441394543467,4.7116717006526461],[-74.235089234719922,4.7121809580528842],[-74.235200951196987,4.7122694596368691],[-74.235207633847693,4.7122740293815868],[-74.235225268952235,4.7122878919902744],[-74.235236354673859,4.7122966060688372],[-74.235236379915818,4.7122966259578201],[-74.23529519399095,4.7123443526683975],[-74.235321111986337,4.7123563857943784],[-74.235369009619518,4.712378623529184],[-74.235433569536454,4.7124294271759997],[-74.235604142121133,4.7125636541480631],[-74.235919749098969,4.7128128783131897],[-74.23591983203751,4.7128129461171504],[-74.235846447121276,4.7128939261463634],[-74.235698063783772,4.7127765875067391],[-74.235731167743509,4.7127348888099254]]},"properties":{"FID":135,"FID_green_":1,"TYPE":"UTILITIES","Shape_Leng":59485.061439999998,"Shape_Area":190948.93197400001}},{"type":"Feature","id":136,"geometry":{"type":"LineString","coordinates":[[-74.23738717577659,4.7139961170667259],[-74.23682089982475,4.7135299758750158],[-74.236775075820717,4.7135779841579772],[-74.236617952859163,4.7134450774117242],[-74.236609547167049,4.7134538935939618],[-74.236419123438054,4.7132855682859711],[-74.236391995052429,4.713313931675378],[-74.236009617022859,4.7129836131674585],[-74.236008672234632,4.7129827977000351],[-74.235999357816965,4.7129908499448092],[-74.235691773749011,4.713256774758638],[-74.235602324296067,4.7131787102056055],[-74.235845752834933,4.7129804167229707],[-74.235902150695225,4.7129413379079503],[-74.235957855178015,4.7129887496645742],[-74.23600764879437,4.7129451354498624],[-74.236008995135393,4.7129439893887639],[-74.236010511883393,4.7129430811209021],[-74.236012154877656,4.7129424323597355],[-74.236013882661297,4.7129420639136974],[-74.236015645662306,4.7129419830285002],[-74.236017398814766,4.7129421942360015],[-74.236019094345863,4.7129426894083393],[-74.236020685383522,4.7129434577044966],[-74.236040763228075,4.7129616432149621],[-74.236061723666083,4.7129806288331517],[-74.236073997919348,4.7129917489812323],[-74.236074298126525,4.7129920192998354],[-74.236098901064892,4.7130118288117364],[-74.236179741618869,4.713076919397043],[-74.236186746305322,4.7130825633722493],[-74.236232264058657,4.713118840918658],[-74.236232047799177,4.7131191140680668],[-74.236222347659762,4.7131313623777631],[-74.236278807855783,4.7131763639624982],[-74.236288570176939,4.713164070422577],[-74.236273485425741,4.7131246398527882],[-74.236305516108303,4.7130839867510552],[-74.2363055773817,4.7130839089668637],[-74.236389327762254,4.7131502151517255],[-74.236528711630655,4.7132605636111808],[-74.236691449855016,4.7133894015316589],[-74.236841849691643,4.7135102979237908],[-74.237092772878086,4.7137122122761959],[-74.237291314200434,4.7138719771824658],[-74.237508269782879,4.7140465602458717],[-74.237534738403525,4.7141010855292018],[-74.237528141340519,4.7141437611842969],[-74.237479207185118,4.7142130656986927],[-74.237383544748269,4.7141519757120518],[-74.237407145769282,4.7141139388454798],[-74.237400943861047,4.7140793985481135],[-74.23738468615899,4.7140665937178285],[-74.23738717577659,4.7139961170667259]]},"properties":{"FID":136,"FID_green_":1,"TYPE":"UTILITIES","Shape_Leng":59485.061439999998,"Shape_Area":190948.93197400001}},{"type":"Feature","id":137,"geometry":{"type":"LineString","coordinates":[[-74.238127708270554,4.7143738931699959],[-74.237984013097204,4.714260824089596],[-74.237799185985708,4.7141153867441732],[-74.237771149239308,4.7140933254651696],[-74.23752394724805,4.7138988068219785],[-74.237271146163906,4.7136998826957059],[-74.237026170255746,4.7135071149902386],[-74.236765565157867,4.7133020504219809],[-74.236487943487987,4.7130835959851378],[-74.236364966216669,4.7129868273270565],[-74.236373986922203,4.7129753731503143],[-74.23638806900874,4.7129575750231956],[-74.237167950648427,4.7135805725598887],[-74.237409641970046,4.7137726102904027],[-74.237673699747418,4.7139824195970199],[-74.238055695861959,4.7142845446225907],[-74.238055060953414,4.7142672490393123],[-74.238153728507072,4.7143360781791239],[-74.238127708270554,4.7143738931699959]]},"properties":{"FID":137,"FID_green_":1,"TYPE":"UTILITIES","Shape_Leng":59485.061439999998,"Shape_Area":190948.93197400001}},{"type":"Feature","id":138,"geometry":{"type":"LineString","coordinates":[[-74.238705729321836,4.7135962897727826],[-74.238910348916903,4.7133233728903434],[-74.23901253251087,4.7134115966200332],[-74.238698896220725,4.7138307911043142],[-74.238670971499005,4.7138686002260535],[-74.238550080874987,4.7140322856810863],[-74.238505036903902,4.7140932697604105],[-74.238488444305347,4.7142076183990529],[-74.238313218357192,4.7144588874495028],[-74.238231062352668,4.7144642246735122],[-74.238222060756684,4.7144764122601108],[-74.238177530895797,4.7144410588228158],[-74.238158370218486,4.7143980201627267],[-74.23812845471555,4.7143744798911147],[-74.238196832619266,4.7142819835625103],[-74.238212984201496,4.7141466705376898],[-74.238481197783457,4.7138092458685579],[-74.238562827012544,4.7137868897270323],[-74.238705729321836,4.7135962897727826]]},"properties":{"FID":138,"FID_green_":1,"TYPE":"UTILITIES","Shape_Leng":59485.061439999998,"Shape_Area":190948.93197400001}},{"type":"Feature","id":139,"geometry":{"type":"LineString","coordinates":[[-74.24039753393447,4.7161489919376525],[-74.240423859246462,4.7161209921146527],[-74.240438157695067,4.7161345008779811],[-74.240463395344236,4.7161076181247301],[-74.240476425313858,4.7161198837662104],[-74.240429548445846,4.7161748095556932],[-74.24039753393447,4.7161489919376525]]},"properties":{"FID":139,"FID_green_":1,"TYPE":"UTILITIES","Shape_Leng":59485.061439999998,"Shape_Area":190948.93197400001}},{"type":"Feature","id":140,"geometry":{"type":"LineString","coordinates":[[-74.248381848100379,4.7225019443479841],[-74.2483565580537,4.7224837595995686],[-74.248338448531058,4.7224707375615873],[-74.248275523127575,4.7224105589684928],[-74.248312290423812,4.7224375614746172],[-74.248328957675881,4.7224501425681984],[-74.248344422441377,4.7224623758004931],[-74.248353684712924,4.7224697029026643],[-74.248399731286526,4.7224335438190419],[-74.248433172818878,4.7224614243127041],[-74.248476761129695,4.7224977647798951],[-74.248476843169215,4.7224978325824605],[-74.248513297471035,4.7224686616035028],[-74.248546246637545,4.7224955854592707],[-74.24850831084008,4.7225260843233334],[-74.248464337176287,4.7225614371683955],[-74.248461888631127,4.7225594935184159],[-74.248456486785003,4.7225556090557603],[-74.248419905326926,4.7225293073475259],[-74.248381848100379,4.7225019443479841]]},"properties":{"FID":140,"FID_green_":1,"TYPE":"UTILITIES","Shape_Leng":59485.061439999998,"Shape_Area":190948.93197400001}},{"type":"Feature","id":141,"geometry":{"type":"LineString","coordinates":[[-74.249763093023304,4.7239867400189146],[-74.249787352155437,4.7239543761928662],[-74.249837575192984,4.7238873023506383]]},"properties":{"FID":141,"FID_green_":1,"TYPE":"UTILITIES","Shape_Leng":59485.061439999998,"Shape_Area":190948.93197400001}},{"type":"Feature","id":142,"geometry":{"type":"LineString","coordinates":[[-74.249837575192984,4.7238873023506383],[-74.249763093023304,4.7239867400189146]]},"properties":{"FID":142,"FID_green_":1,"TYPE":"UTILITIES","Shape_Leng":59485.061439999998,"Shape_Area":190948.93197400001}},{"type":"Feature","id":143,"geometry":{"type":"LineString","coordinates":[[-74.249763093023304,4.7239867400189146],[-74.248823460355794,4.7232398197469374],[-74.248632722438217,4.7230884456690028],[-74.248466911880314,4.7229571210434438],[-74.248466553974481,4.7229568380845439],[-74.24840642397497,4.7229092141726934],[-74.248302154229549,4.7228260701202807],[-74.248288018283162,4.7228147969310443],[-74.248250701370623,4.7227850391458226],[-74.248245779934308,4.7227811147739365],[-74.248230839495946,4.7227715301169164],[-74.248149691632932,4.7227194495186602],[-74.248139248742973,4.7227127484826292],[-74.247937773298759,4.7225834400497231],[-74.247773262289826,4.7224502819039609],[-74.247441298467663,4.722184035839164],[-74.247425343924789,4.7221703006568951],[-74.246953313730032,4.7217945964135621],[-74.246501592652692,4.7214350558366567],[-74.246149223288256,4.7211540684987243],[-74.245829390147279,4.720899055542831],[-74.245549768418186,4.720674907443704],[-74.245077690548896,4.7202987713989248],[-74.244788475886409,4.7200693351089402],[-74.244642431171457,4.7199516660651781],[-74.244528394178133,4.7198600395770525],[-74.244464409640599,4.7198086235760943],[-74.244458267547543,4.7198035528114293],[-74.244212331789598,4.7196056262793489],[-74.244017395577586,4.7194505044173853],[-74.243821723760092,4.7192945751295179],[-74.243486428606772,4.7190273520956332],[-74.243269526937283,4.7188533832304174],[-74.243097676044925,4.7187156923743858],[-74.242990568926359,4.7186313589857747],[-74.242745473729272,4.718435910395959],[-74.242611874700927,4.7183302172522055],[-74.242370241343679,4.7181367318465695],[-74.242188061509296,4.7179919227104063],[-74.242014322925115,4.7178551019564763],[-74.240017564845971,4.7162661811371329],[-74.239746145085931,4.7160483569445475],[-74.239393319985084,4.7157611453396733],[-74.239369412681071,4.7157412779148578],[-74.239358681986872,4.7157325801014442],[-74.239257695557413,4.7156507287968132],[-74.239266412693496,4.7155894827432077],[-74.238443880743418,4.7149462855065263],[-74.238437776760918,4.7148831935900928],[-74.238611237281475,4.7149890447415617],[-74.23868037345909,4.7150423537378945],[-74.238926824255927,4.715239919619437],[-74.239276647624521,4.7155201672266918],[-74.23930985218152,4.7155552573606565],[-74.239350209120545,4.7155796442869073],[-74.239381804238448,4.7156084679618067],[-74.239419746654491,4.7156374728252732],[-74.239434529327312,4.7156480922446731],[-74.239456096633489,4.7156635879005728],[-74.239595816426359,4.7157763039985436],[-74.239741426637565,4.7158855606303716],[-74.239953533294809,4.7160522720399811],[-74.240231772921547,4.7162711290757944],[-74.240260558065387,4.7163091872190215],[-74.240440975530149,4.7164526580354327],[-74.240866439608823,4.7167891998855849],[-74.240939475447291,4.7168429363652695],[-74.241151004203971,4.7170104632033212],[-74.241503111772602,4.7172917001930568],[-74.241784101628753,4.7175188963149601],[-74.241997399602042,4.7176880122262483],[-74.242072207155857,4.7177395904892858],[-74.242283135155972,4.7179067029302857],[-74.242422838328523,4.7180215779036452],[-74.242496383611268,4.7180750518397838],[-74.242566159054135,4.7181305468797294],[-74.242846217281155,4.7183564116281254],[-74.242915748490546,4.7184156125276884],[-74.243061469528598,4.7185240400489334],[-74.243130426865434,4.7185804937859404],[-74.243201459242428,4.7186374968373705],[-74.243273291443245,4.7186920417910381],[-74.243696192762741,4.7190276111799543],[-74.243764197622482,4.7190884672306854],[-74.243904472042743,4.7192004769125981],[-74.244047161553269,4.7193176821167526],[-74.244125512511729,4.7193650072561439],[-74.244265097496353,4.7194731674028088],[-74.244404757306967,4.7195887536475549],[-74.244547201449166,4.7197006677171212],[-74.244612020069241,4.719749738649214],[-74.244618828278774,4.7197548933524089],[-74.244759323052236,4.7198675538958001],[-74.24497220211363,4.7200353812031155],[-74.245255762149583,4.7202589290491472],[-74.245326381731843,4.7203146062581478],[-74.245396570649007,4.7203709834950844],[-74.245749137797404,4.7206527299095633],[-74.245820512907287,4.7207089006317098],[-74.245855190661487,4.7207357645200121],[-74.245888722553289,4.7207653271279151],[-74.24592433458794,4.7207941721160545],[-74.245957559531121,4.7208216793116815],[-74.245990085992403,4.7208531755604985],[-74.246027122663264,4.7208840774888401],[-74.246063507536434,4.7209107239184442],[-74.246097055323872,4.7209388540939559],[-74.246310949319607,4.7211078147131111],[-74.246347804057137,4.7211354503211327],[-74.246385532098657,4.7211626462227594],[-74.246420730003948,4.7211859017810731],[-74.246451368523182,4.7212151069597441],[-74.246487116355667,4.7212462234956805],[-74.246523399823189,4.7212745673029701],[-74.246666053598346,4.7213858306622445],[-74.246877769067581,4.7215538167861029],[-74.247057708320355,4.7216990094860458],[-74.247089232000619,4.7217244470875448],[-74.247161665521091,4.721776949546463],[-74.247229226816671,4.7218350652999721],[-74.247300005756003,4.7218924097918853],[-74.247510885484061,4.7220620733975576],[-74.247865872818494,4.7223408184923636],[-74.247934308436484,4.7223985234034869],[-74.248004604473209,4.7224563074287991],[-74.248149004266224,4.7225660471852313],[-74.248220330774544,4.7226246203909739],[-74.248255586365303,4.7226178420940101],[-74.248262419186815,4.7226165300756087],[-74.248304803537323,4.72265018054562],[-74.248301805157254,4.7226629310650088],[-74.248325202373763,4.7226884917840977],[-74.248338355702089,4.7227028633599737],[-74.248578960305835,4.7228930352401548],[-74.24859687739476,4.7229004967538666],[-74.24861773371326,4.7229186735432922],[-74.248653199534019,4.722945822847854],[-74.248687540981791,4.722975055944147],[-74.248829446424679,4.7230863389075983],[-74.24886371418134,4.7231164093981306],[-74.248900710305307,4.7231426974137785],[-74.248934956101792,4.7231714096415418],[-74.248970423957218,4.7231994017394694],[-74.249005276398805,4.7232282349902635],[-74.249040813526221,4.7232556663987815],[-74.249074664741414,4.7232851907816107],[-74.249110239248211,4.7233143240769921],[-74.249147707857091,4.7233412504002077],[-74.249186152183952,4.7233663506902399],[-74.249223287250004,4.7233894166184882],[-74.249288526313094,4.7234521157438403],[-74.249364270063865,4.7235014611173423],[-74.249427942974506,4.7235656816557148],[-74.249501766193887,4.7236196123098493],[-74.249713569538102,4.7237875866348897],[-74.249837575192984,4.7238873023506383]]},"properties":{"FID":143,"FID_green_":1,"TYPE":"UTILITIES","Shape_Leng":59485.061439999998,"Shape_Area":190948.93197400001}},{"type":"Feature","id":144,"geometry":{"type":"LineString","coordinates":[[-74.251332947832424,4.7248421252713779],[-74.251438977319737,4.7247755681506103],[-74.251810290158318,4.7250433613095],[-74.251812302342898,4.7250448122110242],[-74.251882483599175,4.7250954283352327],[-74.251793659980521,4.7252049772217815],[-74.251713626522346,4.7251419447619174],[-74.251394502546503,4.724890606740396],[-74.251332947832424,4.7248421252713779]]},"properties":{"FID":144,"FID_green_":1,"TYPE":"UTILITIES","Shape_Leng":59485.061439999998,"Shape_Area":190948.93197400001}},{"type":"Feature","id":145,"geometry":{"type":"LineString","coordinates":[[-74.251687915550008,4.7255144926957184],[-74.251661110264934,4.72549322749453],[-74.251615836176228,4.7254573135939264],[-74.251602951490739,4.7254471895327477],[-74.251687915550008,4.7255144926957184]]},"properties":{"FID":145,"FID_green_":1,"TYPE":"UTILITIES","Shape_Leng":59485.061439999998,"Shape_Area":190948.93197400001}},{"type":"Feature","id":146,"geometry":{"type":"LineString","coordinates":[[-74.251687915550008,4.7255144926957184],[-74.251640920013045,4.725569440951932],[-74.250997856135797,4.7250600523575832],[-74.251042539263651,4.7250032726029918],[-74.250923636132271,4.7249085023846984],[-74.250885994449334,4.7248785006704477],[-74.250456942070116,4.724537310927686],[-74.249909907145124,4.7241034428263484],[-74.249763093023304,4.7239867400189146]]},"properties":{"FID":146,"FID_green_":1,"TYPE":"UTILITIES","Shape_Leng":59485.061439999998,"Shape_Area":190948.93197400001}},{"type":"Feature","id":147,"geometry":{"type":"LineString","coordinates":[[-74.249837575192984,4.7238873023506383],[-74.249994755454978,4.7240136994143276],[-74.250135473888406,4.7241272377209249],[-74.250207817304357,4.7241815936860601],[-74.250278762096627,4.7242370206872941],[-74.250349541172042,4.7242929360461652],[-74.250420981966144,4.7243493124271945],[-74.250458642179524,4.7243742663405834],[-74.25051270043771,4.7244126450716433],[-74.250705091019029,4.7245701611213988],[-74.250844512960697,4.7246850289243554],[-74.250983364403197,4.724799945672383],[-74.251020452654316,4.7248299466156265],[-74.251105758619588,4.7248989534786219],[-74.251124196819745,4.7249138689689776],[-74.251137135633641,4.7249242498485149],[-74.251185273037251,4.7249628714555136],[-74.251231016873291,4.7249995729175938],[-74.251267083646013,4.7250285079285383],[-74.251271640901194,4.7250321646949116],[-74.251335230617073,4.7250831849432569],[-74.25140555393088,4.7251397206533223],[-74.25173335904806,4.7254021902690369],[-74.251744680453484,4.725410983585645],[-74.251700129257173,4.7254725751504925],[-74.251798380151001,4.7255505168063321],[-74.252018592621212,4.7257263276704116],[-74.252062699205524,4.7257610924670574],[-74.252109889237886,4.725694637774418],[-74.252109968572043,4.725694697438481],[-74.252145819715892,4.7257225264914062],[-74.252330735251931,4.72586952869763],[-74.252460168600123,4.7259724238823297],[-74.25250180634265,4.7260033288002949],[-74.2525877106807,4.7260670912600737],[-74.252734210031434,4.7261758293065039],[-74.253204207892182,4.726549997970781],[-74.253557790931794,4.7268323484762984],[-74.253565896535349,4.726838329289607],[-74.253608641270517,4.7268729134665666],[-74.253612402562339,4.7268726439326407],[-74.253849809112268,4.7270478158894518],[-74.253905443105396,4.7270888661544737],[-74.253954590633512,4.7271251306834037],[-74.253967434658563,4.7271346072269829],[-74.254126846882158,4.7272666880753764],[-74.254174797408425,4.7273064172795243],[-74.254127191378075,4.7273350216839098]]},"properties":{"FID":147,"FID_green_":1,"TYPE":"UTILITIES","Shape_Leng":59485.061439999998,"Shape_Area":190948.93197400001}},{"type":"Feature","id":148,"geometry":{"type":"LineString","coordinates":[[-74.254127191378075,4.7273350216839098],[-74.254083504833687,4.7273010789325909],[-74.254065863613363,4.7272873714731292],[-74.2540629084763,4.7272854379207878],[-74.254032604923353,4.7272643183974772],[-74.253990606897119,4.7272919953572101],[-74.253953805224768,4.7273162472981758],[-74.253915357265328,4.7272854329965481],[-74.253894432531823,4.7272686598751363],[-74.253876909308786,4.727254616884025],[-74.253824322512841,4.7272124671132181],[-74.25354638702116,4.7269896929598234],[-74.253425499960684,4.7268938430622853],[-74.253255258390396,4.7267591097539956],[-74.253066632662623,4.7266093922259502],[-74.252755292512532,4.7263615308642875],[-74.252516128130921,4.7261728305716648],[-74.252426124261888,4.7261012414856776],[-74.252412004418971,4.7260900117889237],[-74.252376624575987,4.7260618697431793],[-74.252362511946828,4.7260506454693472],[-74.252362452445368,4.7260505975562817],[-74.25232488368016,4.726020717083971],[-74.252173891826558,4.7259002069496976],[-74.252038385126767,4.725793405742289],[-74.251993568134097,4.725758082263317],[-74.251773306074909,4.7255822307103932],[-74.251687915550008,4.7255144926957184]]},"properties":{"FID":148,"FID_green_":1,"TYPE":"UTILITIES","Shape_Leng":59485.061439999998,"Shape_Area":190948.93197400001}},{"type":"Feature","id":149,"geometry":{"type":"LineString","coordinates":[[-74.25515826990565,4.7278949279979443],[-74.25521394063253,4.7278248889831263],[-74.255261895483471,4.727799860031288],[-74.255275610701915,4.7277757495908999],[-74.255385851719922,4.7278731391970856],[-74.255386613538789,4.7278738127075872],[-74.255385867939026,4.7278731183939513],[-74.255406418110866,4.7278488615078693],[-74.255427083619935,4.7278244671374523],[-74.255452999999378,4.7278407542217247],[-74.255409215032913,4.7278948355773318],[-74.25540840812603,4.7278940834040348],[-74.255311053431029,4.7280214804400664],[-74.255286466412457,4.7280011164096045],[-74.25515826990565,4.7278949279979443]]},"properties":{"FID":149,"FID_green_":1,"TYPE":"UTILITIES","Shape_Leng":59485.061439999998,"Shape_Area":190948.93197400001}},{"type":"Feature","id":150,"geometry":{"type":"LineString","coordinates":[[-74.258112702845565,4.7302068592674926],[-74.258377678499926,4.7298804541997379],[-74.258412512591903,4.729908761549634],[-74.25826804747544,4.7300769897283281],[-74.258367061546323,4.7301590230679249],[-74.258338217637998,4.7301957860056154],[-74.258293389121761,4.730246916163674],[-74.258251040785794,4.7303001445595569],[-74.258112702845565,4.7302068592674926]]},"properties":{"FID":150,"FID_green_":1,"TYPE":"UTILITIES","Shape_Leng":59485.061439999998,"Shape_Area":190948.93197400001}},{"type":"Feature","id":151,"geometry":{"type":"LineString","coordinates":[[-74.257930675941139,4.7304650292297934],[-74.257986939554144,4.7303980165486186],[-74.257987716989916,4.7303928419227352],[-74.257987596655781,4.7303876105597249],[-74.25798658039524,4.7303824798078686],[-74.257985266229014,4.7303790664055425],[-74.257986797202975,4.7303773758637435],[-74.257847700791615,4.730268436321885],[-74.257433445505995,4.7299439941419443],[-74.257017346709731,4.7296206753190795],[-74.256194459190667,4.7289517334432718],[-74.256031283808028,4.7288191964983888],[-74.255372842074877,4.7283241186674321],[-74.255328719212656,4.7282904148483009],[-74.255179212502313,4.7281762143583208],[-74.255172119107741,4.7281844372000768],[-74.255132799241309,4.7282307168726527],[-74.255130268654426,4.7282288519434115],[-74.254971024731518,4.7284196971649344],[-74.254936750452643,4.7284014661427882],[-74.255113071121954,4.7282161789220005],[-74.254994146180437,4.7281285398900126],[-74.255032107069397,4.7280797646956767],[-74.255039315314292,4.7280694827268901],[-74.254947468357102,4.7279899664346949],[-74.254922859477986,4.7279686619208725],[-74.254810356522754,4.7278835758671391],[-74.254724727324032,4.7278188170892665],[-74.254724722363619,4.727799295891101],[-74.254127191378075,4.7273350216839098]]},"properties":{"FID":151,"FID_green_":1,"TYPE":"UTILITIES","Shape_Leng":59485.061439999998,"Shape_Area":190948.93197400001}},{"type":"Feature","id":152,"geometry":{"type":"LineString","coordinates":[[-74.257930675941139,4.7304650292297934],[-74.257946907316565,4.7304776870549832],[-74.257904554284522,4.7305338236713652],[-74.257887980122959,4.730520128698684],[-74.257930675941139,4.7304650292297934]]},"properties":{"FID":152,"FID_green_":1,"TYPE":"UTILITIES","Shape_Leng":59485.061439999998,"Shape_Area":190948.93197400001}},{"type":"Feature","id":153,"geometry":{"type":"LineString","coordinates":[[-74.254127191378075,4.7273350216839098],[-74.254174812738356,4.7273064444046948],[-74.254192910134236,4.7272955854353542],[-74.254330429465242,4.7274066829305657],[-74.254543768846929,4.7275732228675826],[-74.25475468181773,4.7277430821488],[-74.25486077984155,4.7278287368507712],[-74.254861719657939,4.7278275592070802],[-74.254943948082726,4.7278924553882176],[-74.255116496891688,4.7280274580500308],[-74.255124900276968,4.7280169478895679],[-74.255216810485408,4.7280899124624884],[-74.255208158479903,4.7281010267625243],[-74.255250186606759,4.7281348803376479],[-74.255401373854312,4.7282541978340236],[-74.255498180275765,4.7283306001756058],[-74.25585116091753,4.7286117676581974],[-74.256097451823194,4.7288093198233057],[-74.25623752158981,4.7289235225371877],[-74.256379254651179,4.7290351547609246],[-74.256521143645699,4.7291466042440318],[-74.256627051317878,4.7292299554444046],[-74.256663052575021,4.7292582870011124],[-74.256742331924556,4.7293225570340232],[-74.256803153007766,4.729371861997774],[-74.256943345496097,4.7294857154655903],[-74.257021800666848,4.7295484809168924],[-74.257084365211057,4.7295985323568219],[-74.257155471563735,4.7296540797394222],[-74.25722657432128,4.7297096234979161],[-74.257368383436884,4.72982135134112],[-74.257509972723568,4.7299333034775843],[-74.257651243064984,4.7300456083442084],[-74.257793200074715,4.7301570882766297],[-74.257880793340959,4.7302266380407261],[-74.257934544398637,4.7302693189091691],[-74.258005074205641,4.7303256006427485],[-74.258047378392988,4.7303593635335046],[-74.258058308345724,4.7303456532551609],[-74.258086547470597,4.7303680708043574],[-74.258121928645124,4.7303961573753499],[-74.258111413260011,4.7304096405664451],[-74.258128036238432,4.7304725811633253],[-74.258119023606355,4.7304728665608797],[-74.258111911407298,4.730484995122425],[-74.258053327880262,4.7305561944380239],[-74.257930675941139,4.7304650292297934]]},"properties":{"FID":153,"FID_green_":1,"TYPE":"UTILITIES","Shape_Leng":59485.061439999998,"Shape_Area":190948.93197400001}},{"type":"Feature","id":154,"geometry":{"type":"LineString","coordinates":[[-74.260795891342255,4.7325344354765297],[-74.260646095177819,4.7324334518113025],[-74.260599442280324,4.7324740655522879],[-74.260563099350975,4.7324124460049521],[-74.260442142405637,4.7323700191426656],[-74.260381785262894,4.7322839038383187],[-74.260094342588829,4.7320300351238869],[-74.25970585329236,4.7317156226560639],[-74.259684093384664,4.731715159048993],[-74.259735912655202,4.7316736207153482],[-74.259850077516987,4.7317636682916007],[-74.259998987435537,4.7318854929444312],[-74.260191371620763,4.7320474028916806],[-74.260497268617854,4.7322935547892371],[-74.260608225130426,4.7323573240317351],[-74.260703275136976,4.7324273000801869],[-74.26079832336012,4.7324972779238035],[-74.260889806885913,4.7325644985735806],[-74.260966712562379,4.7326210070831269],[-74.261043613743666,4.7326775128718763],[-74.261075051680535,4.7327055741017761],[-74.261106944831795,4.7327371439052079],[-74.261316852145356,4.7328790456851877],[-74.261720321711906,4.7331561163357563],[-74.261734796072446,4.7331673131800587],[-74.261813463396834,4.7332281699135104],[-74.261827052439457,4.7332386815298557],[-74.261816077295961,4.7332756505505715],[-74.261812768337492,4.7332788662289298],[-74.261803063452959,4.7332656298174021],[-74.261771430576545,4.7332402553592479],[-74.261514620799232,4.7330650200238145],[-74.261089570002326,4.732774215895585],[-74.260972329157667,4.732673110632196],[-74.260795891342255,4.7325344354765297]]},"properties":{"FID":154,"FID_green_":1,"TYPE":"UTILITIES","Shape_Leng":59485.061439999998,"Shape_Area":190948.93197400001}},{"type":"Feature","id":155,"geometry":{"type":"LineString","coordinates":[[-74.262519536971723,4.7334111426643384],[-74.262645208248145,4.7333141424602028],[-74.262745713804335,4.7333745700276122],[-74.262576177022453,4.7334726617191771],[-74.262583155146757,4.7334853327546398],[-74.262577483699175,4.7334884893843023],[-74.26261735396757,4.7335198300000663],[-74.262612784825123,4.7335261396395749],[-74.262572583239276,4.7335844571325394],[-74.262420240393951,4.7334704489742618],[-74.262496283559287,4.7334246600707903],[-74.262519536971723,4.7334111426643384]]},"properties":{"FID":155,"FID_green_":1,"TYPE":"UTILITIES","Shape_Leng":59485.061439999998,"Shape_Area":190948.93197400001}},{"type":"Feature","id":156,"geometry":{"type":"LineString","coordinates":[[-74.262698906697935,4.7340079391520984],[-74.262281985529171,4.7337253456052828],[-74.262225206470575,4.7336868600645259],[-74.261945458864062,4.7338432235533725],[-74.261895738217504,4.7337427542736119],[-74.262181198035947,4.7336010923432585],[-74.262250677134844,4.7335641393530503],[-74.262262036581745,4.7335726367684279],[-74.262365470585237,4.7336632799876934],[-74.26257335548047,4.7338108989054408],[-74.262586801922552,4.7337968840395259],[-74.2628026919826,4.733948105294826],[-74.262818406792604,4.7339699834089384],[-74.262866684364923,4.734005587353793],[-74.262867069323107,4.7340058702974748],[-74.262867831126471,4.7340064334741374],[-74.263403791536703,4.7343701540549006],[-74.263502289880336,4.7344369989745623],[-74.263446589459008,4.7345295277471093],[-74.26282000546351,4.7340770750548185],[-74.262698906697935,4.7340079391520984]]},"properties":{"FID":156,"FID_green_":1,"TYPE":"UTILITIES","Shape_Leng":59485.061439999998,"Shape_Area":190948.93197400001}},{"type":"Feature","id":157,"geometry":{"type":"LineString","coordinates":[[-74.263967959534114,4.7345408250637169],[-74.264091374236514,4.7343378779903142],[-74.264286077738902,4.7344538520363759],[-74.264245695411688,4.7345235213839612],[-74.264397749810328,4.7346221198738387],[-74.26434830271387,4.7347902051438231],[-74.26427351230042,4.73474140021849],[-74.26425535196168,4.7347293815099762],[-74.264222467847915,4.734707414017528],[-74.264191917077952,4.7346877102681386],[-74.264167204485318,4.7346714774652456],[-74.264165600138895,4.734661705097273],[-74.264050770190735,4.7345927440893956],[-74.263967959534114,4.7345408250637169]]},"properties":{"FID":157,"FID_green_":1,"TYPE":"UTILITIES","Shape_Leng":59485.061439999998,"Shape_Area":190948.93197400001}},{"type":"Feature","id":158,"geometry":{"type":"LineString","coordinates":[[-74.26537091130028,4.7354746056982142],[-74.265366595910265,4.7354725785190359],[-74.265316473435135,4.7354819769826078],[-74.265344537055697,4.7354168749374841],[-74.265432450718507,4.735466067738475],[-74.265483787820585,4.7352848604561553],[-74.265503637433056,4.7352904906770803],[-74.265442132113733,4.7355087925091963],[-74.265438463788499,4.7355063347065949],[-74.26537091130028,4.7354746056982142]]},"properties":{"FID":158,"FID_green_":1,"TYPE":"UTILITIES","Shape_Leng":59485.061439999998,"Shape_Area":190948.93197400001}},{"type":"Feature","id":159,"geometry":{"type":"LineString","coordinates":[[-74.264457892574427,4.7351090842593235],[-74.264191830148249,4.7349350371171521],[-74.264183494745069,4.7349938072943907],[-74.263973248405151,4.7348930116174675],[-74.264025540494572,4.7347693639501465],[-74.264137315662879,4.7348279452925501],[-74.264166137286239,4.7348430502263534],[-74.264203536614829,4.7348626517509258],[-74.264204338041509,4.7348630702268615],[-74.264598345925407,4.7351215066790386],[-74.265215419489863,4.7355425167341823],[-74.265314651838437,4.7356125479439148],[-74.265278401872592,4.7356638389854622],[-74.265200734091721,4.7356148622270595],[-74.264938054248262,4.7354245397344448],[-74.264820970808842,4.7353526956528427],[-74.264457892574427,4.7351090842593235]]},"properties":{"FID":159,"FID_green_":1,"TYPE":"UTILITIES","Shape_Leng":59485.061439999998,"Shape_Area":190948.93197400001}},{"type":"Feature","id":160,"geometry":{"type":"LineString","coordinates":[[-74.266846516384703,4.7367970734016103],[-74.266455332046831,4.7366032626279573],[-74.266495403710536,4.7366247921688274],[-74.266483301623452,4.7366501882946981],[-74.266450228486619,4.7366364229926239],[-74.266403776311677,4.7367221970341964],[-74.266297530647137,4.7366672923703703],[-74.266340315842072,4.7365906609324435],[-74.266312155216198,4.7365770751427592],[-74.266332820685861,4.7365331402853474],[-74.266363602892582,4.7365482138406154],[-74.266364355657387,4.7365486648820827],[-74.266404736356151,4.7364667466392909],[-74.26641467207557,4.736446592444711],[-74.266414734236093,4.7364464676339573],[-74.266414797298239,4.7364463437272661],[-74.266420897884316,4.7364501338021014],[-74.26642425604625,4.7364522191111078],[-74.266494832068659,4.7365013043694013],[-74.266509057603358,4.7365117912974188],[-74.266509916779,4.7365124240744949],[-74.266697833791184,4.7366509308540881],[-74.266859423592535,4.7367658216898398],[-74.266846516384703,4.7367970734016103]]},"properties":{"FID":160,"FID_green_":1,"TYPE":"UTILITIES","Shape_Leng":59485.061439999998,"Shape_Area":190948.93197400001}},{"type":"Feature","id":161,"geometry":{"type":"LineString","coordinates":[[-74.270337540256975,4.7389237280908985],[-74.270376396686046,4.7388526436030523],[-74.270628994994411,4.7390212055835068],[-74.27057808330494,4.7390943172805109],[-74.270545772689132,4.7390713543106013],[-74.27050903997781,4.7390452483143211],[-74.270472307269685,4.7390191441246028],[-74.270435579973011,4.7389930417398602],[-74.270398827450677,4.7389669755321684],[-74.270362028080839,4.7389409852968658],[-74.270343605873435,4.7389280290697258],[-74.270337540256975,4.7389237280908985]]},"properties":{"FID":161,"FID_green_":1,"TYPE":"UTILITIES","Shape_Leng":59485.061439999998,"Shape_Area":190948.93197400001}},{"type":"Feature","id":162,"geometry":{"type":"LineString","coordinates":[[-74.272278723889073,4.7391171178334695],[-74.272278776986937,4.7391168212073786],[-74.27230259873555,4.7391211497199794],[-74.272197738599147,4.7397459472504737],[-74.272189395829301,4.739743904068705],[-74.272181221596071,4.7397417893994955],[-74.272159441969819,4.7397361535917026],[-74.27215533682444,4.7397350912883187],[-74.272172710407887,4.739614613435216],[-74.272197390483129,4.7395133825021709],[-74.272246785543771,4.7392940210222516],[-74.272278723889073,4.7391171178334695]]},"properties":{"FID":162,"FID_green_":1,"TYPE":"UTILITIES","Shape_Leng":59485.061439999998,"Shape_Area":190948.93197400001}},{"type":"Feature","id":163,"geometry":{"type":"LineString","coordinates":[[-74.271971544162056,4.7400471237002346],[-74.27206278798414,4.7396625082019224],[-74.272120772176308,4.7396715954888311],[-74.272062015144186,4.739912595932199],[-74.27203274831632,4.7399796690369138],[-74.272025770684735,4.7400082921683451],[-74.272011286985091,4.7400743844647941],[-74.271972043622696,4.7400474825676984],[-74.271971544162056,4.7400471237002346]]},"properties":{"FID":163,"FID_green_":1,"TYPE":"UTILITIES","Shape_Leng":59485.061439999998,"Shape_Area":190948.93197400001}},{"type":"Feature","id":164,"geometry":{"type":"LineString","coordinates":[[-74.271895602611451,4.7402599237771614],[-74.271797607313118,4.7402894659528485],[-74.271765159518935,4.7402565530450094],[-74.271808592531116,4.740199788631374],[-74.271804253387629,4.7401967920891828],[-74.27165060821946,4.7400905978336034],[-74.271733365825582,4.7400773030400059],[-74.271748290846205,4.7400744159296293],[-74.271792847463317,4.7401195009610069],[-74.27179188172768,4.7401181918027619],[-74.271888876634037,4.7401859718274792],[-74.271967157553462,4.7402386832888812],[-74.271895602611451,4.7402599237771614]]},"properties":{"FID":164,"FID_green_":1,"TYPE":"UTILITIES","Shape_Leng":59485.061439999998,"Shape_Area":190948.93197400001}},{"type":"Feature","id":165,"geometry":{"type":"LineString","coordinates":[[-74.271895602611451,4.7402599237771614],[-74.272013493665085,4.7402263192884746],[-74.272081774005756,4.7402634126332845],[-74.272143689448498,4.7403058331997618],[-74.272385809489748,4.7404717161870193],[-74.272386200950692,4.7405048334340032],[-74.272465122924743,4.7405579235573718],[-74.272415448738528,4.7406207621604377],[-74.271895602611451,4.7402599237771614]]},"properties":{"FID":165,"FID_green_":1,"TYPE":"UTILITIES","Shape_Leng":59485.061439999998,"Shape_Area":190948.93197400001}},{"type":"Feature","id":166,"geometry":{"type":"LineString","coordinates":[[-74.280382935900278,4.7455668805183135],[-74.280564213840435,4.7453317286754428],[-74.280609747969692,4.7453659141618321],[-74.280430482648057,4.7456004884800747],[-74.280382935900278,4.7455668805183135]]},"properties":{"FID":166,"FID_green_":1,"TYPE":"UTILITIES","Shape_Leng":59485.061439999998,"Shape_Area":190948.93197400001}},{"type":"Feature","id":167,"geometry":{"type":"LineString","coordinates":[[-74.276346311169931,4.7431986627606335],[-74.275857051650931,4.7428649116315533],[-74.275793480876629,4.7429585269512406],[-74.275709433819259,4.7429045859474543],[-74.275751277965043,4.7428398638949307],[-74.27496359775256,4.7423024602397739],[-74.274075175920373,4.7416924561765521],[-74.273313278111388,4.741173047835737],[-74.272790941316899,4.7408210875042824],[-74.272617496921114,4.740704253626479],[-74.272675552408046,4.7407004690045156],[-74.272798388351688,4.7407821669445749],[-74.273447795986428,4.7412194465235329],[-74.273447841965137,4.7412194772567569],[-74.274131622369183,4.7416881265928783],[-74.274369363685324,4.7418512275477278],[-74.274651421712434,4.7420447310667617],[-74.274725069355881,4.7420952551067863],[-74.274896363953061,4.742212769975656],[-74.275440044129496,4.7425849237015587],[-74.275440091911662,4.7425849562427302],[-74.275656220252941,4.7427340335764328],[-74.275656340142845,4.7427340579581987],[-74.275678703654918,4.7427385558707646],[-74.27577589089465,4.7428018001841217],[-74.275861620608453,4.742858184121082],[-74.276339486571956,4.7431819333302236],[-74.276351891939925,4.7431904311016364],[-74.277320340082511,4.7438537979767723],[-74.277495730400943,4.7439741215437117],[-74.277729468551811,4.7441344724430357],[-74.278095170282469,4.7443853552874078],[-74.278388716173566,4.744586736641156],[-74.278651017864576,4.7447666832560662],[-74.278662894979803,4.744774832980923],[-74.27886178936059,4.7449112793607116],[-74.279079930277589,4.7450609310049172],[-74.279093708788196,4.7450703841698552],[-74.279431332446649,4.7453020083076405],[-74.279595843472222,4.7454148694764529],[-74.280123052901615,4.7457768154295827],[-74.280118592475048,4.7457847121969801],[-74.279866803079045,4.7456118528213054],[-74.279311322878996,4.7452306623398579],[-74.278385564793894,4.7445955300846823],[-74.277604611681213,4.7440597707971657],[-74.277008251290567,4.7436510722770437],[-74.276392067649638,4.7432298742287378],[-74.276346311169931,4.7431986627606335]]},"properties":{"FID":167,"FID_green_":1,"TYPE":"UTILITIES","Shape_Leng":59485.061439999998,"Shape_Area":190948.93197400001}},{"type":"Feature","id":168,"geometry":{"type":"LineString","coordinates":[[-74.290526560850765,4.7527456805237733],[-74.288978388191197,4.7516805053928133],[-74.288941357764401,4.75165498561869],[-74.288904394023589,4.7516294025209476],[-74.288867476233023,4.7516037434456893],[-74.288830522354715,4.751577969533157],[-74.288608513328413,4.7514230837481195],[-74.288534465865041,4.7513714292264],[-74.288497295656128,4.7513455821125561],[-74.28846006868433,4.7513198064537008],[-74.288422791260729,4.7512941067694365],[-74.288385519280311,4.7512685128845842],[-74.284185160778563,4.7483870356648286],[-74.284088905023069,4.7483210025626486],[-74.284109965285424,4.7483070709188349],[-74.284604113384518,4.7486496566050809],[-74.285092999000469,4.7489808999404106],[-74.285299863819404,4.7491226492879521],[-74.286094583663115,4.7496650245591319],[-74.286575285886855,4.7499925371956095],[-74.287903546313999,4.7509086822640194],[-74.288512986601646,4.7513354229139235],[-74.289595689440006,4.7520792264560479],[-74.2905336127249,4.7527379058779387],[-74.290570886913173,4.752696808348869],[-74.290645975249774,4.7527555800675136],[-74.29061176188344,4.7527927890645376],[-74.290613745363913,4.7527941792660995],[-74.290607239496765,4.7528011905139689],[-74.290605277661811,4.7527998400949194],[-74.290567597092448,4.752773915488504],[-74.290526560850765,4.7527456805237733]]},"properties":{"FID":168,"FID_green_":1,"TYPE":"UTILITIES","Shape_Leng":59485.061439999998,"Shape_Area":190948.93197400001}},{"type":"Feature","id":169,"geometry":{"type":"LineString","coordinates":[[-74.281376947592378,4.7466807379142004],[-74.280250245148252,4.7459079217238784],[-74.280193727979238,4.7459859569501965],[-74.280146826310471,4.7459544368163904],[-74.280124855800437,4.7459781929413767],[-74.280081120630072,4.7459464955346311],[-74.280115180237914,4.7459034878010256],[-74.280160048478137,4.7459384023784859],[-74.280200111911427,4.7458790611896493],[-74.28025073724487,4.7458644843518911],[-74.280271425343216,4.7458786785246057],[-74.280833812403841,4.7462641823790097],[-74.281297190626205,4.7465820307236637],[-74.281685552958379,4.7468484525040981],[-74.281789268720715,4.7469196030060816],[-74.281967869223678,4.7470421254801085],[-74.282084561242513,4.747122179460451],[-74.282332703053896,4.7472924084419788],[-74.282696303803505,4.7475418478511795],[-74.282733152540345,4.7475671265888106],[-74.282865406638251,4.7476578546959889],[-74.283112365071204,4.7478272716674983],[-74.283281836782862,4.7479435314977776],[-74.283507593294686,4.7480984044303556],[-74.283622300414038,4.7481770950389643],[-74.283747454005507,4.7482629518062369],[-74.283854494258236,4.7483363825353599],[-74.28395014414258,4.7484020007780483],[-74.283950464198711,4.7484022204275096],[-74.283995712921154,4.7484332624053254],[-74.284053783728481,4.7484731002983409],[-74.28406149122182,4.7484783872497278],[-74.284069199616923,4.7484836751050388],[-74.284201199816167,4.7485742284845438],[-74.284367948251969,4.7486886205589656],[-74.284426169662979,4.7487285614636985],[-74.284633825901821,4.7488710161388923],[-74.28470767151228,4.7489216737238271],[-74.284887610955465,4.749045115567049],[-74.285094007889242,4.7491867059606951],[-74.285102361822851,4.7491924367170615],[-74.285326134779652,4.749345946828571],[-74.285562549638811,4.749508130724533],[-74.285718632946683,4.7496152035393324],[-74.28580478153394,4.7496743034587121],[-74.286060519550006,4.7498513579966328],[-74.286378185611881,4.750067662961956],[-74.286638222118341,4.7502460489089922],[-74.286788542007201,4.7503491714163326],[-74.286845542062295,4.7503882732818674],[-74.287082915088277,4.7505511119481598],[-74.287353895237175,4.7507370054063003],[-74.287554989207166,4.7508749568140995],[-74.287853835432202,4.7510799666380894],[-74.288023419598659,4.7511963020543266],[-74.288814492955368,4.7517435863328652],[-74.288870188836469,4.7517823854782497],[-74.288942212116865,4.7518319453155087],[-74.288942863054999,4.7518323945535066],[-74.289278942679019,4.7520636504857974],[-74.289670135916907,4.7523327939626938],[-74.290041861687783,4.7525885523160731],[-74.290064065744673,4.7526038299642952],[-74.290306174592502,4.7527704061716234],[-74.290499577637192,4.7529007366821325],[-74.290475455712055,4.7529275566582516],[-74.289968295259911,4.7525807961981217],[-74.288003829140152,4.751226892403273],[-74.285071945187312,4.7492153907081063],[-74.284036153968103,4.7485046955374539],[-74.283918760086081,4.7484241791177917],[-74.283102292232357,4.7478641593177642],[-74.282264921119804,4.747289804274593],[-74.281376947592378,4.7466807379142004]]},"properties":{"FID":169,"FID_green_":1,"TYPE":"UTILITIES","Shape_Leng":59485.061439999998,"Shape_Area":190948.93197400001}},{"type":"Feature","id":170,"geometry":{"type":"LineString","coordinates":[[-74.290540116707618,4.7529537125705765],[-74.290558956270004,4.7529320243242257],[-74.290589123138815,4.7529529341920158],[-74.290492530660671,4.7530536489115649],[-74.29047085508337,4.7530334426750693],[-74.290540116707618,4.7529537125705765]]},"properties":{"FID":170,"FID_green_":1,"TYPE":"UTILITIES","Shape_Leng":59485.061439999998,"Shape_Area":190948.93197400001}},{"type":"Feature","id":171,"geometry":{"type":"LineString","coordinates":[[-74.290650095366388,4.7528197100061007],[-74.290686809828372,4.7527875380941262],[-74.290708877507228,4.752804810650562],[-74.290696954658102,4.7528188554186981],[-74.290705531375934,4.7528247587551631],[-74.291387929501155,4.7532944112250304],[-74.291449227918989,4.7533365986335454],[-74.291593746699519,4.7534360621176841],[-74.292210390937242,4.7538603418524508],[-74.293031959201613,4.7544281689308772],[-74.293015215575736,4.7544503819854382],[-74.29273581529533,4.7542556422394142],[-74.292644653367645,4.7541921028854022],[-74.292477374730368,4.754076905574653],[-74.292333788840679,4.7539781166069242],[-74.292243557673117,4.7539160445860542],[-74.292195102183925,4.7538826991228742],[-74.291998671107081,4.7537475519461605],[-74.291763680407541,4.7535858745648465],[-74.291582203104468,4.7534610153638752],[-74.291499162167028,4.7534038812006472],[-74.291483625238627,4.753393191762787],[-74.291443931377216,4.753365881539473],[-74.291429417743984,4.7533558971373138],[-74.291369195815591,4.7533144626756521],[-74.291315614029017,4.7532775973893679],[-74.290686389313166,4.7528446800948352],[-74.290678625820206,4.7528393398860818],[-74.290650095366388,4.7528197100061007]]},"properties":{"FID":171,"FID_green_":1,"TYPE":"UTILITIES","Shape_Leng":59485.061439999998,"Shape_Area":190948.93197400001}},{"type":"Feature","id":172,"geometry":{"type":"LineString","coordinates":[[-74.301742040264287,4.760392218570261],[-74.301779614044989,4.7602110894936596],[-74.301820654320821,4.7602156518766066],[-74.301806404385246,4.7602971411905859],[-74.30179142558373,4.7603602788764583],[-74.301788883999777,4.7603669453004827],[-74.301788830846931,4.7603670366521182],[-74.301785329088574,4.7603731273499008],[-74.301785194833727,4.7603732919762631],[-74.301781669981409,4.760377656372758],[-74.301780850038625,4.7603786712646388],[-74.301780611237817,4.760378885661555],[-74.301775557677558,4.7603834404592584],[-74.301775197194289,4.7603836738861354],[-74.301769583570675,4.7603873155232126],[-74.301769097787343,4.7603875309049402],[-74.301763076417458,4.7603902005522842],[-74.301762484250247,4.7603903571891752],[-74.301762450000965,4.7603903689562115],[-74.301756197544265,4.7603920222455374],[-74.301755518814531,4.7603920911935038],[-74.301755443101285,4.7603921038784041],[-74.301749120005354,4.7603927371402239],[-74.301748371831749,4.7603926939776011],[-74.301747419037198,4.7603926391257643],[-74.301742017764482,4.7603923270935828],[-74.301742040264287,4.760392218570261]]},"properties":{"FID":172,"FID_green_":1,"TYPE":"UTILITIES","Shape_Leng":59485.061439999998,"Shape_Area":190948.93197400001}},{"type":"Feature","id":173,"geometry":{"type":"LineString","coordinates":[[-74.301618182957242,4.7606960766076671],[-74.301677777847928,4.7606289093002427],[-74.301720374926063,4.760658730089915],[-74.301691469294468,4.7606933307930221],[-74.301678850916957,4.7606858617680947],[-74.301648273426267,4.7607184084444336],[-74.301618182957242,4.7606960766076671]]},"properties":{"FID":173,"FID_green_":1,"TYPE":"UTILITIES","Shape_Leng":59485.061439999998,"Shape_Area":190948.93197400001}},{"type":"Feature","id":174,"geometry":{"type":"LineString","coordinates":[[-74.303769124723033,4.7623514388516481],[-74.30383530772778,4.7622590500817248],[-74.303878461990379,4.7622914116265838],[-74.30381150735036,4.7623809195548841],[-74.303769124723033,4.7623514388516481]]},"properties":{"FID":174,"FID_green_":1,"TYPE":"UTILITIES","Shape_Leng":59485.061439999998,"Shape_Area":190948.93197400001}},{"type":"Feature","id":175,"geometry":{"type":"LineString","coordinates":[[-74.306302114839355,4.7639000516735024],[-74.306252264410759,4.7638639143556771],[-74.306243605845125,4.7638757201552524],[-74.306117534530856,4.7637789567947104],[-74.306080519864238,4.7637531025097672],[-74.306043598905447,4.7637271252068025],[-74.306007831335563,4.7636999140536433],[-74.305971427558987,4.7636732474982839],[-74.305962690764431,4.7636665296451977],[-74.305935695934878,4.7636456854608307],[-74.305900094060135,4.7636179560828422],[-74.305863991227071,4.7635908870079984],[-74.305827442399305,4.7635644122040857],[-74.305791268371564,4.7635373747992418],[-74.305754716847503,4.7635109072264088],[-74.305718770800411,4.7634836291980509],[-74.305682592297842,4.7634566641324847],[-74.305646717436588,4.763429293837846],[-74.305609801014555,4.7634033065609191],[-74.305573559449371,4.7633764238013443],[-74.305537153903856,4.7633497590303131],[-74.305501294371567,4.7633223706363905],[-74.305465409638032,4.7632950889561476],[-74.305429533887349,4.7632677041807421],[-74.305393613095021,4.763240397188004],[-74.30535756074687,4.7632132294989864],[-74.305326341087152,4.7631896430428329],[-74.305287877773367,4.763160573501759],[-74.305253183249448,4.7631343385944884],[-74.305213501000964,4.7631045170751154],[-74.305174832092163,4.7630751889655087],[-74.305141547722428,4.7630500351279084],[-74.305105612540757,4.7630227606784397],[-74.305096228425185,4.7630156415185319],[-74.305069781956988,4.7629955856653021],[-74.305035088594721,4.7629673504346055],[-74.304999555921142,4.7629387790800672],[-74.304964389304516,4.7629104680408343],[-74.304928580464207,4.7628835932400637],[-74.304892441420179,4.7628558232896152],[-74.304856772999216,4.7628283253758168],[-74.30482151899578,4.7628001292035762],[-74.304786263225964,4.7627720352158702],[-74.304751371433369,4.7627433587368415],[-74.304715349690042,4.7627159070510992],[-74.304680814232782,4.7626908205207226],[-74.304644836535275,4.7626657254217459],[-74.304612821773574,4.7626417865161361],[-74.304570466910619,4.7626091588923085],[-74.30453488843682,4.7625809962703407],[-74.304497761945328,4.762554615627856],[-74.304461296162387,4.7625281732728295],[-74.3044252718297,4.7625010037130382],[-74.304388727575429,4.7624743931799873],[-74.304354278837224,4.7624497985424377],[-74.304318398028983,4.7624232203413657],[-74.304282212427211,4.762396266049997],[-74.30424292556269,4.7623679346257877],[-74.304223411155533,4.7623541468676081],[-74.30420827676204,4.7623434557966764],[-74.304170170602276,4.7623147134267585],[-74.304137489444955,4.7622898776513587],[-74.30410104136628,4.7622623627702465],[-74.304062317569773,4.7622330490797928],[-74.304026790630004,4.7622052372806891],[-74.303992519330023,4.7621801433916344],[-74.303969346558461,4.762162083108894],[-74.303922593926018,4.7621270008111098],[-74.303882468144707,4.7620966964584595],[-74.303850170201386,4.7620721634826069],[-74.303810853067333,4.7620421220106133],[-74.303777782421705,4.76201695175385],[-74.303744166859104,4.7619875712542701],[-74.303716885485073,4.7619666348311522],[-74.303670057944501,4.7619284327047655],[-74.303670683159183,4.7619107841823904],[-74.303689699836895,4.7618855298774125],[-74.304019902850811,4.762135785701413],[-74.304317143372401,4.7623629672562933],[-74.304676626931411,4.7626377178012005],[-74.304968005502545,4.7628604192772457],[-74.305101182980778,4.7629622048049907],[-74.305606496813184,4.7633386710242718],[-74.30594627322229,4.7635918091963925],[-74.306412241161681,4.7639391368377622],[-74.306373165681791,4.763931787939919],[-74.30633324049829,4.7639172193938935],[-74.306320715945446,4.7639103110945689],[-74.306302114839355,4.7639000516735024]]},"properties":{"FID":175,"FID_green_":1,"TYPE":"UTILITIES","Shape_Leng":59485.061439999998,"Shape_Area":190948.93197400001}},{"type":"Feature","id":176,"geometry":{"type":"LineString","coordinates":[[-74.308629114613097,4.7659772308217638],[-74.308676382476719,4.7659126117722463],[-74.308742248546125,4.7659626100397094],[-74.30869382578318,4.7660239215544786],[-74.308629114613097,4.7659772308217638]]},"properties":{"FID":176,"FID_green_":1,"TYPE":"UTILITIES","Shape_Leng":59485.061439999998,"Shape_Area":190948.93197400001}},{"type":"Feature","id":177,"geometry":{"type":"LineString","coordinates":[[-74.309129730812217,4.7660683748568342],[-74.30892725499298,4.7659155875080375],[-74.308650032248295,4.7657063987528314],[-74.308560321781869,4.7656387050181976],[-74.30855289685239,4.7656331017611677],[-74.308523264567043,4.7656101678330192],[-74.308487152520797,4.7655831124749843],[-74.308451290956384,4.7655557242485447],[-74.308415469039318,4.7655282844616682],[-74.308380135562501,4.7655004755545463],[-74.308344913719196,4.7654722370656666],[-74.308308850340993,4.765445116571577],[-74.308273219447884,4.7654174226043509],[-74.308236682147083,4.7653909316577057],[-74.308200755730823,4.7653636320601818],[-74.308164649115099,4.765336567638963],[-74.308128630724525,4.765309157743661],[-74.308092973093252,4.7652823337114372],[-74.308056855424368,4.7652545349965694],[-74.308020594735353,4.7652276370099464],[-74.307984701672993,4.7652002930783217],[-74.307948638322983,4.7651731734680478],[-74.307912301970845,4.7651464147627243],[-74.307876446759209,4.7651190210758072],[-74.307840219435093,4.7650921203548187],[-74.307804765174225,4.7650641884712934],[-74.307768642371755,4.7650371475447502],[-74.307733057497046,4.7650094680005388],[-74.307697067147998,4.7649822515914382],[-74.307660958770327,4.7649551925679594],[-74.307624962118837,4.7649279815826766],[-74.307588958263139,4.7649007832579864],[-74.307552848052538,4.7648736084786032],[-74.307516790141705,4.7648464807032669],[-74.307480726827649,4.7648193601620772],[-74.307444858133977,4.7647919827326444],[-74.307408924570382,4.7647646903270715],[-74.307373076604321,4.7647372821404854],[-74.307337147563544,4.7647100204755004],[-74.307301223019635,4.7646827199220976],[-74.307265184949884,4.7646555640925277],[-74.307229118052163,4.7646284507726584],[-74.307192906995326,4.764601525593168],[-74.307157027515586,4.7645741734714679],[-74.307120872326635,4.7645471741166716],[-74.307084706329604,4.7645201928494068],[-74.307048700713565,4.7644929963032236],[-74.307012702308526,4.7644657907096075],[-74.306976586774994,4.7644387388839933],[-74.306940820844289,4.7644112528758029],[-74.30690479181375,4.7643840888840865],[-74.30686903308758,4.7643565657931797],[-74.3068330310915,4.7643293619991649],[-74.306797160645658,4.7643019854380082],[-74.306761174874396,4.7642747635485128],[-74.306725706440446,4.7642473298784163],[-74.306689360272799,4.7642205873837957],[-74.306653450194091,4.7641932641813884],[-74.306617462631792,4.7641660440929563],[-74.306581389476236,4.7641389361641249],[-74.306545555991548,4.7641115116485544],[-74.306512263054955,4.7640825580184725],[-74.306484378240455,4.764041828604145],[-74.306447086534277,4.7640205718922521],[-74.30644706219077,4.7640205547186509],[-74.306447039650337,4.7640205384487713],[-74.306455937883598,4.7640111452385048],[-74.306980992576982,4.764402641389756],[-74.308228643298492,4.7653526842944363],[-74.309095261765194,4.766008369924946],[-74.309285646673104,4.7657939370509057],[-74.309315665180733,4.7658180337433222],[-74.309123943593306,4.7660300706822332],[-74.30915262632459,4.7660517714379456],[-74.30913060719972,4.7660690401259123],[-74.309129730812217,4.7660683748568342]]},"properties":{"FID":177,"FID_green_":1,"TYPE":"UTILITIES","Shape_Leng":59485.061439999998,"Shape_Area":190948.93197400001}},{"type":"Feature","id":178,"geometry":{"type":"LineString","coordinates":[[-74.311322518627279,4.7677162261267503],[-74.31136495154739,4.7676739610164223],[-74.311431736332764,4.7677261136384352],[-74.311385555847394,4.7677697988738723],[-74.311385523407154,4.7677698296311029],[-74.311370108639707,4.7677570318087152],[-74.311338982383091,4.767728294728137],[-74.311322518627279,4.7677162261267503]]},"properties":{"FID":178,"FID_green_":1,"TYPE":"UTILITIES","Shape_Leng":59485.061439999998,"Shape_Area":190948.93197400001}},{"type":"Feature","id":179,"geometry":{"type":"LineString","coordinates":[[-74.311052106159309,4.7679574711941388],[-74.311123102814676,4.7678883432212995],[-74.311170519083063,4.7679244827917335],[-74.311217903799488,4.7679605997618539],[-74.311150658848518,4.7680272007606197],[-74.311052106159309,4.7679574711941388]]},"properties":{"FID":179,"FID_green_":1,"TYPE":"UTILITIES","Shape_Leng":59485.061439999998,"Shape_Area":190948.93197400001}},{"type":"Feature","id":180,"geometry":{"type":"LineString","coordinates":[[-74.313502336258708,4.7700921996012635],[-74.313519842401917,4.7699572034386133],[-74.313628174226423,4.7699824377452114],[-74.31373981202978,4.7701041008262752],[-74.313741153826328,4.7701055635206089],[-74.313849967897269,4.7702255925800108],[-74.313798608074563,4.7702196436875832],[-74.313750338997409,4.7701551258961956],[-74.313740287768425,4.7701536119397563],[-74.313580891967106,4.7701124741175756],[-74.313502336258708,4.7700921996012635]]},"properties":{"FID":180,"FID_green_":1,"TYPE":"UTILITIES","Shape_Leng":59485.061439999998,"Shape_Area":190948.93197400001}},{"type":"Feature","id":181,"geometry":{"type":"LineString","coordinates":[[-74.314109502878352,4.7702318712902967],[-74.313893551462471,4.7699922684284655],[-74.314022131203728,4.7700161935120917],[-74.314081334398495,4.7700649455855801],[-74.314212769650922,4.770077842626673],[-74.314367409015603,4.7700592855465098],[-74.314382688129058,4.770191477939961],[-74.314214021401739,4.7702138216382428],[-74.314141732670919,4.7702079034964484],[-74.314109502878352,4.7702318712902967]]},"properties":{"FID":181,"FID_green_":1,"TYPE":"UTILITIES","Shape_Leng":59485.061439999998,"Shape_Area":190948.93197400001}},{"type":"Feature","id":182,"geometry":{"type":"LineString","coordinates":[[-74.315282288159139,4.7715331023716949],[-74.315655985682454,4.7712365264964163],[-74.315706805655495,4.7713000358653694],[-74.315324347823235,4.7715797695228082],[-74.315282288159139,4.7715331023716949]]},"properties":{"FID":182,"FID_green_":1,"TYPE":"UTILITIES","Shape_Leng":59485.061439999998,"Shape_Area":190948.93197400001}},{"type":"Feature","id":183,"geometry":{"type":"LineString","coordinates":[[-74.315044778793578,4.7717788997817694],[-74.315109851005147,4.7717166922455316],[-74.315145774139125,4.7717536782983041],[-74.315071549852561,4.7718105048090367],[-74.315044778793578,4.7717788997817694]]},"properties":{"FID":183,"FID_green_":1,"TYPE":"UTILITIES","Shape_Leng":59485.061439999998,"Shape_Area":190948.93197400001}},{"type":"Feature","id":184,"geometry":{"type":"LineString","coordinates":[[-74.317449359097168,4.7739628529825513],[-74.317380665709877,4.773863525315261],[-74.317368487407691,4.7738499632826086],[-74.317323953872176,4.7738003699231744],[-74.317267241143455,4.773737214526105],[-74.317280635552507,4.7737251103295595],[-74.317353430078086,4.7737172482399544],[-74.317462916150049,4.7738844102769065],[-74.317483397581512,4.7738829960263089],[-74.317527862868218,4.7739410671986331],[-74.317548034043085,4.7739754687087981],[-74.317627367908528,4.7740804200848572],[-74.317707636719476,4.7741858160379138],[-74.317676887080438,4.7742177847162024],[-74.317492046965526,4.7740162169993967],[-74.317492197463906,4.7740161084309136],[-74.317470582731872,4.7739935419809632],[-74.317449359097168,4.7739628529825513]]},"properties":{"FID":184,"FID_green_":1,"TYPE":"UTILITIES","Shape_Leng":59485.061439999998,"Shape_Area":190948.93197400001}},{"type":"Feature","id":185,"geometry":{"type":"LineString","coordinates":[[-74.319066132470908,4.7756592771167696],[-74.318908465338467,4.7754929416808896],[-74.319070939460985,4.7755271384149154],[-74.319066132470908,4.7756592771167696]]},"properties":{"FID":185,"FID_green_":1,"TYPE":"UTILITIES","Shape_Leng":59485.061439999998,"Shape_Area":190948.93197400001}},{"type":"Feature","id":186,"geometry":{"type":"LineString","coordinates":[[-74.319162144277854,4.7757860142021737],[-74.31912863837205,4.775723430459184],[-74.319193328251274,4.7757974127508618],[-74.319193964003787,4.7757981386786144],[-74.319258024457241,4.775871403172081],[-74.319220331455995,4.7758989170776207],[-74.31914479273982,4.7758215574386531],[-74.319148962406118,4.7758130175830216],[-74.319162144277854,4.7757860142021737]]},"properties":{"FID":186,"FID_green_":1,"TYPE":"UTILITIES","Shape_Leng":59485.061439999998,"Shape_Area":190948.93197400001}},{"type":"Feature","id":187,"geometry":{"type":"LineString","coordinates":[[-74.318574107476067,4.7755206955232739],[-74.318174927429055,4.7750274033258204],[-74.318146170912541,4.7750700230595617],[-74.318092028356133,4.7749951362786449],[-74.318025212142217,4.7749001956874002],[-74.317872028328864,4.7746825322335358],[-74.317366976369883,4.7741295033406876],[-74.317356511230443,4.7740887746719167],[-74.317354372175515,4.7740809894076719],[-74.318004134138832,4.7747856971643747],[-74.318035243802925,4.7748194364933356],[-74.31817006778472,4.7749417254481292],[-74.318174528494993,4.774945770619806],[-74.318507790046056,4.7753081634386065],[-74.318512444411013,4.7753427566507671],[-74.318606038320524,4.7754509782540122],[-74.318725848811383,4.7755895117562206],[-74.318721406456206,4.7755941632215215],[-74.318674586459053,4.7756496294630102],[-74.318716007737265,4.7759446468309807],[-74.318718960007104,4.7759656616916031],[-74.318730525119932,4.7760480437456749],[-74.318723340131982,4.776048624119106],[-74.31870123350788,4.776050384423244],[-74.318671941895246,4.7760527241952815],[-74.318574107476067,4.7755206955232739]]},"properties":{"FID":187,"FID_green_":1,"TYPE":"UTILITIES","Shape_Leng":59485.061439999998,"Shape_Area":190948.93197400001}},{"type":"Feature","id":188,"geometry":{"type":"LineString","coordinates":[[-74.321767132579325,4.7781437367757498],[-74.321791292382301,4.7781207372883268],[-74.321978899101509,4.7782677319323703],[-74.322294943808572,4.7785165760997534],[-74.322588561447787,4.7787502811303213],[-74.322869037608726,4.7789742071246533],[-74.323039788985881,4.7791106724098738],[-74.32330230994279,4.7793014295578686],[-74.323751822715963,4.7796565317004589],[-74.324186730279337,4.7799815609185412],[-74.324441686329521,4.7801750739024147],[-74.324592072604347,4.7802892180788277],[-74.324972350382808,4.780579393096855],[-74.325402852899359,4.7808993119733669],[-74.325642273947224,4.7810812595976593],[-74.325877754043916,4.7812580486351814],[-74.32614566160791,4.781446107839102],[-74.326515772117588,4.7816950007975247],[-74.326726422486544,4.78182318167923],[-74.327255786748225,4.7821086041532217],[-74.326890514389007,4.781943853873905],[-74.32665176213861,4.7818158433270472],[-74.32564411718991,4.7811208798414331],[-74.325445079938063,4.7809767814693611],[-74.325381234576724,4.7809282627551202],[-74.324950703197757,4.780608323077292],[-74.324570280242824,4.7803180377757988],[-74.324418624418371,4.7802029300704527],[-74.324165082175455,4.7800104890671147],[-74.323963102659121,4.7798595385151836],[-74.322722535946681,4.778890021451514],[-74.322703026505835,4.7788747765357398],[-74.322648718002085,4.778832331017175],[-74.322277367630804,4.7785385966119387],[-74.321871892160146,4.7782081325101897],[-74.321772645054565,4.7781471250262868],[-74.321767132579325,4.7781437367757498]]},"properties":{"FID":188,"FID_green_":1,"TYPE":"UTILITIES","Shape_Leng":59485.061439999998,"Shape_Area":190948.93197400001}},{"type":"Feature","id":189,"geometry":{"type":"LineString","coordinates":[[-74.328806172302961,4.7827929767145489],[-74.32880687555037,4.7827908775815624],[-74.328818085652898,4.782795784709716],[-74.328917473432966,4.7828435910130658],[-74.328948831385958,4.7828586740401944],[-74.32892781351498,4.7829098830907926],[-74.328926763386576,4.7829124408301356],[-74.328787076562875,4.7828499617099745],[-74.328806172302961,4.7827929767145489]]},"properties":{"FID":189,"FID_green_":1,"TYPE":"UTILITIES","Shape_Leng":59485.061439999998,"Shape_Area":190948.93197400001}},{"type":"Feature","id":190,"geometry":{"type":"LineString","coordinates":[[-74.334022599041987,4.7850037411085058],[-74.333862085633413,4.7849119879212836],[-74.333770036720594,4.7848619188823491],[-74.333709276206321,4.7848308618261788],[-74.333708894652645,4.7848301891717266],[-74.333729091516787,4.7847900353348631],[-74.333768814060306,4.7848101428930825],[-74.333767693122766,4.7848137433201998],[-74.333817525925937,4.7848407251767799],[-74.33382044166855,4.7848348741860107],[-74.33400630175035,4.7849276243724157],[-74.334010172187405,4.7849002064371264],[-74.334321257730281,4.7850173220196055],[-74.334316239978349,4.7850331563382529],[-74.334110210775165,4.7849753024927413],[-74.334086774922028,4.7850464451085806],[-74.334022599041987,4.7850037411085058]]},"properties":{"FID":190,"FID_green_":1,"TYPE":"UTILITIES","Shape_Leng":59485.061439999998,"Shape_Area":190948.93197400001}},{"type":"Feature","id":191,"geometry":{"type":"LineString","coordinates":[[-74.334986897871701,4.7857367153601915],[-74.334876505260027,4.7856205474457498],[-74.334838941868384,4.7856471216801113],[-74.334837665879888,4.7856458688038117],[-74.334805222405791,4.7856140045213396],[-74.334843944708226,4.7855865599193086],[-74.334743187933697,4.7854932679823374],[-74.334711748074355,4.7855274405269919],[-74.334655482283381,4.7854754582427583],[-74.334685610565828,4.7854388699111343],[-74.334542689802902,4.7853196485871958],[-74.334404150036065,4.7852149603563188],[-74.334238368522833,4.7850988348112216],[-74.334244018524799,4.7850911904763356],[-74.334516045706536,4.7852817830039216],[-74.334658120678739,4.785390702897808],[-74.334720994030732,4.7854502055484804],[-74.33471776809246,4.7854581763319732],[-74.334850807144278,4.7855837874773179],[-74.334866945487605,4.7855598717922492],[-74.334887573583671,4.7855835249738652],[-74.334885644463597,4.7856098950058596],[-74.335006125506453,4.7857323593628376],[-74.335189853279942,4.7859361812120493],[-74.335170905130454,4.7859527125668739],[-74.335137514527005,4.7859795049912561],[-74.335109933208741,4.7859449124391809],[-74.335146134038894,4.7859169804483397],[-74.335014919118578,4.7857666090244502],[-74.334954904607798,4.7857662508878001],[-74.334927838760834,4.785738458448388],[-74.334986897871701,4.7857367153601915]]},"properties":{"FID":191,"FID_green_":1,"TYPE":"UTILITIES","Shape_Leng":59485.061439999998,"Shape_Area":190948.93197400001}},{"type":"Feature","id":192,"geometry":{"type":"LineString","coordinates":[[-74.335336326029761,4.7862363599541444],[-74.335388110304592,4.7861927560364803],[-74.335411309415619,4.7862239084719223],[-74.335359601526662,4.7862668847803294],[-74.335336326029761,4.7862363599541444]]},"properties":{"FID":192,"FID_green_":1,"TYPE":"UTILITIES","Shape_Leng":59485.061439999998,"Shape_Area":190948.93197400001}},{"type":"Feature","id":193,"geometry":{"type":"LineString","coordinates":[[-74.335562350618147,4.7865333074554837],[-74.3355812144178,4.7865201943647513],[-74.3356462841612,4.7866046221367125],[-74.335626966602646,4.7866168301989598],[-74.335622970387334,4.7866115388548733],[-74.335562350618147,4.7865333074554837]]},"properties":{"FID":193,"FID_green_":1,"TYPE":"UTILITIES","Shape_Leng":59485.061439999998,"Shape_Area":190948.93197400001}},{"type":"Feature","id":194,"geometry":{"type":"LineString","coordinates":[[-74.335923593599205,4.7870037185479788],[-74.335972332694965,4.7869788907521524],[-74.335982876223852,4.7869919891309607],[-74.336077280456024,4.786920523947634],[-74.336093730353795,4.7869437635936949],[-74.335965242979313,4.7870582373614212],[-74.335923593599205,4.7870037185479788]]},"properties":{"FID":194,"FID_green_":1,"TYPE":"UTILITIES","Shape_Leng":59485.061439999998,"Shape_Area":190948.93197400001}},{"type":"Feature","id":195,"geometry":{"type":"LineString","coordinates":[[-74.335470840370832,4.7866323272205005],[-74.335421395250137,4.7865675195045547],[-74.335221062784228,4.7867536649564579],[-74.335205164070885,4.7867362541794662],[-74.335414376542857,4.786542962342959],[-74.335290414599001,4.7863812474605192],[-74.334973983800367,4.7859556379093817],[-74.334999033288227,4.7859307078652771],[-74.334799844869167,4.7857139910685973],[-74.33477379068151,4.7857616980170956],[-74.334736477749871,4.785715507876402],[-74.334768224133057,4.7856838337884522],[-74.334659942937918,4.7855779387638719],[-74.334626865933004,4.7856093085985112],[-74.334576960580208,4.7855693103789649],[-74.334611848350917,4.7855325647238747],[-74.334505997397002,4.7854361873920457],[-74.334305689539875,4.7852794953921443],[-74.334260985083432,4.7853086223919785],[-74.334236176350203,4.7852926410068326],[-74.334255863213954,4.7852410009632376],[-74.334047088653037,4.7850947729666409],[-74.334020382660057,4.7851326847848847],[-74.333966530192825,4.7850979781345027],[-74.333992641688084,4.7850612547875713],[-74.333929958825806,4.7850240682414062],[-74.333870445428602,4.7850378702099103],[-74.333825751501024,4.7850153473330215],[-74.333856027666911,4.7849788186643769],[-74.333723800303233,4.7849116861025047],[-74.333680716885667,4.7849488308624819],[-74.333443961156291,4.784845803282713],[-74.333483052247828,4.7847991848022646],[-74.333322774618182,4.7847327698051432],[-74.332769200033979,4.7845252828035534],[-74.332285276817331,4.7844143556240564],[-74.332172236913081,4.7844164703230998],[-74.332179028529097,4.7843976837309459],[-74.332212156953688,4.7843906377838099],[-74.33224406143691,4.784379246237024],[-74.332274177758237,4.7843637064374631],[-74.332329089348406,4.7843596365615912],[-74.33249879066318,4.7844148024500015],[-74.332654795131305,4.7844732252520181],[-74.332779429360684,4.7845202474794855],[-74.332808435775121,4.7845308151361454],[-74.332825224408055,4.7845369327783365],[-74.332842007632024,4.7845430486135063],[-74.332845350573152,4.7845442663598181],[-74.332884266809529,4.7845584456986439],[-74.33288771433034,4.7845597013862378],[-74.332926260933206,4.784573745215849],[-74.332930079892179,4.7845751364092477],[-74.33297244185006,4.7845905714309058],[-74.333006473502351,4.7846029729276429],[-74.333006498744965,4.7846029801525969],[-74.333014805613274,4.7846060082577253],[-74.333057169377554,4.7846214432732443],[-74.333099534045417,4.7846368791899812],[-74.333133938941913,4.7846494134725059],[-74.333167497327139,4.7846617518367776],[-74.333298697182698,4.7847124682818123],[-74.333331754071821,4.7847264038141448],[-74.333372973740879,4.7847437328353912],[-74.333484893202851,4.7847877013464819],[-74.333527745414401,4.7848075943348727],[-74.333616125741912,4.7848486236153631],[-74.333728405883733,4.7849024994312312],[-74.333732148419344,4.7849044142367196],[-74.333757614069725,4.7849174392479208],[-74.33375890156465,4.7849181305535167],[-74.333796983730039,4.784938804813617],[-74.333798305491683,4.7849395295653023],[-74.333800610013213,4.7849408037618737],[-74.333836802595641,4.784960956043097],[-74.333837486019931,4.7849613392092909],[-74.333875858900214,4.7849832251142592],[-74.333876437740159,4.784983557678947],[-74.333914900983643,4.7850060295324131],[-74.333915157045439,4.7850061813584492],[-74.333915607857875,4.7850064470530249],[-74.333952864928449,4.7850287421136688],[-74.333953638526523,4.7850292084413084],[-74.333989956292285,4.7850514495937322],[-74.333991880379983,4.7850526371195823],[-74.334029224409832,4.7850760534718191],[-74.334029875393043,4.7850764637788981],[-74.334032028512738,4.7850778375040459],[-74.334066970775652,4.7851002672613072],[-74.334067621762273,4.7851006866113135],[-74.334104922927409,4.7851251736631255],[-74.334105114077801,4.7851253020017115],[-74.33414167429595,4.785149852629865],[-74.334142348733238,4.7851503081429021],[-74.33417896145842,4.785175453776862],[-74.33417932212231,4.7851757032276936],[-74.334209966048945,4.7851972203439166],[-74.334217491340908,4.7852025320774105],[-74.334218028733417,4.7852029125850466],[-74.334218149556676,4.7852029984480007],[-74.334251697039562,4.7852270853906296],[-74.334252468869579,4.785227643956917],[-74.33425781578444,4.785231535855802],[-74.33426784599267,4.7852388605193212],[-74.334271380552863,4.7852414491011057],[-74.334277850972612,4.785246215938237],[-74.334287839735822,4.7852535948748027],[-74.334288631408086,4.7852541823711139],[-74.334315624986218,4.7852744239835614],[-74.334315714253151,4.7852744926766659],[-74.33439288151898,4.7853340388300083],[-74.3343932250623,4.7853343054687878],[-74.33439544502734,4.785336049929521],[-74.334396261962681,4.7853366989084325],[-74.334429771713403,4.7853635123119229],[-74.334430283877964,4.7853639244792765],[-74.334430475939683,4.7853640790420178],[-74.334463869584923,4.7853913645304296],[-74.334464771288637,4.7853921048114527],[-74.334465214026125,4.7853924708856663],[-74.334499081292932,4.7854207463999074],[-74.334499537557249,4.7854211269377833],[-74.334499654780274,4.7854212272707768],[-74.33453319765637,4.7854498257390397],[-74.334533592608139,4.7854501647022358],[-74.334533795494465,4.7854503391554415],[-74.334567498206425,4.7854796890328455],[-74.334567633464417,4.7854798065406916],[-74.334567808398077,4.785479958396949],[-74.334567850779322,4.785479996361528],[-74.334568031124903,4.7854801572587116],[-74.334600395008493,4.785508941546964],[-74.334600976623335,4.7855094612994558],[-74.334601161477764,4.7855096267164088],[-74.334634131556484,4.7855395709886235],[-74.334634300180497,4.7855397237515174],[-74.334634377730282,4.7855397960661632],[-74.334667008091074,4.7855700551596181],[-74.334667168600902,4.7855702043083639],[-74.334667281318872,4.7855703100688087],[-74.3346689702867,4.7855719000931716],[-74.334699284305387,4.7856006137067579],[-74.334699706323462,4.7856010150561792],[-74.334699864129689,4.7856011660145246],[-74.334731793412985,4.7856320348642338],[-74.334731982781364,4.7856322183654454],[-74.334732127964244,4.7856323602855424],[-74.334740666710843,4.7856407317737482],[-74.334744425242192,4.7856444271285259],[-74.33476320172386,4.7856630377440581],[-74.334763799592338,4.7856636316426515],[-74.334764061104337,4.78566389379057],[-74.334794569696157,4.7856946374735623],[-74.334795353333149,4.7856954302476931],[-74.334795669854898,4.7856957529628685],[-74.334826434800576,4.7857274216439398],[-74.334826776573479,4.7857277741913968],[-74.334826941599303,4.7857279468501286],[-74.334857439867093,4.7857599954346979],[-74.334857742866788,4.7857603163463187],[-74.334857880839664,4.7857604618862828],[-74.33488831082748,4.785793114565533],[-74.334888482167372,4.7857932980734326],[-74.334888596695677,4.7857934237276831],[-74.334889009717926,4.7857938739123966],[-74.334918159417015,4.785825820815365],[-74.334918564324113,4.785826264673033],[-74.334918736568838,4.7858264572235631],[-74.334947449141936,4.7858585752016385],[-74.334948646743271,4.7858599257712795],[-74.334948998448255,4.7858603217211915],[-74.33497778883968,4.7858932227899063],[-74.334978106278925,4.7858935880065872],[-74.334978209085648,4.7858937055265551],[-74.335006895129212,4.7859271817661364],[-74.33500723511635,4.7859275795290142],[-74.33500741728561,4.7859277955875168],[-74.335035996280467,4.785961856041947],[-74.335036272240202,4.7859621841980005],[-74.335036334466807,4.7859622592312672],[-74.3350366167423,4.7859626027579951],[-74.335064094868642,4.7859960550332099],[-74.335064568334502,4.7859966327009822],[-74.335064764936789,4.785996875882967],[-74.335091621056719,4.7860302650901074],[-74.335092898076994,4.7860318634070103],[-74.335099373382079,4.7860400177309881],[-74.335118180718226,4.7860639455913123],[-74.335120691495192,4.7860671549014304],[-74.335120855633932,4.7860673655408812],[-74.335144879472907,4.7860983494767027],[-74.335147547187944,4.7861017974620976],[-74.33514826687545,4.7861027268087089],[-74.335150207693601,4.786105250875953],[-74.335152864594932,4.7861087079083617],[-74.335155527805597,4.7861121631297703],[-74.335156078845543,4.7861128773171266],[-74.335156216831393,4.7861130572203443],[-74.335158189214113,4.7861156201604311],[-74.335160849721916,4.7861190790000361],[-74.335163503021022,4.7861225450767293],[-74.335166161727358,4.7861260075341576],[-74.335168818631573,4.7861294718008551],[-74.335171475535105,4.7861329342589576],[-74.335174136045737,4.7861364003328699],[-74.335175741370335,4.7861384904636681],[-74.335176794752869,4.7861398645988587],[-74.335179453461393,4.7861433324820233],[-74.335182112169917,4.7861468003651932],[-74.335203214093681,4.7861743300789765],[-74.335230690426968,4.7862101733088176],[-74.33525816495964,4.7862460147294366],[-74.335285639495893,4.7862818579573423],[-74.335285971383371,4.786282290086417],[-74.335313115837224,4.7863176993747087],[-74.335340590379275,4.7863535426000547],[-74.335368064924211,4.7863893858240942],[-74.33539554127492,4.7864252290461486],[-74.335423014022112,4.7864610704596773],[-74.335430986548204,4.7864714704899436],[-74.335450490378605,4.7864969136791604],[-74.335477964935166,4.7865327568980218],[-74.335505439493943,4.7865685983070048],[-74.33552946169776,4.7865999358077724],[-74.335530569279257,4.786601608339967],[-74.33559328375685,4.786684074679787],[-74.335670664775236,4.7867865023614353],[-74.335732436471289,4.7868739896994992],[-74.335906059073338,4.7871408943788172],[-74.335908440336127,4.787147263348503],[-74.335853813328967,4.7871799471834295],[-74.335784536756492,4.7870841033692075],[-74.335814081471312,4.7870586109348174],[-74.335474564199856,4.7866372081172823],[-74.335470840370832,4.7866323272205005]]},"properties":{"FID":195,"FID_green_":1,"TYPE":"UTILITIES","Shape_Leng":59485.061439999998,"Shape_Area":190948.93197400001}},{"type":"Feature","id":196,"geometry":{"type":"LineString","coordinates":[[-74.337265024922971,4.7886872739635269],[-74.337114544948832,4.7885022106380255],[-74.337079486048736,4.7885297742517796],[-74.337016460137065,4.788447070359255],[-74.33707764099475,4.7884035106769476],[-74.337278644772965,4.7886780295901872],[-74.337265024922971,4.7886872739635269]]},"properties":{"FID":196,"FID_green_":1,"TYPE":"UTILITIES","Shape_Leng":59485.061439999998,"Shape_Area":190948.93197400001}},{"type":"Feature","id":197,"geometry":{"type":"LineString","coordinates":[[-74.337561549335859,4.7890697747759363],[-74.33759360354928,4.7890416317211635],[-74.337626943852214,4.7890772402051551],[-74.33760039557346,4.7891101196840689],[-74.337561549335859,4.7890697747759363]]},"properties":{"FID":197,"FID_green_":1,"TYPE":"UTILITIES","Shape_Leng":59485.061439999998,"Shape_Area":190948.93197400001}},{"type":"Feature","id":198,"geometry":{"type":"LineString","coordinates":[[-74.33821244460303,4.7895861093400134],[-74.338235825634982,4.7895495297585713],[-74.338278215583884,4.7895758946522689],[-74.338256678482807,4.7896137919970094],[-74.33821244460303,4.7895861093400134]]},"properties":{"FID":198,"FID_green_":1,"TYPE":"UTILITIES","Shape_Leng":59485.061439999998,"Shape_Area":190948.93197400001}},{"type":"Feature","id":199,"geometry":{"type":"LineString","coordinates":[[-74.338318618897205,4.7898452484845562],[-74.338128959196254,4.7897548775252874],[-74.338100459382218,4.7897831711729202],[-74.338085257051446,4.789767396984085],[-74.338102886403675,4.7897412714610885],[-74.337948684266323,4.7896070728504103],[-74.337905091020588,4.7895833724524426],[-74.337805786004282,4.7895106188697749],[-74.337677167726852,4.7894222483617064],[-74.337519628837953,4.7892456158759771],[-74.337471225665993,4.7892006436908465],[-74.337320051968547,4.7890194320866781],[-74.337280599808011,4.7889738280003646],[-74.337141762452021,4.7888121245858919],[-74.337105608867816,4.7887670862303029],[-74.336967886801318,4.788608133223355],[-74.336790646220351,4.7887536538756539],[-74.336745133784973,4.7887080538606854],[-74.33696109259229,4.7885264841119364],[-74.337007131687926,4.7885822436895209],[-74.337184317997782,4.7887997683980625],[-74.337350736560836,4.788985574406273],[-74.337452146032689,4.7891053733114806],[-74.337519358435088,4.7891812454102416],[-74.337690503208748,4.7893212468885817],[-74.337773019531497,4.7893858618761618],[-74.337825212823191,4.7894296787127217],[-74.337942601923302,4.7895274527291436],[-74.338142125535327,4.7896810936394152],[-74.338334030437295,4.7898279018112841],[-74.338334592231533,4.7898284333236063],[-74.338318618897205,4.7898452484845562]]},"properties":{"FID":199,"FID_green_":1,"TYPE":"UTILITIES","Shape_Leng":59485.061439999998,"Shape_Area":190948.93197400001}},{"type":"Feature","id":200,"geometry":{"type":"LineString","coordinates":[[-74.33841693397541,4.7897318031208105],[-74.33843895574509,4.7897121479669851],[-74.338518764139195,4.7897692672696639],[-74.338602465991812,4.7898291739274406],[-74.338759634254274,4.789947374236494],[-74.338963536886169,4.7901046023700928],[-74.339104998357087,4.7902029466214993],[-74.339175262057523,4.7902613210380993],[-74.339045539157368,4.790210751739469],[-74.338838026801682,4.7900526433233948],[-74.33841693397541,4.7897318031208105]]},"properties":{"FID":200,"FID_green_":1,"TYPE":"UTILITIES","Shape_Leng":59485.061439999998,"Shape_Area":190948.93197400001}},{"type":"Feature","id":201,"geometry":{"type":"LineString","coordinates":[[-74.339316787604787,4.7903170439018004],[-74.339330615008294,4.7902989056495358],[-74.339464255834969,4.7903406854353134],[-74.339423768615049,4.7904016840026031],[-74.33940818454694,4.7904251628017702],[-74.339295038747522,4.7903455737473157],[-74.339316787604787,4.7903170439018004]]},"properties":{"FID":201,"FID_green_":1,"TYPE":"UTILITIES","Shape_Leng":59485.061439999998,"Shape_Area":190948.93197400001}},{"type":"Feature","id":202,"geometry":{"type":"LineString","coordinates":[[-74.339955107084705,4.7912692660458758],[-74.339930975413509,4.7912260408819805],[-74.339931407283188,4.7912262568431654],[-74.339923343160152,4.7912123708447973],[-74.339933760730062,4.7911950043500546],[-74.339856415357275,4.7910826625021414],[-74.339814028738004,4.7910323202869511],[-74.339814236887008,4.7910321040801724],[-74.339763332618546,4.7909675685743176],[-74.339566451286913,4.7907665809055668],[-74.339195049784294,4.790473266164093],[-74.339118671564307,4.7904360528263386],[-74.339014627033691,4.7903621672594205],[-74.338969385904988,4.7903290285144999],[-74.338942804848557,4.7903182748310158],[-74.338917799387858,4.7903523230250631],[-74.338848431819386,4.7903155681671707],[-74.338859125027028,4.7902952571918869],[-74.338894634950293,4.7902423639613811],[-74.338914342617116,4.7902556116117463],[-74.339140197743319,4.7904074326414623],[-74.339339551765292,4.7905546662923433],[-74.339599301301433,4.7907711729954716],[-74.339770690974305,4.7909603295698986],[-74.339825298512977,4.791020598991298],[-74.33987033240173,4.7910703008523532],[-74.339887886426212,4.7910949588099712],[-74.339926469570585,4.7911491611137009],[-74.339943658323307,4.7911733082821355],[-74.339944164388882,4.7911742539822626],[-74.339986734340329,4.7912538012841219],[-74.340003265820272,4.7912846929478059],[-74.340019793693941,4.7913155791866098],[-74.340036199050203,4.7913608419808034],[-74.340051823822918,4.7914180671108122],[-74.339973758925467,4.7914424479821918],[-74.339953489987124,4.7913734633497773],[-74.339995419675532,4.7913601703709157],[-74.339989111133193,4.7913310255013908],[-74.339955107084705,4.7912692660458758]]},"properties":{"FID":202,"FID_green_":1,"TYPE":"UTILITIES","Shape_Leng":59485.061439999998,"Shape_Area":190948.93197400001}},{"type":"Feature","id":203,"geometry":{"type":"LineString","coordinates":[[-74.340187919657822,4.7912642238165937],[-74.340226796449372,4.7912492897940986],[-74.340245961494929,4.7913002838590533],[-74.340293877624532,4.7914121558824583],[-74.340520939958878,4.7916452441857507],[-74.34049675328265,4.7916870075786724],[-74.340281914913177,4.7914670603310654],[-74.340231982930717,4.7914159415412652],[-74.340213275168637,4.791334929172125],[-74.340207991943842,4.7913186249240924],[-74.340195180984566,4.7912790958032838],[-74.340187919657822,4.7912642238165937]]},"properties":{"FID":203,"FID_green_":1,"TYPE":"UTILITIES","Shape_Leng":59485.061439999998,"Shape_Area":190948.93197400001}},{"type":"Feature","id":204,"geometry":{"type":"LineString","coordinates":[[-74.340831899329345,4.7928305081515576],[-74.340819539416316,4.7928414693703605],[-74.340810141254565,4.7928514636593249],[-74.340803937386397,4.7928580610840692],[-74.340800741290366,4.7928614597574857],[-74.340770693048881,4.7928291571958805],[-74.340787919203777,4.7928142296673837],[-74.340803451218235,4.7928007695601407],[-74.340831899329345,4.7928305081515576]]},"properties":{"FID":204,"FID_green_":1,"TYPE":"UTILITIES","Shape_Leng":59485.061439999998,"Shape_Area":190948.93197400001}},{"type":"Feature","id":205,"geometry":{"type":"LineString","coordinates":[[-74.340831899329345,4.7928305081515576],[-74.340866874932004,4.7927971532617795],[-74.34086734293173,4.7927975554934719],[-74.340922659750291,4.7928450178891646],[-74.340974654591392,4.792889631217462],[-74.341006275789411,4.7928511692423035],[-74.341057932100782,4.7928944868374428],[-74.34102518863024,4.7929329890365864],[-74.341071950724569,4.7929731118285233],[-74.341112834422518,4.7930081900047208],[-74.341080220475177,4.7930483090388485],[-74.341036540623293,4.7930135050363312],[-74.34098895456043,4.7929755944691337],[-74.340988343201573,4.7929751127147124],[-74.340937605662333,4.7929346975524849],[-74.340940561900268,4.792931101834264],[-74.34088836101121,4.7928827782539365],[-74.340832140098456,4.7928307314200724],[-74.340831899329345,4.7928305081515576]]},"properties":{"FID":205,"FID_green_":1,"TYPE":"UTILITIES","Shape_Leng":59485.061439999998,"Shape_Area":190948.93197400001}},{"type":"Feature","id":206,"geometry":{"type":"LineString","coordinates":[[-74.344014362734811,4.7956923854943474],[-74.343853662464781,4.7955747955989727],[-74.343738896434729,4.7954605716408745],[-74.34369119637779,4.7954130965842721],[-74.343684346459369,4.7954064336848194],[-74.34371333958596,4.7953764494868274],[-74.34353852879245,4.795204216570621],[-74.34331546367352,4.7949844400066128],[-74.343142485609334,4.7947909571067662],[-74.343103506359682,4.7948256737285835],[-74.343103466680276,4.7948256321463569],[-74.343068740208409,4.7947897830577384],[-74.342938910909709,4.7946626351722896],[-74.342914805426943,4.7946390252179514],[-74.342795342618643,4.7944975600714637],[-74.342721812014645,4.7944104858785375],[-74.342517271413058,4.7941892477220378],[-74.342508322915549,4.7941801060422362],[-74.342370277282598,4.7940390639925239],[-74.34225421140458,4.793944675998957],[-74.342433256166544,4.7939334765345238],[-74.342700155051062,4.794249462601897],[-74.342875603959214,4.7944389549158748],[-74.343135385411884,4.7947197555698535],[-74.343177538838319,4.7947672626693789],[-74.343157985104654,4.7947936730131504],[-74.343546582542615,4.7952049576705837],[-74.3437166807675,4.7953543164367254],[-74.343867761927228,4.7954981021578433],[-74.344054509004863,4.7956428342895769],[-74.344180371365837,4.7955280607189188],[-74.344212003800308,4.795567555266909],[-74.344147138124782,4.7956237572803859],[-74.344024612022395,4.7957293581713483],[-74.344014362734811,4.7956923854943474]]},"properties":{"FID":206,"FID_green_":1,"TYPE":"UTILITIES","Shape_Leng":59485.061439999998,"Shape_Area":190948.93197400001}},{"type":"Feature","id":207,"geometry":{"type":"LineString","coordinates":[[-74.344111020453283,4.7958268663745232],[-74.344231266633855,4.7957138276171261],[-74.344709084865855,4.7958455614415483],[-74.344671490496566,4.795955123495875],[-74.344111020453283,4.7958268663745232]]},"properties":{"FID":207,"FID_green_":1,"TYPE":"UTILITIES","Shape_Leng":59485.061439999998,"Shape_Area":190948.93197400001}},{"type":"Feature","id":208,"geometry":{"type":"LineString","coordinates":[[-74.343196304639051,4.7953215537802789],[-74.342811066565588,4.7948857928305975],[-74.342655511032831,4.7950553183596085],[-74.342615274499337,4.7950135681387493],[-74.34278088672464,4.7948493198054223],[-74.342549905267632,4.7945774422910237],[-74.342233594214591,4.7942176449693745],[-74.34204073796495,4.7944174507089432],[-74.342004861194056,4.7943906196513542],[-74.342187056067985,4.7941742486267884],[-74.342061075711996,4.794055237734514],[-74.341839696055104,4.7938749053956586],[-74.341444877171185,4.7935866000555007],[-74.341265379487695,4.7938716231383944],[-74.34122094434764,4.7938443422863495],[-74.341407050493004,4.7935687394325894],[-74.341019411074697,4.7933017860160207],[-74.340820151149344,4.7935776407117023],[-74.340784592862235,4.7935630717233408],[-74.340985997169284,4.7932703546967916],[-74.34057142908928,4.7930449032265585],[-74.340598852556397,4.7929740500753404],[-74.340758770696667,4.793060135416912],[-74.340834443916393,4.7931008719589814],[-74.34090355829251,4.7931463314477796],[-74.340930656486776,4.7931630360229978],[-74.341042186118102,4.7932317873932782],[-74.341134517954657,4.7932960906796724],[-74.341236376941822,4.7933670296218338],[-74.341398655628836,4.7934800474606805],[-74.341508606691249,4.7935598977896419],[-74.341508647267744,4.7935599285200592],[-74.341742266367646,4.7937353187872223],[-74.342009551403294,4.7939359836851327],[-74.342164945661054,4.7940526455922026],[-74.342210736851925,4.7940922586498624],[-74.342285987802498,4.7941619001146414],[-74.342507923732171,4.7944097586080341],[-74.342785626259612,4.794727209917248],[-74.342785663235375,4.7947272533091017],[-74.343071752253351,4.7950660706565102],[-74.343071990343063,4.7950663545130414],[-74.343310985797402,4.7953517669295191],[-74.343311266275279,4.7953521032186348],[-74.343489326759197,4.7955663096511545],[-74.343489352913906,4.7955663430999547],[-74.344092209381188,4.796320162813636],[-74.344100811551812,4.7963310544178661],[-74.344132010257439,4.7963701087438411],[-74.344090966601897,4.796406961271872],[-74.344071715606972,4.7964213905017488],[-74.343429091046261,4.7956161082833377],[-74.343196304639051,4.7953215537802789]]},"properties":{"FID":208,"FID_green_":1,"TYPE":"UTILITIES","Shape_Leng":59485.061439999998,"Shape_Area":190948.93197400001}},{"type":"Feature","id":209,"geometry":{"type":"LineString","coordinates":[[-74.345546753020145,4.7979144383113947],[-74.34560134770679,4.7978766453345356],[-74.3456148548577,4.7979088031314552],[-74.345626793844602,4.7979372268007863],[-74.345501400913548,4.7980449134880843],[-74.345480254840368,4.7980125163353922],[-74.345566984766378,4.7979438498352369],[-74.345546753020145,4.7979144383113947]]},"properties":{"FID":209,"FID_green_":1,"TYPE":"UTILITIES","Shape_Leng":59485.061439999998,"Shape_Area":190948.93197400001}},{"type":"Feature","id":210,"geometry":{"type":"LineString","coordinates":[[-74.345882349448544,4.7980596820420667],[-74.345855779466262,4.7980090573287528],[-74.345821680441148,4.7979440871063526],[-74.345761938596027,4.7978273550992876],[-74.345738658063226,4.7977838260037524],[-74.345666266930635,4.7976525415956797],[-74.345646805509219,4.7976220690324531],[-74.345637224465491,4.7976092118949261],[-74.345613282863539,4.7975810181072758],[-74.345572403390136,4.7975164529428511],[-74.345535787230901,4.7974598068320722],[-74.345485609821154,4.7973870939851375],[-74.345483095178011,4.7973834488498097],[-74.345457231335914,4.7973519705020848],[-74.345428595044936,4.7973214816365939],[-74.345426590306332,4.7973193473798563],[-74.345413336312347,4.7973006282232848],[-74.345413016123729,4.7973001752965354],[-74.345409939081776,4.7972967881059319],[-74.345409912928673,4.7972967591786988],[-74.345383686831369,4.797267896194322],[-74.345366375316956,4.7972488422300268],[-74.345337886360227,4.7972216693563814],[-74.345337790770003,4.7972215735384864],[-74.345268604640864,4.7971510574281897],[-74.345235153298489,4.7971216881512913],[-74.345235107306621,4.7971216411459272],[-74.345213339342976,4.7970986597573253],[-74.345202109967275,4.7970868043146115],[-74.345201455273113,4.7970861697553069],[-74.345167561782787,4.7970533371936765],[-74.345166061192046,4.797051819468475],[-74.345138057704631,4.7970235576225742],[-74.345095585939887,4.7969764269742843],[-74.345093910336644,4.7969745674935176],[-74.345084270779353,4.7969618659088029],[-74.345084235606578,4.7969618234206477],[-74.345084121064332,4.796961671543758],[-74.345062910827409,4.7969402968655217],[-74.345041180255748,4.796918397898553],[-74.344951597685522,4.796828119113469],[-74.344950933964398,4.7968274510984683],[-74.344950327055898,4.796826839127613],[-74.344942229559805,4.7968202897680285],[-74.344942196195916,4.7968202626522078],[-74.344915392403237,4.7967985845068526],[-74.3448835425081,4.7967634316094374],[-74.344874094948025,4.7967530042510669],[-74.344863541252181,4.7967424046049549],[-74.344830244312575,4.7967089631995323],[-74.344824875031307,4.7967035702697967],[-74.344822971394649,4.7967017877426921],[-74.344789314627505,4.7966702626795303],[-74.344767527019414,4.7966523245424648],[-74.344754166081529,4.7966413235810563],[-74.344753959585333,4.7966411536541624],[-74.344722499243602,4.7966109344359547],[-74.344712113210548,4.7966003094013336],[-74.344689598674805,4.796576781186646],[-74.34468916851219,4.7965763310153839],[-74.344675550014912,4.7965636544921377],[-74.34465369386983,4.7965433100455739],[-74.344622698311326,4.7965144597449036],[-74.344443733701254,4.796308809546975],[-74.344661216413357,4.7965062363839577],[-74.345061079700614,4.7969071108171653],[-74.345219751819087,4.79705601787078],[-74.345363328146448,4.7972087641152941],[-74.345454043120256,4.7973177667513101],[-74.345538359803001,4.7974155188233958],[-74.345653719503872,4.7975802995925445],[-74.345768670662352,4.7977698536907889],[-74.34581968036116,4.7977461058245146],[-74.345882992077549,4.7978747749407411],[-74.345949702769303,4.797900907292032],[-74.346038473648917,4.797915671194203],[-74.34601991210701,4.7980496662358361],[-74.345964457975967,4.7980403376184633],[-74.345915099806874,4.7980320347850078],[-74.345890217107524,4.7980223975346599],[-74.345972541193262,4.7982017829423009],[-74.346121378815326,4.7986705720756602],[-74.346170263366787,4.7988000136730475],[-74.346149369612931,4.7988712858496223],[-74.34620698362815,4.7991455542532728],[-74.3462809661346,4.7994221221576421],[-74.346362032749468,4.7996538631132957],[-74.346361872210437,4.7996536542841426],[-74.346356858506809,4.799647091974073],[-74.346303342933766,4.7995770536193909],[-74.346276528417775,4.7994845809187252],[-74.346248547734618,4.7993767320256984],[-74.346214910499427,4.7992573736686834],[-74.34619269074976,4.7991558742794131],[-74.346153674174801,4.7989431729790875],[-74.346097064018025,4.7987001828687754],[-74.346074896160715,4.7986160296587732],[-74.346035912872154,4.7984813862642905],[-74.34601451094035,4.7984079540840403],[-74.345978388129353,4.7983060486945899],[-74.345970279058733,4.7982791734905357],[-74.345942019902068,4.7981989265147007],[-74.345907250766842,4.798112368300762],[-74.345882349448544,4.7980596820420667]]},"properties":{"FID":210,"FID_green_":1,"TYPE":"UTILITIES","Shape_Leng":59485.061439999998,"Shape_Area":190948.93197400001}},{"type":"Feature","id":211,"geometry":{"type":"LineString","coordinates":[[-74.347281913696676,4.8010861165439804],[-74.347309946955704,4.8010587152422035],[-74.347338963480837,4.8010950157715548],[-74.347328350655019,4.8011085599905705],[-74.347353438610298,4.8011423996746698],[-74.347339207578926,4.8011541701917766],[-74.347308647012994,4.801113639976835],[-74.347287975676963,4.8010923574064455],[-74.347284405402945,4.8010886810464415],[-74.347281913696676,4.8010861165439804]]},"properties":{"FID":211,"FID_green_":1,"TYPE":"UTILITIES","Shape_Leng":59485.061439999998,"Shape_Area":190948.93197400001}},{"type":"Feature","id":212,"geometry":{"type":"LineString","coordinates":[[-74.347315103133582,4.801409491393966],[-74.347270512072427,4.8013474101199209],[-74.347245073168125,4.8013702247105243],[-74.347175617117983,4.8012773610780597],[-74.347104382017477,4.8011648197565222],[-74.34708006765554,4.8011818581586612],[-74.347066208311105,4.8011622331775801],[-74.347113696511158,4.8011253734012502],[-74.34682279237262,4.8007464282082069],[-74.346465137482923,4.8010790671303276],[-74.346448775766433,4.8010549062689183],[-74.346812259157616,4.8007216293353698],[-74.346625376776672,4.8004782032790754],[-74.346635122700363,4.8004722853403354],[-74.346635160552239,4.8004722627180039],[-74.346704914314671,4.8005638277298655],[-74.346759497954636,4.8006354788870835],[-74.346783927048932,4.8006673818531249],[-74.346856510856881,4.8007621722580422],[-74.346977789038959,4.8009051821904842],[-74.347180789496207,4.8011875127132679],[-74.347220004047472,4.8012420515788188],[-74.347286405132706,4.8013373091814771],[-74.347330317043514,4.8013984719583629],[-74.34732473328846,4.8014025814782846],[-74.347315103133582,4.801409491393966]]},"properties":{"FID":212,"FID_green_":1,"TYPE":"UTILITIES","Shape_Leng":59485.061439999998,"Shape_Area":190948.93197400001}},{"type":"Feature","id":213,"geometry":{"type":"LineString","coordinates":[[-74.347729433990324,4.8016827512423443],[-74.347782069859718,4.8015942468533668],[-74.347814348488143,4.8016275338576158],[-74.347757444673888,4.8017193695567162],[-74.347729433990324,4.8016827512423443]]},"properties":{"FID":213,"FID_green_":1,"TYPE":"UTILITIES","Shape_Leng":59485.061439999998,"Shape_Area":190948.93197400001}},{"type":"Feature","id":214,"geometry":{"type":"LineString","coordinates":[[-74.34755998006186,4.8018484645360884],[-74.347624313302816,4.8018061614296101],[-74.347779483637211,4.8020202869758988],[-74.347829928345661,4.8020903815695126],[-74.347896337173168,4.8021865551497358],[-74.347823210146686,4.8022330893498193],[-74.347779966844314,4.8021737928133543],[-74.34755998006186,4.8018484645360884]]},"properties":{"FID":214,"FID_green_":1,"TYPE":"UTILITIES","Shape_Leng":59485.061439999998,"Shape_Area":190948.93197400001}},{"type":"Feature","id":215,"geometry":{"type":"LineString","coordinates":[[-74.348083317853593,4.8025146409298127],[-74.348120108703952,4.8024872207478815],[-74.348160343240636,4.8025447939610801],[-74.348122482638885,4.8025728991214889],[-74.348083317853593,4.8025146409298127]]},"properties":{"FID":215,"FID_green_":1,"TYPE":"UTILITIES","Shape_Leng":59485.061439999998,"Shape_Area":190948.93197400001}},{"type":"Feature","id":216,"geometry":{"type":"LineString","coordinates":[[-74.348085844214054,4.8021545222035593],[-74.348084141369142,4.8021522133073633],[-74.348079647966259,4.8021553086854016],[-74.348064753767332,4.8021655665938514],[-74.34794077981681,4.8020340388935612],[-74.347806811186317,4.8018580635602479],[-74.347493201230307,4.8014461217984774],[-74.347434819864191,4.8013039271848461],[-74.347667384588277,4.8016024842873257],[-74.347850801735646,4.8018417199741714],[-74.347879707255686,4.8018225971320128],[-74.347897026101307,4.801850632483128],[-74.347871984028075,4.8018693495749005],[-74.348011025444038,4.8020507043475558],[-74.348024374564091,4.8020656271703945],[-74.348035369126535,4.8020806142272612],[-74.348066666202698,4.8021232782497467],[-74.348084706668899,4.8021478706546281],[-74.348086633198449,4.8021504977742371],[-74.348088351380838,4.8021528392189854],[-74.348109878597697,4.8021384125883948],[-74.348455965273331,4.8025925319460159],[-74.348743400501263,4.8029189245593811],[-74.348731210860933,4.8029297266974655],[-74.348534314649271,4.802713351815278],[-74.348442505488023,4.8026010403850483],[-74.348308057074505,4.8024365670953442],[-74.348166688529062,4.8022452253699868],[-74.348108053360505,4.8021846535749066],[-74.348085844214054,4.8021545222035593]]},"properties":{"FID":216,"FID_green_":1,"TYPE":"UTILITIES","Shape_Leng":59485.061439999998,"Shape_Area":190948.93197400001}},{"type":"Feature","id":217,"geometry":{"type":"LineString","coordinates":[[-74.348271809496282,4.8028448809825841],[-74.34834292737736,4.8027873169309583],[-74.348389808823811,4.8028461209484901],[-74.348485138880662,4.8029145536497504],[-74.348523354591634,4.8029319524914289],[-74.348613354238864,4.8030342115696776],[-74.348689466015671,4.8031086817213238],[-74.348881097691688,4.8032834230574331],[-74.348919411728005,4.8033145951641849],[-74.348838057766258,4.8034037974207928],[-74.348875657112657,4.8034353613740084],[-74.348864809486045,4.8034478386407748],[-74.348809469556244,4.8034024821907488],[-74.34889387166028,4.8033095693034884],[-74.348711644315287,4.8031381647011715],[-74.348483605291804,4.8029413919489521],[-74.348271809496282,4.8028448809825841]]},"properties":{"FID":217,"FID_green_":1,"TYPE":"UTILITIES","Shape_Leng":59485.061439999998,"Shape_Area":190948.93197400001}},{"type":"Feature","id":218,"geometry":{"type":"LineString","coordinates":[[-74.349036043666246,4.8032133761392801],[-74.348935042806986,4.8031229361236818],[-74.349369763017279,4.8032426771330936],[-74.349369972654486,4.8032530457040483],[-74.349371360199854,4.80332186567089],[-74.349374664945557,4.8034858068332893],[-74.349125971069029,4.8032899694503737],[-74.349074545351741,4.8032494720527312],[-74.349036043666246,4.8032133761392801]]},"properties":{"FID":218,"FID_green_":1,"TYPE":"UTILITIES","Shape_Leng":59485.061439999998,"Shape_Area":190948.93197400001}},{"type":"Feature","id":219,"geometry":{"type":"LineString","coordinates":[[-74.350646919211229,4.8046085276962245],[-74.350732997221058,4.8045478891320172],[-74.350849173604843,4.8046904915798034],[-74.350879397491866,4.8047176779609595],[-74.35095994764302,4.8047901321855697],[-74.351723790161557,4.8054217371681629],[-74.352122703190346,4.8057538301243019],[-74.352155417571154,4.8057824749721476],[-74.352175302483445,4.8057998854994395],[-74.352212706068769,4.8058326357647561],[-74.352229561940803,4.8058473943080822],[-74.352239870968248,4.8058564213520416],[-74.352250252137196,4.8058655107631454],[-74.352364663088295,4.8059585519098773],[-74.352450741800325,4.8060278766559561],[-74.352462083217802,4.8060329551261143],[-74.35246577314787,4.8060336571796309],[-74.352464584298858,4.8060340763479221],[-74.352415690475453,4.8060275941828792],[-74.352388581537426,4.8060220165688223],[-74.352362364241401,4.8060144491442616],[-74.352333833726263,4.8060021558991179],[-74.352332959027194,4.8060014337197234],[-74.352332764248828,4.8060012728336652],[-74.352329614430175,4.8059986715412979],[-74.35232626171539,4.8059958976102948],[-74.352322911706452,4.8059931272953316],[-74.352319562597529,4.805990353362839],[-74.352316211684652,4.8059875767181559],[-74.352312858967451,4.8059847964570048],[-74.352312051898792,4.8059841276037423],[-74.352309508955713,4.8059820189076197],[-74.352306160745826,4.8059792386446212],[-74.352302812535953,4.8059764583815907],[-74.352299458013434,4.8059736717910218],[-74.352296110703989,4.8059708888147101],[-74.352292761590931,4.8059681040305069],[-74.352289409771743,4.8059653147259258],[-74.35228605524749,4.8059625236137995],[-74.352282708838189,4.8059597370198741],[-74.352279353411802,4.8059569440994858],[-74.352276001591633,4.8059541520819336],[-74.352272650673314,4.8059513609682805],[-74.352269297951366,4.8059485680467544],[-74.352265945228751,4.8059457733166377],[-74.352262588899634,4.8059429767793436],[-74.352259237079224,4.8059401838573885],[-74.352203680007904,4.805893894564881],[-74.352200767465746,4.8058917760699975],[-74.352174918879498,4.805872972618606],[-74.352134345276724,4.8058434582930181],[-74.352088429012525,4.8058100585506116],[-74.351656418841699,4.805450175416607],[-74.351410655975215,4.8052451383787353],[-74.351164232800386,4.805038620271664],[-74.350830827347608,4.8047608721179165],[-74.350713852217183,4.8046634241781412],[-74.350646919211229,4.8046085276962245]]},"properties":{"FID":219,"FID_green_":1,"TYPE":"UTILITIES","Shape_Leng":59485.061439999998,"Shape_Area":190948.93197400001}},{"type":"Feature","id":220,"geometry":{"type":"LineString","coordinates":[[-74.352789974353513,4.8063431869153614],[-74.35282774751191,4.8062544494335881],[-74.352773518656292,4.8062294675668769],[-74.352770813795132,4.8062282207315024],[-74.35273779583099,4.8063102979637877],[-74.352669262907781,4.8062633447736394],[-74.352655305471146,4.8062537829624343],[-74.352654202664894,4.8062529641159557],[-74.35265291500518,4.8062520069868793],[-74.352650319848323,4.8062500791723481],[-74.352671874155646,4.8061817844154433],[-74.352710497287489,4.8060635728971182],[-74.352824321113744,4.8060815667253287],[-74.352801906101234,4.8061435335747751],[-74.352819491623663,4.8061501911296753],[-74.352837076244583,4.8061568477801488],[-74.352848728314555,4.8061251104452563],[-74.352927586829253,4.8061549628378799],[-74.352872393950264,4.8062750185881518],[-74.35285458063646,4.8062668129732176],[-74.352845769100099,4.8062627526290287],[-74.352810413007191,4.8063499066186246],[-74.352810161884534,4.8063508607516487],[-74.352789814955557,4.8063435839653925],[-74.352789974353513,4.8063431869153614]]},"properties":{"FID":220,"FID_green_":1,"TYPE":"UTILITIES","Shape_Leng":59485.061439999998,"Shape_Area":190948.93197400001}}]}