{"type":"FeatureCollection","features":[{"type":"Feature","id":0,"geometry":{"type":"Polygon","coordinates":[[[-74.319139172303025,4.7759551740496375],[-74.319128188132581,4.7759745995385376],[-74.319140106252505,4.7759888886831421],[-74.319141307443488,4.7759903297118971],[-74.31908925876094,4.7760418487508058],[-74.319111534608908,4.7761012162430383],[-74.319190892819563,4.7761404221828228],[-74.319235910139099,4.7761626620110018],[-74.319465793224751,4.776333033090471],[-74.319502390222297,4.7763675354450754],[-74.319581801553525,4.77644240142497],[-74.319747315410439,4.776597053087519],[-74.319779636939018,4.7766287726006551],[-74.319841637280589,4.7766903017729181],[-74.319848951579274,4.776672896868666],[-74.319783250872632,4.7766163652532194],[-74.319682135933206,4.7765205227162975],[-74.319540509632319,4.7763838011766939],[-74.319403585141899,4.7762418348235611],[-74.319274831357021,4.776100467822662],[-74.319219886637853,4.7760393168163784],[-74.319141622449763,4.775952876268267],[-74.319140913662835,4.7759520942996989],[-74.319139172303025,4.7759551740496375]]]},"properties":{"FMI":"156-84501","RefName":"PRG-136","DATE_DEL":1683331200000,"PARCEL_ID":"PRG-136","ACT":189,"EFR_ENTRG":"DELIVERED","FID":0,"CODIGO":"252690001000000070025000000000","USO":"Privado","VERE":"CORZO","MUNICIPIO":"FACATATIVA","CONNOTACI":"PRIVADO","PROPIETARI":"NELSON ENRIQUE RONCANCIO ULLOA\nAIDA ROCIO NEIRA CANALES\nLILIANA MARCELA NEIRA CANALES \nDIANA MARITZA NEIRA CANALES","GRAVAMENES":"Demanda en proceso de pertenencia","TIPO_DE_AF":"PARCIAL","LAND_AREA":476.31,"BUILT_AREA":0,"TOTAL_AREA":0,"REST_AREA":0,"SECTION":16,"pk_ini":34170,"pk_end":34228,"VISIT_DATE":1682467200000,"OBS":" ","ID":176,"shapeArea":476.306219666,"plantArea":0,"Floors":0,"paso":0,"review":"v","SECTOR":"SUBURBANO","DIRECCION":"LO 1 AGRICOLA SANTA CLARA I","LyrName":" ","Color":3,"Shape_Leng":238.73219175099999,"Shape_Area":476.32140906699999,"NOTIFY":"1-2023-2013","DATE_NOT":1682294400000,"dateMax":1683331200000,"ActivityId":" ","TYPE":"PROJECT","Trees":0,"Shape_Le_1":240.457499829,"use":"Private","PK_DE_REFE":"34+170 - 34+228","Layer":"PROJECT_DELIVERED","pasos":0,"ACTA_No":0}},{"type":"Feature","id":1,"geometry":{"type":"Polygon","coordinates":[[[-74.31347521462699,4.7697488221474726],[-74.31348618795235,4.7697607858713971],[-74.313547283829706,4.7698273800688469],[-74.313622801830377,4.7699111907736027],[-74.313772149809296,4.7700769399322622],[-74.314049328377493,4.7703845539707306],[-74.314093974117782,4.7704341050294632],[-74.314247338733722,4.7706043244458582],[-74.314539293867469,4.7709283688002744],[-74.314645136209535,4.7710482567684078],[-74.314645156949723,4.771048279368725],[-74.314654160130218,4.7710584812732302],[-74.314819275270892,4.7712455028826124],[-74.314823886012448,4.7712508312270536],[-74.315024319420544,4.7714824415007673],[-74.315189360134212,4.771675248739033],[-74.315252737675181,4.7717492870675606],[-74.315194401720149,4.771803633927191],[-74.315197119575387,4.7718065466373316],[-74.31522527832027,4.7718367124381951],[-74.315318772859641,4.7717507752808928],[-74.315291290047014,4.7717202439129718],[-74.315159729844837,4.7715677676968156],[-74.315053968643227,4.7714510339847509],[-74.314900169378916,4.7712840776327079],[-74.314765950126045,4.7711340501873281],[-74.314643182259829,4.7709887337724251],[-74.31450924346008,4.7708439655759927],[-74.314356920993561,4.7706718088572027],[-74.314204505344904,4.7705089736462964],[-74.314063032593211,4.7703505747362325],[-74.313911059449765,4.7701791683530876],[-74.313772001425534,4.7700331285030977],[-74.313630343676138,4.7698656232640984],[-74.313546495255437,4.7697776872974673],[-74.313521803329706,4.7697497032048926],[-74.313501907195743,4.7697252270482329],[-74.31347521462699,4.7697488221474726]]]},"properties":{"FMI":"50C-1177936","RefName":"PRG-130","DATE_DEL":1679356800000,"PARCEL_ID":"PRG-130","ACT":114,"EFR_ENTRG":"DELIVERED","FID":1,"CODIGO":"254300000000000050025000000000","USO":"Privado","VERE":"EL CORZO","MUNICIPIO":"MADRID","CONNOTACI":"PRIVADO","PROPIETARI":"URIBE VARGAS DIEGO","GRAVAMENES":"Servidumbre de Oleoducto (3)","TIPO_DE_AF":"PARCIAL","LAND_AREA":1259.03,"BUILT_AREA":0,"TOTAL_AREA":0,"REST_AREA":0,"SECTION":16,"pk_ini":33432,"pk_end":33523,"VISIT_DATE":1678752000000,"OBS":" ","ID":172,"shapeArea":1259.0361937099999,"plantArea":0,"Floors":0,"paso":0,"review":"v","SECTOR":"SUBURBANO","DIRECCION":"SAN DIEGO","LyrName":" ","Color":3,"Shape_Leng":629.60326288800002,"Shape_Area":1259.0276011999999,"NOTIFY":"1-2023-1064","DATE_NOT":null,"dateMax":1679356800000,"ActivityId":" ","TYPE":"PROJECT","Trees":0,"Shape_Le_1":634.10306193700001,"use":"Private","PK_DE_REFE":"33+432 - 33+523","Layer":"PROJECT_DELIVERED","pasos":0,"ACTA_No":0}},{"type":"Feature","id":2,"geometry":{"type":"Polygon","coordinates":[[[-74.30163582653104,4.760444203400259],[-74.301743101507668,4.7605240000629534],[-74.301775207334657,4.760548613691074],[-74.301782528413881,4.7605539647614252],[-74.30188265874952,4.7606303671780452],[-74.301960344166503,4.7606896440317161],[-74.302152165766927,4.7608360129320673],[-74.302510793146666,4.761105132998158],[-74.303079725694758,4.7615391915578931],[-74.303519129351713,4.7618672449235495],[-74.303662966091849,4.7619764343704132],[-74.303667470843322,4.761947487154087],[-74.303619684145175,4.761911821900596],[-74.303176133905907,4.7615807731132813],[-74.302753561777223,4.7612618962616571],[-74.302168547075965,4.760814426464032],[-74.301807753773204,4.7605392896973919],[-74.301808671904567,4.7605380776360695],[-74.30181159060443,4.7604823347253502],[-74.30181451020573,4.7604265927185727],[-74.301758858877719,4.7604211262756442],[-74.301756177882567,4.7604343055139822],[-74.301482972010788,4.7602348733349356],[-74.301455101450131,4.7602145284186053],[-74.301426191643529,4.7602836037440692],[-74.30163582653104,4.760444203400259]]]},"properties":{"FMI":"50C - 640167","RefName":"PRG-122","DATE_DEL":1680048000000,"PARCEL_ID":"PRG-122","ACT":125,"EFR_ENTRG":"DELIVERED","FID":2,"CODIGO":"254300000000000050006000000000","USO":"Privado","VERE":"EL CORZO","MUNICIPIO":"MADRID","CONNOTACI":"PRIVADO","PROPIETARI":"SOCIEDAD VALLE DE ALCALA Y GERMAN CORREA","GRAVAMENES":"N/A","TIPO_DE_AF":"PARCIAL","LAND_AREA":1166.51,"BUILT_AREA":0,"TOTAL_AREA":0,"REST_AREA":0,"SECTION":16,"pk_ini":31537,"pk_end":31853,"VISIT_DATE":1679443200000,"OBS":" ","ID":164,"shapeArea":1166.5057412900001,"plantArea":0,"Floors":0,"paso":0,"review":"v","SECTOR":"SUBURBANO","DIRECCION":"SAN LUIS 2 VDA EL CORZO","LyrName":" ","Color":3,"Shape_Leng":642.36540398199998,"Shape_Area":1166.5340092900001,"NOTIFY":"1-2023-1310","DATE_NOT":null,"dateMax":1680048000000,"ActivityId":" ","TYPE":"PROJECT","Trees":0,"Shape_Le_1":646.218238649,"use":"Private","PK_DE_REFE":"31+537 - 31+853","Layer":"PROJECT_DELIVERED","pasos":0,"ACTA_No":0}},{"type":"Feature","id":3,"geometry":{"type":"MultiPolygon","coordinates":[[[[-74.294876479720372,4.755797327318998],[-74.295419383360041,4.7561701517337971],[-74.295974651700718,4.756547828766017],[-74.296127904821773,4.7566569834649615],[-74.296149847092067,4.756664509322575],[-74.296177973697525,4.7566802261784078],[-74.296191107257243,4.7566610779669318],[-74.296156063485995,4.7566371703451509],[-74.296091353012358,4.7565930230408044],[-74.295929723823079,4.7564827577950606],[-74.295802264792258,4.7563958035901175],[-74.295736941284673,4.7563512386575253],[-74.29566402913845,4.7563014980970983],[-74.295612840707989,4.7562665757527736],[-74.295539594090869,4.7562166064960918],[-74.295394831029355,4.7561178466183245],[-74.295273969929895,4.7560353936382427],[-74.294958966969105,4.7558203311077145],[-74.294892481414664,4.7557749381168364],[-74.294892263231432,4.7557747898803937],[-74.294876479720372,4.755797327318998]]],[[[-74.294755911119196,4.7558568873243834],[-74.29476189425732,4.755861683656331],[-74.294831519195341,4.7559094277550793],[-74.294981053323568,4.7560114417332651],[-74.295339728223681,4.7562561352187833],[-74.295541422839406,4.7563937330724526],[-74.295816823106719,4.7565816146463122],[-74.295958308155136,4.7566781364185866],[-74.296058769244297,4.756746673131703],[-74.296108929021031,4.7567808913161622],[-74.296128617202854,4.7567521870905205],[-74.2960796632848,4.7567173156197686],[-74.295936074386745,4.7566122904989339],[-74.29537794726393,4.756230364129415],[-74.294782392852042,4.7558215660336245],[-74.294755911119196,4.7558568873243834]]]]},"properties":{"FMI":"50C-255524","RefName":"PRG-119","DATE_DEL":1681257600000,"PARCEL_ID":"PRG-119","ACT":142,"EFR_ENTRG":"DELIVERED","FID":3,"CODIGO":"254300000000000050002000000000","USO":"Privado","VERE":"EL CORZO","MUNICIPIO":"MADRID","CONNOTACI":"PRIVADO","PROPIETARI":"EL CORREDOR DE LOS PINOS SAS","GRAVAMENES":"Servidumbre de oleoducto e hipoteca","TIPO_DE_AF":"PARCIAL","LAND_AREA":1406.8599999999999,"BUILT_AREA":0,"TOTAL_AREA":0,"REST_AREA":0,"SECTION":15,"pk_ini":30648,"pk_end":30827,"VISIT_DATE":1680652800000,"OBS":" ","ID":161,"shapeArea":1406.84530079,"plantArea":0,"Floors":0,"paso":0,"review":"v","SECTOR":"SUBURBANO","DIRECCION":"SAN CAMILO","LyrName":" ","Color":3,"Shape_Leng":725.99492354100005,"Shape_Area":1406.8426303900001,"NOTIFY":" ","DATE_NOT":null,"dateMax":1681257600000,"ActivityId":" ","TYPE":"PROJECT","Trees":0,"Shape_Le_1":730.06537874200001,"use":"Private","PK_DE_REFE":"30+648 - 30+827","Layer":"PROJECT_DELIVERED","pasos":0,"ACTA_No":0}},{"type":"Feature","id":4,"geometry":{"type":"MultiPolygon","coordinates":[[[[-74.296177973697525,4.7566802261784078],[-74.296183420872779,4.7566832719415491],[-74.296508018065524,4.7569010238272975],[-74.29680700253293,4.7571050428608554],[-74.297046392187198,4.757268396281086],[-74.297107606939434,4.757311787704479],[-74.297107685378407,4.7573118437460975],[-74.297219814170063,4.7573913258275748],[-74.297255868694805,4.7574159203370199],[-74.297426005717099,4.7575320505369953],[-74.297613141360586,4.7576597864753527],[-74.297690062306287,4.7577124364755043],[-74.297704238677341,4.7576930473593961],[-74.297675863834471,4.757673611261775],[-74.297449886648209,4.7575188202293033],[-74.296933659074284,4.7571619408884782],[-74.296262433594393,4.7567069051587962],[-74.296201502421297,4.7566677565424866],[-74.296191107257243,4.7566610779669318],[-74.296177973697525,4.7566802261784078]]],[[[-74.296108929021031,4.7567808913161622],[-74.296124165837824,4.7567912868396247],[-74.296214621147129,4.7568529974271723],[-74.296233339895352,4.7568657665353484],[-74.296447013349166,4.757011536985293],[-74.296472411967457,4.7570288652544024],[-74.296643462058185,4.7571455569396823],[-74.296794020012271,4.7572482682903088],[-74.297029937685437,4.7574092137627595],[-74.297200409140814,4.7575255112092734],[-74.297377874277259,4.7576465774663319],[-74.297528050171948,4.7577490301370453],[-74.297618996190707,4.7578110731526424],[-74.297630500964189,4.7577949322346091],[-74.297578974288257,4.757759957706277],[-74.297367715967368,4.7576108970163125],[-74.297213386264843,4.7575020043012719],[-74.297170317660132,4.7574735153968657],[-74.296991234200704,4.7573483359351716],[-74.296457484546636,4.7569792437994893],[-74.296128617202854,4.7567521870905205],[-74.296108929021031,4.7567808913161622]]]]},"properties":{"FMI":"50C-1138881","RefName":"PRG-120","DATE_DEL":1681257600000,"PARCEL_ID":"PRG-120","ACT":143,"EFR_ENTRG":"DELIVERED","FID":4,"CODIGO":"254300000000000050003000000000","USO":"Privado","VERE":"EL CORZO","MUNICIPIO":"MADRID","CONNOTACI":"PRIVADO","PROPIETARI":"EL CORREDOR DE LOS PINOS S.A.","GRAVAMENES":"Servidumbre  de Oleoducto, servidumbre de tránsito y declaratoria de utilidad pública de aerocivil","TIPO_DE_AF":"PARCIAL","LAND_AREA":1181.45,"BUILT_AREA":0,"TOTAL_AREA":0,"REST_AREA":0,"SECTION":16,"pk_ini":30833,"pk_end":31031,"VISIT_DATE":1680652800000,"OBS":" ","ID":162,"shapeArea":1183.8229296899999,"plantArea":0,"Floors":0,"paso":0,"review":"v","SECTOR":"SUBURBANO","DIRECCION":"KM2+850 VIA MADRID -  EL CORZO - FACATATIVA \nPREDIO AREA RESTANTE DEL PREDIO SANTA TERESA","LyrName":" ","Color":3,"Shape_Leng":822.39555679499995,"Shape_Area":1181.4254219300001,"NOTIFY":" ","DATE_NOT":null,"dateMax":1681257600000,"ActivityId":" ","TYPE":"PROJECT","Trees":0,"Shape_Le_1":827.00108941200006,"use":"Private","PK_DE_REFE":"30+833 - 31+031","Layer":"PROJECT_DELIVERED","pasos":0,"ACTA_No":0}},{"type":"Feature","id":5,"geometry":{"type":"Polygon","coordinates":[[[-74.291394406601327,4.7533929020476142],[-74.291683867046032,4.7535920947388028],[-74.292290162500052,4.7540101451668884],[-74.292462839237075,4.7541302665678895],[-74.294076179389677,4.7552525745761249],[-74.294079828111791,4.7552551136096346],[-74.294098306513774,4.755228784512723],[-74.294098134311412,4.7552286670077777],[-74.294089232064394,4.7552225413609586],[-74.293874148275023,4.7550745586477525],[-74.293483661911722,4.7548044453764806],[-74.293264421980965,4.7546474958119287],[-74.292954068138641,4.7544218577589881],[-74.292639462754309,4.7541994926432274],[-74.292644653367645,4.7541921028853951],[-74.292477374730368,4.7540769055746379],[-74.292333788840679,4.7539781166069242],[-74.292243557673117,4.7539160445860542],[-74.292195102183925,4.7538826991228671],[-74.291998671107081,4.7537475519461605],[-74.291763680407541,4.7535858745648403],[-74.291582203104454,4.7534610153638681],[-74.291499162167042,4.7534038812006552],[-74.291483625238641,4.7533931917627799],[-74.291443931377202,4.7533658815394793],[-74.291429417743984,4.7533558971373138],[-74.291394406601327,4.7533929020476142]]]},"properties":{"FMI":"50C-1701307","RefName":"PRG-117","DATE_DEL":1682640000000,"PARCEL_ID":"PRG-117","ACT":173,"EFR_ENTRG":"DELIVERED","FID":5,"CODIGO":"254300000000000050151000000000","USO":"Privado","VERE":"EL CORZO","MUNICIPIO":"MADRID","CONNOTACI":"PRIVADO","PROPIETARI":"HERMANOS MANCHEGO CARDENAS S EN C (25%) Y FORNITURE PALACE LTDA (75%)","GRAVAMENES":"N/A","TIPO_DE_AF":"PARCIAL","LAND_AREA":1685.8800000000001,"BUILT_AREA":0,"TOTAL_AREA":0,"REST_AREA":0,"SECTION":15,"pk_ini":30189,"pk_end":30552,"VISIT_DATE":1681776000000,"OBS":" ","ID":159,"shapeArea":1685.8595633,"plantArea":0,"Floors":0,"paso":0,"review":"v","SECTOR":"SUBURBANO","DIRECCION":"PARTE DEL PREDIO CAMPO BELLO","LyrName":" ","Color":3,"Shape_Leng":733.72030058200005,"Shape_Area":1685.8805887999999,"NOTIFY":"1-2023-1822","DATE_NOT":null,"dateMax":1682640000000,"ActivityId":" ","TYPE":"PROJECT","Trees":0,"Shape_Le_1":737.85266718900004,"use":"Private","PK_DE_REFE":"30+189 - 30+552","Layer":"PROJECT_DELIVERED","pasos":0,"ACTA_No":0}},{"type":"Feature","id":6,"geometry":{"type":"Polygon","coordinates":[[[-74.284057409762909,4.7483390012605575],[-74.284121554309067,4.7483826344913771],[-74.28415141609517,4.7484095013855416],[-74.284470171478461,4.7486314660850573],[-74.284578597905124,4.7487069698424511],[-74.285526162908099,4.7493528261419335],[-74.286011119675265,4.7496939539767871],[-74.286229064711833,4.7498417223218485],[-74.286641912494161,4.7501267333827295],[-74.287255693852373,4.750549271613874],[-74.287511378913095,4.7507218520171941],[-74.28787293820622,4.7509749099570424],[-74.288112242866163,4.751139175548885],[-74.288249984393119,4.7512306758637664],[-74.288563866683674,4.7514435608455541],[-74.288723157979334,4.7515564683118123],[-74.289153759583343,4.7518529741297959],[-74.289548630830026,4.7521208604814111],[-74.290584117467645,4.7528258868859288],[-74.290596959866249,4.7528122695696977],[-74.290607239496765,4.752801190513976],[-74.290605277661797,4.7527998400949336],[-74.290567597092434,4.7527739154885076],[-74.290526560850765,4.7527456805237875],[-74.288978388191197,4.7516805053928062],[-74.288941357764401,4.75165498561869],[-74.288904394023589,4.7516294025209325],[-74.288867476233023,4.7516037434456893],[-74.288830522354715,4.7515779695331428],[-74.288608513328413,4.7514230837481195],[-74.288534465865041,4.7513714292264],[-74.288497295656128,4.7513455821125632],[-74.28846006868433,4.7513198064537043],[-74.288422791260729,4.7512941067694401],[-74.288385519280311,4.7512685128845771],[-74.284185160778563,4.7483870356648428],[-74.284088905023069,4.7483210025626486],[-74.284087542756069,4.7483200679228972],[-74.284087421946353,4.7483199856676475],[-74.284057409762909,4.7483390012605575]]]},"properties":{"FMI":"50C-1520426","RefName":"PRG-115","DATE_DEL":1681257600000,"PARCEL_ID":"PRG-115","ACT":141,"EFR_ENTRG":"DELIVERED","FID":6,"CODIGO":"254300000000000040034000000000","USO":"Privado","VERE":"LAGUNA LARGA","MUNICIPIO":"MADRID","CONNOTACI":"PRIVADO","PROPIETARI":"EL MANZANAR S.A.","GRAVAMENES":"Servidumbre e Hipoteca","TIPO_DE_AF":"PARCIAL","LAND_AREA":4051.6199999999999,"BUILT_AREA":0,"TOTAL_AREA":0,"REST_AREA":0,"SECTION":15,"pk_ini":29214,"pk_end":30074,"VISIT_DATE":1680652800000,"OBS":" ","ID":157,"shapeArea":4051.61025634,"plantArea":0,"Floors":0,"paso":0,"review":"v","SECTOR":"SUBURBANO","DIRECCION":"KM1+360 VIA MADRID -  EL CORZO - FACATATIVA \nPREDIO HACIENDA SAN CARLOS PTE","LyrName":" ","Color":3,"Shape_Leng":1762.28596707,"Shape_Area":4051.7272435,"NOTIFY":" ","DATE_NOT":null,"dateMax":1681257600000,"ActivityId":" ","TYPE":"PROJECT","Trees":0,"Shape_Le_1":1772.1027867600001,"use":"Private","PK_DE_REFE":"29+214 - 30+074","Layer":"PROJECT_DELIVERED","pasos":0,"ACTA_No":0}},{"type":"Feature","id":7,"geometry":{"type":"Polygon","coordinates":[[[-74.202172695819314,4.6981450756051997],[-74.202138174068395,4.6981488011892738],[-74.202135297678353,4.6982335496847112],[-74.202177792771636,4.6982312207327128],[-74.202177033362261,4.6982182766263225],[-74.202172695819314,4.6981450756051997]]]},"properties":{"FMI":"50C-799535","RefName":"PRG-057","DATE_DEL":1702252800000,"PARCEL_ID":"PRG-057","ACT":200,"EFR_ENTRG":"DELIVERED","FID":7,"CODIGO":"254730100000000360038000000000","USO":"Publico","VERE":"MOSQUERA","MUNICIPIO":"MOSQUERA","CONNOTACI":"PUBLICO","PROPIETARI":"INSTITUTO NACIONAL DE CONCESIONES (HOY AGENCIA NACIOANL DE INFRAESTRUCTURA)","GRAVAMENES":"N/A","TIPO_DE_AF":"PARCIAL","LAND_AREA":40.420000000000002,"BUILT_AREA":0,"TOTAL_AREA":139,"REST_AREA":0,"SECTION":11,"pk_ini":18247,"pk_end":18254,"VISIT_DATE":1701043200000,"OBS":" ","ID":102,"shapeArea":40.4119511432,"plantArea":0,"Floors":0,"paso":0,"review":"v","SECTOR":"SUBURBANO","DIRECCION":"LOTE GRANO DE ORO","LyrName":" ","Color":3,"Shape_Leng":27.494160787799999,"Shape_Area":40.414417515300002,"NOTIFY":"1-2023-05181","DATE_NOT":1700524800000,"dateMax":1702252800000,"ActivityId":" ","TYPE":"PROJECT","Trees":0,"Shape_Le_1":27.7132295346,"use":"Public","PK_DE_REFE":"18+247 - 18+254","Layer":"PROJECT_DELIVERED","pasos":0,"ACTA_No":0}},{"type":"Feature","id":8,"geometry":{"type":"Polygon","coordinates":[[[-74.202177792771636,4.6982312207327128],[-74.202180715627946,4.6982812310683109],[-74.203122989719333,4.6982262917134392],[-74.203127424536376,4.6981978396266397],[-74.202443841045067,4.6982401962783467],[-74.202438144424562,4.6982032437216814],[-74.202177033362261,4.6982182766263225],[-74.202177792771636,4.6982312207327128]]]},"properties":{"FMI":"50C-1735525","RefName":"PRG-059","DATE_DEL":1682640000000,"PARCEL_ID":"PRG-059","ACT":172,"EFR_ENTRG":"DELIVERED","FID":8,"CODIGO":"254730100000000360054000000000","USO":"Publico","VERE":"MOSQUERA","MUNICIPIO":"MOSQUERA","CONNOTACI":"PRIVADO","PROPIETARI":"JULIO ADONAI OCHOA GONZALEZ","GRAVAMENES":"N/A","TIPO_DE_AF":"PARCIAL","LAND_AREA":428.92000000000002,"BUILT_AREA":0,"TOTAL_AREA":543,"REST_AREA":114.08,"SECTION":11,"pk_ini":18254,"pk_end":18281,"VISIT_DATE":1681776000000,"OBS":" ","ID":104,"shapeArea":428.92129815099997,"plantArea":0,"Floors":0,"paso":0,"review":"v","SECTOR":"SUBURBANO","DIRECCION":"Lo AFECTACION VIA FERREA","LyrName":" ","Color":3,"Shape_Leng":224.017005719,"Shape_Area":428.93181969800003,"NOTIFY":"1-2023-1822","DATE_NOT":null,"dateMax":1682640000000,"ActivityId":" ","TYPE":"PROJECT","Trees":0,"Shape_Le_1":224.86671076600001,"use":"Public","PK_DE_REFE":"18+254 - 18+281","Layer":"PROJECT_DELIVERED","pasos":0,"ACTA_No":0}},{"type":"Feature","id":9,"geometry":{"type":"Polygon","coordinates":[[[-74.341025188630226,4.7929329890365864],[-74.34098895456043,4.7929755944691257],[-74.340976348063023,4.7929899776440363],[-74.341026444416471,4.7930226278554233],[-74.341027779778628,4.79302349908252],[-74.341036540623307,4.7930135050363383],[-74.341057661078565,4.7929894109539752],[-74.341071950724569,4.7929731118285153],[-74.341105737143835,4.7929345757660489],[-74.341057932100782,4.7928944868374357],[-74.341025188630226,4.7929329890365864]]]},"properties":{"FMI":"156-67796","RefName":"PRG-157","DATE_DEL":1671580800000,"PARCEL_ID":"PRG-157","ACT":49,"EFR_ENTRG":"DELIVERED","FID":9,"CODIGO":"252690001000000080195000000000","USO":"Privado","VERE":"SAN ANTONIO ALTO","MUNICIPIO":"FACATATIVA","CONNOTACI":"PRIVADO","PROPIETARI":"CLEOFE OROZCO DE BARRERA","GRAVAMENES":"N/A","TIPO_DE_AF":"PARCIAL","LAND_AREA":10.199999999999999,"BUILT_AREA":193.83000000000001,"TOTAL_AREA":0,"REST_AREA":0,"SECTION":17,"pk_ini":37311.489999999998,"pk_end":37317.839999999997,"VISIT_DATE":1670889600000,"OBS":" ","ID":195,"shapeArea":91.951920088899996,"plantArea":91.951469084699994,"Floors":3,"paso":0,"review":"V","SECTOR":"SUBURBANO","DIRECCION":"LO","LyrName":" ","Color":3,"Shape_Leng":40.718997051099997,"Shape_Area":91.953829238500006,"NOTIFY":" ","DATE_NOT":null,"dateMax":1671580800000,"ActivityId":" ","TYPE":"PROJECT","Trees":0,"Shape_Le_1":40.996810199999999,"use":"Private","PK_DE_REFE":"37+311 - 37+318","Layer":"PROJECT_DELIVERED","pasos":0,"ACTA_No":0}},{"type":"Feature","id":10,"geometry":{"type":"Polygon","coordinates":[[[-74.34086734293173,4.792797555493479],[-74.340832140098456,4.7928307314200573],[-74.340810141254565,4.7928514636593205],[-74.340871200377151,4.7929016711002133],[-74.34088836101121,4.7928827782539365],[-74.340922659750291,4.7928450178891717],[-74.340955642041706,4.7928087076176418],[-74.340902655696709,4.7927642746244592],[-74.34086734293173,4.792797555493479]]]},"properties":{"FMI":"156-62281","RefName":"PRG-153","DATE_DEL":1674777600000,"PARCEL_ID":"PRG-153","ACT":56,"EFR_ENTRG":"DELIVERED","FID":10,"CODIGO":"252690001000000080516000000000","USO":"Privado","VERE":"SAN ANTONIO ALTO","MUNICIPIO":"FACATATIVA","CONNOTACI":"PRIVADO","PROPIETARI":"BARON ROMERO CARLOS JULIO Y OTRA","GRAVAMENES":"N/A","TIPO_DE_AF":"PARCIAL","LAND_AREA":15.92,"BUILT_AREA":139.03999999999999,"TOTAL_AREA":109,"REST_AREA":0,"SECTION":17,"pk_ini":37288,"pk_end":37297,"VISIT_DATE":1674172800000,"OBS":" ","ID":192,"shapeArea":114.371708822,"plantArea":100,"Floors":2,"paso":0,"review":"V","SECTOR":"SUBURBANO","DIRECCION":"MANA BLANCA","LyrName":" ","Color":3,"Shape_Leng":44.408937713199997,"Shape_Area":114.370902392,"NOTIFY":" ","DATE_NOT":null,"dateMax":1674777600000,"ActivityId":" ","TYPE":"PROJECT","Trees":0,"Shape_Le_1":44.703734252300002,"use":"Private","PK_DE_REFE":"37+288 - 37+297","Layer":"PROJECT_DELIVERED","pasos":0,"ACTA_No":0}},{"type":"Feature","id":11,"geometry":{"type":"Polygon","coordinates":[[[-74.340941544007975,4.7929299041670745],[-74.340940561900268,4.7929311018342489],[-74.340937605662333,4.792934697552492],[-74.34092353627463,4.7929518068401737],[-74.34097092199417,4.7929962058174356],[-74.340976348063023,4.7929899776440363],[-74.34098895456043,4.7929755944691603],[-74.340996331802856,4.792966920020306],[-74.340948188016526,4.7929218233363713],[-74.340941544007975,4.7929299041670745]]]},"properties":{"FMI":"156-81555","RefName":"PRG-155","DATE_DEL":1674777600000,"PARCEL_ID":"PRG-155","ACT":57,"EFR_ENTRG":"DELIVERED","FID":11,"CODIGO":"252690001000000080194000000000","USO":"Privado","VERE":"SAN ANTONIO ALTO","MUNICIPIO":"FACATATIVA","CONNOTACI":"PRIVADO","PROPIETARI":"JOSE ELIECER GALINDO SANCHEZ y CLAUDIA RUIZ","GRAVAMENES":"N/A","TIPO_DE_AF":"TOTAL","LAND_AREA":12.550000000000001,"BUILT_AREA":60.32,"TOTAL_AREA":23.449999999999999,"REST_AREA":10.9,"SECTION":17,"pk_ini":37305,"pk_end":37313,"VISIT_DATE":1674172800000,"OBS":" ","ID":194,"shapeArea":30.157082336799999,"plantArea":23.449999999999999,"Floors":2,"paso":0,"review":"V","SECTOR":"SUBURBANO","DIRECCION":"VILLA CLAUDIA","LyrName":" ","Color":3,"Shape_Leng":22.650776469899998,"Shape_Area":30.8001877112,"NOTIFY":"1-2023-190","DATE_NOT":null,"dateMax":1674777600000,"ActivityId":" ","TYPE":"PROJECT","Trees":0,"Shape_Le_1":23.003101831399999,"use":"Private","PK_DE_REFE":"37+305 - 37+313","Layer":"PROJECT_DELIVERED","pasos":0,"ACTA_No":0}},{"type":"Feature","id":12,"geometry":{"type":"MultiPolygon","coordinates":[[[[-74.310318594532916,4.7670034681951723],[-74.311159135673719,4.7676430208007918],[-74.311195534074443,4.767668591049711],[-74.311199495866319,4.7676715910716432],[-74.311232750938416,4.7676967807731545],[-74.312246642725384,4.7684647639267856],[-74.31236944956062,4.7685577842887206],[-74.3123833235571,4.7685511175736348],[-74.312345703601437,4.7685227182581285],[-74.312315111917854,4.7684996229659644],[-74.312194648576877,4.7684087241829722],[-74.312194617921065,4.7684087006816647],[-74.312145099972838,4.7683713356747344],[-74.312059098164752,4.7683064399750323],[-74.311957351078917,4.7682296644321713],[-74.311944124058257,4.7682196827693666],[-74.311900836450278,4.7681870188776179],[-74.311877512897539,4.7681694192239732],[-74.311696006144146,4.7680324589821224],[-74.311656564040462,4.7680026974678142],[-74.311599301090155,4.7679594878586631],[-74.311598348961155,4.7679587674565482],[-74.311511506929122,4.7678932380549783],[-74.311440925925382,4.7678399789679444],[-74.311419851076721,4.7678240759015518],[-74.311412129463108,4.7678182494171182],[-74.311372865907188,4.7677886216606513],[-74.311301938256932,4.767733801855579],[-74.311196593347503,4.7676556112819686],[-74.311203615752873,4.7676382779981124],[-74.311192683417545,4.76763002817657],[-74.31112169582704,4.7675764626346391],[-74.311060573042241,4.7675303397322972],[-74.310960234532772,4.7674546261019533],[-74.310879787921877,4.767393922494807],[-74.31082520112237,4.767352732111342],[-74.310715381971946,4.7672698641320554],[-74.310626039874649,4.7672024481846789],[-74.310608085621766,4.7671889006366888],[-74.310507393820714,4.7671130731127551],[-74.310412923066508,4.7670411916354416],[-74.310371636387458,4.767010210766391],[-74.31034109086562,4.766987290797247],[-74.310318594532916,4.7670034681951723]]],[[[-74.310216818957358,4.7670766532487931],[-74.310302753688319,4.7671413918719541],[-74.310346907609642,4.7671746533205841],[-74.310406428078721,4.7672194665040495],[-74.310461023829433,4.7672605719154779],[-74.310470157383975,4.7672674487285587],[-74.310490324236838,4.7672826323118045],[-74.310613123231718,4.7673750878282517],[-74.310788145846701,4.76750686170955],[-74.310793236477195,4.767510695114713],[-74.310849822181396,4.7675532982410305],[-74.310946829095812,4.7676263353887904],[-74.310991093973115,4.7676596618644052],[-74.311096588785944,4.7677413828040294],[-74.311095516140099,4.7677601446658144],[-74.311227340741937,4.7678596026012148],[-74.311479696155658,4.7680499946937589],[-74.311600581305399,4.7681411982158579],[-74.311777561844934,4.768274723688311],[-74.312108732849481,4.7685258322383461],[-74.312108798669058,4.7685258819523266],[-74.312176859670501,4.7685771080556609],[-74.31241966529582,4.7687598553773425],[-74.312456836223063,4.7687878316293659],[-74.312506510643075,4.7688266135943413],[-74.312535927072744,4.7688130571296439],[-74.311120281180322,4.767748901232336],[-74.311112774167185,4.7677432600527547],[-74.311077465012701,4.767713384964714],[-74.310224461025484,4.767071157946722],[-74.310216818957358,4.7670766532487931]]]]},"properties":{"FMI":"50C-1543453","RefName":"PRG-127","DATE_DEL":1700092800000,"PARCEL_ID":"PRG-127","ACT":197,"EFR_ENTRG":"DELIVERED","FID":12,"CODIGO":"254300000000000050011000000000","USO":"Privado","VERE":"EL CORZO","MUNICIPIO":"MADRID","CONNOTACI":"PRIVADO","PROPIETARI":"AREAS 2012 S.A.S.","GRAVAMENES":"N/A","TIPO_DE_AF":"PARCIAL","LAND_AREA":1293.96,"BUILT_AREA":0,"TOTAL_AREA":0,"REST_AREA":0,"SECTION":16,"pk_ini":32777,"pk_end":33062,"VISIT_DATE":1699488000000,"OBS":" ","ID":169,"shapeArea":1293.9480154600001,"plantArea":0,"Floors":0,"paso":0,"review":"v","SECTOR":"SUBURBANO","DIRECCION":"KM5+036 VIA MADRID -  EL CORZO - FACATATIVA \nPREDIO LA JABONERA","LyrName":" ","Color":3,"Shape_Leng":1222.10533313,"Shape_Area":1293.94637463,"NOTIFY":" ","DATE_NOT":null,"dateMax":1700092800000,"ActivityId":" ","TYPE":"PROJECT","Trees":0,"Shape_Le_1":1229.2782155,"use":"Private","PK_DE_REFE":"32+777 - 33+062","Layer":"PROJECT_DELIVERED","pasos":0,"ACTA_No":0}},{"type":"Feature","id":13,"geometry":{"type":"Polygon","coordinates":[[[-74.226643117874502,4.705187576299652],[-74.226622701936691,4.7052175927581255],[-74.226675639684345,4.7052597365144857],[-74.226695447452855,4.7052307972125202],[-74.226707919777638,4.7052125755002479],[-74.226741070279971,4.7051641419403962],[-74.226741205437591,4.7051639456771648],[-74.226683783742459,4.7051564413976941],[-74.226665887347323,4.705154102177115],[-74.226643117874502,4.705187576299652]]]},"properties":{"FMI":"50C-414721","RefName":"PRG-080","DATE_DEL":1675641600000,"PARCEL_ID":"PRG-080","ACT":64,"EFR_ENTRG":"DELIVERED","FID":13,"CODIGO":"254730100000000070009000000000","USO":"Privado","VERE":"MOSQUERA","MUNICIPIO":"MOSQUERA","CONNOTACI":"PRIVADO","PROPIETARI":"RIANO TRIVIÑO JOSE IGNACIO Y FRANCI ELENA VELASQUEZ DE TRIVIÑO","GRAVAMENES":"Valorización","TIPO_DE_AF":"TOTAL","LAND_AREA":29.57,"BUILT_AREA":249.78,"TOTAL_AREA":80,"REST_AREA":50.43,"SECTION":12,"pk_ini":21236,"pk_end":21243,"VISIT_DATE":1675123200000,"OBS":" ","ID":126,"shapeArea":79.999939270900001,"plantArea":579.14845647799996,"Floors":2,"paso":0,"review":"V","SECTOR":"SUBURBANO","DIRECCION":"D 5 1A 45 E - SEGUN FOLIO CRA 2EN. 5-13","LyrName":" ","Color":3,"Shape_Leng":37.274551301800003,"Shape_Area":79.999765058899996,"NOTIFY":"1-2023-359","DATE_NOT":null,"dateMax":1675641600000,"ActivityId":" ","TYPE":"PROJECT","Trees":0,"Shape_Le_1":37.517793833500001,"use":"Private","PK_DE_REFE":"21+236 - 21+243","Layer":"PROJECT_DELIVERED","pasos":0,"ACTA_No":0}},{"type":"Feature","id":14,"geometry":{"type":"Polygon","coordinates":[[[-74.226925564974607,4.705420859063417],[-74.22691284126725,4.7054394850578456],[-74.22698249836516,4.7054968735971645],[-74.226995268078795,4.7054784320699161],[-74.227008309910048,4.7054595998241124],[-74.226938318415932,4.7054021896557305],[-74.226925564974607,4.705420859063417]]]},"properties":{"FMI":"50C-1390227","RefName":"PRG-085","DATE_DEL":1679961600000,"PARCEL_ID":"PRG-085","ACT":121,"EFR_ENTRG":"DELIVERED","FID":14,"CODIGO":"254730100000000070012000000000","USO":"Privado","VERE":"MOSQUERA","MUNICIPIO":"MOSQUERA","CONNOTACI":"PRIVADO","PROPIETARI":"SANCHEZ MANCERA ROSALBA","GRAVAMENES":"N/A","TIPO_DE_AF":"PARCIAL","LAND_AREA":24.829999999999998,"BUILT_AREA":222.09,"TOTAL_AREA":0,"REST_AREA":25.170000000000002,"SECTION":12,"pk_ini":21277,"pk_end":21287,"VISIT_DATE":1679356800000,"OBS":" ","ID":131,"shapeArea":49.999414529299997,"plantArea":99.999614114699995,"Floors":3,"paso":0,"review":"v","SECTOR":"SUBURBANO","DIRECCION":"Lote No. 1 K 1A E 5 20","LyrName":" ","Color":3,"Shape_Leng":30.049038181299998,"Shape_Area":49.9992461183,"NOTIFY":"1-2023-1307","DATE_NOT":null,"dateMax":1679961600000,"ActivityId":" ","TYPE":"PROJECT","Trees":0,"Shape_Le_1":30.249735588299998,"use":"Private","PK_DE_REFE":"21+277 - 21+287","Layer":"PROJECT_DELIVERED","pasos":0,"ACTA_No":0}},{"type":"Feature","id":15,"geometry":{"type":"Polygon","coordinates":[[[-74.226855786157387,4.7053632263815723],[-74.226840986432904,4.7053848912859886],[-74.22691284126725,4.7054394850578456],[-74.226925564974607,4.705420859063417],[-74.226938318415932,4.7054021896557305],[-74.226963854130446,4.7053648101397432],[-74.226891999300321,4.7053102172772139],[-74.226855786157387,4.7053632263815723]]]},"properties":{"FMI":"50C-276553","RefName":"PRG-084","DATE_DEL":1679011200000,"PARCEL_ID":"PRG-084","ACT":110,"EFR_ENTRG":"DELIVERED","FID":15,"CODIGO":"254730100000000070001000000000","USO":"Privado","VERE":"MOSQUERA","MUNICIPIO":"MOSQUERA","CONNOTACI":"PRIVADO","PROPIETARI":"ORTIZ BARBOSA MARGARITA","GRAVAMENES":"Falsa Tradición","TIPO_DE_AF":"PARCIAL","LAND_AREA":26.98,"BUILT_AREA":206.78,"TOTAL_AREA":0,"REST_AREA":0,"SECTION":12,"pk_ini":21267,"pk_end":21276,"VISIT_DATE":1678406400000,"OBS":" ","ID":130,"shapeArea":99.998894781900006,"plantArea":124.880357988,"Floors":3,"paso":0,"review":"v","SECTOR":"SUBURBANO","DIRECCION":"K 1 E FRENTE LINEA FERREA - CRA 2 N. 5-20 SEGUN FOLIO","LyrName":" ","Color":3,"Shape_Leng":40.022158047700003,"Shape_Area":99.998842040100001,"NOTIFY":"1-2023-1065","DATE_NOT":null,"dateMax":1679011200000,"ActivityId":" ","TYPE":"PROJECT","Trees":0,"Shape_Le_1":40.297179228200001,"use":"Private","PK_DE_REFE":"21+267 - 21+276","Layer":"PROJECT_DELIVERED","pasos":0,"ACTA_No":0}},{"type":"Feature","id":16,"geometry":{"type":"Polygon","coordinates":[[[-74.226826514759992,4.7052625870958078],[-74.226793079527326,4.7053114348924447],[-74.226775421664243,4.7053372321794162],[-74.22683909963655,4.7053876516305433],[-74.226840986432904,4.7053848912859886],[-74.226855786157387,4.7053632263815723],[-74.226891999300321,4.7053102172772139],[-74.226909587766599,4.7052844697391096],[-74.226846855042055,4.7052328690686309],[-74.226826514759992,4.7052625870958078]]]},"properties":{"FMI":"50C-408007","RefName":"PRG-083","DATE_DEL":1680048000000,"PARCEL_ID":"PRG-083","ACT":124,"EFR_ENTRG":"DELIVERED","FID":16,"CODIGO":"254730100000000070008000000000","USO":"Privado","VERE":"MOSQUERA","MUNICIPIO":"MOSQUERA","CONNOTACI":"PRIVADO","PROPIETARI":"FLOREZ MORENO MARIA ABIGAIL","GRAVAMENES":"N/A","TIPO_DE_AF":"TOTAL","LAND_AREA":30.23,"BUILT_AREA":253.69,"TOTAL_AREA":0,"REST_AREA":0,"SECTION":12,"pk_ini":21258,"pk_end":21266,"VISIT_DATE":1679443200000,"OBS":" ","ID":129,"shapeArea":124.880066418,"plantArea":70.000058514200006,"Floors":2,"paso":0,"review":"v","SECTOR":"SUBURBANO","DIRECCION":"C 5A 1A 27 E  SEGUN FOLIO CALLE 5B N. D1-26","LyrName":" ","Color":3,"Shape_Leng":45.832877256099998,"Shape_Area":124.880303627,"NOTIFY":"1-2023-1310","DATE_NOT":null,"dateMax":1680048000000,"ActivityId":" ","TYPE":"PROJECT","Trees":0,"Shape_Le_1":46.161534846199999,"use":"Private","PK_DE_REFE":"21+258 - 21+266","Layer":"PROJECT_DELIVERED","pasos":0,"ACTA_No":0}},{"type":"Feature","id":17,"geometry":{"type":"Polygon","coordinates":[[[-74.226757708487824,4.7052514436269233],[-74.22674425041572,4.7052711052054379],[-74.226725350004656,4.7052987176983549],[-74.226775421664243,4.7053372321794162],[-74.226793079527326,4.7053114348924447],[-74.226826514759992,4.7052625870958078],[-74.226776446707717,4.7052240690002671],[-74.226757708487824,4.7052514436269233]]]},"properties":{"FMI":"50C-425169","RefName":"PRG-082","DATE_DEL":1677542400000,"PARCEL_ID":"PRG-082","ACT":89,"EFR_ENTRG":"DELIVERED","FID":17,"CODIGO":"254730100000000070010000000000","USO":"Privado","VERE":"MOSQUERA","MUNICIPIO":"MOSQUERA","CONNOTACI":"PRIVADO","PROPIETARI":"OSORIO CANO JORGE","GRAVAMENES":"Hipoteca y Gravamen de Valorización","TIPO_DE_AF":"PARCIAL","LAND_AREA":25.039999999999999,"BUILT_AREA":76.719999999999999,"TOTAL_AREA":76.719999999999999,"REST_AREA":44.960000000000001,"SECTION":12,"pk_ini":21251,"pk_end":21257,"VISIT_DATE":1676937600000,"OBS":" ","ID":128,"shapeArea":70.000058514200006,"plantArea":26.500546864299999,"Floors":2,"paso":0,"review":"v","SECTOR":"SUBURBANO","DIRECCION":"C 5A 1A 37 E","LyrName":" ","Color":3,"Shape_Leng":34.0274336441,"Shape_Area":70.000297756799995,"NOTIFY":"1-2023-740","DATE_NOT":null,"dateMax":1677542400000,"ActivityId":" ","TYPE":"PROJECT","Trees":0,"Shape_Le_1":34.268034777499999,"use":"Private","PK_DE_REFE":"21+251 - 21+257","Layer":"PROJECT_DELIVERED","pasos":0,"ACTA_No":0}},{"type":"Feature","id":18,"geometry":{"type":"Polygon","coordinates":[[[-74.226695447452855,4.7052307972125202],[-74.226675639684345,4.7052597365144857],[-74.226725350004656,4.7052987176983549],[-74.22674425041572,4.7052711052054379],[-74.226757708487824,4.7052514436269233],[-74.226707919777638,4.7052125755002479],[-74.226695447452855,4.7052307972125202]]]},"properties":{"FMI":"50C-388472","RefName":"PRG-081","DATE_DEL":1668470400000,"PARCEL_ID":"PRG-081","ACT":30,"EFR_ENTRG":"DELIVERED","FID":18,"CODIGO":"254730100000000070006000000000","USO":"Privado","VERE":"MOSQUERA","MUNICIPIO":"MOSQUERA","CONNOTACI":"PRIVADO","PROPIETARI":"DANIELS AVILA MARIA ELENA","GRAVAMENES":"N/A","TIPO_DE_AF":"TOTAL","LAND_AREA":26.5,"BUILT_AREA":88.650000000000006,"TOTAL_AREA":42,"REST_AREA":15.5,"SECTION":12,"pk_ini":21242.049999999999,"pk_end":21249.040000000001,"VISIT_DATE":1667433600000,"OBS":" ","ID":127,"shapeArea":44.254302142599997,"plantArea":80.000309118100006,"Floors":2,"paso":0,"review":"V","SECTOR":"SUBURBANO","DIRECCION":"C 5A 1A 45 E","LyrName":" ","Color":3,"Shape_Leng":26.6672225244,"Shape_Area":44.254362926600002,"NOTIFY":" ","DATE_NOT":null,"dateMax":1668470400000,"ActivityId":" ","TYPE":"PROJECT","Trees":0,"Shape_Le_1":26.850092020000002,"use":"Private","PK_DE_REFE":"21+242 - 21+249","Layer":"PROJECT_DELIVERED","pasos":0,"ACTA_No":0}},{"type":"Feature","id":19,"geometry":{"type":"MultiPolygon","coordinates":[[[[-74.291334167551327,4.7533514874829246],[-74.291361543111407,4.7533702884469058],[-74.291394406601327,4.7533929020476142],[-74.291429417743984,4.7533558971373138],[-74.291369195815591,4.7533144626756521],[-74.291334167551327,4.7533514874829246]]],[[[-74.294079828111791,4.7552551136096346],[-74.294857469786734,4.7557842743125827],[-74.294876479720372,4.755797327318998],[-74.294892263231432,4.7557747898803937],[-74.2948493892805,4.755745515825768],[-74.294828148818908,4.7557309081251589],[-74.294826983068674,4.7557301072825968],[-74.294794986687293,4.7557080958479157],[-74.294595183580043,4.7555706436577063],[-74.294244619298183,4.7553294495562852],[-74.29411416088044,4.7552396935326673],[-74.294098306513774,4.755228784512723],[-74.294079828111791,4.7552551136096346]]]]},"properties":{"FMI":"50C-575204","RefName":"PRG-118","DATE_DEL":1683331200000,"PARCEL_ID":"PRG-118","ACT":193,"EFR_ENTRG":"DELIVERED","FID":19,"CODIGO":"254300000000000050001000000000","USO":"Privado","VERE":"EL CORZO","MUNICIPIO":"MADRID","CONNOTACI":"PRIVADO","PROPIETARI":"HERNANDO ROJAS CASTANEDA Y OTRA","GRAVAMENES":"Servidumbre de transito activa","TIPO_DE_AF":"PARCIAL","LAND_AREA":396.20999999999998,"BUILT_AREA":0,"TOTAL_AREA":0,"REST_AREA":0,"SECTION":15,"pk_ini":30552,"pk_end":30648,"VISIT_DATE":1682553600000,"OBS":" ","ID":160,"shapeArea":396.20650916099999,"plantArea":0,"Floors":0,"paso":0,"review":"v","SECTOR":"SUBURBANO","DIRECCION":"CAMPO BELLO","LyrName":" ","Color":3,"Shape_Leng":247.685449148,"Shape_Area":396.21411737699998,"NOTIFY":"1-2023-2049","DATE_NOT":null,"dateMax":1683331200000,"ActivityId":" ","TYPE":"PROJECT","Trees":0,"Shape_Le_1":249.094164466,"use":"Private","PK_DE_REFE":"30+552 - 30+648","Layer":"PROJECT_DELIVERED","pasos":0,"ACTA_No":0}},{"type":"Feature","id":20,"geometry":{"type":"Polygon","coordinates":[[[-74.341071950724569,4.7929731118285153],[-74.341057661078565,4.7929894109539752],[-74.341036540623307,4.7930135050363383],[-74.341027779778628,4.79302349908252],[-74.341066252675986,4.7930576413395913],[-74.34106790917923,4.7930591110871008],[-74.341080220475163,4.7930483090388414],[-74.341145624128657,4.7929680247823097],[-74.341105737143835,4.7929345757660489],[-74.341071950724569,4.7929731118285153]]]},"properties":{"FMI":"156-63503","RefName":"PRG-158","DATE_DEL":1676592000000,"PARCEL_ID":"PRG-158","ACT":77,"EFR_ENTRG":"DELIVERED","FID":20,"CODIGO":"252690001000000080196000000000","USO":"Privado","VERE":"SAN ANTONIO ALTO","MUNICIPIO":"FACATATIVA","CONNOTACI":"PRIVADO","PROPIETARI":"HERNAN JAIMES y MARIA ROSALIA AFRICANO RODRIGUEZ","GRAVAMENES":"N/A","TIPO_DE_AF":"PARCIAL","LAND_AREA":9.9199999999999999,"BUILT_AREA":163.58000000000001,"TOTAL_AREA":0,"REST_AREA":0,"SECTION":17,"pk_ini":37320,"pk_end":37327,"VISIT_DATE":1675987200000,"OBS":" ","ID":196,"shapeArea":78.875065620200004,"plantArea":78.875413050899994,"Floors":3,"paso":0,"review":"V","SECTOR":"SUBURBANO","DIRECCION":"LOTE","LyrName":" ","Color":3,"Shape_Leng":38.0862544947,"Shape_Area":78.876650041299996,"NOTIFY":"1-2023-532","DATE_NOT":null,"dateMax":1676592000000,"ActivityId":" ","TYPE":"PROJECT","Trees":0,"Shape_Le_1":38.3533847948,"use":"Private","PK_DE_REFE":"37+320 - 37+327","Layer":"PROJECT_DELIVERED","pasos":0,"ACTA_No":0}},{"type":"Feature","id":21,"geometry":{"type":"Polygon","coordinates":[[[-74.260854216110744,4.7324052466673674],[-74.260906262844571,4.7324437715635499],[-74.260932101849249,4.732462898865621],[-74.260935807677754,4.7324572839702181],[-74.260939514408506,4.7324516726917674],[-74.260943166177483,4.7324461428151254],[-74.260948511684234,4.7324374799838402],[-74.260952030253719,4.7324327188000712],[-74.26096464791226,4.7324136129582648],[-74.260944850671351,4.7323942046266634],[-74.260989746800291,4.7323365307473697],[-74.260960525655634,4.7323028387341388],[-74.260876791669887,4.7323813444789113],[-74.260861930380841,4.7323965090564295],[-74.260854216110744,4.7324052466673674]]]},"properties":{"FMI":"50C-357719","RefName":"PRG-101","DATE_DEL":1678838400000,"PARCEL_ID":"PRG-101","ACT":107,"EFR_ENTRG":"DELIVERED","FID":21,"CODIGO":"254300102000000190012000000000","USO":"Privado","VERE":"FUNZA","MUNICIPIO":"MADRID","CONNOTACI":"PRIVADO","PROPIETARI":"CARMEN ELISA PINILLA VILLAMIL y PEDRO PABLO VANEGAS CARRILLO","GRAVAMENES":"N/A","TIPO_DE_AF":"TOTAL","LAND_AREA":83.989999999999995,"BUILT_AREA":141.59999999999999,"TOTAL_AREA":87.209999999999994,"REST_AREA":3.2200000000000002,"SECTION":14,"pk_ini":26081,"pk_end":26088,"VISIT_DATE":1678233600000,"OBS":" ","ID":144,"shapeArea":117.993370146,"plantArea":169.16364553099999,"Floors":2,"paso":0,"review":"V","SECTOR":"SUBURBANO","DIRECCION":"CALLE 8 No.3-99","LyrName":" ","Color":3,"Shape_Leng":49.736467511100003,"Shape_Area":117.992476216,"NOTIFY":"1-2023-1056","DATE_NOT":null,"dateMax":1678838400000,"ActivityId":" ","TYPE":"PROJECT","Trees":0,"Shape_Le_1":50.076702694799998,"use":"Private","PK_DE_REFE":"26+081 - 26+088","Layer":"PROJECT_DELIVERED","pasos":0,"ACTA_No":0}},{"type":"Feature","id":22,"geometry":{"type":"Polygon","coordinates":[[[-74.260782693444312,4.7323523050984102],[-74.26079144372828,4.7323585940180841],[-74.260854216110744,4.7324052466673674],[-74.260861930380841,4.7323965090564295],[-74.260876791669887,4.7323813444789113],[-74.260960525655634,4.7323028387341388],[-74.260901830013793,4.7322351581592788],[-74.26081677074329,4.7323194436489215],[-74.260809611996962,4.7323258344457884],[-74.260792489627264,4.7323426698683644],[-74.260782693444312,4.7323523050984102]]]},"properties":{"FMI":"50C-357720","RefName":"PRG-100","DATE_DEL":1675641600000,"PARCEL_ID":"PRG-100","ACT":58,"EFR_ENTRG":"DELIVERED","FID":22,"CODIGO":"254300102000000190040000000000","USO":"Privado","VERE":"FUNZA","MUNICIPIO":"MADRID","CONNOTACI":"PRIVADO","PROPIETARI":"MARTHA JACKELINE AMAYA LEAL, JENNY ELIZABETH AMAYA LEAL, GLORIA ELSA AMAYA LEAL y BLANCA MONICA AMAYA LEAL","GRAVAMENES":"N/A","TIPO_DE_AF":"TOTAL","LAND_AREA":145,"BUILT_AREA":187.97999999999999,"TOTAL_AREA":145,"REST_AREA":0,"SECTION":14,"pk_ini":26071,"pk_end":26084,"VISIT_DATE":1674777600000,"OBS":" ","ID":143,"shapeArea":169.16209366300001,"plantArea":49.999938103200002,"Floors":3,"paso":0,"review":"V","SECTOR":"SUBURBANO","DIRECCION":"CALLE 8 No.3-89","LyrName":" ","Color":3,"Shape_Leng":54.647672079800003,"Shape_Area":169.16196862300001,"NOTIFY":"1-2023-326","DATE_NOT":null,"dateMax":1675641600000,"ActivityId":" ","TYPE":"PROJECT","Trees":0,"Shape_Le_1":55.008357057700003,"use":"Private","PK_DE_REFE":"26+071 - 26+084","Layer":"PROJECT_DELIVERED","pasos":0,"ACTA_No":0}},{"type":"Feature","id":23,"geometry":{"type":"MultiPolygon","coordinates":[[[[-74.18902476616266,4.6989810010890594],[-74.188786232082577,4.6989988441047279],[-74.188645284563876,4.6990074421319816],[-74.188504147100929,4.6990118532203722],[-74.18843618105717,4.6990119580870351],[-74.188040382776862,4.699032773896259],[-74.187804683714504,4.6990417394512667],[-74.186745834415547,4.6991096939331882],[-74.186221972295982,4.6991472548299846],[-74.186230762580365,4.69923825748063],[-74.187148191904811,4.6991823379420126],[-74.187713629675429,4.6991470531527799],[-74.188216522653903,4.6991167678074524],[-74.18905895866007,4.6990654931441922],[-74.189094401041729,4.6990633361256657],[-74.189082386759495,4.6990145416522955],[-74.189073497580551,4.6989784386248363],[-74.18902476616266,4.6989810010890594]]],[[[-74.186239639533639,4.6993301589984435],[-74.186245615884246,4.6993920379791208],[-74.18696535581222,4.6993154010707681],[-74.187463928945405,4.6992623139412224],[-74.187503959650641,4.6992580510530484],[-74.187717450727675,4.6992353183246358],[-74.187728723727943,4.6992879155509408],[-74.187729191119558,4.6992911375223789],[-74.187736253430586,4.6993398550335073],[-74.187741015776467,4.6993727059400534],[-74.187741057282523,4.6993729935030695],[-74.187775340091974,4.699367709641419],[-74.187771405703373,4.6993383202908481],[-74.187768909713725,4.6993196802083581],[-74.187788483593337,4.6993014571371985],[-74.187819269683246,4.6992988379146912],[-74.187841678084396,4.699296930802161],[-74.187853977432781,4.6992962316346416],[-74.187899296466128,4.6992936535145651],[-74.187908723322579,4.6992931175762216],[-74.188069362036742,4.6992839803194419],[-74.188616898398465,4.6992528357439936],[-74.188682344693547,4.6992491140336865],[-74.189041484511591,4.6992286844373643],[-74.189072246591422,4.6992395085887866],[-74.189093225162111,4.6992468898003699],[-74.189125038904521,4.6992678944672459],[-74.189141898361214,4.6992861786599294],[-74.189153887128455,4.6992991806718667],[-74.1891626312716,4.6993300514017626],[-74.189159410994776,4.6993140104189282],[-74.189158923881465,4.699311504662754],[-74.18914822632685,4.6992564386123661],[-74.189132115097067,4.6992049644310052],[-74.189122233375386,4.6991733912363047],[-74.189118783159714,4.6991623682885537],[-74.189007639195722,4.6991680045337683],[-74.188937606951299,4.6991715551892073],[-74.188871104259263,4.699174928029608],[-74.188661755610752,4.6991855436422352],[-74.188207632965941,4.6992085708336218],[-74.187708123808719,4.6992351543110571],[-74.186239639533639,4.6993301589984435]]]]},"properties":{"FMI":"50C-1195067","RefName":"PRG-038","DATE_DEL":1683331200000,"PARCEL_ID":"PRG-038","ACT":179,"EFR_ENTRG":"DELIVERED","FID":23,"CODIGO":"252860000000000071281000000000","USO":"Privado","VERE":"EL HATO","MUNICIPIO":"FUNZA","CONNOTACI":"PRIVADO","PROPIETARI":"ALIANAZA FIDUCIARIA COMO VOCERA DEL PATRIMONIO AUTONOMO FIDEICOMISO  DE PARQUEO CEDIS CALLE 13","GRAVAMENES":"Servidumbre de oleoducto","TIPO_DE_AF":"PARCIAL","LAND_AREA":5069.2299999999996,"BUILT_AREA":4.5800000000000001,"TOTAL_AREA":0,"REST_AREA":130.91,"SECTION":10,"pk_ini":16477,"pk_end":16793,"VISIT_DATE":1682294400000,"OBS":" ","ID":81,"shapeArea":5069.2614854399999,"plantArea":11.3119623106,"Floors":1,"paso":0,"review":"v","SECTOR":"SUBURBANO","DIRECCION":"LOS HENARES DE GUALI","LyrName":" ","Color":3,"Shape_Leng":1350.7579823399999,"Shape_Area":5069.2637648299997,"NOTIFY":"1-2023-1943","DATE_NOT":1681948800000,"dateMax":1683331200000,"ActivityId":" ","TYPE":"PROJECT","Trees":0,"Shape_Le_1":1355.8121824299999,"use":"Private","PK_DE_REFE":"16+477 - 16+793","Layer":"PROJECT_DELIVERED","pasos":0,"ACTA_No":0}},{"type":"Feature","id":24,"geometry":{"type":"Polygon","coordinates":[[[-74.192624819223326,4.6987237564502058],[-74.192464954564997,4.6987304973076274],[-74.192438703070138,4.6987330834317342],[-74.19244345313507,4.6988272191706937],[-74.192584296965961,4.6988190191938166],[-74.192656191858063,4.6988134955726393],[-74.192643013815939,4.6987377756256095],[-74.192640293922295,4.6987231082197143],[-74.192624819223326,4.6987237564502058]]]},"properties":{"FMI":"50C-800724","RefName":"PRG-050","DATE_DEL":1677801600000,"PARCEL_ID":"PRG-050","ACT":91,"EFR_ENTRG":"DELIVERED","FID":24,"CODIGO":"252860000000000071280000000000","USO":"Privado","VERE":"EL HATO","MUNICIPIO":"FUNZA","CONNOTACI":"PRIVADO","PROPIETARI":"GLADYS CALDERON PALMA\nJUAN DE LA CRUZ AGUILLON","GRAVAMENES":"N/A","TIPO_DE_AF":"TOTAL","LAND_AREA":168,"BUILT_AREA":179.44999999999999,"TOTAL_AREA":168,"REST_AREA":0,"SECTION":10,"pk_ini":17170,"pk_end":17193,"VISIT_DATE":1677196800000,"OBS":" ","ID":94,"shapeArea":204.44203511500001,"plantArea":212.775339167,"Floors":1,"paso":0,"review":"V","SECTOR":"SUBURBANO","DIRECCION":"EL CARMEN VEREDA EL HATO","LyrName":" ","Color":3,"Shape_Leng":63.993868993500001,"Shape_Area":238.82924185600001,"NOTIFY":" ","DATE_NOT":null,"dateMax":1677801600000,"ActivityId":" ","TYPE":"PROJECT","Trees":0,"Shape_Le_1":64.302327498300002,"use":"Private","PK_DE_REFE":"17+170 - 17+193","Layer":"PROJECT_DELIVERED","pasos":0,"ACTA_No":0}},{"type":"Feature","id":25,"geometry":{"type":"Polygon","coordinates":[[[-74.191003394098672,4.6988571832900785],[-74.191004610120231,4.6989249048177113],[-74.191571005573394,4.6988843907641895],[-74.191575377838674,4.6988840762543242],[-74.191573053221845,4.6988113414336503],[-74.191325183726249,4.6988312884515873],[-74.191235252728603,4.6988385249225271],[-74.191003394098672,4.6988571832900785]]]},"properties":{"FMI":"50C-1343201","RefName":"PRG-041","DATE_DEL":1676419200000,"PARCEL_ID":"PRG-041","ACT":69,"EFR_ENTRG":"DELIVERED","FID":25,"CODIGO":"252860000000000071271000000000","USO":"Privado","VERE":"EL HATO","MUNICIPIO":"FUNZA","CONNOTACI":"PRIVADO","PROPIETARI":"COLEMPAQUES LTDA.","GRAVAMENES":"N/A","TIPO_DE_AF":"TOTAL","LAND_AREA":346.5,"BUILT_AREA":0,"TOTAL_AREA":0,"REST_AREA":0,"SECTION":10,"pk_ini":17010,"pk_end":17073,"VISIT_DATE":1675382400000,"OBS":" ","ID":85,"shapeArea":370.17971958599998,"plantArea":106.379074258,"Floors":0,"paso":0,"review":"V","SECTOR":"SUBURBANO","DIRECCION":"LOTE 4 - COLEMPAQUES LTDA VEREDA EL HATO","LyrName":" ","Color":3,"Shape_Leng":138.63778383100001,"Shape_Area":492.25388242000002,"NOTIFY":" ","DATE_NOT":null,"dateMax":1676419200000,"ActivityId":" ","TYPE":"PROJECT","Trees":0,"Shape_Le_1":139.185722309,"use":"Private","PK_DE_REFE":"17+010 - 17+073","Layer":"PROJECT_DELIVERED","pasos":0,"ACTA_No":0}},{"type":"Feature","id":26,"geometry":{"type":"Polygon","coordinates":[[[-74.182032808536263,4.6994147122705785],[-74.182034862363508,4.6994732721726988],[-74.182450162874815,4.6994691060245275],[-74.182490019349942,4.6994687057448328],[-74.182491917093756,4.6994416431673418],[-74.182459290127227,4.6994359491379241],[-74.182319909305292,4.6994109587869843],[-74.182256317707697,4.6994015056776037],[-74.182255924734093,4.6994015292486333],[-74.182032808536263,4.6994147122705785]]]},"properties":{"FMI":"50C-1482457","RefName":"PRG-037","DATE_DEL":1690156800000,"PARCEL_ID":"PRG-037","ACT":196,"EFR_ENTRG":"DELIVERED","FID":26,"CODIGO":"252860000000000071287000000000","USO":"Privado","VERE":"EL HATO","MUNICIPIO":"FUNZA","CONNOTACI":"PRIVADO","PROPIETARI":"MARGARITA RIVERA MONCADA y \nLUIS ARMANDO RIVERA MONCADA","GRAVAMENES":"N/A","TIPO_DE_AF":"PARCIAL","LAND_AREA":316.07999999999998,"BUILT_AREA":0,"TOTAL_AREA":0,"REST_AREA":0,"SECTION":9,"pk_ini":16013,"pk_end":16063,"VISIT_DATE":1689552000000,"OBS":" ","ID":80,"shapeArea":316.07526995400002,"plantArea":133.73408358099999,"Floors":0,"paso":0,"review":"v","SECTOR":"SUBURBANO","DIRECCION":"SAN LUIS LOTE 3 VEREDA EL HATO","LyrName":" ","Color":3,"Shape_Leng":111.337130488,"Shape_Area":316.07782883300001,"NOTIFY":"1-2023-3636","DATE_NOT":null,"dateMax":1690156800000,"ActivityId":" ","TYPE":"PROJECT","Trees":0,"Shape_Le_1":111.779384874,"use":"Private","PK_DE_REFE":"16+013 - 16+063","Layer":"PROJECT_DELIVERED","pasos":0,"ACTA_No":0}},{"type":"Feature","id":27,"geometry":{"type":"Polygon","coordinates":[[[-74.181407167138502,4.6996995151251095],[-74.181372245645434,4.6997563867736964],[-74.181379478682459,4.6997557852359284],[-74.18144997397809,4.6997499184340477],[-74.181981690115578,4.6997123318976879],[-74.18223187092471,4.6996961850272578],[-74.182435434839263,4.6996833629891075],[-74.182466673815441,4.6996893059127895],[-74.182488915996075,4.6997208158535875],[-74.182488560449713,4.6997480961365827],[-74.182543045737731,4.6997437282637273],[-74.182543210046504,4.6996853109107715],[-74.182543228878842,4.6996786524954635],[-74.182543329906963,4.6996430616693772],[-74.182539160902778,4.6996224540452456],[-74.182863394226757,4.699598929301402],[-74.183135630721182,4.6995791760146766],[-74.183139681226336,4.6995788824053797],[-74.183136017180871,4.6995119353054164],[-74.181452050576922,4.6996278909328408],[-74.181422763568875,4.6996746262703368],[-74.181407167138502,4.6996995151251095]]]},"properties":{"FMI":"50C-308946","RefName":"PRG-036","DATE_DEL":1681084800000,"PARCEL_ID":"PRG-036","ACT":129,"EFR_ENTRG":"DELIVERED","FID":27,"CODIGO":"252860000000000071282000000000","USO":"Privado","VERE":"EL HATO","MUNICIPIO":"FUNZA","CONNOTACI":"PRIVADO","PROPIETARI":"INMOBILIARIA LA RAMADA S.A.S","GRAVAMENES":"N/A","TIPO_DE_AF":"PARCIAL","LAND_AREA":2242.3899999999999,"BUILT_AREA":0,"TOTAL_AREA":255500,"REST_AREA":0,"SECTION":9,"pk_ini":15938,"pk_end":16133,"VISIT_DATE":1680220800000,"OBS":" ","ID":79,"shapeArea":2242.3813980700002,"plantArea":103.924785734,"Floors":1,"paso":0,"review":"v","SECTOR":"SUBURBANO","DIRECCION":"LOTE 5B - LA RAMADITA","LyrName":" ","Color":3,"Shape_Leng":426.92494571499998,"Shape_Area":2242.11184856,"NOTIFY":"1-2023-1493","DATE_NOT":null,"dateMax":1681084800000,"ActivityId":" ","TYPE":"PROJECT","Trees":0,"Shape_Le_1":428.627295479,"use":"Private","PK_DE_REFE":"15+938 - 16+133","Layer":"PROJECT_DELIVERED","pasos":0,"ACTA_No":0}},{"type":"Feature","id":28,"geometry":{"type":"Polygon","coordinates":[[[-74.179936840668148,4.6996431204173401],[-74.179489187628135,4.6996889512327122],[-74.179273109201517,4.6997110723244875],[-74.179213752480862,4.699717148889091],[-74.178858461834537,4.6997456573793297],[-74.178629536251222,4.6997640236486333],[-74.178271453481713,4.6998004313684252],[-74.176558056995972,4.6999746294991791],[-74.176376529229401,4.6999930850542713],[-74.176353054567301,4.699995471233386],[-74.176315668636903,4.7000410599462237],[-74.17908257718085,4.6997407342611961],[-74.17990899674902,4.6996478052020985],[-74.179940280306681,4.6996443949848397],[-74.18011412671467,4.6996254467887564],[-74.180112986487217,4.6996250870424046],[-74.179936840668148,4.6996431204173401]]]},"properties":{"FMI":"50C-1506225","RefName":"PRG-035","DATE_DEL":1679443200000,"PARCEL_ID":"PRG-035","ACT":117,"EFR_ENTRG":"DELIVERED","FID":28,"CODIGO":"252860000000000060385000000000","USO":"Privado","VERE":"LA FLORIDA","MUNICIPIO":"FUNZA","CONNOTACI":"PRIVADO","PROPIETARI":"INVERSIONES PASO DEL RIO LTDA","GRAVAMENES":"N/A","TIPO_DE_AF":"PARCIAL","LAND_AREA":1125.21,"BUILT_AREA":0,"TOTAL_AREA":0,"REST_AREA":0,"SECTION":9,"pk_ini":15364,"pk_end":15779,"VISIT_DATE":1678838400000,"OBS":" ","ID":78,"shapeArea":1125.26773974,"plantArea":32.201677582499997,"Floors":0,"paso":0,"review":"v","SECTOR":"SUBURBANO","DIRECCION":"LA RONDA","LyrName":" ","Color":3,"Shape_Leng":849.82252437099999,"Shape_Area":1125.2146325900001,"NOTIFY":"1-2023-1167","DATE_NOT":null,"dateMax":1679443200000,"ActivityId":" ","TYPE":"PROJECT","Trees":0,"Shape_Le_1":852.69905032999998,"use":"Private","PK_DE_REFE":"15+364 - 15+779","Layer":"PROJECT_DELIVERED","pasos":0,"ACTA_No":0}},{"type":"Feature","id":29,"geometry":{"type":"Polygon","coordinates":[[[-74.174450650208513,4.7002160132166253],[-74.174441950046003,4.7002575167021083],[-74.174847969002002,4.7002120937305465],[-74.175920701127794,4.7000999988879837],[-74.176202830569707,4.7000578960479631],[-74.176315668636903,4.7000410599462237],[-74.176353054567301,4.699995471233386],[-74.176295366114132,4.7000013366102538],[-74.176296275916286,4.7000103343376569],[-74.176225312942506,4.7000175490079164],[-74.17550662583254,4.7000906144603096],[-74.174458123198789,4.7001972107257339],[-74.174454700916286,4.7001975584557805],[-74.174454652245359,4.7001975629841022],[-74.174451995900128,4.7002095888309698],[-74.174450650208513,4.7002160132166253]]]},"properties":{"FMI":"50C-1506226","RefName":"PRG-034","DATE_DEL":1679443200000,"PARCEL_ID":"PRG-034","ACT":116,"EFR_ENTRG":"DELIVERED","FID":29,"CODIGO":"252860000000000060384000000000","USO":"Privado","VERE":"LA FLORIDA","MUNICIPIO":"FUNZA","CONNOTACI":"PRIVADO","PROPIETARI":"AGROBETANIA SA","GRAVAMENES":"AGROBETANIA","TIPO_DE_AF":"PARCIAL","LAND_AREA":1190.6300000000001,"BUILT_AREA":0,"TOTAL_AREA":0,"REST_AREA":0,"SECTION":9,"pk_ini":15165,"pk_end":15365,"VISIT_DATE":1678838400000,"OBS":" ","ID":77,"shapeArea":1190.6236526099999,"plantArea":38.6542400684,"Floors":0,"paso":0,"review":"v","SECTOR":"SUBURBANO","DIRECCION":"LOTES ALCAPARROS","LyrName":" ","Color":3,"Shape_Leng":435.39958012900001,"Shape_Area":1190.63763905,"NOTIFY":"1-2023-1166","DATE_NOT":null,"dateMax":1679443200000,"ActivityId":" ","TYPE":"PROJECT","Trees":0,"Shape_Le_1":436.96802954399999,"use":"Private","PK_DE_REFE":"15+165 - 15+365","Layer":"PROJECT_DELIVERED","pasos":0,"ACTA_No":0}},{"type":"Feature","id":30,"geometry":{"type":"Polygon","coordinates":[[[-74.148916589513149,4.6849552237816576],[-74.14879259179645,4.68504762869948],[-74.14884056494536,4.6851032939234054],[-74.148964522003084,4.6850098698459854],[-74.148916589513149,4.6849552237816576]]]},"properties":{"FMI":"50C-1498338","RefName":"PRG-026","DATE_DEL":1675641600000,"PARCEL_ID":"PRG-026","ACT":63,"EFR_ENTRG":"DELIVERED","FID":30,"CODIGO":"AAA0160CATD","USO":"Privado","VERE":"BOGOTA","MUNICIPIO":"BOGOTA D.C.","CONNOTACI":"PRIVADO","PROPIETARI":"EDGAR MILTON AGUILLON BUITRAGO","GRAVAMENES":"N/A","TIPO_DE_AF":"TOTAL","LAND_AREA":182.03999999999999,"BUILT_AREA":201.03999999999999,"TOTAL_AREA":182.03999999999999,"REST_AREA":0,"SECTION":7,"pk_ini":11780.709999999999,"pk_end":11793,"VISIT_DATE":1675123200000,"OBS":" ","ID":68,"shapeArea":138.56100224599999,"plantArea":134.71006173500001,"Floors":2,"paso":0,"review":"V","SECTOR":"URBANO","DIRECCION":"CL 22D BIS 112B 31","LyrName":" ","Color":3,"Shape_Leng":49.636991518800002,"Shape_Area":138.56141758499999,"NOTIFY":"1-2023-359","DATE_NOT":null,"dateMax":1675641600000,"ActivityId":" ","TYPE":"PROJECT","Trees":0,"Shape_Le_1":50.838418569600002,"use":"Private","PK_DE_REFE":"11+781 - 11+793","Layer":"PROJECT_DELIVERED","pasos":0,"ACTA_No":0}},{"type":"Feature","id":31,"geometry":{"type":"Polygon","coordinates":[[[-74.148693578918795,4.6849327391962614],[-74.148732003396802,4.6849773249118281],[-74.148838507771757,4.684868190279202],[-74.148829891221425,4.6848586362377498],[-74.148814805407071,4.6848432319819162],[-74.148803453210235,4.6848318596553247],[-74.148693578918795,4.6849327391962614]]]},"properties":{"FMI":"50C-1874922","RefName":"PRG-023","DATE_DEL":1679270400000,"PARCEL_ID":"PRG-023","ACT":111,"EFR_ENTRG":"DELIVERED","FID":31,"CODIGO":"AAA0239ERFZ","USO":"Privado","VERE":"BOGOTA","MUNICIPIO":"BOGOTA D.C.","CONNOTACI":"PRIVADO","PROPIETARI":"MARIA ELVIRA ALFONSO  DE TRIANA","GRAVAMENES":"N/A","TIPO_DE_AF":"TOTAL","LAND_AREA":72,"BUILT_AREA":232.28999999999999,"TOTAL_AREA":72,"REST_AREA":0,"SECTION":7,"pk_ini":11766,"pk_end":11772,"VISIT_DATE":1678665600000,"OBS":" ","ID":65,"shapeArea":101.044703838,"plantArea":89.658083649800005,"Floors":2,"paso":0,"review":"V","SECTOR":"URBANO","DIRECCION":"CL 22D BIS 112B 13","LyrName":" ","Color":3,"Shape_Leng":43.002832503599997,"Shape_Area":101.190828294,"NOTIFY":"1-2023-1114","DATE_NOT":1678233600000,"dateMax":1679270400000,"ActivityId":" ","TYPE":"PROJECT","Trees":0,"Shape_Le_1":45.830000277000003,"use":"Private","PK_DE_REFE":"11+766 - 11+772","Layer":"PROJECT_DELIVERED","pasos":0,"ACTA_No":0}},{"type":"Feature","id":32,"geometry":{"type":"Polygon","coordinates":[[[-74.192367081535281,4.698740137976583],[-74.192372687366827,4.6988313390999101],[-74.19244345313507,4.6988272191706937],[-74.192438703070138,4.6987330834317342],[-74.192367081535281,4.698740137976583]]]},"properties":{"FMI":"50C-183382","RefName":"PRG-049","DATE_DEL":1672358400000,"PARCEL_ID":"PRG-049","ACT":52,"EFR_ENTRG":"DELIVERED","FID":32,"CODIGO":"252860000000000071279000000000","USO":"Privado","VERE":"EL HATO","MUNICIPIO":"FUNZA","CONNOTACI":"PRIVADO","PROPIETARI":"MARIA LEONOR CASTRO DE HINCAPIE","GRAVAMENES":"FIDEICOMISO CIVIL","TIPO_DE_AF":"TOTAL","LAND_AREA":54,"BUILT_AREA":110.59,"TOTAL_AREA":0,"REST_AREA":0,"SECTION":10,"pk_ini":17185.419999999998,"pk_end":17193.41,"VISIT_DATE":1671753600000,"OBS":" ","ID":93,"shapeArea":69.457835175300005,"plantArea":74.655539643599994,"Floors":2,"paso":0,"review":"V","SECTOR":"SUBURBANO","DIRECCION":"SAN JOSE VEREDA EL HATO","LyrName":" ","Color":3,"Shape_Leng":33.379901634200003,"Shape_Area":81.297532530300003,"NOTIFY":" ","DATE_NOT":null,"dateMax":1672358400000,"ActivityId":" ","TYPE":"PROJECT","Trees":0,"Shape_Le_1":33.609448481900003,"use":"Private","PK_DE_REFE":"17+185 - 17+193","Layer":"PROJECT_DELIVERED","pasos":0,"ACTA_No":0}},{"type":"Feature","id":33,"geometry":{"type":"Polygon","coordinates":[[[-74.192250570354545,4.6987516138252516],[-74.192254364694321,4.6988384139871417],[-74.192318704078602,4.6988345664203477],[-74.192372687366827,4.6988313390999101],[-74.192367081535281,4.698740137976583],[-74.192250570354545,4.6987516138252516]]]},"properties":{"FMI":"50C-196741","RefName":"PRG-048","DATE_DEL":1678406400000,"PARCEL_ID":"PRG-048","ACT":96,"EFR_ENTRG":"DELIVERED","FID":33,"CODIGO":"252860000000000071278000000000","USO":"Privado","VERE":"EL HATO","MUNICIPIO":"FUNZA","CONNOTACI":"PRIVADO","PROPIETARI":"CLARA INES MOSUCA TAUTA","GRAVAMENES":"N/A","TIPO_DE_AF":"TOTAL","LAND_AREA":92,"BUILT_AREA":186.28,"TOTAL_AREA":0,"REST_AREA":0,"SECTION":10,"pk_ini":17149,"pk_end":17162,"VISIT_DATE":1677801600000,"OBS":" ","ID":92,"shapeArea":113.51554366400001,"plantArea":156.54162148,"Floors":2,"paso":0,"review":"V","SECTOR":"SUBURBANO","DIRECCION":"SANTA HELENA VEREDA EL HATO","LyrName":" ","Color":3,"Shape_Leng":43.508371156499997,"Shape_Area":128.74624686999999,"NOTIFY":"1-2023-995","DATE_NOT":null,"dateMax":1678406400000,"ActivityId":" ","TYPE":"PROJECT","Trees":0,"Shape_Le_1":43.7710760083,"use":"Private","PK_DE_REFE":"17+149 - 17+162","Layer":"PROJECT_DELIVERED","pasos":0,"ACTA_No":0}},{"type":"Feature","id":34,"geometry":{"type":"Polygon","coordinates":[[[-74.192195632928062,4.698757025193868],[-74.192200479648051,4.6988416358564553],[-74.192254364694321,4.6988384139871417],[-74.192250570354545,4.6987516138252516],[-74.192195632928062,4.698757025193868]]]},"properties":{"FMI":"50C-362636","RefName":"PRG-047","DATE_DEL":1672358400000,"PARCEL_ID":"PRG-047","ACT":51,"EFR_ENTRG":"DELIVERED","FID":34,"CODIGO":"252860000000000071277000000000","USO":"Privado","VERE":"EL HATO","MUNICIPIO":"FUNZA","CONNOTACI":"PRIVADO","PROPIETARI":"MARIA LEONOR CASTRO DE HINCAPIE","GRAVAMENES":"FIDEICOMISO CIVIL","TIPO_DE_AF":"TOTAL","LAND_AREA":37,"BUILT_AREA":89.359999999999999,"TOTAL_AREA":0,"REST_AREA":0,"SECTION":10,"pk_ini":17155.900000000001,"pk_end":17161.900000000001,"VISIT_DATE":1671753600000,"OBS":" ","ID":91,"shapeArea":51.916928132199999,"plantArea":73.365535114400004,"Floors":2,"paso":0,"review":"V","SECTOR":"SUBURBANO","DIRECCION":"SAN FRANCISCO VEREDA EL HATO","LyrName":" ","Color":3,"Shape_Leng":29.2727785963,"Shape_Area":57.442621626499999,"NOTIFY":" ","DATE_NOT":null,"dateMax":1672358400000,"ActivityId":" ","TYPE":"PROJECT","Trees":0,"Shape_Le_1":29.486255365000002,"use":"Private","PK_DE_REFE":"17+156 - 17+162","Layer":"PROJECT_DELIVERED","pasos":0,"ACTA_No":0}},{"type":"Feature","id":35,"geometry":{"type":"Polygon","coordinates":[[[-74.192148711734134,4.6987616466845061],[-74.192153566273348,4.6988445002782484],[-74.192200479648051,4.6988416358564553],[-74.192195632928062,4.698757025193868],[-74.192148711734134,4.6987616466845061]]]},"properties":{"FMI":"50C-1291196","RefName":"PRG-046","DATE_DEL":1677801600000,"PARCEL_ID":"PRG-046","ACT":90,"EFR_ENTRG":"DELIVERED","FID":35,"CODIGO":"252860000000000071276000000000","USO":"Privado","VERE":"EL HATO","MUNICIPIO":"FUNZA","CONNOTACI":"PRIVADO","PROPIETARI":"MARTA MARIA MARULANDA DE ARISTIZABAL y MARIA EUNICE PINEDA QUICENO","GRAVAMENES":"N/A","TIPO_DE_AF":"TOTAL","LAND_AREA":32,"BUILT_AREA":107.89,"TOTAL_AREA":32,"REST_AREA":0,"SECTION":10,"pk_ini":17137,"pk_end":17143,"VISIT_DATE":1677196800000,"OBS":" ","ID":90,"shapeArea":44.126145935399997,"plantArea":63.083478165300001,"Floors":2,"paso":0,"review":"V","SECTOR":"SUBURBANO","DIRECCION":"LOTE 2 VEREDA EL HATO","LyrName":" ","Color":3,"Shape_Leng":27.3536137004,"Shape_Area":48.420746733000001,"NOTIFY":"1-2023-849","DATE_NOT":null,"dateMax":1677801600000,"ActivityId":" ","TYPE":"PROJECT","Trees":0,"Shape_Le_1":27.558753256799999,"use":"Private","PK_DE_REFE":"17+137 - 17+143","Layer":"PROJECT_DELIVERED","pasos":0,"ACTA_No":0}},{"type":"Feature","id":36,"geometry":{"type":"Polygon","coordinates":[[[-74.192104745027265,4.6987659774038537],[-74.192110514125574,4.698847127133793],[-74.192153566273348,4.6988445002782484],[-74.192148711734134,4.6987616466845061],[-74.192104745027265,4.6987659774038537]]]},"properties":{"FMI":"50C-1291197","RefName":"PRG-045","DATE_DEL":1679443200000,"PARCEL_ID":"PRG-045","ACT":118,"EFR_ENTRG":"DELIVERED","FID":36,"CODIGO":"252860000000000071275000000000","USO":"Privado","VERE":"EL HATO","MUNICIPIO":"FUNZA","CONNOTACI":"PRIVADO","PROPIETARI":"LUZ MERY PARRA GUTIERREZ","GRAVAMENES":"N/A","TIPO_DE_AF":"TOTAL","LAND_AREA":32,"BUILT_AREA":47,"TOTAL_AREA":0,"REST_AREA":0,"SECTION":10,"pk_ini":17132,"pk_end":17137,"VISIT_DATE":1678838400000,"OBS":" ","ID":89,"shapeArea":39.944870647499997,"plantArea":61.0458860978,"Floors":1,"paso":0,"review":"V","SECTOR":"SUBURBANO","DIRECCION":"VILLA LUZ VEREDA EL HATO","LyrName":" ","Color":3,"Shape_Leng":26.194343673500001,"Shape_Area":44.000085409999997,"NOTIFY":"1-2023-1280","DATE_NOT":null,"dateMax":1679443200000,"ActivityId":" ","TYPE":"PROJECT","Trees":0,"Shape_Le_1":26.393068180499998,"use":"Private","PK_DE_REFE":"17+132 - 17+137","Layer":"PROJECT_DELIVERED","pasos":0,"ACTA_No":0}},{"type":"Feature","id":37,"geometry":{"type":"Polygon","coordinates":[[[-74.19201847272241,4.6987744748818896],[-74.192024356651686,4.6988523862714695],[-74.192110514125574,4.698847127133793],[-74.192104745027265,4.6987659774038537],[-74.19201847272241,4.6987744748818896]]]},"properties":{"FMI":"50C-752859","RefName":"PRG-044","DATE_DEL":1677542400000,"PARCEL_ID":"PRG-044","ACT":87,"EFR_ENTRG":"DELIVERED","FID":37,"CODIGO":"252860000000000071274000000000","USO":"Privado","VERE":"EL HATO","MUNICIPIO":"FUNZA","CONNOTACI":"PRIVADO","PROPIETARI":"JOSE GUILLERMO AGUILERA","GRAVAMENES":"N/A","TIPO_DE_AF":"TOTAL","LAND_AREA":62,"BUILT_AREA":182.59,"TOTAL_AREA":62,"REST_AREA":0,"SECTION":10,"pk_ini":17123,"pk_end":17132,"VISIT_DATE":1676937600000,"OBS":" ","ID":88,"shapeArea":75.279505920800005,"plantArea":105.98518763600001,"Floors":2,"paso":0,"review":"V","SECTOR":"SUBURBANO","DIRECCION":"VILLA MARY","LyrName":" ","Color":3,"Shape_Leng":34.892710238399999,"Shape_Area":84.615768378300004,"NOTIFY":"1-2023-740","DATE_NOT":null,"dateMax":1677542400000,"ActivityId":" ","TYPE":"PROJECT","Trees":0,"Shape_Le_1":35.115538117500002,"use":"Private","PK_DE_REFE":"17+123 - 17+132","Layer":"PROJECT_DELIVERED","pasos":0,"ACTA_No":0}},{"type":"Feature","id":38,"geometry":{"type":"Polygon","coordinates":[[[-74.191927645918071,4.698798855436257],[-74.191932681333967,4.6988579827063388],[-74.191995165805878,4.6988541680288414],[-74.192020547700224,4.6988526193039872],[-74.192024356651686,4.6988523862714695],[-74.19201847272241,4.6987744748818896],[-74.191926171460963,4.6987829254106082],[-74.191927645918071,4.698798855436257]]]},"properties":{"FMI":"50C-1235091","RefName":"PRG-043","DATE_DEL":1677542400000,"PARCEL_ID":"PRG-043","ACT":86,"EFR_ENTRG":"DELIVERED","FID":38,"CODIGO":"252860000000000071273000000000","USO":"Privado","VERE":"EL HATO","MUNICIPIO":"FUNZA","CONNOTACI":"PRIVADO","PROPIETARI":"JORGE OBDULIO CRUZ CLAVIJO Y SANDRA PATRICIA NIETO GODOY","GRAVAMENES":"N/A","TIPO_DE_AF":"TOTAL","LAND_AREA":65,"BUILT_AREA":138.49000000000001,"TOTAL_AREA":65,"REST_AREA":0,"SECTION":10,"pk_ini":17112,"pk_end":17123,"VISIT_DATE":1676937600000,"OBS":" ","ID":87,"shapeArea":76.734881312499994,"plantArea":85.803492657000007,"Floors":2,"paso":0,"review":"V","SECTOR":"SUBURBANO","DIRECCION":"CARRETERA CENTRAL DE OCCIDENTE KM 2280m VIA BOGOTA -  FUNZA","LyrName":" ","Color":3,"Shape_Leng":35.394856539599999,"Shape_Area":86.810746347600002,"NOTIFY":"1-2023-740","DATE_NOT":null,"dateMax":1677542400000,"ActivityId":" ","TYPE":"PROJECT","Trees":0,"Shape_Le_1":35.613142856099998,"use":"Private","PK_DE_REFE":"17+112 - 17+123","Layer":"PROJECT_DELIVERED","pasos":0,"ACTA_No":0}},{"type":"Feature","id":39,"geometry":{"type":"Polygon","coordinates":[[[-74.191573053221845,4.6988113414336503],[-74.191575377838674,4.6988840762543242],[-74.191932681333967,4.6988579827063388],[-74.191926171460963,4.6987829254106082],[-74.191573053221845,4.6988113414336503]]]},"properties":{"FMI":"50C-1343928","RefName":"PRG-042","DATE_DEL":1676419200000,"PARCEL_ID":"PRG-042","ACT":70,"EFR_ENTRG":"DELIVERED","FID":39,"CODIGO":"252860000000000071272000000000","USO":"Privado","VERE":"EL HATO","MUNICIPIO":"FUNZA","CONNOTACI":"PRIVADO","PROPIETARI":"COLEMPAQUES LTDA.","GRAVAMENES":"N/A","TIPO_DE_AF":"TOTAL","LAND_AREA":240.80000000000001,"BUILT_AREA":36.369999999999997,"TOTAL_AREA":0,"REST_AREA":0,"SECTION":10,"pk_ini":17073,"pk_end":17113,"VISIT_DATE":1675382400000,"OBS":" ","ID":86,"shapeArea":254.236198014,"plantArea":37,"Floors":1,"paso":0,"review":"V","SECTOR":"SUBURBANO","DIRECCION":"LOTE 2 - COLEMPAQUES LTDA VEREDA EL HATO","LyrName":" ","Color":3,"Shape_Leng":92.000754350999998,"Shape_Area":323.51829489699998,"NOTIFY":" ","DATE_NOT":null,"dateMax":1676419200000,"ActivityId":" ","TYPE":"PROJECT","Trees":0,"Shape_Le_1":92.396729268200005,"use":"Private","PK_DE_REFE":"17+073 - 17+113","Layer":"PROJECT_DELIVERED","pasos":0,"ACTA_No":0}},{"type":"Feature","id":40,"geometry":{"type":"Polygon","coordinates":[[[-74.340922659750291,4.7928450178891717],[-74.34088836101121,4.7928827782539365],[-74.340871200377151,4.7929016711002133],[-74.340923536274644,4.7929518068401586],[-74.340937605662333,4.792934697552492],[-74.340940561900268,4.7929311018342489],[-74.34094154400799,4.7929299041670745],[-74.340969870190449,4.7928954522100691],[-74.340974655492829,4.7928896312171174],[-74.341006275789411,4.7928511692423035],[-74.340955642041706,4.7928087076176418],[-74.340922659750291,4.7928450178891717]]]},"properties":{"FMI":"156-62736","RefName":"PRG-154","DATE_DEL":1674777600000,"PARCEL_ID":"PRG-154","ACT":55,"EFR_ENTRG":"DELIVERED","FID":40,"CODIGO":"252690001000000080517000000000","USO":"Privado","VERE":"SAN ANTONIO ALTO","MUNICIPIO":"FACATATIVA","CONNOTACI":"PRIVADO","PROPIETARI":"CONCEPCION ALARCON MAYORGA y LUIS FERNANDO BARON MORENO","GRAVAMENES":"N/A","TIPO_DE_AF":"PARCIAL","LAND_AREA":15.789999999999999,"BUILT_AREA":218.24000000000001,"TOTAL_AREA":109,"REST_AREA":0,"SECTION":17,"pk_ini":37297,"pk_end":37305,"VISIT_DATE":1674172800000,"OBS":" ","ID":193,"shapeArea":108.61456514299999,"plantArea":108.614743527,"Floors":3,"paso":0,"review":"V","SECTOR":"SUBURBANO","DIRECCION":"LOTE","LyrName":" ","Color":3,"Shape_Leng":43.682489782700003,"Shape_Area":108.616265435,"NOTIFY":"1-2023-190","DATE_NOT":null,"dateMax":1674777600000,"ActivityId":" ","TYPE":"PROJECT","Trees":0,"Shape_Le_1":43.989079439599998,"use":"Private","PK_DE_REFE":"37+297 - 37+305","Layer":"PROJECT_DELIVERED","pasos":0,"ACTA_No":0}},{"type":"Feature","id":41,"geometry":{"type":"Polygon","coordinates":[[[-74.340379417622628,4.7925166671086261],[-74.340403326050435,4.7925581506615442],[-74.340410590071286,4.7925705855639285],[-74.340426800394681,4.7925983376190233],[-74.340450969092245,4.7926391636461432],[-74.340477420082308,4.792679601755248],[-74.340486766632566,4.7926925802420577],[-74.340512119190549,4.792653937127862],[-74.340516081399826,4.7926478967105552],[-74.340503266228538,4.7926281246737208],[-74.340330421812652,4.7923608539321574],[-74.340309448577486,4.7923739200386102],[-74.340316253819836,4.792386502518962],[-74.340317356365318,4.792389094713589],[-74.340327605753188,4.7924104791976294],[-74.340337858750942,4.7924318727230162],[-74.340358218358503,4.7924737247867819],[-74.340379417622628,4.7925166671086261]]]},"properties":{"FMI":"156-59267","RefName":"PRG-145","DATE_DEL":1677196800000,"PARCEL_ID":"PRG-145","ACT":84,"EFR_ENTRG":"DELIVERED","FID":41,"CODIGO":"252690102000000140021000000000","USO":"Privado","VERE":"FACATATIVA","MUNICIPIO":"FACATATIVA","CONNOTACI":"PRIVADO","PROPIETARI":"ISABEL ZAMUDIO DE BELLO","GRAVAMENES":"N/A","TIPO_DE_AF":"PARCIAL","LAND_AREA":180.03,"BUILT_AREA":0,"TOTAL_AREA":386.25,"REST_AREA":0,"SECTION":17,"pk_ini":37213,"pk_end":37249,"VISIT_DATE":1676592000000,"OBS":" ","ID":184,"shapeArea":180.02405502400001,"plantArea":0,"Floors":0,"paso":0,"review":"V","SECTOR":"SUBURBANO","DIRECCION":"LOTE N. 1","LyrName":" ","Color":3,"Shape_Leng":86.9048125833,"Shape_Area":180.02407588400001,"NOTIFY":"1-2023-666","DATE_NOT":null,"dateMax":1677196800000,"ActivityId":" ","TYPE":"PROJECT","Trees":0,"Shape_Le_1":87.625471735999994,"use":"Private","PK_DE_REFE":"37+213 - 37+249","Layer":"PROJECT_DELIVERED","pasos":0,"ACTA_No":0}},{"type":"Feature","id":42,"geometry":{"type":"MultiPolygon","coordinates":[[[[-74.205669183865112,4.6980231235381797],[-74.205579527793773,4.698033791836469],[-74.205514114257298,4.6980378876961932],[-74.205515177833433,4.698047865616835],[-74.205693281751678,4.6980338966308581],[-74.205692406205159,4.6980220350059598],[-74.205669183865112,4.6980231235381797]]],[[[-74.205672058564787,4.6981535719077705],[-74.205572385204917,4.698159372357388],[-74.205524475078164,4.6981621609934692],[-74.20528430433508,4.6981761413148035],[-74.205146693852441,4.6981841524498611],[-74.205061159302687,4.6981888117164106],[-74.204623726219964,4.6982126423082704],[-74.204625131143672,4.6982163135358697],[-74.204646123845066,4.6982711784953421],[-74.204646367317181,4.6982718150825988],[-74.205058727112146,4.6982459833116836],[-74.205086472231201,4.6982148104134325],[-74.205107712939267,4.698190947308281],[-74.205198927355653,4.698184857287508],[-74.205224791312574,4.6981828757365465],[-74.205294244534713,4.6981784915937492],[-74.205314744852757,4.6981771964867027],[-74.20540470200369,4.6981715570141054],[-74.205410511864912,4.6981712493884826],[-74.205494702575606,4.6981667910818743],[-74.205584619011873,4.6981603196318131],[-74.205591105769429,4.6981600353923136],[-74.205674676511364,4.6981563621158013],[-74.205698368980791,4.6981532767885161],[-74.205698368754682,4.6981520387932099],[-74.205672058564787,4.6981535719077705]]]]},"properties":{"FMI":"50C-1598185","RefName":"PRG-063","DATE_DEL":1680048000000,"PARCEL_ID":"PRG-063","ACT":122,"EFR_ENTRG":"DELIVERED","FID":42,"CODIGO":"254730100000000360027000000000","USO":"Privado","VERE":"MOSQUERA","MUNICIPIO":"MOSQUERA","CONNOTACI":"PRIVADO","PROPIETARI":"COMPANIA DE LUBRICANTES S.A.","GRAVAMENES":"Servidumbre de Transito","TIPO_DE_AF":"PARCIAL","LAND_AREA":367.64999999999998,"BUILT_AREA":0,"TOTAL_AREA":14930.799999999999,"REST_AREA":0,"SECTION":11,"pk_ini":18523,"pk_end":18642,"VISIT_DATE":1679443200000,"OBS":" ","ID":108,"shapeArea":369.820426371,"plantArea":0,"Floors":0,"paso":0,"review":"V","SECTOR":"SUBURBANO","DIRECCION":"Lote MARILUNA","LyrName":" ","Color":3,"Shape_Leng":288.89288535399999,"Shape_Area":367.75346504300001,"NOTIFY":"1-2023-1310","DATE_NOT":null,"dateMax":1680048000000,"ActivityId":" ","TYPE":"PROJECT","Trees":0,"Shape_Le_1":289.41096130800003,"use":"Private","PK_DE_REFE":"18+523 - 18+642","Layer":"PROJECT_DELIVERED","pasos":0,"ACTA_No":0}},{"type":"Feature","id":43,"geometry":{"type":"Polygon","coordinates":[[[-74.204589699096786,4.698090759771965],[-74.204590520882377,4.6981044815666611],[-74.204582050388325,4.6981051622446026],[-74.204584973838479,4.6981127099568436],[-74.205051466580699,4.698085140194757],[-74.205049806019275,4.6980684569510318],[-74.204949929990619,4.6980749400998487],[-74.204859974653544,4.6980806021208608],[-74.204770062711091,4.6980869975148396],[-74.204691301403258,4.6980856047857271],[-74.204679671617953,4.6980853989165912],[-74.204589699096786,4.698090759771965]]]},"properties":{"FMI":"50C-1707836","RefName":"PRG-061","DATE_DEL":1665705600000,"PARCEL_ID":"PRG-061","ACT":14,"EFR_ENTRG":"DELIVERED","FID":43,"CODIGO":"254730100000000360026000000000","USO":"Privado","VERE":"MOSQUERA","MUNICIPIO":"MOSQUERA","CONNOTACI":"PRIVADO","PROPIETARI":"OLEGARIO CASTRO CAMARGO","GRAVAMENES":"N/A","TIPO_DE_AF":"PARCIAL","LAND_AREA":99.670000000000002,"BUILT_AREA":0,"TOTAL_AREA":0,"REST_AREA":0,"SECTION":11,"pk_ini":18519.09,"pk_end":18571.099999999999,"VISIT_DATE":1665014400000,"OBS":" ","ID":106,"shapeArea":99.675063362299994,"plantArea":0,"Floors":0,"paso":0,"review":"V","SECTOR":"SUBURBANO","DIRECCION":"Lote 1 B","LyrName":" ","Color":3,"Shape_Leng":108.22474342700001,"Shape_Area":99.664226241099996,"NOTIFY":" ","DATE_NOT":null,"dateMax":1665705600000,"ActivityId":" ","TYPE":"PROJECT","Trees":0,"Shape_Le_1":108.585808704,"use":"Private","PK_DE_REFE":"18+519 - 18+571","Layer":"PROJECT_DELIVERED","pasos":0,"ACTA_No":0}},{"type":"Feature","id":44,"geometry":{"type":"Polygon","coordinates":[[[-74.205049806019275,4.6980684569510318],[-74.205051466580699,4.698085140194757],[-74.205423377454721,4.6980631598156526],[-74.205508324285475,4.698048404033015],[-74.205515177833433,4.698047865616835],[-74.205514114257298,4.6980378876961932],[-74.205309662718321,4.6980507898635127],[-74.205219710102824,4.6980565089015895],[-74.205129806303717,4.6980630354647106],[-74.205049806019275,4.6980684569510318]]]},"properties":{"FMI":"50C-1707834","RefName":"PRG-062","DATE_DEL":1665705600000,"PARCEL_ID":"PRG-062","ACT":15,"EFR_ENTRG":"DELIVERED","FID":44,"CODIGO":"254730100000000360025000000000","USO":"Privado","VERE":"MOSQUERA","MUNICIPIO":"MOSQUERA","CONNOTACI":"PRIVADO","PROPIETARI":"RICARDO ZAMBRANO CHAPARRO y SOCIEDAD TRACTOCHEVROLET LTDA","GRAVAMENES":"Embargo Ejecutivo","TIPO_DE_AF":"PARCIAL","LAND_AREA":100.95999999999999,"BUILT_AREA":0,"TOTAL_AREA":0,"REST_AREA":0,"SECTION":11,"pk_ini":18571.099999999999,"pk_end":18622.700000000001,"VISIT_DATE":1665014400000,"OBS":" ","ID":107,"shapeArea":100.64206642400001,"plantArea":0,"Floors":0,"paso":0,"review":"V","SECTOR":"SUBURBANO","DIRECCION":"Lote 1 A","LyrName":" ","Color":3,"Shape_Leng":106.251146713,"Shape_Area":100.64186382699999,"NOTIFY":" ","DATE_NOT":null,"dateMax":1665705600000,"ActivityId":" ","TYPE":"PROJECT","Trees":0,"Shape_Le_1":106.630653061,"use":"Private","PK_DE_REFE":"18+571 - 18+623","Layer":"PROJECT_DELIVERED","pasos":0,"ACTA_No":0}},{"type":"Feature","id":45,"geometry":{"type":"MultiPolygon","coordinates":[[[[-74.211420791781336,4.6976590595474423],[-74.21142122369956,4.6976647574973258],[-74.211510101870203,4.697659310064541],[-74.211509749224291,4.6976533860229877],[-74.211420791781336,4.6976590595474423]]],[[[-74.211895080939144,4.697771614093103],[-74.211432771974785,4.6977999472344854],[-74.211432829791804,4.6978006417304732],[-74.211434636664592,4.6978228185864621],[-74.211434886012825,4.6978258778061237],[-74.211436889844549,4.6978505224756288],[-74.211445548408179,4.6979569332249485],[-74.211445570090433,4.6979571981824799],[-74.211450467789334,4.6979567866866727],[-74.211450443399485,4.6979565027392329],[-74.211446552915945,4.6979119881142273],[-74.211450427553103,4.697897080788044],[-74.211450868875815,4.6978953806077985],[-74.211463956806028,4.6978898799123368],[-74.211825214305478,4.6978617968202041],[-74.211943191006981,4.6978530710418811],[-74.212113916748734,4.6978404429291132],[-74.212108038887791,4.6977587219228925],[-74.211895080939144,4.697771614093103]]]]},"properties":{"FMI":"50C-1619124","RefName":"PRG-066","DATE_DEL":1676592000000,"PARCEL_ID":"PRG-066","ACT":74,"EFR_ENTRG":"DELIVERED","FID":45,"CODIGO":"254730100000000360021000000000","USO":"Privado","VERE":"MOSQUERA","MUNICIPIO":"MOSQUERA","CONNOTACI":"PRIVADO","PROPIETARI":"RUBEN ALFONSO SABOGAL ZAMORA Y CIA Y OTROS SEGUN FOLIO SON LOS SIGUIENTES NUDOS PROPIETARIOS: GERMAN SABOGAL;JAVIER SABOGAL;ALBERTO SABOGAL;AUGUSTO SABOGAL; Y USUFRUCTUARIOS: INVERSIONES QUITO S EN C DEL 75% Y PROPIETARIO DEL 25% RUBEN ALFONSO SABOGAL ZA","GRAVAMENES":"N/A","TIPO_DE_AF":"PARCIAL","LAND_AREA":730.92999999999995,"BUILT_AREA":22.809999999999999,"TOTAL_AREA":10418.5,"REST_AREA":9687.5699999999997,"SECTION":11,"pk_ini":19279,"pk_end":19355,"VISIT_DATE":1675987200000,"OBS":" ","ID":111,"shapeArea":730.93613286000004,"plantArea":19.787465966100001,"Floors":1,"paso":0,"review":"V","SECTOR":"SUBURBANO","DIRECCION":"Av TRONCAL DE OCCIDENTE 21A 89 Est","LyrName":" ","Color":3,"Shape_Leng":203.932076327,"Shape_Area":730.93725171400001,"NOTIFY":" ","DATE_NOT":null,"dateMax":1676592000000,"ActivityId":" ","TYPE":"PROJECT","Trees":0,"Shape_Le_1":204.85162783499999,"use":"Private","PK_DE_REFE":"19+279 - 19+355","Layer":"PROJECT_DELIVERED","pasos":0,"ACTA_No":0}},{"type":"Feature","id":46,"geometry":{"type":"Polygon","coordinates":[[[-74.118966901544908,4.6539182148027214],[-74.119197154093811,4.6541568430399742],[-74.119322468524075,4.6542867242841126],[-74.119347701945898,4.6543128781263921],[-74.119988437335095,4.6549769067083009],[-74.119481635336641,4.6544137675723016],[-74.119486792685151,4.6544035612283192],[-74.119311760987898,4.6542174647640868],[-74.118940517952737,4.6538735335217503],[-74.118782829227456,4.6537274470718897],[-74.118966901544908,4.6539182148027214]]]},"properties":{"FMI":"50C-1279867","RefName":"PRG-012","DATE_DEL":1679356800000,"PARCEL_ID":"PRG-012","ACT":112,"EFR_ENTRG":"DELIVERED","FID":46,"CODIGO":"AAA0075WNNX","USO":"Privado","VERE":"BOGOTA","MUNICIPIO":"BOGOTA D.C.","CONNOTACI":"PRIVADO","PROPIETARI":"ALIANZA FIDUCIARIA S.A  COMO VOCERA DEL PATRIMONIO AUTONOMO FIDEICOMISO ADM CENTRO DEL CALZADO","GRAVAMENES":"VALORIZACION","TIPO_DE_AF":"PARCIAL","LAND_AREA":609.01999999999998,"BUILT_AREA":0,"TOTAL_AREA":0,"REST_AREA":0,"SECTION":4,"pk_ini":6979,"pk_end":7171,"VISIT_DATE":1678752000000,"OBS":" ","ID":48,"shapeArea":423.56283845199999,"plantArea":85.803492657000007,"Floors":0,"paso":0,"review":"V","SECTOR":"URBANO","DIRECCION":"AC 22 70-97","LyrName":" ","Color":3,"Shape_Leng":385.65588785,"Shape_Area":423.56134974899999,"NOTIFY":"1-2023-1163","DATE_NOT":1678406400000,"dateMax":1679356800000,"ActivityId":" ","TYPE":"PROJECT","Trees":0,"Shape_Le_1":388.25669455500002,"use":"Private","PK_DE_REFE":"6+979 - 7+171","Layer":"PROJECT_DELIVERED","pasos":0,"ACTA_No":0}},{"type":"Feature","id":47,"geometry":{"type":"Polygon","coordinates":[[[-74.1025609723565,4.6369538899339853],[-74.102823556277514,4.6372259983133555],[-74.102831320356287,4.6372216998494507],[-74.102815695341235,4.637117084398807],[-74.102607678424633,4.6369007781470417],[-74.102607246745464,4.6369012692027276],[-74.102561661781564,4.6369531058727249],[-74.1025609723565,4.6369538899339853]]]},"properties":{"FMI":"50C-1137002","RefName":"PRG-009","DATE_DEL":1682640000000,"PARCEL_ID":"PRG-009","ACT":171,"EFR_ENTRG":"DELIVERED","FID":47,"CODIGO":"AAA0074MDJH","USO":"Privado","VERE":"BOGOTA","MUNICIPIO":"BOGOTA D.C.","CONNOTACI":"PRIVADO","PROPIETARI":"INTERNATIONAL PETROLEUM COLOMBIA LIMITED","GRAVAMENES":"N/A","TIPO_DE_AF":"PARCIAL","LAND_AREA":296.29000000000002,"BUILT_AREA":0,"TOTAL_AREA":0,"REST_AREA":0,"SECTION":3,"pk_ini":4395,"pk_end":4437,"VISIT_DATE":1681776000000,"OBS":" ","ID":46,"shapeArea":296.057610447,"plantArea":20.121424107399999,"Floors":0,"paso":0,"review":"V","SECTOR":"URBANO","DIRECCION":"AK 50 19 75","LyrName":" ","Color":3,"Shape_Leng":95.571521218699999,"Shape_Area":297.485099005,"NOTIFY":"1-2023-1825","DATE_NOT":1681430400000,"dateMax":1682640000000,"ActivityId":" ","TYPE":"PROJECT","Trees":0,"Shape_Le_1":96.319699307799993,"use":"Private","PK_DE_REFE":"4+395 - 4+437","Layer":"PROJECT_DELIVERED","pasos":0,"ACTA_No":0}},{"type":"Feature","id":48,"geometry":{"type":"Polygon","coordinates":[[[-74.348629701802224,4.8028715864695091],[-74.348665163217731,4.8029177213000374],[-74.348772269425098,4.8030307057379025],[-74.348805899880631,4.8030057961968957],[-74.34877457499357,4.8029773794048927],[-74.348731210860933,4.8029297266974726],[-74.348534314649271,4.8027133518152745],[-74.348442505488038,4.8026010403850412],[-74.348437844476621,4.8026042931795221],[-74.348428699757235,4.802610084304292],[-74.348629701802224,4.8028715864695091]]]},"properties":{"FMI":"156-40696","RefName":"PRG-165","DATE_DEL":1676592000000,"PARCEL_ID":"PRG-165","ACT":79,"EFR_ENTRG":"DELIVERED","FID":48,"CODIGO":"252690001000000080021000000000","USO":"Privado","VERE":"MIRADOR MANABLANCA","MUNICIPIO":"FACATATIVA","CONNOTACI":"PRIVADO","PROPIETARI":"TORRES NAVARRETE LEONARDO  - SEGUN FOLIO ES PEDRO VICENTE NAVARRETE","GRAVAMENES":"N/A","TIPO_DE_AF":"PARCIAL","LAND_AREA":200.63999999999999,"BUILT_AREA":0,"TOTAL_AREA":3799.3600000000001,"REST_AREA":0,"SECTION":18,"pk_ini":38683,"pk_end":38764,"VISIT_DATE":1675987200000,"OBS":" ","ID":200,"shapeArea":200.640172595,"plantArea":0,"Floors":0,"paso":0,"review":"V","SECTOR":"SUBURBANO","DIRECCION":"LOTE 5","LyrName":" ","Color":3,"Shape_Leng":126.946457639,"Shape_Area":200.64489741899999,"NOTIFY":"1-2023-610","DATE_NOT":null,"dateMax":1676592000000,"ActivityId":" ","TYPE":"PROJECT","Trees":0,"Shape_Le_1":127.86991476999999,"use":"Private","PK_DE_REFE":"38+683 - 38+764","Layer":"PROJECT_DELIVERED","pasos":0,"ACTA_No":0}},{"type":"Feature","id":49,"geometry":{"type":"Polygon","coordinates":[[[-74.348772269425098,4.8030307057379025],[-74.349053069223359,4.803290528394248],[-74.349058991778065,4.8032792060625571],[-74.349074545351726,4.8032494720527232],[-74.348935042806986,4.8031229361236774],[-74.348931898323457,4.8031200834175785],[-74.348805899880631,4.8030057961968957],[-74.348772269425098,4.8030307057379025]]]},"properties":{"FMI":"156-40697","RefName":"PRG-166","DATE_DEL":1675641600000,"PARCEL_ID":"PRG-166","ACT":65,"EFR_ENTRG":"DELIVERED","FID":49,"CODIGO":"252690001000000080020000000000","USO":"Privado","VERE":"MIRADOR MANABLANCA","MUNICIPIO":"FACATATIVA","CONNOTACI":"PRIVADO","PROPIETARI":"NAVARRETE GUTIERREZ LUIS EDUARDO","GRAVAMENES":"Hipoteca","TIPO_DE_AF":"PARCIAL","LAND_AREA":196.25,"BUILT_AREA":0,"TOTAL_AREA":4200,"REST_AREA":0,"SECTION":18,"pk_ini":38765,"pk_end":38786,"VISIT_DATE":1675123200000,"OBS":" ","ID":201,"shapeArea":196.24540094599999,"plantArea":0,"Floors":0,"paso":0,"review":"V","SECTOR":"SUBURBANO","DIRECCION":"LOTE 6","LyrName":" ","Color":3,"Shape_Leng":92.319654585899997,"Shape_Area":196.247763625,"NOTIFY":"1-2023-329","DATE_NOT":1674691200000,"dateMax":1675641600000,"ActivityId":" ","TYPE":"PROJECT","Trees":0,"Shape_Le_1":92.932550744799997,"use":"Private","PK_DE_REFE":"38+765 - 38+786","Layer":"PROJECT_DELIVERED","pasos":0,"ACTA_No":0}},{"type":"Feature","id":50,"geometry":{"type":"Polygon","coordinates":[[[-74.140113283063556,4.6757025284069487],[-74.140447541166779,4.6760516809388202],[-74.14049650138702,4.6760022452221852],[-74.140496519630474,4.6759744096980276],[-74.140120151983439,4.6756839876581902],[-74.140113283063556,4.6757025284069487]]]},"properties":{"FMI":"50C-1498246","RefName":"PRG-021D","DATE_DEL":1676592000000,"PARCEL_ID":"PRG-021D","ACT":81,"EFR_ENTRG":"DELIVERED","FID":50,"CODIGO":"006410660400000000","USO":"Privado","VERE":"BOGOTA","MUNICIPIO":"BOGOTA D.C.","CONNOTACI":"PRIVADO","PROPIETARI":"POSIDIO DAZA CABALLERO","GRAVAMENES":" ","TIPO_DE_AF":" ","LAND_AREA":218.46000000000001,"BUILT_AREA":0,"TOTAL_AREA":231,"REST_AREA":12.539999999999999,"SECTION":7,"pk_ini":10362,"pk_end":10422,"VISIT_DATE":1675987200000,"OBS":" ","ID":63,"shapeArea":218.292434574,"plantArea":579.14845647799996,"Floors":0,"paso":0,"review":"V","SECTOR":"URBANO","DIRECCION":"AC 22 98A 01","LyrName":" ","Color":3,"Shape_Leng":115.373545101,"Shape_Area":326.75638328500003,"NOTIFY":"1-2023-652","DATE_NOT":1676332800000,"dateMax":1676592000000,"ActivityId":" ","TYPE":"PROJECT","Trees":0,"Shape_Le_1":116.10681033,"use":"Private","PK_DE_REFE":"10+362 - 10+422","Layer":"PROJECT_DELIVERED","pasos":0,"ACTA_No":0}},{"type":"Feature","id":51,"geometry":{"type":"Polygon","coordinates":[[[-74.148769356100942,4.6850206673106101],[-74.14879259179645,4.68504762869948],[-74.148916589513149,4.6849552237816576],[-74.14891656156945,4.6849551921337271],[-74.148887249514672,4.6849217746087621],[-74.148875915248809,4.6849094880259896],[-74.148769356100942,4.6850206673106101]]]},"properties":{"FMI":"50C-1498339","RefName":"PRG-025","DATE_DEL":1672358400000,"PARCEL_ID":"PRG-025","ACT":50,"EFR_ENTRG":"DELIVERED","FID":51,"CODIGO":"AAA0160CASY","USO":"Privado","VERE":"BOGOTA","MUNICIPIO":"BOGOTA D.C.","CONNOTACI":"PRIVADO","PROPIETARI":"EDGAR MILTON AGUILLON BUITRAGO","GRAVAMENES":"N/A","TIPO_DE_AF":"TOTAL","LAND_AREA":40.659999999999997,"BUILT_AREA":47.770000000000003,"TOTAL_AREA":40.659999999999997,"REST_AREA":0,"SECTION":7,"pk_ini":11778.18,"pk_end":11780.709999999999,"VISIT_DATE":1671408000000,"OBS":" ","ID":67,"shapeArea":91.318108598799995,"plantArea":89.4734599473,"Floors":1,"paso":0,"review":"V","SECTOR":"URBANO","DIRECCION":"CL 22 D BIS 112B-21 - LOTE 2","LyrName":" ","Color":3,"Shape_Leng":43.423379241399999,"Shape_Area":91.432529857399999,"NOTIFY":" ","DATE_NOT":null,"dateMax":1672358400000,"ActivityId":" ","TYPE":"PROJECT","Trees":0,"Shape_Le_1":45.204602571400002,"use":"Private","PK_DE_REFE":"11+778 - 11+781","Layer":"PROJECT_DELIVERED","pasos":0,"ACTA_No":0}},{"type":"Feature","id":52,"geometry":{"type":"Polygon","coordinates":[[[-74.148732003396802,4.6849773249118281],[-74.148769356100942,4.6850206673106101],[-74.148875915248809,4.6849094880259896],[-74.148875853051734,4.6849094193049119],[-74.148838507771757,4.684868190279202],[-74.148732003396802,4.6849773249118281]]]},"properties":{"FMI":"50C-1649877","RefName":"PRG-024","DATE_DEL":1674172800000,"PARCEL_ID":"PRG-024","ACT":53,"EFR_ENTRG":"DELIVERED","FID":52,"CODIGO":"AAA0077PDBR","USO":"Privado","VERE":"BOGOTA","MUNICIPIO":"BOGOTA D.C.","CONNOTACI":"PRIVADO","PROPIETARI":"DANIEL YAMID SUAREZ AVILA\nYEISNI SUAREZ UVILA y \nNEYER NARLY SUAREZ AVILA","GRAVAMENES":"N/A","TIPO_DE_AF":"TOTAL","LAND_AREA":108,"BUILT_AREA":261.37,"TOTAL_AREA":108,"REST_AREA":0,"SECTION":7,"pk_ini":11772,"pk_end":11779,"VISIT_DATE":1669334400000,"OBS":" ","ID":66,"shapeArea":105.82744911899999,"plantArea":99.199017395400006,"Floors":2,"paso":0,"review":"V","SECTOR":"URBANO","DIRECCION":"CL 22D BIS 112B 15","LyrName":" ","Color":3,"Shape_Leng":44.252116148600003,"Shape_Area":105.83426903,"NOTIFY":"1-2022-3062","DATE_NOT":1671408000000,"dateMax":1674172800000,"ActivityId":" ","TYPE":"PROJECT","Trees":0,"Shape_Le_1":46.773416757900002,"use":"Private","PK_DE_REFE":"11+772 - 11+779","Layer":"PROJECT_DELIVERED","pasos":0,"ACTA_No":0}},{"type":"Feature","id":53,"geometry":{"type":"MultiPolygon","coordinates":[[[[-74.212767826779881,4.69757434098217],[-74.212768658592424,4.697583145144681],[-74.212785559957268,4.6975821407991791],[-74.212861664744253,4.6975774896533888],[-74.212860989839626,4.6975690969198123],[-74.212767826779881,4.69757434098217]]],[[[-74.212793667292118,4.697717542781839],[-74.21278143921721,4.6977182695033601],[-74.212785844836745,4.697764853975408],[-74.2127878788083,4.6978006631964986],[-74.212878325367043,4.6977956755766357],[-74.212876182864449,4.6977579582912536],[-74.212876134959131,4.6977572565590489],[-74.212872543621401,4.6977127219914756],[-74.212793667292118,4.697717542781839]]]]},"properties":{"FMI":"50C-2044575","RefName":"PRG-068","DATE_DEL":1680652800000,"PARCEL_ID":"PRG-068","ACT":127,"EFR_ENTRG":"DELIVERED","FID":53,"CODIGO":"254730100000000360020000000000","USO":"Privado","VERE":"MOSQUERA","MUNICIPIO":"MOSQUERA","CONNOTACI":"PRIVADO","PROPIETARI":"RUBEN ALFONSO SABOGAL ZAMORA Y CIA. S. EN C.S.","GRAVAMENES":"N/A","TIPO_DE_AF":"PARCIAL","LAND_AREA":102.2,"BUILT_AREA":0,"TOTAL_AREA":1261.78,"REST_AREA":0,"SECTION":11,"pk_ini":19429,"pk_end":19439,"VISIT_DATE":1680048000000,"OBS":" ","ID":113,"shapeArea":102.203752904,"plantArea":0,"Floors":0,"paso":0,"review":"v","SECTOR":"SUBURBANO","DIRECCION":"LOTE 1 \"QUITO\"","LyrName":" ","Color":3,"Shape_Leng":61.1128702914,"Shape_Area":102.206615087,"NOTIFY":" ","DATE_NOT":null,"dateMax":1680652800000,"ActivityId":" ","TYPE":"PROJECT","Trees":0,"Shape_Le_1":61.453378336500002,"use":"Private","PK_DE_REFE":"19+429 - 19+439","Layer":"PROJECT_DELIVERED","pasos":0,"ACTA_No":0}},{"type":"Feature","id":54,"geometry":{"type":"Polygon","coordinates":[[[-74.225048091967878,4.7041826251548224],[-74.225260821111561,4.7043467187151569],[-74.225720712930851,4.7046993760381914],[-74.226086517006706,4.704961668709057],[-74.226090813987909,4.7049590425935808],[-74.225729781526638,4.70467960418347],[-74.224630181281697,4.7038138094065252],[-74.224605249340996,4.7038380997961307],[-74.224734219324645,4.7039405122620828],[-74.225048091967878,4.7041826251548224]]]},"properties":{"FMI":"50C-290431","RefName":"PRG-077","DATE_DEL":1677801600000,"PARCEL_ID":"PRG-077","ACT":93,"EFR_ENTRG":"DELIVERED","FID":54,"CODIGO":"254730100000005300278000000000","USO":"Privado","VERE":"MOSQUERA","MUNICIPIO":"MOSQUERA","CONNOTACI":"PRIVADO","PROPIETARI":"OWENS CORNIG FIBERGLAS COLOMBIA  SA","GRAVAMENES":"N/A","TIPO_DE_AF":"PARCIAL","LAND_AREA":575.70000000000005,"BUILT_AREA":0,"TOTAL_AREA":21374,"REST_AREA":0,"SECTION":11,"pk_ini":20966,"pk_end":21173,"VISIT_DATE":1677196800000,"OBS":" ","ID":125,"shapeArea":693.70000656000002,"plantArea":0,"Floors":0,"paso":0,"review":"V","SECTOR":"SUBURBANO","DIRECCION":"K 5 5A 67 - LA CASITA","LyrName":" ","Color":3,"Shape_Leng":417.30578881399998,"Shape_Area":577.73801295800001,"NOTIFY":" ","DATE_NOT":null,"dateMax":1677801600000,"ActivityId":" ","TYPE":"PROJECT","Trees":0,"Shape_Le_1":418.57213004699997,"use":"Private","PK_DE_REFE":"20+966 - 21+173","Layer":"PROJECT_DELIVERED","pasos":0,"ACTA_No":0}},{"type":"Feature","id":55,"geometry":{"type":"Polygon","coordinates":[[[-74.231926306617552,4.7097148921076455],[-74.232053756560575,4.7098140280759475],[-74.232078737524233,4.7097956841238071],[-74.231949670826822,4.70968946781095],[-74.231480435443856,4.7093191594685484],[-74.231138573732196,4.709056733391666],[-74.230780554275299,4.708766467143672],[-74.230620863208557,4.7086349078351901],[-74.230360099492572,4.7084338025110055],[-74.230088473674996,4.708227264591577],[-74.22898735839523,4.7073622298479361],[-74.228973848053471,4.7073734733021748],[-74.228982551956221,4.7073805937151398],[-74.228985965004512,4.7073833881794886],[-74.229028860690136,4.707418485775948],[-74.229441978556039,4.7077565126816028],[-74.229447636324196,4.7077611405842203],[-74.229479221005263,4.7077868910099845],[-74.229559024710952,4.7078519491819684],[-74.229719832954103,4.7079830409792187],[-74.229950857204258,4.7081734388671288],[-74.230038884591636,4.7082459891550172],[-74.230055491935445,4.7082596748846264],[-74.230419460782855,4.7085427898801671],[-74.230567071160209,4.7086576086866785],[-74.23082434213309,4.7088577281003436],[-74.231021775177823,4.7090113024755391],[-74.231922260731324,4.7097117451202184],[-74.231926306617552,4.7097148921076455]]]},"properties":{"FMI":"50C-1822223","RefName":"PRG-088","DATE_DEL":1682294400000,"PARCEL_ID":"PRG-088","ACT":169,"EFR_ENTRG":"DELIVERED","FID":55,"CODIGO":"254730100000000280001000000000","USO":"Privado","VERE":"MOSQUERA","MUNICIPIO":"MOSQUERA","CONNOTACI":"PRIVADO","PROPIETARI":"SOCIEDAD SALECIANA INSPECTORA DE","GRAVAMENES":"N/A","TIPO_DE_AF":"PARCIAL","LAND_AREA":1817.8699999999999,"BUILT_AREA":0,"TOTAL_AREA":0,"REST_AREA":0,"SECTION":12,"pk_ini":21590,"pk_end":22025,"VISIT_DATE":1681689600000,"OBS":" ","ID":133,"shapeArea":1817.9066636800001,"plantArea":0,"Floors":0,"paso":0,"review":"V","SECTOR":"SUBURBANO","DIRECCION":"Mz 10 - CRA 3A CON CALLE 10 MANZANA 10","LyrName":" ","Color":3,"Shape_Leng":876.81392382000001,"Shape_Area":1817.85651209,"NOTIFY":"1-2023-1793","DATE_NOT":null,"dateMax":1682294400000,"ActivityId":" ","TYPE":"PROJECT","Trees":0,"Shape_Le_1":882.01767244500002,"use":"Private","PK_DE_REFE":"21+590 - 22+025","Layer":"PROJECT_DELIVERED","pasos":0,"ACTA_No":0}},{"type":"Feature","id":56,"geometry":{"type":"Polygon","coordinates":[[[-74.261976021141479,4.7333962112100618],[-74.261976281687723,4.7333964073743635],[-74.261976542233967,4.7333966035386679],[-74.262172705833606,4.7335926077260027],[-74.262240713277407,4.7335566860348912],[-74.262291484533932,4.7335298698447446],[-74.262040266006721,4.7333592469760166],[-74.261976021141479,4.7333962112100618]]]},"properties":{"FMI":"50C-1545013","RefName":"PRG-103","DATE_DEL":1681171200000,"PARCEL_ID":"PRG-103","ACT":136,"EFR_ENTRG":"DELIVERED","FID":56,"CODIGO":"254300102000000210016000000000","USO":"Privado","VERE":"FUNZA","MUNICIPIO":"MADRID","CONNOTACI":"PRIVADO","PROPIETARI":"MIGUEL EDUARDO FULA\nJUAN ESTABAN FULA\nJOSÉ ERNESTO FULA","GRAVAMENES":"Demanda en proceso de pertenencia","TIPO_DE_AF":"PARCIAL","LAND_AREA":342.83999999999997,"BUILT_AREA":655.99000000000001,"TOTAL_AREA":0,"REST_AREA":0,"SECTION":14,"pk_ini":26246,"pk_end":26283,"VISIT_DATE":1680566400000,"OBS":" ","ID":145,"shapeArea":342.91783125500001,"plantArea":117.992264029,"Floors":2,"paso":0,"review":"V","SECTOR":"SUBURBANO","DIRECCION":"CARRERA 6 No.8-08/12/18/22","LyrName":" ","Color":3,"Shape_Leng":87.552839230499998,"Shape_Area":342.837303018,"NOTIFY":"1-2023-1536","DATE_NOT":null,"dateMax":1681171200000,"ActivityId":" ","TYPE":"PROJECT","Trees":0,"Shape_Le_1":88.059885066099994,"use":"Private","PK_DE_REFE":"26+246 - 26+283","Layer":"PROJECT_DELIVERED","pasos":0,"ACTA_No":0}},{"type":"Feature","id":57,"geometry":{"type":"Polygon","coordinates":[[[-74.265847471170233,4.7360611126669436],[-74.265867997818447,4.7361203569913881],[-74.265882971662805,4.7361248888959233],[-74.265895458494271,4.7360889322277577],[-74.265360099329328,4.7357282320979337],[-74.265359198316972,4.7357295471988277],[-74.265364665208949,4.7357332587812708],[-74.265847428772688,4.7360609896933248],[-74.265847471170233,4.7360611126669436]]]},"properties":{"FMI":"50C-1967024","RefName":"PRG-106A","DATE_DEL":1677801600000,"PARCEL_ID":"PRG-106A","ACT":95,"EFR_ENTRG":"DELIVERED","FID":57,"CODIGO":"254300102000000310002000000000 ME\n","USO":"Privado","VERE":"FUNZA","MUNICIPIO":"MADRID","CONNOTACI":"PRIVADO","PROPIETARI":"LUIS OMAR COSMA E HIJOS S.A.S.\n","GRAVAMENES":"N/A","TIPO_DE_AF":"PARCIAL","LAND_AREA":37.890000000000001,"BUILT_AREA":0,"TOTAL_AREA":8545.1100000000006,"REST_AREA":0,"SECTION":15,"pk_ini":26728,"pk_end":26771,"VISIT_DATE":1677196800000,"OBS":" ","ID":148,"shapeArea":37.890515259399997,"plantArea":0,"Floors":0,"paso":0,"review":"V","SECTOR":"SUBURBANO","DIRECCION":"CL 8 10 06\n","LyrName":" ","Color":3,"Shape_Leng":150.017747015,"Shape_Area":37.893851290800001,"NOTIFY":" ","DATE_NOT":null,"dateMax":1677801600000,"ActivityId":" ","TYPE":"PROJECT","Trees":0,"Shape_Le_1":150.88411238,"use":"Private","PK_DE_REFE":"26+728 - 26+771","Layer":"PROJECT_DELIVERED","pasos":0,"ACTA_No":0}},{"type":"Feature","id":58,"geometry":{"type":"MultiPolygon","coordinates":[[[[-74.299629073824988,4.7590418051479473],[-74.299763319220389,4.7591278511975785],[-74.300364837864208,4.7595460854507641],[-74.300912593179703,4.7599216536273499],[-74.301295869662567,4.7601809908926764],[-74.301426191643529,4.7602836037440692],[-74.301455101450131,4.7602145284186053],[-74.301441339279535,4.7602044825056637],[-74.301451945795549,4.7601898574263846],[-74.301451860142379,4.7601897941532396],[-74.301443869175301,4.760183959496441],[-74.301423529763639,4.7601691138897824],[-74.30141259955046,4.7601611360933864],[-74.301362970144154,4.7601267454283542],[-74.301303092271226,4.760085253910602],[-74.301264335252725,4.7600583979479607],[-74.301175586406771,4.7599969009301129],[-74.301154432204129,4.7599822427698086],[-74.301088763390055,4.7599367380213131],[-74.301049444802686,4.7599098352045033],[-74.300988658327242,4.7598682453837711],[-74.300952368206836,4.7598434151378033],[-74.300915522706632,4.7598182061683181],[-74.300899826832364,4.7598074663688665],[-74.300862599960709,4.7597819952730864],[-74.300794444769465,4.7597353627347614],[-74.300777750833177,4.7597239405095069],[-74.300703439562525,4.7596730968241205],[-74.300587389869989,4.7595936952958589],[-74.300525967824484,4.7595516697645852],[-74.300517680365999,4.7595459997748986],[-74.300402213145063,4.7594669959164797],[-74.300319024830046,4.7594100772597345],[-74.300275346191555,4.7593801916162439],[-74.300207441721454,4.7593337316557562],[-74.300198461843834,4.759327588032674],[-74.300155438674679,4.7592981516061563],[-74.30005402017116,4.7592287612775115],[-74.299820315366006,4.7590688579501821],[-74.299694047213833,4.7589824638939247],[-74.299696968422836,4.7589733656908431],[-74.299698448838868,4.758968756899101],[-74.299729487296275,4.7589231918523174],[-74.299664275876964,4.7588754884559794],[-74.299618086385294,4.758942366414848],[-74.299609910918491,4.7589542045339588],[-74.299608626124794,4.758956064189757],[-74.299589198352493,4.7589841941946531],[-74.299585557718061,4.7589816995005272],[-74.297716987160925,4.7577017779197623],[-74.297704238677341,4.7576930473593961],[-74.297690062306287,4.7577124364755043],[-74.298165834263074,4.7580381044912023],[-74.298710972448376,4.7584113422910717],[-74.299258194069679,4.7587865684174364],[-74.299524380164939,4.7589681203672693],[-74.299629073824988,4.7590418051479473]]],[[[-74.297618996190707,4.7578110731526424],[-74.29769179232666,4.7578607348531579],[-74.297860122724046,4.7579755705555877],[-74.298080633608691,4.7581260062724775],[-74.298292774219135,4.7582707276112455],[-74.298452766900141,4.758379875974426],[-74.298606066217815,4.7584844570179428],[-74.298695988218981,4.7585458029943855],[-74.298809148754941,4.7586230011068489],[-74.298936677080647,4.7587100008103427],[-74.298986285362645,4.7587438436629235],[-74.299147583763599,4.7588538830729608],[-74.299270613227151,4.7589378131549021],[-74.299437048990768,4.759051355904961],[-74.29952873555311,4.7591139048194933],[-74.299537718121314,4.7591200321734854],[-74.299618783035598,4.7591753347261303],[-74.299737407427884,4.7592562611503393],[-74.29984887860563,4.759332305737872],[-74.300005388010192,4.7594390765297359],[-74.300188340307912,4.7595638858476939],[-74.300386607149889,4.7596991438643821],[-74.300539660927683,4.7598036259569225],[-74.300671719602477,4.7598946796337644],[-74.300779658218545,4.7599701356013222],[-74.300836910914484,4.7600107888280281],[-74.300839574250006,4.7600126797596474],[-74.300943362304054,4.7600863772783759],[-74.301090100745142,4.7601926716985394],[-74.301124475443189,4.7602175721893785],[-74.301240599730818,4.7603041501191372],[-74.301283027700222,4.7603351845636812],[-74.301313753673995,4.7603576590893066],[-74.301377316709065,4.7604054261527402],[-74.301380516798119,4.7603974591323102],[-74.301388279689832,4.7603781217669248],[-74.30126561651214,4.7602855739919985],[-74.300840477583023,4.7599935236770099],[-74.300324368268051,4.7596397659637804],[-74.299748140316382,4.7592421144299157],[-74.299635440935717,4.7591644252989154],[-74.299579875943181,4.759127060360159],[-74.299521578928079,4.7590871995248065],[-74.299195941281198,4.7588634720749514],[-74.298637693960316,4.7584832034470459],[-74.298109811725212,4.75812027812891],[-74.297630500964189,4.7577949322346091],[-74.297618996190707,4.7578110731526424]]]]},"properties":{"FMI":"50C-297468","RefName":"PRG-121","DATE_DEL":1681084800000,"PARCEL_ID":"PRG-121","ACT":132,"EFR_ENTRG":"DELIVERED","FID":58,"CODIGO":"254300000000000050004000000000","USO":"Privado","VERE":"EL CORZO","MUNICIPIO":"MADRID","CONNOTACI":"PRIVADO","PROPIETARI":"FIDUCIARIA COLMENA COMO VOCERA DEL PATRIMONIO AUTONOMO VCG","GRAVAMENES":"Comodato precario","TIPO_DE_AF":"PARCIAL","LAND_AREA":4124.2399999999998,"BUILT_AREA":0,"TOTAL_AREA":0,"REST_AREA":0,"SECTION":16,"pk_ini":31288,"pk_end":31533,"VISIT_DATE":1680220800000,"OBS":" ","ID":163,"shapeArea":4124.2152589699999,"plantArea":0,"Floors":0,"paso":0,"review":"v","SECTOR":"SUBURBANO","DIRECCION":"KM3+050 VIA MADRID -  EL CORZO - FACATATIVA \nPREDIO LA GLORIA","LyrName":" ","Color":3,"Shape_Leng":2055.3267298800001,"Shape_Area":4124.2204382700002,"NOTIFY":"1-2023-1493","DATE_NOT":null,"dateMax":1681084800000,"ActivityId":" ","TYPE":"PROJECT","Trees":0,"Shape_Le_1":2066.9149381100001,"use":"Private","PK_DE_REFE":"31+288 - 31+533","Layer":"PROJECT_DELIVERED","pasos":0,"ACTA_No":0}},{"type":"Feature","id":59,"geometry":{"type":"Polygon","coordinates":[[[-74.346163641148578,4.799394218359704],[-74.346228694787769,4.7994793557377138],[-74.346223932863992,4.7994619716167328],[-74.346218056968709,4.7994405267407165],[-74.346201786088258,4.7993811290344679],[-74.346148577153855,4.7991868890999543],[-74.346146896264173,4.7991807532084287],[-74.346084540124011,4.7988958620899833],[-74.346031896415084,4.7986553436617951],[-74.34600821241709,4.7985667780804597],[-74.345996640800394,4.7985235120638805],[-74.345938476693689,4.7983060101285906],[-74.345935155328718,4.7982979451132453],[-74.345927342315065,4.7982789697227917],[-74.345810231077536,4.7979945395717625],[-74.345797529415407,4.7979636899793885],[-74.345794570777599,4.7979565047006991],[-74.345607499763446,4.7976240377444608],[-74.34560690271168,4.7976232774658119],[-74.345392884206035,4.7973510444263257],[-74.345382109329947,4.7973373377145405],[-74.345138809882627,4.7970777662664048],[-74.344891285204511,4.7968103244750733],[-74.344672438164679,4.7965704216536347],[-74.344649906950536,4.7965457232847069],[-74.344630652576683,4.7965235990690855],[-74.344624116082372,4.7965162741129879],[-74.344624909632927,4.7965169999525239],[-74.344622698311326,4.7965144597449036],[-74.344443733701254,4.7963088095469821],[-74.344071003766871,4.7958805049513611],[-74.344111020453283,4.7958268663745303],[-74.344231266633855,4.7957138276171261],[-74.344202035203196,4.7956825322920045],[-74.344194901032978,4.795691387233294],[-74.344138678053241,4.7957654023179241],[-74.343997377804641,4.7959296143577088],[-74.3443327204225,4.796295153736339],[-74.344468309558351,4.7964430888390011],[-74.34487483727942,4.7968723348872118],[-74.345353784542965,4.7973844671751262],[-74.345416251554127,4.7974716891645475],[-74.345536805350491,4.7976202900587515],[-74.345594278002935,4.7977041500074824],[-74.345780525758059,4.7980290266276535],[-74.345866553216595,4.7983822108771728],[-74.345889077508701,4.7985366196231869],[-74.345920159104409,4.798720722086145],[-74.345938408533954,4.7988445220864282],[-74.345967341111418,4.799044758030794],[-74.3459933469003,4.7991578119401126],[-74.346006586694159,4.7991977223608995],[-74.346037806774206,4.7992516332547099],[-74.346087648555752,4.7993461397130268],[-74.346120255075732,4.7993262866283963],[-74.346163641148578,4.799394218359704]]]},"properties":{"FMI":"156-8782","RefName":"PRG-160","DATE_DEL":1680134400000,"PARCEL_ID":"PRG-160","ACT":126,"EFR_ENTRG":"DELIVERED","FID":59,"CODIGO":"252690001000000080511000000000","USO":"Privado","VERE":"FACATATIVA","MUNICIPIO":"FACATATIVA","CONNOTACI":"PRIVADO","PROPIETARI":"SERGIO RAMON BERNAL MEDINA y NICOLAS BERNAL MEDINA","GRAVAMENES":"N/A","TIPO_DE_AF":"PARCIAL","LAND_AREA":4023.0900000000001,"BUILT_AREA":0,"TOTAL_AREA":0,"REST_AREA":0,"SECTION":18,"pk_ini":38001,"pk_end":38253,"VISIT_DATE":1679529600000,"OBS":" ","ID":197,"shapeArea":4023.0783405900002,"plantArea":0,"Floors":0,"paso":0,"review":"v","SECTOR":"SUBURBANO","DIRECCION":"PALO BLANCO","LyrName":" ","Color":3,"Shape_Leng":1022.76558515,"Shape_Area":4023.1334204099999,"NOTIFY":"1-2023-1330","DATE_NOT":null,"dateMax":1680134400000,"ActivityId":" ","TYPE":"PROJECT","Trees":0,"Shape_Le_1":1031.3242637599999,"use":"Private","PK_DE_REFE":"38+001 - 38+253","Layer":"PROJECT_DELIVERED","pasos":0,"ACTA_No":0}},{"type":"Feature","id":60,"geometry":{"type":"Polygon","coordinates":[[[-74.340486766632566,4.7926925802420577],[-74.340504510016942,4.7927172182118385],[-74.340530981652975,4.7927574121504124],[-74.340531527267686,4.7927580539910783],[-74.340554477882165,4.7927227775916048],[-74.340559995939572,4.7927142967830738],[-74.340512119190549,4.792653937127862],[-74.340486766632566,4.7926925802420577]]]},"properties":{"FMI":"156-83072","RefName":"PRG-146","DATE_DEL":1674777600000,"PARCEL_ID":"PRG-146","ACT":54,"EFR_ENTRG":"DELIVERED","FID":60,"CODIGO":"252690102000000140022000000000","USO":"Privado","VERE":"FACATATIVA","MUNICIPIO":"FACATATIVA","CONNOTACI":"PRIVADO","PROPIETARI":"PEDRO PABLO CUERVO HERNANDEZ","GRAVAMENES":"N/A","TIPO_DE_AF":"PARCIAL","LAND_AREA":43.850000000000001,"BUILT_AREA":43.850000000000001,"TOTAL_AREA":208,"REST_AREA":164.15000000000001,"SECTION":17,"pk_ini":37252,"pk_end":37258,"VISIT_DATE":1674172800000,"OBS":" ","ID":185,"shapeArea":43.849799538600003,"plantArea":43.850000000000001,"Floors":1,"paso":0,"review":"V","SECTOR":"SUBURBANO","DIRECCION":"CARRERA 1 #16A-05 ESTE BARRIO MANABLANCA","LyrName":" ","Color":3,"Shape_Leng":28.2056875675,"Shape_Area":43.849572307499997,"NOTIFY":"1-2023-190","DATE_NOT":null,"dateMax":1674777600000,"ActivityId":" ","TYPE":"PROJECT","Trees":0,"Shape_Le_1":28.430137416099999,"use":"Private","PK_DE_REFE":"37+252 - 37+258","Layer":"PROJECT_DELIVERED","pasos":0,"ACTA_No":0}},{"type":"Feature","id":61,"geometry":{"type":"Polygon","coordinates":[[[-74.340531527267686,4.7927580539910783],[-74.340556196306437,4.7927871755099538],[-74.340560964355731,4.7927928047301789],[-74.340562367625168,4.792794461765876],[-74.340576175145245,4.7928115151036863],[-74.340605052870316,4.7927672395745304],[-74.340554477882165,4.7927227775916048],[-74.340531527267686,4.7927580539910783]]]},"properties":{"FMI":"156-87780","RefName":"PRG-147","DATE_DEL":1679356800000,"PARCEL_ID":"PRG-147","ACT":115,"EFR_ENTRG":"DELIVERED","FID":61,"CODIGO":"252690102000000140024000000000","USO":"Privado","VERE":"FACATATIVA","MUNICIPIO":"FACATATIVA","CONNOTACI":"PRIVADO","PROPIETARI":"NELSON CASTIBLANCO MORENO","GRAVAMENES":"N/A","TIPO_DE_AF":"PARCIAL","LAND_AREA":38.649999999999999,"BUILT_AREA":53.57,"TOTAL_AREA":0,"REST_AREA":0,"SECTION":17,"pk_ini":37260,"pk_end":37265,"VISIT_DATE":1678752000000,"OBS":" ","ID":186,"shapeArea":38.654197023400002,"plantArea":57.539999999999999,"Floors":1,"paso":0,"review":"v","SECTOR":"SUBURBANO","DIRECCION":"LOTE","LyrName":" ","Color":3,"Shape_Leng":25.6822592336,"Shape_Area":38.654197023400002,"NOTIFY":"1-2023-1164","DATE_NOT":null,"dateMax":1679356800000,"ActivityId":" ","TYPE":"PROJECT","Trees":0,"Shape_Le_1":25.873260543299999,"use":"Private","PK_DE_REFE":"37+260 - 37+265","Layer":"PROJECT_DELIVERED","pasos":0,"ACTA_No":0}},{"type":"Feature","id":62,"geometry":{"type":"Polygon","coordinates":[[[-74.340576175145245,4.7928115151036863],[-74.340591515833452,4.7928304632568359],[-74.34059666534813,4.7928365028806192],[-74.340612344765361,4.7928548956647292],[-74.340636412687957,4.7928183844677212],[-74.340605052870316,4.7927672395745304],[-74.340576175145245,4.7928115151036863]]]},"properties":{"FMI":"156-59464","RefName":"PRG-148","DATE_DEL":1677196800000,"PARCEL_ID":"PRG-148","ACT":85,"EFR_ENTRG":"DELIVERED","FID":62,"CODIGO":"252690102000000140018000000000","USO":"Privado","VERE":"FACATATIVA","MUNICIPIO":"FACATATIVA","CONNOTACI":"PRIVADO","PROPIETARI":"RAFAEL CARRENO","GRAVAMENES":"N/A","TIPO_DE_AF":"PARCIAL","LAND_AREA":32.200000000000003,"BUILT_AREA":71.269999999999996,"TOTAL_AREA":113,"REST_AREA":0,"SECTION":17,"pk_ini":37264.410000000003,"pk_end":37270.849999999999,"VISIT_DATE":1676592000000,"OBS":" ","ID":187,"shapeArea":32.2016560426,"plantArea":32.201677582499997,"Floors":2,"paso":0,"review":"V","SECTOR":"SUBURBANO","DIRECCION":"TV 1 11 40","LyrName":" ","Color":3,"Shape_Leng":23.586051814400001,"Shape_Area":32.2016560426,"NOTIFY":"1-2023-666","DATE_NOT":null,"dateMax":1677196800000,"ActivityId":" ","TYPE":"PROJECT","Trees":0,"Shape_Le_1":23.7751932338,"use":"Private","PK_DE_REFE":"37+264 - 37+271","Layer":"PROJECT_DELIVERED","pasos":0,"ACTA_No":0}},{"type":"Feature","id":63,"geometry":{"type":"Polygon","coordinates":[[[-74.340612344765361,4.7928548956647292],[-74.340622258710113,4.7928665256247065],[-74.340648618050096,4.7928959060222152],[-74.340671259363546,4.7928603521190514],[-74.340636412687957,4.7928183844677212],[-74.340612344765361,4.7928548956647292]]]},"properties":{"FMI":"156-60588","RefName":"PRG-149","DATE_DEL":1675728000000,"PARCEL_ID":"PRG-149","ACT":67,"EFR_ENTRG":"DELIVERED","FID":63,"CODIGO":"252690102000000140017000000000","USO":"Privado","VERE":"FACATATIVA","MUNICIPIO":"FACATATIVA","CONNOTACI":"PRIVADO","PROPIETARI":"SANTOS ALBARRACIN","GRAVAMENES":"N/A","TIPO_DE_AF":"PARCIAL","LAND_AREA":27.699999999999999,"BUILT_AREA":27.699999999999999,"TOTAL_AREA":0,"REST_AREA":0,"SECTION":17,"pk_ini":37273,"pk_end":37278,"VISIT_DATE":1675123200000,"OBS":" ","ID":188,"shapeArea":27.6992909232,"plantArea":27.698783659099998,"Floors":1,"paso":0,"review":"V","SECTOR":"SUBURBANO","DIRECCION":"LOTE","LyrName":" ","Color":3,"Shape_Leng":21.609362286100001,"Shape_Area":27.698862268900001,"NOTIFY":"1-2023-380","DATE_NOT":null,"dateMax":1675728000000,"ActivityId":" ","TYPE":"PROJECT","Trees":0,"Shape_Le_1":21.775921974300001,"use":"Private","PK_DE_REFE":"37+273 - 37+278","Layer":"PROJECT_DELIVERED","pasos":0,"ACTA_No":0}},{"type":"Feature","id":64,"geometry":{"type":"Polygon","coordinates":[[[-74.340598852556411,4.7929740500753475],[-74.340679457804612,4.7930155289735046],[-74.340734222764681,4.7929235201227716],[-74.340736486620202,4.7929197157794805],[-74.340671259363546,4.7928603521190514],[-74.340648618050096,4.7928959060222152],[-74.340598852556411,4.7929740500753475]]]},"properties":{"FMI":"156-29376","RefName":"PRG-150","DATE_DEL":1678752000000,"PARCEL_ID":"PRG-150","ACT":100,"EFR_ENTRG":"DELIVERED","FID":64,"CODIGO":"252690102000000140013000000000","USO":"Privado","VERE":"FACATATIVA","MUNICIPIO":"FACATATIVA","CONNOTACI":"PRIVADO","PROPIETARI":"MARIA HERLINDA MARTINEZ PAEZ Y JUAN EVANGELISTA MARTINEZ RODRIGUEZ","GRAVAMENES":"N/A","TIPO_DE_AF":"PARCIAL","LAND_AREA":49.079999999999998,"BUILT_AREA":369.66000000000003,"TOTAL_AREA":145,"REST_AREA":0,"SECTION":17,"pk_ini":37281,"pk_end":37287,"VISIT_DATE":1678147200000,"OBS":" ","ID":189,"shapeArea":133.73426759700001,"plantArea":133.73408358099999,"Floors":3,"paso":0,"review":"v","SECTOR":"SUBURBANO","DIRECCION":"LOTE N. 3","LyrName":" ","Color":3,"Shape_Leng":47.079889360400003,"Shape_Area":133.73376961100001,"NOTIFY":"1-2023-995","DATE_NOT":null,"dateMax":1678752000000,"ActivityId":" ","TYPE":"PROJECT","Trees":0,"Shape_Le_1":47.419687010300002,"use":"Private","PK_DE_REFE":"37+281 - 37+287","Layer":"PROJECT_DELIVERED","pasos":0,"ACTA_No":0}},{"type":"Feature","id":65,"geometry":{"type":"Polygon","coordinates":[[[-74.340679457804612,4.7930155289735046],[-74.340748804828223,4.793054169993149],[-74.340792396430942,4.7929785485825676],[-74.340734222764681,4.7929235201227716],[-74.340679457804612,4.7930155289735046]]]},"properties":{"FMI":"156-37600","RefName":"PRG-151","DATE_DEL":1676419200000,"PARCEL_ID":"PRG-151","ACT":72,"EFR_ENTRG":"DELIVERED","FID":65,"CODIGO":"252690102000000140012000000000","USO":"Privado","VERE":"FACATATIVA","MUNICIPIO":"FACATATIVA","CONNOTACI":"PRIVADO","PROPIETARI":"ANA FACSULY PEREZ CARRENO y LINEY AMPARO MARIN RUIZ","GRAVAMENES":"N/A","TIPO_DE_AF":"PARCIAL","LAND_AREA":43.189999999999998,"BUILT_AREA":93.310000000000002,"TOTAL_AREA":121,"REST_AREA":0,"SECTION":17,"pk_ini":37290,"pk_end":37296,"VISIT_DATE":1675382400000,"OBS":" ","ID":190,"shapeArea":93.813158582100002,"plantArea":93.812982064099998,"Floors":1,"paso":0,"review":"V","SECTOR":"SUBURBANO","DIRECCION":"K 1 n. 16-15","LyrName":" ","Color":3,"Shape_Leng":39.180422424600003,"Shape_Area":93.813158582100002,"NOTIFY":" ","DATE_NOT":null,"dateMax":1676419200000,"ActivityId":" ","TYPE":"PROJECT","Trees":0,"Shape_Le_1":39.465878165299998,"use":"Private","PK_DE_REFE":"37+290 - 37+296","Layer":"PROJECT_DELIVERED","pasos":0,"ACTA_No":0}},{"type":"Feature","id":66,"geometry":{"type":"Polygon","coordinates":[[[-74.340748804828223,4.793054169993149],[-74.340835249120943,4.7930990947059628],[-74.34084375328996,4.793080282964902],[-74.34085944844341,4.7930455645890833],[-74.340792396430942,4.7929785485825676],[-74.340748804828223,4.793054169993149]]]},"properties":{"FMI":"156-24534","RefName":"PRG-152","DATE_DEL":1676592000000,"PARCEL_ID":"PRG-152","ACT":76,"EFR_ENTRG":"DELIVERED","FID":66,"CODIGO":"252690102000000140010000000000","USO":"Privado","VERE":"FACATATIVA","MUNICIPIO":"FACATATIVA","CONNOTACI":"PRIVADO","PROPIETARI":"LAURA INES ZAMUDIO ORJUELA, LAURA INES ZAMUDIO ORJUELA, NAIRO HERNAN ZAMUDIO ORJUELA, PEDRO HERNAN ZAMUDIO ORJUELA, NELSON YOANNI ZAMUDIO ORJUELA, DEYNI JULIETH ZAMUSIO ORJUELA","GRAVAMENES":"N/A","TIPO_DE_AF":"PARCIAL","LAND_AREA":48.810000000000002,"BUILT_AREA":115.42,"TOTAL_AREA":0,"REST_AREA":43.189999999999998,"SECTION":17,"pk_ini":37298,"pk_end":37306,"VISIT_DATE":1675987200000,"OBS":" ","ID":191,"shapeArea":84.072220508000001,"plantArea":84.0721731581,"Floors":2,"paso":0,"review":"V","SECTOR":"SUBURBANO","DIRECCION":"LOTE N. 4","LyrName":" ","Color":3,"Shape_Leng":37.459958952000001,"Shape_Area":84.071302657999993,"NOTIFY":"1-2023-609","DATE_NOT":null,"dateMax":1676592000000,"ActivityId":" ","TYPE":"PROJECT","Trees":0,"Shape_Le_1":37.725471312899998,"use":"Private","PK_DE_REFE":"37+298 - 37+306","Layer":"PROJECT_DELIVERED","pasos":0,"ACTA_No":0}},{"type":"Feature","id":67,"geometry":{"type":"MultiPolygon","coordinates":[[[[-74.190462131917542,4.6990763123917345],[-74.190475333462416,4.6990754873332792],[-74.190565302615752,4.6990698624280247],[-74.190655259149153,4.699064239321876],[-74.190711301042725,4.6990607350774196],[-74.190711687706312,4.6990607105983555],[-74.19074521658186,4.6990586143953204],[-74.190834269063615,4.699052859384186],[-74.190880138709716,4.6990498830864125],[-74.190925089015636,4.6990469666195009],[-74.190969982538221,4.69904405287184],[-74.191016702120777,4.6990410167425125],[-74.191061692083835,4.6990381020689602],[-74.191104194933729,4.6990329460213527],[-74.191148960497728,4.6990302249003797],[-74.191193769427954,4.6990281404014853],[-74.191238663446725,4.6990283048966912],[-74.191283444355207,4.6990257257407615],[-74.191328594773466,4.6990340615042214],[-74.191373368602171,4.6990322889853164],[-74.19141817482695,4.6990302008551863],[-74.191463046970142,4.6990288650946228],[-74.191508005770999,4.6990283350543347],[-74.191552788901845,4.6990172553973135],[-74.191642850467559,4.6990146850864329],[-74.191642881112372,4.6990146841771274],[-74.191732931485433,4.6990098051613494],[-74.191778013818094,4.6990095970165857],[-74.19182314097462,4.6990079021813314],[-74.191868316863292,4.6990065817181348],[-74.19189089306515,4.699004908910478],[-74.191913478000288,4.6990032356073241],[-74.191958726813667,4.6990014132361146],[-74.191967487311402,4.6990010980725385],[-74.192042704562468,4.6989981164972194],[-74.19209466975957,4.6989960645366304],[-74.192230547480648,4.6989887163992581],[-74.192366273414436,4.6989791590391361],[-74.192591424259703,4.6989596856410314],[-74.192692794851283,4.6989544745847303],[-74.192692991655662,4.6989544247912942],[-74.192690419201085,4.698942958607141],[-74.192679097379767,4.6989026501014122],[-74.191391367858273,4.699003521855655],[-74.191303797343025,4.6990103817586846],[-74.190462131917542,4.6990763123917345]]],[[[-74.189122233375386,4.6991733912362896],[-74.189132115097067,4.6992049644310248],[-74.189259670875614,4.6991969200787871],[-74.189261710793872,4.699192666796792],[-74.189264188331137,4.6991914103174164],[-74.189286152702536,4.6991802648313339],[-74.189286357292943,4.6991802024013456],[-74.189302918299134,4.6991751392445815],[-74.189304294603701,4.6991750395500844],[-74.189529298287013,4.6991585956846817],[-74.189543294764064,4.6991575335876616],[-74.189989704752819,4.6991236523779722],[-74.190068643467541,4.6991176612635188],[-74.190074772135958,4.69910437781565],[-74.189122233375386,4.6991733912362896]]]]},"properties":{"FMI":"50C-1930540","RefName":"PRG-039A","DATE_DEL":1681084800000,"PARCEL_ID":"PRG-039A","ACT":131,"EFR_ENTRG":"DELIVERED","FID":67,"CODIGO":"252860000000000071362000000000","USO":"Privado","VERE":"EL HATO","MUNICIPIO":"FUNZA","CONNOTACI":"PRIVADO","PROPIETARI":"FIDUCIARIA BOGOTA S.A VOCERA DEL FIDEICOMISO  CALABAZAL","GRAVAMENES":" ","TIPO_DE_AF":" ","LAND_AREA":944.25999999999999,"BUILT_AREA":0,"TOTAL_AREA":0,"REST_AREA":0,"SECTION":10,"pk_ini":17042,"pk_end":17187,"VISIT_DATE":1680220800000,"OBS":" ","ID":83,"shapeArea":945.20297740399997,"plantArea":114.371661297,"Floors":0,"paso":0,"review":"1","SECTOR":"SUBURBANO","DIRECCION":"1REA DE CESION - PARQUE INDUSTRIAL DE OCCIDENTE","LyrName":" ","Color":3,"Shape_Leng":717.99017405699999,"Shape_Area":944.28983711800004,"NOTIFY":"1-2023-1493","DATE_NOT":null,"dateMax":1681084800000,"ActivityId":" ","TYPE":"PROJECT","Trees":0,"Shape_Le_1":719.01386233100004,"use":"Private","PK_DE_REFE":"17+042 - 17+187","Layer":"PROJECT_DELIVERED","pasos":0,"ACTA_No":0}},{"type":"Feature","id":68,"geometry":{"type":"Polygon","coordinates":[[[-74.193941896696316,4.6990130424595211],[-74.193976845022419,4.6990428226745768],[-74.193981975307665,4.6990425559512277],[-74.193940101131929,4.6988655937467056],[-74.193251987100595,4.6989081908565717],[-74.193254402503413,4.6989182590063363],[-74.193279382716597,4.699022391200538],[-74.193539028459256,4.6990052855720323],[-74.193623226412697,4.698999739003872],[-74.193837771338849,4.6989856050927852],[-74.193905278154034,4.6989828519662664],[-74.193941896696316,4.6990130424595211]]]},"properties":{"FMI":"50C-485966","RefName":"PRG-054A","DATE_DEL":1683331200000,"PARCEL_ID":"PRG-054A","ACT":182,"EFR_ENTRG":"DELIVERED","FID":68,"CODIGO":"252860200000000010801800000003","USO":"Publico","VERE":"EL HATO","MUNICIPIO":"FUNZA","CONNOTACI":"PRIVADO","PROPIETARI":"COMPLEJO INDUSTRIAL LA ESPERALDA PH","GRAVAMENES":"PROPIEDAD HORIZONTAL","TIPO_DE_AF":"PARCIAL","LAND_AREA":994.88999999999999,"BUILT_AREA":0,"TOTAL_AREA":15784.879999999999,"REST_AREA":0,"SECTION":10,"pk_ini":17330,"pk_end":17353,"VISIT_DATE":1681948800000,"OBS":" ","ID":99,"shapeArea":994.89698111200005,"plantArea":0,"Floors":0,"paso":0,"review":"v","SECTOR":"SUBURBANO","DIRECCION":"ZONAS COMUNES - ITALCOL KILOMETRO 2,4 VIA BOGOTA FUNZA","LyrName":" ","Color":3,"Shape_Leng":190.08905642799999,"Shape_Area":994.89279791199999,"NOTIFY":"1-2023-1873","DATE_NOT":null,"dateMax":1683331200000,"ActivityId":" ","TYPE":"PROJECT","Trees":0,"Shape_Le_1":190.96817598499999,"use":"Public","PK_DE_REFE":"17+330 - 17+353","Layer":"PROJECT_DELIVERED","pasos":0,"ACTA_No":0}},{"type":"Feature","id":69,"geometry":{"type":"Polygon","coordinates":[[[-74.202172695819314,4.6981450756051997],[-74.202177033362261,4.6982182766263225],[-74.202438144424562,4.6982032437216814],[-74.202424610311994,4.6981178886637247],[-74.202192897650093,4.6981428962314915],[-74.202172695819314,4.6981450756051997]]]},"properties":{"FMI":"50C-1735525","RefName":"PRG-058","DATE_DEL":1702252800000,"PARCEL_ID":"PRG-058","ACT":201,"EFR_ENTRG":"DELIVERED","FID":69,"CODIGO":"254730100000000360054000000000","USO":"Publico","VERE":"MOSQUERA","MUNICIPIO":"MOSQUERA","CONNOTACI":"PUBLICO","PROPIETARI":"INSTITUTO NACIONAL DE CONCESIONES (HOY AGENCIA NACIOANL DE INFRAESTRUCTURA)","GRAVAMENES":"N/A","TIPO_DE_AF":"PARCIAL","LAND_AREA":252,"BUILT_AREA":0,"TOTAL_AREA":1120,"REST_AREA":0,"SECTION":11,"pk_ini":18254,"pk_end":18280,"VISIT_DATE":1701043200000,"OBS":" ","ID":103,"shapeArea":252.003303407,"plantArea":0,"Floors":0,"paso":0,"review":"v","SECTOR":"SUBURBANO","DIRECCION":"Lo AFECTACION VIA FERREA","LyrName":" ","Color":3,"Shape_Leng":74.833260819499998,"Shape_Area":251.810785963,"NOTIFY":"1-2023-05181","DATE_NOT":1700524800000,"dateMax":1702252800000,"ActivityId":" ","TYPE":"PROJECT","Trees":0,"Shape_Le_1":75.164553265999999,"use":"Public","PK_DE_REFE":"18+254 - 18+280","Layer":"PROJECT_DELIVERED","pasos":0,"ACTA_No":0}},{"type":"Feature","id":70,"geometry":{"type":"Polygon","coordinates":[[[-74.192823643270572,4.6987153732220124],[-74.192640293922295,4.6987231082197143],[-74.192656191858063,4.6988134955726393],[-74.192659604778683,4.6988331021872618],[-74.19288966570673,4.6988174965071252],[-74.192866113455963,4.6987145939176198],[-74.192865791519594,4.6987135947119629],[-74.192823643270572,4.6987153732220124]]]},"properties":{"FMI":"50C-2037696","RefName":"PRG-051","DATE_DEL":1678406400000,"PARCEL_ID":"PRG-051","ACT":97,"EFR_ENTRG":"DELIVERED","FID":70,"CODIGO":"252860200000000020011000000000","USO":"Institucional","VERE":"EL HATO","MUNICIPIO":"FUNZA","CONNOTACI":"PUBLICO","PROPIETARI":"MUNICIPIO DE FUNZA","GRAVAMENES":"N/A","TIPO_DE_AF":"TOTAL","LAND_AREA":280.30000000000001,"BUILT_AREA":192.25999999999999,"TOTAL_AREA":0,"REST_AREA":0,"SECTION":10,"pk_ini":17193,"pk_end":17220,"VISIT_DATE":1677801600000,"OBS":" ","ID":95,"shapeArea":280.30293664800001,"plantArea":102.47,"Floors":2,"paso":0,"review":"v","SECTOR":"SUBURBANO","DIRECCION":"CALLE 25 No.8-18SUR","LyrName":" ","Color":3,"Shape_Leng":72.844278588400002,"Shape_Area":302.24146107299998,"NOTIFY":"1-2023-930","DATE_NOT":null,"dateMax":1678406400000,"ActivityId":" ","TYPE":"PROJECT","Trees":0,"Shape_Le_1":73.234807229300003,"use":"Public","PK_DE_REFE":"17+193 - 17+220","Layer":"PROJECT_DELIVERED","pasos":0,"ACTA_No":0}},{"type":"Feature","id":71,"geometry":{"type":"Polygon","coordinates":[[[-74.193068499036897,4.6987087366633293],[-74.193068517974794,4.6987087981530395],[-74.19305283690359,4.6987096263842583],[-74.192962299911642,4.6987147697075793],[-74.192987431587184,4.6988194562290211],[-74.192988118386765,4.6988194063783846],[-74.193226703785101,4.6988024427150954],[-74.193221293941775,4.6987799390363758],[-74.193202381117331,4.6987011309414717],[-74.193068499036897,4.6987087366633293]]]},"properties":{"FMI":"50C-2037671","RefName":"PRG-052","DATE_DEL":1676592000000,"PARCEL_ID":"PRG-052","ACT":82,"EFR_ENTRG":"DELIVERED","FID":71,"CODIGO":"252860200000000010066000000000","USO":"Institucional","VERE":"EL HATO","MUNICIPIO":"FUNZA","CONNOTACI":"PUBLICO","PROPIETARI":"MUNICIPIO DE FUNZA","GRAVAMENES":"N/A","TIPO_DE_AF":"TOTAL","LAND_AREA":295.17000000000002,"BUILT_AREA":422.22000000000003,"TOTAL_AREA":295.17000000000002,"REST_AREA":0,"SECTION":10,"pk_ini":17228,"pk_end":17257,"VISIT_DATE":1675987200000,"OBS":" ","ID":96,"shapeArea":295.16996116600001,"plantArea":306.18318585100002,"Floors":2,"paso":0,"review":"V","SECTOR":"SUBURBANO","DIRECCION":"CALLE 25 No.8-17SUR","LyrName":" ","Color":3,"Shape_Leng":75.675356581399996,"Shape_Area":307.512621534,"NOTIFY":"1-2023-651","DATE_NOT":null,"dateMax":1676592000000,"ActivityId":" ","TYPE":"PROJECT","Trees":0,"Shape_Le_1":76.992060046399999,"use":"Public","PK_DE_REFE":"17+228 - 17+257","Layer":"PROJECT_DELIVERED","pasos":0,"ACTA_No":0}},{"type":"Feature","id":72,"geometry":{"type":"Polygon","coordinates":[[[-74.320157205227986,4.7769717950682038],[-74.320162825717063,4.7769773508978481],[-74.320179878350871,4.7769942046042795],[-74.320246306383353,4.7770553324691614],[-74.32031295879402,4.777116214278303],[-74.32038297941304,4.7771733926896385],[-74.320384324851133,4.777174877975451],[-74.320388941576581,4.7771662366732199],[-74.32016330890491,4.7769594826938757],[-74.320157205227986,4.7769717950682038]]]},"properties":{"FMI":"156-137070","RefName":"PRG-138","DATE_DEL":1675728000000,"PARCEL_ID":"PRG-138","ACT":66,"EFR_ENTRG":"DELIVERED","FID":72,"CODIGO":"252690001000000070031000000000","USO":"Privado","VERE":"CORZO","MUNICIPIO":"FACATATIVA","CONNOTACI":"PRIVADO","PROPIETARI":"FERNANDO NEIRA TRIVINO - USUFRUCTUARIO\nCRISTIAN FERNANDO NEIRA SANCHEZ - NUDO PROPIETARIO","GRAVAMENES":"N/A","TIPO_DE_AF":"PARCIAL","LAND_AREA":51.090000000000003,"BUILT_AREA":0,"TOTAL_AREA":0,"REST_AREA":0,"SECTION":16,"pk_ini":34280,"pk_end":34326,"VISIT_DATE":1675123200000,"OBS":" ","ID":178,"shapeArea":51.086880539699997,"plantArea":0,"Floors":0,"paso":0,"review":"v","SECTOR":"SUBURBANO","DIRECCION":"LOTE A","LyrName":" ","Color":3,"Shape_Leng":70.274707894700001,"Shape_Area":51.086880539699997,"NOTIFY":"1-2023-329","DATE_NOT":1674691200000,"dateMax":1675728000000,"ActivityId":" ","TYPE":"PROJECT","Trees":0,"Shape_Le_1":70.735569262599995,"use":"Private","PK_DE_REFE":"34+280 - 34+326","Layer":"PROJECT_DELIVERED","pasos":0,"ACTA_No":0}},{"type":"Feature","id":73,"geometry":{"type":"Polygon","coordinates":[[[-74.211365042871535,4.6978127344680978],[-74.211383951373406,4.6979623537095607],[-74.211445570090433,4.6979571981824799],[-74.211445548408179,4.6979569332249485],[-74.211436889844549,4.6978505224756288],[-74.211434886012825,4.6978258778061237],[-74.211434636664592,4.6978228185864621],[-74.211432829791804,4.6978006417304732],[-74.211253642312343,4.6978125767925834],[-74.2113424777273,4.6978096840536052],[-74.211365042871535,4.6978127344680978]]]},"properties":{"FMI":"50C-1776084","RefName":"PRG-065","DATE_DEL":1676592000000,"PARCEL_ID":"PRG-065","ACT":83,"EFR_ENTRG":"DELIVERED","FID":73,"CODIGO":"254730100000000360051000000000","USO":"Privado","VERE":"MOSQUERA","MUNICIPIO":"MOSQUERA","CONNOTACI":"PRIVADO","PROPIETARI":"ORGANIZACION MARTINEZ SOLARTE & CIA. S. C. A.","GRAVAMENES":"N/A","TIPO_DE_AF":"PARCIAL","LAND_AREA":129.47,"BUILT_AREA":0,"TOTAL_AREA":31998.240000000002,"REST_AREA":0,"SECTION":11,"pk_ini":19260,"pk_end":19280,"VISIT_DATE":1675987200000,"OBS":" ","ID":110,"shapeArea":129.47078899499999,"plantArea":0,"Floors":0,"paso":0,"review":"V","SECTOR":"SUBURBANO","DIRECCION":"LOTE 2","LyrName":" ","Color":3,"Shape_Leng":73.219642269100007,"Shape_Area":129.46842831399999,"NOTIFY":" ","DATE_NOT":null,"dateMax":1676592000000,"ActivityId":" ","TYPE":"PROJECT","Trees":0,"Shape_Le_1":73.692044738099995,"use":"Private","PK_DE_REFE":"19+260 - 19+280","Layer":"PROJECT_DELIVERED","pasos":0,"ACTA_No":0}},{"type":"Feature","id":74,"geometry":{"type":"MultiPolygon","coordinates":[[[[-74.212605909947541,4.6975834552215439],[-74.212140215152516,4.6976131658376286],[-74.212103822985014,4.6976154869824702],[-74.212104351708291,4.6976230532094627],[-74.212311105890876,4.697610539271686],[-74.212318326284304,4.6976101020002545],[-74.212494426007936,4.6975994414314748],[-74.212768658592424,4.697583145144681],[-74.212767826779881,4.69757434098217],[-74.212605909947541,4.6975834552215439]]],[[[-74.211509749224291,4.6976533860229877],[-74.211510101870203,4.697659310064541],[-74.211519732366483,4.6976587195104553],[-74.211543163720009,4.6976572834902237],[-74.211884533029078,4.6976363599674862],[-74.211884123418159,4.6976295026932799],[-74.211509749224291,4.6976533860229877]]],[[[-74.21250249362943,4.6977348461396407],[-74.212108038887791,4.6977587219228925],[-74.212113916748734,4.6978404429291132],[-74.212252762323487,4.6978301730363325],[-74.212573512796624,4.6978124851486935],[-74.2127878788083,4.6978006631964986],[-74.212785844836745,4.697764853975408],[-74.21278143921721,4.6977182695033601],[-74.21250249362943,4.6977348461396407]]]]},"properties":{"FMI":"50C-1619125","RefName":"PRG-067","DATE_DEL":1676592000000,"PARCEL_ID":"PRG-067","ACT":80,"EFR_ENTRG":"DELIVERED","FID":74,"CODIGO":"254730100000000360048000000000","USO":"Privado","VERE":"MOSQUERA","MUNICIPIO":"MOSQUERA","CONNOTACI":"PRIVADO","PROPIETARI":"GLADYS VELEZ BENAVIDES","GRAVAMENES":"Demanda en proceso de pertenencia","TIPO_DE_AF":"PARCIAL","LAND_AREA":773.34000000000003,"BUILT_AREA":0,"TOTAL_AREA":10037.65,"REST_AREA":0,"SECTION":11,"pk_ini":19289,"pk_end":19430,"VISIT_DATE":1675987200000,"OBS":" ","ID":112,"shapeArea":773.33651120000002,"plantArea":167.92166438999999,"Floors":1,"paso":0,"review":"V","SECTOR":"SUBURBANO","DIRECCION":"LOTE 2 \"QUITO\"","LyrName":" ","Color":3,"Shape_Leng":402.07309722500003,"Shape_Area":773.33430618399996,"NOTIFY":"1-2023-532","DATE_NOT":null,"dateMax":1676592000000,"ActivityId":" ","TYPE":"PROJECT","Trees":0,"Shape_Le_1":403.570674145,"use":"Private","PK_DE_REFE":"19+289 - 19+430","Layer":"PROJECT_DELIVERED","pasos":0,"ACTA_No":0}},{"type":"Feature","id":75,"geometry":{"type":"MultiPolygon","coordinates":[[[[-74.213655957356721,4.6975243472082466],[-74.212860989839626,4.6975690969198123],[-74.212861664744253,4.6975774896533888],[-74.213199113271841,4.697556866479923],[-74.213765123252486,4.6975232967850564],[-74.213655957356721,4.6975243472082466]]],[[[-74.213993351346659,4.6976453714446729],[-74.213892560610986,4.6976516218342939],[-74.213207211672696,4.6976922684573079],[-74.212872543621401,4.6977127219914756],[-74.212876134959131,4.6977572565590489],[-74.214028960961883,4.6976883696506162],[-74.214027408897579,4.6976606131856098],[-74.214026483628956,4.6976440681838518],[-74.213993351346659,4.6976453714446729]]]]},"properties":{"FMI":"50C-2044578","RefName":"PRG-068A","DATE_DEL":1677542400000,"PARCEL_ID":"PRG-068A","ACT":88,"EFR_ENTRG":"DELIVERED","FID":75,"CODIGO":"254730100000000360020000000000 ME","USO":"Privado","VERE":"MOSQUERA","MUNICIPIO":"MOSQUERA","CONNOTACI":" ","PROPIETARI":"CARLOS ALFONSO SABOGAL MARTINEZ","GRAVAMENES":" ","TIPO_DE_AF":"PARCIAL","LAND_AREA":706.51999999999998,"BUILT_AREA":0,"TOTAL_AREA":6030.8500000000004,"REST_AREA":0,"SECTION":11,"pk_ini":19439,"pk_end":19568,"VISIT_DATE":1676937600000,"OBS":" ","ID":114,"shapeArea":706.51533884100002,"plantArea":0,"Floors":0,"paso":0,"review":"v","SECTOR":"SUBURBANO","DIRECCION":"LOTE 4","LyrName":" ","Color":3,"Shape_Leng":468.03164600899999,"Shape_Area":706.51700861300003,"NOTIFY":" ","DATE_NOT":null,"dateMax":1677542400000,"ActivityId":" ","TYPE":"PROJECT","Trees":0,"Shape_Le_1":469.67862498,"use":"Private","PK_DE_REFE":"19+439 - 19+568","Layer":"PROJECT_DELIVERED","pasos":0,"ACTA_No":0}},{"type":"Feature","id":76,"geometry":{"type":"Polygon","coordinates":[[[-74.212876134959117,4.697757256559064],[-74.212876182864449,4.6977579582912643],[-74.212878325367043,4.6977956755766357],[-74.213059029204118,4.6977857093817281],[-74.213062160358604,4.6977855378591746],[-74.213261691672997,4.6977745334252949],[-74.213360011174075,4.6977691119520184],[-74.213461228387587,4.6977635298377711],[-74.213660995829684,4.6977525125836728],[-74.21375969207071,4.6977470692773311],[-74.213952370691572,4.6977364430810526],[-74.213971395559909,4.6977353939802082],[-74.213991983301042,4.6977342586638793],[-74.214031747178069,4.6977320654499861],[-74.214031422511823,4.6977256672703165],[-74.214031416178301,4.6977255424773414],[-74.214030886048064,4.6977062157529668],[-74.214029337490871,4.697691857485208],[-74.214028960961869,4.6976883696506588],[-74.212876134959117,4.697757256559064]]]},"properties":{"FMI":"50C-2044577","RefName":"PRG-068B","DATE_DEL":1678406400000,"PARCEL_ID":"PRG-068B","ACT":98,"EFR_ENTRG":"DELIVERED","FID":76,"CODIGO":"254730100000003030020000000000 ME","USO":"Privado","VERE":"MOSQUERA","MUNICIPIO":"MOSQUERA","CONNOTACI":"PRIVADO","PROPIETARI":"MARIA DEL PILAR SABOGAL MARTINEZ","GRAVAMENES":" ","TIPO_DE_AF":" ","LAND_AREA":583.07000000000005,"BUILT_AREA":0,"TOTAL_AREA":55330.68,"REST_AREA":0,"SECTION":11,"pk_ini":19440,"pk_end":19568,"VISIT_DATE":1677801600000,"OBS":" ","ID":115,"shapeArea":583.06888617300001,"plantArea":0,"Floors":0,"paso":0,"review":"v","SECTOR":"SUBURBANO","DIRECCION":"LOTE 3","LyrName":" ","Color":3,"Shape_Leng":265.37733918599997,"Shape_Area":583.07211487999996,"NOTIFY":"1-2023-796","DATE_NOT":null,"dateMax":1678406400000,"ActivityId":" ","TYPE":"PROJECT","Trees":0,"Shape_Le_1":266.33265554799999,"use":"Private","PK_DE_REFE":"19+440 - 19+568","Layer":"PROJECT_DELIVERED","pasos":0,"ACTA_No":0}},{"type":"Feature","id":77,"geometry":{"type":"MultiPolygon","coordinates":[[[[-74.215218236775613,4.6975587350299453],[-74.215351204008101,4.6975769540348944],[-74.215728901428065,4.6976369288016677],[-74.215721213121952,4.6975909300903229],[-74.21546902160803,4.6975480508193135],[-74.215412254354348,4.6975510751958174],[-74.215367187159828,4.6975450361088527],[-74.215322083066738,4.6975392764568058],[-74.215276919582294,4.6975340015215359],[-74.215231822674085,4.6975281044076631],[-74.215186524238518,4.6975240819569386],[-74.215141275285575,4.6975195982974158],[-74.215096019131579,4.6975151607559882],[-74.215084409007616,4.6975140417072936],[-74.215038094927536,4.6975061426874936],[-74.214888617285013,4.6975014932736157],[-74.214859325103802,4.6975005811733901],[-74.2144677063404,4.6974883994292842],[-74.214414253226195,4.697486736959851],[-74.214107843988231,4.6974772050769866],[-74.214019337445933,4.697516286620778],[-74.214019565371601,4.6975203640920009],[-74.214060253473079,4.6975193595801308],[-74.214206056441256,4.6975147760233078],[-74.214408939243285,4.6975108721218746],[-74.214743927482942,4.6975200320039692],[-74.215034023096223,4.697540045017579],[-74.215218236775613,4.6975587350299453]]],[[[-74.214885571590074,4.697744885116971],[-74.214956447971488,4.6977502418224981],[-74.215174622827632,4.6977749008032417],[-74.215320625137394,4.6977846529351819],[-74.214956447962805,4.6977501975115157],[-74.214677678829858,4.6977238955048968],[-74.21456659228194,4.6977207775986978],[-74.214885571590074,4.697744885116971]]],[[[-74.214072020191082,4.6977323756011007],[-74.214105792743638,4.6977420251654403],[-74.21412096852022,4.697766433028792],[-74.214133022949042,4.6977858207964065],[-74.214197292553109,4.6977860433198595],[-74.214194265855298,4.6977209194116432],[-74.214218880692172,4.6977197688303187],[-74.214231564858892,4.6977191749271734],[-74.214418378489142,4.6977173793963578],[-74.214428497594398,4.6977172815529675],[-74.214337329548769,4.6977152991241962],[-74.21420688751077,4.6977186814928933],[-74.214183421752281,4.6977192919778856],[-74.214175765998647,4.6977196108898758],[-74.214031422511823,4.6977256672703165],[-74.214031747330452,4.6977320660760835],[-74.214035723913398,4.6977318455511154],[-74.214072020191082,4.6977323756011007]]],[[[-74.215750441923774,4.6978557927963829],[-74.215753996180254,4.6978529914561804],[-74.215457740753692,4.6977960499185798],[-74.215457151281228,4.697796004819919],[-74.215750441923774,4.6978557927963829]]]]},"properties":{"FMI":"50C-537963","RefName":"PRG-069","DATE_DEL":1683331200000,"PARCEL_ID":"PRG-069","ACT":183,"EFR_ENTRG":"DELIVERED","FID":77,"CODIGO":"254730100000000360019000000000","USO":"Privado","VERE":"MOSQUERA","MUNICIPIO":"MOSQUERA","CONNOTACI":"PRIVADO","PROPIETARI":"INDUSTRIAL SKALIT LTDA.","GRAVAMENES":"N/A","TIPO_DE_AF":"PARCIAL","LAND_AREA":774.75999999999999,"BUILT_AREA":31.800000000000001,"TOTAL_AREA":44800,"REST_AREA":0,"SECTION":11,"pk_ini":19568,"pk_end":19765,"VISIT_DATE":1682294400000,"OBS":" ","ID":116,"shapeArea":774.74585639099996,"plantArea":0,"Floors":0,"paso":0,"review":"V","SECTOR":"SUBURBANO","DIRECCION":"Lo","LyrName":"PRG-093 F.M.I. 50C-2208560","Color":3,"Shape_Leng":721.00140038300003,"Shape_Area":774.74528844300005,"NOTIFY":"1-2023-1943","DATE_NOT":1681948800000,"dateMax":1683331200000,"ActivityId":" ","TYPE":"PROJECT","Trees":0,"Shape_Le_1":723.59088627300002,"use":"Private","PK_DE_REFE":"19+568 - 19+765","Layer":"PROJECT_DELIVERED","pasos":0,"ACTA_No":0}},{"type":"Feature","id":78,"geometry":{"type":"Polygon","coordinates":[[[-74.105985286016491,4.6400229285564913],[-74.106009305254034,4.6400465002342202],[-74.10604715395155,4.6399974624985791],[-74.105888503352119,4.6399273378505956],[-74.10588737136321,4.6399268369083941],[-74.105985286016491,4.6400229285564913]]]},"properties":{"FMI":"50C-830037","RefName":"PRG-010","DATE_DEL":1676592000000,"PARCEL_ID":"PRG-010","ACT":73,"EFR_ENTRG":"DELIVERED","FID":78,"CODIGO":"AAA0074TUKL","USO":" ","VERE":"BOGOTA","MUNICIPIO":"BOGOTA D.C.","CONNOTACI":"PRIVADO","PROPIETARI":"CHEVRON PETROLEUM COMPANY","GRAVAMENES":"N/A","TIPO_DE_AF":"PARCIAL","LAND_AREA":64.189999999999998,"BUILT_AREA":0,"TOTAL_AREA":93559.520000000004,"REST_AREA":0,"SECTION":3,"pk_ini":4885.5200000000004,"pk_end":4904.4300000000003,"VISIT_DATE":1675987200000,"OBS":" ","ID":47,"shapeArea":64.468416816800001,"plantArea":106.758445651,"Floors":0,"paso":0,"review":"V","SECTOR":"URBANO","DIRECCION":"KR 65B 18B 50 - SEGUN FOLIO ES CRA 56 N. 21-05","LyrName":" ","Color":3,"Shape_Leng":45.156429981800002,"Shape_Area":64.468051442100005,"NOTIFY":"1-2023-652","DATE_NOT":1676332800000,"dateMax":1676592000000,"ActivityId":" ","TYPE":"PROJECT","Trees":0,"Shape_Le_1":45.416114791699997,"use":"Private","PK_DE_REFE":"4+886 - 4+904","Layer":"PROJECT_DELIVERED","pasos":0,"ACTA_No":0}},{"type":"Feature","id":79,"geometry":{"type":"Polygon","coordinates":[[[-74.138911779424618,4.675009004714731],[-74.138921418561225,4.6750274562876042],[-74.138883961956381,4.6750613720479599],[-74.138917053087638,4.6750940662356548],[-74.138992462105989,4.6750170505074751],[-74.139009352643285,4.674999810189532],[-74.139006370903971,4.6749968180939874],[-74.138984737971555,4.6749751120636871],[-74.138968167825141,4.674955933131236],[-74.138911779424618,4.675009004714731]]]},"properties":{"FMI":"50C-924634","RefName":"PRG-021C","DATE_DEL":1675641600000,"PARCEL_ID":"PRG-021C","ACT":62,"EFR_ENTRG":"DELIVERED","FID":79,"CODIGO":"AAA0078LLNX","USO":" ","VERE":" ","MUNICIPIO":"BOGOTA D.C.","CONNOTACI":" ","PROPIETARI":"INSTITUTO DE DESARROLLO URBANO","GRAVAMENES":" ","TIPO_DE_AF":"TOTAL","LAND_AREA":89.450000000000003,"BUILT_AREA":0,"TOTAL_AREA":139.84999999999999,"REST_AREA":0,"SECTION":6,"pk_ini":10225,"pk_end":10229,"VISIT_DATE":1675123200000,"OBS":" ","ID":62,"shapeArea":89.374981973399997,"plantArea":167.92166438999999,"Floors":0,"paso":0,"review":"V","SECTOR":"URBANO","DIRECCION":"CL 22A 96I 79","LyrName":" ","Color":3,"Shape_Leng":42.914209172600003,"Shape_Area":89.374195128699995,"NOTIFY":"1-2023-329","DATE_NOT":1674691200000,"dateMax":1675641600000,"ActivityId":" ","TYPE":"PROJECT","Trees":0,"Shape_Le_1":43.203579460500002,"use":"Public","PK_DE_REFE":"10+225 - 10+229","Layer":"PROJECT_DELIVERED","pasos":0,"ACTA_No":0}},{"type":"Feature","id":80,"geometry":{"type":"Polygon","coordinates":[[[-74.138992462105989,4.6750170505074751],[-74.138917053087638,4.6750940662356548],[-74.138981649768439,4.6751569814611527],[-74.139038589349923,4.6750991296483253],[-74.139070836573637,4.6750663655224507],[-74.139070998792079,4.6750662009240216],[-74.139050377700414,4.6750409689075658],[-74.139025837840194,4.6750163512601235],[-74.139009352643285,4.674999810189532],[-74.138992462105989,4.6750170505074751]]]},"properties":{"FMI":"50C-149568","RefName":"PRG-021B","DATE_DEL":1675641600000,"PARCEL_ID":"PRG-021B","ACT":61,"EFR_ENTRG":"DELIVERED","FID":80,"CODIGO":"AAA0078LLMR","USO":" ","VERE":" ","MUNICIPIO":"BOGOTA D.C.","CONNOTACI":" ","PROPIETARI":"INSTITUTO DE DESARROLLO URBANO","GRAVAMENES":" ","TIPO_DE_AF":"TOTAL","LAND_AREA":144.91999999999999,"BUILT_AREA":0,"TOTAL_AREA":261.38,"REST_AREA":0,"SECTION":6,"pk_ini":10229,"pk_end":10238,"VISIT_DATE":1675123200000,"OBS":" ","ID":61,"shapeArea":144.80693146900001,"plantArea":19.787465966100001,"Floors":0,"paso":0,"review":"V","SECTOR":"URBANO","DIRECCION":"CL 22A 96I 85","LyrName":" ","Color":3,"Shape_Leng":48.754903274100002,"Shape_Area":144.84413506600001,"NOTIFY":"1-2023-329","DATE_NOT":1674691200000,"dateMax":1675641600000,"ActivityId":" ","TYPE":"PROJECT","Trees":0,"Shape_Le_1":49.0833917681,"use":"Public","PK_DE_REFE":"10+229 - 10+238","Layer":"PROJECT_DELIVERED","pasos":0,"ACTA_No":0}},{"type":"Feature","id":81,"geometry":{"type":"Polygon","coordinates":[[[-74.138981649768439,4.6751569814611527],[-74.139030472710814,4.6752071572614522],[-74.139072210395938,4.6751311970961087],[-74.139038589349923,4.6750991296483253],[-74.138981649768439,4.6751569814611527]]]},"properties":{"FMI":"50C-132876","RefName":"PRG-021","DATE_DEL":1675641600000,"PARCEL_ID":"PRG-021","ACT":59,"EFR_ENTRG":"DELIVERED","FID":81,"CODIGO":"AAA0078LLLF","USO":" ","VERE":" ","MUNICIPIO":"BOGOTA D.C.","CONNOTACI":" ","PROPIETARI":"INSTITUTO DE DESARROLLO URBANO","GRAVAMENES":" ","TIPO_DE_AF":"TOTAL","LAND_AREA":58.780000000000001,"BUILT_AREA":0,"TOTAL_AREA":103.2,"REST_AREA":0,"SECTION":6,"pk_ini":10239,"pk_end":10246,"VISIT_DATE":1675123200000,"OBS":" ","ID":59,"shapeArea":58.730096502999999,"plantArea":670.09060240500003,"Floors":0,"paso":0,"review":"V","SECTOR":"URBANO","DIRECCION":"CL 22A 96I 93","LyrName":" ","Color":3,"Shape_Leng":31.4836647132,"Shape_Area":58.7313361665,"NOTIFY":"1-2023-329","DATE_NOT":1674691200000,"dateMax":1675641600000,"ActivityId":" ","TYPE":"PROJECT","Trees":0,"Shape_Le_1":31.711155922300001,"use":"Public","PK_DE_REFE":"10+239 - 10+246","Layer":"PROJECT_DELIVERED","pasos":0,"ACTA_No":0}},{"type":"Feature","id":82,"geometry":{"type":"Polygon","coordinates":[[[-74.139070836573637,4.6750663655224507],[-74.139038589349923,4.6750991296483253],[-74.139072210395938,4.6751311970961087],[-74.139086066138191,4.675102023786339],[-74.139085113654232,4.6750834755957227],[-74.139070998792079,4.6750662009240216],[-74.139070836573637,4.6750663655224507]]]},"properties":{"FMI":"50C-235872","RefName":"PRG-021A","DATE_DEL":1675641600000,"PARCEL_ID":"PRG-021A","ACT":60,"EFR_ENTRG":"DELIVERED","FID":82,"CODIGO":"AAA0078LLKC","USO":" ","VERE":" ","MUNICIPIO":"BOGOTA D.C.","CONNOTACI":" ","PROPIETARI":"INSTITUTO DE DESARROLLO URBANO","GRAVAMENES":" ","TIPO_DE_AF":"TOTAL","LAND_AREA":20.43,"BUILT_AREA":0,"TOTAL_AREA":140.59999999999999,"REST_AREA":0,"SECTION":6,"pk_ini":10238,"pk_end":10244,"VISIT_DATE":1675123200000,"OBS":" ","ID":60,"shapeArea":20.413080730099999,"plantArea":131.79876460099999,"Floors":0,"paso":0,"review":"V","SECTOR":"URBANO","DIRECCION":"AK 97 22 16","LyrName":" ","Color":3,"Shape_Leng":18.361621341700001,"Shape_Area":20.413911393999999,"NOTIFY":"1-2023-329","DATE_NOT":1674691200000,"dateMax":1675641600000,"ActivityId":" ","TYPE":"PROJECT","Trees":0,"Shape_Le_1":18.499577197899999,"use":"Public","PK_DE_REFE":"10+238 - 10+244","Layer":"PROJECT_DELIVERED","pasos":0,"ACTA_No":0}},{"type":"Feature","id":83,"geometry":{"type":"MultiPolygon","coordinates":[[[[-74.189996099317426,4.698947342266405],[-74.189693598991781,4.6989688999514732],[-74.189690966414403,4.6989700678352344],[-74.189672264183343,4.6989714345393727],[-74.18954427782883,4.6989807875672192],[-74.18926240138876,4.6990013868028546],[-74.189082386759495,4.6990145416522955],[-74.189094401041729,4.6990633361256657],[-74.189104575438932,4.6991046622231982],[-74.190055526862281,4.6990467838145973],[-74.190758290479707,4.6990040590607736],[-74.192033271048501,4.6989261165528466],[-74.19267472610899,4.6988870533412666],[-74.192659604778683,4.6988331021872618],[-74.192656191858063,4.6988134955726393],[-74.192584296965961,4.6988190191938166],[-74.19244345313507,4.6988272191706937],[-74.192372687366827,4.6988313390999101],[-74.192318704078602,4.6988345664203477],[-74.192254364694321,4.6988384139871417],[-74.192200479648051,4.6988416358564553],[-74.192153566273348,4.6988445002782484],[-74.192110514125574,4.698847127133793],[-74.192024356651686,4.6988523862714695],[-74.192020547700224,4.6988526193039872],[-74.191995165805878,4.6988541680288414],[-74.191932681333967,4.6988579827063388],[-74.191575377838674,4.6988840762543242],[-74.191571005573394,4.6988843907641895],[-74.191004610120231,4.6989249048177113],[-74.190729565447157,4.6989434019238017],[-74.190724328567612,4.6988919205892836],[-74.190227778993673,4.6989308319901477],[-74.189996099317426,4.698947342266405]]],[[[-74.192034489144746,4.6989341465965797],[-74.190759066914822,4.6990120982218917],[-74.190057411973228,4.6990551754773389],[-74.189106613745821,4.6991129417301805],[-74.189118783159714,4.6991623682885537],[-74.189122233375386,4.6991733912363047],[-74.190074772135958,4.6991043778156367],[-74.190213629246713,4.6990943166689192],[-74.190372700989485,4.6990827917664904],[-74.19038788978898,4.6990809544686263],[-74.190462131917542,4.6990763123917345],[-74.191303797343039,4.6990103817586615],[-74.191391367858287,4.699003521855655],[-74.192679097379781,4.6989026501014122],[-74.192677162910243,4.6988957505607294],[-74.192034489144746,4.6989341465965797]]]]},"properties":{"FMI":"50C-1930541","RefName":"PRG-039","DATE_DEL":1681084800000,"PARCEL_ID":"PRG-039","ACT":130,"EFR_ENTRG":"DELIVERED","FID":83,"CODIGO":"252860000000000071363000000000","USO":"Publico","VERE":"EL HATO","MUNICIPIO":"FUNZA","CONNOTACI":"PRIVADO","PROPIETARI":"FIDUCIARIA BOGOTA S.A VOCERA DEL FIDEICOMISO  CALABAZAL","GRAVAMENES":"N/A","TIPO_DE_AF":"TOTAL","LAND_AREA":5692.2399999999998,"BUILT_AREA":0,"TOTAL_AREA":0,"REST_AREA":0,"SECTION":10,"pk_ini":16789,"pk_end":17196,"VISIT_DATE":1680220800000,"OBS":" ","ID":82,"shapeArea":5692.2296207700001,"plantArea":10,"Floors":1,"paso":0,"review":"v","SECTOR":"SUBURBANO","DIRECCION":"FERROCARRIL AREA DE CESIONES","LyrName":" ","Color":3,"Shape_Leng":826.70726654500004,"Shape_Area":5331.4708795300003,"NOTIFY":"1-2023-1493","DATE_NOT":null,"dateMax":1681084800000,"ActivityId":" ","TYPE":"PROJECT","Trees":0,"Shape_Le_1":1624.14305601,"use":"Public","PK_DE_REFE":"16+789 - 17+196","Layer":"PROJECT_DELIVERED","pasos":0,"ACTA_No":0}},{"type":"Feature","id":84,"geometry":{"type":"MultiPolygon","coordinates":[[[[-74.180011275095808,4.6997506442464765],[-74.179602795940966,4.6997943650511234],[-74.178580517323482,4.6998988168297915],[-74.1785349757304,4.6999525392751638],[-74.178309672534354,4.6999774728984365],[-74.178901555895663,4.6999324086147736],[-74.179602430555832,4.6998662945945089],[-74.179906399796778,4.6998376205438079],[-74.180446116110147,4.6997867081314348],[-74.181088266394013,4.699726131131202],[-74.181144333386499,4.6997391972679745],[-74.181152981211042,4.6997122177900135],[-74.181177457101313,4.6996358626018226],[-74.180914838155573,4.6996591133668781],[-74.180011275095808,4.6997506442464765]]],[[[-74.170211173767527,4.6998487205355657],[-74.170314552143793,4.69989684667412],[-74.170497575840642,4.6999703117179559],[-74.170789336972859,4.7000963069439488],[-74.1708307343646,4.7001131884366094],[-74.170921218590948,4.7001487110701143],[-74.1710316867822,4.7001893376335353],[-74.171138574347736,4.7002256538272968],[-74.170957392478783,4.700156333148402],[-74.170527135283692,4.6999468898309393],[-74.170250027854294,4.6997925723499607],[-74.170211173767527,4.6998487205355657]]],[[[-74.175321496095762,4.7002691525161522],[-74.175623776078922,4.7002493382521733],[-74.175997040376373,4.700207356495012],[-74.176033122639154,4.7002039747119104],[-74.176023491679103,4.7002018093533984],[-74.175321496095762,4.7002691525161522]]],[[[-74.173640834037755,4.7004391176102525],[-74.17329438845907,4.700481649669471],[-74.17319018772875,4.7004925355658562],[-74.173317759211784,4.7004837706744373],[-74.173414576596343,4.7004751845241923],[-74.173683596769834,4.7004475796428471],[-74.173690245760682,4.7004469574661378],[-74.173952314888751,4.7004193389719013],[-74.174041036584114,4.7004044345564182],[-74.174131063201912,4.7003946772654723],[-74.174222876826676,4.7003891509684212],[-74.174310547577491,4.7003808562461051],[-74.174572325763492,4.7003484564878608],[-74.174713035093745,4.7003344987885507],[-74.174832135875405,4.700319270814405],[-74.174937209873406,4.7003079522925661],[-74.175026454937566,4.7002976361338584],[-74.175116778846288,4.7002935206471275],[-74.175236846590366,4.7002772724101947],[-74.174628243099747,4.7003356545590176],[-74.17445330400443,4.7003551179045795],[-74.17443165530571,4.700350247604252],[-74.173640834037755,4.7004391176102525]]]]},"properties":{"FMI":"50C-671943","RefName":"PRG-032","DATE_DEL":1681084800000,"PARCEL_ID":"PRG-032","ACT":128,"EFR_ENTRG":"DELIVERED","FID":84,"CODIGO":"252860000000000060382000000000","USO":"Privado","VERE":"LA FLORIDA","MUNICIPIO":"FUNZA","CONNOTACI":"PRIVADO","PROPIETARI":"INMOBILIARIA LA RAMADA S.A.S","GRAVAMENES":"Servidumbre de transito de oleoducto\nServididumbre de  tránsito de oleoducto","TIPO_DE_AF":"PARCIAL","LAND_AREA":2998.1199999999999,"BUILT_AREA":0,"TOTAL_AREA":292724.90999999997,"REST_AREA":0,"SECTION":9,"pk_ini":14688.219999999999,"pk_end":15916.559999999999,"VISIT_DATE":1680220800000,"OBS":" ","ID":74,"shapeArea":2998.1107043799998,"plantArea":28.5356134313,"Floors":1,"paso":0,"review":"v","SECTOR":"SUBURBANO","DIRECCION":"LO 6B","LyrName":" ","Color":3,"Shape_Leng":1494.31224589,"Shape_Area":2998.0777925900002,"NOTIFY":"1-2023-1493","DATE_NOT":null,"dateMax":1681084800000,"ActivityId":" ","TYPE":"PROJECT","Trees":0,"Shape_Le_1":1499.79029593,"use":"Private","PK_DE_REFE":"14+688 - 15+917","Layer":"PROJECT_DELIVERED","pasos":0,"ACTA_No":0}},{"type":"Feature","id":85,"geometry":{"type":"Polygon","coordinates":[[[-74.172168415351777,4.7003769979309604],[-74.172239143868282,4.7003883319505162],[-74.17240257535066,4.7004119935226649],[-74.172454822070449,4.7004157085349778],[-74.172613550575221,4.7004269943489643],[-74.172795710229821,4.7004205434579687],[-74.173327171759411,4.700378248481428],[-74.173705403800795,4.7003385298412441],[-74.174141521434976,4.7002911290214167],[-74.174368761787463,4.7002657054325976],[-74.174441950046003,4.7002575167021083],[-74.174450650208513,4.7002160132166253],[-74.174247339593421,4.7002381056599036],[-74.173979582924147,4.7002638187712904],[-74.173668294382736,4.7002986260758961],[-74.173031050697915,4.7003539858764745],[-74.172791555217742,4.7003681719757653],[-74.172655660682508,4.7003686092371479],[-74.172547548895565,4.7003646269513313],[-74.172442620333328,4.7003587487870666],[-74.172346410985497,4.7003513438540692],[-74.172224460780129,4.700337892591091],[-74.172130614210786,4.7003267769343307],[-74.171980300944895,4.7003053688619429],[-74.171868998002594,4.7002844456105572],[-74.171764443853831,4.7002610318705687],[-74.171651407626044,4.700233017240806],[-74.171536244646617,4.7002010130756791],[-74.171315281051932,4.7001322992209422],[-74.17122082773038,4.7000994430705747],[-74.171100480284011,4.700053274459937],[-74.170975890551361,4.7000020947259866],[-74.170889285237834,4.6999635294895814],[-74.170675829148806,4.6998558885142749],[-74.170622804275666,4.6998290964528415],[-74.170588229706382,4.6998105148426603],[-74.170571708204008,4.6998156164379008],[-74.170929865070264,4.7000138623178831],[-74.171349229544205,4.70018014516695],[-74.171775791617947,4.7003018869387647],[-74.171951218339927,4.7003421971004684],[-74.172168415351777,4.7003769979309604]]]},"properties":{"FMI":"50C-1937588","RefName":"PRG-033","DATE_DEL":1683331200000,"PARCEL_ID":"PRG-033","ACT":177,"EFR_ENTRG":"DELIVERED","FID":85,"CODIGO":"252860000000000060383000000000","USO":"Privado","VERE":"LA FLORIDA","MUNICIPIO":"FUNZA","CONNOTACI":"PUBLICO","PROPIETARI":"MUNICIPIO DE FUNZA","GRAVAMENES":"N/A","TIPO_DE_AF":"TOTAL","LAND_AREA":1978.04,"BUILT_AREA":0,"TOTAL_AREA":0,"REST_AREA":0,"SECTION":9,"pk_ini":14721.51,"pk_end":15166.120000000001,"VISIT_DATE":1682294400000,"OBS":" ","ID":75,"shapeArea":1978.0322646699999,"plantArea":10.460807340100001,"Floors":0,"paso":0,"review":"v","SECTOR":"SUBURBANO","DIRECCION":"LÍNEA FERREA","LyrName":" ","Color":3,"Shape_Leng":888.921446414,"Shape_Area":1978.0647367500001,"NOTIFY":"1-2023-1943","DATE_NOT":1681948800000,"dateMax":1683331200000,"ActivityId":" ","TYPE":"PROJECT","Trees":0,"Shape_Le_1":892.24749940499999,"use":"Private","PK_DE_REFE":"14+722 - 15+166","Layer":"PROJECT_DELIVERED","pasos":0,"ACTA_No":0}},{"type":"Feature","id":86,"geometry":{"type":"Polygon","coordinates":[[[-74.172346410985497,4.7003513438540692],[-74.172442620333328,4.7003587487870666],[-74.172547548895565,4.7003646269513313],[-74.172655660682508,4.7003686092371479],[-74.172791555217742,4.7003681719757653],[-74.173031050697915,4.7003539858764745],[-74.173668294382736,4.7002986260758961],[-74.173979582924147,4.7002638187712904],[-74.174247339593421,4.7002381056599036],[-74.174450650208513,4.7002160132166253],[-74.174451995900128,4.7002095888309698],[-74.174454652245359,4.7001975629841022],[-74.17437976040992,4.7002051777175211],[-74.174122388887398,4.7002313443063555],[-74.174053530428552,4.700238344143802],[-74.173962505092092,4.7002475969591764],[-74.173946778994079,4.7002491961421038],[-74.173745308061484,4.700272065889072],[-74.173744804228647,4.7002721229299942],[-74.173416903677875,4.7003093442038262],[-74.173208567251592,4.7003251457713535],[-74.173208377073976,4.7003251602663969],[-74.17299984775542,4.7003409762671202],[-74.172965432853587,4.7003173803713034],[-74.172954878445722,4.7003181794158992],[-74.172702866744018,4.7003026182027154],[-74.172650532319366,4.7003101021619198],[-74.172608375021426,4.7003062537585309],[-74.172529490043758,4.7002988139312887],[-74.172314006493508,4.7002776047182957],[-74.172249651030356,4.7002712706589547],[-74.172205709977149,4.7002671475641646],[-74.172161392771116,4.700260795400272],[-74.172117622222103,4.7002578044694685],[-74.17207490911558,4.7002495213862323],[-74.172030373797369,4.7002432162675118],[-74.171986475664667,4.7002365249203564],[-74.17194361953392,4.700230349788681],[-74.171900758334758,4.7002199940424676],[-74.171855892015444,4.7002120675344123],[-74.171822379156367,4.7002068940070245],[-74.171543665530564,4.7001627237036558],[-74.171507170401256,4.7001523869687825],[-74.171459157040246,4.7001405415916286],[-74.1714207241792,4.7001310596837769],[-74.171400144325602,4.7001250515260482],[-74.171379564472218,4.7001190424634238],[-74.171294882871436,4.7000896231831968],[-74.171253052317056,4.7000756138565576],[-74.171210751186763,4.7000609607238335],[-74.171176892388047,4.7000502175829908],[-74.171176722030182,4.7000501615388259],[-74.17116794636037,4.7000473765474098],[-74.171125747268519,4.7000341124117568],[-74.171083247872943,4.7000196175515709],[-74.171041487917478,4.700007764071171],[-74.171001540655951,4.6999901119266063],[-74.170959445842556,4.6999747334962274],[-74.170918921844631,4.6999578889705944],[-74.170915620101141,4.6999564524687907],[-74.170798938674665,4.699905678580822],[-74.170796885338333,4.6999047844957325],[-74.170778271875236,4.6998964339001956],[-74.170677081345119,4.6998510331208605],[-74.170639173941836,4.6998276690773277],[-74.170598211466043,4.6998074325344676],[-74.170588229706382,4.6998105148426603],[-74.170622804275666,4.6998290964528415],[-74.170675829148806,4.6998558885142749],[-74.170889285237834,4.6999635294895814],[-74.170975890551361,4.7000020947259866],[-74.171100480284011,4.700053274459937],[-74.17122082773038,4.7000994430705747],[-74.171315281051932,4.7001322992209422],[-74.171536244646617,4.7002010130756791],[-74.171651407626044,4.700233017240806],[-74.171764443853831,4.7002610318705687],[-74.171868998002594,4.7002844456105572],[-74.171980300944895,4.7003053688619429],[-74.172130614210786,4.7003267769343307],[-74.172224460780129,4.700337892591091],[-74.172346410985497,4.7003513438540692]]]},"properties":{"FMI":"50C-1937854","RefName":"PRG-033A","DATE_DEL":1683331200000,"PARCEL_ID":"PRG-033A","ACT":178,"EFR_ENTRG":"DELIVERED","FID":86,"CODIGO":"252860000000000060383000000000","USO":"Privado","VERE":"LA FLORIDA","MUNICIPIO":"FUNZA","CONNOTACI":"PUBLICO","PROPIETARI":"MUNICIPIO DE FUNZA","GRAVAMENES":"N/A","TIPO_DE_AF":"TOTAL","LAND_AREA":1678.97,"BUILT_AREA":0,"TOTAL_AREA":0,"REST_AREA":0,"SECTION":9,"pk_ini":14725,"pk_end":15005,"VISIT_DATE":1682294400000,"OBS":" ","ID":76,"shapeArea":1678.97046129,"plantArea":3.5390254415200002,"Floors":0,"paso":0,"review":"v","SECTOR":"SUBURBANO","DIRECCION":"LÍNEA FERREA","LyrName":" ","Color":3,"Shape_Leng":881.25382260599997,"Shape_Area":1678.9482698500001,"NOTIFY":"1-2023-1943","DATE_NOT":1681948800000,"dateMax":1683331200000,"ActivityId":" ","TYPE":"PROJECT","Trees":0,"Shape_Le_1":884.49396010199996,"use":"Private","PK_DE_REFE":"14+725 - 15+005","Layer":"PROJECT_DELIVERED","pasos":0,"ACTA_No":0}},{"type":"Feature","id":87,"geometry":{"type":"Polygon","coordinates":[[[-74.190724328567612,4.6988919205892836],[-74.190729565447157,4.6989434019238017],[-74.191004610120231,4.6989249048177113],[-74.191003394098672,4.6988571832900785],[-74.190723537963819,4.6988798563609189],[-74.190724328567612,4.6988919205892836]]]},"properties":{"FMI":"50C-1350530","RefName":"PRG-040","DATE_DEL":1676419200000,"PARCEL_ID":"PRG-040","ACT":68,"EFR_ENTRG":"DELIVERED","FID":87,"CODIGO":"252860000000000071270000000000","USO":"Privado","VERE":"EL HATO","MUNICIPIO":"FUNZA","CONNOTACI":"PRIVADO","PROPIETARI":"COLEMPAQUES LTDA.","GRAVAMENES":"N/A","TIPO_DE_AF":"TOTAL","LAND_AREA":171,"BUILT_AREA":0,"TOTAL_AREA":0,"REST_AREA":0,"SECTION":10,"pk_ini":16979,"pk_end":17010,"VISIT_DATE":1675382400000,"OBS":" ","ID":84,"shapeArea":171.00091387399999,"plantArea":108.614743527,"Floors":0,"paso":0,"review":"V","SECTOR":"SUBURBANO","DIRECCION":"LOTE 3 - COLEMPAQUES LTDA VEREDA EL HATO","LyrName":" ","Color":3,"Shape_Leng":72.736459687700005,"Shape_Area":224.46901524,"NOTIFY":" ","DATE_NOT":null,"dateMax":1676419200000,"ActivityId":" ","TYPE":"PROJECT","Trees":0,"Shape_Le_1":73.055751818900006,"use":"Private","PK_DE_REFE":"16+979 - 17+010","Layer":"PROJECT_DELIVERED","pasos":0,"ACTA_No":0}},{"type":"Feature","id":88,"geometry":{"type":"MultiPolygon","coordinates":[[[[-74.194335157881753,4.6987076628366093],[-74.194154988308526,4.6987146832970828],[-74.19409169901077,4.6987186556515539],[-74.194065030961212,4.6987203285566528],[-74.194054183039967,4.6987227086968399],[-74.19405541908047,4.6987301075274823],[-74.194055464146132,4.6987301048070131],[-74.194477485549669,4.6987013576564429],[-74.194335157881753,4.6987076628366093]]],[[[-74.200054732819495,4.6984959485281657],[-74.199494277772132,4.6985244782153748],[-74.198432901864805,4.6985933452040953],[-74.197229162561328,4.6986663134676112],[-74.19582933345562,4.6987523078541953],[-74.195531737874418,4.6987704353901529],[-74.195244479884678,4.6987852332051743],[-74.194587186100875,4.6988130337749006],[-74.194083682119498,4.6988565339186135],[-74.194076657311655,4.6988571382658675],[-74.194088628070446,4.6989077331269122],[-74.194095979174691,4.6989072318159089],[-74.195191361159559,4.6988324867705682],[-74.195257832126046,4.6988285065443112],[-74.195451443265341,4.6988169122543422],[-74.19551325894443,4.6988132104135198],[-74.195535514174978,4.6988118773151548],[-74.196265954702355,4.6987626738310313],[-74.196862465684291,4.6987232499947416],[-74.197584565345053,4.698680421018496],[-74.197665553797393,4.6986759868136927],[-74.197754416125804,4.6986711226001212],[-74.199650265306943,4.6985673231709493],[-74.199695135990382,4.698563115708752],[-74.200147205616133,4.6985364723271728],[-74.200482471508025,4.6985173658618278],[-74.200829996133919,4.6984975607513952],[-74.201172329173843,4.69847805119303],[-74.201246529178519,4.6984756886392729],[-74.201276200527531,4.6984747437979717],[-74.201277496821263,4.6984349522753872],[-74.200054732819495,4.6984959485281657]]]]},"properties":{"FMI":"50C-1650661","RefName":"PRG-055","DATE_DEL":1682294400000,"PARCEL_ID":"PRG-055","ACT":168,"EFR_ENTRG":"DELIVERED","FID":88,"CODIGO":"252860000000000071259000000000","USO":"Privado","VERE":"EL HATO","MUNICIPIO":"FUNZA","CONNOTACI":"PRIVADO","PROPIETARI":"AGROBETANIA SA","GRAVAMENES":"SERVIDUMBRE DE GASEODUCTO","TIPO_DE_AF":"PARCIAL","LAND_AREA":3827.9299999999998,"BUILT_AREA":0,"TOTAL_AREA":0,"REST_AREA":0,"SECTION":10,"pk_ini":17343,"pk_end":18147,"VISIT_DATE":1681689600000,"OBS":" ","ID":100,"shapeArea":3827.9219752099998,"plantArea":0,"Floors":0,"paso":0,"review":"v","SECTOR":"SUBURBANO","DIRECCION":"LOTE","LyrName":" ","Color":3,"Shape_Leng":1704.1871819800001,"Shape_Area":3827.8690053400001,"NOTIFY":" ","DATE_NOT":null,"dateMax":1682294400000,"ActivityId":" ","TYPE":"PROJECT","Trees":0,"Shape_Le_1":1710.00478443,"use":"Private","PK_DE_REFE":"17+343 - 18+147","Layer":"PROJECT_DELIVERED","pasos":0,"ACTA_No":0}},{"type":"Feature","id":89,"geometry":{"type":"Polygon","coordinates":[[[-74.202344030883154,4.6983639476910888],[-74.202186148179521,4.6983741674765929],[-74.20172709226766,4.6984038835408084],[-74.201727190129887,4.6984526482479536],[-74.201727638083952,4.6984526318906328],[-74.201812284239836,4.6984493522573256],[-74.201965876782467,4.6984397310683583],[-74.202252968008935,4.698421747362171],[-74.20244709973403,4.6984095867547424],[-74.202469951590487,4.698408155663671],[-74.202516634127448,4.6984052318108924],[-74.202704254766132,4.6983934783331165],[-74.202869638217365,4.6983830056845051],[-74.203060174561998,4.6983709432184995],[-74.203265647498696,4.698358310102094],[-74.203784117011111,4.6983258404118651],[-74.203783721920999,4.6983241105453368],[-74.203771546287939,4.6982707812823374],[-74.202344030883154,4.6983639476910888]]]},"properties":{"FMI":"50C-1192502","RefName":"PRG-056","DATE_DEL":1677801600000,"PARCEL_ID":"PRG-056","ACT":92,"EFR_ENTRG":"DELIVERED","FID":89,"CODIGO":"254730100000000360049000000000","USO":"Privado","VERE":"MOSQUERA","MUNICIPIO":"MOSQUERA","CONNOTACI":"PRIVADO","PROPIETARI":"TAPON CORONA DE COLOMBIA SA","GRAVAMENES":"N/A","TIPO_DE_AF":"PARCIAL","LAND_AREA":1337.8,"BUILT_AREA":24.649999999999999,"TOTAL_AREA":3507230,"REST_AREA":0,"SECTION":11,"pk_ini":18201,"pk_end":18428,"VISIT_DATE":1677196800000,"OBS":" ","ID":101,"shapeArea":1337.82416549,"plantArea":131.79876460099999,"Floors":1,"paso":0,"review":"v","SECTOR":"SUBURBANO","DIRECCION":"Lo SIN DIRECCION","LyrName":" ","Color":3,"Shape_Leng":467.58817777000002,"Shape_Area":1337.0233151800001,"NOTIFY":" ","DATE_NOT":null,"dateMax":1677801600000,"ActivityId":" ","TYPE":"PROJECT","Trees":0,"Shape_Le_1":469.24148627,"use":"Private","PK_DE_REFE":"18+201 - 18+428","Layer":"PROJECT_DELIVERED","pasos":0,"ACTA_No":0}},{"type":"Feature","id":90,"geometry":{"type":"Polygon","coordinates":[[[-74.203783721920999,4.6983241105453368],[-74.203784117011111,4.6983258404118651],[-74.203833037489176,4.6983227659510449],[-74.204084791786187,4.6983069944023592],[-74.204378763491405,4.6982885790289162],[-74.204478396244781,4.6982823374550859],[-74.204490091660006,4.6982816046455582],[-74.204494701867304,4.6982813162364625],[-74.204478128089193,4.6982747955890103],[-74.204448433411272,4.6982712497851846],[-74.204357033907513,4.6982707147935896],[-74.204244782121179,4.6982790014721196],[-74.204125026152255,4.6982935228792169],[-74.2039735783938,4.6983007287509366],[-74.203783721920999,4.6983241105453368]]]},"properties":{"FMI":"50C-1598183","RefName":"PRG-060A","DATE_DEL":1679961600000,"PARCEL_ID":"PRG-060A","ACT":120,"EFR_ENTRG":"DELIVERED","FID":90,"CODIGO":"254730100000000360028000000000","USO":"Privado","VERE":"MOSQUERA","MUNICIPIO":"MOSQUERA","CONNOTACI":"PRIVADO","PROPIETARI":"SOCIEDAD INVERSIONES COMPOSTELA S.A.S.\nSOCIEDAD INVERSIONES COMPOSTELA S.A.S.","GRAVAMENES":" ","TIPO_DE_AF":" ","LAND_AREA":109.33,"BUILT_AREA":0,"TOTAL_AREA":2908.1700000000001,"REST_AREA":0,"SECTION":11,"pk_ini":18428,"pk_end":18510,"VISIT_DATE":1679356800000,"OBS":" ","ID":0,"shapeArea":109.323318194,"plantArea":0,"Floors":0,"paso":0,"review":"V","SECTOR":"SUBURBANO","DIRECCION":"AV TRONCAL DE OCCIDENTE 30 385 EST","LyrName":" ","Color":3,"Shape_Leng":158.535992851,"Shape_Area":109.32627060999999,"NOTIFY":"1-2023-1305","DATE_NOT":null,"dateMax":1679961600000,"ActivityId":" ","TYPE":"PROJECT","Trees":0,"Shape_Le_1":159.07607356400001,"use":"Private","PK_DE_REFE":"18+428 - 18+510","Layer":"PROJECT_DELIVERED","pasos":0,"ACTA_No":0}},{"type":"Feature","id":91,"geometry":{"type":"Polygon","coordinates":[[[-74.204494587381319,4.6982264203405766],[-74.204517049880479,4.6982799159166664],[-74.204565360164793,4.6982768894440028],[-74.204646367317181,4.6982718150825988],[-74.204646123845066,4.6982711784953421],[-74.204625131143672,4.6982163135358697],[-74.204623726219964,4.6982126423082704],[-74.204494587381319,4.6982264203405766]]]},"properties":{"FMI":"50C-1598183","RefName":"PRG-060B","DATE_DEL":1681862400000,"PARCEL_ID":"PRG-060B","ACT":146,"EFR_ENTRG":"DELIVERED","FID":91,"CODIGO":"254730100000000360028000000000","USO":"Privado","VERE":"MOSQUERA","MUNICIPIO":"MOSQUERA","CONNOTACI":"PRIVADO","PROPIETARI":"SOCIEDAD INVERSIONES COMPOSTELA S.A.S.","GRAVAMENES":" ","TIPO_DE_AF":" ","LAND_AREA":92.340000000000003,"BUILT_AREA":0,"TOTAL_AREA":2908.1700000000001,"REST_AREA":0,"SECTION":11,"pk_ini":18428,"pk_end":18510,"VISIT_DATE":1681257600000,"OBS":" ","ID":0,"shapeArea":92.345136033499998,"plantArea":0,"Floors":0,"paso":0,"review":"V","SECTOR":"SUBURBANO","DIRECCION":"LO","LyrName":" ","Color":3,"Shape_Leng":42.212389647199998,"Shape_Area":92.343676259099993,"NOTIFY":"1-2023-1673","DATE_NOT":null,"dateMax":1681862400000,"ActivityId":" ","TYPE":"PROJECT","Trees":0,"Shape_Le_1":42.432560634799998,"use":"Private","PK_DE_REFE":"18+428 - 18+510","Layer":"PROJECT_DELIVERED","pasos":0,"ACTA_No":0}},{"type":"Feature","id":92,"geometry":{"type":"Polygon","coordinates":[[[-74.203771546287939,4.6982707812823374],[-74.203783721920999,4.6983241105453368],[-74.2039735783938,4.6983007287509366],[-74.204125026152255,4.6982935228792169],[-74.204244782121179,4.6982790014721196],[-74.204357033907513,4.6982707147935896],[-74.204448433411272,4.6982712497851846],[-74.204478128089193,4.6982747955890103],[-74.204494701867304,4.6982813162364625],[-74.204517049880479,4.6982799159166664],[-74.204494587381319,4.6982264203405766],[-74.204486105143943,4.6982269653735589],[-74.204339759380375,4.698236912251998],[-74.203771546287939,4.6982707812823374]]]},"properties":{"FMI":"50C-1714586","RefName":"PRG-060","DATE_DEL":1679961600000,"PARCEL_ID":"PRG-060","ACT":119,"EFR_ENTRG":"DELIVERED","FID":92,"CODIGO":"254730100000000360029000000000","USO":"Privado","VERE":"MOSQUERA","MUNICIPIO":"MOSQUERA","CONNOTACI":"PRIVADO","PROPIETARI":"GERMAN GUILLERMO PDREZ PIESCHAC N","GRAVAMENES":"Servidumbre de Transito","TIPO_DE_AF":"PARCIAL","LAND_AREA":380.75,"BUILT_AREA":0,"TOTAL_AREA":3193.6999999999998,"REST_AREA":1.72,"SECTION":11,"pk_ini":18428,"pk_end":18510,"VISIT_DATE":1679356800000,"OBS":" ","ID":105,"shapeArea":380.74153686800003,"plantArea":0,"Floors":0,"paso":0,"review":"v","SECTOR":"SUBURBANO","DIRECCION":"Lo A - AVENIDDA TRONCAL DE OCCIDENTE 29-88 E INT 2","LyrName":" ","Color":3,"Shape_Leng":174.673011172,"Shape_Area":380.740805765,"NOTIFY":"1-2023-1303","DATE_NOT":null,"dateMax":1679961600000,"ActivityId":" ","TYPE":"PROJECT","Trees":0,"Shape_Le_1":175.34100643599999,"use":"Private","PK_DE_REFE":"18+428 - 18+510","Layer":"PROJECT_DELIVERED","pasos":0,"ACTA_No":0}},{"type":"Feature","id":93,"geometry":{"type":"Polygon","coordinates":[[[-74.205692406205159,4.6980220350059598],[-74.205693281751678,4.6980338966308581],[-74.205766686095942,4.6980281398823829],[-74.205772114675256,4.6980277138597977],[-74.206298245195086,4.6979864456170635],[-74.206298071760784,4.6979843711704756],[-74.206253942681485,4.6979871021865565],[-74.206208981751431,4.6979902095448312],[-74.206029010554673,4.6980005337474742],[-74.205849282550517,4.6980149254287911],[-74.205692406205159,4.6980220350059598]]]},"properties":{"FMI":"50C-1314612","RefName":"PRG-064","DATE_DEL":1680048000000,"PARCEL_ID":"PRG-064","ACT":123,"EFR_ENTRG":"DELIVERED","FID":93,"CODIGO":"254730100000000360024000000000","USO":"Privado","VERE":"MOSQUERA","MUNICIPIO":"MOSQUERA","CONNOTACI":"PRIVADO","PROPIETARI":"JUAN CAMILO PEREZ CORDOVEZ, RICARDO GUTIERREZ RESTREPO y OSCAR MARIO BOTERO RESTREPO","GRAVAMENES":"N/A","TIPO_DE_AF":"PARCIAL","LAND_AREA":47.409999999999997,"BUILT_AREA":0,"TOTAL_AREA":26678,"REST_AREA":26630.59,"SECTION":11,"pk_ini":18642,"pk_end":18771,"VISIT_DATE":1679443200000,"OBS":" ","ID":109,"shapeArea":47.413044815799999,"plantArea":0,"Floors":0,"paso":0,"review":"V","SECTOR":"SUBURBANO","DIRECCION":"Lote EL PROGRESO","LyrName":" ","Color":3,"Shape_Leng":136.202324688,"Shape_Area":47.412894395999999,"NOTIFY":"1-2023-1310","DATE_NOT":null,"dateMax":1680048000000,"ActivityId":" ","TYPE":"PROJECT","Trees":0,"Shape_Le_1":136.67297538700001,"use":"Private","PK_DE_REFE":"18+642 - 18+771","Layer":"PROJECT_DELIVERED","pasos":0,"ACTA_No":0}},{"type":"Feature","id":94,"geometry":{"type":"Polygon","coordinates":[[[-74.215728901428065,4.6976369288016677],[-74.215784041410487,4.6976547860506708],[-74.215797100571919,4.697659014708397],[-74.215856751953893,4.6976783333195069],[-74.215897938388352,4.6976905332767682],[-74.215886207851909,4.6976227036156928],[-74.215869183827493,4.6976187009185448],[-74.215829071415541,4.6976092688268976],[-74.215721213121952,4.6975909300903229],[-74.215728901428065,4.6976369288016677]]]},"properties":{"FMI":"50C-1713043","RefName":"PRG-071A","DATE_DEL":1678838400000,"PARCEL_ID":"PRG-071A","ACT":103,"EFR_ENTRG":"DELIVERED","FID":94,"CODIGO":"254730100000000360042000000000","USO":" ","VERE":"MOSQUERA","MUNICIPIO":"MOSQUERA","CONNOTACI":"PUBLICO","PROPIETARI":"MUNICIPIO DE MOSQUERA","GRAVAMENES":"N/A","TIPO_DE_AF":"PARCIAL","LAND_AREA":114.89,"BUILT_AREA":0,"TOTAL_AREA":1085,"REST_AREA":0,"SECTION":11,"pk_ini":19763,"pk_end":19886,"VISIT_DATE":1678233600000,"OBS":" ","ID":119,"shapeArea":114.890443617,"plantArea":0,"Floors":0,"paso":0,"review":"V","SECTOR":"SUBURBANO","DIRECCION":"Lo 3","LyrName":" ","Color":3,"Shape_Leng":51.088778789499997,"Shape_Area":114.891513575,"NOTIFY":" ","DATE_NOT":null,"dateMax":1678838400000,"ActivityId":" ","TYPE":"PROJECT","Trees":0,"Shape_Le_1":51.359540525200003,"use":"Private","PK_DE_REFE":"19+763 - 19+886","Layer":"PROJECT_DELIVERED","pasos":0,"ACTA_No":0}},{"type":"Feature","id":95,"geometry":{"type":"Polygon","coordinates":[[[-74.215897938388352,4.6976905332767682],[-74.216972223100342,4.698008739813007],[-74.217292288801673,4.6981465877918298],[-74.21732552944475,4.6980874178186944],[-74.217244058889875,4.6980503521844161],[-74.217099702717093,4.6979972712156277],[-74.217004271192508,4.6979625459782124],[-74.216316950436436,4.6977221739459951],[-74.215949096783191,4.6976374919079529],[-74.215924336367664,4.6976316703802539],[-74.215886207851909,4.6976227036156928],[-74.215897938388352,4.6976905332767682]]]},"properties":{"FMI":"50C-1619383","RefName":"PRG-071","DATE_DEL":1682035200000,"PARCEL_ID":"PRG-071","ACT":149,"EFR_ENTRG":"DELIVERED","FID":95,"CODIGO":"254730100000000360042000000000","USO":" ","VERE":"MOSQUERA","MUNICIPIO":"MOSQUERA","CONNOTACI":"PRIVADO","PROPIETARI":"MOLINO EL LOBO S.A.","GRAVAMENES":"N/A","TIPO_DE_AF":"PARCIAL","LAND_AREA":1293.6199999999999,"BUILT_AREA":0,"TOTAL_AREA":18351.75,"REST_AREA":0,"SECTION":11,"pk_ini":19754,"pk_end":19888,"VISIT_DATE":1681430400000,"OBS":" ","ID":118,"shapeArea":1293.6224565800001,"plantArea":0,"Floors":0,"paso":0,"review":"V","SECTOR":"SUBURBANO","DIRECCION":"Lo 3","LyrName":" ","Color":3,"Shape_Leng":346.08594559099998,"Shape_Area":1293.63451515,"NOTIFY":"1-2023-1752","DATE_NOT":null,"dateMax":1682035200000,"ActivityId":" ","TYPE":"PROJECT","Trees":0,"Shape_Le_1":347.54880501399998,"use":"Private","PK_DE_REFE":"19+754 - 19+888","Layer":"PROJECT_DELIVERED","pasos":0,"ACTA_No":0}},{"type":"Feature","id":96,"geometry":{"type":"Polygon","coordinates":[[[-74.21592197534298,4.6978761165015372],[-74.216426483818324,4.6980066702873495],[-74.216793610264574,4.6981363350989698],[-74.216814185392323,4.6981442834543925],[-74.216802609022068,4.6980589798786871],[-74.216610686220505,4.6979949933366525],[-74.216205905928547,4.6978725052534953],[-74.2158348980645,4.6977902509420639],[-74.215829468272702,4.6977890465793939],[-74.215762483717583,4.6977741957873924],[-74.215806851461124,4.6978166079807737],[-74.215838361878838,4.6978544794889565],[-74.21586145128353,4.6978604541787394],[-74.215862868231753,4.6978608210457899],[-74.21592197534298,4.6978761165015372]]]},"properties":{"FMI":"50C-1689127","RefName":"PRG-070","DATE_DEL":1676592000000,"PARCEL_ID":"PRG-070","ACT":75,"EFR_ENTRG":"DELIVERED","FID":96,"CODIGO":"254730100000000360018000000000","USO":"Privado","VERE":"MOSQUERA","MUNICIPIO":"MOSQUERA","CONNOTACI":"PRIVADO","PROPIETARI":"ZAMBRANO CHAPARRO RICARDO","GRAVAMENES":"Hipóteca y Embargo ejecutivo","TIPO_DE_AF":"PARCIAL","LAND_AREA":893.64999999999998,"BUILT_AREA":0,"TOTAL_AREA":12900,"REST_AREA":0,"SECTION":11,"pk_ini":19761,"pk_end":19889,"VISIT_DATE":1675987200000,"OBS":" ","ID":117,"shapeArea":893.65554006499997,"plantArea":0,"Floors":0,"paso":0,"review":"V","SECTOR":"SUBURBANO","DIRECCION":"Lote CINCO A (5A)","LyrName":" ","Color":3,"Shape_Leng":254.519237326,"Shape_Area":893.64976453600002,"NOTIFY":" ","DATE_NOT":null,"dateMax":1676592000000,"ActivityId":" ","TYPE":"PROJECT","Trees":0,"Shape_Le_1":255.59657942600001,"use":"Private","PK_DE_REFE":"19+761 - 19+889","Layer":"PROJECT_DELIVERED","pasos":0,"ACTA_No":0}},{"type":"Feature","id":97,"geometry":{"type":"Polygon","coordinates":[[[-74.217292288801673,4.6981465877918298],[-74.217373460613501,4.6981815482558185],[-74.217419124549664,4.6982012149810872],[-74.217635135308868,4.6983059788413364],[-74.217847961234057,4.6984171104910333],[-74.218057415736411,4.6985345114012036],[-74.218263316732646,4.6986580794248836],[-74.218464331902936,4.6987869674999061],[-74.218465341947692,4.6987852907126957],[-74.218310894851328,4.6986763557852509],[-74.218155374158457,4.6985755661210948],[-74.218001068676628,4.6984802074366527],[-74.217767245629148,4.6983425016062226],[-74.217451454259418,4.698175244062365],[-74.217426196277657,4.698133217898822],[-74.21733393682581,4.6980912431551669],[-74.21732552944475,4.6980874178186944],[-74.217292288801673,4.6981465877918298]]]},"properties":{"FMI":"50C-1619382","RefName":"PRG-072","DATE_DEL":1682035200000,"PARCEL_ID":"PRG-072","ACT":150,"EFR_ENTRG":"DELIVERED","FID":97,"CODIGO":"254730100000000360043000000000","USO":"Privado","VERE":"MOSQUERA","MUNICIPIO":"MOSQUERA","CONNOTACI":"PRIVADO","PROPIETARI":"MOLINO EL LOBO S.A.","GRAVAMENES":"N/A","TIPO_DE_AF":"PARCIAL","LAND_AREA":414.06999999999999,"BUILT_AREA":0,"TOTAL_AREA":20068.07,"REST_AREA":0,"SECTION":11,"pk_ini":19885,"pk_end":19956,"VISIT_DATE":1681430400000,"OBS":" ","ID":120,"shapeArea":414.06788076599997,"plantArea":0,"Floors":0,"paso":0,"review":"V","SECTOR":"SUBURBANO","DIRECCION":"Lo 2","LyrName":" ","Color":3,"Shape_Leng":304.970573941,"Shape_Area":414.07563252800003,"NOTIFY":"1-2023-1752","DATE_NOT":null,"dateMax":1682035200000,"ActivityId":" ","TYPE":"PROJECT","Trees":0,"Shape_Le_1":306.53584604100001,"use":"Private","PK_DE_REFE":"19+885 - 19+956","Layer":"PROJECT_DELIVERED","pasos":0,"ACTA_No":0}},{"type":"Feature","id":98,"geometry":{"type":"Polygon","coordinates":[[[-74.217536011804256,4.6984062618612068],[-74.21787754265911,4.6985976781364585],[-74.218165708332634,4.6987760441181186],[-74.218187941704898,4.6987918839742431],[-74.218514471488845,4.6990245221148434],[-74.218561992382007,4.6990583787533247],[-74.218825376248773,4.6992665273488861],[-74.218895721230226,4.6993221188469629],[-74.219169511816048,4.6995339990724663],[-74.219395168899993,4.6997086288743217],[-74.219396617552235,4.699709749014251],[-74.219404807455746,4.6997166019846057],[-74.219536068598984,4.6998264402595495],[-74.219550761477279,4.6998373847907144],[-74.219607427186958,4.6998795952752737],[-74.219629938191986,4.6998952297488765],[-74.219667153745903,4.6998637297114341],[-74.219325813416603,4.6995902304799948],[-74.218976134728535,4.6993142983724168],[-74.218519237514172,4.6989609068540776],[-74.218343691102802,4.6988463487083525],[-74.217933132793846,4.6985898437914448],[-74.2177827571888,4.6985039559658492],[-74.217311323182315,4.6982656711123347],[-74.217309183230867,4.6982645899916164],[-74.216802609022068,4.6980589798786871],[-74.216814185392323,4.6981442834543925],[-74.216824628897072,4.6981483190935061],[-74.216837743220282,4.6981533851074655],[-74.217270716999536,4.6983206438691569],[-74.217297531281986,4.6982843432726158],[-74.217536011804256,4.6984062618612068]]]},"properties":{"FMI":"50C-1689126","RefName":"PRG-073","DATE_DEL":1678838400000,"PARCEL_ID":"PRG-073","ACT":104,"EFR_ENTRG":"DELIVERED","FID":98,"CODIGO":"254730100000000360017000000000","USO":"Publico","VERE":"MOSQUERA","MUNICIPIO":"MOSQUERA","CONNOTACI":"PUBLICO","PROPIETARI":"MUNICIPIO DE MOSQUERA","GRAVAMENES":"Servidumbre de Transito","TIPO_DE_AF":"PARCIAL","LAND_AREA":1983.53,"BUILT_AREA":0,"TOTAL_AREA":28216086,"REST_AREA":0,"SECTION":11,"pk_ini":19885,"pk_end":20229,"VISIT_DATE":1678233600000,"OBS":" ","ID":121,"shapeArea":1983.54016877,"plantArea":0,"Floors":0,"paso":0,"review":"V","SECTOR":"SUBURBANO","DIRECCION":"lote CINCO  (5)","LyrName":" ","Color":3,"Shape_Leng":766.53073908700003,"Shape_Area":1983.5102952499999,"NOTIFY":"1-2023-996","DATE_NOT":null,"dateMax":1678838400000,"ActivityId":" ","TYPE":"PROJECT","Trees":0,"Shape_Le_1":770.65985565300002,"use":"Public","PK_DE_REFE":"19+885 - 20+229","Layer":"PROJECT_DELIVERED","pasos":0,"ACTA_No":0}},{"type":"Feature","id":99,"geometry":{"type":"MultiPolygon","coordinates":[[[[-74.219629938191986,4.6998952297488765],[-74.219643079527856,4.6999043560355096],[-74.219668871812189,4.6999222695933884],[-74.219703565896737,4.6998929051342007],[-74.219667153745903,4.6998637297114341],[-74.219629938191986,4.6998952297488765]]],[[[-74.221045409130824,4.7011108175387317],[-74.221099996819618,4.7011586133143437],[-74.221176646646796,4.7010675900016397],[-74.22112008914452,4.7010221358851858],[-74.221045409130824,4.7011108175387317]]]]},"properties":{"FMI":"50C-1655574","RefName":"PRG-074","DATE_DEL":1684886400000,"PARCEL_ID":"PRG-074","ACT":195,"EFR_ENTRG":"DELIVERED","FID":99,"CODIGO":"254730100000000360016000000000","USO":"Publico","VERE":"MOSQUERA","MUNICIPIO":"MOSQUERA","CONNOTACI":"PUBLICO","PROPIETARI":"CORPORACION AUTONOMA REGIONAL CAR","GRAVAMENES":"N/A","TIPO_DE_AF":"PARCIAL","LAND_AREA":131.00999999999999,"BUILT_AREA":0,"TOTAL_AREA":2011.24,"REST_AREA":0,"SECTION":11,"pk_ini":20229,"pk_end":20269,"VISIT_DATE":1684281600000,"OBS":" ","ID":122,"shapeArea":131.009740298,"plantArea":0,"Floors":0,"paso":0,"review":"V","SECTOR":"SUBURBANO","DIRECCION":"LOTE 3","LyrName":" ","Color":3,"Shape_Leng":62.9549951252,"Shape_Area":131.010102872,"NOTIFY":"1-2023-2389","DATE_NOT":null,"dateMax":1684886400000,"ActivityId":" ","TYPE":"PROJECT","Trees":0,"Shape_Le_1":63.366987895599998,"use":"Public","PK_DE_REFE":"20+229 - 20+269","Layer":"PROJECT_DELIVERED","pasos":0,"ACTA_No":0}},{"type":"Feature","id":100,"geometry":{"type":"Polygon","coordinates":[[[-74.219668871812189,4.6999222695933884],[-74.219682572048328,4.6999317855210023],[-74.219703138072305,4.6999477694508922],[-74.219754232774022,4.6999857932195743],[-74.219824991618424,4.7000414387921934],[-74.219886339253975,4.7000901611066288],[-74.219895601843703,4.7000975184543119],[-74.219966110285412,4.7001538676127703],[-74.220036843107408,4.7002099192011935],[-74.220107366892435,4.7002662602025982],[-74.220178253844637,4.7003222204093822],[-74.220203296627176,4.7003419562758317],[-74.220203320966789,4.7003419752612663],[-74.220249054247347,4.7003780151383134],[-74.220319187847423,4.7004346238713843],[-74.220370054331312,4.7004758398382025],[-74.220388466907337,4.7004907589160023],[-74.220395607433048,4.7004963569128373],[-74.220532518762411,4.7006036816687615],[-74.220602320428384,4.7006588589238261],[-74.220676291450189,4.7007175702458079],[-74.220670299927463,4.7007243356832831],[-74.220641340747761,4.7007570286655049],[-74.221045409130824,4.7011108175387317],[-74.22112008914452,4.7010221358851858],[-74.220872581715227,4.7008230071992481],[-74.220702898101464,4.700688951642733],[-74.220179675509115,4.7002704015922765],[-74.219703565896737,4.6998929051342007],[-74.219668871812189,4.6999222695933884]]]},"properties":{"FMI":"50C-1655575","RefName":"PRG-075","DATE_DEL":1678838400000,"PARCEL_ID":"PRG-075","ACT":105,"EFR_ENTRG":"DELIVERED","FID":100,"CODIGO":"254730100000000360015000000000","USO":"Publico","VERE":"MOSQUERA","MUNICIPIO":"MOSQUERA","CONNOTACI":"PUBLICO","PROPIETARI":"MUNICIPIO DE MOSQUERA","GRAVAMENES":"N/A","TIPO_DE_AF":"PARCIAL","LAND_AREA":1330.4300000000001,"BUILT_AREA":0,"TOTAL_AREA":12871068,"REST_AREA":0,"SECTION":11,"pk_ini":20268,"pk_end":20471,"VISIT_DATE":1678233600000,"OBS":" ","ID":123,"shapeArea":1330.43200368,"plantArea":0,"Floors":0,"paso":0,"review":"V","SECTOR":"SUBURBANO","DIRECCION":"Lo 4","LyrName":" ","Color":3,"Shape_Leng":426.17297763800002,"Shape_Area":1330.2696097099999,"NOTIFY":"1-2023-996","DATE_NOT":null,"dateMax":1678838400000,"ActivityId":" ","TYPE":"PROJECT","Trees":0,"Shape_Le_1":428.75015211800002,"use":"Public","PK_DE_REFE":"20+268 - 20+471","Layer":"PROJECT_DELIVERED","pasos":0,"ACTA_No":0}},{"type":"Feature","id":101,"geometry":{"type":"Polygon","coordinates":[[[-74.224222518960715,4.7036509269070343],[-74.224322557694649,4.7037301917101297],[-74.22435026107334,4.7037137853853146],[-74.224406642942398,4.703680395579914],[-74.224431466031064,4.7036656935710157],[-74.223947379057535,4.7032768826817488],[-74.223251365973596,4.7027170555693329],[-74.222970215323031,4.7025004336882184],[-74.222388062706926,4.7020360060033122],[-74.222001320234497,4.7017305106114948],[-74.221361113175789,4.7012241505513712],[-74.221221561596053,4.7011123049840089],[-74.221145013435745,4.701198028145118],[-74.22113844969256,4.7012053796945414],[-74.221295879896772,4.7013301215087431],[-74.221308894436888,4.7013404324286814],[-74.221820235372007,4.7017455994074577],[-74.222241872441884,4.7020808926609341],[-74.222575170436457,4.7023440585480225],[-74.222655251021692,4.7024072889977271],[-74.223445051358411,4.7030342960333122],[-74.223515243155447,4.7030908646226637],[-74.223516341155829,4.7030917488032751],[-74.223714927016843,4.7032477984126944],[-74.223897458135951,4.7033933632018385],[-74.224222518960715,4.7036509269070343]]]},"properties":{"FMI":"50C-1674623","RefName":"PRG-076","DATE_DEL":1681862400000,"PARCEL_ID":"PRG-076","ACT":147,"EFR_ENTRG":"DELIVERED","FID":101,"CODIGO":"254730100000000360014000000000","USO":"Publico","VERE":"MOSQUERA","MUNICIPIO":"MOSQUERA","CONNOTACI":"PRIVADO","PROPIETARI":"PREDIO EN INVESTIGACION LAS REFERENCIAS SON DE BOGOTÀ","GRAVAMENES":"Servidumbre de energía electrica","TIPO_DE_AF":"PARCIAL","LAND_AREA":6074.9300000000003,"BUILT_AREA":0,"TOTAL_AREA":6211.54,"REST_AREA":136.61000000000001,"SECTION":11,"pk_ini":20475,"pk_end":20935,"VISIT_DATE":1681344000000,"OBS":" ","ID":124,"shapeArea":6074.91268055,"plantArea":0,"Floors":0,"paso":0,"review":"V","SECTOR":"SUBURBANO","DIRECCION":"Lo LINEA FERREA","LyrName":" ","Color":3,"Shape_Leng":927.81714005000003,"Shape_Area":6211.5224137200003,"NOTIFY":"1-2023-1722","DATE_NOT":null,"dateMax":1681862400000,"ActivityId":" ","TYPE":"PROJECT","Trees":0,"Shape_Le_1":938.16994358600004,"use":"Public","PK_DE_REFE":"20+475 - 20+935","Layer":"PROJECT_DELIVERED","pasos":0,"ACTA_No":0}},{"type":"Feature","id":102,"geometry":{"type":"Polygon","coordinates":[[[-74.227869737403509,4.7063813345180918],[-74.228001863838131,4.7064835268176406],[-74.228149747296754,4.7065978867243219],[-74.228213834796918,4.7066488223107088],[-74.22821650942825,4.7066464045236769],[-74.22719758228618,4.7058407997947747],[-74.226772676830407,4.7055051541268424],[-74.226764166334775,4.7055129682452215],[-74.227553623828129,4.7061388346063602],[-74.227587906688186,4.7061633555912312],[-74.227869737403509,4.7063813345180918]]]},"properties":{"FMI":"50C-1761796","RefName":"PRG-087","DATE_DEL":1678838400000,"PARCEL_ID":"PRG-087","ACT":106,"EFR_ENTRG":"DELIVERED","FID":102,"CODIGO":"254730100000005300291000000000","USO":"Publico","VERE":"MOSQUERA","MUNICIPIO":"MOSQUERA","CONNOTACI":"PUBLICO","PROPIETARI":"MUNICIPIO DE MOSQUERA","GRAVAMENES":"Hipoteca","TIPO_DE_AF":"PARCIAL","LAND_AREA":223.19,"BUILT_AREA":0,"TOTAL_AREA":0,"REST_AREA":0,"SECTION":12,"pk_ini":21270,"pk_end":21475,"VISIT_DATE":1678233600000,"OBS":" ","ID":132,"shapeArea":223.183951842,"plantArea":0,"Floors":0,"paso":0,"review":"V","SECTOR":"SUBURBANO","DIRECCION":"CONTROL AMBIENTAL 1","LyrName":" ","Color":3,"Shape_Leng":409.68855827499999,"Shape_Area":223.15908991200001,"NOTIFY":"1-2023-996","DATE_NOT":null,"dateMax":1678838400000,"ActivityId":" ","TYPE":"PROJECT","Trees":0,"Shape_Le_1":412.11485547900003,"use":"Public","PK_DE_REFE":"21+270 - 21+475","Layer":"PROJECT_DELIVERED","pasos":0,"ACTA_No":0}},{"type":"Feature","id":103,"geometry":{"type":"Polygon","coordinates":[[[-74.23287828888607,4.7102154055033463],[-74.23288462770428,4.7102222831348319],[-74.232891483161268,4.7102177591741548],[-74.232854891786744,4.7101900178473652],[-74.23287828888607,4.7102154055033463]]]},"properties":{"FMI":"50C-33398","RefName":"PRG-091","DATE_DEL":1683331200000,"PARCEL_ID":"PRG-091","ACT":192,"EFR_ENTRG":"DELIVERED","FID":103,"CODIGO":"254730100000000340007000000000","USO":"Privado","VERE":"MOSQUERA","MUNICIPIO":"MOSQUERA","CONNOTACI":"PRIVADO","PROPIETARI":"LEASING BANCOLOMBIA S.A. COMPA/IA DE FINANCIAMIENTO","GRAVAMENES":"N/A","TIPO_DE_AF":"PARCIAL","LAND_AREA":2.1800000000000002,"BUILT_AREA":0,"TOTAL_AREA":22000,"REST_AREA":0,"SECTION":12,"pk_ini":22073,"pk_end":22125,"VISIT_DATE":1682553600000,"OBS":" ","ID":135,"shapeArea":2.1822362293799999,"plantArea":0,"Floors":0,"paso":0,"review":"V","SECTOR":"SUBURBANO","DIRECCION":"EL CIRUELO","LyrName":" ","Color":3,"Shape_Leng":10.858361328599999,"Shape_Area":2.1821630395099998,"NOTIFY":"1-2023-2049","DATE_NOT":null,"dateMax":1683331200000,"ActivityId":" ","TYPE":"PROJECT","Trees":0,"Shape_Le_1":10.9265669509,"use":"Private","PK_DE_REFE":"22+073 - 22+125","Layer":"PROJECT_DELIVERED","pasos":0,"ACTA_No":0}},{"type":"Feature","id":104,"geometry":{"type":"Polygon","coordinates":[[[-74.23288462770428,4.7102222831348319],[-74.233093602298155,4.7103880958855324],[-74.233161502958438,4.7104422214266286],[-74.233634731718425,4.7108153744241354],[-74.233646639941057,4.7108062391752217],[-74.233209006850032,4.7104659831600078],[-74.233066663026563,4.7103550079689454],[-74.233001984302263,4.7102911667496432],[-74.232924995056962,4.7102431644631464],[-74.232891483161268,4.7102177591741548],[-74.23288462770428,4.7102222831348319]]]},"properties":{"FMI":"50C-358331","RefName":"PRG-092","DATE_DEL":1681171200000,"PARCEL_ID":"PRG-092","ACT":134,"EFR_ENTRG":"DELIVERED","FID":104,"CODIGO":"254730100000000340008000000000","USO":"Privado","VERE":"MOSQUERA","MUNICIPIO":"MOSQUERA","CONNOTACI":"PRIVADO","PROPIETARI":"SHELL COLOMBIA S.A.","GRAVAMENES":"N/A","TIPO_DE_AF":"PARCIAL","LAND_AREA":143.22999999999999,"BUILT_AREA":0,"TOTAL_AREA":22600,"REST_AREA":0,"SECTION":12,"pk_ini":22125,"pk_end":22231,"VISIT_DATE":1680566400000,"OBS":" ","ID":136,"shapeArea":143.22668126400001,"plantArea":0,"Floors":0,"paso":0,"review":"V","SECTOR":"SUBURBANO","DIRECCION":"EL SILENCIO","LyrName":" ","Color":3,"Shape_Leng":214.741980001,"Shape_Area":143.23479774200001,"NOTIFY":"1-2023-1536","DATE_NOT":null,"dateMax":1681171200000,"ActivityId":" ","TYPE":"PROJECT","Trees":0,"Shape_Le_1":216.01267233199999,"use":"Private","PK_DE_REFE":"22+125 - 22+231","Layer":"PROJECT_DELIVERED","pasos":0,"ACTA_No":0}},{"type":"Feature","id":105,"geometry":{"type":"Polygon","coordinates":[[[-74.233634731718425,4.7108153744241354],[-74.234253245198047,4.7113030896617332],[-74.234125159040346,4.7111990511223309],[-74.233990348824491,4.7110783359763397],[-74.233778277164646,4.7109100165708258],[-74.233707725099123,4.7108537304006779],[-74.233646639941057,4.7108062391752217],[-74.233634731718425,4.7108153744241354]]]},"properties":{"FMI":"50C-391360","RefName":"PRG-093","DATE_DEL":1683331200000,"PARCEL_ID":"PRG-093","ACT":184,"EFR_ENTRG":"DELIVERED","FID":105,"CODIGO":"254730100000000340010000000000","USO":"Privado","VERE":"MOSQUERA","MUNICIPIO":"MOSQUERA","CONNOTACI":"PRIVADO","PROPIETARI":"BANCO BILBAO VIZCAYA ARGENTARIA COLOMBIA S.A. \"BBVA COLOMBIA\"","GRAVAMENES":"N/A","TIPO_DE_AF":"PARCIAL","LAND_AREA":98,"BUILT_AREA":0,"TOTAL_AREA":0,"REST_AREA":0,"SECTION":12,"pk_ini":22231,"pk_end":22321,"VISIT_DATE":1682035200000,"OBS":" ","ID":137,"shapeArea":97.992867532399998,"plantArea":0,"Floors":0,"paso":0,"review":"V","SECTOR":"SUBURBANO","DIRECCION":"EL PORVENIR UNO (1)","LyrName":" ","Color":3,"Shape_Leng":175.849013337,"Shape_Area":97.994989528800005,"NOTIFY":"1-2023-1920","DATE_NOT":null,"dateMax":1683331200000,"ActivityId":" ","TYPE":"PROJECT","Trees":0,"Shape_Le_1":176.90280490000001,"use":"Private","PK_DE_REFE":"22+231 - 22+321","Layer":"PROJECT_DELIVERED","pasos":0,"ACTA_No":0}},{"type":"Feature","id":106,"geometry":{"type":"Polygon","coordinates":[[[-74.251700129257159,4.7254725751504809],[-74.251798380151001,4.7255505168063321],[-74.252018592621212,4.725726327670416],[-74.252062699205524,4.7257610924670725],[-74.252109889237886,4.72569463777441],[-74.252110122606425,4.7256943085490972],[-74.252084829256532,4.7256745721618323],[-74.251853563573945,4.7254955474903184],[-74.251744680453484,4.7254109835856379],[-74.251700129257159,4.7254725751504809]]]},"properties":{"FMI":"50C-1951585","RefName":"PRG-098","DATE_DEL":1683331200000,"PARCEL_ID":"PRG-098","ACT":186,"EFR_ENTRG":"DELIVERED","FID":106,"CODIGO":"254300102000000032326000000000","USO":"Privado","VERE":" ","MUNICIPIO":"MADRID","CONNOTACI":"PRIVADO","PROPIETARI":"FIDUCIARIA BOGOTN S.A VOCERA Y ADMINISTRADORA DEL PATRIMONIO AUTRNOMO FIDEICOMISO FIDUBOGOTA - LA SOLEDAD","GRAVAMENES":"N/A","TIPO_DE_AF":"PARCIAL","LAND_AREA":511.14999999999998,"BUILT_AREA":0,"TOTAL_AREA":6074.6000000000004,"REST_AREA":0,"SECTION":13,"pk_ini":24806.290000000001,"pk_end":24857.540000000001,"VISIT_DATE":1682035200000,"OBS":" ","ID":141,"shapeArea":511.14697257699999,"plantArea":0,"Floors":0,"paso":0,"review":"V","SECTOR":"SUBURBANO","DIRECCION":"PARQUE LONGITUDINAL SERREZUELA","LyrName":" ","Color":3,"Shape_Leng":122.571497136,"Shape_Area":447.92300628599997,"NOTIFY":"1-2023-1920","DATE_NOT":null,"dateMax":1683331200000,"ActivityId":" ","TYPE":"PROJECT","Trees":0,"Shape_Le_1":120.80981763299999,"use":"Private","PK_DE_REFE":"24+806 - 24+858","Layer":"PROJECT_DELIVERED","pasos":0,"ACTA_No":0}},{"type":"Feature","id":107,"geometry":{"type":"Polygon","coordinates":[[[-74.265360099329328,4.7357282320979337],[-74.265895458494271,4.7360889322277577],[-74.265916644854258,4.7360279240045706],[-74.265918237230196,4.7360233351388352],[-74.265899429486197,4.736010716195711],[-74.26580679716362,4.7359485615639061],[-74.265450257884893,4.7357022803438982],[-74.265404241631444,4.7356701457863046],[-74.265401289998891,4.7356680829691724],[-74.265360099329328,4.7357282320979337]]]},"properties":{"FMI":"50C-1967023","RefName":"PRG-106","DATE_DEL":1677801600000,"PARCEL_ID":"PRG-106","ACT":94,"EFR_ENTRG":"DELIVERED","FID":107,"CODIGO":"254300102000000310002000000000","USO":"Privado","VERE":"FUNZA","MUNICIPIO":"MADRID","CONNOTACI":"PRIVADO","PROPIETARI":"MUNICIPIO DE MADRID","GRAVAMENES":"N/A","TIPO_DE_AF":"PARCIAL","LAND_AREA":539.76999999999998,"BUILT_AREA":0,"TOTAL_AREA":539.76999999999998,"REST_AREA":0,"SECTION":15,"pk_ini":26702,"pk_end":26728,"VISIT_DATE":1677196800000,"OBS":" ","ID":147,"shapeArea":539.77400304800005,"plantArea":0,"Floors":0,"paso":0,"review":"V","SECTOR":"SUBURBANO","DIRECCION":"AREA DE PROTECCION VIA FERREA","LyrName":" ","Color":3,"Shape_Leng":156.813454374,"Shape_Area":539.76290653199999,"NOTIFY":" ","DATE_NOT":null,"dateMax":1677801600000,"ActivityId":" ","TYPE":"PROJECT","Trees":0,"Shape_Le_1":157.728203917,"use":"Private","PK_DE_REFE":"26+702 - 26+728","Layer":"PROJECT_DELIVERED","pasos":0,"ACTA_No":0}},{"type":"Feature","id":108,"geometry":{"type":"Polygon","coordinates":[[[-74.272181199993511,4.7397418979218564],[-74.272113065278234,4.7400834160176277],[-74.272127256436178,4.7400864586158491],[-74.272152975891103,4.7401175738399655],[-74.272162397836411,4.7401139901492231],[-74.272178976001712,4.7400628942093244],[-74.272261561294712,4.7397625756658996],[-74.272189395829301,4.7397439040687122],[-74.272181221596071,4.7397417893994955],[-74.272181199993511,4.7397418979218564]]]},"properties":{"FMI":"50C - 1784347","RefName":"PRG-109","DATE_DEL":1682035200000,"PARCEL_ID":"PRG-109","ACT":151,"EFR_ENTRG":"DELIVERED","FID":108,"CODIGO":"254300102000000610014000000000","USO":"Privado","VERE":"FUNZA","MUNICIPIO":"MADRID","CONNOTACI":"PRIVADO","PROPIETARI":"FIDUCIARIA DAVIVIENDA VOCERA FIDEICOMISO LOTE MADRID","GRAVAMENES":"N/A","TIPO_DE_AF":"PARCIAL","LAND_AREA":307.25999999999999,"BUILT_AREA":0,"TOTAL_AREA":97712.800000000003,"REST_AREA":0,"SECTION":15,"pk_ini":27594,"pk_end":27585,"VISIT_DATE":1681430400000,"OBS":" ","ID":151,"shapeArea":307.266550279,"plantArea":0,"Floors":0,"paso":0,"review":"V","SECTOR":"SUBURBANO","DIRECCION":"LO 3 - CALLE 7 N. 17-40","LyrName":" ","Color":3,"Shape_Leng":95.322344516699999,"Shape_Area":307.266760745,"NOTIFY":"1-2023-1752","DATE_NOT":null,"dateMax":1682035200000,"ActivityId":" ","TYPE":"PROJECT","Trees":0,"Shape_Le_1":96.169832534099996,"use":"Private","PK_DE_REFE":"27+594 - 27+585","Layer":"PROJECT_DELIVERED","pasos":0,"ACTA_No":0}},{"type":"Feature","id":109,"geometry":{"type":"Polygon","coordinates":[[[-74.272657206623819,4.7406871384406424],[-74.272682418285157,4.7407040987430911],[-74.272699148226366,4.7407153516761298],[-74.27316986320514,4.7410319992331758],[-74.273447795986414,4.7412194465235249],[-74.273447841965151,4.7412194772567569],[-74.273486889691256,4.7412458121220897],[-74.273663428184264,4.7413669249520289],[-74.274037289665813,4.7416234099219077],[-74.274131622369168,4.7416881265928845],[-74.274369363685324,4.7418512275477429],[-74.274651421712434,4.7420447310667617],[-74.274725069355881,4.7420952551067899],[-74.274896363953061,4.7422127699756524],[-74.275440044129496,4.7425849237015587],[-74.275440091911662,4.7425849562427382],[-74.275656220252941,4.7427340335764478],[-74.275656340142845,4.7427340579581987],[-74.275678703654918,4.7427385558707567],[-74.275775890894664,4.7428018001841217],[-74.275876579745827,4.7428673232226579],[-74.276339486571956,4.7431819333302236],[-74.276351922573781,4.7431903858777202],[-74.276358725572109,4.743178871250616],[-74.275822571761665,4.7428190634728473],[-74.27564278050356,4.7426984097405382],[-74.272678898745269,4.7406602781549374],[-74.272657206623819,4.7406871384406424]]]},"properties":{"FMI":"50C - 1784345","RefName":"PRG-111","DATE_DEL":1678406400000,"PARCEL_ID":"PRG-111","ACT":99,"EFR_ENTRG":"DELIVERED","FID":109,"CODIGO":"254300000000000040058000000000","USO":" ","VERE":" ","MUNICIPIO":"MADRID","CONNOTACI":"PRIVADO","PROPIETARI":"PINEROS OSPINA Y CIA S EN C","GRAVAMENES":"N/A","TIPO_DE_AF":"PARCIAL","LAND_AREA":1225.6600000000001,"BUILT_AREA":0,"TOTAL_AREA":0,"REST_AREA":0,"SECTION":15,"pk_ini":27677,"pk_end":28163,"VISIT_DATE":1677801600000,"OBS":" ","ID":153,"shapeArea":1225.6858894500001,"plantArea":0,"Floors":0,"paso":0,"review":"V","SECTOR":"SUBURBANO","DIRECCION":"LO 1","LyrName":" ","Color":3,"Shape_Leng":994.32956673000001,"Shape_Area":1225.64004443,"NOTIFY":"1-2023-931","DATE_NOT":null,"dateMax":1678406400000,"ActivityId":" ","TYPE":"PROJECT","Trees":0,"Shape_Le_1":999.84004936999997,"use":"Private","PK_DE_REFE":"27+677 - 28+163","Layer":"PROJECT_DELIVERED","pasos":0,"ACTA_No":0}},{"type":"Feature","id":110,"geometry":{"type":"MultiPolygon","coordinates":[[[[-74.275802869115665,4.7426597446785763],[-74.275899763718783,4.7427240796468606],[-74.276422397695896,4.7430710944836898],[-74.280207453198443,4.7456736116356986],[-74.280215063289262,4.7456634712746819],[-74.275812982424895,4.7426435059367069],[-74.275802869115665,4.7426597446785763]]],[[[-74.276351922573781,4.7431903858777202],[-74.276501435901224,4.7432920008256119],[-74.276942802396235,4.7435947929599784],[-74.277320340082511,4.7438537979767652],[-74.277495730400943,4.7439741215437117],[-74.277729468551811,4.7441344724430357],[-74.278095170282455,4.7443853552874078],[-74.278388716173566,4.7445867366411489],[-74.278651017864576,4.7447666832560813],[-74.278662894979803,4.744774832980923],[-74.278861789360604,4.7449112793607116],[-74.279079930277575,4.7450609310049172],[-74.27909370878821,4.7450703841698516],[-74.279431332446649,4.7453020083076405],[-74.279595843472222,4.7454148694764458],[-74.279818799023687,4.7455678138332722],[-74.280123052901615,4.7457768154295952],[-74.280123423442632,4.7457770694296242],[-74.280129984931563,4.7457689911851215],[-74.276358725572109,4.743178871250616],[-74.276351922573781,4.7431903858777202]]]]},"properties":{"FMI":"50C-336201","RefName":"PRG-112","DATE_DEL":1681257600000,"PARCEL_ID":"PRG-112","ACT":138,"EFR_ENTRG":"DELIVERED","FID":110,"CODIGO":"254300000000000040015000000000","USO":"Privado","VERE":"FUNZA","MUNICIPIO":"MADRID","CONNOTACI":"PRIVADO","PROPIETARI":"ENKOSI S.A.S","GRAVAMENES":"Hipoteca y servidumbre","TIPO_DE_AF":"PARCIAL","LAND_AREA":1339.23,"BUILT_AREA":0,"TOTAL_AREA":0,"REST_AREA":0,"SECTION":15,"pk_ini":28090,"pk_end":28681,"VISIT_DATE":1680652800000,"OBS":" ","ID":154,"shapeArea":1339.2361207500001,"plantArea":0,"Floors":0,"paso":0,"review":"V","SECTOR":"SUBURBANO","DIRECCION":"EL CARTUCHO","LyrName":" ","Color":3,"Shape_Leng":2203.16696151,"Shape_Area":1339.2689680599999,"NOTIFY":"1-2023-1163","DATE_NOT":null,"dateMax":1681257600000,"ActivityId":" ","TYPE":"PROJECT","Trees":0,"Shape_Le_1":2215.4146759300002,"use":"Private","PK_DE_REFE":"28+090 - 28+681","Layer":"PROJECT_DELIVERED","pasos":0,"ACTA_No":0}},{"type":"Feature","id":111,"geometry":{"type":"MultiPolygon","coordinates":[[[[-74.280207453198443,4.7456736116356986],[-74.280302928770695,4.7457620613755287],[-74.281619867100176,4.746665962169808],[-74.283256169232956,4.7477890609490494],[-74.284057409762909,4.7483390012605575],[-74.284087421946353,4.7483199856676475],[-74.280320946078291,4.7457361089536549],[-74.280311190298576,4.7457294154659033],[-74.280244074579628,4.7456833727653533],[-74.280215466286222,4.7456637469683667],[-74.280207453198443,4.7456736116356986]]],[[[-74.280123423442632,4.7457770694296242],[-74.280165913066881,4.7458062577626663],[-74.280220290667131,4.745843612063414],[-74.28025073724487,4.7458644843518831],[-74.280271425343216,4.7458786785246136],[-74.280833812403841,4.7462641823790097],[-74.280918877385446,4.7463224947182869],[-74.281297190626205,4.7465820307236637],[-74.281685552958393,4.746848452504091],[-74.281789268720701,4.7469196030060736],[-74.281967869223678,4.7470421254801156],[-74.282084561242527,4.7471221794604439],[-74.2823843914299,4.7473276174513224],[-74.282696303803505,4.7475418478511866],[-74.282733152540345,4.7475671265888026],[-74.282865406638251,4.7476578546960031],[-74.283112365071204,4.7478272716674983],[-74.283281836782862,4.7479435314977776],[-74.283507593294701,4.7480984044303636],[-74.283622300414038,4.7481770950389572],[-74.283747454005507,4.7482629518062431],[-74.283854494258236,4.7483363825353599],[-74.28395014414258,4.7484020007780483],[-74.283953904067616,4.7483998374682548],[-74.283182497764315,4.7478691135938478],[-74.281552729291235,4.7467478384987336],[-74.280129984931563,4.7457689911851215],[-74.280123423442632,4.7457770694296242]]]]},"properties":{"FMI":"50C-337558","RefName":"PRG-113","DATE_DEL":1681257600000,"PARCEL_ID":"PRG-113","ACT":139,"EFR_ENTRG":"DELIVERED","FID":111,"CODIGO":"254300000000000040016000000000","USO":"Privado","VERE":"LAGUNA LARGA","MUNICIPIO":"MADRID","CONNOTACI":"PRIVADO","PROPIETARI":"JARDINES DE LOIS ANDES S.A.S.","GRAVAMENES":"Hipoteca","TIPO_DE_AF":"PARCIAL","LAND_AREA":2233.6700000000001,"BUILT_AREA":13.380000000000001,"TOTAL_AREA":0,"REST_AREA":0,"SECTION":15,"pk_ini":28697,"pk_end":29204,"VISIT_DATE":1680652800000,"OBS":" ","ID":155,"shapeArea":2233.6856004599999,"plantArea":13.022182965100001,"Floors":1,"paso":0,"review":"V","SECTOR":"SUBURBANO","DIRECCION":"KM0+710 VIA MADRID -  EL CORZO - FACATATIVA \nPREDIO EL RABANAL","LyrName":" ","Color":3,"Shape_Leng":2075.1674444700002,"Shape_Area":2233.73080764,"NOTIFY":" ","DATE_NOT":null,"dateMax":1681257600000,"ActivityId":" ","TYPE":"PROJECT","Trees":0,"Shape_Le_1":2086.69949296,"use":"Private","PK_DE_REFE":"28+697 - 29+204","Layer":"PROJECT_DELIVERED","pasos":0,"ACTA_No":0}},{"type":"Feature","id":112,"geometry":{"type":"Polygon","coordinates":[[[-74.28395014414258,4.7484020007780483],[-74.283950464198711,4.7484022204275238],[-74.283995712921154,4.7484332624053254],[-74.284053783728496,4.7484731002983409],[-74.28406149122182,4.7484783872497278],[-74.284069199616923,4.7484836751050388],[-74.284201199816167,4.7485742284845358],[-74.284367948251983,4.7486886205589691],[-74.284426169662964,4.7487285614636985],[-74.284633825901821,4.7488710161388923],[-74.28470767151228,4.7489216737238342],[-74.284887610955479,4.7490451155670597],[-74.285094007889256,4.7491867059607031],[-74.285102361822865,4.7491924367170659],[-74.285326134779638,4.749345946828571],[-74.285562549638811,4.749508130724533],[-74.285718632946683,4.7496152035393324],[-74.285804781533955,4.7496743034587086],[-74.286060519550006,4.7498513579966373],[-74.286378185611881,4.7500676629619489],[-74.286638222118341,4.7502460489089922],[-74.286788542007216,4.7503491714163175],[-74.286845542062295,4.7503882732818594],[-74.287082915088277,4.7505511119481669],[-74.287353895237175,4.7507370054063074],[-74.287554989207166,4.7508749568140995],[-74.287853835432202,4.7510799666380965],[-74.288023419598645,4.7511963020543195],[-74.288103079043509,4.7512509490606005],[-74.288467535232911,4.7515018824792579],[-74.288814492955382,4.7517435863328803],[-74.288870188836469,4.7517823854782426],[-74.288942212116865,4.7518319453155158],[-74.288942863054999,4.7518323945534995],[-74.289278942679033,4.7520636504857974],[-74.289670135916907,4.7523327939626867],[-74.290041861687769,4.7525885523160731],[-74.290064065744673,4.7526038299642952],[-74.290306174592502,4.7527704061716234],[-74.290499577637192,4.7529007366821325],[-74.290500279061987,4.7529012085104663],[-74.290500335830544,4.7529011470004692],[-74.290501059401876,4.7529003546092579],[-74.289705802230941,4.7523452957972703],[-74.289486024793661,4.7521939834284934],[-74.288570591626083,4.7515670410985589],[-74.288039527673178,4.7512002841997045],[-74.287492300636302,4.7508246226103479],[-74.286887282116425,4.7504079237354597],[-74.28645663842434,4.7501152416143091],[-74.285780151676164,4.7496458064158169],[-74.285218609143755,4.7492570086262234],[-74.28463186971446,4.7488583067705123],[-74.28441117895683,4.7487080401270756],[-74.284140525337648,4.7485237540871879],[-74.284018121259564,4.7484452711510219],[-74.28399176763746,4.7484243978150662],[-74.283953904067616,4.7483998374682548],[-74.28395014414258,4.7484020007780483]]]},"properties":{"FMI":"50C-1520380","RefName":"PRG-114","DATE_DEL":1681257600000,"PARCEL_ID":"PRG-114","ACT":140,"EFR_ENTRG":"DELIVERED","FID":112,"CODIGO":"254300000000000040010000000000","USO":"Privado","VERE":"LAGUNA LARGA","MUNICIPIO":"MADRID","CONNOTACI":"PRIVADO","PROPIETARI":"EL MANZANAR SA","GRAVAMENES":"Afectación por obra publica","TIPO_DE_AF":"PARCIAL","LAND_AREA":756.29999999999995,"BUILT_AREA":0,"TOTAL_AREA":0,"REST_AREA":0,"SECTION":15,"pk_ini":29195,"pk_end":30075,"VISIT_DATE":1680652800000,"OBS":" ","ID":156,"shapeArea":756.21136409200005,"plantArea":0,"Floors":0,"paso":0,"review":"v","SECTOR":"SUBURBANO","DIRECCION":"LAGUNA LARGA","LyrName":" ","Color":3,"Shape_Leng":1761.8049840900001,"Shape_Area":756.20015705699996,"NOTIFY":" ","DATE_NOT":null,"dateMax":1681257600000,"ActivityId":" ","TYPE":"PROJECT","Trees":0,"Shape_Le_1":1771.6129517300001,"use":"Private","PK_DE_REFE":"29+195 - 30+075","Layer":"PROJECT_DELIVERED","pasos":0,"ACTA_No":0}},{"type":"Feature","id":113,"geometry":{"type":"Polygon","coordinates":[[[-74.290650008033495,4.752881651028801],[-74.291334167551327,4.7533514874829246],[-74.291369195815591,4.7533144626756521],[-74.291315614029003,4.7532775973893679],[-74.290686389313151,4.7528446800948281],[-74.290650008033495,4.752881651028801]]]},"properties":{"FMI":"50C-1614662","RefName":"PRG-116","DATE_DEL":1681171200000,"PARCEL_ID":"PRG-116","ACT":137,"EFR_ENTRG":"DELIVERED","FID":113,"CODIGO":"254300000000000050137000000000","USO":"Privado","VERE":"EL CORZO","MUNICIPIO":"MADRID","CONNOTACI":"PRIVADO","PROPIETARI":"PROCOMIN LIMITADA Y OTRO  - SEGUN FOLIO ES NELSON RAUL MESA, HUGO HERNANDO MESA, GERMAN RICARDO MESA Y FANALTANQUES LTDA","GRAVAMENES":"N/A","TIPO_DE_AF":"PARCIAL","LAND_AREA":516.01999999999998,"BUILT_AREA":0,"TOTAL_AREA":0,"REST_AREA":0,"SECTION":15,"pk_ini":30086,"pk_end":30189,"VISIT_DATE":1680566400000,"OBS":" ","ID":158,"shapeArea":516.01336641800003,"plantArea":10.460807340100001,"Floors":1,"paso":0,"review":"v","SECTOR":"SUBURBANO","DIRECCION":"CIUDADELA INDUSTRIAL DE OCCIDENTE","LyrName":" ","Color":3,"Shape_Leng":195.222561439,"Shape_Area":516.01715313700004,"NOTIFY":"1-2023-1536","DATE_NOT":null,"dateMax":1681171200000,"ActivityId":" ","TYPE":"PROJECT","Trees":0,"Shape_Le_1":196.32519416900001,"use":"Private","PK_DE_REFE":"30+086 - 30+189","Layer":"PROJECT_DELIVERED","pasos":0,"ACTA_No":0}},{"type":"Feature","id":114,"geometry":{"type":"MultiPolygon","coordinates":[[[[-74.303662966091849,4.7619764343704132],[-74.304044126561564,4.7622637596681185],[-74.306418706966966,4.7640537591905598],[-74.306436045964531,4.7640335830142986],[-74.306412195888413,4.7640148339699513],[-74.306189048361333,4.763850671112424],[-74.305922589655026,4.7636514284999958],[-74.305808365122388,4.7635670672311896],[-74.305605861105974,4.7634145953369886],[-74.305481854207457,4.7633206824227932],[-74.305157102179081,4.7630743737298396],[-74.305063570976188,4.7630028004152569],[-74.304813602937543,4.7628112239610187],[-74.304734277790786,4.7627503971234937],[-74.304639764754299,4.7626779233881447],[-74.304433320349204,4.7625227639377901],[-74.304345453014577,4.7624573849113698],[-74.304240766889592,4.7623794904808037],[-74.30400636692508,4.7622030990062116],[-74.303796902755295,4.7620440889302609],[-74.30366797214343,4.7619478613694497],[-74.303667470843322,4.761947487154087],[-74.303662966091849,4.7619764343704132]]],[[[-74.303641603602344,4.7621137186385516],[-74.303657885082714,4.7621260027219847],[-74.30383530772778,4.7622590500817132],[-74.303878461990379,4.7622914116265767],[-74.303902742632559,4.7623096198527843],[-74.304133880244038,4.7624854002254864],[-74.304333532663634,4.7626354762270289],[-74.304499316876488,4.7627608515420938],[-74.304647083911362,4.762872339101583],[-74.304879719035313,4.7630478591743071],[-74.304938845727534,4.7630924686290532],[-74.305091223682211,4.7632070508830191],[-74.305211142555606,4.7632979132132007],[-74.305341633929913,4.76339680762608],[-74.30543376836917,4.7634666324453248],[-74.305539011569849,4.7635463947762009],[-74.305745482846319,4.76370210728623],[-74.30595467610965,4.7638595297599258],[-74.306184839592888,4.7640330769936909],[-74.306272208866304,4.7640985897663475],[-74.306302891171981,4.7641215976024469],[-74.306337782320483,4.7641479246248686],[-74.306344570868973,4.7641400242124305],[-74.303960532038658,4.7623392691016466],[-74.30364374084094,4.7620999834291933],[-74.303641603602344,4.7621137186385516]]]]},"properties":{"FMI":"50C-1190824","RefName":"PRG-124","DATE_DEL":1682035200000,"PARCEL_ID":"PRG-124","ACT":152,"EFR_ENTRG":"DELIVERED","FID":114,"CODIGO":"254300000000000050007000000000","USO":"Privado","VERE":"EL CORZO","MUNICIPIO":"MADRID","CONNOTACI":"PRIVADO","PROPIETARI":"WINSTON CAPITAL LLC","GRAVAMENES":"Servidumbre de Oleoducto e Hipoteca","TIPO_DE_AF":"PARCIAL","LAND_AREA":1516.3099999999999,"BUILT_AREA":0,"TOTAL_AREA":0,"REST_AREA":0,"SECTION":16,"pk_ini":31855,"pk_end":32229,"VISIT_DATE":1681430400000,"OBS":" ","ID":166,"shapeArea":1516.3337806,"plantArea":0,"Floors":0,"paso":0,"review":"v","SECTOR":"SUBURBANO","DIRECCION":"LA PROVIDENCIA","LyrName":" ","Color":3,"Shape_Leng":1524.72881334,"Shape_Area":1516.30069544,"NOTIFY":"1-2023-1752","DATE_NOT":null,"dateMax":1682035200000,"ActivityId":" ","TYPE":"PROJECT","Trees":0,"Shape_Le_1":1533.6962690400001,"use":"Private","PK_DE_REFE":"31+855 - 32+229","Layer":"PROJECT_DELIVERED","pasos":0,"ACTA_No":0}},{"type":"Feature","id":115,"geometry":{"type":"Polygon","coordinates":[[[-74.310053446450851,4.7669533196152303],[-74.310163874118473,4.7670367671572542],[-74.310216818957358,4.7670766532487931],[-74.310224461025484,4.767071157946722],[-74.310198614794444,4.7670516998463759],[-74.309167714083486,4.7662726686212036],[-74.309053612951587,4.7661877843068785],[-74.30899703492959,4.7661432394866345],[-74.30889167054913,4.7660619513125511],[-74.308470698546301,4.7657431555031158],[-74.308050438895549,4.7654266470531317],[-74.307846850720409,4.7652725313196456],[-74.307288299338822,4.7648474812979771],[-74.306756425896623,4.7644368445653438],[-74.306344570868973,4.7641400242124305],[-74.306337782320483,4.7641479246248686],[-74.306380393200257,4.764180077287393],[-74.306384363964412,4.7641830728148706],[-74.306563063722663,4.7643179104054232],[-74.30700702782849,4.7646528704921192],[-74.307549104012139,4.7650618550613304],[-74.308088933965067,4.7654691425506321],[-74.308621623626706,4.7658710432606126],[-74.308676382476719,4.7659126117722392],[-74.308742248546125,4.7659626100397192],[-74.309042584309154,4.7661905922545609],[-74.309197439290614,4.7663064504634498],[-74.30936277078581,4.7664313887883036],[-74.309614920611764,4.7666219345198932],[-74.309748356963766,4.7667227694668748],[-74.309845710867876,4.766796337489656],[-74.30998992361738,4.7669053164800763],[-74.310053446450851,4.7669533196152303]]]},"properties":{"FMI":"50C-1779082","RefName":"PRG-125","DATE_DEL":1683331200000,"PARCEL_ID":"PRG-125","ACT":187,"EFR_ENTRG":"DELIVERED","FID":115,"CODIGO":"254300000000000050028000000000","USO":" ","VERE":" ","MUNICIPIO":"MADRID","CONNOTACI":"PRIVADO","PROPIETARI":"SOCIEDAD DE COMERCIALIZACION INT - SEGUN FOLIO ACTUALMENTE ES ALIANZA FIDUCIARIA COMO VOCERA DEL FIDEICOMISO FITAGRO","GRAVAMENES":"Servidumbre de Oleoducto","TIPO_DE_AF":"PARCIAL","LAND_AREA":719.30999999999995,"BUILT_AREA":0,"TOTAL_AREA":0,"REST_AREA":0,"SECTION":16,"pk_ini":32235,"pk_end":32768,"VISIT_DATE":1681948800000,"OBS":" ","ID":167,"shapeArea":719.30859615700001,"plantArea":0,"Floors":0,"paso":0,"review":"v","SECTOR":"SUBURBANO","DIRECCION":"EL CURTIDOR","LyrName":" ","Color":3,"Shape_Leng":1079.62894478,"Shape_Area":719.24334078000004,"NOTIFY":"1-2023-1873","DATE_NOT":null,"dateMax":1683331200000,"ActivityId":" ","TYPE":"PROJECT","Trees":0,"Shape_Le_1":1085.97059988,"use":"Private","PK_DE_REFE":"32+235 - 32+768","Layer":"PROJECT_DELIVERED","pasos":0,"ACTA_No":0}},{"type":"Feature","id":116,"geometry":{"type":"Polygon","coordinates":[[[-74.306418706966966,4.7640537591905598],[-74.306573335830066,4.7641727596542349],[-74.307079104376186,4.7645563034035341],[-74.307553713924193,4.7649185699639398],[-74.308075704027729,4.765314840028652],[-74.308497135329986,4.765633708294942],[-74.308957907532772,4.7659892323789697],[-74.309059829123356,4.7660695541025975],[-74.309115838716423,4.7661124804133745],[-74.309505097299862,4.7663968869544826],[-74.309828577114061,4.7666438141998251],[-74.310318594532916,4.7670034681951723],[-74.31034109086562,4.766987290797247],[-74.3103080730682,4.7669625151375348],[-74.310236192093441,4.7669082751917129],[-74.310077311582361,4.7667883854209103],[-74.309775995610238,4.766561017137553],[-74.309592187814687,4.7664223181025731],[-74.309347228680068,4.7662374742531677],[-74.309127375613414,4.7660715750618889],[-74.309115589482104,4.7660626825353258],[-74.308924900695715,4.7659187895207475],[-74.30864767885177,4.7657096007643167],[-74.308550500176793,4.7656362694235135],[-74.30853233682592,4.7656225645389201],[-74.308339261663633,4.7654768716899261],[-74.308165788919027,4.7653459701630378],[-74.308034597263514,4.7652469752819639],[-74.307962916801998,4.7651928860292188],[-74.307733027453608,4.7650194116886011],[-74.307510311577545,4.7648513516194964],[-74.30727758165213,4.7646737110515893],[-74.307181236991781,4.7646001712334005],[-74.306976705914693,4.7644446421121813],[-74.306862431371385,4.7643624640288369],[-74.306662500929889,4.76421159674506],[-74.306500001718362,4.7640838579630698],[-74.306476662866899,4.7640655120685675],[-74.306436265061947,4.7640337547582901],[-74.306436045964531,4.7640335830142986],[-74.306418706966966,4.7640537591905598]]]},"properties":{"FMI":"50C-1779081","RefName":"PRG-126","DATE_DEL":1683331200000,"PARCEL_ID":"PRG-126","ACT":188,"EFR_ENTRG":"DELIVERED","FID":116,"CODIGO":"254300000000000050181000000000","USO":"Privado","VERE":"EL CORZO","MUNICIPIO":"MADRID","CONNOTACI":"PRIVADO","PROPIETARI":"ALIANZA FIDUCIARA S.A COMO VOCERA Y ADMINISTRADORA DEL PATRIMONIO AUTONOMO DENOMINADO FIDEICOMISO FITAGRO","GRAVAMENES":"Servidumbre de Oleoducto","TIPO_DE_AF":"PARCIAL","LAND_AREA":1810.74,"BUILT_AREA":0,"TOTAL_AREA":0,"REST_AREA":0,"SECTION":16,"pk_ini":32236,"pk_end":32772,"VISIT_DATE":1681948800000,"OBS":" ","ID":168,"shapeArea":1810.7281824900001,"plantArea":0,"Floors":0,"paso":0,"review":"v","SECTOR":"SUBURBANO","DIRECCION":"KM4+310 VIA MADRID -  EL CORZO - FACATATIVA \nPREDIO EL CORTIJO","LyrName":" ","Color":3,"Shape_Leng":1090.43482107,"Shape_Area":1810.7816636299999,"NOTIFY":"1-2023-1873","DATE_NOT":null,"dateMax":1683331200000,"ActivityId":" ","TYPE":"PROJECT","Trees":0,"Shape_Le_1":1096.8469152299999,"use":"Private","PK_DE_REFE":"32+236 - 32+772","Layer":"PROJECT_DELIVERED","pasos":0,"ACTA_No":0}},{"type":"Feature","id":117,"geometry":{"type":"Polygon","coordinates":[[[-74.31236944956062,4.7685577842887206],[-74.312402682175431,4.7685829558504773],[-74.312641952025459,4.7687641932156044],[-74.312654401197776,4.7687584077700365],[-74.312649063420452,4.7687541566781473],[-74.312584568711713,4.7687040371706049],[-74.312481455253518,4.7686254219307029],[-74.312451799386551,4.7686028119337012],[-74.312415500325187,4.7685754087083208],[-74.3123833235571,4.7685511175736348],[-74.31236944956062,4.7685577842887206]]]},"properties":{"FMI":"50C - 1543452","RefName":"PRG-128","DATE_DEL":1700092800000,"PARCEL_ID":"PRG-128","ACT":198,"EFR_ENTRG":"DELIVERED","FID":117,"CODIGO":"254300000000000050141000000000","USO":"Privado","VERE":"EL CORZO","MUNICIPIO":"MADRID","CONNOTACI":"PRIVADO","PROPIETARI":"LEONILDE QUIROGA, LOLITA BARERRO Y ZORAIDA LAZA","GRAVAMENES":"N/A","TIPO_DE_AF":"PARCIAL","LAND_AREA":56.229999999999997,"BUILT_AREA":0,"TOTAL_AREA":0,"REST_AREA":0,"SECTION":16,"pk_ini":33061,"pk_end":33100,"VISIT_DATE":1699488000000,"OBS":" ","ID":170,"shapeArea":56.228855214100001,"plantArea":0,"Floors":0,"paso":0,"review":"v","SECTOR":"SUBURBANO","DIRECCION":"LO A","LyrName":" ","Color":3,"Shape_Leng":78.922258979099993,"Shape_Area":56.228855214100001,"NOTIFY":" ","DATE_NOT":null,"dateMax":1700092800000,"ActivityId":" ","TYPE":"PROJECT","Trees":0,"Shape_Le_1":79.383868979799999,"use":"Private","PK_DE_REFE":"33+061 - 33+100","Layer":"PROJECT_DELIVERED","pasos":0,"ACTA_No":0}},{"type":"Feature","id":118,"geometry":{"type":"MultiPolygon","coordinates":[[[[-74.312641952025459,4.7687641932156044],[-74.312663103590324,4.7687802155825132],[-74.312767074923357,4.7688685209684643],[-74.312989607518475,4.7690573799405049],[-74.313307683512008,4.7693635298073787],[-74.31351502761683,4.7695733210945184],[-74.313421371778134,4.7694717462231067],[-74.313294565978111,4.7693363881556872],[-74.313214868113576,4.7692548124614547],[-74.31313366721686,4.7691746959068677],[-74.313061386958054,4.7691060066235691],[-74.313003213447899,4.7690523256700068],[-74.312919427379001,4.76897755257274],[-74.312828801307447,4.7688997189460949],[-74.312740814588025,4.7688272161503349],[-74.312654401197776,4.7687584077700365],[-74.312641952025459,4.7687641932156044]]],[[[-74.312506510643075,4.7688266135943413],[-74.312520186820905,4.7688372914018693],[-74.312610025108114,4.7689074288510085],[-74.312698420442516,4.7689807535315589],[-74.312786815795491,4.7690540781996518],[-74.312794171720014,4.769060660786506],[-74.312908084871978,4.7691625905300157],[-74.312942646367404,4.7691935165670305],[-74.313144944900515,4.7693920511804162],[-74.313174624678751,4.769421176611023],[-74.313198477592351,4.76944717606899],[-74.313346753087501,4.7696087993836276],[-74.31347521462699,4.7697488221474726],[-74.313501907195743,4.7697252270482329],[-74.313455376413188,4.7696748383079468],[-74.3132350719454,4.7694362603772404],[-74.313009955597352,4.769202042738188],[-74.312850476704739,4.7690643455082951],[-74.312649450091342,4.7688945327116663],[-74.312535927072744,4.7688130571296439],[-74.312506510643075,4.7688266135943413]]]]},"properties":{"FMI":"50C-1668845","RefName":"PRG-129","DATE_DEL":1678924800000,"PARCEL_ID":"PRG-129","ACT":109,"EFR_ENTRG":"DELIVERED","FID":118,"CODIGO":"254300000000000050026000000000","USO":"Privado","VERE":"EL CORZO","MUNICIPIO":"MADRID","CONNOTACI":"PRIVADO","PROPIETARI":"CORREA SENIOR S.A.S; EDUARDO CORREA; ESPERANZA CORREA;CLAUDIA CORREA;ALARCON CORREA ALCOR S EN C; CLAD CORREA Y CIA SCA","GRAVAMENES":"Afectación por obra publica , Servidumbre de energía electrica","TIPO_DE_AF":"PARCIAL","LAND_AREA":747.55999999999995,"BUILT_AREA":0,"TOTAL_AREA":0,"REST_AREA":0,"SECTION":16,"pk_ini":33092,"pk_end":33226,"VISIT_DATE":1678320000000,"OBS":" ","ID":171,"shapeArea":747.55555617699997,"plantArea":0,"Floors":0,"paso":0,"review":"v","SECTOR":"SUBURBANO","DIRECCION":"JABONERA","LyrName":" ","Color":3,"Shape_Leng":568.41829901799997,"Shape_Area":747.55620812699999,"NOTIFY":"1-2023-1056","DATE_NOT":null,"dateMax":1678924800000,"ActivityId":" ","TYPE":"PROJECT","Trees":0,"Shape_Le_1":572.15747339699999,"use":"Private","PK_DE_REFE":"33+092 - 33+226","Layer":"PROJECT_DELIVERED","pasos":0,"ACTA_No":0}},{"type":"Feature","id":119,"geometry":{"type":"Polygon","coordinates":[[[-74.318585277658542,4.7751897816137152],[-74.318697318786079,4.7753153818632486],[-74.318970614295523,4.7756165075806241],[-74.319148962406118,4.7758130175830216],[-74.319162144277868,4.7757860142021737],[-74.31912863837205,4.7757234304591769],[-74.319066132470908,4.7756592771167696],[-74.31878780609668,4.7753736085771603],[-74.318611707277867,4.7751901277154696],[-74.318600778147712,4.7751787410110635],[-74.318577285930246,4.7751542671901124],[-74.318585277658542,4.7751897816137152]]]},"properties":{"FMI":"50C-817726","RefName":"PRG-134","DATE_DEL":1678406400000,"PARCEL_ID":"PRG-134","ACT":101,"EFR_ENTRG":"DELIVERED","FID":119,"CODIGO":"254300000000000050073000000000","USO":"Privado","VERE":"EL CORZO","MUNICIPIO":"MADRID","CONNOTACI":"PRIVADO","PROPIETARI":"INMOBILIARIA LA RAMADA S.A.S.","GRAVAMENES":"NA","TIPO_DE_AF":"PARCIAL","LAND_AREA":333.98000000000002,"BUILT_AREA":0,"TOTAL_AREA":0,"REST_AREA":0,"SECTION":16,"pk_ini":34046,"pk_end":34162,"VISIT_DATE":1677801600000,"OBS":" ","ID":174,"shapeArea":333.991728088,"plantArea":0,"Floors":0,"paso":0,"review":"v","SECTOR":"SUBURBANO","DIRECCION":"EL PIRATA","LyrName":" ","Color":3,"Shape_Leng":196.03304163999999,"Shape_Area":333.99629393999999,"NOTIFY":"1-2023-944","DATE_NOT":null,"dateMax":1678406400000,"ActivityId":" ","TYPE":"PROJECT","Trees":0,"Shape_Le_1":197.441130883,"use":"Private","PK_DE_REFE":"34+046 - 34+162","Layer":"PROJECT_DELIVERED","pasos":0,"ACTA_No":0}},{"type":"Feature","id":120,"geometry":{"type":"Polygon","coordinates":[[[-74.318981977949704,4.7759217730702073],[-74.319018878955092,4.7759338749669658],[-74.319069713055725,4.7759044782164555],[-74.319080614851572,4.7759175514386074],[-74.319096505554725,4.7759036304962548],[-74.318908917715106,4.7756936460668991],[-74.31875700674135,4.775526422356724],[-74.318590980007855,4.775354993154699],[-74.318606038320539,4.7754509782540193],[-74.318725848811368,4.7755895117562206],[-74.318811844385706,4.7756889462169054],[-74.318839709434044,4.7757289914153995],[-74.318897646122593,4.7758062614289383],[-74.31893503869567,4.7758578954733997],[-74.318957961681107,4.775904205577306],[-74.318981977949704,4.7759217730702073]]]},"properties":{"FMI":"50C-483903","RefName":"PRG-135","DATE_DEL":1683331200000,"PARCEL_ID":"PRG-135","ACT":194,"EFR_ENTRG":"DELIVERED","FID":120,"CODIGO":"254300000000000050032000000000","USO":"Privado","VERE":"EL CORZO","MUNICIPIO":"MADRID","CONNOTACI":"PRIVADO","PROPIETARI":"HUGO JAVIER CORREA MOYA","GRAVAMENES":"Hipoteca y embargo","TIPO_DE_AF":"PARCIAL","LAND_AREA":620.09000000000003,"BUILT_AREA":0,"TOTAL_AREA":0,"REST_AREA":0,"SECTION":16,"pk_ini":34055,"pk_end":34159,"VISIT_DATE":1682553600000,"OBS":" ","ID":175,"shapeArea":620.08352839999998,"plantArea":0,"Floors":0,"paso":0,"review":"v","SECTOR":"SUBURBANO","DIRECCION":"LA ESCUELA","LyrName":" ","Color":3,"Shape_Leng":175.42266537,"Shape_Area":620.07538391699995,"NOTIFY":"1-2023-2049","DATE_NOT":null,"dateMax":1683331200000,"ActivityId":" ","TYPE":"PROJECT","Trees":0,"Shape_Le_1":176.69978945700001,"use":"Private","PK_DE_REFE":"34+055 - 34+159","Layer":"PROJECT_DELIVERED","pasos":0,"ACTA_No":0}},{"type":"Feature","id":121,"geometry":{"type":"Polygon","coordinates":[[[-74.319841637280589,4.7766903017729181],[-74.319843905135215,4.7766925526748194],[-74.319915374773956,4.7767563546130276],[-74.319951132592323,4.7767882781783779],[-74.319989441322818,4.7768224760547033],[-74.320020060357209,4.7768498094053111],[-74.320051397147836,4.7768777845524788],[-74.320083481450581,4.7769064268059225],[-74.320113409790466,4.7769331454732784],[-74.320147747874373,4.7769624479683008],[-74.320157205227986,4.7769717950682038],[-74.32016330890491,4.7769594826938757],[-74.319874626752608,4.7766963055093878],[-74.319848951579274,4.776672896868666],[-74.319841637280589,4.7766903017729181]]]},"properties":{"FMI":"156-137071","RefName":"PRG-137","DATE_DEL":1683331200000,"PARCEL_ID":"PRG-137","ACT":190,"EFR_ENTRG":"DELIVERED","FID":121,"CODIGO":"252690001000000070032000000000","USO":"Privado","VERE":"CORZO","MUNICIPIO":"FACATATIVA","CONNOTACI":"PRIVADO","PROPIETARI":"MARIA ELENA GUTIERREZ BRAVO","GRAVAMENES":"N/A","TIPO_DE_AF":"PARCIAL","LAND_AREA":81.700000000000003,"BUILT_AREA":0,"TOTAL_AREA":0,"REST_AREA":0,"SECTION":16,"pk_ini":34228,"pk_end":34279,"VISIT_DATE":1682467200000,"OBS":" ","ID":177,"shapeArea":81.700375995200005,"plantArea":0,"Floors":0,"paso":0,"review":"v","SECTOR":"SUBURBANO","DIRECCION":"LOTE B","LyrName":" ","Color":3,"Shape_Leng":97.581278961600006,"Shape_Area":81.697047653400006,"NOTIFY":"1-2023-2013","DATE_NOT":1682294400000,"dateMax":1683331200000,"ActivityId":" ","TYPE":"PROJECT","Trees":0,"Shape_Le_1":98.220835436399994,"use":"Private","PK_DE_REFE":"34+228 - 34+279","Layer":"PROJECT_DELIVERED","pasos":0,"ACTA_No":0}},{"type":"Feature","id":122,"geometry":{"type":"Polygon","coordinates":[[[-74.320384324851133,4.777174877975451],[-74.320423740240784,4.7772183978454725],[-74.320450607704643,4.7772332007361342],[-74.320569401758291,4.7773477929344814],[-74.32058899317262,4.7773656920030119],[-74.320592594875109,4.7773595396885247],[-74.320592575037224,4.777359520705307],[-74.320388941576581,4.7771662366732199],[-74.320384324851133,4.777174877975451]]]},"properties":{"FMI":"156-95995","RefName":"PRG-139","DATE_DEL":1683331200000,"PARCEL_ID":"PRG-139","ACT":191,"EFR_ENTRG":"DELIVERED","FID":122,"CODIGO":"252690001000000070024000000000","USO":"Privado","VERE":"CORZO","MUNICIPIO":"FACATATIVA","CONNOTACI":"PRIVADO","PROPIETARI":"ALBA PATRICIA GARZON OSPINA","GRAVAMENES":"Hipoteca","TIPO_DE_AF":"PARCIAL","LAND_AREA":28.170000000000002,"BUILT_AREA":0,"TOTAL_AREA":0,"REST_AREA":0,"SECTION":16,"pk_ini":34327,"pk_end":34359,"VISIT_DATE":1682467200000,"OBS":" ","ID":179,"shapeArea":28.168666138399999,"plantArea":0,"Floors":0,"paso":0,"review":"v","SECTOR":"SUBURBANO","DIRECCION":"LOTE  3A","LyrName":" ","Color":3,"Shape_Leng":64.100606391499994,"Shape_Area":28.168857969299999,"NOTIFY":"1-2023-2013","DATE_NOT":1682294400000,"dateMax":1683331200000,"ActivityId":" ","TYPE":"PROJECT","Trees":0,"Shape_Le_1":64.527808466300002,"use":"Private","PK_DE_REFE":"34+327 - 34+359","Layer":"PROJECT_DELIVERED","pasos":0,"ACTA_No":0}},{"type":"Feature","id":123,"geometry":{"type":"Polygon","coordinates":[[[-74.319552627918242,4.7762028105976384],[-74.319759800835783,4.776419532172115],[-74.31987238495941,4.7765141200006189],[-74.319995284201497,4.7766374219683918],[-74.3201155876869,4.7767563950486975],[-74.32026938090371,4.7768965213569592],[-74.320323951115753,4.7769457754518658],[-74.320406228896744,4.7770200380495025],[-74.320506232104989,4.7771069075101957],[-74.320562217719001,4.7771540070437828],[-74.320657979337582,4.7772370202463144],[-74.320666454762062,4.7772199431830096],[-74.320257331583647,4.7768424910770646],[-74.320092043159107,4.7766834147353698],[-74.319979644317897,4.7765929559076312],[-74.319915323055184,4.7765320822802444],[-74.319800063787611,4.7764305594349254],[-74.319666940164637,4.7763133017515296],[-74.319571066614458,4.7762162889901898],[-74.31947837985031,4.7761251376569387],[-74.319552627918242,4.7762028105976384]]]},"properties":{"FMI":"156-9850","RefName":"PRG-142","DATE_DEL":1678406400000,"PARCEL_ID":"PRG-142","ACT":102,"EFR_ENTRG":"DELIVERED","FID":123,"CODIGO":"252690001000000070015000000000","USO":"Privado","VERE":"CORZO","MUNICIPIO":"FACATATIVA","CONNOTACI":"PRIVADO","PROPIETARI":"INMOBILIARIA LA RAMADA S.A.S.","GRAVAMENES":"N/A","TIPO_DE_AF":"PARCIAL","LAND_AREA":422.79000000000002,"BUILT_AREA":0,"TOTAL_AREA":0,"REST_AREA":0,"SECTION":16,"pk_ini":34169,"pk_end":34387,"VISIT_DATE":1677801600000,"OBS":" ","ID":181,"shapeArea":422.78742475400003,"plantArea":0,"Floors":0,"paso":0,"review":"v","SECTOR":"SUBURBANO","DIRECCION":"LA MAQUINA","LyrName":" ","Color":3,"Shape_Leng":360.860469814,"Shape_Area":422.80096655900002,"NOTIFY":"1-2023-944","DATE_NOT":null,"dateMax":1678406400000,"ActivityId":" ","TYPE":"PROJECT","Trees":0,"Shape_Le_1":363.23626859299998,"use":"Private","PK_DE_REFE":"34+169 - 34+387","Layer":"PROJECT_DELIVERED","pasos":0,"ACTA_No":0}},{"type":"Feature","id":124,"geometry":{"type":"MultiPolygon","coordinates":[[[[-74.321030036526295,4.7775553830214372],[-74.320666454762062,4.7772199431830096],[-74.320657979337582,4.7772370202463144],[-74.320671820329835,4.7772490189957386],[-74.320793618304663,4.7773543998088703],[-74.320800610934995,4.7773604516058326],[-74.320808747795425,4.7773674407541797],[-74.320890934244815,4.777438040911508],[-74.321021409147676,4.7775479907330887],[-74.321030036526295,4.7775553830214372]]],[[[-74.321030036526295,4.7775553830214372],[-74.321130631901298,4.7776416291099268],[-74.321259475396886,4.7777492653617957],[-74.32136014417739,4.7778288042063055],[-74.321515184324568,4.7779504621818623],[-74.321559153236223,4.7779847501862847],[-74.321466794421909,4.7779123858330088],[-74.321030036526295,4.7775553830214372]]],[[[-74.324412291066537,4.7802105845224503],[-74.324418624418385,4.7802029300704527],[-74.324165082175455,4.7800104890671147],[-74.323963102659121,4.7798595385151836],[-74.324412291066537,4.7802105845224503]]]]},"properties":{"FMI":"156-27565","RefName":"PRG-143","DATE_DEL":1682035200000,"PARCEL_ID":"PRG-143","ACT":153,"EFR_ENTRG":"DELIVERED","FID":124,"CODIGO":"252690001000000070012000000000","USO":"Privado","VERE":"CORZO","MUNICIPIO":"FACATATIVA","CONNOTACI":"PRIVADO","PROPIETARI":"FIDUCIARIA SCOTIABANK COLPATRICA COMO  VOCERA DEL PATRIMONIO AUTONOMO HATLLE  COLOMBIA","GRAVAMENES":"N/A","TIPO_DE_AF":"PARCIAL","LAND_AREA":117.56,"BUILT_AREA":0,"TOTAL_AREA":0,"REST_AREA":0,"SECTION":16,"pk_ini":34571,"pk_end":34941,"VISIT_DATE":1681430400000,"OBS":" ","ID":182,"shapeArea":117.529900248,"plantArea":0,"Floors":0,"paso":0,"review":"v","SECTOR":"SUBURBANO","DIRECCION":"SANTA TECLA","LyrName":" ","Color":3,"Shape_Leng":389.647406999,"Shape_Area":117.524590836,"NOTIFY":"1-2023-1752","DATE_NOT":null,"dateMax":1682035200000,"ActivityId":" ","TYPE":"PROJECT","Trees":0,"Shape_Le_1":392.04798962299998,"use":"Private","PK_DE_REFE":"34+571 - 34+941","Layer":"PROJECT_DELIVERED","pasos":0,"ACTA_No":0}},{"type":"Feature","id":125,"geometry":{"type":"Polygon","coordinates":[[[-74.347165056116268,4.8009545840573864],[-74.347237784012606,4.801113060303499],[-74.347245304913486,4.8011294458855343],[-74.347245689259253,4.8011302840159074],[-74.347256998439164,4.8011201414840539],[-74.347287975676963,4.8010923574064455],[-74.347284405402945,4.8010886810464415],[-74.34728191369669,4.8010861165439804],[-74.347258444941687,4.8010619539917005],[-74.347198916339806,4.8010006644484227],[-74.347158777461573,4.8009383209675489],[-74.347165056116268,4.8009545840573864]]]},"properties":{"FMI":"156-40692","RefName":"PRG-163","DATE_DEL":1676592000000,"PARCEL_ID":"PRG-163","ACT":78,"EFR_ENTRG":"DELIVERED","FID":125,"CODIGO":"252690001000000080034000000000","USO":"Privado","VERE":"MIRADOR MANABLANCA","MUNICIPIO":"FACATATIVA","CONNOTACI":"PRIVADO","PROPIETARI":"NAVARRETE GUTIERREZ PEDRO VICENTE; LUIS EDUARDO NAVARRETE GUTIERRES; VICENTE, CECILIA, LEONOR, MONICA NAVARRETTE Y JHON CRISTIAN GOMEZ","GRAVAMENES":"Pohibición de enajenar","TIPO_DE_AF":"PARCIAL","LAND_AREA":59.719999999999999,"BUILT_AREA":0,"TOTAL_AREA":7038.7200000000003,"REST_AREA":0,"SECTION":18,"pk_ini":38469,"pk_end":38497,"VISIT_DATE":1675987200000,"OBS":" ","ID":198,"shapeArea":59.720543569900002,"plantArea":0,"Floors":0,"paso":0,"review":"V","SECTOR":"SUBURBANO","DIRECCION":"SIN DIRECCION","LyrName":" ","Color":3,"Shape_Leng":51.845354202000003,"Shape_Area":59.804242213000002,"NOTIFY":"1-2023-610","DATE_NOT":null,"dateMax":1676592000000,"ActivityId":" ","TYPE":"PROJECT","Trees":0,"Shape_Le_1":52.392122622400002,"use":"Private","PK_DE_REFE":"38+469 - 38+497","Layer":"PROJECT_DELIVERED","pasos":0,"ACTA_No":0}},{"type":"Feature","id":126,"geometry":{"type":"Polygon","coordinates":[[[-74.235541698411026,4.7123247908173509],[-74.235910926186961,4.7126191031903213],[-74.236097295829325,4.7127615357142005],[-74.2361082416557,4.7127454845205685],[-74.236095255951341,4.7127370231911421],[-74.236080137364667,4.7127271724316717],[-74.236045241057766,4.7126990103949451],[-74.235975477145516,4.712646005107751],[-74.235854429971667,4.712554035058468],[-74.235833801489377,4.7125361300017516],[-74.235832652056786,4.712535131911106],[-74.235828170740561,4.7125317643965898],[-74.235827607308195,4.7125313413103056],[-74.235683475002148,4.71242302665698],[-74.235682258973952,4.7124224843508173],[-74.235674796039007,4.7124191500686781],[-74.235610644373125,4.7123681718211685],[-74.235549276548795,4.7123194048638855],[-74.235541698411026,4.7123247908173509]]]},"properties":{"FMI":"50C-174374","RefName":"PRG-096","DATE_DEL":1681171200000,"PARCEL_ID":"PRG-096","ACT":135,"EFR_ENTRG":"DELIVERED","FID":126,"CODIGO":"254730100000000820001000000000","USO":"Privado","VERE":"MOSQUERA","MUNICIPIO":"MOSQUERA","CONNOTACI":"PRIVADO","PROPIETARI":"CODENSA S.A. ESP","GRAVAMENES":"N/A","TIPO_DE_AF":"PARCIAL","LAND_AREA":125.84,"BUILT_AREA":0,"TOTAL_AREA":0,"REST_AREA":0,"SECTION":12,"pk_ini":22501,"pk_end":22578,"VISIT_DATE":1680566400000,"OBS":" ","ID":0,"shapeArea":125.84421648199999,"plantArea":0,"Floors":0,"paso":0,"review":"v","SECTOR":"SUBURBANO","DIRECCION":"SUBCENTRAL","LyrName":" ","Color":3,"Shape_Leng":159.42685928200001,"Shape_Area":125.851359268,"NOTIFY":"1-2023-1536","DATE_NOT":null,"dateMax":1681171200000,"ActivityId":" ","TYPE":"PROJECT","Trees":0,"Shape_Le_1":160.368365259,"use":"Private","PK_DE_REFE":"22+501 - 22+578","Layer":"PROJECT_DELIVERED","pasos":0,"ACTA_No":0}},{"type":"Feature","id":127,"geometry":{"type":"Polygon","coordinates":[[[-74.235365391225088,4.7121849774296969],[-74.235511911525293,4.7122992600217364],[-74.235518124310744,4.712294650272427],[-74.235405377314493,4.7122050538619291],[-74.234990345903313,4.7118752431473503],[-74.234985319402895,4.7118804060578157],[-74.235110894908658,4.7119814408969543],[-74.235111754039067,4.7119821306867475],[-74.235315722359729,4.7121462374381435],[-74.235365391225088,4.7121849774296969]]]},"properties":{"FMI":"50C-417424","RefName":"PRG-095","DATE_DEL":1683331200000,"PARCEL_ID":"PRG-095","ACT":185,"EFR_ENTRG":"DELIVERED","FID":127,"CODIGO":"254730100000000340006000000000","USO":"Privado","VERE":"MOSQUERA","MUNICIPIO":"MOSQUERA","CONNOTACI":"PRIVADO","PROPIETARI":"FUNDICOM SA FUNDICION Y COMPONENTES AUTOMOTORES S.A.S","GRAVAMENES":"Hipoteca y demanda de restructuración","TIPO_DE_AF":"PARCIAL","LAND_AREA":70.980000000000004,"BUILT_AREA":0,"TOTAL_AREA":0,"REST_AREA":0,"SECTION":0,"pk_ini":22419.75,"pk_end":22494.389999999999,"VISIT_DATE":1682294400000,"OBS":" ","ID":0,"shapeArea":72.005394806499993,"plantArea":0,"Floors":0,"paso":0,"review":"V","SECTOR":"SUBURBANO","DIRECCION":"LOTE A","LyrName":" ","Color":3,"Shape_Leng":154.60614650299999,"Shape_Area":70.280410015900003,"NOTIFY":"1-2023-1943","DATE_NOT":1681948800000,"dateMax":1683331200000,"ActivityId":" ","TYPE":"PROJECT","Trees":0,"Shape_Le_1":151.81103674299999,"use":"Private","PK_DE_REFE":"22+420 - 22+494","Layer":"PROJECT_DELIVERED","pasos":0,"ACTA_No":0}},{"type":"Feature","id":128,"geometry":{"type":"Polygon","coordinates":[[[-74.193940101131929,4.6988655937467056],[-74.193981975307665,4.6990425559512277],[-74.194108046745797,4.6990359840774127],[-74.194072198947296,4.6989088535973087],[-74.194088628070446,4.6989077331269122],[-74.194076657311655,4.6988571382658675],[-74.194059543174149,4.698858196453318],[-74.194059465661454,4.698858202796413],[-74.193940101131929,4.6988655937467056]]]},"properties":{"FMI":"50C-485966","RefName":"PRG-054","DATE_DEL":1683331200000,"PARCEL_ID":"PRG-054","ACT":181,"EFR_ENTRG":"DELIVERED","FID":128,"CODIGO":"252860200000000010801800000003","USO":"Publico","VERE":"EL HATO","MUNICIPIO":"FUNZA","CONNOTACI":"PRIVADO","PROPIETARI":"COMPLEJO INDUSTRIAL LA ESPERALDA PH","GRAVAMENES":"PROPIEDAD HORIZONTAL","TIPO_DE_AF":"PARCIAL","LAND_AREA":280.32999999999998,"BUILT_AREA":0,"TOTAL_AREA":18424.130000000001,"REST_AREA":0,"SECTION":10,"pk_ini":17258,"pk_end":17351,"VISIT_DATE":1681948800000,"OBS":" ","ID":98,"shapeArea":280.32645280600002,"plantArea":670.09060240500003,"Floors":2,"paso":0,"review":"v","SECTOR":"SUBURBANO","DIRECCION":"ZONAS COMUNES - ITALCOL KILOMETRO 2,4 VIA BOGOTA FUNZA","LyrName":" ","Color":3,"Shape_Leng":71.485912960500002,"Shape_Area":280.32473256899999,"NOTIFY":"1-2023-1873","DATE_NOT":null,"dateMax":1683331200000,"ActivityId":" ","TYPE":"PROJECT","Trees":0,"Shape_Le_1":71.981127600400001,"use":"Public","PK_DE_REFE":"17+258 - 17+351","Layer":"PROJECT_DELIVERED","pasos":0,"ACTA_No":0}},{"type":"Feature","id":129,"geometry":{"type":"Polygon","coordinates":[[[-74.159155308314638,4.6935109815955753],[-74.159155302008784,4.6935110105341629],[-74.159404813551419,4.6936506145554064],[-74.159425179231079,4.6936619946868667],[-74.159428968531827,4.6936556776524219],[-74.159447975414309,4.6936240201281469],[-74.159447910515169,4.6936239830591457],[-74.15917756257825,4.6934709570430497],[-74.159155308314638,4.6935109815955753]]]},"properties":{"FMI":"50C-1663117","RefName":"PRG-027","DATE_DEL":1682035200000,"PARCEL_ID":"PRG-027","ACT":148,"EFR_ENTRG":"DELIVERED","FID":129,"CODIGO":"AAA0249HSNN","USO":"Publico","VERE":"BOGOTA","MUNICIPIO":"BOGOTA D.C.","CONNOTACI":"PRIVADO","PROPIETARI":"FIDEICOMISO DE OCCIDENTE VOCERA DEL FIDEICOMISO 4-2-1280 MULTIDIMENSIONALES S.A -","GRAVAMENES":"N/A","TIPO_DE_AF":"TOTAL","LAND_AREA":171.49000000000001,"BUILT_AREA":0,"TOTAL_AREA":5494.8800000000001,"REST_AREA":0,"SECTION":8,"pk_ini":13274.889999999999,"pk_end":13309.17,"VISIT_DATE":1681430400000,"OBS":" ","ID":69,"shapeArea":171.35115334,"plantArea":49.999938103200002,"Floors":0,"paso":0,"review":"1","SECTOR":"URBANO","DIRECCION":"KR 126 22 00 - PLAN PARCIAL AVENIDA EL FERROCARRIL","LyrName":" ","Color":3,"Shape_Leng":78.704979002000002,"Shape_Area":171.35147037199999,"NOTIFY":"1-2023-1752","DATE_NOT":null,"dateMax":1682035200000,"ActivityId":" ","TYPE":"PROJECT","Trees":0,"Shape_Le_1":79.127391548399999,"use":"Public","PK_DE_REFE":"13+275 - 13+309","Layer":"PROJECT_DELIVERED","pasos":0,"ACTA_No":0}},{"type":"Feature","id":130,"geometry":{"type":"Polygon","coordinates":[[[-74.120915071103653,4.6561744325095207],[-74.121674384429369,4.6569835142353142],[-74.121485407647299,4.6571550970724296],[-74.121515906786854,4.657186253143168],[-74.121649730389734,4.6573195236759535],[-74.121681576025352,4.6573215111569457],[-74.121734799389557,4.6573311839218343],[-74.121786514413259,4.6573470268802524],[-74.121836000066992,4.6573688194264795],[-74.121882573169444,4.6573962604690822],[-74.121926403188979,4.6574298066741271],[-74.12226331842119,4.6577756429365405],[-74.122370855328157,4.6576599622616923],[-74.122355182115044,4.6576441242836077],[-74.122061171448578,4.657333941359787],[-74.121784601906811,4.6570442163047492],[-74.121498635959199,4.656754689767892],[-74.121204230055113,4.6564538462028242],[-74.120954939060468,4.6561939414274152],[-74.120922471807248,4.6561659098412429],[-74.120915071103653,4.6561744325095207]]]},"properties":{"FMI":"50C-2133076","RefName":"PRG-013","DATE_DEL":1682294400000,"PARCEL_ID":"PRG-013","ACT":159,"EFR_ENTRG":"DELIVERED","FID":130,"CODIGO":"AAA0233MBWW","USO":"Publico","VERE":"BOGOTA","MUNICIPIO":"BOGOTA D.C.","CONNOTACI":"PUBLICO","PROPIETARI":"BOGOTA DISTRITO CAPITAL -DADEP","GRAVAMENES":"N/A","TIPO_DE_AF":"PARCIAL","LAND_AREA":3644.96,"BUILT_AREA":0,"TOTAL_AREA":0,"REST_AREA":0,"SECTION":4,"pk_ini":7344,"pk_end":7668,"VISIT_DATE":1681689600000,"OBS":" ","ID":49,"shapeArea":2767.28784885,"plantArea":105.98518763600001,"Floors":0,"paso":0,"review":"V","SECTOR":"URBANO","DIRECCION":"AK 72 22 11","LyrName":" ","Color":3,"Shape_Leng":513.29715711699998,"Shape_Area":2767.2775899100002,"NOTIFY":"1-2023-1776","DATE_NOT":1681257600000,"dateMax":1682294400000,"ActivityId":" ","TYPE":"PROJECT","Trees":0,"Shape_Le_1":516.68156277000003,"use":"Public","PK_DE_REFE":"7+344 - 7+668","Layer":"PROJECT_DELIVERED","pasos":0,"ACTA_No":0}},{"type":"Feature","id":131,"geometry":{"type":"Polygon","coordinates":[[[-74.12226331842119,4.6577756429365405],[-74.124207672273272,4.6597977473604626],[-74.124208702500212,4.6597988161855524],[-74.124232283559479,4.659582252448593],[-74.123760795353505,4.6590953311789374],[-74.122934032961524,4.6582377508176709],[-74.122370855328157,4.6576599622616923],[-74.12226331842119,4.6577756429365405]]]},"properties":{"FMI":"50C-2133076","RefName":"PRG-013A","DATE_DEL":1682294400000,"PARCEL_ID":"PRG-013A","ACT":160,"EFR_ENTRG":"DELIVERED","FID":131,"CODIGO":"AAA0233MBWW","USO":"Publico","VERE":"BOGOTA","MUNICIPIO":"BOGOTA D.C.","CONNOTACI":"PUBLICO","PROPIETARI":"BOGOTA DISTRITO CAPITAL -DADEP","GRAVAMENES":"N/A","TIPO_DE_AF":"PARCIAL","LAND_AREA":5503.3999999999996,"BUILT_AREA":0,"TOTAL_AREA":0,"REST_AREA":0,"SECTION":5,"pk_ini":7669,"pk_end":7871,"VISIT_DATE":1681689600000,"OBS":" ","ID":50,"shapeArea":5498.9888689899999,"plantArea":61.0458860978,"Floors":0,"paso":0,"review":"V","SECTOR":"URBANO","DIRECCION":"AK 72 22 11","LyrName":" ","Color":3,"Shape_Leng":648.84155295799997,"Shape_Area":5499.0330108799999,"NOTIFY":"1-2023-1776","DATE_NOT":1681257600000,"dateMax":1682294400000,"ActivityId":" ","TYPE":"PROJECT","Trees":0,"Shape_Le_1":653.30945694599995,"use":"Public","PK_DE_REFE":"7+669 - 7+871","Layer":"PROJECT_DELIVERED","pasos":0,"ACTA_No":0}},{"type":"Feature","id":132,"geometry":{"type":"Polygon","coordinates":[[[-74.12107891848899,4.6559868387726882],[-74.121043393719631,4.6560253600301724],[-74.121073936318254,4.6560608486652368],[-74.121248724707044,4.6562326240448462],[-74.121399683942599,4.6563953125575628],[-74.121914121530565,4.6569262654012755],[-74.122429090295,4.6574502202738977],[-74.122566484566221,4.6575915324238277],[-74.122607014811834,4.6575502010811363],[-74.122240998378018,4.6571757174092614],[-74.122194075186641,4.6571277088008847],[-74.121935377634045,4.6568630284191928],[-74.121842986084104,4.6567684995582406],[-74.121078957241011,4.6559867971720692],[-74.12107891848899,4.6559868387726882]]]},"properties":{"FMI":"50C-2060417","RefName":"PRG-014","DATE_DEL":1682294400000,"PARCEL_ID":"PRG-014","ACT":161,"EFR_ENTRG":"DELIVERED","FID":132,"CODIGO":"AAA0272LEJH","USO":" ","VERE":"BOGOTA","MUNICIPIO":"BOGOTA D.C.","CONNOTACI":"PUBLICO","PROPIETARI":"BOGOTA DISTRITO CAPITAL","GRAVAMENES":"N/A","TIPO_DE_AF":"PARCIAL","LAND_AREA":1526.3299999999999,"BUILT_AREA":0,"TOTAL_AREA":0,"REST_AREA":0,"SECTION":4,"pk_ini":7332,"pk_end":7574,"VISIT_DATE":1681689600000,"OBS":" ","ID":51,"shapeArea":1525.1147527799999,"plantArea":63.083478165300001,"Floors":0,"paso":0,"review":"V","SECTOR":"URBANO","DIRECCION":"ak 72 21-89","LyrName":" ","Color":3,"Shape_Leng":496.37007676899998,"Shape_Area":1525.14577014,"NOTIFY":"1-2023-1776","DATE_NOT":1681257600000,"dateMax":1682294400000,"ActivityId":" ","TYPE":"PROJECT","Trees":0,"Shape_Le_1":499.71033019999999,"use":"Public","PK_DE_REFE":"7+332 - 7+574","Layer":"PROJECT_DELIVERED","pasos":0,"ACTA_No":0}},{"type":"Feature","id":133,"geometry":{"type":"Polygon","coordinates":[[[-74.122566484566221,4.6575915324238277],[-74.123449563252748,4.6584998024330062],[-74.124100243700823,4.6591772409916388],[-74.124321086066047,4.6594049530943922],[-74.124344028392855,4.6593293648772081],[-74.124344042810137,4.6593293178521638],[-74.123961867104342,4.6589363846630389],[-74.122607014811834,4.6575502010811363],[-74.122566484566221,4.6575915324238277]]]},"properties":{"FMI":"50C-2060418","RefName":"PRG-015","DATE_DEL":1682294400000,"PARCEL_ID":"PRG-015","ACT":162,"EFR_ENTRG":"DELIVERED","FID":133,"CODIGO":"AAA0272LEKL","USO":" ","VERE":"BOGOTA","MUNICIPIO":"BOGOTA D.C.","CONNOTACI":"PRIVADO","PROPIETARI":"COMPANIA DE NEGOCIOS E INVERSIONES MG SUCURSAL COLOMBIA","GRAVAMENES":"N/A","TIPO_DE_AF":"PARCIAL","LAND_AREA":1931.1400000000001,"BUILT_AREA":0,"TOTAL_AREA":0,"REST_AREA":0,"SECTION":5,"pk_ini":7574,"pk_end":7849,"VISIT_DATE":1681689600000,"OBS":" ","ID":52,"shapeArea":1929.5896542,"plantArea":73.365535114400004,"Floors":0,"paso":0,"review":"V","SECTOR":"URBANO","DIRECCION":"AC 22 72C-13","LyrName":" ","Color":3,"Shape_Leng":570.05386297699999,"Shape_Area":1929.62037682,"NOTIFY":"1-2023-1776","DATE_NOT":1681257600000,"dateMax":1682294400000,"ActivityId":" ","TYPE":"PROJECT","Trees":0,"Shape_Le_1":573.91963927100005,"use":"Private","PK_DE_REFE":"7+574 - 7+849","Layer":"PROJECT_DELIVERED","pasos":0,"ACTA_No":0}},{"type":"Feature","id":134,"geometry":{"type":"Polygon","coordinates":[[[-74.124344028392855,4.6593293648772081],[-74.124321086066047,4.6594049530943922],[-74.125138500683889,4.6602477975847485],[-74.125192128807583,4.6602013332535455],[-74.124344028392855,4.6593293648772081]]]},"properties":{"FMI":"50C-282031","RefName":"PRG-016A","DATE_DEL":1682294400000,"PARCEL_ID":"PRG-016A","ACT":163,"EFR_ENTRG":"DELIVERED","FID":134,"CODIGO":"AAA0075CSFT","USO":"Publico","VERE":"BOGOTA","MUNICIPIO":"BOGOTA D.C.","CONNOTACI":"PRIVADO","PROPIETARI":"MAZUERA VILLEGAS Y CIA S.A","GRAVAMENES":"N/A","TIPO_DE_AF":"PARCIAL","LAND_AREA":1027.74,"BUILT_AREA":0,"TOTAL_AREA":0,"REST_AREA":0,"SECTION":5,"pk_ini":7849,"pk_end":8090,"VISIT_DATE":1681689600000,"OBS":" ","ID":54,"shapeArea":1026.92527694,"plantArea":74.655539643599994,"Floors":0,"paso":0,"review":"V","SECTOR":"URBANO","DIRECCION":"AK 72 22-15 LOTE B","LyrName":" ","Color":3,"Shape_Leng":281.39103402900002,"Shape_Area":1026.2935913599999,"NOTIFY":"1-2023-1776","DATE_NOT":1681257600000,"dateMax":1682294400000,"ActivityId":" ","TYPE":"PROJECT","Trees":0,"Shape_Le_1":283.30794934199997,"use":"Public","PK_DE_REFE":"7+849 - 8+090","Layer":"PROJECT_DELIVERED","pasos":0,"ACTA_No":0}},{"type":"Feature","id":135,"geometry":{"type":"Polygon","coordinates":[[[-74.125192128807583,4.6602013332535455],[-74.125138500683889,4.6602477975847485],[-74.125822718232399,4.6609532992533342],[-74.125845364464183,4.6609383359003678],[-74.125484430762043,4.6605018605288739],[-74.125192128807583,4.6602013332535455]]]},"properties":{"FMI":"50C-2058415","RefName":"PRG-017","DATE_DEL":1682294400000,"PARCEL_ID":"PRG-017","ACT":164,"EFR_ENTRG":"DELIVERED","FID":135,"CODIGO":"AAA0273AUUZ","USO":" ","VERE":"BOGOTA","MUNICIPIO":"BOGOTA D.C.","CONNOTACI":"PUBLICO","PROPIETARI":"BOGOTA DISTRITO CAPITAL","GRAVAMENES":"N/A","TIPO_DE_AF":"PARCIAL","LAND_AREA":707.76999999999998,"BUILT_AREA":0,"TOTAL_AREA":0,"REST_AREA":0,"SECTION":5,"pk_ini":7983,"pk_end":8094,"VISIT_DATE":1681689600000,"OBS":" ","ID":55,"shapeArea":707.21302114499997,"plantArea":212.775339167,"Floors":0,"paso":0,"review":"V","SECTOR":"URBANO","DIRECCION":"AC 22 77-97 INTERSECCION AV FERROCARRIL DE OCCIDENT","LyrName":" ","Color":3,"Shape_Leng":228.88821916699999,"Shape_Area":706.74413636899999,"NOTIFY":"1-2023-1776","DATE_NOT":1681257600000,"dateMax":1682294400000,"ActivityId":" ","TYPE":"PROJECT","Trees":0,"Shape_Le_1":230.45712732600001,"use":"Public","PK_DE_REFE":"7+983 - 8+094","Layer":"PROJECT_DELIVERED","pasos":0,"ACTA_No":0}},{"type":"Feature","id":136,"geometry":{"type":"Polygon","coordinates":[[[-74.126702906739652,4.6618090130847047],[-74.126686154960638,4.6618255902443213],[-74.126651592472896,4.6618597927307679],[-74.130397532167549,4.6657525079224733],[-74.130463140375966,4.6656724345526994],[-74.130442066779565,4.6656506323474796],[-74.130432242954015,4.6656405120617022],[-74.130261235965946,4.6654643429288924],[-74.129392479930061,4.6645782734330368],[-74.129261516777532,4.6644438313315826],[-74.129222447860371,4.6644037235816285],[-74.126834629320385,4.6619524390376412],[-74.126702906739652,4.6618090130847047]]]},"properties":{"FMI":"50C-1535132","RefName":"PRG-018","DATE_DEL":1682294400000,"PARCEL_ID":"PRG-018","ACT":165,"EFR_ENTRG":"DELIVERED","FID":136,"CODIGO":"AAA0167NXMS","USO":" ","VERE":"BOGOTA","MUNICIPIO":"BOGOTA D.C.","CONNOTACI":"PUBLICO","PROPIETARI":"INSTITUTO DE DESARROLLO URBANO","GRAVAMENES":"N/A","TIPO_DE_AF":"PARCIAL","LAND_AREA":5581.6499999999996,"BUILT_AREA":0,"TOTAL_AREA":0,"REST_AREA":0,"SECTION":5,"pk_ini":8228,"pk_end":8830,"VISIT_DATE":1681689600000,"OBS":" ","ID":56,"shapeArea":5577.19881197,"plantArea":239.255546243,"Floors":0,"paso":0,"review":"v","SECTOR":"URBANO","DIRECCION":"AK 86 21-99 DENOMINADO AV FERROCARRIL","LyrName":" ","Color":3,"Shape_Leng":1214.9930256099999,"Shape_Area":5541.88474778,"NOTIFY":"1-2023-1776","DATE_NOT":1681257600000,"dateMax":1682294400000,"ActivityId":" ","TYPE":"PROJECT","Trees":0,"Shape_Le_1":1223.2145496200001,"use":"Public","PK_DE_REFE":"8+228 - 8+830","Layer":"PROJECT_DELIVERED","pasos":0,"ACTA_No":0}},{"type":"Feature","id":137,"geometry":{"type":"MultiPolygon","coordinates":[[[[-74.073793395602095,4.6144797066825642],[-74.073804131704534,4.614498270428685],[-74.073846088046466,4.6144628849687672],[-74.07383848362565,4.6144534520645806],[-74.073793395602095,4.6144797066825642]]],[[[-74.073761478529107,4.6145696139886585],[-74.073867673038606,4.614650950958155],[-74.073899556352771,4.6146410670050733],[-74.073796504487973,4.6145399591120162],[-74.073761478529107,4.6145696139886585]]],[[[-74.073494032639189,4.6148522060006618],[-74.073494224599159,4.6148520947715443],[-74.073713042685171,4.614725721269247],[-74.073732886432651,4.6147555247425602],[-74.073768006973481,4.6147366031315773],[-74.073693813937908,4.6146269026151296],[-74.073599527253435,4.6147067319372725],[-74.073599447946563,4.6147066867213029],[-74.073494032639189,4.6148522060006618]]]]},"properties":{"FMI":"50C-1572673","RefName":"PRG-001","DATE_DEL":1682294400000,"PARCEL_ID":"PRG-001","ACT":155,"EFR_ENTRG":"DELIVERED","FID":137,"CODIGO":"AAA0072LSUZ","USO":" ","VERE":"BOGOTA","MUNICIPIO":"BOGOTA D.C.","CONNOTACI":"RAMAL METRO","PROPIETARI":"MUNICIPIO DE BOGOTA","GRAVAMENES":"N/A","TIPO_DE_AF":"PARCIAL","LAND_AREA":295.42000000000002,"BUILT_AREA":0,"TOTAL_AREA":0,"REST_AREA":0,"SECTION":1,"pk_ini":0,"pk_end":4.1299999999999999,"VISIT_DATE":1681689600000,"OBS":" ","ID":1,"shapeArea":295.174739139,"plantArea":89.147797240100005,"Floors":0,"paso":0,"review":"V","SECTOR":"URBANO","DIRECCION":"AK 14 25A - 37","LyrName":" ","Color":3,"Shape_Leng":139.93538454700001,"Shape_Area":294.81585113099999,"NOTIFY":"1-2023-1776","DATE_NOT":1681257600000,"dateMax":1682294400000,"ActivityId":" ","TYPE":"PROJECT","Trees":0,"Shape_Le_1":140.80298943700001,"use":"Public","PK_DE_REFE":"0+000 - 0+004","Layer":"PROJECT_DELIVERED","pasos":0,"ACTA_No":0}},{"type":"Feature","id":138,"geometry":{"type":"Polygon","coordinates":[[[-74.073846088046466,4.6144628849687672],[-74.073924550216532,4.6145601385589403],[-74.074193346140959,4.6144090548680632],[-74.074121641296415,4.6143072128669402],[-74.074111533309093,4.6142944602291101],[-74.073929434711658,4.6144004933814537],[-74.07392385616248,4.6144037416373376],[-74.07383848362565,4.6144534520645806],[-74.073846088046466,4.6144628849687672]]]},"properties":{"FMI":"50C-114929","RefName":"PRG-002","DATE_DEL":1683331200000,"PARCEL_ID":"PRG-002","ACT":174,"EFR_ENTRG":"DELIVERED","FID":138,"CODIGO":"AAA0072LSZM","USO":" ","VERE":"BOGOTA","MUNICIPIO":"BOGOTA D.C.","CONNOTACI":"RAMAL METRO","PROPIETARI":"EMPRESA DE TRANSPORTE DEL TERCER MILENIO S.A","GRAVAMENES":"N/A","TIPO_DE_AF":"PARCIAL","LAND_AREA":529.20000000000005,"BUILT_AREA":0,"TOTAL_AREA":0,"REST_AREA":0,"SECTION":1,"pk_ini":6.25,"pk_end":40.43,"VISIT_DATE":1682467200000,"OBS":" ","ID":2,"shapeArea":528.774208649,"plantArea":30.4901384074,"Floors":0,"paso":0,"review":"V","SECTOR":"URBANO","DIRECCION":"CL 22A 17 17. SEGUN FOLIO ES AK 14 n. 25-25","LyrName":" ","Color":3,"Shape_Leng":100.018870761,"Shape_Area":528.19195451400003,"NOTIFY":"1-2023-2013","DATE_NOT":1682294400000,"dateMax":1683331200000,"ActivityId":" ","TYPE":"PROJECT","Trees":0,"Shape_Le_1":100.58740564999999,"use":"Public","PK_DE_REFE":"0+006 - 0+040","Layer":"PROJECT_DELIVERED","pasos":0,"ACTA_No":0}},{"type":"Feature","id":139,"geometry":{"type":"Polygon","coordinates":[[[-74.077157871318548,4.6127010275550617],[-74.076365544178358,4.6131476784571319],[-74.07636504670694,4.6131480130513056],[-74.076255392099284,4.6132216572194968],[-74.076241103311162,4.613231252835309],[-74.076224009936695,4.6132427330293515],[-74.075896827735392,4.6134312721062063],[-74.075466950732491,4.6136789879326336],[-74.075466266708403,4.6136793822101456],[-74.075305004633194,4.6137702305914763],[-74.07530116184067,4.6137724506623563],[-74.074458358638395,4.6142592389020436],[-74.074406604333376,4.6142891306681211],[-74.07430624457028,4.6143470965385927],[-74.074303700428445,4.6143485660319987],[-74.074303384998103,4.6143495544421729],[-74.074303029913651,4.6143506685513778],[-74.074300272151191,4.6143593155578477],[-74.074205413192644,4.6146567257295867],[-74.07421671268483,4.6146501993717797],[-74.074321377623434,4.6145897231673585],[-74.074332286884854,4.6145835594345543],[-74.07452371218595,4.6144723662218112],[-74.074802425870672,4.6143137684237834],[-74.075301819840178,4.6140282259069156],[-74.075303867407627,4.6140270548309106],[-74.075514739798905,4.6139004429114188],[-74.075516071798845,4.6138996435044817],[-74.07584499276598,4.6137088619192266],[-74.075846815928514,4.6137078255833996],[-74.075989434445489,4.6136267607768593],[-74.075989648935163,4.6136266359824329],[-74.07633031971254,4.613428839457451],[-74.076508383861182,4.6133258794325274],[-74.07684909760961,4.6131285718890203],[-74.076981908870039,4.613051721864899],[-74.077330162823685,4.6128517029709277],[-74.077332430281203,4.6128492712798987],[-74.077401668837553,4.6127750111040511],[-74.077188898349632,4.6126835372955393],[-74.077157871318548,4.6127010275550617]]]},"properties":{"FMI":"50C-1571828","RefName":"PRG-002A","DATE_DEL":1682294400000,"PARCEL_ID":"PRG-002A","ACT":156,"EFR_ENTRG":"DELIVERED","FID":139,"CODIGO":"AAA0253JRCX","USO":" ","VERE":"BOGOTA","MUNICIPIO":"BOGOTA D.C.","CONNOTACI":"RAMAL METRO","PROPIETARI":"MUNICIPIO DE BOGOTA","GRAVAMENES":"N/A","TIPO_DE_AF":"TOTAL","LAND_AREA":9452,"BUILT_AREA":0,"TOTAL_AREA":0,"REST_AREA":0,"SECTION":1,"pk_ini":30,"pk_end":432,"VISIT_DATE":1681689600000,"OBS":" ","ID":3,"shapeArea":9444.42747624,"plantArea":31.9720424906,"Floors":0,"paso":0,"review":"V","SECTOR":"URBANO","DIRECCION":"\tKR 17 - CL 22 A / CL 25","LyrName":" ","Color":3,"Shape_Leng":842.52393682599995,"Shape_Area":9444.4232481500003,"NOTIFY":"1-2023-1776","DATE_NOT":1681257600000,"dateMax":1682294400000,"ActivityId":" ","TYPE":"PROJECT","Trees":0,"Shape_Le_1":846.82044758699999,"use":"Public","PK_DE_REFE":"0+030 - 0+432","Layer":"PROJECT_DELIVERED","pasos":0,"ACTA_No":0}},{"type":"Feature","id":140,"geometry":{"type":"Polygon","coordinates":[[[-74.128998592605925,4.6644801966498495],[-74.128972183935673,4.6645013521833638],[-74.128972306518776,4.6645014760647001],[-74.129125540870803,4.6646565782368352],[-74.130181777883223,4.6656911622562145],[-74.130317017821582,4.6657987630593647],[-74.130466134924106,4.6659676469056519],[-74.130467435584379,4.6659691199268929],[-74.130483589598512,4.6659495756861915],[-74.130334917992201,4.6657962721498905],[-74.129670460541817,4.6651110653950099],[-74.129271143099757,4.6646989000337511],[-74.129031034993005,4.6644542170881511],[-74.128998592605925,4.6644801966498495]]]},"properties":{"FMI":"50C-1519907","RefName":"PRG-019","DATE_DEL":1682294400000,"PARCEL_ID":"PRG-019","ACT":166,"EFR_ENTRG":"DELIVERED","FID":140,"CODIGO":"AAA0162TWZM","USO":" ","VERE":"BOGOTA","MUNICIPIO":"BOGOTA D.C.","CONNOTACI":"PUBLICO","PROPIETARI":"DISTRITO CAPITAL DE BOGOTA","GRAVAMENES":"N/A","TIPO_DE_AF":"PARCIAL","LAND_AREA":1318.9300000000001,"BUILT_AREA":0,"TOTAL_AREA":0,"REST_AREA":0,"SECTION":5,"pk_ini":8621,"pk_end":8852,"VISIT_DATE":1681689600000,"OBS":" ","ID":57,"shapeArea":1317.8835249799999,"plantArea":306.18318585100002,"Floors":0,"paso":0,"review":"V","SECTOR":"URBANO","DIRECCION":"AC 22 83-00","LyrName":" ","Color":3,"Shape_Leng":474.33509197299998,"Shape_Area":1317.8627284900001,"NOTIFY":"1-2023-1776","DATE_NOT":1681257600000,"dateMax":1682294400000,"ActivityId":" ","TYPE":"PROJECT","Trees":0,"Shape_Le_1":477.49525648299999,"use":"Public","PK_DE_REFE":"8+621 - 8+852","Layer":"PROJECT_DELIVERED","pasos":0,"ACTA_No":0}},{"type":"Feature","id":141,"geometry":{"type":"Polygon","coordinates":[[[-74.132200181140576,4.6674642356992555],[-74.132165482530297,4.6674981047723305],[-74.134586940882585,4.6700037446313578],[-74.134589859009367,4.670000767409185],[-74.13461551112799,4.6699746063793626],[-74.134381751046433,4.669756050309104],[-74.134351271498176,4.6697245312864117],[-74.134263264356221,4.6696335640385209],[-74.134057867548592,4.669387153751539],[-74.134005003838737,4.6693237478738858],[-74.132644551600819,4.6679219485390124],[-74.132200181140576,4.6674642356992555]]]},"properties":{"FMI":"50C-2058156","RefName":"PRG-020","DATE_DEL":1682294400000,"PARCEL_ID":"PRG-020","ACT":167,"EFR_ENTRG":"DELIVERED","FID":141,"CODIGO":"AAA0271YOJH","USO":" ","VERE":"BOGOTA","MUNICIPIO":"BOGOTA D.C.","CONNOTACI":"PUBLICO","PROPIETARI":"SECRETARIA DISTRITAL DEL HABITAT","GRAVAMENES":"N/A","TIPO_DE_AF":"PARCIAL","LAND_AREA":2008.22,"BUILT_AREA":0,"TOTAL_AREA":0,"REST_AREA":0,"SECTION":6,"pk_ini":9105,"pk_end":9491,"VISIT_DATE":1681689600000,"OBS":" ","ID":58,"shapeArea":2006.6023132099999,"plantArea":45.804593101999998,"Floors":0,"paso":0,"review":"V","SECTOR":"URBANO","DIRECCION":"AC 22 93-99 - AFECTACIO PLAN VIAL AV FERROCARRIL CALLE 31 A","LyrName":" ","Color":3,"Shape_Leng":781.85700299500002,"Shape_Area":2005.6538912599999,"NOTIFY":"1-2023-1776","DATE_NOT":1681257600000,"dateMax":1682294400000,"ActivityId":" ","TYPE":"PROJECT","Trees":0,"Shape_Le_1":787.15783850100001,"use":"Public","PK_DE_REFE":"9+105 - 9+491","Layer":"PROJECT_DELIVERED","pasos":0,"ACTA_No":0}},{"type":"Feature","id":142,"geometry":{"type":"Polygon","coordinates":[[[-74.164560376059512,4.6966744698622902],[-74.164636903237309,4.6967224944104506],[-74.164711945385491,4.6967732284410673],[-74.164790848831174,4.6968169418405923],[-74.164835086906777,4.6968487426076946],[-74.164914041713772,4.6968922154406618],[-74.164914061539449,4.6968921883089427],[-74.164925837995284,4.696876083828494],[-74.164868168399664,4.6968440297351775],[-74.164542094165938,4.6966639098317016],[-74.164542008534539,4.6966638619140877],[-74.164540424805764,4.6966629867420089],[-74.164560376059512,4.6966744698622902]]]},"properties":{"FMI":"50C-2127389","RefName":"PRG-028","DATE_DEL":1681862400000,"PARCEL_ID":"PRG-028","ACT":144,"EFR_ENTRG":"DELIVERED","FID":142,"CODIGO":"AAA0080CZNX","USO":"Privado","VERE":"BOGOTA","MUNICIPIO":"BOGOTA D.C.","CONNOTACI":"PRIVADO","PROPIETARI":"CREDICORP CAPITAL FIDUCIARIA S.A","GRAVAMENES":"N/A","TIPO_DE_AF":"PARCIAL","LAND_AREA":62.57,"BUILT_AREA":0,"TOTAL_AREA":0,"REST_AREA":0,"SECTION":8,"pk_ini":13966.41,"pk_end":14015.23,"VISIT_DATE":1681257600000,"OBS":" ","ID":70,"shapeArea":62.523096800200001,"plantArea":169.16364553099999,"Floors":0,"paso":0,"review":"1","SECTOR":"URBANO","DIRECCION":"LOTE AVENIDA FERROCARRIL DE OCCIDENTE","LyrName":" ","Color":3,"Shape_Leng":99.673080163400002,"Shape_Area":62.517879641199997,"NOTIFY":"1-2023-1673","DATE_NOT":null,"dateMax":1681862400000,"ActivityId":" ","TYPE":"PROJECT","Trees":0,"Shape_Le_1":100.18224552700001,"use":"Private","PK_DE_REFE":"13+966 - 14+015","Layer":"PROJECT_DELIVERED","pasos":0,"ACTA_No":0}},{"type":"Feature","id":143,"geometry":{"type":"Polygon","coordinates":[[[-74.164914061539449,4.6968921883089427],[-74.164914041713772,4.6968922154406618],[-74.165232321815125,4.697067468258374],[-74.165682503042618,4.6973201111761362],[-74.165685264886051,4.697321660810001],[-74.166603271138882,4.6978368474674914],[-74.166686177410298,4.6978720478890574],[-74.166837707449744,4.6979552238750166],[-74.166916446253097,4.6979992318529122],[-74.16700525982543,4.698048571229644],[-74.16753374494543,4.6983452227427556],[-74.167553605021325,4.6983267361339305],[-74.167232816478119,4.6981528429963761],[-74.16556525239622,4.6972303128823354],[-74.165388680429515,4.6971333517917238],[-74.164925837995284,4.696876083828494],[-74.164914061539449,4.6968921883089427]]]},"properties":{"FMI":"50C-661265","RefName":"PRG-029","DATE_DEL":1678924800000,"PARCEL_ID":"PRG-029","ACT":108,"EFR_ENTRG":"DELIVERED","FID":143,"CODIGO":"AAA0140JXBS","USO":"Privado","VERE":"BOGOTA","MUNICIPIO":"BOGOTA D.C.","CONNOTACI":"PRIVADO","PROPIETARI":"FIDUCIARIA POPULAR S.A COMO VOCERA DEL PATRIMONIO AUTONOMO  DE ADMNISTRACION Y PAGOS ANGEL ALBERTO CARDENAS","GRAVAMENES":"Servidumbre de energia electrica\nServidumebre de Transito de Oleoducto\nServidumbre de Alcantarillado Pluvial \nComodato","TIPO_DE_AF":"PARCIAL","LAND_AREA":808.25,"BUILT_AREA":0,"TOTAL_AREA":0,"REST_AREA":0,"SECTION":8,"pk_ini":14016,"pk_end":14345,"VISIT_DATE":1678320000000,"OBS":" ","ID":71,"shapeArea":807.62451015900001,"plantArea":117.992264029,"Floors":0,"paso":0,"review":"1","SECTOR":"URBANO","DIRECCION":"PUENTE GRANDE VENCIA 3","LyrName":" ","Color":3,"Shape_Leng":670.14942551700005,"Shape_Area":807.58552452000004,"NOTIFY":"1-2023-1056","DATE_NOT":null,"dateMax":1678924800000,"ActivityId":" ","TYPE":"PROJECT","Trees":0,"Shape_Le_1":673.45599521400004,"use":"Private","PK_DE_REFE":"14+016 - 14+345","Layer":"PROJECT_DELIVERED","pasos":0,"ACTA_No":0}},{"type":"Feature","id":144,"geometry":{"type":"Polygon","coordinates":[[[-74.16753374494543,4.6983452227427556],[-74.167894113492707,4.6985475058606649],[-74.167894221653782,4.6985475239327723],[-74.167908329279001,4.698555442932328],[-74.167914222706756,4.6985179531994303],[-74.167553605021325,4.6983267361339305],[-74.16753374494543,4.6983452227427556]]]},"properties":{"FMI":"50C-703531","RefName":"PRG-030","DATE_DEL":1683331200000,"PARCEL_ID":"PRG-030","ACT":176,"EFR_ENTRG":"DELIVERED","FID":144,"CODIGO":"AAA0140JWTO","USO":"Fiscal","VERE":"BOGOTA","MUNICIPIO":"BOGOTA D.C.","CONNOTACI":"PRIVADO","PROPIETARI":"AVIANCA S.A","GRAVAMENES":"Demanda Imposición de Servidumbre \nServidumbre Gas Natural","TIPO_DE_AF":"PARCIAL","LAND_AREA":158.16,"BUILT_AREA":0,"TOTAL_AREA":0,"REST_AREA":0,"SECTION":8,"pk_ini":14345,"pk_end":14394,"VISIT_DATE":1682380800000,"OBS":" ","ID":72,"shapeArea":158.033171756,"plantArea":360.70937318099999,"Floors":0,"paso":0,"review":"1","SECTOR":"URBANO","DIRECCION":"LTE 5 EL ESCRI Y PUENTE GRANDE","LyrName":" ","Color":3,"Shape_Leng":100.081263181,"Shape_Area":158.02825555999999,"NOTIFY":"1-2023-1966","DATE_NOT":null,"dateMax":1683331200000,"ActivityId":" ","TYPE":"PROJECT","Trees":0,"Shape_Le_1":100.596304639,"use":"Public","PK_DE_REFE":"14+345 - 14+394","Layer":"PROJECT_DELIVERED","pasos":0,"ACTA_No":0}},{"type":"Feature","id":145,"geometry":{"type":"MultiPolygon","coordinates":[[[[-74.167980518753211,4.6985959664351595],[-74.167997703242776,4.6985669630657805],[-74.168020550709798,4.6985796339683654],[-74.168020564225202,4.6985795996029331],[-74.168020575938797,4.698579571567886],[-74.1680238710195,4.698571373593281],[-74.167914222706756,4.6985179531994303],[-74.167908329279001,4.698555442932328],[-74.167927358483809,4.6985661248568071],[-74.167927335954445,4.6985661537975645],[-74.167957228690028,4.6985829329613997],[-74.167957246712419,4.6985829013083027],[-74.167980518753211,4.6985959664351595]]],[[[-74.168060688132613,4.6986681821559699],[-74.16908580707738,4.699290205399457],[-74.169085819691531,4.6992901719384381],[-74.169097031169414,4.6992618656444538],[-74.168922872132299,4.6991800631569181],[-74.168764929549809,4.6990759329612519],[-74.168480308902204,4.6988690284579677],[-74.168242809876517,4.6986991852635231],[-74.168162263528501,4.6986812886468003],[-74.168076318409248,4.6986505868247184],[-74.168060688132613,4.6986681821559699]]]]},"properties":{"FMI":"50C-1531153","RefName":"PRG-031","DATE_DEL":1681862400000,"PARCEL_ID":"PRG-031","ACT":145,"EFR_ENTRG":"DELIVERED","FID":145,"CODIGO":"AAA0176ZMOM","USO":"Publico","VERE":"BOGOTA","MUNICIPIO":"BOGOTA D.C.","CONNOTACI":"PUBLICO","PROPIETARI":"EMPRESA DE ACUEDUCTO Y ALCANTARILLADO DE BOGOTA ESP","GRAVAMENES":"N/A","TIPO_DE_AF":"PARCIAL","LAND_AREA":550.62,"BUILT_AREA":0,"TOTAL_AREA":0,"REST_AREA":0,"SECTION":8,"pk_ini":14395,"pk_end":14547.889999999999,"VISIT_DATE":1681257600000,"OBS":" ","ID":73,"shapeArea":550.17132451400005,"plantArea":42.303107685400001,"Floors":0,"paso":0,"review":"1","SECTOR":"URBANO","DIRECCION":"PREDIO LEE CAMPOS HERNAN","LyrName":" ","Color":3,"Shape_Leng":306.34672876600001,"Shape_Area":550.14132452299998,"NOTIFY":"1-2023-1673","DATE_NOT":null,"dateMax":1681862400000,"ActivityId":" ","TYPE":"PROJECT","Trees":0,"Shape_Le_1":307.97237341499999,"use":"Public","PK_DE_REFE":"14+395 - 14+548","Layer":"PROJECT_DELIVERED","pasos":0,"ACTA_No":0}},{"type":"Feature","id":146,"geometry":{"type":"Polygon","coordinates":[[[-74.32058899317262,4.7773656920030119],[-74.320714373920012,4.7774802420494789],[-74.320849037115025,4.7776013268538806],[-74.321361782496055,4.7780749346418689],[-74.321428413848878,4.7781190416041932],[-74.321463564174124,4.7781481990498049],[-74.321520318135484,4.7782366174217472],[-74.321520685616719,4.7782357753892395],[-74.321527380447705,4.7782204560015717],[-74.321541506872506,4.7781881286388659],[-74.321515987225609,4.7781663992938999],[-74.321395088575841,4.7780634626229741],[-74.321370207316136,4.7780422240789502],[-74.32121955643602,4.7779136357766445],[-74.321032710341314,4.7777501127787927],[-74.320862122350988,4.7775969146599291],[-74.320593932650723,4.7773571826126746],[-74.320592575037224,4.777359520705307],[-74.320592594875109,4.7773595396885247],[-74.32058899317262,4.7773656920030119]]]},"properties":{"FMI":"156-95994","RefName":"PRG-141","DATE_DEL":1682294400000,"PARCEL_ID":"PRG-141","ACT":170,"EFR_ENTRG":"DELIVERED","FID":146,"CODIGO":"252690001000000070026000000000","USO":"Privado","VERE":"CORZO","MUNICIPIO":"FACATATIVA","CONNOTACI":"PRIVADO","PROPIETARI":"ORGANIZACION TERPEL S.A","GRAVAMENES":"Hipoteca","TIPO_DE_AF":"PARCIAL","LAND_AREA":288.25999999999999,"BUILT_AREA":0,"TOTAL_AREA":0,"REST_AREA":0,"SECTION":16,"pk_ini":34391,"pk_end":34507,"VISIT_DATE":1681689600000,"OBS":" ","ID":180,"shapeArea":288.26252152900003,"plantArea":0,"Floors":0,"paso":0,"review":"v","SECTOR":"SUBURBANO","DIRECCION":"LOTE  3","LyrName":" ","Color":3,"Shape_Leng":288.312005177,"Shape_Area":288.25356356700001,"NOTIFY":"1-2023-1793","DATE_NOT":null,"dateMax":1682294400000,"ActivityId":" ","TYPE":"PROJECT","Trees":0,"Shape_Le_1":290.19910076000002,"use":"Private","PK_DE_REFE":"34+391 - 34+507","Layer":"PROJECT_DELIVERED","pasos":0,"ACTA_No":0}},{"type":"Feature","id":147,"geometry":{"type":"Polygon","coordinates":[[[-74.14869930313975,4.68483498922674],[-74.148645787878337,4.6848772855512104],[-74.148693578918795,4.6849327391962614],[-74.148803453210235,4.6848318596553247],[-74.148803429773892,4.68483183614571],[-74.148758661777137,4.6847859380247856],[-74.14869930313975,4.68483498922674]]]},"properties":{"FMI":"050C-2035853","RefName":"PRG-022","DATE_DEL":1701734400000,"PARCEL_ID":"PRG-022","ACT":199,"EFR_ENTRG":"DELIVERED","FID":147,"CODIGO":"006401930100000000","USO":"Publico","VERE":"BOGOTA","MUNICIPIO":"BOGOTA D.C.","CONNOTACI":"PUBLICO","PROPIETARI":"DEPARTAMENTO ADMINISTRATIVO DE LA DEFENSORIA DE ESPACIO PUBLICO","GRAVAMENES":" ","TIPO_DE_AF":"TOTAL","LAND_AREA":113.59999999999999,"BUILT_AREA":0,"TOTAL_AREA":0,"REST_AREA":0,"SECTION":7,"pk_ini":11759.209999999999,"pk_end":11766.129999999999,"VISIT_DATE":1701388800000,"OBS":" ","ID":0,"shapeArea":123.14805446299999,"plantArea":0,"Floors":0,"paso":0,"review":"V","SECTOR":"URBANO","DIRECCION":"CL 22D BIS 112B-05","LyrName":" ","Color":3,"Shape_Leng":46.484563303500003,"Shape_Area":123.14856570800001,"NOTIFY":"1-2025-00069","DATE_NOT":1701043200000,"dateMax":1701734400000,"ActivityId":" ","TYPE":"PROJECT","Trees":0,"Shape_Le_1":48.135040975599999,"use":"Public","PK_DE_REFE":"11+759 - 11+766","Layer":"PROJECT_DELIVERED","pasos":0,"ACTA_No":0}},{"type":"Feature","id":148,"geometry":{"type":"Polygon","coordinates":[[[-74.193202381117331,4.6987011309414717],[-74.193221293941775,4.6987799390363758],[-74.193873240134764,4.6987297961326391],[-74.193873013471276,4.6987271935758379],[-74.19387299540989,4.6987269828753835],[-74.193858422112115,4.6987280957964108],[-74.193649317917902,4.6987438637921004],[-74.193649008982277,4.6987397347792186],[-74.193611229554449,4.6987421763701107],[-74.193611569201849,4.6987467105073204],[-74.1935539907372,4.6987510526277472],[-74.193553654592719,4.6987458972312206],[-74.193550121446464,4.6987461257046368],[-74.193544872609777,4.6986780774992853],[-74.193480686552277,4.6986823981056389],[-74.19343492601925,4.6986854586560636],[-74.193202381117331,4.6987011309414717]]]},"properties":{"FMI":"50C-1456518","RefName":"PRG-053","DATE_DEL":1683331200000,"PARCEL_ID":"PRG-053","ACT":180,"EFR_ENTRG":"DELIVERED","FID":148,"CODIGO":"252860200000000010801800000002","USO":"Privado","VERE":"EL HATO","MUNICIPIO":"FUNZA","CONNOTACI":"PRIVADO","PROPIETARI":"ITALCOL S.A.","GRAVAMENES":"PROPIEDAD HORIZONTAL","TIPO_DE_AF":"PARCIAL","LAND_AREA":326.44,"BUILT_AREA":0,"TOTAL_AREA":670.24000000000001,"REST_AREA":0,"SECTION":10,"pk_ini":17255,"pk_end":17329,"VISIT_DATE":1681948800000,"OBS":" ","ID":97,"shapeArea":326.443984704,"plantArea":45.804593101999998,"Floors":1,"paso":0,"review":"v","SECTOR":"SUBURBANO","DIRECCION":"LOTE 5 SUR - ITALCOL KILOMETRO 2,4 VIA BOGOTA FUNZA","LyrName":" ","Color":3,"Shape_Leng":164.23212269300001,"Shape_Area":338.21218035200002,"NOTIFY":"1-2023-1873","DATE_NOT":null,"dateMax":1683331200000,"ActivityId":" ","TYPE":"PROJECT","Trees":0,"Shape_Le_1":164.90257711699999,"use":"Private","PK_DE_REFE":"17+255 - 17+329","Layer":"PROJECT_DELIVERED","pasos":0,"ACTA_No":0}},{"type":"Feature","id":149,"geometry":{"type":"Polygon","coordinates":[[[-74.317354372175515,4.7740809894076719],[-74.318004134138846,4.7747856971643685],[-74.31798925517856,4.7747048653146749],[-74.317775662183294,4.7744637546451489],[-74.316391866239428,4.7729357232686977],[-74.315318772859641,4.7717507752808928],[-74.31522527832027,4.7718367124381951],[-74.315406811073672,4.7720311868573653],[-74.315466064081946,4.7719803781835965],[-74.316345129814138,4.7729592268855763],[-74.316380370684769,4.7729987478528182],[-74.316758348850584,4.7734192634388268],[-74.316810719646583,4.7734753261723721],[-74.31692184642732,4.7735991582586896],[-74.316934235686233,4.7736102325005456],[-74.316948647400451,4.7736255933169183],[-74.317110414542597,4.7738164026709713],[-74.317354372175515,4.7740809894076719]]]},"properties":{"FMI":"50C-1487835","RefName":"PRG-131","DATE_DEL":1676419200000,"PARCEL_ID":"PRG-131","ACT":71,"EFR_ENTRG":"DELIVERED","FID":149,"CODIGO":"254300000000000050024000000000","USO":"Privado","VERE":"EL CORZO","MUNICIPIO":"MADRID","CONNOTACI":"PRIVADO","PROPIETARI":"ANDREA DEL PILAR VERGARA SUAREZ, ERIKA PAOLAVERGARA SUAREZ LIZETH KERIME VERGARA SUAREZ","GRAVAMENES":"Servidumbre de Tránsito-Demanda Expropiación","TIPO_DE_AF":"PARCIAL","LAND_AREA":2742.4699999999998,"BUILT_AREA":0,"TOTAL_AREA":0,"REST_AREA":0,"SECTION":16,"pk_ini":33534,"pk_end":34013,"VISIT_DATE":1675382400000,"OBS":" ","ID":173,"shapeArea":2742.4638986999998,"plantArea":0,"Floors":0,"paso":0,"review":"V","SECTOR":"SUBURBANO","DIRECCION":"LOTE LA ESMERALDA","LyrName":" ","Color":3,"Shape_Leng":921.25088274100005,"Shape_Area":2742.44271243,"NOTIFY":"1-2023-380","DATE_NOT":null,"dateMax":1676419200000,"ActivityId":" ","TYPE":"PROJECT","Trees":0,"Shape_Le_1":927.832092859,"use":"Private","PK_DE_REFE":"33+534 - 34+013","Layer":"PROJECT_DELIVERED","pasos":0,"ACTA_No":0}},{"type":"Feature","id":150,"geometry":{"type":"Polygon","coordinates":[[[-74.139689693058671,4.6754908430727991],[-74.139772154620147,4.6755767405449475],[-74.139789980796863,4.6755606585447049],[-74.139787851728997,4.6755582659333967],[-74.139711264790847,4.6754722440512024],[-74.139689693058671,4.6754908430727991]]]},"properties":{"FMI":"050C01701808","RefName":"EAB-001","DATE_DEL":1717632000000,"PARCEL_ID":"EAB-001","ACT":204,"EFR_ENTRG":"DELIVERED","FID":150,"CODIGO":"AAA0206KYHY","USO":" ","VERE":"BOGOTA","MUNICIPIO":"BOGOTA D.C.","CONNOTACI":" ","PROPIETARI":"EMPRESA DE ACUEDUCTO Y ALCANTARILLADO DE BOGOTR E.S.P.","GRAVAMENES":" ","TIPO_DE_AF":" ","LAND_AREA":38.549999999999997,"BUILT_AREA":0,"TOTAL_AREA":0,"REST_AREA":0,"SECTION":0,"pk_ini":10321,"pk_end":10333,"VISIT_DATE":1717113600000,"OBS":" ","ID":0,"shapeArea":38.516315245599998,"plantArea":0,"Floors":0,"paso":0,"review":" ","SECTOR":"URBANO","DIRECCION":"AC 22 97B 20","LyrName":" ","Color":3,"Shape_Leng":32.211602673900003,"Shape_Area":38.211011852799999,"NOTIFY":"1-2024-00800","DATE_NOT":1716768000000,"dateMax":1717632000000,"ActivityId":" ","TYPE":"PROJECT","Trees":0,"Shape_Le_1":32.332273340900002,"use":"Public","PK_DE_REFE":"10+321 - 10+333","Layer":"PROJECT_DELIVERED","pasos":0,"ACTA_No":0}},{"type":"Feature","id":151,"geometry":{"type":"Polygon","coordinates":[[[-74.139534262644375,4.6752805842991583],[-74.139512461704115,4.6753062441773512],[-74.1396151140558,4.6754131632483986],[-74.139641968761936,4.6753899074754939],[-74.139641720880149,4.6753896126928707],[-74.139538950852327,4.6752769241471048],[-74.139534262644375,4.6752805842991583]]]},"properties":{"FMI":"050C01678324","RefName":"EAB-003","DATE_DEL":1717632000000,"PARCEL_ID":"EAB-003","ACT":206,"EFR_ENTRG":"DELIVERED","FID":151,"CODIGO":"AAA0206SJEP","USO":" ","VERE":"BOGOTA","MUNICIPIO":"BOGOTA D.C.","CONNOTACI":" ","PROPIETARI":"EMPRESA DE ACUEDUCTO Y ALCANTARILLADO DE BOGOTR E.S.P.","GRAVAMENES":" ","TIPO_DE_AF":" ","LAND_AREA":69.790000000000006,"BUILT_AREA":0,"TOTAL_AREA":0,"REST_AREA":0,"SECTION":0,"pk_ini":10292,"pk_end":10309,"VISIT_DATE":1717113600000,"OBS":" ","ID":0,"shapeArea":69.731627530599994,"plantArea":0,"Floors":0,"paso":0,"review":" ","SECTOR":"URBANO","DIRECCION":"AC 22 97 68","LyrName":" ","Color":3,"Shape_Leng":41.712323883000003,"Shape_Area":69.411430166399995,"NOTIFY":"1-2024-00800","DATE_NOT":1716768000000,"dateMax":1717632000000,"ActivityId":" ","TYPE":"PROJECT","Trees":0,"Shape_Le_1":41.958848675200002,"use":"Public","PK_DE_REFE":"10+292 - 10+309","Layer":"PROJECT_DELIVERED","pasos":0,"ACTA_No":0}},{"type":"Feature","id":152,"geometry":{"type":"Polygon","coordinates":[[[-74.139457517416048,4.6752490153453721],[-74.139512461704115,4.6753062441773512],[-74.139534262644375,4.6752805842991583],[-74.139538950852327,4.6752769241471048],[-74.139538657002191,4.6752766013349314],[-74.139478501021912,4.6752249335596767],[-74.139457517416048,4.6752490153453721]]]},"properties":{"FMI":"050C01400123","RefName":"EAB-004","DATE_DEL":1717632000000,"PARCEL_ID":"EAB-004","ACT":207,"EFR_ENTRG":"DELIVERED","FID":152,"CODIGO":"AAA0077PPZM","USO":" ","VERE":"BOGOTA","MUNICIPIO":"BOGOTA D.C.","CONNOTACI":" ","PROPIETARI":"EMPRESA DE ACUEDUCTO Y ALCANTARILLADO DE BOGOTR E.S.P.","GRAVAMENES":" ","TIPO_DE_AF":" ","LAND_AREA":34.729999999999997,"BUILT_AREA":0,"TOTAL_AREA":0,"REST_AREA":0,"SECTION":0,"pk_ini":10284,"pk_end":10292,"VISIT_DATE":1717113600000,"OBS":" ","ID":0,"shapeArea":34.705469541299998,"plantArea":0,"Floors":0,"paso":0,"review":" ","SECTOR":"URBANO","DIRECCION":"AC 22 97 54","LyrName":" ","Color":3,"Shape_Leng":25.583768067400001,"Shape_Area":34.582846144999998,"NOTIFY":"1-2024-00800","DATE_NOT":1716768000000,"dateMax":1717632000000,"ActivityId":" ","TYPE":"PROJECT","Trees":0,"Shape_Le_1":25.716407306299999,"use":"Public","PK_DE_REFE":"10+284 - 10+292","Layer":"PROJECT_DELIVERED","pasos":0,"ACTA_No":0}},{"type":"Feature","id":153,"geometry":{"type":"Polygon","coordinates":[[[-74.139412751474765,4.6752023886282048],[-74.139457517416048,4.6752490153453721],[-74.139478501021912,4.6752249335596767],[-74.139478121548777,4.6752246089464427],[-74.13947698439091,4.6752072191922398],[-74.139442027126449,4.6751696907625933],[-74.139412751474765,4.6752023886282048]]]},"properties":{"FMI":"050C01676197","RefName":"EAB-005","DATE_DEL":1717632000000,"PARCEL_ID":"EAB-005","ACT":208,"EFR_ENTRG":"DELIVERED","FID":153,"CODIGO":"AAA0206DHJH","USO":" ","VERE":"BOGOTA","MUNICIPIO":"BOGOTA D.C.","CONNOTACI":" ","PROPIETARI":"EMPRESA DE ACUEDUCTO Y ALCANTARILLADO DE BOGOTR E.S.P.","GRAVAMENES":" ","TIPO_DE_AF":" ","LAND_AREA":33.5,"BUILT_AREA":0,"TOTAL_AREA":0,"REST_AREA":0,"SECTION":0,"pk_ini":10276,"pk_end":10284,"VISIT_DATE":1717113600000,"OBS":" ","ID":0,"shapeArea":33.4769572075,"plantArea":0,"Floors":0,"paso":0,"review":" ","SECTOR":"URBANO","DIRECCION":"AC 22 97 42","LyrName":" ","Color":3,"Shape_Leng":23.254593678199999,"Shape_Area":33.264482010499997,"NOTIFY":"1-2024-00800","DATE_NOT":1716768000000,"dateMax":1717632000000,"ActivityId":" ","TYPE":"PROJECT","Trees":0,"Shape_Le_1":23.3867303896,"use":"Public","PK_DE_REFE":"10+276 - 10+284","Layer":"PROJECT_DELIVERED","pasos":0,"ACTA_No":0}},{"type":"Feature","id":154,"geometry":{"type":"Polygon","coordinates":[[[-74.139361506449461,4.6751490127204764],[-74.139412751474765,4.6752023886282048],[-74.139442027126449,4.6751696907625933],[-74.139441668377714,4.6751693046545126],[-74.139389537305021,4.6751150606908407],[-74.139361506449461,4.6751490127204764]]]},"properties":{"FMI":"050C0262893","RefName":"EAB-006","DATE_DEL":1717632000000,"PARCEL_ID":"EAB-006","ACT":209,"EFR_ENTRG":"DELIVERED","FID":154,"CODIGO":"AAA0077PPWF","USO":" ","VERE":"BOGOTA","MUNICIPIO":"BOGOTA D.C.","CONNOTACI":" ","PROPIETARI":"EMPRESA DE ACUEDUCTO Y ALCANTARILLADO DE BOGOTR E.S.P.","GRAVAMENES":" ","TIPO_DE_AF":" ","LAND_AREA":40.399999999999999,"BUILT_AREA":0,"TOTAL_AREA":0,"REST_AREA":0,"SECTION":0,"pk_ini":10268,"pk_end":10277,"VISIT_DATE":1717113600000,"OBS":" ","ID":0,"shapeArea":40.3654235789,"plantArea":0,"Floors":0,"paso":0,"review":" ","SECTOR":"URBANO","DIRECCION":"AC 22 97 20\nIN 1","LyrName":" ","Color":3,"Shape_Leng":26.364871287900002,"Shape_Area":40.196117994600002,"NOTIFY":"1-2024-00800","DATE_NOT":1716768000000,"dateMax":1717632000000,"ActivityId":" ","TYPE":"PROJECT","Trees":0,"Shape_Le_1":26.5053148812,"use":"Public","PK_DE_REFE":"10+268 - 10+277","Layer":"PROJECT_DELIVERED","pasos":0,"ACTA_No":0}},{"type":"Feature","id":155,"geometry":{"type":"Polygon","coordinates":[[[-74.139322242519285,4.6751081251583155],[-74.139361506449461,4.6751490127204764],[-74.139389537305021,4.6751150606908407],[-74.139389145206565,4.6751146528822849],[-74.139343508620456,4.6750679294762119],[-74.139315864383661,4.6751014736267686],[-74.139322242519285,4.6751081251583155]]]},"properties":{"FMI":"050C00707198","RefName":"EAB-007","DATE_DEL":1717632000000,"PARCEL_ID":"EAB-007","ACT":210,"EFR_ENTRG":"DELIVERED","FID":155,"CODIGO":"AAA0077PPUZ","USO":" ","VERE":"BOGOTA","MUNICIPIO":"BOGOTA D.C.","CONNOTACI":" ","PROPIETARI":"EMPRESA DE ACUEDUCTO Y ALCANTARILLADO DE BOGOTR E.S.P.","GRAVAMENES":" ","TIPO_DE_AF":" ","LAND_AREA":35.32,"BUILT_AREA":0,"TOTAL_AREA":0,"REST_AREA":0,"SECTION":0,"pk_ini":10260,"pk_end":10268,"VISIT_DATE":1717113600000,"OBS":" ","ID":0,"shapeArea":35.296237788299997,"plantArea":0,"Floors":0,"paso":0,"review":" ","SECTOR":"URBANO","DIRECCION":"AC 22 97 14","LyrName":" ","Color":3,"Shape_Leng":24.3262261729,"Shape_Area":35.149924744899998,"NOTIFY":"1-2024-00800","DATE_NOT":1716768000000,"dateMax":1717632000000,"ActivityId":" ","TYPE":"PROJECT","Trees":0,"Shape_Le_1":24.454426747399999,"use":"Public","PK_DE_REFE":"10+260 - 10+268","Layer":"PROJECT_DELIVERED","pasos":0,"ACTA_No":0}},{"type":"Feature","id":156,"geometry":{"type":"Polygon","coordinates":[[[-74.139268938765071,4.6750525971706072],[-74.139315864383661,4.6751014736267686],[-74.139343508620456,4.6750679294762119],[-74.139343093988373,4.6750675062963643],[-74.13928951449904,4.6750126538530168],[-74.139268938765071,4.6750525971706072]]]},"properties":{"FMI":"050C01682541","RefName":"EAB-008","DATE_DEL":1717632000000,"PARCEL_ID":"EAB-008","ACT":211,"EFR_ENTRG":"DELIVERED","FID":156,"CODIGO":"AAA0202LTZM","USO":" ","VERE":"BOGOTA","MUNICIPIO":"BOGOTA D.C.","CONNOTACI":" ","PROPIETARI":"EMPRESA DE ACUEDUCTO Y ALCANTARILLADO DE BOGOTR E.S.P.","GRAVAMENES":" ","TIPO_DE_AF":" ","LAND_AREA":35.32,"BUILT_AREA":0,"TOTAL_AREA":0,"REST_AREA":0,"SECTION":0,"pk_ini":10252,"pk_end":10260,"VISIT_DATE":1717113600000,"OBS":" ","ID":0,"shapeArea":38.333616097300002,"plantArea":0,"Floors":0,"paso":0,"review":" ","SECTOR":"URBANO","DIRECCION":"AC 22 97 08","LyrName":" ","Color":3,"Shape_Leng":25.897057197999999,"Shape_Area":38.152401988800001,"NOTIFY":"1-2024-00800","DATE_NOT":1716768000000,"dateMax":1717632000000,"ActivityId":" ","TYPE":"PROJECT","Trees":0,"Shape_Le_1":26.035544152300002,"use":"Public","PK_DE_REFE":"10+252 - 10+260","Layer":"PROJECT_DELIVERED","pasos":0,"ACTA_No":0}},{"type":"Feature","id":157,"geometry":{"type":"Polygon","coordinates":[[[-74.139102136846347,4.6748823504334336],[-74.139102061143404,4.6748824155502966],[-74.13916358348726,4.6749450769189584],[-74.139177371798368,4.6749591187142627],[-74.139177871159362,4.6749596277960546],[-74.139200525057902,4.6749171667027936],[-74.139137379288343,4.6748522627947144],[-74.139102136846347,4.6748823504334336]]]},"properties":{"FMI":"050C00040788","RefName":"EAB-009","DATE_DEL":1717632000000,"PARCEL_ID":"EAB-009","ACT":212,"EFR_ENTRG":"DELIVERED","FID":157,"CODIGO":"AAA0078LLJZ","USO":" ","VERE":"BOGOTA","MUNICIPIO":"BOGOTA D.C.","CONNOTACI":" ","PROPIETARI":"EMPRESA DE ACUEDUCTO Y ALCANTARILLADO DE BOGOTR E.S.P.","GRAVAMENES":" ","TIPO_DE_AF":" ","LAND_AREA":56.259999999999998,"BUILT_AREA":0,"TOTAL_AREA":0,"REST_AREA":0,"SECTION":0,"pk_ini":10227,"pk_end":10239,"VISIT_DATE":1717113600000,"OBS":" ","ID":0,"shapeArea":56.2167947011,"plantArea":0,"Floors":0,"paso":0,"review":" ","SECTOR":"URBANO","DIRECCION":"AK 97 22 04","LyrName":" ","Color":3,"Shape_Leng":32.485659925,"Shape_Area":56.220850215399999,"NOTIFY":"1-2024-00800","DATE_NOT":1716768000000,"dateMax":1717632000000,"ActivityId":" ","TYPE":"PROJECT","Trees":0,"Shape_Le_1":32.711929787999999,"use":"Public","PK_DE_REFE":"10+227 - 10+239","Layer":"PROJECT_DELIVERED","pasos":0,"ACTA_No":0}},{"type":"Feature","id":158,"geometry":{"type":"Polygon","coordinates":[[[-74.139021605385082,4.6747995354972858],[-74.139044524660335,4.6748235555394526],[-74.139053392393322,4.6748328519576958],[-74.13906691118946,4.6748466197734038],[-74.139067027447609,4.6748465202892397],[-74.139101557933003,4.6748171796737727],[-74.139055630310537,4.6747709491218572],[-74.139021605385082,4.6747995354972858]]]},"properties":{"FMI":"050C01877177","RefName":"EAB-010","DATE_DEL":1717632000000,"PARCEL_ID":"EAB-010","ACT":213,"EFR_ENTRG":"DELIVERED","FID":158,"CODIGO":"AAA0240ROTD","USO":" ","VERE":"BOGOTA","MUNICIPIO":"BOGOTA D.C.","CONNOTACI":" ","PROPIETARI":"EMPRESA DE ACUEDUCTO Y ALCANTARILLADO DE BOGOTR E.S.P.","GRAVAMENES":" ","TIPO_DE_AF":" ","LAND_AREA":36.090000000000003,"BUILT_AREA":0,"TOTAL_AREA":0,"REST_AREA":0,"SECTION":0,"pk_ini":10214,"pk_end":10222,"VISIT_DATE":1717113600000,"OBS":" ","ID":0,"shapeArea":36.058793321499998,"plantArea":0,"Floors":0,"paso":0,"review":" ","SECTOR":"URBANO","DIRECCION":"AC 22 96I 64","LyrName":" ","Color":3,"Shape_Leng":24.438671223899998,"Shape_Area":35.971491573199998,"NOTIFY":"1-2024-00800","DATE_NOT":1716768000000,"dateMax":1717632000000,"ActivityId":" ","TYPE":"PROJECT","Trees":0,"Shape_Le_1":24.574594469200001,"use":"Public","PK_DE_REFE":"10+214 - 10+222","Layer":"PROJECT_DELIVERED","pasos":0,"ACTA_No":0}},{"type":"Feature","id":159,"geometry":{"type":"Polygon","coordinates":[[[-74.138963234114655,4.6747383397235041],[-74.139021605385082,4.6747995354972858],[-74.139055630310537,4.6747709491218572],[-74.139055122838045,4.6747704391363554],[-74.138996767847757,4.6747099007962651],[-74.138963234114655,4.6747383397235041]]]},"properties":{"FMI":"050C01675011","RefName":"EAB-011","DATE_DEL":1717632000000,"PARCEL_ID":"EAB-011","ACT":214,"EFR_ENTRG":"DELIVERED","FID":159,"CODIGO":"AAA0202FBAF","USO":" ","VERE":"BOGOTA","MUNICIPIO":"BOGOTA D.C.","CONNOTACI":" ","PROPIETARI":"EMPRESA DE ACUEDUCTO Y ALCANTARILLADO DE BOGOTR E.S.P.","GRAVAMENES":" ","TIPO_DE_AF":" ","LAND_AREA":46.109999999999999,"BUILT_AREA":0,"TOTAL_AREA":0,"REST_AREA":0,"SECTION":0,"pk_ini":10205,"pk_end":10214,"VISIT_DATE":1717113600000,"OBS":" ","ID":0,"shapeArea":46.073738911500001,"plantArea":0,"Floors":0,"paso":0,"review":" ","SECTOR":"URBANO","DIRECCION":"AC 22 96I 54","LyrName":" ","Color":3,"Shape_Leng":28.6056611122,"Shape_Area":45.831750470499998,"NOTIFY":"1-2024-00800","DATE_NOT":1716768000000,"dateMax":1717632000000,"ActivityId":" ","TYPE":"PROJECT","Trees":0,"Shape_Le_1":28.7417702117,"use":"Public","PK_DE_REFE":"10+205 - 10+214","Layer":"PROJECT_DELIVERED","pasos":0,"ACTA_No":0}},{"type":"Feature","id":160,"geometry":{"type":"Polygon","coordinates":[[[-74.138907099166403,4.6746794904296003],[-74.138963234114655,4.6747383397235041],[-74.138996767847757,4.6747099007962651],[-74.138996951697891,4.6747097443347494],[-74.138939959678837,4.6746515751587427],[-74.138939774927564,4.6746517334289592],[-74.138907099166403,4.6746794904296003]]]},"properties":{"FMI":"050C01672192","RefName":"EAB-012","DATE_DEL":1717632000000,"PARCEL_ID":"EAB-012","ACT":215,"EFR_ENTRG":"DELIVERED","FID":160,"CODIGO":"AAA0206LBFT","USO":" ","VERE":"BOGOTA","MUNICIPIO":"BOGOTA D.C.","CONNOTACI":" ","PROPIETARI":"EMPRESA DE ACUEDUCTO Y ALCANTARILLADO DE BOGOTR E.S.P.","GRAVAMENES":" ","TIPO_DE_AF":" ","LAND_AREA":43.539999999999999,"BUILT_AREA":0,"TOTAL_AREA":0,"REST_AREA":0,"SECTION":0,"pk_ini":10196,"pk_end":10205,"VISIT_DATE":1717113600000,"OBS":" ","ID":0,"shapeArea":43.502091037600003,"plantArea":0,"Floors":0,"paso":0,"review":" ","SECTOR":"URBANO","DIRECCION":"AC 22 96I 46","LyrName":" ","Color":3,"Shape_Leng":27.702651577499999,"Shape_Area":43.5057600779,"NOTIFY":"1-2024-00800","DATE_NOT":1716768000000,"dateMax":1717632000000,"ActivityId":" ","TYPE":"PROJECT","Trees":0,"Shape_Le_1":27.884193044900002,"use":"Public","PK_DE_REFE":"10+196 - 10+205","Layer":"PROJECT_DELIVERED","pasos":0,"ACTA_No":0}},{"type":"Feature","id":161,"geometry":{"type":"Polygon","coordinates":[[[-74.138866553509345,4.6746369833361827],[-74.138907099166403,4.6746794904296003],[-74.138939774927564,4.6746517334289592],[-74.138939959678837,4.6746515751587427],[-74.138897760056437,4.6746080038408344],[-74.138897573503854,4.6746081765801399],[-74.138866553509345,4.6746369833361827]]]},"properties":{"FMI":"050C01676254","RefName":"EAB-013","DATE_DEL":1717632000000,"PARCEL_ID":"EAB-013","ACT":216,"EFR_ENTRG":"DELIVERED","FID":161,"CODIGO":"AAA0206MCTO","USO":" ","VERE":"BOGOTA","MUNICIPIO":"BOGOTA D.C.","CONNOTACI":" ","PROPIETARI":"EMPRESA DE ACUEDUCTO Y ALCANTARILLADO DE BOGOTR E.S.P.","GRAVAMENES":" ","TIPO_DE_AF":" ","LAND_AREA":31.379999999999999,"BUILT_AREA":0,"TOTAL_AREA":0,"REST_AREA":0,"SECTION":0,"pk_ini":10189,"pk_end":10196,"VISIT_DATE":1717113600000,"OBS":" ","ID":0,"shapeArea":31.352946702600001,"plantArea":0,"Floors":0,"paso":0,"review":" ","SECTOR":"URBANO","DIRECCION":"AC 22 96I 38","LyrName":" ","Color":3,"Shape_Leng":22.718947115999999,"Shape_Area":31.3561139376,"NOTIFY":"1-2024-00800","DATE_NOT":1716768000000,"dateMax":1717632000000,"ActivityId":" ","TYPE":"PROJECT","Trees":0,"Shape_Le_1":22.8685024324,"use":"Public","PK_DE_REFE":"10+189 - 10+196","Layer":"PROJECT_DELIVERED","pasos":0,"ACTA_No":0}},{"type":"Feature","id":162,"geometry":{"type":"Polygon","coordinates":[[[-74.138800502551646,4.6745677389693796],[-74.138866553509345,4.6746369833361827],[-74.138897573503854,4.6746081765801399],[-74.138897003835453,4.6746075870208061],[-74.13882911065366,4.6745385553305674],[-74.138800502551646,4.6745677389693796]]]},"properties":{"FMI":"050C01677871","RefName":"EAB-014","DATE_DEL":1717632000000,"PARCEL_ID":"EAB-014","ACT":217,"EFR_ENTRG":"DELIVERED","FID":162,"CODIGO":"AAA0206LJPP","USO":" ","VERE":"BOGOTA","MUNICIPIO":"BOGOTA D.C.","CONNOTACI":" ","PROPIETARI":"EMPRESA DE ACUEDUCTO Y ALCANTARILLADO DE BOGOTR E.S.P.","GRAVAMENES":" ","TIPO_DE_AF":" ","LAND_AREA":49.670000000000002,"BUILT_AREA":0,"TOTAL_AREA":0,"REST_AREA":0,"SECTION":0,"pk_ini":10179,"pk_end":10189,"VISIT_DATE":1717113600000,"OBS":" ","ID":0,"shapeArea":49.625848238000003,"plantArea":0,"Floors":0,"paso":0,"review":" ","SECTOR":"URBANO","DIRECCION":"AC 22 96I 28","LyrName":" ","Color":3,"Shape_Leng":30.687594143999998,"Shape_Area":49.329078445299999,"NOTIFY":"1-2024-00800","DATE_NOT":1716768000000,"dateMax":1717632000000,"ActivityId":" ","TYPE":"PROJECT","Trees":0,"Shape_Le_1":30.835369100899999,"use":"Public","PK_DE_REFE":"10+179 - 10+189","Layer":"PROJECT_DELIVERED","pasos":0,"ACTA_No":0}},{"type":"Feature","id":163,"geometry":{"type":"Polygon","coordinates":[[[-74.138740756548643,4.6745030924545832],[-74.138753946540533,4.6745189338851008],[-74.138800502551646,4.6745677389693796],[-74.13882911065366,4.6745385553305674],[-74.138828499523157,4.6745379341239968],[-74.138766322168863,4.6744771609780544],[-74.138740756548643,4.6745030924545832]]]},"properties":{"FMI":"050C01779249","RefName":"EAB-015","DATE_DEL":1717632000000,"PARCEL_ID":"EAB-015","ACT":218,"EFR_ENTRG":"DELIVERED","FID":163,"CODIGO":"AAA0231LPYX","USO":" ","VERE":"BOGOTA","MUNICIPIO":"BOGOTA D.C.","CONNOTACI":" ","PROPIETARI":"EMPRESA DE ACUEDUCTO Y ALCANTARILLADO DE BOGOTR E.S.P.","GRAVAMENES":" ","TIPO_DE_AF":" ","LAND_AREA":42.530000000000001,"BUILT_AREA":0,"TOTAL_AREA":0,"REST_AREA":0,"SECTION":0,"pk_ini":10169,"pk_end":10179,"VISIT_DATE":1717113600000,"OBS":" ","ID":0,"shapeArea":42.500354596199998,"plantArea":0,"Floors":0,"paso":0,"review":" ","SECTOR":"URBANO","DIRECCION":"AC 22 96I 20","LyrName":" ","Color":3,"Shape_Leng":28.095416913899999,"Shape_Area":42.243354495799998,"NOTIFY":"1-2024-00800","DATE_NOT":1716768000000,"dateMax":1717632000000,"ActivityId":" ","TYPE":"PROJECT","Trees":0,"Shape_Le_1":28.2288776786,"use":"Public","PK_DE_REFE":"10+169 - 10+179","Layer":"PROJECT_DELIVERED","pasos":0,"ACTA_No":0}},{"type":"Feature","id":164,"geometry":{"type":"Polygon","coordinates":[[[-74.138689718235526,4.674441797446387],[-74.138740756548643,4.6745030924545832],[-74.138766322168863,4.6744771609780544],[-74.138765674084453,4.6744765280186646],[-74.138710725533656,4.6744206637272425],[-74.138689718235526,4.674441797446387]]]},"properties":{"FMI":"050C01678325","RefName":"EAB-016","DATE_DEL":1717632000000,"PARCEL_ID":"EAB-016","ACT":219,"EFR_ENTRG":"DELIVERED","FID":164,"CODIGO":"AAA0199DMOE","USO":" ","VERE":"BOGOTA","MUNICIPIO":"BOGOTA D.C.","CONNOTACI":" ","PROPIETARI":"EMPRESA DE ACUEDUCTO Y ALCANTARILLADO DE BOGOTR E.S.P.","GRAVAMENES":" ","TIPO_DE_AF":" ","LAND_AREA":32.5,"BUILT_AREA":0,"TOTAL_AREA":0,"REST_AREA":0,"SECTION":0,"pk_ini":10160,"pk_end":10169,"VISIT_DATE":1717113600000,"OBS":" ","ID":0,"shapeArea":32.469885516399998,"plantArea":0,"Floors":0,"paso":0,"review":" ","SECTOR":"URBANO","DIRECCION":"AC 22 96I 12","LyrName":" ","Color":3,"Shape_Leng":25.0027163456,"Shape_Area":32.212491822700002,"NOTIFY":"1-2024-00800","DATE_NOT":1716768000000,"dateMax":1717632000000,"ActivityId":" ","TYPE":"PROJECT","Trees":0,"Shape_Le_1":25.117503917400001,"use":"Public","PK_DE_REFE":"10+160 - 10+169","Layer":"PROJECT_DELIVERED","pasos":0,"ACTA_No":0}},{"type":"Feature","id":165,"geometry":{"type":"Polygon","coordinates":[[[-74.138661193841784,4.6744073322119428],[-74.138689718235526,4.674441797446387],[-74.138710725533656,4.6744206637272425],[-74.138710063026068,4.6744200009268617],[-74.138682930875419,4.6743930015439483],[-74.138682288198368,4.6743923622538395],[-74.138661193841784,4.6744073322119428]]]},"properties":{"FMI":"050C01676194","RefName":"EAB-017","DATE_DEL":1717632000000,"PARCEL_ID":"EAB-017","ACT":220,"EFR_ENTRG":"DELIVERED","FID":165,"CODIGO":"AAA0206MCUZ","USO":" ","VERE":"BOGOTA","MUNICIPIO":"BOGOTA D.C.","CONNOTACI":" ","PROPIETARI":"EMPRESA DE ACUEDUCTO Y ALCANTARILLADO DE BOGOTR E.S.P.","GRAVAMENES":" ","TIPO_DE_AF":" ","LAND_AREA":14.300000000000001,"BUILT_AREA":0,"TOTAL_AREA":0,"REST_AREA":0,"SECTION":0,"pk_ini":10155,"pk_end":10160,"VISIT_DATE":1717113600000,"OBS":" ","ID":0,"shapeArea":14.28775712,"plantArea":0,"Floors":0,"paso":0,"review":" ","SECTOR":"URBANO","DIRECCION":"AC 22 96I 04","LyrName":" ","Color":3,"Shape_Leng":15.4419775875,"Shape_Area":14.414265819600001,"NOTIFY":"1-2024-00800","DATE_NOT":1716768000000,"dateMax":1717632000000,"ActivityId":" ","TYPE":"PROJECT","Trees":0,"Shape_Le_1":15.668438760500001,"use":"Public","PK_DE_REFE":"10+155 - 10+160","Layer":"PROJECT_DELIVERED","pasos":0,"ACTA_No":0}},{"type":"Feature","id":166,"geometry":{"type":"Polygon","coordinates":[[[-74.1396151140558,4.6754131632483986],[-74.139689693058671,4.6754908430727991],[-74.139711264790847,4.6754722440512024],[-74.139711037642272,4.6754719890563576],[-74.139641968761936,4.6753899074754939],[-74.1396151140558,4.6754131632483986]]]},"properties":{"FMI":"050C01691840","RefName":"EAB-002","DATE_DEL":1717632000000,"PARCEL_ID":"EAB-002","ACT":205,"EFR_ENTRG":"DELIVERED","FID":166,"CODIGO":"AAA0202RWSY","USO":" ","VERE":"BOGOTA","MUNICIPIO":"BOGOTA D.C.","CONNOTACI":" ","PROPIETARI":"EMPRESA DE ACUEDUCTO Y ALCANTARILLADO DE BOGOTR E.S.P.","GRAVAMENES":" ","TIPO_DE_AF":" ","LAND_AREA":42.5,"BUILT_AREA":0,"TOTAL_AREA":0,"REST_AREA":0,"SECTION":0,"pk_ini":10309,"pk_end":10321,"VISIT_DATE":1717113600000,"OBS":" ","ID":0,"shapeArea":42.461449309800003,"plantArea":0,"Floors":0,"paso":0,"review":" ","SECTOR":"URBANO","DIRECCION":"AC 22 97 82","LyrName":" ","Color":3,"Shape_Leng":30.9730572329,"Shape_Area":42.233162773099998,"NOTIFY":"1-2024-00800","DATE_NOT":1716768000000,"dateMax":1717632000000,"ActivityId":" ","TYPE":"PROJECT","Trees":0,"Shape_Le_1":31.147084159999999,"use":"Public","PK_DE_REFE":"10+309 - 10+321","Layer":"PROJECT_DELIVERED","pasos":0,"ACTA_No":0}},{"type":"Feature","id":167,"geometry":{"type":"MultiPolygon","coordinates":[[[[-74.134589859009367,4.670000767409185],[-74.135065776755354,4.670491325998162],[-74.135084000964,4.67044922802258],[-74.134792255200495,4.6701398544051838],[-74.13461551112799,4.6699746063793626],[-74.134589859009367,4.670000767409185]]],[[[-74.13541266834595,4.6708477244275972],[-74.135478202128013,4.6709162837063189],[-74.135502058176996,4.6708925345847803],[-74.135437038998589,4.6708235882215599],[-74.13541266834595,4.6708477244275972]]]]},"properties":{"FMI":"50C-1249968","RefName":"PRG-022B","DATE_DEL":1738886400000,"PARCEL_ID":"PRG-022B","ACT":228,"EFR_ENTRG":"DELIVERED","FID":167,"CODIGO":"AAA0143YEFT","USO":" ","VERE":" ","MUNICIPIO":"BOGOTA D.C.","CONNOTACI":" ","PROPIETARI":"INSTITUTO DE DESARROLLO URBANO","GRAVAMENES":" ","TIPO_DE_AF":" ","LAND_AREA":413.29000000000002,"BUILT_AREA":0,"TOTAL_AREA":0,"REST_AREA":0,"SECTION":0,"pk_ini":9489.5699999999997,"pk_end":10631.98,"VISIT_DATE":1738195200000,"OBS":" ","ID":0,"shapeArea":409.09798285599999,"plantArea":0,"Floors":0,"paso":0,"review":" ","SECTOR":"URBANO","DIRECCION":"AC 22 96-03","LyrName":" ","Color":3,"Shape_Leng":189.133538093,"Shape_Area":406.83509193600003,"NOTIFY":"1-2025-00069","DATE_NOT":1737504000000,"dateMax":1738886400000,"ActivityId":" ","TYPE":"PROJECT","Trees":0,"Shape_Le_1":188.548368068,"use":"Public","PK_DE_REFE":"9+490 - 10+632","Layer":"PROJECT_DELIVERED","pasos":0,"ACTA_No":0}},{"type":"Feature","id":168,"geometry":{"type":"Polygon","coordinates":[[[-74.090305885930874,4.6246159564708238],[-74.090316531444159,4.6246263459007944],[-74.090337437536959,4.6245909471952817],[-74.090337770981805,4.6245903819952332],[-74.089518429097723,4.6237558869397279],[-74.089210483019343,4.6234370801581584],[-74.088542272007686,4.6227529908671015],[-74.088536596970044,4.6227524574122745],[-74.088530470432815,4.6227529178016589],[-74.088525427186312,4.6227543711070247],[-74.088522731676434,4.6227583537322641],[-74.088521751245622,4.6227651342674463],[-74.088522959279857,4.6227903527548131],[-74.088523400944126,4.6227944176235178],[-74.089555459457131,4.6238490809279407],[-74.089936227318162,4.6242381927997398],[-74.090255414336355,4.6245643782276096],[-74.090305885930874,4.6246159564708238]]]},"properties":{"FMI":"50C-2173751","RefName":"PRG-005","DATE_DEL":1738886400000,"PARCEL_ID":"PRG-005","ACT":226,"EFR_ENTRG":"DELIVERED","FID":168,"CODIGO":"AAA0286PDFT","USO":" ","VERE":"BOGOTA","MUNICIPIO":"BOGOTA D.C.","CONNOTACI":" ","PROPIETARI":"FIDUCIARIA DAVIVIENDA S.A COMO VOCERA ADMINISTRADORA DEL FIDEICOMISO MANZANA 7","GRAVAMENES":" ","TIPO_DE_AF":" ","LAND_AREA":1285.6800000000001,"BUILT_AREA":0,"TOTAL_AREA":0,"REST_AREA":0,"SECTION":0,"pk_ini":2181.6900000000001,"pk_end":2467.3499999999999,"VISIT_DATE":1738195200000,"OBS":" ","ID":0,"shapeArea":1284.6641044600001,"plantArea":0,"Floors":0,"paso":0,"review":" ","SECTOR":"URBANO","DIRECCION":"AC 23 32C 11","LyrName":" ","Color":3,"Shape_Leng":579.55930980100004,"Shape_Area":1284.69202174,"NOTIFY":"1-2025-00069","DATE_NOT":1737504000000,"dateMax":1738886400000,"ActivityId":" ","TYPE":"PROJECT","Trees":0,"Shape_Le_1":583.44076801799997,"use":"Private","PK_DE_REFE":"2+182 - 2+467","Layer":"PROJECT_DELIVERED","pasos":0,"ACTA_No":0}},{"type":"Feature","id":169,"geometry":{"type":"Polygon","coordinates":[[[-74.139893837510741,4.6756183758435403],[-74.139855870985954,4.6756545099694851],[-74.139851219811945,4.6756590943237519],[-74.139852783700988,4.6756607192271371],[-74.139927283435782,4.6757383248787354],[-74.139935008685939,4.675731044506124],[-74.139976900966857,4.6756917322854479],[-74.139898716980909,4.6756168353714269],[-74.13989708640247,4.6756152828187778],[-74.139893837510741,4.6756183758435403]]]},"properties":{"FMI":"50C-1900614","RefName":"PRG-022A","DATE_DEL":1738886400000,"PARCEL_ID":"PRG-022A","ACT":227,"EFR_ENTRG":"DELIVERED","FID":169,"CODIGO":"AAA0242OPWW","USO":" ","VERE":" ","MUNICIPIO":"BOGOTA D.C.","CONNOTACI":" ","PROPIETARI":"INSTITUTO DE DESARROLLO URBANO","GRAVAMENES":" ","TIPO_DE_AF":" ","LAND_AREA":87.150000000000006,"BUILT_AREA":0,"TOTAL_AREA":0,"REST_AREA":0,"SECTION":0,"pk_ini":10346.57,"pk_end":10358.559999999999,"VISIT_DATE":1738195200000,"OBS":" ","ID":0,"shapeArea":87.083133553500005,"plantArea":0,"Floors":0,"paso":0,"review":" ","SECTOR":"URBANO","DIRECCION":"AC 22 97B 44","LyrName":" ","Color":3,"Shape_Leng":38.419367014800002,"Shape_Area":88.854209561100006,"NOTIFY":"1-2025-00069","DATE_NOT":1737504000000,"dateMax":1738886400000,"ActivityId":" ","TYPE":"PROJECT","Trees":0,"Shape_Le_1":39.231421935299998,"use":"Public","PK_DE_REFE":"10+347 - 10+359","Layer":"PROJECT_DELIVERED","pasos":0,"ACTA_No":0}},{"type":"Feature","id":170,"geometry":{"type":"Polygon","coordinates":[[[-74.272159337520236,4.7397365451839981],[-74.272079475310974,4.7400371487100026],[-74.272074234607132,4.7400560383473156],[-74.272069742190979,4.7400722374746138],[-74.272069772839913,4.7400722456047086],[-74.272113065278234,4.7400834160176277],[-74.272181199993511,4.7397418979218564],[-74.272181221596071,4.7397417893994955],[-74.272159441969819,4.7397361535916955],[-74.272159337520236,4.7397365451839981]]]},"properties":{"FMI":"S/I","RefName":"PRG-108","DATE_DEL":1738886400000,"PARCEL_ID":"PRG-108","ACT":229,"EFR_ENTRG":"DELIVERED","FID":170,"CODIGO":"254300102000000610012000000000","USO":" ","VERE":" ","MUNICIPIO":"BOGOTA D.C.","CONNOTACI":" ","PROPIETARI":"SIN INFORMACION","GRAVAMENES":" ","TIPO_DE_AF":" ","LAND_AREA":142.69999999999999,"BUILT_AREA":0,"TOTAL_AREA":0,"REST_AREA":0,"SECTION":0,"pk_ini":27585.220000000001,"pk_end":27589.889999999999,"VISIT_DATE":1738195200000,"OBS":" ","ID":0,"shapeArea":142.70249083300001,"plantArea":0,"Floors":0,"paso":0,"review":" ","SECTOR":"SUBURBANO","DIRECCION":"Camellon de la Esperanza","LyrName":" ","Color":3,"Shape_Leng":84.459684874000004,"Shape_Area":142.70424640499999,"NOTIFY":"1-2025-00069","DATE_NOT":1737504000000,"dateMax":1738886400000,"ActivityId":" ","TYPE":"PROJECT","Trees":0,"Shape_Le_1":85.240365835399999,"use":"Public","PK_DE_REFE":"27+585 - 27+590","Layer":"PROJECT_DELIVERED","pasos":0,"ACTA_No":0}},{"type":"Feature","id":171,"geometry":{"type":"Polygon","coordinates":[[[-74.106455434549318,4.6413540427797768],[-74.106517215245461,4.6414409950654232],[-74.106683220161088,4.6416137150286332],[-74.107199945130887,4.6410476642078837],[-74.106066892565991,4.640006311277304],[-74.106047142240101,4.6399975818679673],[-74.106009282728508,4.6400466422117832],[-74.105985286016491,4.6400229285564913],[-74.10588737136321,4.6399268369083941],[-74.105888503352119,4.6399273378505956],[-74.105845342915543,4.6398917549883256],[-74.105328778313464,4.6396800548736552],[-74.105170296590373,4.6396151171780025],[-74.105080512843656,4.6395803590157971],[-74.105069481848048,4.6395877928743907],[-74.105046003383379,4.6395636306286026],[-74.104988304016189,4.6396199424494462],[-74.105674892426649,4.640324922653714],[-74.105612916794783,4.6403856956559952],[-74.105744224358233,4.6405214879244303],[-74.105707762800279,4.640574673657599],[-74.106322996729219,4.6412010027919841],[-74.10640870021021,4.6412882525327239],[-74.106455434549318,4.6413540427797768]]]},"properties":{"FMI":"50C-1638383","RefName":"SECTOR ANI","DATE_DEL":1749427200000,"PARCEL_ID":"SECTOR ANI","ACT":1000,"EFR_ENTRG":"DELIVERED","FID":171,"CODIGO":" ","USO":" ","VERE":"BOGOTA","MUNICIPIO":"BOGOTA D.C.","CONNOTACI":" ","PROPIETARI":"INVIAS","GRAVAMENES":" ","TIPO_DE_AF":" ","LAND_AREA":40523.5290427,"BUILT_AREA":0,"TOTAL_AREA":0,"REST_AREA":0,"SECTION":0,"pk_ini":4792,"pk_end":5081,"VISIT_DATE":null,"OBS":" ","ID":0,"shapeArea":17041.762059600002,"plantArea":0,"Floors":0,"paso":0,"review":" ","SECTOR":"URBANO","DIRECCION":" ","LyrName":" ","Color":3,"Shape_Leng":1694.7216123600001,"Shape_Area":17041.369043999999,"NOTIFY":" ","DATE_NOT":null,"dateMax":1749427200000,"ActivityId":" ","TYPE":"PROJECT","Trees":0,"Shape_Le_1":704.80790300299998,"use":"Public","PK_DE_REFE":"4+792 - 5+081","Layer":"PROJECT_DELIVERED","pasos":0,"ACTA_No":0}},{"type":"Feature","id":172,"geometry":{"type":"Polygon","coordinates":[[[-74.27278073316711,4.7363305006575098],[-74.272780084644296,4.736335360561422],[-74.272745204570811,4.7364933701142995],[-74.272696975994052,4.7367119915843938],[-74.272660188779142,4.7368963928305545],[-74.272632027945107,4.7370625771829804],[-74.272596439353876,4.7372785490901839],[-74.272564950380513,4.7374695430083609],[-74.272536469021446,4.7376242988736346],[-74.272516310527635,4.7377198350568905],[-74.272476867380462,4.7378899147009719],[-74.272451439528282,4.737998548474347],[-74.272419934037998,4.7381372393520795],[-74.272398047664041,4.7382426962152708],[-74.272382548644501,4.7383233010496921],[-74.272329341301756,4.7386214102606106],[-74.272242279728033,4.7391109607596213],[-74.272207115415497,4.7393041477230264],[-74.272181477363375,4.7394221049017924],[-74.272127028630095,4.739645931436625],[-74.272120772176322,4.7396715954888382],[-74.272062015144201,4.739912595932199],[-74.272032748316335,4.7399796690369058],[-74.272025770684721,4.7400082921683531],[-74.272011286985091,4.740074384464787],[-74.27204789791962,4.7400997732984989],[-74.272059901121125,4.7401080976393528],[-74.272069772839913,4.7400722456047086],[-74.272069742190979,4.7400722374746138],[-74.272074234607132,4.7400560383473156],[-74.272079475310974,4.7400371487100026],[-74.272159337520236,4.7397365451839981],[-74.272159441969819,4.7397361535916955],[-74.27215533682444,4.7397350912883187],[-74.272172710407887,4.739614613435216],[-74.272197390483143,4.7395133825021745],[-74.272246785543771,4.7392940210222481],[-74.272278723889059,4.7391171178334766],[-74.272278776986937,4.7391168212073786],[-74.27230490176261,4.7389699207883931],[-74.272350084848142,4.7387158515563037],[-74.27239086173752,4.7384865704892203],[-74.272431013840816,4.7382665406081621],[-74.272467595032452,4.7380927613691224],[-74.272508007049467,4.7379190570090408],[-74.272534661087192,4.7378051833603188],[-74.272555880243075,4.7377119745517451],[-74.2725781282669,4.7376041519266847],[-74.272603563095018,4.7374626377142475],[-74.272626343396141,4.7373243869725519],[-74.272679198059194,4.7370036322973847],[-74.272696355636867,4.7369040908968341],[-74.272723307438127,4.7367658425910788],[-74.272771231266603,4.7365469336375607],[-74.272812456112831,4.7363601853722539],[-74.272814580521356,4.7363533500552322],[-74.27281781914796,4.7363469701919634],[-74.272822078300862,4.7363412257650426],[-74.272827239045228,4.7363362795824573],[-74.27283315269527,4.7363322736616382],[-74.272839654332188,4.7363293201826728],[-74.272846556495153,4.7363275032985559],[-74.272853665404668,4.7363268746092482],[-74.272860778257908,4.7363274513538052],[-74.272867694045885,4.7363292191201092],[-74.272868580272302,4.7363266560769519],[-74.27276006936161,4.7362985267429556],[-74.272759392269805,4.73630115302812],[-74.272763988810183,4.7363028192640453],[-74.272768238535889,4.7363052406903057],[-74.272772020643913,4.7363083468054308],[-74.272775225142325,4.7363120481145549],[-74.272777760062212,4.7363162397445819],[-74.272779554161815,4.7363208014434042],[-74.272780554223132,4.7363256002936174],[-74.27278073316711,4.7363305006575098]]]},"properties":{"FMI":"N/A","RefName":"A12","DATE_DEL":1764892800000,"PARCEL_ID":"PRG-1308/A12","ACT":314,"EFR_ENTRG":"DELIVERED","FID":172,"CODIGO":" ","USO":" ","VERE":" ","MUNICIPIO":"MADRID","CONNOTACI":" ","PROPIETARI":"MUNICIPIO DE MOSQUERA","GRAVAMENES":" ","TIPO_DE_AF":" ","LAND_AREA":0,"BUILT_AREA":0,"TOTAL_AREA":0,"REST_AREA":0,"SECTION":0,"pk_ini":27570,"pk_end":27580,"VISIT_DATE":null,"OBS":" ","ID":0,"shapeArea":1841.15395721,"plantArea":0,"Floors":0,"paso":0,"review":" ","SECTOR":"SUBURBANO","DIRECCION":" ","LyrName":" ","Color":3,"Shape_Leng":0,"Shape_Area":1844.0009910700001,"NOTIFY":" ","DATE_NOT":null,"dateMax":1764806400000,"ActivityId":"P-2280","TYPE":"PROJECT","Trees":0,"Shape_Le_1":886.82607813899995,"use":"Public","PK_DE_REFE":"27+570 - 27+580","Layer":"PROJECT_DELIVERED","pasos":1,"ACTA_No":1}},{"type":"Feature","id":173,"geometry":{"type":"Polygon","coordinates":[[[-74.293066927801419,4.754486423897081],[-74.293132366670719,4.7545320344365871],[-74.293353811215184,4.7546856989358632],[-74.293354659606251,4.7546862864655477],[-74.293438658417386,4.7547443714133584],[-74.29358238001133,4.7548437542173501],[-74.293696244759658,4.7549224903223326],[-74.293821519994538,4.7550091173695543],[-74.293918345735861,4.7550760712254512],[-74.293983227997913,4.7551227787698664],[-74.29410900209507,4.7552133230347033],[-74.2941166287941,4.755201880329226],[-74.294112039615953,4.7551983631382946],[-74.294080131093509,4.7551717885391671],[-74.294042095426164,4.7551468381796154],[-74.294005195196945,4.7551208728356746],[-74.293948039224247,4.7550843371529412],[-74.293862519123536,4.7550273424316503],[-74.293793993450322,4.7549806116026581],[-74.293695001419039,4.7549127803317166],[-74.293579921325602,4.7548331692444981],[-74.293365377481521,4.7546873963019953],[-74.293339318266035,4.7546699424188414],[-74.293274162212938,4.7546237078443108],[-74.293230924416349,4.7545892132675425],[-74.2931873536604,4.754556489412864],[-74.293145210018025,4.7545389320403979],[-74.293126386874391,4.7545205191338233],[-74.293116737573371,4.7545004792319547],[-74.293079076554662,4.7544742427826341],[-74.293030644403501,4.7544611347212005],[-74.293066927801419,4.754486423897081]]]},"properties":{"FMI":"50C-1701307","RefName":"A37A","DATE_DEL":1761696000000,"PARCEL_ID":"PRG-1318/A37A","ACT":292,"EFR_ENTRG":"DELIVERED","FID":173,"CODIGO":"254300000000000050151000000000","USO":" ","VERE":" ","MUNICIPIO":"MADRID","CONNOTACI":" ","PROPIETARI":"SOCIEDAD FORNITURE PALACE","GRAVAMENES":" ","TIPO_DE_AF":" ","LAND_AREA":0,"BUILT_AREA":0,"TOTAL_AREA":0,"REST_AREA":0,"SECTION":0,"pk_ini":30395,"pk_end":30545,"VISIT_DATE":null,"OBS":" ","ID":0,"shapeArea":141.10678134400001,"plantArea":0,"Floors":0,"paso":0,"review":" ","SECTOR":"SUBURBANO","DIRECCION":"CAMPO BELLO","LyrName":" ","Color":3,"Shape_Leng":0,"Shape_Area":140.21376161200001,"NOTIFY":" ","DATE_NOT":null,"dateMax":1766534400000,"ActivityId":"P-3330","TYPE":"PROJECT","Trees":0,"Shape_Le_1":295.40824656900003,"use":"Private","PK_DE_REFE":"30+395 - 30+545","Layer":"PROJECT_DELIVERED","pasos":1,"ACTA_No":1}},{"type":"Feature","id":174,"geometry":{"type":"Polygon","coordinates":[[[-74.29410900209507,4.7552133230347033],[-74.294109040863347,4.7552133501515357],[-74.294109434859536,4.7552136330737698],[-74.294116286971331,4.7552185665923474],[-74.294673187115492,4.7555960217802102],[-74.294675352717263,4.7555974896816844],[-74.294799527722702,4.7556816535702771],[-74.29485876893861,4.7557218057218931],[-74.294858338798306,4.7557212424783462],[-74.294861394915145,4.7557167670347082],[-74.294875512690894,4.755694348585461],[-74.294821092606654,4.7556845143047601],[-74.294785895655494,4.7556576079957305],[-74.294749297387241,4.7556346756235195],[-74.29471004442486,4.7556085500965386],[-74.294672569307991,4.7555833789481472],[-74.294579740266741,4.7555195356447948],[-74.294450308255662,4.7554291391206549],[-74.294397129574364,4.7553938881407136],[-74.294337830733426,4.7553537685194875],[-74.294245282779684,4.7552892631312966],[-74.294198070037964,4.7552556560851089],[-74.294162261328992,4.7552324069260363],[-74.29411678567142,4.7552019933174972],[-74.2941166287941,4.755201880329226],[-74.29410900209507,4.7552133230347033]]]},"properties":{"FMI":"50C-575204","RefName":"A38A","DATE_DEL":1766361600000,"PARCEL_ID":"PRG-1319/A38A","ACT":320,"EFR_ENTRG":"DELIVERED","FID":174,"CODIGO":" ","USO":" ","VERE":" ","MUNICIPIO":"MADRID","CONNOTACI":" ","PROPIETARI":"S & J FULL SERVICES LIMITADA","GRAVAMENES":" ","TIPO_DE_AF":" ","LAND_AREA":0,"BUILT_AREA":0,"TOTAL_AREA":0,"REST_AREA":0,"SECTION":0,"pk_ini":30545,"pk_end":30645,"VISIT_DATE":null,"OBS":" ","ID":0,"shapeArea":140.27541413,"plantArea":0,"Floors":0,"paso":0,"review":" ","SECTOR":"SUBURBANO","DIRECCION":" ","LyrName":" ","Color":3,"Shape_Leng":0,"Shape_Area":141.31337361600001,"NOTIFY":" ","DATE_NOT":null,"dateMax":1766534400000,"ActivityId":"P-3340","TYPE":"PROJECT","Trees":0,"Shape_Le_1":207.47013255300001,"use":"Private","PK_DE_REFE":"30+545 - 30+645","Layer":"PROJECT_DELIVERED","pasos":1,"ACTA_No":1}},{"type":"Feature","id":175,"geometry":{"type":"Polygon","coordinates":[[[-74.311431031865169,4.7678073353246235],[-74.311429600048697,4.7678062018208065],[-74.311385555847394,4.7677697988738803],[-74.311385523407154,4.7677698296311029],[-74.311370108639693,4.7677570318087152],[-74.311338982383091,4.767728294728137],[-74.311322518627264,4.7677162261267583],[-74.31126340040575,4.7676723605970794],[-74.311225426910369,4.7676484638412955],[-74.311205689961014,4.7676331589587724],[-74.311197509360923,4.7676268153686179],[-74.311192683417545,4.76763002817657],[-74.311203615752873,4.7676382779981124],[-74.311196593347503,4.7676556112819686],[-74.311301938256932,4.767733801855579],[-74.311372865907188,4.7677886216606513],[-74.311412129463108,4.7678182494171182],[-74.311430991304945,4.7678073443814322],[-74.311431031865169,4.7678073353246235]]]},"properties":{"FMI":"50C-2216842","RefName":"A29A","DATE_DEL":1766361600000,"PARCEL_ID":"PRG-1328G/A29A","ACT":289,"EFR_ENTRG":"DELIVERED","FID":175,"CODIGO":" ","USO":" ","VERE":" ","MUNICIPIO":"MADRID","CONNOTACI":" ","PROPIETARI":"MARIA CAMILA SILVA DURAN","GRAVAMENES":" ","TIPO_DE_AF":" ","LAND_AREA":0,"BUILT_AREA":0,"TOTAL_AREA":0,"REST_AREA":0,"SECTION":0,"pk_ini":32770,"pk_end":33031,"VISIT_DATE":null,"OBS":" ","ID":0,"shapeArea":298.57457090399998,"plantArea":0,"Floors":0,"paso":0,"review":" ","SECTOR":"SUBURBANO","DIRECCION":" ","LyrName":" ","Color":3,"Shape_Leng":0,"Shape_Area":84.0790735514,"NOTIFY":" ","DATE_NOT":null,"dateMax":1764028800000,"ActivityId":"P-3140","TYPE":"PROJECT","Trees":0,"Shape_Le_1":522.72515690800003,"use":"Private","PK_DE_REFE":"32+770 - 33+031","Layer":"PROJECT_DELIVERED","pasos":1,"ACTA_No":1}},{"type":"Feature","id":176,"geometry":{"type":"Polygon","coordinates":[[[-74.294908374040759,4.7557554273375269],[-74.294908786965664,4.7557557066360907],[-74.295157257076866,4.7559271423423217],[-74.29515734453058,4.7559272019985279],[-74.295387811708977,4.7560857217529433],[-74.295700287648913,4.7562929373546554],[-74.295604248531504,4.7562261254932574],[-74.295366793490942,4.7560641716844163],[-74.295340198488503,4.7560458906167407],[-74.295237551060396,4.7559753324645433],[-74.295109500558652,4.7558873103298884],[-74.294970970054081,4.7557920860111853],[-74.294911744876003,4.7557513759113368],[-74.294908374040759,4.7557554273375269]]]},"properties":{"FMI":"50C-255524","RefName":"A39A","DATE_DEL":1761177600000,"PARCEL_ID":"PRG-1320/A39A","ACT":278,"EFR_ENTRG":"DELIVERED","FID":176,"CODIGO":"254300000000000050002000000000","USO":" ","VERE":" ","MUNICIPIO":"MADRID","CONNOTACI":" ","PROPIETARI":"GOBERNACION DE CUNDINAMARCA","GRAVAMENES":" ","TIPO_DE_AF":" ","LAND_AREA":0,"BUILT_AREA":0,"TOTAL_AREA":0,"REST_AREA":0,"SECTION":0,"pk_ini":30645,"pk_end":30750,"VISIT_DATE":null,"OBS":" ","ID":0,"shapeArea":57.709044047399999,"plantArea":0,"Floors":0,"paso":0,"review":" ","SECTOR":"SUBURBANO","DIRECCION":"LOTE SAN CAMILO","LyrName":" ","Color":3,"Shape_Leng":0,"Shape_Area":55.806121943199997,"NOTIFY":" ","DATE_NOT":null,"dateMax":1766534400000,"ActivityId":"P-3350","TYPE":"PROJECT","Trees":0,"Shape_Le_1":227.44180997000001,"use":"Private","PK_DE_REFE":"30+645 - 30+750","Layer":"PROJECT_DELIVERED","pasos":1,"ACTA_No":1}},{"type":"Feature","id":177,"geometry":{"type":"Polygon","coordinates":[[[-74.352299171318506,4.806002846285061],[-74.352639977992297,4.8062828459679787],[-74.352650319848323,4.8062500791723366],[-74.35264942714312,4.8062494157798543],[-74.35264593927927,4.8062468200513173],[-74.352642449611835,4.8062442225148914],[-74.352638967157489,4.8062416285927103],[-74.352635482898094,4.806239029245484],[-74.352631998639438,4.8062364317068083],[-74.352628521592806,4.8062338350695066],[-74.352625051757826,4.8062312384292794],[-74.352621576511623,4.8062286354611556],[-74.352618099461068,4.8062260288765479],[-74.3526146260171,4.8062234240990609],[-74.352611228316263,4.80622087174011],[-74.352486149184031,4.8061248245438799],[-74.352363081100194,4.8060262065040682],[-74.352359795125665,4.8060235148372019],[-74.352356433403727,4.8060207599001892],[-74.352353082500699,4.8060180085759816],[-74.35234972438316,4.8060152500202822],[-74.352346375281641,4.8060124950781287],[-74.352343023473622,4.8060097347112753],[-74.352339671664893,4.8060069725358057],[-74.352336315346761,4.806004204936368],[-74.352333833726263,4.806002155899133],[-74.352332959027194,4.8060014337197234],[-74.352332764248814,4.8060012728336732],[-74.352305055980636,4.8059892803861581],[-74.352299171318506,4.806002846285061]]]},"properties":{"FMI":"156-57413","RefName":"C4A","DATE_DEL":1749427200000,"PARCEL_ID":"C4A","ACT":1000,"EFR_ENTRG":"DELIVERED","FID":177,"CODIGO":" ","USO":" ","VERE":"PORTOFINO","MUNICIPIO":"FACATATIVA","CONNOTACI":" ","PROPIETARI":"INVIAS","GRAVAMENES":" ","TIPO_DE_AF":" ","LAND_AREA":102.994627251,"BUILT_AREA":0,"TOTAL_AREA":0,"REST_AREA":0,"SECTION":0,"pk_ini":39255,"pk_end":39305,"VISIT_DATE":null,"OBS":" ","ID":0,"shapeArea":135.63127571800001,"plantArea":0,"Floors":0,"paso":0,"review":" ","SECTOR":"SUBURBANO","DIRECCION":" ","LyrName":" ","Color":3,"Shape_Leng":0,"Shape_Area":135.62887092299999,"NOTIFY":" ","DATE_NOT":null,"dateMax":1766102400000,"ActivityId":"P-6235","TYPE":"PROJECT","Trees":0,"Shape_Le_1":102.994627251,"use":"Public","PK_DE_REFE":"39+255 - 39+305","Layer":"PROJECT_DELIVERED","pasos":1,"ACTA_No":1}},{"type":"Feature","id":178,"geometry":{"type":"Polygon","coordinates":[[[-74.297704238677341,4.7576930473593961],[-74.297716987160925,4.7577017779197623],[-74.299585557718061,4.7589816995005272],[-74.299589198352493,4.7589841941946531],[-74.299608626124794,4.758956064189757],[-74.299609910918491,4.7589542045339588],[-74.299618086385294,4.758942366414848],[-74.298619048952844,4.7582921995089196],[-74.297874909525504,4.757778185992545],[-74.297755673506842,4.7576971219641155],[-74.297736809749594,4.7576565059206652],[-74.297716093187731,4.7576797431184872],[-74.297704238677341,4.7576930473593961]]]},"properties":{"FMI":"50C-297468","RefName":"41","DATE_DEL":1760486400000,"PARCEL_ID":"PRG-1322/41","ACT":265,"EFR_ENTRG":"DELIVERED","FID":178,"CODIGO":"254300000000000050004000000000","USO":" ","VERE":" ","MUNICIPIO":"MADRID","CONNOTACI":" ","PROPIETARI":"GOBERNACION DE CUNDINAMARCA","GRAVAMENES":" ","TIPO_DE_AF":" ","LAND_AREA":0,"BUILT_AREA":0,"TOTAL_AREA":0,"REST_AREA":0,"SECTION":0,"pk_ini":31030,"pk_end":31280,"VISIT_DATE":null,"OBS":" ","ID":0,"shapeArea":873.562983594,"plantArea":0,"Floors":0,"paso":0,"review":" ","SECTOR":"SUBURBANO","DIRECCION":"LOTE 1 BIS Y 2 DE LA ANTIGUA \r\nHACIENDA EL PRESIDIO","LyrName":" ","Color":3,"Shape_Leng":0,"Shape_Area":873.55088211199995,"NOTIFY":" ","DATE_NOT":null,"dateMax":1764028800000,"ActivityId":"P-3000","TYPE":"PROJECT","Trees":0,"Shape_Le_1":520.43568089799999,"use":"Private","PK_DE_REFE":"31+030 - 31+280","Layer":"PROJECT_DELIVERED","pasos":1,"ACTA_No":1}},{"type":"Feature","id":179,"geometry":{"type":"Polygon","coordinates":[[[-74.292639462754309,4.7541994926432274],[-74.292954068138641,4.7544218577589881],[-74.293264421980965,4.7546474958119287],[-74.293483661911722,4.7548044453764806],[-74.293874148275023,4.7550745586477525],[-74.294089232064394,4.7552225413609586],[-74.294098134311412,4.7552286670077777],[-74.294109434859536,4.7552136330737698],[-74.294109040863347,4.7552133501515357],[-74.29410900209507,4.7552133230347033],[-74.293983227997913,4.7551227787698664],[-74.293918345735861,4.7550760712254512],[-74.293821519994538,4.7550091173695543],[-74.293696244759658,4.7549224903223326],[-74.29358238001133,4.7548437542173501],[-74.293438658417386,4.7547443714133584],[-74.293354659606251,4.7546862864655477],[-74.293353811215184,4.7546856989358632],[-74.293132366670719,4.7545320344365871],[-74.293066927801419,4.754486423897081],[-74.293030644403501,4.7544611347212005],[-74.293015215575736,4.7544503819854311],[-74.29273581529533,4.7542556422394142],[-74.292644653367645,4.7541921028853951],[-74.292639462754309,4.7541994926432274]]]},"properties":{"FMI":"50C-1701307","RefName":"37","DATE_DEL":1761696000000,"PARCEL_ID":"PRG-1318/37","ACT":292,"EFR_ENTRG":"DELIVERED","FID":179,"CODIGO":"254300000000000050151000000000","USO":" ","VERE":" ","MUNICIPIO":"MADRID","CONNOTACI":" ","PROPIETARI":"SOCIEDAD FORNITURE PALACE","GRAVAMENES":" ","TIPO_DE_AF":" ","LAND_AREA":0,"BUILT_AREA":0,"TOTAL_AREA":0,"REST_AREA":0,"SECTION":0,"pk_ini":30350,"pk_end":30545,"VISIT_DATE":null,"OBS":" ","ID":0,"shapeArea":403.917656884,"plantArea":0,"Floors":0,"paso":0,"review":" ","SECTOR":"SUBURBANO","DIRECCION":"CAMPO BELLO","LyrName":" ","Color":3,"Shape_Leng":0,"Shape_Area":404.31201093700003,"NOTIFY":" ","DATE_NOT":null,"dateMax":1766534400000,"ActivityId":"P-3210","TYPE":"PROJECT","Trees":0,"Shape_Le_1":401.09426624000002,"use":"Private","PK_DE_REFE":"30+350 - 30+545","Layer":"PROJECT_DELIVERED","pasos":1,"ACTA_No":1}},{"type":"Feature","id":180,"geometry":{"type":"Polygon","coordinates":[[[-74.294098134311412,4.7552286670077777],[-74.294098306513774,4.755228784512723],[-74.29411416088044,4.7552396935326673],[-74.294244619298183,4.7553294495562852],[-74.294595183580043,4.7555706436577063],[-74.294794986687293,4.7557080958479157],[-74.294826983068674,4.7557301072825968],[-74.294828148818908,4.7557309081251589],[-74.2948493892805,4.755745515825768],[-74.294892263231432,4.7557747898803937],[-74.294908374040759,4.7557554273375269],[-74.294907686132774,4.7557549609355272],[-74.294882940380845,4.7557381885430123],[-74.29485876893861,4.7557218057218931],[-74.294799527722702,4.7556816535702771],[-74.294675352717263,4.7555974896816844],[-74.294673187115492,4.7555960217802102],[-74.294116286971331,4.7552185665923474],[-74.294109434859536,4.7552136330737698],[-74.294098134311412,4.7552286670077777]]]},"properties":{"FMI":"50C-575204","RefName":"38","DATE_DEL":1766361600000,"PARCEL_ID":"PRG-1319/38","ACT":320,"EFR_ENTRG":"DELIVERED","FID":180,"CODIGO":" ","USO":" ","VERE":" ","MUNICIPIO":"MADRID","CONNOTACI":" ","PROPIETARI":"S & J FULL SERVICES LIMITADA","GRAVAMENES":" ","TIPO_DE_AF":" ","LAND_AREA":0,"BUILT_AREA":0,"TOTAL_AREA":0,"REST_AREA":0,"SECTION":0,"pk_ini":30545,"pk_end":30650,"VISIT_DATE":null,"OBS":" ","ID":0,"shapeArea":259.12801853500002,"plantArea":0,"Floors":0,"paso":0,"review":" ","SECTOR":"SUBURBANO","DIRECCION":" ","LyrName":" ","Color":3,"Shape_Leng":0,"Shape_Area":259.22261725099997,"NOTIFY":" ","DATE_NOT":null,"dateMax":1766534400000,"ActivityId":"P-3220","TYPE":"PROJECT","Trees":0,"Shape_Le_1":219.820085151,"use":"Private","PK_DE_REFE":"30+545 - 30+650","Layer":"PROJECT_DELIVERED","pasos":1,"ACTA_No":1}},{"type":"Feature","id":181,"geometry":{"type":"Polygon","coordinates":[[[-74.296091353012358,4.7565930230408044],[-74.296156063485995,4.7566371703451509],[-74.296191107257243,4.7566610779669318],[-74.296208474531426,4.756638673833371],[-74.296208434861597,4.7566386467169419],[-74.2962088601451,4.7566380958629066],[-74.296090381036024,4.7565578478684634],[-74.296049472425054,4.7565298474293876],[-74.296015889718731,4.7564884537816905],[-74.296007321431304,4.7565009991480043],[-74.295798025279424,4.7563577501591956],[-74.295700287648913,4.7562929373546554],[-74.295387811708977,4.7560857217529433],[-74.29515734453058,4.7559272019985279],[-74.295157257076866,4.7559271423423217],[-74.294908786965664,4.7557557066360907],[-74.294908374040759,4.7557554273375269],[-74.294892263231432,4.7557747898803937],[-74.294892481414664,4.7557749381168364],[-74.294958966969105,4.7558203311077145],[-74.295273969929895,4.7560353936382427],[-74.295394831029355,4.7561178466183245],[-74.295539594090869,4.7562166064960918],[-74.295612840707989,4.7562665757527736],[-74.29566402913845,4.7563014980970983],[-74.295736941284673,4.7563512386575253],[-74.295802264792258,4.7563958035901175],[-74.295929723823079,4.7564827577950606],[-74.296091353012358,4.7565930230408044]]]},"properties":{"FMI":"50C-255524","RefName":"39","DATE_DEL":1761177600000,"PARCEL_ID":"PRG-1320/39","ACT":278,"EFR_ENTRG":"DELIVERED","FID":181,"CODIGO":"254300000000000050002000000000","USO":" ","VERE":" ","MUNICIPIO":"MADRID","CONNOTACI":" ","PROPIETARI":"GOBERNACION DE CUNDINAMARCA","GRAVAMENES":" ","TIPO_DE_AF":" ","LAND_AREA":0,"BUILT_AREA":0,"TOTAL_AREA":0,"REST_AREA":0,"SECTION":0,"pk_ini":30650,"pk_end":30825,"VISIT_DATE":null,"OBS":" ","ID":0,"shapeArea":499.89272628999998,"plantArea":0,"Floors":0,"paso":0,"review":" ","SECTOR":"SUBURBANO","DIRECCION":"LOTE SAN CAMILO","LyrName":" ","Color":3,"Shape_Leng":0,"Shape_Area":505.81475124999997,"NOTIFY":" ","DATE_NOT":null,"dateMax":1766534400000,"ActivityId":"P-3230","TYPE":"PROJECT","Trees":0,"Shape_Le_1":356.421999841,"use":"Private","PK_DE_REFE":"30+650 - 30+825","Layer":"PROJECT_DELIVERED","pasos":1,"ACTA_No":1}},{"type":"Feature","id":182,"geometry":{"type":"Polygon","coordinates":[[[-74.296208434861597,4.7566386467169419],[-74.296191107257243,4.7566610779669318],[-74.296201502421297,4.7566677565424866],[-74.296262433594393,4.7567069051587962],[-74.296933659074284,4.7571619408884782],[-74.297449886648209,4.7575188202293033],[-74.297675863834471,4.757673611261775],[-74.297704238677341,4.7576930473593961],[-74.297716093187731,4.7576797431184872],[-74.297736809749594,4.7576565059206652],[-74.297690639214537,4.7576529080059666],[-74.297442565375817,4.7574842529722527],[-74.296944458086841,4.7571458743588648],[-74.296758882316595,4.7570187870159364],[-74.296681724773464,4.7569614590329516],[-74.296646583353095,4.7569395572073185],[-74.296606040912678,4.7569123452371915],[-74.296470135663071,4.7568196605864559],[-74.296346842981649,4.7567334647768851],[-74.2962088601451,4.7566380958629066],[-74.296208434861597,4.7566386467169419]]]},"properties":{"FMI":"50C-1138881","RefName":"40","DATE_DEL":1761177600000,"PARCEL_ID":"PRG-1321/40","ACT":279,"EFR_ENTRG":"DELIVERED","FID":182,"CODIGO":"254300000000000050003000000000","USO":" ","VERE":" ","MUNICIPIO":"MADRID","CONNOTACI":" ","PROPIETARI":"GOBERNACION DE CUNDINAMARCA","GRAVAMENES":" ","TIPO_DE_AF":" ","LAND_AREA":0,"BUILT_AREA":0,"TOTAL_AREA":0,"REST_AREA":0,"SECTION":0,"pk_ini":30825,"pk_end":31030,"VISIT_DATE":null,"OBS":" ","ID":0,"shapeArea":501.47925624200002,"plantArea":0,"Floors":0,"paso":0,"review":" ","SECTOR":"SUBURBANO","DIRECCION":"KM2+850 VÍA MADRID - EL CORZO - \r\nFACATATIVÁ PREDIO ÁREA RESTANTE \r\nDEL PREDIO SANTA TERESA","LyrName":" ","Color":3,"Shape_Leng":0,"Shape_Area":522.66421638199995,"NOTIFY":" ","DATE_NOT":null,"dateMax":1764028800000,"ActivityId":"P-2990","TYPE":"PROJECT","Trees":0,"Shape_Le_1":418.04257593699998,"use":"Private","PK_DE_REFE":"30+825 - 31+030","Layer":"PROJECT_DELIVERED","pasos":1,"ACTA_No":1}},{"type":"Feature","id":183,"geometry":{"type":"Polygon","coordinates":[[[-74.263413307552,4.7340808677164778],[-74.263968441876798,4.7344671785092203],[-74.263920473485783,4.7345093970572565],[-74.263930682639895,4.7345172020575221],[-74.263943878994468,4.7345252847780142],[-74.263967959534114,4.734540825063724],[-74.2640913742365,4.7343378779903214],[-74.264008198290639,4.7342883373830276],[-74.264007105112498,4.7342890023402706],[-74.263868265693048,4.7341935354176288],[-74.263703520487141,4.7340790045931387],[-74.263508328484363,4.7339421854193118],[-74.263458734938084,4.7340147898540188],[-74.263413307552,4.7340808677164778]]]},"properties":{"FMI":"50C-776980","RefName":"25","DATE_DEL":1758499200000,"PARCEL_ID":"25","ACT":255,"EFR_ENTRG":"DELIVERED","FID":183,"CODIGO":" ","USO":" ","VERE":" ","MUNICIPIO":"MADRID","CONNOTACI":" ","PROPIETARI":"INVIAS","GRAVAMENES":" ","TIPO_DE_AF":" ","LAND_AREA":0,"BUILT_AREA":0,"TOTAL_AREA":0,"REST_AREA":0,"SECTION":0,"pk_ini":26390,"pk_end":26430,"VISIT_DATE":null,"OBS":" ","ID":0,"shapeArea":1959.6985987200001,"plantArea":0,"Floors":0,"paso":0,"review":" ","SECTOR":"SUBURBANO","DIRECCION":" ","LyrName":" ","Color":3,"Shape_Leng":0,"Shape_Area":1501.58009599,"NOTIFY":" ","DATE_NOT":null,"dateMax":1758499200000,"ActivityId":"P-2080","TYPE":"PROJECT","Trees":0,"Shape_Le_1":212.74360356299999,"use":"Public","PK_DE_REFE":"26+390 - 26+430","Layer":"PROJECT_DELIVERED","pasos":1,"ACTA_No":1}},{"type":"Feature","id":184,"geometry":{"type":"Polygon","coordinates":[[[-74.263137921940753,4.7340010880826275],[-74.263361344360817,4.7341570890885833],[-74.263413307552,4.7340808677164778],[-74.263458734938084,4.7340147898540188],[-74.263241750928728,4.7338653062695624],[-74.263234564828466,4.7338603526183318],[-74.263152992280936,4.733978983780923],[-74.263137921940753,4.7340010880826275]]]},"properties":{"FMI":"50C-776980","RefName":"24","DATE_DEL":1758499200000,"PARCEL_ID":"PRGA1-108","ACT":255,"EFR_ENTRG":"DELIVERED","FID":184,"CODIGO":" ","USO":" ","VERE":" ","MUNICIPIO":"MADRID","CONNOTACI":" ","PROPIETARI":"INVIAS","GRAVAMENES":" ","TIPO_DE_AF":" ","LAND_AREA":0,"BUILT_AREA":0,"TOTAL_AREA":0,"REST_AREA":0,"SECTION":0,"pk_ini":26360,"pk_end":26390,"VISIT_DATE":null,"OBS":" ","ID":0,"shapeArea":451.13726699,"plantArea":0,"Floors":0,"paso":0,"review":" ","SECTOR":"SUBURBANO","DIRECCION":" ","LyrName":" ","Color":3,"Shape_Leng":0,"Shape_Area":573.21018835999996,"NOTIFY":" ","DATE_NOT":null,"dateMax":1762992000000,"ActivityId":"P-6060","TYPE":"PROJECT","Trees":0,"Shape_Le_1":98.994044286000005,"use":"Public","PK_DE_REFE":"26+360 - 26+390","Layer":"PROJECT_DELIVERED","pasos":1,"ACTA_No":1}},{"type":"Feature","id":185,"geometry":{"type":"Polygon","coordinates":[[[-74.315900350552937,4.7722181033312348],[-74.315899993712222,4.7722184461844241],[-74.315895844989114,4.772222434678743],[-74.315896452764235,4.7722230828499539],[-74.315957857232149,4.772291873240599],[-74.315963356849224,4.7722869510402708],[-74.31596393807807,4.7722864245364507],[-74.316044105734221,4.7722124557857244],[-74.316090073898266,4.7721700408561869],[-74.31602940872078,4.7721016390688895],[-74.315900350552937,4.7722181033312348]]]},"properties":{"FMI":"50C-1195109","RefName":"45","DATE_DEL":1754265600000,"PARCEL_ID":"PRGA1-117","ACT":234,"EFR_ENTRG":"DELIVERED","FID":185,"CODIGO":"254300000000000050094000000000","USO":" ","VERE":" ","MUNICIPIO":"MADRID","CONNOTACI":" ","PROPIETARI":"GOBERNACION DE CUNDINAMARCA","GRAVAMENES":" ","TIPO_DE_AF":" ","LAND_AREA":196.19,"BUILT_AREA":250.5,"TOTAL_AREA":0,"REST_AREA":153.81,"SECTION":0,"pk_ini":33610,"pk_end":33610,"VISIT_DATE":1753660800000,"OBS":" ","ID":0,"shapeArea":231.420334177,"plantArea":0,"Floors":0,"paso":0,"review":" ","SECTOR":"SUBURBANO","DIRECCION":"GUANACHAS","LyrName":" ","Color":3,"Shape_Leng":0,"Shape_Area":203.96935762499999,"NOTIFY":"1-2025-00069","DATE_NOT":null,"dateMax":1756512000000,"ActivityId":"P-2450","TYPE":"PROJECT","Trees":0,"Shape_Le_1":60.706397998600004,"use":"Private","PK_DE_REFE":"33+610 - 33+610","Layer":"PROJECT_DELIVERED","pasos":1,"ACTA_No":1}},{"type":"Feature","id":186,"geometry":{"type":"Polygon","coordinates":[[[-74.316124701891326,4.7724787835719109],[-74.316157333914703,4.7725153393597113],[-74.31616998278264,4.7725056381658044],[-74.316268655244343,4.772423032327386],[-74.316243502590297,4.7723848986552273],[-74.316208437864219,4.7724141622030674],[-74.316206179598694,4.7724108912351593],[-74.316137940675674,4.7724676108793496],[-74.316124701891326,4.7724787835719109]]]},"properties":{"FMI":"50C-1487422","RefName":"50","DATE_DEL":1754265600000,"PARCEL_ID":"PRGA1-122","ACT":240,"EFR_ENTRG":"DELIVERED","FID":186,"CODIGO":"254300000000000050132000000000","USO":" ","VERE":" ","MUNICIPIO":"MADRID","CONNOTACI":" ","PROPIETARI":"GOBERNACION DE CUNDINAMARCA","GRAVAMENES":" ","TIPO_DE_AF":" ","LAND_AREA":77.700000000000003,"BUILT_AREA":168.74000000000001,"TOTAL_AREA":0,"REST_AREA":0,"SECTION":0,"pk_ini":33660,"pk_end":33660,"VISIT_DATE":1753660800000,"OBS":" ","ID":0,"shapeArea":93.098808756099999,"plantArea":0,"Floors":0,"paso":0,"review":" ","SECTOR":"SUBURBANO","DIRECCION":"LOTE","LyrName":" ","Color":3,"Shape_Leng":0,"Shape_Area":87.762584418900005,"NOTIFY":"1-2025-00786","DATE_NOT":null,"dateMax":1753574400000,"ActivityId":"P-2500","TYPE":"PROJECT","Trees":0,"Shape_Le_1":44.0437100575,"use":"Private","PK_DE_REFE":"33+660 - 33+660","Layer":"PROJECT_DELIVERED","pasos":1,"ACTA_No":1}},{"type":"Feature","id":187,"geometry":{"type":"Polygon","coordinates":[[[-74.316124701891326,4.7724787835719109],[-74.316137940675674,4.7724676108793496],[-74.316206179598694,4.7724108912351593],[-74.316208437864219,4.7724141622030674],[-74.316243502590297,4.7723848986552273],[-74.316264837362851,4.7723670937300815],[-74.316169869086778,4.772260014365747],[-74.316044922883194,4.7723756868682665],[-74.31604472012738,4.7723758659898916],[-74.316037994887168,4.7723816486049406],[-74.316124701891326,4.7724787835719109]]]},"properties":{"FMI":"50C-1104221","RefName":"48","DATE_DEL":1754265600000,"PARCEL_ID":"PRGA1-120","ACT":238,"EFR_ENTRG":"DELIVERED","FID":187,"CODIGO":"254300000000000050092000000000 ME","USO":" ","VERE":" ","MUNICIPIO":"MADRID","CONNOTACI":" ","PROPIETARI":"GOBERNACION DE CUNDINAMARCA","GRAVAMENES":" ","TIPO_DE_AF":" ","LAND_AREA":285.67000000000002,"BUILT_AREA":225.88999999999999,"TOTAL_AREA":0,"REST_AREA":163.33000000000001,"SECTION":0,"pk_ini":33650,"pk_end":33650,"VISIT_DATE":1753660800000,"OBS":" ","ID":0,"shapeArea":326.50127106399998,"plantArea":0,"Floors":0,"paso":0,"review":" ","SECTOR":"SUBURBANO","DIRECCION":"LO","LyrName":" ","Color":3,"Shape_Leng":0,"Shape_Area":299.19558518100001,"NOTIFY":"1-2025-00069","DATE_NOT":null,"dateMax":1756512000000,"ActivityId":"P-2480","TYPE":"PROJECT","Trees":0,"Shape_Le_1":70.945687746199994,"use":"Private","PK_DE_REFE":"33+650 - 33+650","Layer":"PROJECT_DELIVERED","pasos":1,"ACTA_No":1}},{"type":"Feature","id":188,"geometry":{"type":"Polygon","coordinates":[[[-74.3159937220492,4.7723320505354856],[-74.316037994887168,4.7723816486049406],[-74.31604472012738,4.7723758659898916],[-74.316044922883194,4.7723756868682665],[-74.316169869086778,4.772260014365747],[-74.316132108668242,4.7722174386344083],[-74.316125624091498,4.7722101260151089],[-74.316080356160072,4.772252065946776],[-74.316000338195096,4.7723262001363498],[-74.315999956113927,4.7723265402854675],[-74.3159937220492,4.7723320505354856]]]},"properties":{"FMI":"50C-2082631","RefName":"47","DATE_DEL":1754265600000,"PARCEL_ID":"PRGA1-119","ACT":236,"EFR_ENTRG":"DELIVERED","FID":188,"CODIGO":"254300000000000050901900000000 ME","USO":" ","VERE":" ","MUNICIPIO":"MADRID","CONNOTACI":" ","PROPIETARI":"GOBERNACION DE CUNDINAMARCA","GRAVAMENES":" ","TIPO_DE_AF":" ","LAND_AREA":272.54000000000002,"BUILT_AREA":201.46000000000001,"TOTAL_AREA":0,"REST_AREA":0,"SECTION":0,"pk_ini":33640,"pk_end":33640,"VISIT_DATE":1753660800000,"OBS":" ","ID":0,"shapeArea":160.525665033,"plantArea":0,"Floors":0,"paso":0,"review":" ","SECTOR":"SUBURBANO","DIRECCION":"CASA 2 CONJUNTO RESIDENCIAL","LyrName":" ","Color":3,"Shape_Leng":0,"Shape_Area":146.73542704799999,"NOTIFY":"1-2025-00069","DATE_NOT":null,"dateMax":1756512000000,"ActivityId":"P-2470","TYPE":"PROJECT","Trees":0,"Shape_Le_1":54.884196024399998,"use":"Private","PK_DE_REFE":"33+640 - 33+640","Layer":"PROJECT_DELIVERED","pasos":1,"ACTA_No":1}},{"type":"Feature","id":189,"geometry":{"type":"Polygon","coordinates":[[[-74.315957857232149,4.772291873240599],[-74.3159937220492,4.7723320505354856],[-74.315999956113927,4.7723265402854675],[-74.316000338195096,4.7723262001363498],[-74.316080356160072,4.772252065946776],[-74.316044105734221,4.7722124557857244],[-74.31596393807807,4.7722864245364507],[-74.315963356849224,4.7722869510402708],[-74.315957857232149,4.772291873240599]]]},"properties":{"FMI":"50C-1446034","RefName":"46","DATE_DEL":1754265600000,"PARCEL_ID":"PRGA1-118","ACT":235,"EFR_ENTRG":"DELIVERED","FID":189,"CODIGO":"254300000000000050111000000000","USO":" ","VERE":" ","MUNICIPIO":"MADRID","CONNOTACI":" ","PROPIETARI":"GOBERNACION DE CUNDINAMARCA","GRAVAMENES":" ","TIPO_DE_AF":" ","LAND_AREA":72,"BUILT_AREA":249.91999999999999,"TOTAL_AREA":0,"REST_AREA":0,"SECTION":0,"pk_ini":33630,"pk_end":33630,"VISIT_DATE":1753660800000,"OBS":" ","ID":0,"shapeArea":81.823686442699994,"plantArea":0,"Floors":0,"paso":0,"review":" ","SECTOR":"SUBURBANO","DIRECCION":"LO","LyrName":" ","Color":3,"Shape_Leng":0,"Shape_Area":77.617640704899998,"NOTIFY":"1-2025-00093","DATE_NOT":null,"dateMax":1756512000000,"ActivityId":"P-2460","TYPE":"PROJECT","Trees":0,"Shape_Le_1":38.214762436900003,"use":"Private","PK_DE_REFE":"33+630 - 33+630","Layer":"PROJECT_DELIVERED","pasos":1,"ACTA_No":1}},{"type":"Feature","id":190,"geometry":{"type":"Polygon","coordinates":[[[-74.316044105734221,4.7722124557857244],[-74.316080356160072,4.772252065946776],[-74.316125624091498,4.7722101260151089],[-74.316209622290302,4.7721323045060267],[-74.316211487615206,4.7721305766466697],[-74.316181437094798,4.7720857411069408],[-74.316090073898266,4.7721700408561869],[-74.316044105734221,4.7722124557857244]]]},"properties":{"FMI":"50C-1273943","RefName":"49","DATE_DEL":1754265600000,"PARCEL_ID":"PRGA1-121","ACT":239,"EFR_ENTRG":"DELIVERED","FID":190,"CODIGO":"254300000000000050110000000000","USO":" ","VERE":" ","MUNICIPIO":"MADRID","CONNOTACI":" ","PROPIETARI":"GOBERNACION DE CUNDINAMARCA","GRAVAMENES":" ","TIPO_DE_AF":" ","LAND_AREA":40.880000000000003,"BUILT_AREA":191.38,"TOTAL_AREA":0,"REST_AREA":79.120000000000005,"SECTION":0,"pk_ini":33630,"pk_end":33630,"VISIT_DATE":1753660800000,"OBS":" ","ID":0,"shapeArea":44.177952836599999,"plantArea":0,"Floors":0,"paso":0,"review":" ","SECTOR":"SUBURBANO","DIRECCION":"LO","LyrName":" ","Color":3,"Shape_Leng":0,"Shape_Area":119.998863165,"NOTIFY":"1-2025-00093","DATE_NOT":null,"dateMax":1756512000000,"ActivityId":"P-2490","TYPE":"PROJECT","Trees":0,"Shape_Le_1":52.777310718400003,"use":"Private","PK_DE_REFE":"33+630 - 33+630","Layer":"PROJECT_DELIVERED","pasos":1,"ACTA_No":1}},{"type":"Feature","id":191,"geometry":{"type":"Polygon","coordinates":[[[-74.303667470843322,4.761947487154087],[-74.30366797214343,4.7619478613694497],[-74.303669024779936,4.7619334582389401],[-74.303670683159169,4.7619107841823984],[-74.302881108925646,4.7613123741172307],[-74.301827624182252,4.7604947789979324],[-74.30181159060443,4.7604823347253502],[-74.301808671904567,4.7605380776360695],[-74.301807753773204,4.7605392896973919],[-74.302168547075965,4.760814426464032],[-74.302753561777223,4.7612618962616571],[-74.303176133905907,4.7615807731132813],[-74.303619684145175,4.761911821900596],[-74.303667470843322,4.761947487154087]]]},"properties":{"FMI":"50C-640167","RefName":"42","DATE_DEL":1760486400000,"PARCEL_ID":"PRG-1323/42","ACT":266,"EFR_ENTRG":"DELIVERED","FID":191,"CODIGO":"254300000000000050006000000000","USO":" ","VERE":" ","MUNICIPIO":"MADRID","CONNOTACI":" ","PROPIETARI":"GOBERNACION DE CUNDINAMARCA","GRAVAMENES":" ","TIPO_DE_AF":" ","LAND_AREA":0,"BUILT_AREA":0,"TOTAL_AREA":0,"REST_AREA":0,"SECTION":0,"pk_ini":31580,"pk_end":31840,"VISIT_DATE":null,"OBS":" ","ID":0,"shapeArea":1115.9978645799999,"plantArea":0,"Floors":0,"paso":0,"review":" ","SECTOR":"SUBURBANO","DIRECCION":"LOTE 2 SAN LUIS","LyrName":" ","Color":3,"Shape_Leng":0,"Shape_Area":1115.9924075399999,"NOTIFY":" ","DATE_NOT":null,"dateMax":1765756800000,"ActivityId":"P-3010","TYPE":"PROJECT","Trees":0,"Shape_Le_1":531.96394923299999,"use":"Private","PK_DE_REFE":"31+580 - 31+840","Layer":"PROJECT_DELIVERED","pasos":1,"ACTA_No":1}},{"type":"Feature","id":192,"geometry":{"type":"Polygon","coordinates":[[[-74.306436045964531,4.7640335830142986],[-74.306436265061947,4.7640337547582901],[-74.306476662866899,4.7640655120685675],[-74.306500001718362,4.7640838579630698],[-74.306662500929889,4.76421159674506],[-74.306862431371385,4.7643624640288369],[-74.306976705914693,4.7644446421121813],[-74.307181236991781,4.7646001712334005],[-74.30727758165213,4.7646737110515893],[-74.307510311577545,4.7648513516194964],[-74.307733027453608,4.7650194116886011],[-74.307962916801998,4.7651928860292188],[-74.308034597263514,4.7652469752819639],[-74.308165788919027,4.7653459701630378],[-74.308339261663633,4.7654768716899261],[-74.30853233682592,4.7656225645389201],[-74.308550500176793,4.7656362694235135],[-74.30864767885177,4.7657096007643167],[-74.308924900695715,4.7659187895207475],[-74.309115589482104,4.7660626825353258],[-74.309127375613414,4.7660715750618889],[-74.30913060719972,4.7660690401259043],[-74.309129730812217,4.7660683748568262],[-74.30892725499298,4.7659155875080375],[-74.308650032248309,4.7657063987528314],[-74.308560321781869,4.7656387050181896],[-74.30855289685239,4.7656331017611677],[-74.308523264567043,4.7656101678330272],[-74.308487152520797,4.7655831124749843],[-74.308451290956384,4.7655557242485447],[-74.308415469039318,4.7655282844616602],[-74.308380135562501,4.7655004755545312],[-74.30834491371921,4.7654722370656737],[-74.308308850340993,4.7654451165715654],[-74.308273219447884,4.7654174226043509],[-74.308236682147097,4.7653909316576977],[-74.308200755730809,4.7653636320601818],[-74.308164649115085,4.765336567638971],[-74.308128630724525,4.7653091577436655],[-74.308092973093252,4.7652823337114452],[-74.308056855424368,4.7652545349965774],[-74.308020594735339,4.7652276370099464],[-74.307984701672993,4.7652002930783217],[-74.307948638322969,4.7651731734680407],[-74.307912301970845,4.7651464147627243],[-74.307876446759209,4.7651190210758108],[-74.307840219435093,4.7650921203548036],[-74.307804765174211,4.765064188471289],[-74.307768642371741,4.7650371475447573],[-74.307733057497046,4.7650094680005353],[-74.307697067147998,4.7649822515914462],[-74.307660958770327,4.7649551925679594],[-74.307624962118837,4.7649279815826837],[-74.307588958263125,4.7649007832579784],[-74.307552848052538,4.7648736084786067],[-74.307516790141705,4.7648464807032633],[-74.307480726827649,4.7648193601620772],[-74.307444858133977,4.7647919827326586],[-74.307408924570368,4.7647646903270715],[-74.307373076604335,4.7647372821404774],[-74.307337147563544,4.7647100204755155],[-74.307301223019635,4.7646827199220976],[-74.307265184949884,4.7646555640925277],[-74.307229118052163,4.7646284507726433],[-74.307192906995311,4.764601525593168],[-74.307157027515586,4.7645741734714679],[-74.307120872326635,4.7645471741166636],[-74.307084706329604,4.7645201928494068],[-74.307048700713565,4.7644929963032387],[-74.307012702308526,4.7644657907096146],[-74.306976586774994,4.7644387388839933],[-74.306940820844289,4.76441125287581],[-74.30690479181375,4.7643840888840865],[-74.30686903308758,4.7643565657931797],[-74.306833031091486,4.7643293619991649],[-74.306797160645644,4.7643019854380082],[-74.306761174874396,4.7642747635485128],[-74.306725706440446,4.7642473298784012],[-74.306689360272799,4.7642205873837886],[-74.306653450194105,4.7641932641813955],[-74.306617462631792,4.7641660440929492],[-74.306581389476236,4.764138936164132],[-74.306545555991534,4.7641115116485606],[-74.306512263054955,4.7640825580184645],[-74.306484378240455,4.764041828604145],[-74.306447086534277,4.7640205718922521],[-74.306436045964531,4.7640335830142986]]]},"properties":{"FMI":"50C-1779081","RefName":"44A","DATE_DEL":1763078400000,"PARCEL_ID":"PRG-1327/44A","ACT":297,"EFR_ENTRG":"DELIVERED","FID":192,"CODIGO":"254300000000000050181000000000","USO":" ","VERE":" ","MUNICIPIO":"MADRID","CONNOTACI":" ","PROPIETARI":"ALIANZA FIDUCIARIA S.A.","GRAVAMENES":" ","TIPO_DE_AF":" ","LAND_AREA":0,"BUILT_AREA":0,"TOTAL_AREA":0,"REST_AREA":0,"SECTION":0,"pk_ini":32225,"pk_end":32600,"VISIT_DATE":null,"OBS":" ","ID":0,"shapeArea":274.943517649,"plantArea":0,"Floors":0,"paso":0,"review":" ","SECTOR":"SUBURBANO","DIRECCION":"LOTE 1 EL CORTIJO","LyrName":" ","Color":3,"Shape_Leng":0,"Shape_Area":274.97223132699997,"NOTIFY":" ","DATE_NOT":null,"dateMax":1768435200000,"ActivityId":"P-6155","TYPE":"PROJECT","Trees":0,"Shape_Le_1":755.26379804800001,"use":"Private","PK_DE_REFE":"32+225 - 32+600","Layer":"PROJECT_DELIVERED","pasos":1,"ACTA_No":1}},{"type":"Feature","id":193,"geometry":{"type":"Polygon","coordinates":[[[-74.306412195888413,4.7640148339699513],[-74.306436045964531,4.7640335830142986],[-74.306446809886594,4.7640208215710524],[-74.30644706219077,4.7640205547186509],[-74.306455937883598,4.764011145238511],[-74.306320715945446,4.763910311094584],[-74.306302114839355,4.7639000516735024],[-74.306252264410759,4.7638639143556691],[-74.306243605845111,4.763875720155248],[-74.306117534530856,4.763778956794706],[-74.306080519864238,4.7637531025097672],[-74.306043598905447,4.7637271252067883],[-74.306007831335549,4.7636999140536398],[-74.305971427558987,4.7636732474982715],[-74.305962690764431,4.7636665296451977],[-74.305935695934892,4.7636456854608387],[-74.305900094060149,4.7636179560828493],[-74.305863991227071,4.7635908870079984],[-74.305827442399305,4.7635644122040857],[-74.305791268371564,4.7635373747992267],[-74.305754716847503,4.763510907226423],[-74.305718770800397,4.763483629198058],[-74.305682592297842,4.7634566641324776],[-74.305646717436588,4.763429293837846],[-74.305609801014555,4.7634033065609342],[-74.305573559449371,4.7633764238013372],[-74.305537153903842,4.763349759030298],[-74.305501294371567,4.7633223706363905],[-74.305465409638032,4.7632950889561476],[-74.305429533887335,4.7632677041807421],[-74.305393613095021,4.763240397188012],[-74.30535756074687,4.7632132294989935],[-74.305326341087166,4.7631896430428329],[-74.305287877773367,4.763160573501759],[-74.305253183249448,4.7631343385944884],[-74.305213501000964,4.7631045170751154],[-74.305174832092163,4.7630751889655158],[-74.305141547722414,4.7630500351279084],[-74.305105612540757,4.7630227606784317],[-74.305096228425185,4.7630156415185354],[-74.305069781957002,4.762995585665295],[-74.305035088594721,4.7629673504346135],[-74.304999555921157,4.7629387790800743],[-74.304964389304516,4.7629104680408343],[-74.304928580464207,4.7628835932400602],[-74.304892441420179,4.7628558232896152],[-74.304856772999202,4.7628283253758088],[-74.304821518995794,4.7628001292035913],[-74.304786263225964,4.7627720352158702],[-74.304751371433369,4.7627433587368415],[-74.304715349690042,4.762715907051092],[-74.304680814232782,4.7626908205207226],[-74.304644836535275,4.762665725421753],[-74.304612821773574,4.7626417865161361],[-74.304570466910604,4.7626091588923085],[-74.30453488843682,4.7625809962703372],[-74.304497761945314,4.762554615627848],[-74.304461296162387,4.7625281732728331],[-74.304425271829714,4.7625010037130382],[-74.304388727575414,4.7624743931799802],[-74.304354278837224,4.7624497985424377],[-74.304318398028983,4.7624232203413577],[-74.304282212427211,4.762396266049997],[-74.304242925562704,4.7623679346257877],[-74.304223411155547,4.7623541468676081],[-74.30420827676204,4.7623434557966764],[-74.304170170602262,4.7623147134267665],[-74.304137489444955,4.7622898776513507],[-74.30410104136628,4.7622623627702465],[-74.304062317569773,4.7622330490797786],[-74.304026790630004,4.7622052372806962],[-74.303992519330023,4.7621801433916415],[-74.303969346558475,4.762162083108902],[-74.303922593926018,4.762127000811117],[-74.303882468144707,4.7620966964584666],[-74.3038501702014,4.7620721634825998],[-74.303810853067333,4.7620421220106213],[-74.303777782421705,4.7620169517538571],[-74.303744166859104,4.761987571254263],[-74.303716885485088,4.7619666348311442],[-74.303670057944501,4.7619284327047531],[-74.303670683159169,4.7619107841823984],[-74.303669024779936,4.7619334582389401],[-74.30366797214343,4.7619478613694497],[-74.303796902755295,4.7620440889302609],[-74.30400636692508,4.7622030990062116],[-74.304240766889592,4.7623794904808037],[-74.304345453014577,4.7624573849113698],[-74.304433320349204,4.7625227639377901],[-74.304639764754299,4.7626779233881447],[-74.304734277790786,4.7627503971234937],[-74.304813602937543,4.7628112239610187],[-74.305063570976188,4.7630028004152569],[-74.305157102179081,4.7630743737298396],[-74.305481854207457,4.7633206824227932],[-74.305605861105974,4.7634145953369886],[-74.305808365122388,4.7635670672311896],[-74.305922589655026,4.7636514284999958],[-74.306189048361333,4.763850671112424],[-74.306412195888413,4.7640148339699513]]]},"properties":{"FMI":"50C-1190824","RefName":"43A","DATE_DEL":1763078400000,"PARCEL_ID":"PRG-1325/43A","ACT":303,"EFR_ENTRG":"DELIVERED","FID":193,"CODIGO":"254300000000000050007000000000","USO":" ","VERE":" ","MUNICIPIO":"MADRID","CONNOTACI":" ","PROPIETARI":"WINSTON CAPITAL LLC","GRAVAMENES":" ","TIPO_DE_AF":" ","LAND_AREA":0,"BUILT_AREA":0,"TOTAL_AREA":0,"REST_AREA":0,"SECTION":0,"pk_ini":31840,"pk_end":32225,"VISIT_DATE":null,"OBS":" ","ID":0,"shapeArea":557.03405891299997,"plantArea":0,"Floors":0,"paso":0,"review":" ","SECTOR":"SUBURBANO","DIRECCION":"LA PROVIDENCIA","LyrName":" ","Color":3,"Shape_Leng":0,"Shape_Area":557.08074280200003,"NOTIFY":" ","DATE_NOT":null,"dateMax":1768435200000,"ActivityId":"P-6150","TYPE":"PROJECT","Trees":0,"Shape_Le_1":785.13777538900001,"use":"Private","PK_DE_REFE":"31+840 - 32+225","Layer":"PROJECT_DELIVERED","pasos":1,"ACTA_No":1}},{"type":"Feature","id":194,"geometry":{"type":"Polygon","coordinates":[[[-74.352652861307263,4.8062934318754005],[-74.352735334088507,4.8063240966964651],[-74.352740229523249,4.806311964501834],[-74.352669262907767,4.8062633447736474],[-74.352655305471146,4.8062537829624299],[-74.352654202664894,4.8062529641159637],[-74.352652915005166,4.8062520069868864],[-74.352650319848323,4.8062500791723366],[-74.352639977992297,4.8062828459679787],[-74.352652861307263,4.8062934318754005]]]},"properties":{"FMI":"156-57413","RefName":"9A","DATE_DEL":null,"PARCEL_ID":"9A","ACT":0,"EFR_ENTRG":"NO DELIVERED","FID":194,"CODIGO":" ","USO":" ","VERE":"PORTOFINO","MUNICIPIO":"FACATATIVA","CONNOTACI":" ","PROPIETARI":"INVIAS","GRAVAMENES":" ","TIPO_DE_AF":" ","LAND_AREA":0,"BUILT_AREA":0,"TOTAL_AREA":0,"REST_AREA":0,"SECTION":0,"pk_ini":39310,"pk_end":39320,"VISIT_DATE":null,"OBS":" ","ID":0,"shapeArea":33.112386284199999,"plantArea":0,"Floors":0,"paso":0,"review":" ","SECTOR":"SUBURBANO","DIRECCION":" ","LyrName":" ","Color":1,"Shape_Leng":0,"Shape_Area":33.1118898808,"NOTIFY":" ","DATE_NOT":null,"dateMax":1768435200000,"ActivityId":"P-6215","TYPE":"PROJECT","Trees":0,"Shape_Le_1":29.1206812062,"use":"Public","PK_DE_REFE":"39+310 - 39+320","Layer":"PROJECT_NO_DELIVERED","pasos":1,"ACTA_No":1}},{"type":"Feature","id":195,"geometry":{"type":"Polygon","coordinates":[[[-74.352735334088507,4.8063240966964651],[-74.35278263114067,4.8063410141461631],[-74.352740229523249,4.806311964501834],[-74.352735334088507,4.8063240966964651]]]},"properties":{"FMI":"156-57413","RefName":"10A","DATE_DEL":null,"PARCEL_ID":"10A","ACT":0,"EFR_ENTRG":"NO DELIVERED","FID":195,"CODIGO":" ","USO":" ","VERE":"PORTOFINO","MUNICIPIO":"FACATATIVA","CONNOTACI":" ","PROPIETARI":"INVIAS","GRAVAMENES":" ","TIPO_DE_AF":" ","LAND_AREA":0,"BUILT_AREA":0,"TOTAL_AREA":0,"REST_AREA":0,"SECTION":0,"pk_ini":39340,"pk_end":39390,"VISIT_DATE":null,"OBS":" ","ID":0,"shapeArea":4.0279068175399999,"plantArea":0,"Floors":0,"paso":0,"review":" ","SECTOR":"SUBURBANO","DIRECCION":" ","LyrName":" ","Color":1,"Shape_Leng":0,"Shape_Area":4.02754641732,"NOTIFY":" ","DATE_NOT":null,"dateMax":1771027200000,"ActivityId":"P-6255","TYPE":"PROJECT","Trees":0,"Shape_Le_1":12.7828942088,"use":"Public","PK_DE_REFE":"39+340 - 39+390","Layer":"PROJECT_NO_DELIVERED","pasos":1,"ACTA_No":1}},{"type":"Feature","id":196,"geometry":{"type":"Polygon","coordinates":[[[-74.352652861307263,4.8062934318754005],[-74.352724092417816,4.8063519535326087],[-74.352831744805215,4.8063965632607193],[-74.352899087235556,4.8064532543662626],[-74.353088681137947,4.8066128600213096],[-74.353278274226213,4.8067724656181383],[-74.353372852037083,4.8066557425053293],[-74.353373323274937,4.8066551888858768],[-74.353329185996316,4.8066208625159863],[-74.353328448974253,4.8066217761524959],[-74.353260836612037,4.8067054897103203],[-74.353245184338306,4.8066934707232676],[-74.353116418756684,4.8065946037438296],[-74.353112832592032,4.8065919112980486],[-74.353109314057519,4.806589271274027],[-74.353105801836847,4.8065866402904032],[-74.353102282403128,4.8065840056924802],[-74.353098771085769,4.806581379229919],[-74.353095248047367,4.8065787473463173],[-74.353091728617343,4.8065761217912897],[-74.353088213696452,4.8065735007558867],[-74.35308469426792,4.806570878818011],[-74.353081175741977,4.8065682595926136],[-74.353077656315349,4.8065656421761664],[-74.353074135987626,4.806563025664361],[-74.353070614759233,4.8065604109614837],[-74.353067095335206,4.8065577998750477],[-74.353063576813028,4.8065551896925109],[-74.353060058291959,4.8065525822228432],[-74.353056538869467,4.8065499747535236],[-74.353053016742294,4.8065473663809808],[-74.35304949912458,4.8065447634323633],[-74.353045982409071,4.8065421622919704],[-74.353042458480132,4.8065395566329743],[-74.353038942667226,4.8065369582050534],[-74.353035424149638,4.8065343588738942],[-74.353031901123316,4.8065317559273799],[-74.353028387114847,4.8065291611158436],[-74.353024871303504,4.8065265663050134],[-74.353021352786726,4.8065239687823738],[-74.353017838779053,4.8065213757793686],[-74.353014324771053,4.8065187818720609],[-74.353010805353634,4.8065161861583201],[-74.353007292247497,4.8065135931548921],[-74.352938630693288,4.8064629342439646],[-74.352842650210505,4.8063821335363404],[-74.352790606692011,4.8063464782951222],[-74.35278263114067,4.8063410141461631],[-74.352735334088507,4.8063240966964651],[-74.352652861307263,4.8062934318754005]]]},"properties":{"FMI":"156-57413","RefName":"13A-Facatativa","DATE_DEL":1749427200000,"PARCEL_ID":"13A-Facatativa","ACT":1000,"EFR_ENTRG":"DELIVERED","FID":196,"CODIGO":" ","USO":" ","VERE":"PORTOFINO","MUNICIPIO":"FACATATIVA","CONNOTACI":" ","PROPIETARI":"INVIAS","GRAVAMENES":" ","TIPO_DE_AF":" ","LAND_AREA":205.76440633600001,"BUILT_AREA":0,"TOTAL_AREA":0,"REST_AREA":0,"SECTION":0,"pk_ini":39305,"pk_end":39395,"VISIT_DATE":null,"OBS":" ","ID":0,"shapeArea":334.624276119,"plantArea":0,"Floors":0,"paso":0,"review":" ","SECTOR":"SUBURBANO","DIRECCION":" ","LyrName":" ","Color":3,"Shape_Leng":0,"Shape_Area":335.27281197399998,"NOTIFY":" ","DATE_NOT":null,"dateMax":1766966400000,"ActivityId":"P-6245","TYPE":"PROJECT","Trees":0,"Shape_Le_1":205.76440633600001,"use":"Public","PK_DE_REFE":"39+305 - 39+395","Layer":"PROJECT_DELIVERED","pasos":1,"ACTA_No":1}},{"type":"Feature","id":197,"geometry":{"type":"Polygon","coordinates":[[[-74.353716022910746,4.806924149387533],[-74.353649308816514,4.8070043720383415],[-74.353700010035908,4.8070464301624085],[-74.353663058010326,4.8070877289278924],[-74.354812204779037,4.8080494369360594],[-74.354825196016904,4.8080324887749697],[-74.354838186352694,4.8080155406140266],[-74.354843683232318,4.808008364603344],[-74.354009594658066,4.8073144254666174],[-74.353766877701204,4.8071124898647559],[-74.353835587350943,4.8070293835005096],[-74.353716022910746,4.806924149387533]]]},"properties":{"FMI":"156-57413","RefName":"14A","DATE_DEL":1749427200000,"PARCEL_ID":"14A","ACT":1000,"EFR_ENTRG":"DELIVERED","FID":197,"CODIGO":" ","USO":" ","VERE":"PORTOFINO","MUNICIPIO":"FACATATIVA","CONNOTACI":" ","PROPIETARI":"INVIAS","GRAVAMENES":" ","TIPO_DE_AF":" ","LAND_AREA":383.93273901200001,"BUILT_AREA":0,"TOTAL_AREA":0,"REST_AREA":0,"SECTION":0,"pk_ini":39460,"pk_end":39620,"VISIT_DATE":null,"OBS":" ","ID":0,"shapeArea":1118.1130951499999,"plantArea":0,"Floors":0,"paso":0,"review":" ","SECTOR":"SUBURBANO","DIRECCION":" ","LyrName":" ","Color":3,"Shape_Leng":0,"Shape_Area":1118.1235227499999,"NOTIFY":" ","DATE_NOT":null,"dateMax":1766966400000,"ActivityId":"P-6265","TYPE":"PROJECT","Trees":0,"Shape_Le_1":383.93273901200001,"use":"Public","PK_DE_REFE":"39+460 - 39+620","Layer":"PROJECT_DELIVERED","pasos":1,"ACTA_No":1}},{"type":"Feature","id":198,"geometry":{"type":"Polygon","coordinates":[[[-74.352160636048595,4.8058882184637293],[-74.352299171318506,4.806002846285061],[-74.352305055980636,4.8059892803861581],[-74.352332764248814,4.8060012728336732],[-74.352329614430175,4.8059986715413059],[-74.35232626171539,4.8059958976102948],[-74.352322911706452,4.8059931272953396],[-74.352319562597543,4.805990353362831],[-74.352316211684666,4.8059875767181488],[-74.352312858967451,4.8059847964570128],[-74.352312051898792,4.8059841276037343],[-74.352309508955713,4.8059820189076197],[-74.352306160745826,4.8059792386446212],[-74.352302812535953,4.8059764583815827],[-74.35229945801342,4.8059736717910218],[-74.352296110703989,4.8059708888147066],[-74.352292761590931,4.8059681040305069],[-74.352289409771743,4.8059653147259178],[-74.352286055247504,4.8059625236137995],[-74.352282708838175,4.805959737019867],[-74.352279353411788,4.8059569440994823],[-74.352276001591633,4.8059541520819415],[-74.352272650673299,4.8059513609682885],[-74.352269297951381,4.8059485680467606],[-74.352265945228751,4.8059457733166226],[-74.35226258889962,4.8059429767793365],[-74.35225923707921,4.8059401838573885],[-74.352203680007904,4.8058938945648668],[-74.352200767465746,4.8058917760699931],[-74.352174918879498,4.805872972618614],[-74.352173857421107,4.8058741052241372],[-74.352160636048595,4.8058882184637293]]]},"properties":{"FMI":"156-57413","RefName":"8A","DATE_DEL":1749427200000,"PARCEL_ID":"8A","ACT":1000,"EFR_ENTRG":"DELIVERED","FID":198,"CODIGO":" ","USO":" ","VERE":"PORTOFINO","MUNICIPIO":"FACATATIVA","CONNOTACI":" ","PROPIETARI":"INVIAS","GRAVAMENES":" ","TIPO_DE_AF":" ","LAND_AREA":50.071266577800003,"BUILT_AREA":0,"TOTAL_AREA":0,"REST_AREA":0,"SECTION":0,"pk_ini":39300,"pk_end":39310,"VISIT_DATE":null,"OBS":" ","ID":0,"shapeArea":50.4947403241,"plantArea":0,"Floors":0,"paso":0,"review":" ","SECTOR":"SUBURBANO","DIRECCION":" ","LyrName":" ","Color":3,"Shape_Leng":0,"Shape_Area":50.494857237200002,"NOTIFY":" ","DATE_NOT":null,"dateMax":1769212800000,"ActivityId":"P-6225","TYPE":"PROJECT","Trees":0,"Shape_Le_1":50.071266577800003,"use":"Private","PK_DE_REFE":"39+300 - 39+310","Layer":"PROJECT_DELIVERED","pasos":1,"ACTA_No":1}},{"type":"Feature","id":199,"geometry":{"type":"Polygon","coordinates":[[[-74.350629900067844,4.8046205146207788],[-74.350646963002944,4.8046347513458798],[-74.350817882756544,4.8047773608057653],[-74.350910973282481,4.8048550314118854],[-74.35127648407996,4.8051599994903098],[-74.351639024823498,4.8054624889676347],[-74.352083250583661,4.8058201154971583],[-74.352123221574374,4.8058552918624242],[-74.352131788943041,4.8058461785391406],[-74.35213434527671,4.8058434582930216],[-74.352088429012525,4.8058100585506045],[-74.351656418841714,4.805450175416599],[-74.351410655975201,4.8052451383787433],[-74.351164232800386,4.805038620271656],[-74.350830827347608,4.8047608721179245],[-74.350713852217183,4.8046634241781492],[-74.350646919211229,4.8046085276962245],[-74.350629900067844,4.8046205146207788]]]},"properties":{"FMI":"156-57413","RefName":"6A","DATE_DEL":1749427200000,"PARCEL_ID":"6A","ACT":1000,"EFR_ENTRG":"DELIVERED","FID":199,"CODIGO":" ","USO":" ","VERE":"VILLA ALBA","MUNICIPIO":"FACATATIVA","CONNOTACI":" ","PROPIETARI":"INVIAS","GRAVAMENES":" ","TIPO_DE_AF":" ","LAND_AREA":435.68752261399999,"BUILT_AREA":0,"TOTAL_AREA":0,"REST_AREA":0,"SECTION":0,"pk_ini":39015,"pk_end":39230,"VISIT_DATE":null,"OBS":" ","ID":0,"shapeArea":455.556873204,"plantArea":0,"Floors":0,"paso":0,"review":" ","SECTOR":"SUBURBANO","DIRECCION":" ","LyrName":" ","Color":3,"Shape_Leng":0,"Shape_Area":455.55784961900002,"NOTIFY":" ","DATE_NOT":null,"dateMax":1768435200000,"ActivityId":"P-6195","TYPE":"PROJECT","Trees":0,"Shape_Le_1":435.68752261399999,"use":"Public","PK_DE_REFE":"39+015 - 39+230","Layer":"PROJECT_DELIVERED","pasos":1,"ACTA_No":1}},{"type":"Feature","id":200,"geometry":{"type":"Polygon","coordinates":[[[-74.262172742799365,4.7335926447925596],[-74.262172705833606,4.7335926077260027],[-74.261976542233967,4.7333966035386679],[-74.261976501678788,4.7333966270613486],[-74.261922319162792,4.7334283897706069],[-74.261922224485318,4.7334282604805074],[-74.26204860722865,4.7336586404776826],[-74.262172742799365,4.7335926447925596]]]},"properties":{"FMI":"50C-1545013","RefName":"19B","DATE_DEL":1769126400000,"PARCEL_ID":"PRG-1301/19B","ACT":328,"EFR_ENTRG":"DELIVERED","FID":200,"CODIGO":" ","USO":" ","VERE":" ","MUNICIPIO":"MADRID","CONNOTACI":" ","PROPIETARI":"MIGUEL EDUARDO FULA","GRAVAMENES":" ","TIPO_DE_AF":" ","LAND_AREA":0,"BUILT_AREA":0,"TOTAL_AREA":0,"REST_AREA":0,"SECTION":0,"pk_ini":25930,"pk_end":26240,"VISIT_DATE":null,"OBS":" ","ID":0,"shapeArea":344.458314003,"plantArea":0,"Floors":0,"paso":0,"review":" ","SECTOR":"SUBURBANO","DIRECCION":" ","LyrName":" ","Color":3,"Shape_Leng":0,"Shape_Area":329.94898797299999,"NOTIFY":" ","DATE_NOT":null,"dateMax":1769385600000,"ActivityId":"P-6050","TYPE":"PROJECT","Trees":0,"Shape_Le_1":85.226169878700006,"use":"Private","PK_DE_REFE":"25+930 - 26+240","Layer":"PROJECT_DELIVERED","pasos":1,"ACTA_No":1}},{"type":"Feature","id":201,"geometry":{"type":"Polygon","coordinates":[[[-74.35213434527671,4.8058434582930216],[-74.352131788943041,4.8058461785391406],[-74.352123221574374,4.8058552918624242],[-74.352160636048595,4.8058882184637293],[-74.352173857421107,4.8058741052241372],[-74.352174918879498,4.805872972618614],[-74.35213434527671,4.8058434582930216]]]},"properties":{"FMI":"156-57413","RefName":"7A","DATE_DEL":1749427200000,"PARCEL_ID":"7A","ACT":1000,"EFR_ENTRG":"DELIVERED","FID":201,"CODIGO":" ","USO":" ","VERE":"PORTOFINO","MUNICIPIO":"FACATATIVA","CONNOTACI":" ","PROPIETARI":"INVIAS","GRAVAMENES":" ","TIPO_DE_AF":" ","LAND_AREA":15.289902938699999,"BUILT_AREA":0,"TOTAL_AREA":0,"REST_AREA":0,"SECTION":0,"pk_ini":39225,"pk_end":39230,"VISIT_DATE":null,"OBS":" ","ID":0,"shapeArea":11.341703327099999,"plantArea":0,"Floors":0,"paso":0,"review":" ","SECTOR":"SUBURBANO","DIRECCION":" ","LyrName":" ","Color":3,"Shape_Leng":0,"Shape_Area":11.3418209683,"NOTIFY":" ","DATE_NOT":null,"dateMax":1768435200000,"ActivityId":"P-6205","TYPE":"PROJECT","Trees":0,"Shape_Le_1":15.289902938699999,"use":"Public","PK_DE_REFE":"39+225 - 39+230","Layer":"PROJECT_DELIVERED","pasos":1,"ACTA_No":1}},{"type":"Feature","id":202,"geometry":{"type":"Polygon","coordinates":[[[-74.309127375613414,4.7660715750618889],[-74.309347228680068,4.7662374742531677],[-74.309592187814687,4.7664223181025731],[-74.309775995610238,4.766561017137553],[-74.310077311582361,4.7667883854209103],[-74.310236192093441,4.7669082751917129],[-74.3103080730682,4.7669625151375348],[-74.31034109086562,4.766987290797247],[-74.310342122716605,4.7669865245061116],[-74.3103418765767,4.7669863572941233],[-74.310310952674328,4.766958698018823],[-74.310290958196859,4.7669440895055235],[-74.310238124669084,4.7669054865823428],[-74.310078251211621,4.7667814292322106],[-74.309777952592242,4.7665584292756291],[-74.309593313171504,4.7664208355758593],[-74.309347226435477,4.7662334663988561],[-74.309132788250324,4.7660706951632452],[-74.30913060719972,4.7660690401259043],[-74.309127375613414,4.7660715750618889]]]},"properties":{"FMI":"50C-1779081","RefName":"44B","DATE_DEL":1763078400000,"PARCEL_ID":"PRG-1327/44B","ACT":297,"EFR_ENTRG":"DELIVERED","FID":202,"CODIGO":"254300000000000050181000000000","USO":" ","VERE":" ","MUNICIPIO":"MADRID","CONNOTACI":" ","PROPIETARI":"ALIANZA FIDUCIARIA S.A.","GRAVAMENES":" ","TIPO_DE_AF":" ","LAND_AREA":0,"BUILT_AREA":0,"TOTAL_AREA":0,"REST_AREA":0,"SECTION":0,"pk_ini":32600,"pk_end":32770,"VISIT_DATE":null,"OBS":" ","ID":0,"shapeArea":68.1106752922,"plantArea":0,"Floors":0,"paso":0,"review":" ","SECTOR":"SUBURBANO","DIRECCION":"LOTE 1 EL CORTIJO","LyrName":" ","Color":3,"Shape_Leng":0,"Shape_Area":68.120126683199999,"NOTIFY":" ","DATE_NOT":null,"dateMax":1768435200000,"ActivityId":"P-6165","TYPE":"PROJECT","Trees":0,"Shape_Le_1":339.43515081700002,"use":"Private","PK_DE_REFE":"32+600 - 32+770","Layer":"PROJECT_DELIVERED","pasos":1,"ACTA_No":1}},{"type":"Feature","id":203,"geometry":{"type":"Polygon","coordinates":[[[-74.09087767805363,4.6251742264609517],[-74.090899251755317,4.6251766423706888],[-74.090877145940084,4.6251535593610127],[-74.090844061122226,4.6251190099015487],[-74.09035608972205,4.6246094490483456],[-74.090337437536959,4.6245909471952817],[-74.090316531444159,4.6246263459007944],[-74.090682270627042,4.6249834396180276],[-74.090834084737665,4.6251316668177873],[-74.09087767805363,4.6251742264609517]]]},"properties":{"FMI":"50C-1520266","RefName":"PRG-DADEP-01","DATE_DEL":1779753600000,"PARCEL_ID":"PRG-DADEP-01","ACT":391,"EFR_ENTRG":"DELIVERED","FID":203,"CODIGO":" ","USO":" ","VERE":" ","MUNICIPIO":"BOGOTA D.C.","CONNOTACI":"PUBLICO","PROPIETARI":"DADEP","GRAVAMENES":" ","TIPO_DE_AF":" ","LAND_AREA":0,"BUILT_AREA":0,"TOTAL_AREA":0,"REST_AREA":0,"SECTION":0,"pk_ini":2469,"pk_end":2560,"VISIT_DATE":null,"OBS":" ","ID":0,"shapeArea":264.55123100399999,"plantArea":0,"Floors":0,"paso":0,"review":" ","SECTOR":"URBANO","DIRECCION":" ","LyrName":" ","Color":1,"Shape_Leng":0,"Shape_Area":264.58629157199999,"NOTIFY":" ","DATE_NOT":null,"dateMax":1779753600000,"ActivityId":" ","TYPE":"PROJECT","Trees":0,"Shape_Le_1":184.94703805200001,"use":"Public","PK_DE_REFE":"2+469 - 2+560","Layer":"PROJECT_NO_DELIVERED","pasos":1,"ACTA_No":1}},{"type":"Feature","id":204,"geometry":{"type":"Polygon","coordinates":[[[-74.097596485696371,4.6321703872291087],[-74.098161432700138,4.6327507156304364],[-74.098256502856287,4.6328483747283222],[-74.098287990276418,4.6327828673830878],[-74.097652351339534,4.6320932136162192],[-74.097611818784358,4.6321492042313031],[-74.097596485696371,4.6321703872291087]]]},"properties":{"FMI":"50C-1645176","RefName":"PRG-DADEP-02","DATE_DEL":1779753600000,"PARCEL_ID":"PRG-DADEP-02","ACT":392,"EFR_ENTRG":"DELIVERED","FID":204,"CODIGO":" ","USO":" ","VERE":" ","MUNICIPIO":"BOGOTA D.C.","CONNOTACI":" ","PROPIETARI":"DADEP","GRAVAMENES":" ","TIPO_DE_AF":" ","LAND_AREA":0,"BUILT_AREA":0,"TOTAL_AREA":0,"REST_AREA":0,"SECTION":0,"pk_ini":3630,"pk_end":3738,"VISIT_DATE":null,"OBS":" ","ID":0,"shapeArea":933.53879998900004,"plantArea":0,"Floors":0,"paso":0,"review":" ","SECTOR":"URBANO","DIRECCION":" ","LyrName":" ","Color":1,"Shape_Leng":0,"Shape_Area":933.53513264100002,"NOTIFY":" ","DATE_NOT":null,"dateMax":1779753600000,"ActivityId":" ","TYPE":"PROJECT","Trees":0,"Shape_Le_1":228.84025287099999,"use":"Public","PK_DE_REFE":"3+630 - 3+738","Layer":"PROJECT_NO_DELIVERED","pasos":1,"ACTA_No":1}},{"type":"Feature","id":205,"geometry":{"type":"Polygon","coordinates":[[[-74.110284257518074,4.6449859561508546],[-74.110575402276538,4.6452864474066899],[-74.11065163235142,4.6452103090840069],[-74.110649036605253,4.6452075347836539],[-74.110356356200612,4.6449090186416315],[-74.110284257518074,4.6449859561508546]]]},"properties":{"FMI":"50C-752856","RefName":"PRG-DADEP-03","DATE_DEL":1779753600000,"PARCEL_ID":"PRG-DADEP-03","ACT":393,"EFR_ENTRG":"DELIVERED","FID":205,"CODIGO":" ","USO":" ","VERE":" ","MUNICIPIO":"BOGOTA D.C.","CONNOTACI":" ","PROPIETARI":"DADEP","GRAVAMENES":" ","TIPO_DE_AF":" ","LAND_AREA":0,"BUILT_AREA":0,"TOTAL_AREA":0,"REST_AREA":0,"SECTION":0,"pk_ini":6260,"pk_end":6271,"VISIT_DATE":null,"OBS":" ","ID":0,"shapeArea":549.41821678400004,"plantArea":0,"Floors":0,"paso":0,"review":" ","SECTOR":"URBANO","DIRECCION":" ","LyrName":" ","Color":1,"Shape_Leng":0,"Shape_Area":549.38492119499995,"NOTIFY":" ","DATE_NOT":null,"dateMax":1779753600000,"ActivityId":" ","TYPE":"PROJECT","Trees":0,"Shape_Le_1":117.46729829500001,"use":"Public","PK_DE_REFE":"6+260 - 6+271","Layer":"PROJECT_NO_DELIVERED","pasos":1,"ACTA_No":1}},{"type":"Feature","id":206,"geometry":{"type":"Polygon","coordinates":[[[-74.11427770504433,4.649086989020728],[-74.114339490584086,4.6491489888788573],[-74.114343489686505,4.6491530029002277],[-74.114364694860384,4.6491242971948861],[-74.11437357621881,4.6491134088422399],[-74.114371451774247,4.64911007838103],[-74.11432110055415,4.6490312053191101],[-74.11427770504433,4.649086989020728]]]},"properties":{"FMI":"50C-1047506","RefName":"PRG-DADEP-04","DATE_DEL":1779753600000,"PARCEL_ID":"PRG-DADEP-04","ACT":394,"EFR_ENTRG":"DELIVERED","FID":206,"CODIGO":" ","USO":" ","VERE":" ","MUNICIPIO":"BOGOTA D.C.","CONNOTACI":" ","PROPIETARI":"DADEP","GRAVAMENES":" ","TIPO_DE_AF":" ","LAND_AREA":0,"BUILT_AREA":0,"TOTAL_AREA":0,"REST_AREA":0,"SECTION":0,"pk_ini":4595,"pk_end":6260,"VISIT_DATE":null,"OBS":" ","ID":0,"shapeArea":67.870726943099996,"plantArea":0,"Floors":0,"paso":0,"review":" ","SECTOR":"URBANO","DIRECCION":" ","LyrName":" ","Color":1,"Shape_Leng":0,"Shape_Area":67.859611294800004,"NOTIFY":" ","DATE_NOT":null,"dateMax":1779753600000,"ActivityId":" ","TYPE":"PROJECT","Trees":0,"Shape_Le_1":34.705997945699998,"use":"Public","PK_DE_REFE":"4+595 - 6+260","Layer":"PROJECT_NO_DELIVERED","pasos":1,"ACTA_No":1}},{"type":"Feature","id":207,"geometry":{"type":"MultiPolygon","coordinates":[[[[-74.109510825496457,4.6440710164542223],[-74.109504477292248,4.6440761514133353],[-74.109446733322997,4.6441228571106237],[-74.109489018537687,4.6441664329795467],[-74.109861192823359,4.6445499726738424],[-74.110163901758213,4.6448619257015817],[-74.110284257518074,4.6449859561508546],[-74.110356356200612,4.6449090186416315],[-74.110329432629683,4.6448815578160048],[-74.110128134117005,4.6446762146829244],[-74.109514178006989,4.6440675636472557],[-74.109510825496457,4.6440710164542223]]],[[[-74.110575402276538,4.6452864474066899],[-74.110881805422167,4.6456033890189321],[-74.111394197623028,4.6461334049345009],[-74.111559307077059,4.6463041921490635],[-74.112216243222292,4.6469837199229485],[-74.112350112072477,4.6471221929758597],[-74.112999966371177,4.6477943918166984],[-74.113106623174872,4.6479022886674386],[-74.113248119965377,4.648045431917601],[-74.113969270392957,4.648774967584008],[-74.114007434443494,4.6488135751081581],[-74.114058552988894,4.6488652890221625],[-74.11427770504433,4.649086989020728],[-74.11432110055415,4.6490312053191101],[-74.114286538007477,4.6489770570633402],[-74.114286521782915,4.6489770208917953],[-74.114139984275454,4.6488247020892075],[-74.112702423326382,4.6473304180993384],[-74.111421738661434,4.6460103451410308],[-74.110890318193583,4.6454587071937361],[-74.110775424984183,4.6453394585831882],[-74.110775406957828,4.6453394323590471],[-74.110678914716686,4.6452392592781777],[-74.11065163235142,4.6452103090840069],[-74.110575402276538,4.6452864474066899]]]]},"properties":{"FMI":"50C-1047505","RefName":"PRG-DADEP-05","DATE_DEL":1779753600000,"PARCEL_ID":"PRG-DADEP-05","ACT":395,"EFR_ENTRG":"DELIVERED","FID":207,"CODIGO":" ","USO":" ","VERE":" ","MUNICIPIO":"BOGOTA D.C.","CONNOTACI":" ","PROPIETARI":"DADEP","GRAVAMENES":" ","TIPO_DE_AF":" ","LAND_AREA":0,"BUILT_AREA":0,"TOTAL_AREA":0,"REST_AREA":0,"SECTION":0,"pk_ini":4570,"pk_end":4925,"VISIT_DATE":null,"OBS":" ","ID":0,"shapeArea":8117.7288264600002,"plantArea":0,"Floors":0,"paso":0,"review":" ","SECTOR":"URBANO","DIRECCION":" ","LyrName":" ","Color":1,"Shape_Leng":0,"Shape_Area":8117.6538760900003,"NOTIFY":" ","DATE_NOT":null,"dateMax":1779753600000,"ActivityId":" ","TYPE":"PROJECT","Trees":0,"Shape_Le_1":1490.7559352999999,"use":"Public","PK_DE_REFE":"4+570 - 4+925","Layer":"PROJECT_NO_DELIVERED","pasos":1,"ACTA_No":1}},{"type":"Feature","id":208,"geometry":{"type":"Polygon","coordinates":[[[-74.103684129103499,4.6384345465278853],[-74.10405819980906,4.6388186942966119],[-74.105140146931177,4.63993487421879],[-74.10570706790844,4.6405739647063875],[-74.105707762800279,4.640574673657599],[-74.105744224358233,4.6405214879244303],[-74.105612916794783,4.6403856956559952],[-74.10533867162566,4.6401020823712225],[-74.104928702175201,4.6396781090791483],[-74.103516773085303,4.6382179487635593],[-74.103497152936285,4.6382425340576745],[-74.103684129103499,4.6384345465278853]]]},"properties":{"FMI":"50C-1619435","RefName":"PRG-DADEP-06","DATE_DEL":1779753600000,"PARCEL_ID":"PRG-DADEP-06","ACT":396,"EFR_ENTRG":"DELIVERED","FID":208,"CODIGO":" ","USO":" ","VERE":" ","MUNICIPIO":"BOGOTA D.C.","CONNOTACI":" ","PROPIETARI":"DADEP","GRAVAMENES":" ","TIPO_DE_AF":" ","LAND_AREA":0,"BUILT_AREA":0,"TOTAL_AREA":0,"REST_AREA":0,"SECTION":0,"pk_ini":4570,"pk_end":4925,"VISIT_DATE":null,"OBS":" ","ID":0,"shapeArea":1283.17430229,"plantArea":0,"Floors":0,"paso":0,"review":" ","SECTOR":"URBANO","DIRECCION":" ","LyrName":" ","Color":1,"Shape_Leng":0,"Shape_Area":1283.1865611400001,"NOTIFY":" ","DATE_NOT":null,"dateMax":1779753600000,"ActivityId":" ","TYPE":"PROJECT","Trees":0,"Shape_Le_1":726.41568568800005,"use":"Public","PK_DE_REFE":"4+570 - 4+925","Layer":"PROJECT_NO_DELIVERED","pasos":1,"ACTA_No":1}},{"type":"Feature","id":209,"geometry":{"type":"MultiPolygon","coordinates":[[[[-74.136485090663456,4.6719627680396627],[-74.13655584536761,4.6720366450134483],[-74.136525032156413,4.6719944652219247],[-74.136495631431174,4.6719542187222309],[-74.136485090663456,4.6719627680396627]]],[[[-74.137083734859729,4.6725878271693428],[-74.137097585307671,4.6726022876972886],[-74.137374870206983,4.6728918074457839],[-74.13737895904579,4.6728880704929328],[-74.13709327380019,4.672594756980688],[-74.137006122329026,4.6725056474707261],[-74.136953312088693,4.6724516493463639],[-74.137083734859729,4.6725878271693428]]]]},"properties":{"FMI":"50C-1529531","RefName":"PRG-DADEP-08","DATE_DEL":1779753600000,"PARCEL_ID":"PRG-DADEP-08","ACT":398,"EFR_ENTRG":"DELIVERED","FID":209,"CODIGO":" ","USO":" ","VERE":" ","MUNICIPIO":"BOGOTA D.C.","CONNOTACI":" ","PROPIETARI":"DADEP","GRAVAMENES":" ","TIPO_DE_AF":" ","LAND_AREA":0,"BUILT_AREA":0,"TOTAL_AREA":0,"REST_AREA":0,"SECTION":0,"pk_ini":9793,"pk_end":9936,"VISIT_DATE":null,"OBS":" ","ID":0,"shapeArea":30.224306396300001,"plantArea":0,"Floors":0,"paso":0,"review":" ","SECTOR":"URBANO","DIRECCION":" ","LyrName":" ","Color":1,"Shape_Leng":0,"Shape_Area":30.227985069999999,"NOTIFY":" ","DATE_NOT":null,"dateMax":1779753600000,"ActivityId":" ","TYPE":"PROJECT","Trees":0,"Shape_Le_1":160.86803559699999,"use":"Public","PK_DE_REFE":"9+793 - 9+936","Layer":"PROJECT_NO_DELIVERED","pasos":1,"ACTA_No":1}},{"type":"Feature","id":210,"geometry":{"type":"Polygon","coordinates":[[[-74.147898080072636,4.683995857841091],[-74.148157757578232,4.6842732969326342],[-74.148397956426351,4.6845611754230116],[-74.148467500380136,4.6846518596312539],[-74.148580524788997,4.6848015590889256],[-74.148645787878337,4.6848772855512104],[-74.14869930313975,4.68483498922674],[-74.148758661777137,4.6847859380247856],[-74.148758505835048,4.6847857779781119],[-74.148753540926492,4.6847806727599286],[-74.148716329380733,4.6847426757112203],[-74.148672890977039,4.6846983201989092],[-74.148615597183237,4.6846398272340686],[-74.148537820923522,4.6845604061316442],[-74.148404953036888,4.6844247281679072],[-74.148210999294051,4.6842266726535042],[-74.148060311814234,4.6840727936020237],[-74.147963671247055,4.6839741080484414],[-74.147796052947456,4.6838029429820107],[-74.147776792737432,4.6838186482302904],[-74.147756878232713,4.6838348870856255],[-74.147759455444699,4.6838477515159012],[-74.147898080072636,4.683995857841091]]]},"properties":{"FMI":"50C-2035853","RefName":"PRG-DADEP-07","DATE_DEL":1779753600000,"PARCEL_ID":"PRG-DADEP-07","ACT":397,"EFR_ENTRG":"DELIVERED","FID":210,"CODIGO":" ","USO":" ","VERE":" ","MUNICIPIO":"BOGOTA D.C.","CONNOTACI":" ","PROPIETARI":"DADEP","GRAVAMENES":" ","TIPO_DE_AF":" ","LAND_AREA":0,"BUILT_AREA":0,"TOTAL_AREA":0,"REST_AREA":0,"SECTION":0,"pk_ini":11608,"pk_end":11760,"VISIT_DATE":null,"OBS":" ","ID":0,"shapeArea":1479.0274446599999,"plantArea":0,"Floors":0,"paso":0,"review":" ","SECTOR":"URBANO","DIRECCION":" ","LyrName":" ","Color":1,"Shape_Leng":0,"Shape_Area":1479.81499717,"NOTIFY":" ","DATE_NOT":null,"dateMax":1779753600000,"ActivityId":" ","TYPE":"PROJECT","Trees":0,"Shape_Le_1":328.34816428200003,"use":"Public","PK_DE_REFE":"11+608 - 11+760","Layer":"PROJECT_NO_DELIVERED","pasos":1,"ACTA_No":1}},{"type":"Feature","id":211,"geometry":{"type":"Polygon","coordinates":[[[-74.134228029757224,4.6699177929676026],[-74.13422805319388,4.669917832755301],[-74.134273335130928,4.6699786104021515],[-74.134441735346641,4.6701480551854937],[-74.13444177499774,4.6701479864548059],[-74.134450682139629,4.6701333404501444],[-74.134450723593361,4.6701332726236089],[-74.134483071006883,4.6700800939242582],[-74.134433921931375,4.6700231472575444],[-74.134290028857123,4.6698564179358693],[-74.134228029757224,4.6699177929676026]]]},"properties":{"FMI":"50C-1384533","RefName":"PRG-020A","DATE_DEL":1756425600000,"PARCEL_ID":"PRG-020A","ACT":247,"EFR_ENTRG":"DELIVERED","FID":211,"CODIGO":"AAA0078NASK","USO":" ","VERE":" ","MUNICIPIO":"BOGOTA D.C.","CONNOTACI":" ","PROPIETARI":"FIDUCIARIA COLPATRIA S.A.","GRAVAMENES":" ","TIPO_DE_AF":" ","LAND_AREA":320.97000000000003,"BUILT_AREA":0,"TOTAL_AREA":0,"REST_AREA":0,"SECTION":0,"pk_ini":9458,"pk_end":9490,"VISIT_DATE":1755734400000,"OBS":" ","ID":0,"shapeArea":320.97508590799998,"plantArea":0,"Floors":0,"paso":0,"review":" ","SECTOR":"URBANO","DIRECCION":"IBIZA I","LyrName":" ","Color":3,"Shape_Leng":0,"Shape_Area":320.97811142500001,"NOTIFY":"1-2025-01077","DATE_NOT":null,"dateMax":1773014400000,"ActivityId":" ","TYPE":"PROJECT","Trees":0,"Shape_Le_1":86.655564786599996,"use":"Private","PK_DE_REFE":"9+458 - 9+490","Layer":"PROJECT_DELIVERED","pasos":0,"ACTA_No":0}},{"type":"Feature","id":212,"geometry":{"type":"Polygon","coordinates":[[[-74.135274363452424,4.6709856619167631],[-74.135323008187626,4.6710346090473402],[-74.135364423669984,4.6709952718160661],[-74.135299727300364,4.6709280833899394],[-74.135274363452424,4.6709856619167631]]]},"properties":{"FMI":"CORREDOR","RefName":"PRG-020D","DATE_DEL":1780444800000,"PARCEL_ID":"PRG-020D","ACT":403,"EFR_ENTRG":"DELIVERED","FID":212,"CODIGO":" ","USO":" ","VERE":" ","MUNICIPIO":"BOGOTA D.C.","CONNOTACI":" ","PROPIETARI":"DADEP","GRAVAMENES":" ","TIPO_DE_AF":" ","LAND_AREA":0,"BUILT_AREA":0,"TOTAL_AREA":0,"REST_AREA":0,"SECTION":0,"pk_ini":9620,"pk_end":9630,"VISIT_DATE":null,"OBS":" ","ID":0,"shapeArea":57.481433972399998,"plantArea":0,"Floors":0,"paso":0,"review":" ","SECTOR":"URBANO","DIRECCION":" ","LyrName":" ","Color":1,"Shape_Leng":0,"Shape_Area":57.481615330899999,"NOTIFY":" ","DATE_NOT":null,"dateMax":1773014400000,"ActivityId":" ","TYPE":"PROJECT","Trees":0,"Shape_Le_1":31.487992283499999,"use":"Public","PK_DE_REFE":"9+620 - 9+630","Layer":"PROJECT_NO_DELIVERED","pasos":0,"ACTA_No":0}},{"type":"Feature","id":213,"geometry":{"type":"Polygon","coordinates":[[[-74.135139146491724,4.6707613836601398],[-74.135086826795515,4.670707020912328],[-74.134483100751481,4.6700801201468032],[-74.134483071006883,4.6700800939242582],[-74.134450723593361,4.6701332726236089],[-74.135057784344752,4.670737129545163],[-74.135067649481911,4.670732701239575],[-74.135067699054289,4.6707327202259927],[-74.135067729697056,4.6707327075631619],[-74.135139146491724,4.6707613836601398]]]},"properties":{"FMI":"CORREDOR","RefName":"PRG-020B","DATE_DEL":1780444800000,"PARCEL_ID":"PRG-020B","ACT":401,"EFR_ENTRG":"DELIVERED","FID":213,"CODIGO":" ","USO":" ","VERE":" ","MUNICIPIO":"BOGOTA D.C.","CONNOTACI":" ","PROPIETARI":"DADEP","GRAVAMENES":" ","TIPO_DE_AF":" ","LAND_AREA":0,"BUILT_AREA":0,"TOTAL_AREA":0,"REST_AREA":0,"SECTION":0,"pk_ini":9490,"pk_end":9595,"VISIT_DATE":null,"OBS":" ","ID":0,"shapeArea":557.54325304300005,"plantArea":0,"Floors":0,"paso":0,"review":" ","SECTOR":"URBANO","DIRECCION":" ","LyrName":" ","Color":1,"Shape_Leng":0,"Shape_Area":556.76353615799997,"NOTIFY":" ","DATE_NOT":null,"dateMax":1773014400000,"ActivityId":" ","TYPE":"PROJECT","Trees":0,"Shape_Le_1":217.67770014600001,"use":"Public","PK_DE_REFE":"9+490 - 9+595","Layer":"PROJECT_NO_DELIVERED","pasos":0,"ACTA_No":0}},{"type":"Feature","id":214,"geometry":{"type":"Polygon","coordinates":[[[-74.13444177499774,4.6701479864548059],[-74.135036696780077,4.6707465966756869],[-74.135057784344752,4.670737129545163],[-74.134450723593361,4.6701332726236089],[-74.134450682139629,4.6701333404501444],[-74.13444177499774,4.6701479864548059]]]},"properties":{"FMI":"CORREDOR","RefName":"PRG-020E","DATE_DEL":1780444800000,"PARCEL_ID":"PRG-020E","ACT":404,"EFR_ENTRG":"DELIVERED","FID":214,"CODIGO":" ","USO":" ","VERE":" ","MUNICIPIO":"BOGOTA D.C.","CONNOTACI":" ","PROPIETARI":"IDU","GRAVAMENES":" ","TIPO_DE_AF":" ","LAND_AREA":0,"BUILT_AREA":0,"TOTAL_AREA":0,"REST_AREA":0,"SECTION":0,"pk_ini":9490,"pk_end":9595,"VISIT_DATE":null,"OBS":" ","ID":0,"shapeArea":199.935037454,"plantArea":0,"Floors":0,"paso":0,"review":" ","SECTOR":"URBANO","DIRECCION":" ","LyrName":" ","Color":1,"Shape_Leng":0,"Shape_Area":199.93618133300001,"NOTIFY":" ","DATE_NOT":null,"dateMax":1773014400000,"ActivityId":" ","TYPE":"PROJECT","Trees":0,"Shape_Le_1":194.07858463599999,"use":"Public","PK_DE_REFE":"9+490 - 9+595","Layer":"PROJECT_NO_DELIVERED","pasos":0,"ACTA_No":0}},{"type":"Feature","id":215,"geometry":{"type":"Polygon","coordinates":[[[-74.135067699054289,4.6707327202259927],[-74.135057864559897,4.6707371358687313],[-74.135036776995236,4.6707466029992677],[-74.135274363452424,4.6709856619167631],[-74.135299727300364,4.6709280833899394],[-74.135139268169212,4.6707614279612839],[-74.135139190656972,4.670761409881468],[-74.135139146491724,4.6707613836601398],[-74.135067729697056,4.6707327075631619],[-74.135067699054289,4.6707327202259927]]]},"properties":{"FMI":"CORREDOR","RefName":"PRG-020C","DATE_DEL":1780444800000,"PARCEL_ID":"PRG-020C","ACT":402,"EFR_ENTRG":"DELIVERED","FID":215,"CODIGO":" ","USO":" ","VERE":" ","MUNICIPIO":"BOGOTA D.C.","CONNOTACI":" ","PROPIETARI":"DADEP","GRAVAMENES":" ","TIPO_DE_AF":" ","LAND_AREA":0,"BUILT_AREA":0,"TOTAL_AREA":0,"REST_AREA":0,"SECTION":0,"pk_ini":9585,"pk_end":9620,"VISIT_DATE":null,"OBS":" ","ID":0,"shapeArea":222.86563529099999,"plantArea":0,"Floors":0,"paso":0,"review":" ","SECTOR":"URBANO","DIRECCION":" ","LyrName":" ","Color":1,"Shape_Leng":0,"Shape_Area":222.8593305,"NOTIFY":" ","DATE_NOT":null,"dateMax":1773014400000,"ActivityId":" ","TYPE":"PROJECT","Trees":0,"Shape_Le_1":82.768109701699998,"use":"Public","PK_DE_REFE":"9+585 - 9+620","Layer":"PROJECT_NO_DELIVERED","pasos":0,"ACTA_No":0}},{"type":"Feature","id":216,"geometry":{"type":"Polygon","coordinates":[[[-74.107051174608358,4.6419965528734251],[-74.107658217464163,4.6426181063902261],[-74.107748221365412,4.6427102634684232],[-74.107781028392964,4.6427438535552321],[-74.108277702835139,4.6432524005498621],[-74.108314331057073,4.6432820729741131],[-74.108392774406397,4.6433456208218349],[-74.108817025772595,4.6436893121970186],[-74.109253378801213,4.6441161169764325],[-74.10926473510348,4.6441272241025269],[-74.109281748827698,4.6441438626366489],[-74.109282884458153,4.6441449766951584],[-74.109340670018753,4.6442014844089758],[-74.109362250602999,4.6442225746521082],[-74.109378989437118,4.6442389455205193],[-74.10937352581729,4.6441939979529439],[-74.109370886236221,4.6441782232919833],[-74.109370862785894,4.644177829013981],[-74.109366049655208,4.6441280325076955],[-74.10935777212417,4.6440786973557682],[-74.109346064451998,4.6440300659115481],[-74.109327025533887,4.6439714891985719],[-74.109303015384626,4.6439147792045423],[-74.109274219682618,4.6438603609461859],[-74.109240849340182,4.6438086395442539],[-74.10915690908638,4.6437039748804372],[-74.108396139345473,4.6429233323958776],[-74.107925709665949,4.6424393227960099],[-74.108152166780684,4.6422177245247145],[-74.108137907765411,4.6421896969639214],[-74.108130915341789,4.6421778471909683],[-74.108123452475169,4.6421662361761529],[-74.108113053196149,4.6421515180799409],[-74.10809501638181,4.642129202303197],[-74.108080902122694,4.6421139960401874],[-74.108018974369813,4.6420502828561299],[-74.107831258992576,4.6418614403002953],[-74.107919278784109,4.6417762848854611],[-74.10815555245766,4.6420221456654165],[-74.108465757444975,4.6417220658302121],[-74.108149986235063,4.6413931694491639],[-74.107842809021975,4.6416829760578668],[-74.107599577874197,4.641414951735034],[-74.107199945130887,4.6410476642078837],[-74.106683220161088,4.6416137150286332],[-74.107051174608358,4.6419965528734251]]]},"properties":{"FMI":"50C-1638383","RefName":"SECTOR OBRAS ZONA 6","DATE_DEL":null,"PARCEL_ID":"SECTOR OBRAS ZONA 6-1","ACT":0,"EFR_ENTRG":"NO DELIVERED","FID":216,"CODIGO":" ","USO":" ","VERE":" ","MUNICIPIO":"BOGOTA D.C.","CONNOTACI":" ","PROPIETARI":"INVIAS","GRAVAMENES":" ","TIPO_DE_AF":" ","LAND_AREA":0,"BUILT_AREA":0,"TOTAL_AREA":0,"REST_AREA":0,"SECTION":0,"pk_ini":5081,"pk_end":6270,"VISIT_DATE":null,"OBS":"C","ID":0,"shapeArea":33776.480424699999,"plantArea":0,"Floors":0,"paso":0,"review":" ","SECTOR":"URBANO","DIRECCION":" ","LyrName":" ","Color":1,"Shape_Leng":0,"Shape_Area":33776.566304200001,"NOTIFY":" ","DATE_NOT":null,"dateMax":1778889600000,"ActivityId":" ","TYPE":"PROJECT","Trees":0,"Shape_Le_1":2783.9273938199999,"use":"Public","PK_DE_REFE":"5+081 - 6+270","Layer":"PROJECT_NO_DELIVERED","pasos":0,"ACTA_No":0}},{"type":"Feature","id":217,"geometry":{"type":"Polygon","coordinates":[[[-74.104928702175201,4.6396781090791483],[-74.10533867162566,4.6401020823712225],[-74.105612916794783,4.6403856956559952],[-74.105674892426649,4.640324922653714],[-74.104988304016189,4.6396199424494462],[-74.105046003383379,4.6395636306286026],[-74.104718116201127,4.6392261910367427],[-74.10436904922895,4.6388681699984931],[-74.103678955604849,4.6381560156224459],[-74.103675792106557,4.6381527086779926],[-74.10358654721972,4.6380594631489691],[-74.103581692018125,4.6380544109482527],[-74.102861110466065,4.6373069037762429],[-74.102853085460268,4.6372981214052578],[-74.102837213934805,4.637281647254464],[-74.102825976787074,4.6372699838665925],[-74.102823556277514,4.6372259983133555],[-74.1025609723565,4.6369538899339853],[-74.10193814629362,4.6363061924393785],[-74.101718189926657,4.636081951009956],[-74.101037591992778,4.6353769856208116],[-74.101037170195951,4.635376534384136],[-74.100812221127157,4.6351404906789453],[-74.100812210311375,4.6351404644543042],[-74.100049423602485,4.6343504983522852],[-74.100041624504527,4.6343584275921836],[-74.099935218549064,4.6342470489071781],[-74.099942761723241,4.6342400384556566],[-74.098896527842342,4.6331565192383835],[-74.098852079768093,4.6331935810208931],[-74.098276827368011,4.6325924561600802],[-74.097732979896577,4.6320329046761195],[-74.097721299287755,4.6320453040072556],[-74.097704990013241,4.6320294347336395],[-74.097716653472162,4.6320161057723794],[-74.097698748932856,4.6319976872937421],[-74.097697252832106,4.6319961427746605],[-74.097629954432264,4.6319263292326527],[-74.097089549777252,4.6313656802125882],[-74.097066098887638,4.6313413503951306],[-74.097050044618285,4.6313555485093838],[-74.097027470686115,4.6313330761195708],[-74.097043666427837,4.6313180767830664],[-74.096909768376719,4.6311791630458732],[-74.09692113283279,4.6311073189038954],[-74.096539809299429,4.630709396593665],[-74.096514833510483,4.6306833458959362],[-74.096461514821101,4.6306277105435889],[-74.096405069660818,4.6305687989546378],[-74.096372589071024,4.6305349044651534],[-74.096354481812767,4.6305160093853379],[-74.095598572457121,4.6297271884335887],[-74.095532146001943,4.6296585204245915],[-74.095395619596658,4.6295173863770573],[-74.0952459869264,4.6293904457809383],[-74.095216049943986,4.6293650399336208],[-74.095143205611706,4.6293227507786119],[-74.09495086475593,4.6291010023876726],[-74.094928628644084,4.6290670524143991],[-74.094841327230426,4.6289337438485632],[-74.094283606079898,4.6283673407258732],[-74.093887646249783,4.6279479779017185],[-74.093875657041806,4.6280616807328236],[-74.093840421570619,4.6280258934660417],[-74.093822204418842,4.6280431318495312],[-74.093790191867654,4.6280118642488839],[-74.09380950131208,4.6279944929074235],[-74.093760925472409,4.6279451611837361],[-74.093210882664593,4.6273789830952419],[-74.092422340583482,4.6265659980147396],[-74.092373687414067,4.6265158423681196],[-74.092200905802216,4.6263373170226849],[-74.092185522080811,4.6263523062861749],[-74.09215176657122,4.6263150258859147],[-74.09216673216153,4.6263020107413597],[-74.092126172259739,4.6262601103589924],[-74.092126156938363,4.6262600895601693],[-74.092111525499277,4.6262630523829218],[-74.092063579895964,4.6262156656981883],[-74.092031177255436,4.6261836510634868],[-74.091950824523082,4.6261042379787627],[-74.09171734503721,4.6258734708330964],[-74.091229463146689,4.6253912885913984],[-74.090998567102972,4.625163086681229],[-74.090477817739085,4.6246484108525401],[-74.090511483479673,4.6246153938617987],[-74.090357804934087,4.6244689435940369],[-74.090215848040842,4.6243336604113932],[-74.090192101838539,4.6242994580080623],[-74.090003074459375,4.6240985552410452],[-74.089993578030857,4.6240884587825155],[-74.089975361763706,4.6241043478377275],[-74.089948901193864,4.6240767623131802],[-74.089968325121021,4.6240616229107587],[-74.089958674580487,4.6240513654871886],[-74.089543754774724,4.6236103874805661],[-74.089527366167303,4.6236242616897378],[-74.089502090734229,4.623595849588173],[-74.089517253674813,4.6235822195641827],[-74.089509574169313,4.6235740601011566],[-74.088759212251944,4.6227765727765844],[-74.088629297253618,4.6226384974701356],[-74.088321140714612,4.6222897639461751],[-74.088261647910386,4.622222437127224],[-74.087977167340654,4.6219004978091061],[-74.087861345229342,4.6217694233212629],[-74.08782280726389,4.6217258098921166],[-74.087591791361788,4.6214643743369708],[-74.087591772435786,4.6214643553467116],[-74.087333780385094,4.6212076785704266],[-74.086979398508277,4.6208551026700793],[-74.086964111726928,4.6208398932754564],[-74.086825047288798,4.6207015383192038],[-74.08681360068303,4.6206901495827575],[-74.086812104630354,4.6206886620115579],[-74.086755048249486,4.6206318955689261],[-74.086505903535411,4.6202572546757219],[-74.086461275867421,4.6201901481639922],[-74.086417999747781,4.6202436938408695],[-74.086417864562634,4.6202435744735713],[-74.086226053734421,4.6200505915621584],[-74.085192837816706,4.6190110930966659],[-74.08507499267246,4.6188925311084121],[-74.084723359072697,4.618538761238173],[-74.08449366051714,4.6183076678702903],[-74.084463051117609,4.6182768727780807],[-74.084395003702951,4.6182084117040336],[-74.084335426965211,4.618148472764906],[-74.084357185806979,4.6181219726372271],[-74.084350564482449,4.6181168407384909],[-74.084084927510716,4.6179109281097839],[-74.084042660729779,4.6178672249774309],[-74.083976906105519,4.6177992331784425],[-74.08366858115329,4.6174804266422065],[-74.083291837060557,4.6170920320183892],[-74.083096811368549,4.6168861582232141],[-74.083053729992031,4.6168406789708323],[-74.082829994903079,4.6165975603864133],[-74.082829768695049,4.6165973089897445],[-74.082828486249028,4.6165959163609775],[-74.082828164510659,4.6165955229882547],[-74.082509394962756,4.6162058289109309],[-74.082449885151902,4.6161330793444337],[-74.082449289441016,4.616132351378516],[-74.082443489145732,4.6161252616233455],[-74.082387195825874,4.6160564421631358],[-74.082260335667669,4.6159117831609953],[-74.082235299619114,4.615883235144973],[-74.082232948318278,4.6158800655517771],[-74.082178203298767,4.615806198202038],[-74.082077019865679,4.6156648306873764],[-74.081981856614561,4.6155239876199481],[-74.081833978767577,4.6152874479937998],[-74.081725041107759,4.6150970008203327],[-74.081623746770845,4.61491323372785],[-74.081299689236204,4.6143251423934322],[-74.08126865318448,4.6143354318057375],[-74.081230004566052,4.6143482460921073],[-74.081203305015478,4.6143290386723042],[-74.081332295791654,4.6145925505094558],[-74.081355932267542,4.6146394850110779],[-74.081391744283863,4.6147032577104357],[-74.081511884962026,4.6149172061003041],[-74.081640449467514,4.6151435932129434],[-74.081784416902408,4.6153913997107372],[-74.082055243878898,4.615831050362063],[-74.082148402040772,4.6159822794394261],[-74.082166874520937,4.6160122671641268],[-74.082302469202915,4.616143331621533],[-74.082308915676933,4.616151290416016],[-74.082425565068121,4.616295317366145],[-74.082758209945283,4.6167060347913687],[-74.082914553123288,4.6168857924856104],[-74.083051115286125,4.6170385701915757],[-74.083101513767659,4.6170949535637575],[-74.083105099754832,4.617098965057429],[-74.083187677507397,4.6171913460618841],[-74.083447652253824,4.6174778991698933],[-74.083511315082717,4.6175480713292893],[-74.083525795133596,4.6175640295760525],[-74.083562541834681,4.6176016286901422],[-74.083945482272213,4.6179934585838023],[-74.084008448499418,4.6180578856184944],[-74.084126403011922,4.6182449809650139],[-74.084227654469728,4.6183503945948736],[-74.084283287443867,4.6184078060322866],[-74.084363817834543,4.618490913210425],[-74.085268618023107,4.6194246588164791],[-74.085366733513624,4.6195259133896682],[-74.086214718808151,4.6204010265062454],[-74.086284928693303,4.6204734817136393],[-74.086354735851671,4.6205545206345473],[-74.086436890886262,4.6206498927148587],[-74.086489709073419,4.6205865459989974],[-74.086521997694874,4.6206215894309031],[-74.086470833310401,4.620689296713592],[-74.08663498574694,4.6208798608808968],[-74.087701845775257,4.6219912566160666],[-74.087830950276654,4.6221295491421062],[-74.088226302879562,4.6225345513831684],[-74.088333881064344,4.6226266637172158],[-74.088441579141687,4.6227188755069344],[-74.08849032627478,4.6227606168201367],[-74.088523400944126,4.6227944176235178],[-74.088522959279857,4.6227903527548131],[-74.088521751245622,4.6227651342674463],[-74.088522731676434,4.6227583537322641],[-74.088525427186312,4.6227543711070247],[-74.088530470432815,4.6227529178016589],[-74.088536596970044,4.6227524574122745],[-74.088542272007686,4.6227529908671015],[-74.089210483019343,4.6234370801581584],[-74.089518429097723,4.6237558869397279],[-74.090337770981805,4.6245903819952332],[-74.090337437536959,4.6245909471952817],[-74.09035608972205,4.6246094490483456],[-74.090844061122226,4.6251190099015487],[-74.090877145940084,4.6251535593610127],[-74.090899251755317,4.6251766423706888],[-74.09087767805363,4.6251742264609517],[-74.091003353367967,4.6252969281467733],[-74.091141661514214,4.6254319734035425],[-74.091168057257164,4.6254577466454059],[-74.091159847903342,4.6255496943717125],[-74.091269969598997,4.6255641973786243],[-74.09127822940286,4.6255653158499932],[-74.091293948070046,4.6255806743518297],[-74.091811672183539,4.626086142840248],[-74.091879641710563,4.6261524997591534],[-74.091922653845515,4.626194498675738],[-74.091977247044454,4.626247802137005],[-74.091985380823516,4.626255746337347],[-74.092046075493599,4.6263150036478695],[-74.092167215848036,4.6264639202682725],[-74.092242410917066,4.6265445008994792],[-74.092298567947594,4.6266046852002898],[-74.092471291207033,4.6267897984224335],[-74.092496985813966,4.6267691325785494],[-74.092586088102266,4.626860536568338],[-74.092560104284232,4.6268852401672769],[-74.092607129879056,4.6269360270437883],[-74.092602598560575,4.6269397926887406],[-74.093052028457848,4.627414755692886],[-74.093801037635217,4.6281833483647787],[-74.09447595336313,4.6288759962152151],[-74.094504254210378,4.6288491094865982],[-74.094597498294519,4.6289447706093476],[-74.094570447491975,4.6289729757959002],[-74.094846845242174,4.6292566421704029],[-74.094988311615339,4.6294162241331351],[-74.095134812949595,4.6296361849294652],[-74.095380926177313,4.6298897889517558],[-74.09591859292803,4.630443294426783],[-74.096059299650435,4.6305881467826744],[-74.096217252977922,4.6307507520723528],[-74.096345698148497,4.6308829823315287],[-74.097497402387333,4.6320686063073877],[-74.097596485696371,4.6321703872291087],[-74.097611818784358,4.6321492042313031],[-74.097652351339534,4.6320932136162192],[-74.098287990276418,4.6327828673830878],[-74.098256502856287,4.6328483747283222],[-74.0991353548403,4.6337511519649768],[-74.100685246153517,4.6353422256389587],[-74.100903515250877,4.6355790066170712],[-74.101944918289604,4.6366484762751687],[-74.101977718457476,4.6366821597848773],[-74.103317201449144,4.6380577349606114],[-74.103497152936285,4.6382425340576745],[-74.103516773085303,4.6382179487635593],[-74.104928702175201,4.6396781090791483]]]},"properties":{"FMI":"50C-777321","RefName":"SECTOR-01","DATE_DEL":1749427200000,"PARCEL_ID":"SECTOR-01","ACT":1000,"EFR_ENTRG":"DELIVERED","FID":217,"CODIGO":" ","USO":" ","VERE":" ","MUNICIPIO":"BOGOTA D.C.","CONNOTACI":" ","PROPIETARI":"INVIAS","GRAVAMENES":" ","TIPO_DE_AF":" ","LAND_AREA":87240.951979499994,"BUILT_AREA":0,"TOTAL_AREA":0,"REST_AREA":0,"SECTION":0,"pk_ini":950,"pk_end":4902,"VISIT_DATE":-2209161600000,"OBS":" ","ID":0,"shapeArea":79903.057734899994,"plantArea":0,"Floors":0,"paso":0,"review":" ","SECTOR":"URBANO","DIRECCION":" ","LyrName":" ","Color":3,"Shape_Leng":8034.0503662399997,"Shape_Area":79879.426854000005,"NOTIFY":" ","DATE_NOT":-2209161600000,"dateMax":1749427200000,"ActivityId":" ","TYPE":"PROJECT","Trees":0,"Shape_Le_1":8159.1487495199999,"use":"Public","PK_DE_REFE":"0+950 - 4+902","Layer":"PROJECT_DELIVERED","pasos":0,"ACTA_No":0}},{"type":"Feature","id":218,"geometry":{"type":"Polygon","coordinates":[[[-74.14069995003068,4.676578991288757],[-74.140767966603036,4.6766327752308214],[-74.140827753773635,4.6766800525057066],[-74.140837732983826,4.6766807949450868],[-74.140969488986229,4.6765519859683131],[-74.140894881982518,4.6764563928400964],[-74.140793115855701,4.6763260025553928],[-74.140713571114517,4.6762249206996573],[-74.14065523919605,4.6762840478467673],[-74.140434919673368,4.6760644400582416],[-74.140447541166779,4.6760516809388202],[-74.140113283063556,4.6757025284069487],[-74.140120151983439,4.6756839876581902],[-74.14009660493987,4.6756655816565225],[-74.140027458238961,4.6756112298409036],[-74.139912383111167,4.6754924284193962],[-74.139505985223778,4.67507287977201],[-74.139355468211164,4.6749174894456864],[-74.139355154532865,4.6749171675394896],[-74.139329043507416,4.6748902105949384],[-74.139325863465842,4.6748870259005004],[-74.139301398420372,4.6748625393808227],[-74.139301359661374,4.6748625004989712],[-74.139253959203657,4.6748150546993825],[-74.139239941033225,4.6748006593411233],[-74.139221033810301,4.6747812418830064],[-74.139220735455481,4.6747809353486538],[-74.139105066648682,4.6746621519266132],[-74.138971782339823,4.6745252775268495],[-74.138693295991516,4.6742400268821696],[-74.13790411249758,4.6734275685667539],[-74.137806538237982,4.673327315358704],[-74.137768394949489,4.6732881249958931],[-74.137477784278389,4.6729895345256312],[-74.13737895904579,4.6728880704929328],[-74.137374870206983,4.6728918074457839],[-74.137097585307671,4.6726022876972886],[-74.137083734859729,4.6725878271693428],[-74.136953312088693,4.6724516493463639],[-74.136724666709227,4.6722178641944261],[-74.136688866209738,4.6721812589909044],[-74.136647574586306,4.6721390384913848],[-74.136600583625139,4.6720909901998393],[-74.136580676037582,4.6720706358875903],[-74.13655584536761,4.6720366450134483],[-74.136485090663456,4.6719627680396627],[-74.136495631431174,4.6719542187222309],[-74.136478338214133,4.6719305471824075],[-74.13646938828748,4.67191829636013],[-74.135847238532619,4.6712585665329946],[-74.135539116969255,4.6709318336836088],[-74.135532005185368,4.6709242923367436],[-74.135506629421599,4.6709463035034782],[-74.135487455555335,4.6709260567107895],[-74.135511977717712,4.6709030553972095],[-74.135502058176996,4.6708925345847803],[-74.135478202128013,4.6709162837063189],[-74.13541266834595,4.6708477244275972],[-74.135437038998589,4.6708235882215599],[-74.135084000964,4.67044922802258],[-74.135065776755354,4.670491325998162],[-74.134589859009367,4.670000767409185],[-74.134586940882585,4.6700037446313578],[-74.132165482530297,4.6674981047723305],[-74.132200181140576,4.6674642356992555],[-74.131291480576039,4.6665282412553548],[-74.130840430054533,4.6660624344624937],[-74.130790977362764,4.6660113637502505],[-74.130527168779949,4.6657386224263675],[-74.130463140375966,4.6656724345526994],[-74.130397532167549,4.6657525079224733],[-74.126651592472896,4.6618597927307679],[-74.126686154960638,4.6618255902443213],[-74.126702906739652,4.6618090130847047],[-74.126675795185363,4.6617794920012852],[-74.126651923690602,4.6618013960392775],[-74.126206692276995,4.6613458198012019],[-74.126048310717948,4.6611837586596003],[-74.126019242158861,4.6611486065516763],[-74.125845364464183,4.6609383359003678],[-74.125822718232399,4.6609532992533342],[-74.125138500683889,4.6602477975847485],[-74.124321086066047,4.6594049530943922],[-74.124100243700823,4.6591772409916388],[-74.123449563252748,4.6584998024330062],[-74.122566484566221,4.6575915324238277],[-74.122429090295,4.6574502202738977],[-74.121914121530565,4.6569262654012755],[-74.121399683942599,4.6563953125575628],[-74.121248724707044,4.6562326240448462],[-74.121073936318254,4.6560608486652368],[-74.121043393719631,4.6560253600301724],[-74.12107891848899,4.6559868387726882],[-74.120638577344991,4.6556340215658114],[-74.120598086766023,4.6556015792344549],[-74.120596239289696,4.6556036321299379],[-74.119971897919584,4.654972825653946],[-74.119322468524075,4.6542867242841126],[-74.119197154093811,4.6541568430399742],[-74.118966901544908,4.6539182148027214],[-74.118750681119437,4.6536976610026519],[-74.118749787014877,4.6536968327075563],[-74.117179711076886,4.6520651489066607],[-74.117115444487482,4.6519983593189353],[-74.117039538309129,4.6519194761430693],[-74.116125093626337,4.650986576046658],[-74.116016465955468,4.6508826695912759],[-74.11560178139122,4.6504638882925828],[-74.115268632967158,4.6501182664466256],[-74.115124358080635,4.6499659414058376],[-74.115088458831536,4.6499283439374262],[-74.114535544180015,4.6493492868011908],[-74.11450121327313,4.6493133323498457],[-74.114480045431193,4.6492801760443703],[-74.114455310109634,4.6492414321961446],[-74.11437357621881,4.6491134088422399],[-74.114364694860384,4.6491242971948861],[-74.114343489686505,4.6491530029002277],[-74.114338410658334,4.6492316220363188],[-74.114335494385386,4.6492703266408428],[-74.114332220928318,4.6493035520519559],[-74.114328947470668,4.6493367720371737],[-74.114517491018674,4.6495392280383276],[-74.114989723766058,4.6500298941235183],[-74.115634747851061,4.6507000957883795],[-74.116814173364133,4.6519155839517889],[-74.11684938596953,4.6519518737353085],[-74.117088334980934,4.6522014416337232],[-74.118200509011203,4.6533630388359466],[-74.118383290479429,4.6535384443888557],[-74.118615745198909,4.6537735296093397],[-74.119039504406743,4.6542020795898571],[-74.119311960196711,4.6544776164930113],[-74.11945088447473,4.6546181107835922],[-74.119611773923765,4.6548094440078334],[-74.120207905762257,4.6554209889242326],[-74.120915071103653,4.6561744325095207],[-74.120922471807248,4.6561659098412429],[-74.120954939060468,4.6561939414274152],[-74.121204230055113,4.6564538462028242],[-74.121498635959199,4.656754689767892],[-74.121784601906811,4.6570442163047492],[-74.122061171448578,4.657333941359787],[-74.122355182115044,4.6576441242836077],[-74.122370855328157,4.6576599622616923],[-74.122934032961524,4.6582377508176709],[-74.123760795353505,4.6590953311789374],[-74.124232283559479,4.659582252448593],[-74.124208702500212,4.6597988161855524],[-74.124935255577526,4.6605504745818207],[-74.125469702230177,4.6611016834979875],[-74.125611397183235,4.6610747706141531],[-74.126039374127231,4.6614926423552374],[-74.126880242021656,4.6623136566977017],[-74.128470806460399,4.6639282647882494],[-74.12854309616695,4.6640016460291136],[-74.128617704149605,4.6640773792014034],[-74.128854743733868,4.6643180030749196],[-74.128826118060459,4.6643535553654401],[-74.128972280383181,4.6645014968657348],[-74.128972306518776,4.6645014760647001],[-74.128972183935673,4.6645013521833638],[-74.128998592605925,4.6644801966498495],[-74.129031034993005,4.6644542170881511],[-74.129271143099757,4.6646989000337511],[-74.129670460541817,4.6651110653950099],[-74.130334917992201,4.6657962721498905],[-74.130483589598512,4.6659495756861915],[-74.130467435584379,4.6659691199268929],[-74.130466134924106,4.6659676469056519],[-74.130466115998686,4.6659676668018726],[-74.13061521694793,4.6661365298169972],[-74.13067583506168,4.6662041159952885],[-74.131206073694784,4.6667952974684566],[-74.131279211326756,4.6668705430353574],[-74.13286868731079,4.6685058060762525],[-74.133817921195543,4.6694937395231175],[-74.133825612510918,4.6695017447519778],[-74.134100488074736,4.6697870212203156],[-74.134112360737959,4.6697984199796272],[-74.134150086100874,4.6698346399293147],[-74.134206204545862,4.6698885195420381],[-74.134228029757224,4.6699177929676026],[-74.134290028857123,4.6698564179358693],[-74.134433921931375,4.6700231472575444],[-74.134483071006883,4.6700800939242582],[-74.134483100751481,4.6700801201468032],[-74.135086826795515,4.670707020912328],[-74.135139146491724,4.6707613836601398],[-74.135139190656972,4.670761409881468],[-74.135139268169212,4.6707614279612839],[-74.135299727300364,4.6709280833899394],[-74.135364423669984,4.6709952718160661],[-74.135323008187626,4.6710346090473402],[-74.135461988415599,4.6711744218004485],[-74.136157273461947,4.6718738775721063],[-74.136308093073708,4.6720210665103696],[-74.136349306992429,4.672061286705917],[-74.136505780744884,4.6722224810591513],[-74.13657354691361,4.6722869453320293],[-74.136686992313997,4.6723948650129161],[-74.136843717511908,4.672543370005906],[-74.136932613454988,4.6726276024513176],[-74.137124426427675,4.6728238754163707],[-74.137296182457078,4.6730021398252575],[-74.137472123963903,4.6731779911363356],[-74.137703563590705,4.673418642206892],[-74.137903166467765,4.6736209044205719],[-74.138025322180368,4.6737476363625943],[-74.138113923453034,4.6738395589179973],[-74.138244113983362,4.673973546298007],[-74.138536849460721,4.6742794231668325],[-74.138659933722309,4.674406035543293],[-74.138661193841784,4.6744073322119428],[-74.138682288198368,4.6743923622538395],[-74.138682930875419,4.6743930015439483],[-74.138710063026068,4.6744200009268617],[-74.138710725533656,4.6744206637272425],[-74.138765674084453,4.6744765280186646],[-74.138766322168863,4.6744771609780544],[-74.138828499523157,4.6745379341239968],[-74.13882911065366,4.6745385553305674],[-74.138897003835453,4.6746075870208061],[-74.138897573503854,4.6746081765801399],[-74.138897760056437,4.6746080038408344],[-74.138939959678837,4.6746515751587427],[-74.138996951697891,4.6747097443347494],[-74.138996767847757,4.6747099007962651],[-74.139055122838045,4.6747704391363554],[-74.139055630310537,4.6747709491218572],[-74.139101557933003,4.6748171796737727],[-74.139067027447609,4.6748465202892397],[-74.13906691118946,4.6748466197734038],[-74.139102061143404,4.6748824155502966],[-74.139102136846347,4.6748823504334336],[-74.139137379288343,4.6748522627947144],[-74.139200525057902,4.6749171667027936],[-74.139177871159362,4.6749596277960546],[-74.139268938765071,4.6750525971706072],[-74.13928951449904,4.6750126538530168],[-74.139343093988373,4.6750675062963643],[-74.139343508620456,4.6750679294762119],[-74.139389145206565,4.6751146528822849],[-74.139389537305021,4.6751150606908407],[-74.139441668377714,4.6751693046545126],[-74.139442027126449,4.6751696907625933],[-74.13947698439091,4.6752072191922398],[-74.139478121548777,4.6752246089464427],[-74.139478501021912,4.6752249335596767],[-74.139538657002191,4.6752766013349314],[-74.139538950852327,4.6752769241471048],[-74.139641720880149,4.6753896126928707],[-74.139641968761936,4.6753899074754939],[-74.139711037642272,4.6754719890563576],[-74.139711264790847,4.6754722440512024],[-74.139787851728997,4.6755582659333967],[-74.139789980796863,4.6755606585447049],[-74.139772154620147,4.6755767405449475],[-74.13977236373961,4.6755769584647222],[-74.139851219811945,4.6756590943237519],[-74.139855870985954,4.6756545099694851],[-74.139893837510741,4.6756183758435403],[-74.13989708640247,4.6756152828187778],[-74.139898716980909,4.6756168353714269],[-74.139976900966857,4.6756917322854479],[-74.139935008685939,4.675731044506124],[-74.139927283435782,4.6757383248787354],[-74.139953971418308,4.6757661209465811],[-74.140404283372504,4.6762520271559609],[-74.14069995003068,4.676578991288757]]]},"properties":{"FMI":"50C-456091","RefName":"SECTOR-02","DATE_DEL":1749427200000,"PARCEL_ID":"SECTOR-02","ACT":1000,"EFR_ENTRG":"DELIVERED","FID":218,"CODIGO":" ","USO":" ","VERE":" ","MUNICIPIO":"MADRID","CONNOTACI":" ","PROPIETARI":"INVIAS","GRAVAMENES":" ","TIPO_DE_AF":" ","LAND_AREA":102739.207889,"BUILT_AREA":0,"TOTAL_AREA":0,"REST_AREA":0,"SECTION":0,"pk_ini":6270,"pk_end":10505,"VISIT_DATE":null,"OBS":" ","ID":0,"shapeArea":81442.893671099999,"plantArea":0,"Floors":0,"paso":0,"review":" ","SECTOR":"URBANO","DIRECCION":" ","LyrName":" ","Color":3,"Shape_Leng":10204.5872282,"Shape_Area":81469.106300400003,"NOTIFY":" ","DATE_NOT":null,"dateMax":1749427200000,"ActivityId":" ","TYPE":"PROJECT","Trees":0,"Shape_Le_1":8722.17127248,"use":"Public","PK_DE_REFE":"6+270 - 10+505","Layer":"PROJECT_DELIVERED","pasos":0,"ACTA_No":0}},{"type":"Feature","id":219,"geometry":{"type":"Polygon","coordinates":[[[-74.345988229154614,4.7994501258437294],[-74.346041194069514,4.799587463962502],[-74.346108461835342,4.7997214523606901],[-74.346286068353976,4.7999843607744843],[-74.346378832118091,4.8001122314838174],[-74.346396670362978,4.8001409629835816],[-74.346445680101212,4.8002144231497175],[-74.346487840848184,4.8002745494535572],[-74.346522233403547,4.8003220548441927],[-74.34654832067956,4.8003573934913586],[-74.346592198952962,4.8004158642488131],[-74.346603887718757,4.8004312290547118],[-74.346736273976532,4.8003274670990104],[-74.346695204900584,4.8002765005572288],[-74.346694975817385,4.8002762049427901],[-74.346695163448956,4.8002765385540105],[-74.346561862338248,4.8001045940184381],[-74.34651460457988,4.8000484558642791],[-74.346456311710412,4.7999495497579723],[-74.346417058346233,4.7998830162720347],[-74.346402723460017,4.7998482300346739],[-74.346385152059895,4.7998057033936519],[-74.346384049300951,4.7998026572547685],[-74.346331968307183,4.7996645248481977],[-74.346303372720726,4.7995771539845196],[-74.346303343891563,4.7995770545966305],[-74.346228694787769,4.7994793557377138],[-74.346163641148578,4.799394218359704],[-74.346120255075732,4.7993262866283963],[-74.346087648555752,4.7993461397130268],[-74.346037806774206,4.7992516332547099],[-74.346006586694159,4.7991977223608995],[-74.3459933469003,4.7991578119401126],[-74.345967341111418,4.799044758030794],[-74.345938408533954,4.7988445220864282],[-74.345920159104409,4.798720722086145],[-74.345889077508701,4.7985366196231869],[-74.345866553216595,4.7983822108771728],[-74.345780525758059,4.7980290266276535],[-74.345594278002935,4.7977041500074824],[-74.345536805350491,4.7976202900587515],[-74.345416251554127,4.7974716891645475],[-74.345353784542965,4.7973844671751262],[-74.34487483727942,4.7968723348872118],[-74.344468309558351,4.7964430888390011],[-74.3443327204225,4.796295153736339],[-74.343997377804641,4.7959296143577088],[-74.344138678053241,4.7957654023179241],[-74.344194901032978,4.795691387233294],[-74.344202035203196,4.7956825322920045],[-74.344147138124768,4.7956237572803939],[-74.344024612022395,4.7957293581713483],[-74.344014362734796,4.7956923854943474],[-74.343853662464781,4.7955747955989727],[-74.343738896434729,4.7954605716408816],[-74.34369119637779,4.795413096584265],[-74.343684346459369,4.7954064336848239],[-74.343366213116525,4.7950968622795802],[-74.343103506359668,4.7948256737285755],[-74.343103466680276,4.7948256321463569],[-74.343068740208409,4.7947897830577313],[-74.342938910909695,4.7946626351722896],[-74.342914805426943,4.7946390252179363],[-74.342795342618643,4.7944975600714637],[-74.342721812014645,4.7944104858785304],[-74.342517271413058,4.7941892477220422],[-74.342508322915549,4.7941801060422433],[-74.342370277282598,4.7940390639925168],[-74.34225403524556,4.7939460343204896],[-74.342087703990558,4.7937594392812946],[-74.341839893297973,4.7935531222601107],[-74.341633926790649,4.7933919531566644],[-74.341325206195023,4.7931291029509504],[-74.34127335597644,4.7931820026069838],[-74.341083419788689,4.7930509564898376],[-74.341080220475163,4.7930483090388414],[-74.34106790917923,4.7930591110871008],[-74.341066252675986,4.7930576413395913],[-74.341027779778628,4.79302349908252],[-74.341026444416471,4.7930226278554233],[-74.340976348063023,4.7929899776440363],[-74.34097092199417,4.7929962058174507],[-74.340923536274644,4.7929518068401586],[-74.340871200377151,4.7929016711002133],[-74.340810141254565,4.7928514636593205],[-74.340803937386397,4.7928580610840692],[-74.340800741290366,4.7928614597574786],[-74.340782674864926,4.7928430715145298],[-74.340770693048881,4.792829157195885],[-74.340753929690166,4.7928096905286584],[-74.340724685320183,4.7927768269912878],[-74.340696257382007,4.7927432505523937],[-74.340668665714844,4.7927089810989933],[-74.340641924748567,4.7926740367115599],[-74.340614583580489,4.7926394904444267],[-74.340591063464331,4.7926022189640536],[-74.340568493260108,4.7925644117735429],[-74.340545342696572,4.7925270316334387],[-74.340523116794998,4.7924890904727153],[-74.340501831789382,4.7924506099883271],[-74.340479892458987,4.7924124317898551],[-74.340460507285627,4.7923729033975135],[-74.340442100895913,4.7923329080109429],[-74.340425484487582,4.7923016329721309],[-74.340421356546045,4.7922938630343026],[-74.340413604033387,4.7922745701339089],[-74.340411614440299,4.7922435806530137],[-74.340366718343887,4.7920664462028206],[-74.340328256863771,4.7918613665071694],[-74.340296697623245,4.7916962088520236],[-74.340231982930732,4.7914159415412572],[-74.340213275168637,4.7913349291721294],[-74.340207991943842,4.7913186249240924],[-74.340195180984566,4.7912790958032767],[-74.340187919657822,4.7912642238165937],[-74.3401475660296,4.7911815766525621],[-74.340041318173675,4.7910273534784986],[-74.339836684125117,4.7907688574064169],[-74.339711242240654,4.7906550455125165],[-74.339436116642702,4.7904448115163083],[-74.33940818454694,4.7904251628017631],[-74.339295038747508,4.7903455737473122],[-74.339175262057509,4.7902613210380842],[-74.339043318921838,4.7902178567441336],[-74.338880691760849,4.7900956778787966],[-74.338756834150047,4.7899989600140307],[-74.33862214340769,4.7898981714988373],[-74.338508962612039,4.7898114130514351],[-74.338463182927455,4.7897746817033049],[-74.338327273838331,4.7896699400036011],[-74.338290966850067,4.7896390775345807],[-74.338269291443396,4.7896212259348871],[-74.338261097420713,4.7896164724570252],[-74.338256678482807,4.7896137919970094],[-74.338169016534039,4.7895606129627319],[-74.338127261917833,4.7895361477476355],[-74.338110362835707,4.7895244489672066],[-74.338076751024815,4.7895027857754338],[-74.338038502580005,4.7894772412970319],[-74.33798267528131,4.7894397378538223],[-74.337919394709459,4.789396849442201],[-74.337872732688098,4.7893627860626822],[-74.337835961212249,4.7893335514784834],[-74.337773066301992,4.789280675850307],[-74.337734010389227,4.7892461013516145],[-74.337685317353532,4.7891998307223052],[-74.337645498238757,4.7891588993008885],[-74.337561549335859,4.7890697747759363],[-74.337543608147769,4.7890507280594594],[-74.337408736410836,4.7889089095905621],[-74.337301936167776,4.7887980128140413],[-74.337195939171835,4.788680044111441],[-74.33718652540189,4.7886725601056819],[-74.337088637032579,4.7885431941642809],[-74.336988311683129,4.7884102463059399],[-74.336886995177608,4.7882783043842894],[-74.336732918017304,4.7880747024284531],[-74.336641698338923,4.7879542086562816],[-74.336547893845264,4.787830133023447],[-74.336391239634693,4.7876239619405005],[-74.336286533208508,4.7874851557735996],[-74.336210720473062,4.7873826389588618],[-74.336091565882612,4.7872243072103693],[-74.336002606666156,4.787107145722878],[-74.335965242979299,4.7870582373614212],[-74.33592359359919,4.7870037185479859],[-74.335892217454301,4.7869626463682833],[-74.335687027890813,4.7866961026483033],[-74.335562350618147,4.7865333074554988],[-74.335451374611466,4.7863884031135733],[-74.335364830577063,4.7862737419044974],[-74.335359601526662,4.7862668847803373],[-74.335336326029761,4.7862363599541444],[-74.335280572350186,4.7861632450145368],[-74.335200902960821,4.7860590095471691],[-74.335137514527005,4.785979504991241],[-74.335109933208756,4.7859449124391924],[-74.335101668643944,4.785934546877626],[-74.335035075612282,4.7858549250536351],[-74.334967656595211,4.7857793439326946],[-74.334954904607798,4.7857662508878001],[-74.334927838760834,4.785738458448388],[-74.334837665879903,4.7856458688037993],[-74.334819619583399,4.7856273383983714],[-74.334805222405791,4.7856140045213396],[-74.334711748074355,4.7855274405269839],[-74.334657091837215,4.7854768122754434],[-74.334655482283381,4.7854754582427734],[-74.33448261285595,4.7853306384566343],[-74.334262492228518,4.7851633699826133],[-74.334086774922028,4.7850464451085877],[-74.334022599041987,4.7850037411085209],[-74.333862085633427,4.7849119879212685],[-74.333770036720594,4.7848619188823642],[-74.333644013159883,4.7847976216662831],[-74.33352001905206,4.7847414605342378],[-74.33336991083074,4.7846809847873155],[-74.333380720367373,4.7846484206178319],[-74.333402172859238,4.7845837915128371],[-74.333003805852684,4.7844440545111881],[-74.332880245659993,4.7844103739276349],[-74.332596872521066,4.7843353776499233],[-74.332610976539172,4.7842777478521228],[-74.332610988240972,4.7842777026329024],[-74.332618578487768,4.7842466878299437],[-74.332744258065503,4.7837331782175276],[-74.332814133582318,4.7834476709053249],[-74.33273909571129,4.7834291897132228],[-74.332645912583047,4.7837089561799484],[-74.332449105908694,4.783908146721604],[-74.332195400310297,4.7840320086954238],[-74.332062888829299,4.7840513828012634],[-74.331961765554709,4.7840478574509691],[-74.331828414726402,4.7840156416532595],[-74.331506557388892,4.7839091806036507],[-74.331117808380895,4.7837619965251319],[-74.330915825681288,4.7836878013354189],[-74.3305189191192,4.7835409183391695],[-74.33037467114336,4.7834866775855716],[-74.3300374292497,4.7833619818159621],[-74.329538289927612,4.7831737733408746],[-74.32929234893561,4.7830608500970833],[-74.329115101765467,4.7829966811563498],[-74.328926763386576,4.7829124408301356],[-74.328787076562875,4.7828499617099745],[-74.32878419784484,4.7828486750460577],[-74.328664989519439,4.782795843573787],[-74.32851472663134,4.7827292501012062],[-74.328488392672497,4.7827175789365501],[-74.327994175820294,4.7824892709192657],[-74.327801375027647,4.7823784744821456],[-74.327588535156522,4.7822663469419284],[-74.327414163612161,4.7821939989256768],[-74.327098420398073,4.7820629953661458],[-74.326708580259591,4.781854631510762],[-74.326496372783566,4.7817255034856894],[-74.326125283982478,4.7814759534478544],[-74.325856610007861,4.7812873546483612],[-74.325620584397811,4.7811101561544849],[-74.325567798884762,4.7810700425212982],[-74.325556318834117,4.7810613174886809],[-74.325545879309857,4.7810533833399713],[-74.325445079938063,4.7809767814693611],[-74.325360053675752,4.7809152250135805],[-74.325148945162454,4.7807623890654511],[-74.324733631488954,4.7804617152354121],[-74.32469411380518,4.7804308314342556],[-74.324667362931308,4.7804099255726813],[-74.324412291066537,4.7802105845224503],[-74.323963102659121,4.7798595385151836],[-74.323729894185888,4.7796852501395461],[-74.323280571656966,4.7793302980285324],[-74.323245208793054,4.7793046015094287],[-74.323149270132362,4.7792348891849326],[-74.323017967742345,4.7791394812186683],[-74.322846577073378,4.7790025052285792],[-74.322566128859322,4.7787786018229177],[-74.322272606792083,4.7785449727101037],[-74.32195667027942,4.7782962134983258],[-74.321764845548657,4.7781459142365241],[-74.321696818227338,4.7780926129000418],[-74.321656398213122,4.7780609424895104],[-74.321559153236223,4.7779847501862847],[-74.321515184324568,4.7779504621818623],[-74.32136014417739,4.7778288042063055],[-74.321259475396886,4.7777492653617957],[-74.321130631901298,4.7776416291099268],[-74.321030036526295,4.7775553830214372],[-74.321021409147676,4.7775479907330887],[-74.320890934244815,4.777438040911508],[-74.320808747795425,4.7773674407541797],[-74.320800610934995,4.7773604516058326],[-74.320793618304663,4.7773543998088703],[-74.320671820329835,4.7772490189957386],[-74.320657979337582,4.7772370202463144],[-74.320562217719001,4.7771540070437828],[-74.320506232104989,4.7771069075101957],[-74.320406228896744,4.7770200380495025],[-74.320323951115753,4.7769457754518658],[-74.32026938090371,4.7768965213569592],[-74.3201155876869,4.7767563950486975],[-74.319995284201497,4.7766374219683918],[-74.31987238495941,4.7765141200006189],[-74.319759800835783,4.776419532172115],[-74.319552627918242,4.7762028105976384],[-74.31947837985031,4.7761251376569387],[-74.319428465638097,4.7760760518532965],[-74.319339439840306,4.7759831177397487],[-74.31927589507599,4.7758998379670725],[-74.319258024457241,4.775871403172081],[-74.319220331455995,4.7758989170776207],[-74.319144792739806,4.7758215574386647],[-74.319148962406118,4.7758130175830216],[-74.318970614295523,4.7756165075806241],[-74.318697318786079,4.7753153818632486],[-74.318585277658542,4.7751897816137152],[-74.318577285930246,4.7751542671901124],[-74.318536572220367,4.7751118463784774],[-74.318484794208942,4.7750891250740084],[-74.318469631227444,4.7750857519400274],[-74.318070416620529,4.7746216594745707],[-74.317856599329104,4.7744043066429933],[-74.317709139991962,4.7742523764161016],[-74.317676887080424,4.7742177847162095],[-74.317604082458701,4.7741396995857093],[-74.317468414719286,4.7739958134331077],[-74.317470582731872,4.7739935419809632],[-74.317449359097182,4.7739628529825442],[-74.317380665709877,4.773863525315261],[-74.317368487407691,4.7738499632826086],[-74.317323953872176,4.7738003699231744],[-74.317267241143455,4.773737214526097],[-74.317280635552507,4.773725110329563],[-74.316527206979146,4.7728860898328227],[-74.316476348055872,4.7728564754781937],[-74.31644986842737,4.7728832989644472],[-74.316168552882843,4.7725727267842437],[-74.316147445028761,4.7725298504636724],[-74.31616035120733,4.7725187203883319],[-74.316157333914703,4.7725153393597113],[-74.316124701891326,4.7724787835719109],[-74.316037994887168,4.7723816486049406],[-74.3159937220492,4.7723320505354856],[-74.315957857232149,4.772291873240599],[-74.315896452764235,4.7722230828499539],[-74.315895844989114,4.772222434678743],[-74.315899993712222,4.7722184461844241],[-74.315390746771257,4.7716534387422831],[-74.315378819253041,4.7716402057474969],[-74.315365360554466,4.7716252732010052],[-74.31532434782325,4.7715797695228011],[-74.315282288159139,4.7715331023716878],[-74.314109502878367,4.7702318712902967],[-74.313893551462471,4.7699922684284504],[-74.313556475300857,4.7696182740276116],[-74.31351502761683,4.7695733210945184],[-74.313307683512008,4.7693635298073787],[-74.312989607518475,4.7690573799405049],[-74.312767074923357,4.7688685209684643],[-74.312663103590324,4.7687802155825132],[-74.312641952025459,4.7687641932156044],[-74.312402682175431,4.7685829558504773],[-74.31236944956062,4.7685577842887206],[-74.312246642725384,4.7684647639267856],[-74.311232750938416,4.7676967807731545],[-74.311199495866319,4.7676715910716432],[-74.311195534074443,4.767668591049711],[-74.311159135673719,4.7676430208007918],[-74.310318594532916,4.7670034681951723],[-74.309828577114061,4.7666438141998251],[-74.309505097299862,4.7663968869544826],[-74.309115838716423,4.7661124804133745],[-74.309059829123356,4.7660695541025975],[-74.308957907532772,4.7659892323789697],[-74.308497135329986,4.765633708294942],[-74.308075704027729,4.765314840028652],[-74.307553713924193,4.7649185699639398],[-74.307079104376186,4.7645563034035341],[-74.306573335830066,4.7641727596542349],[-74.306418706966966,4.7640537591905598],[-74.304044126561564,4.7622637596681185],[-74.303662966091849,4.7619764343704132],[-74.303519129351713,4.7618672449235495],[-74.303079725694758,4.7615391915578931],[-74.302510793146666,4.761105132998158],[-74.302152165766927,4.7608360129320673],[-74.301960344166503,4.7606896440317161],[-74.30188265874952,4.7606303671780452],[-74.301782528413881,4.7605539647614252],[-74.301775207334657,4.760548613691074],[-74.301743101507668,4.7605240000629534],[-74.30163582653104,4.760444203400259],[-74.301426191643529,4.7602836037440692],[-74.301295869662567,4.7601809908926764],[-74.300912593179703,4.7599216536273499],[-74.300364837864208,4.7595460854507641],[-74.299763319220389,4.7591278511975785],[-74.299629073824988,4.7590418051479473],[-74.299524380164939,4.7589681203672693],[-74.299258194069679,4.7587865684174364],[-74.298710972448376,4.7584113422910717],[-74.298165834263074,4.7580381044912023],[-74.297690062306287,4.7577124364755043],[-74.297613141360586,4.7576597864753527],[-74.297426005717099,4.7575320505369953],[-74.297255868694805,4.7574159203370199],[-74.297219814170063,4.7573913258275748],[-74.297107685378407,4.7573118437460975],[-74.297107606939434,4.757311787704479],[-74.297046392187198,4.757268396281086],[-74.29680700253293,4.7571050428608554],[-74.296508018065524,4.7569010238272975],[-74.296183420872779,4.7566832719415491],[-74.296177973697525,4.7566802261784078],[-74.296149847092067,4.756664509322575],[-74.296127904821773,4.7566569834649615],[-74.295974651700718,4.756547828766017],[-74.295419383360041,4.7561701517337971],[-74.294876479720372,4.755797327318998],[-74.294857469786734,4.7557842743125827],[-74.294079828111791,4.7552551136096346],[-74.294076179389677,4.7552525745761249],[-74.292462839237075,4.7541302665678895],[-74.292290162500052,4.7540101451668884],[-74.291683867046032,4.7535920947388028],[-74.291394406601327,4.7533929020476142],[-74.291361543111407,4.7533702884469058],[-74.291334167551327,4.7533514874829246],[-74.290650008033495,4.752881651028801],[-74.290686389313151,4.7528446800948281],[-74.29067862582022,4.7528393398860818],[-74.290650095366388,4.7528197100061007],[-74.290644997604787,4.7528271684478414],[-74.290607239496765,4.752801190513976],[-74.290596959866249,4.7528122695696977],[-74.290584117467645,4.7528258868859288],[-74.289548630830026,4.7521208604814111],[-74.289153759583343,4.7518529741297959],[-74.288723157979334,4.7515564683118123],[-74.288563866683674,4.7514435608455541],[-74.288249984393119,4.7512306758637664],[-74.288112242866163,4.751139175548885],[-74.28787293820622,4.7509749099570424],[-74.287511378913095,4.7507218520171941],[-74.287255693852373,4.750549271613874],[-74.286641912494161,4.7501267333827295],[-74.286229064711833,4.7498417223218485],[-74.286011119675265,4.7496939539767871],[-74.285526162908099,4.7493528261419335],[-74.284578597905124,4.7487069698424511],[-74.284470171478461,4.7486314660850573],[-74.28415141609517,4.7484095013855416],[-74.284121554309067,4.7483826344913771],[-74.284057409762909,4.7483390012605575],[-74.283256169232956,4.7477890609490494],[-74.281619867100176,4.746665962169808],[-74.280302928770695,4.7457620613755287],[-74.280207453198443,4.7456736116356986],[-74.276422397695896,4.7430710944836898],[-74.275899763718783,4.7427240796468606],[-74.275802869115665,4.7426597446785763],[-74.27411372083651,4.7415151332625607],[-74.273882120805553,4.741352207708692],[-74.273405120941121,4.7410260256730439],[-74.273201587176928,4.7408850935904816],[-74.272850417302209,4.7406469454904538],[-74.272830101675055,4.7406324010101688],[-74.272818093111567,4.7406243054735606],[-74.27274704050599,4.7405759037844213],[-74.272743731834012,4.7405736493894466],[-74.272669330824499,4.7405227003140897],[-74.27254777534867,4.7404394176490374],[-74.272530048614385,4.7404382235471374],[-74.272515376853164,4.7404281700378137],[-74.272143197136273,4.7401731785241479],[-74.272162397836411,4.7401139901492231],[-74.272152975891103,4.7401175738399655],[-74.272127256436178,4.7400864586158491],[-74.272113065278234,4.7400834160176277],[-74.272069772839913,4.7400722456047086],[-74.272059901121125,4.7401080976393528],[-74.27204789791962,4.7400997732984989],[-74.272011286985091,4.740074384464787],[-74.271972043622696,4.7400474825676984],[-74.271961024937227,4.7400399284137693],[-74.271923353248624,4.7400150942108707],[-74.271886031151581,4.7399897462637606],[-74.271849465900686,4.7399632912356671],[-74.271812387080004,4.739937586920802],[-74.271774322564909,4.7399133297645646],[-74.271699800932069,4.7398624565733671],[-74.271626421782386,4.7398099082848484],[-74.271551923597173,4.7397590007065897],[-74.271478290385247,4.7397068214279514],[-74.271403698517716,4.7396560531215197],[-74.271329373357602,4.7396048922645111],[-74.271292056700162,4.7395795026838226],[-74.271254945452881,4.7395537350450061],[-74.271217279190452,4.7395287832403339],[-74.27117990125231,4.7395034099478002],[-74.271142775596189,4.7394776603926729],[-74.271105812121746,4.7394516666283479],[-74.271087193433928,4.7394388741560824],[-74.271086856256261,4.7394386418448144],[-74.271068574746266,4.7394260798746757],[-74.271041484188345,4.7394072408950105],[-74.271031477929085,4.739400283281384],[-74.270993851327972,4.7393752771945179],[-74.270956628374961,4.7393496633013061],[-74.270919335147852,4.7393241579419234],[-74.270882254573692,4.7392983884646052],[-74.270807947505816,4.7392471895621409],[-74.270803507401851,4.7392538645553266],[-74.270729681474663,4.7392019384502726],[-74.270656050174182,4.7391497229056583],[-74.270582507205944,4.7390974603042793],[-74.27057808330494,4.7390943172805065],[-74.270545772689132,4.7390713543106013],[-74.270509039977796,4.7390452483143326],[-74.270472307269685,4.7390191441245912],[-74.270435579972997,4.7389930417398602],[-74.270398827450677,4.7389669755321684],[-74.270362028080839,4.738940985296872],[-74.270343605873435,4.7389280290697364],[-74.270325178257991,4.7389150710349739],[-74.27028827978485,4.7388892327459349],[-74.270251330858173,4.7388634686216484],[-74.270214331478471,4.7388377804707584],[-74.270140062354443,4.7387865435005105],[-74.270065634662501,4.7387355326415666],[-74.268576926307105,4.7377155560671209],[-74.268580613223975,4.7377101382761326],[-74.26854268228891,4.737685687373224],[-74.268505331604601,4.7376603844548422],[-74.268468155717187,4.7376348210469175],[-74.26843015811599,4.7376104696291579],[-74.268392230794944,4.7375860114820814],[-74.268355202681548,4.73756023461151],[-74.268317682621088,4.7375351795080123],[-74.268280281495421,4.7375099471262256],[-74.26824223705502,4.7374856644374299],[-74.268205290042374,4.737459766359394],[-74.268168851200031,4.7374331211852354],[-74.268130891462093,4.7374087136728189],[-74.268094277829917,4.7373823253645808],[-74.268056626241219,4.7373574638030176],[-74.267981642028175,4.7373072721567926],[-74.267907502969948,4.7372558377574547],[-74.267834201859273,4.7372031732675337],[-74.26775961051699,4.7371524027339103],[-74.267684583098358,4.7371022743664843],[-74.267610388221115,4.7370509231444391],[-74.267536946596152,4.7369984630319344],[-74.26746246161585,4.736947536894931],[-74.267388218116338,4.7368962561964816],[-74.267314437746023,4.7368442971354447],[-74.267240545675563,4.7367925533207069],[-74.267204166411133,4.7367659695685562],[-74.267166412210344,4.7367414009776736],[-74.26712932475867,4.7367158555549658],[-74.267092408501171,4.7366900586870582],[-74.267055612982929,4.7366640899664718],[-74.267018521935327,4.7366385499642281],[-74.266980455965935,4.7366143178485958],[-74.266943148641076,4.7365889461015991],[-74.266906026927373,4.7365633048194455],[-74.266868838542209,4.7365377630267167],[-74.266832145716393,4.7365115012712877],[-74.266794596931035,4.7364864804513074],[-74.266756680534257,4.7364619896511018],[-74.266719575053216,4.7364363284592033],[-74.266644064835788,4.7363868801394746],[-74.266608366884739,4.7363663287707132],[-74.26660483477275,4.7363642950554032],[-74.266565601106237,4.7363417081613797],[-74.26650483039738,4.736306721926332],[-74.266491348333972,4.7362989603631371],[-74.266486720889688,4.736296296647506],[-74.266411924463668,4.7362463950502987],[-74.266337066644553,4.7361960856207661],[-74.26626255121775,4.7361452669667532],[-74.266225364705733,4.736119818279958],[-74.266188390795861,4.7360939146687793],[-74.266150959167007,4.7360686496180397],[-74.266113799682259,4.736043120434565],[-74.2660766149761,4.7360176437053774],[-74.266039700579753,4.7359917861889755],[-74.266002715875544,4.735965914220758],[-74.265965671717325,4.7359401661561327],[-74.265928708648175,4.7359142824218781],[-74.265891581578373,4.7358885669305026],[-74.265854349109048,4.7358630648811459],[-74.265817232001766,4.7358375049228707],[-74.26578029417972,4.7358116139388891],[-74.265743228435213,4.7357859780009743],[-74.265706528467049,4.7357596709688172],[-74.265669199581538,4.7357342304276839],[-74.26559525730805,4.7356826238936298],[-74.26552139971966,4.7356308165729279],[-74.265447616013162,4.7355788573008972],[-74.265373868479543,4.7355272959038786],[-74.265363029937561,4.7355187378130816],[-74.265316473435135,4.7354819769826149],[-74.265303016767604,4.7354713514611779],[-74.265230608010441,4.7354172811485347],[-74.265214726267274,4.7354051659923746],[-74.265204105597618,4.7353889474910256],[-74.265164053470514,4.7353659221480875],[-74.265162905058958,4.7353455937333013],[-74.264939415402637,4.7351938236919757],[-74.264367426070777,4.734803551106225],[-74.264273512300406,4.73474140021849],[-74.26425535196168,4.7347293815099842],[-74.264222467847929,4.7347074140175236],[-74.264191917077952,4.7346877102681457],[-74.264167204485332,4.7346714774652456],[-74.264165600138881,4.7346617050972659],[-74.264050770190721,4.7345927440893885],[-74.263967959534114,4.734540825063724],[-74.263943878994468,4.7345252847780142],[-74.263930682639895,4.7345172020575221],[-74.263920473485783,4.7345093970572565],[-74.263968441876798,4.7344671785092203],[-74.263413307552,4.7340808677164778],[-74.263361344360817,4.7341570890885833],[-74.263137921940753,4.7340010880826275],[-74.262943433401631,4.7338652895132256],[-74.262563380413113,4.7335984265525441],[-74.262572550802901,4.7335845050692749],[-74.262420240393951,4.7334704489742689],[-74.262419044947436,4.7334695549380523],[-74.262418381799179,4.7334705191021929],[-74.26240112552685,4.7334956054595843],[-74.262116716293647,4.7332986844072611],[-74.261827779739633,4.7330986283136065],[-74.261523136918257,4.7328876975022611],[-74.261029792661375,4.7325627821823684],[-74.260912124486708,4.73247830805738],[-74.260810350753616,4.7323929850832922],[-74.260767568354467,4.7323651836656611],[-74.260219037854455,4.7319229200757658],[-74.259821118582337,4.7316053179700281],[-74.259780891406209,4.7315732095229661],[-74.258194917225467,4.7303127100300086],[-74.258172267514325,4.7303323266596227],[-74.258136888144151,4.7303042409949452],[-74.258108649020386,4.7302818234477213],[-74.258119196843111,4.7302683031717949],[-74.258071720570868,4.7302411864541769],[-74.258001372749135,4.7301845447669777],[-74.257905151948691,4.7301021932356377],[-74.257864060651428,4.73006702563623],[-74.257723416572489,4.7299541572706101],[-74.257581697475402,4.729842292026202],[-74.257440836304539,4.7297295999945979],[-74.257301198763884,4.7296151189026672],[-74.257148712536249,4.7295047086693467],[-74.257076699641345,4.7294499735846474],[-74.257080241672057,4.7294417634007111],[-74.257081396525351,4.7294390863634517],[-74.256644803072774,4.7290806087709774],[-74.256440407740513,4.728920769910733],[-74.255414825236315,4.7281074376866661],[-74.255311053431015,4.7280214804400593],[-74.255286466412457,4.7280011164095974],[-74.255158269905664,4.7278949279979523],[-74.255079681993479,4.7278298319632617],[-74.253132026893951,4.7262619060419118],[-74.251895768360384,4.7252853984006471],[-74.251793659980521,4.7252049772217815],[-74.251713626522346,4.7251419447619103],[-74.251394502546503,4.7248906067403915],[-74.251332947832424,4.7248421252713859],[-74.250217810023742,4.723957043520115],[-74.249167032785692,4.7231210819876841],[-74.248586108133196,4.7226580700001959],[-74.248464337176287,4.7225614371683884],[-74.248461888631127,4.7225594935184159],[-74.248456486785003,4.7225556090557559],[-74.248419905326912,4.7225293073475179],[-74.248381848100379,4.7225019443479725],[-74.248356558053686,4.7224837595995606],[-74.248338448531058,4.7224707375616024],[-74.248275523127575,4.7224105589684928],[-74.247613998672151,4.7218865561779158],[-74.246544096699836,4.7210477754656415],[-74.245847460977885,4.7204901031445781],[-74.245608022195654,4.7203062510510279],[-74.245308222675021,4.7200573867647799],[-74.244691795769,4.7195657387533325],[-74.244678991718757,4.7195828512723361],[-74.243372875913224,4.718548307780341],[-74.242388491248192,4.7177638484770572],[-74.242428499044564,4.7177133136842508],[-74.241392362210632,4.7168860590072352],[-74.241352309414978,4.7169370187761954],[-74.24064220358251,4.7163463080039971],[-74.240429548445846,4.7161748095556852],[-74.24039753393447,4.7161489919376445],[-74.239681748053385,4.7155717374976316],[-74.239670564916992,4.7155826134656982],[-74.238710681846726,4.7148150009211562],[-74.238701014523315,4.7148248383806113],[-74.238505903598735,4.7146789017323831],[-74.238437230987174,4.714642248090934],[-74.238420206295416,4.7146337226331303],[-74.238222060756684,4.7144764122601179],[-74.238177530895783,4.7144410588228229],[-74.238158370218486,4.7143980201627196],[-74.23812845471555,4.7143744798911227],[-74.238127708270554,4.7143738931699914],[-74.237984013097204,4.7142608240896031],[-74.237799185985708,4.7141153867441732],[-74.237771149239293,4.7140933254651696],[-74.237523947248064,4.7138988068219714],[-74.23727114616392,4.7136998826957059],[-74.23702617025576,4.7135071149902465],[-74.236765565157881,4.7133020504219809],[-74.236487943487987,4.7130835959851307],[-74.236364966216669,4.7129868273270565],[-74.236162648872622,4.7128276263802835],[-74.236139111928864,4.7128144695970109],[-74.236131965721583,4.7128087650650574],[-74.236096620539897,4.712780594994876],[-74.236088629632874,4.7127742467901923],[-74.236097295829325,4.7127615357142005],[-74.235910926186961,4.7126191031903213],[-74.235541698411026,4.7123247908173509],[-74.235549276548795,4.7123194048638855],[-74.23552850508446,4.7123028996937846],[-74.235518124310744,4.712294650272427],[-74.235511911525293,4.7122992600217364],[-74.235365391225088,4.7121849774296969],[-74.235315722359729,4.7121462374381435],[-74.235111754039067,4.7119821306867475],[-74.235110894908658,4.7119814408969543],[-74.234985319402895,4.7118804060578157],[-74.234962647635456,4.7118625267568612],[-74.234370458664287,4.7113955175462525],[-74.234369622387163,4.7113962484132479],[-74.23435807211699,4.7113858171497052],[-74.234335625277325,4.7113700041128137],[-74.234253245198047,4.7113030896617332],[-74.233634731718425,4.7108153744241354],[-74.233161502958438,4.7104422214266286],[-74.233093602298155,4.7103880958855324],[-74.23288462770428,4.7102222831348319],[-74.23287828888607,4.7102154055033463],[-74.232854891786744,4.7101900178473652],[-74.232781155533218,4.7101341157137586],[-74.232719734252981,4.7100660786683335],[-74.232647476614886,4.7100119884166975],[-74.232504210267464,4.7099022033742264],[-74.231919540516799,4.7094298214068475],[-74.231919358414487,4.7094296731412477],[-74.231896441500268,4.7094111580618661],[-74.230704515280081,4.7084585725370989],[-74.230619847235531,4.7083909066537046],[-74.23052666767471,4.7083097621554941],[-74.230388358834944,4.7081729097077583],[-74.230192790953822,4.7080190146036252],[-74.230077895217079,4.7079357587323942],[-74.229869870836296,4.7077850213839483],[-74.229380783112902,4.7074306216979975],[-74.229350774869673,4.7074505509937268],[-74.229343841016927,4.7074551563243183],[-74.229110652859063,4.7072596186188029],[-74.229046481694382,4.7072058074475196],[-74.229029839184946,4.7071918522166767],[-74.229029803125215,4.7071918223824643],[-74.229050873353955,4.7071700204223133],[-74.228944694198745,4.7070845839836828],[-74.228831914370602,4.7069938361701311],[-74.228400161104076,4.7066464280320259],[-74.22840195057853,4.7066437834555863],[-74.228016799129605,4.7063419663583952],[-74.228012797148025,4.7063416308222337],[-74.227939281649469,4.7062859387990361],[-74.227927658361523,4.7062998160665215],[-74.226963453324103,4.7055394162079445],[-74.226978550192214,4.7055205961817368],[-74.226984652375734,4.70551298785524],[-74.226988442369105,4.7055082982184055],[-74.22700564962318,4.7054870062720742],[-74.226998812732475,4.7054813594493243],[-74.226995268078795,4.7054784320699161],[-74.22698249836516,4.7054968735971645],[-74.22691284126725,4.7054394850578456],[-74.226840986432904,4.7053848912859886],[-74.22683909963655,4.7053876516305433],[-74.226775421664243,4.7053372321794162],[-74.226725350004656,4.7052987176983549],[-74.226675639684345,4.7052597365144857],[-74.226622701936691,4.7052175927581255],[-74.226643117874502,4.705187576299652],[-74.226636926455058,4.7051824628750047],[-74.226591019389204,4.7052349567800125],[-74.226530104605288,4.7051830355666384],[-74.226361350462454,4.7050386884692239],[-74.226383982581822,4.7050120030050779],[-74.226325856340821,4.7049548741859093],[-74.225381367252879,4.7042088751731628],[-74.22478282721643,4.7037354127442832],[-74.224768103383397,4.7037237647866021],[-74.224751561270907,4.7037106793673908],[-74.224711204829347,4.7036787559693725],[-74.224616454153676,4.7036038054517357],[-74.224318861951346,4.7033672332128429],[-74.2240746413555,4.7031748755737057],[-74.222996802862752,4.702327723861937],[-74.222983596299144,4.7023261097217404],[-74.222225574787146,4.7017364125873398],[-74.221397203943781,4.7010919842551058],[-74.221304920383346,4.7010189516868994],[-74.220506405601597,4.700387002722648],[-74.219657328011593,4.6997104410395547],[-74.218884526629324,4.6991020365995517],[-74.218463338977486,4.6987886153458707],[-74.218464331902936,4.6987869674999061],[-74.218263316732646,4.6986580794248836],[-74.218057415736411,4.6985345114012036],[-74.217847961234057,4.6984171104910333],[-74.217635135308868,4.6983059788413364],[-74.217419124549664,4.6982012149810872],[-74.217373460613501,4.6981815482558185],[-74.217292288801673,4.6981465877918298],[-74.216972223100342,4.698008739813007],[-74.215897938388352,4.6976905332767682],[-74.215856751953893,4.6976783333195069],[-74.215797100571919,4.697659014708397],[-74.215784041410487,4.6976547860506708],[-74.215728901428065,4.6976369288016677],[-74.215351204008101,4.6975769540348944],[-74.215218236775613,4.6975587350299453],[-74.215034023096223,4.697540045017579],[-74.214743927482942,4.6975200320039692],[-74.214408939243285,4.6975108721218746],[-74.214206056441256,4.6975147760233078],[-74.214060253473079,4.6975193595801308],[-74.214019565371601,4.6975203640920009],[-74.214019337445933,4.697516286620778],[-74.214008771275473,4.6975209521953838],[-74.213765123252486,4.6975232967850564],[-74.213199113271841,4.697556866479923],[-74.212861664744253,4.6975774896533888],[-74.212785559957268,4.6975821407991791],[-74.212768658592424,4.697583145144681],[-74.212494426007936,4.6975994414314748],[-74.212318326284304,4.6976101020002545],[-74.212311105890876,4.697610539271686],[-74.212104351708291,4.6976230532094627],[-74.212104588504502,4.6976264443115934],[-74.212026773003629,4.6976311210256485],[-74.211913582885373,4.6976379242440087],[-74.211884730148469,4.6976396588381473],[-74.211884533029078,4.6976363599674862],[-74.211543163720009,4.6976572834902237],[-74.211543629521884,4.6976657766436709],[-74.211520586645108,4.697667254187345],[-74.211519732366483,4.6976587195104553],[-74.211510101870203,4.697659310064541],[-74.21142122369956,4.6976647574973258],[-74.211420791781336,4.6976590595474423],[-74.209864145308615,4.6977583656254174],[-74.209755342793969,4.6977653069248655],[-74.209661489329747,4.6977709124269831],[-74.20961949186426,4.6977734207920285],[-74.209017054062286,4.6978094030760333],[-74.207848195513506,4.6978792152456492],[-74.207853515624862,4.6979450857259994],[-74.207801865124154,4.697948305666924],[-74.207795412044717,4.6978823675747901],[-74.207608838886387,4.6978935109102782],[-74.206619839086613,4.6979610547125334],[-74.206600190571905,4.6979625956713198],[-74.206583527189309,4.6979639027659488],[-74.206565288320149,4.6979653331374456],[-74.206524296830878,4.6979685473936774],[-74.206478737512441,4.6979721224063615],[-74.20642973519638,4.6979759657273661],[-74.206389100623781,4.6979791527804862],[-74.206343948621466,4.6979822954507009],[-74.206298922598208,4.6979843185635497],[-74.206298071760784,4.6979843711704756],[-74.206298245195086,4.6979864456170635],[-74.205772114675256,4.6980277138597977],[-74.205766686095942,4.6980281398823829],[-74.205693281751678,4.6980338966308581],[-74.205515177833433,4.698047865616835],[-74.205508324285475,4.698048404033015],[-74.205423377454721,4.6980631598156526],[-74.205051466580699,4.698085140194757],[-74.204584973838479,4.6981127099568436],[-74.204582050388325,4.6981051622446026],[-74.204448934398698,4.6981159540689594],[-74.204438131282927,4.6981166243181463],[-74.204438060980536,4.698116627948183],[-74.204420769325409,4.6981176999860237],[-74.2035350822769,4.6981725802209864],[-74.20347523970851,4.69817628874425],[-74.203127424536376,4.6981978396266397],[-74.203122989719333,4.6982262917134392],[-74.202180715627946,4.6982812310683109],[-74.202177792771636,4.6982312207327128],[-74.202135297678353,4.6982335496847112],[-74.202134878050714,4.6982458872123223],[-74.20186465581051,4.6982626533759593],[-74.201664364527076,4.6982750807834401],[-74.20145175050115,4.698288273558993],[-74.201461630232473,4.6984688382880062],[-74.201498344469854,4.698467668821344],[-74.20163900360474,4.6984560632429666],[-74.201727190129887,4.6984526482479536],[-74.20172709226766,4.6984038835408084],[-74.202186148179521,4.6983741674765929],[-74.202344030883154,4.6983639476910888],[-74.203771546287939,4.6982707812823374],[-74.204339759380375,4.698236912251998],[-74.204486105143943,4.6982269653735589],[-74.204494587381319,4.6982264203405766],[-74.204623726219964,4.6982126423082704],[-74.205061159302687,4.6981888117164106],[-74.205146693852441,4.6981841524498611],[-74.20528430433508,4.6981761413148035],[-74.205524475078164,4.6981621609934692],[-74.205572385204917,4.698159372357388],[-74.205672058564787,4.6981535719077705],[-74.205698368754682,4.6981520387932099],[-74.205698368980791,4.6981532767885161],[-74.205698369009042,4.6981534314248945],[-74.205698525835473,4.6981534124056239],[-74.205764305480372,4.6981452751160981],[-74.205850677672501,4.6981424052315184],[-74.205850713725027,4.6981424034162682],[-74.205854421738124,4.6981422797480512],[-74.205899301642916,4.6981396191545715],[-74.205899409800793,4.6981396155174364],[-74.205944530761727,4.6981391613840326],[-74.205989505267951,4.6981363009156443],[-74.206034278156764,4.6981300420984953],[-74.206074203863295,4.698129381828263],[-74.206095713708308,4.6981283632298956],[-74.206124375423727,4.6981267247660812],[-74.20616941050163,4.6981248734807828],[-74.206214376862235,4.698121841181254],[-74.206259411927491,4.6981199247801095],[-74.20630429692703,4.6981155776284771],[-74.206309054015819,4.6981151164578021],[-74.206349182827253,4.6981112304738213],[-74.206394289317473,4.6981105222039776],[-74.206439257490715,4.6981075568083304],[-74.206442943849979,4.6981073146768493],[-74.206443016855999,4.6981073092375247],[-74.206484227466476,4.6981045932180665],[-74.20652922456388,4.6981020781558094],[-74.206561952109737,4.6981002933283742],[-74.206574225277464,4.6980996245827997],[-74.20657781789491,4.6980993589560143],[-74.206619173554671,4.6980963046912052],[-74.206649935168386,4.6980937045394411],[-74.206664092901235,4.6980925073283739],[-74.206667979358585,4.698092292287849],[-74.206669612535876,4.6980922015546707],[-74.206709091802864,4.6980900103403327],[-74.206740286196705,4.6980882067982277],[-74.206754081671576,4.6980874084515589],[-74.206799152000656,4.6980861268320977],[-74.206844106598439,4.6980828810780109],[-74.206889174215618,4.6980815596637662],[-74.206933957941899,4.6980754888828349],[-74.207004789396393,4.6980718539842714],[-74.207015932324026,4.6980712812973442],[-74.207015980994854,4.6980712785753864],[-74.207023975637853,4.6980708692482365],[-74.207060954548595,4.6980681982918773],[-74.207060984291857,4.6980681964777364],[-74.207113881222497,4.6980643759003327],[-74.207264518940647,4.6980541825758744],[-74.207264646926745,4.6980541744133131],[-74.207293739397002,4.6980521596300173],[-74.207383746236658,4.6980473572812622],[-74.207443430189912,4.6980439622472092],[-74.207473734989762,4.6980422384171261],[-74.207563714702204,4.6980369802799258],[-74.207653745041554,4.6980325558920537],[-74.207736245016761,4.6980290733776231],[-74.207833505548749,4.6980187063241532],[-74.207923476216124,4.69801331430505],[-74.207979052129929,4.698010933720953],[-74.208013539101884,4.6980094568647859],[-74.208038856890454,4.6980077411780812],[-74.20803889294281,4.6980077384584078],[-74.208103468174556,4.6980033621843704],[-74.208193549128097,4.6979997425500661],[-74.208283456504432,4.6979933195874208],[-74.208322324667748,4.6979911555258331],[-74.208373452471633,4.6979883091229029],[-74.208463418611132,4.6979828564466768],[-74.208545103531506,4.6979780446597657],[-74.208553397395761,4.6979775556799508],[-74.20859839085918,4.6979749898441083],[-74.208643340921597,4.6979716897168942],[-74.208688377783105,4.6979698491206756],[-74.208692723947181,4.6979698193651656],[-74.208693009665396,4.6979698165984916],[-74.208733506865102,4.6979695385903089],[-74.208778628715436,4.6979691159243959],[-74.208823452200889,4.6979637286707128],[-74.208872429197896,4.6979595460718322],[-74.208947454853444,4.6979531375834771],[-74.208958204735964,4.6979522185904168],[-74.209003207233494,4.697949784755548],[-74.209003477629423,4.697949782895928],[-74.209048338111728,4.6979494506925281],[-74.209138312529049,4.6979449501623574],[-74.20913835939723,4.6979449474405843],[-74.209183269670717,4.6979409790039277],[-74.209273122772473,4.6979336226803881],[-74.209273155219691,4.6979336208656557],[-74.209318184940471,4.6979321799335407],[-74.209408241488632,4.6979282942813221],[-74.209453121908879,4.6979237588330109],[-74.209497252806543,4.6979212283705225],[-74.209498113558581,4.6979211784707404],[-74.209503954027241,4.6979206971785423],[-74.209504027934372,4.6979206908343967],[-74.209543040101153,4.6979174731610227],[-74.20957408846408,4.6979156776589486],[-74.209574521093487,4.6979156531607291],[-74.209588031745881,4.6979148710896244],[-74.209633027009772,4.6979123449763645],[-74.209633114436684,4.6979123386296537],[-74.209668516779018,4.6979089443893107],[-74.209684509527435,4.6979074121760389],[-74.209753532039343,4.6979040278348068],[-74.20977215499164,4.6979032918144128],[-74.209813049643756,4.6979028861610663],[-74.209876093451129,4.6978982179231217],[-74.209902946125837,4.6978962224469747],[-74.209992886007882,4.6978902930096895],[-74.210024408423195,4.6978882885028135],[-74.21008283674324,4.6978845715491815],[-74.210172877892916,4.6978803530167559],[-74.210262770748443,4.6978736169126236],[-74.21037400861313,4.697866526763419],[-74.210622575451524,4.6978506838382064],[-74.210707195935072,4.6978458658125524],[-74.211151462010946,4.6978205624173448],[-74.2113424777273,4.6978096840536052],[-74.211253642312343,4.6978125767925834],[-74.211432829791804,4.6978006417304732],[-74.211432771974785,4.6977999472344854],[-74.211895080939144,4.697771614093103],[-74.212108038887791,4.6977587219228925],[-74.21250249362943,4.6977348461396407],[-74.21278143921721,4.6977182695033601],[-74.212793667292118,4.697717542781839],[-74.212872543621401,4.6977127219914756],[-74.213207211672696,4.6976922684573079],[-74.213892560610986,4.6976516218342939],[-74.213993351346659,4.6976453714446729],[-74.214026483628956,4.6976440681838518],[-74.214027408897579,4.6976606131856098],[-74.214028960961883,4.6976883696506162],[-74.214029337490871,4.697691857485208],[-74.214030886048079,4.6977062157529472],[-74.214031416178315,4.6977255424773183],[-74.214031422511823,4.6977256672703165],[-74.214175765998647,4.6977196108898758],[-74.214183421752281,4.6977192919778856],[-74.21420688751077,4.6977186814928933],[-74.214337329548769,4.6977152991241962],[-74.214428497594398,4.6977172815529675],[-74.214472017769339,4.6977168642595259],[-74.214509974103336,4.6977164986976998],[-74.21456659228194,4.6977207775986978],[-74.214677678829858,4.6977238955048968],[-74.214956447962805,4.6977501975115157],[-74.215320625137394,4.6977846529351819],[-74.215321329081263,4.6977847170017641],[-74.215451200525152,4.6977947924185921],[-74.215457151281228,4.697796004819919],[-74.215457740753692,4.6977960499185798],[-74.215753996180254,4.6978529914561804],[-74.215773423831479,4.6978376758956752],[-74.215838361878838,4.6978544794889565],[-74.215806851461124,4.6978166079807737],[-74.215762483717583,4.6977741957873924],[-74.215829468272702,4.6977890465793939],[-74.2158348980645,4.6977902509420639],[-74.216205905928547,4.6978725052534953],[-74.216610686220505,4.6979949933366525],[-74.216802609022068,4.6980589798786871],[-74.217309183230867,4.6982645899916164],[-74.217311323182315,4.6982656711123347],[-74.2177827571888,4.6985039559658492],[-74.217933132793846,4.6985898437914448],[-74.218343691102802,4.6988463487083525],[-74.218519237514172,4.6989609068540776],[-74.218976134728535,4.6993142983724168],[-74.219325813416603,4.6995902304799948],[-74.219667153745903,4.6998637297114341],[-74.219703565896737,4.6998929051342007],[-74.220179675509115,4.7002704015922765],[-74.220702898101464,4.700688951642733],[-74.220872581715227,4.7008230071992481],[-74.22112008914452,4.7010221358851858],[-74.221176646646796,4.7010675900016397],[-74.221099996819618,4.7011586133143437],[-74.221145013435745,4.701198028145118],[-74.221221561596053,4.7011123049840089],[-74.221361113175789,4.7012241505513712],[-74.222001320234497,4.7017305106114948],[-74.222388062706926,4.7020360060033122],[-74.222970215323031,4.7025004336882184],[-74.223251365973596,4.7027170555693329],[-74.223947379057535,4.7032768826817488],[-74.224431466031064,4.7036656935710157],[-74.224406642942398,4.703680395579914],[-74.224588900134819,4.7038251192317579],[-74.22459899488625,4.7038331346717133],[-74.224599069708987,4.703833194340068],[-74.224605249340996,4.7038380997961307],[-74.224630181281697,4.7038138094065252],[-74.225729781526638,4.70467960418347],[-74.226090813987909,4.7049590425935808],[-74.226097484762931,4.7049549663699732],[-74.226290902168046,4.7051217549310422],[-74.226375121596917,4.7051943779669436],[-74.226390706908816,4.7052090940121287],[-74.226408271037101,4.7052256797371443],[-74.226408980525846,4.7052263496756606],[-74.226435239723813,4.7052511446326166],[-74.226445120279564,4.7052604749499354],[-74.226466926835371,4.7052764312735382],[-74.226483883967617,4.7052911135636535],[-74.226493256677429,4.7052985693639666],[-74.22651162257344,4.7053131781031432],[-74.226763525614416,4.7055135561810495],[-74.226764166334775,4.7055129682452215],[-74.226772676830407,4.7055051541268424],[-74.22719758228618,4.7058407997947747],[-74.22821650942825,4.7066464045236769],[-74.228213834796918,4.7066488223107088],[-74.228267653483684,4.7066915960477829],[-74.228470365457028,4.7068539598973249],[-74.228507706388001,4.7068816705596674],[-74.228620491478679,4.7070054436528164],[-74.22863699873264,4.7069983087174005],[-74.228694643656993,4.7070495811529449],[-74.228699788545612,4.7070541576280975],[-74.228691419580244,4.707116343088817],[-74.228788819090497,4.7072113083306828],[-74.228852643239975,4.7072735377787982],[-74.228857499739405,4.7072782734731025],[-74.228927885498393,4.7073358651139703],[-74.228973848053471,4.7073734733021748],[-74.22898735839523,4.7073622298479361],[-74.230088473674996,4.708227264591577],[-74.230360099492572,4.7084338025110055],[-74.230620863208557,4.7086349078351901],[-74.230780554275299,4.708766467143672],[-74.231138573732196,4.709056733391666],[-74.231480435443856,4.7093191594685484],[-74.231949670826822,4.70968946781095],[-74.232078737524233,4.7097956841238071],[-74.232053756560575,4.7098140280759475],[-74.232065023383555,4.709822791904819],[-74.232361402771005,4.7100533309809274],[-74.232695813565584,4.7103134521034944],[-74.232934437485056,4.7104990652758669],[-74.232964445444097,4.7105224068172333],[-74.233113768582783,4.7106385567077407],[-74.233113842653594,4.7106392819437088],[-74.233998719014153,4.7113420411475282],[-74.234018953801751,4.7113410056853429],[-74.234441394543467,4.7116717006526461],[-74.234863835681082,4.7120023953467882],[-74.235089234719922,4.7121809580528842],[-74.235200951196987,4.7122694596368691],[-74.235207633847693,4.7122740293815868],[-74.235213342903165,4.7122779337787897],[-74.235236354673859,4.7122966060688443],[-74.235236379915804,4.7122966259578201],[-74.235295193990964,4.7123443526684055],[-74.235321111986337,4.7123563857943855],[-74.235369009619518,4.7123786235291911],[-74.235433569536454,4.7124294271759855],[-74.235604142121133,4.7125636541480631],[-74.235867716152271,4.7127710651712578],[-74.235919749098969,4.7128128783131977],[-74.23591983203751,4.712812946117154],[-74.235971947928519,4.7128548252502602],[-74.236020582199572,4.7128222049318467],[-74.236025115355474,4.7128276053102249],[-74.236102610252644,4.7128893471240785],[-74.236089325069116,4.7129076984983325],[-74.236099444649852,4.7129207163689211],[-74.2363055773817,4.7130839089668575],[-74.23638932776224,4.7131502151517255],[-74.236528711630655,4.7132605636111879],[-74.236691449855016,4.7133894015316589],[-74.236701359166034,4.7133972468180083],[-74.236841849691643,4.7135102979237873],[-74.237092772878086,4.7137122122762039],[-74.237291314200448,4.7138719771824587],[-74.237508269782879,4.7140465602458717],[-74.237534738403525,4.7141010855291938],[-74.237528141340519,4.7141437611842969],[-74.237558064394065,4.7141689156649367],[-74.2380201248654,4.7145573571246597],[-74.238190992615912,4.7145988261159282],[-74.238197291107952,4.7145906316596591],[-74.238295199481584,4.7146737914671331],[-74.238339202892533,4.7147087643055876],[-74.238438750021089,4.7147805339958611],[-74.238437503670795,4.7148401785974334],[-74.238437776760918,4.7148831935900928],[-74.238611237281475,4.7149890447415617],[-74.238680373459076,4.7150423537378945],[-74.238926824255927,4.715239919619437],[-74.239276647624536,4.7155201672266989],[-74.239309852181535,4.7155552573606636],[-74.239350209120531,4.7155796442868994],[-74.239381804238448,4.7156084679618067],[-74.239419746654491,4.7156374728252661],[-74.239434529327312,4.7156480922446731],[-74.239456096633504,4.7156635879005657],[-74.239595816426359,4.7157763039985365],[-74.239741426637565,4.7158855606303787],[-74.239953533294795,4.7160522720399731],[-74.240231772921561,4.7162711290757944],[-74.240260558065387,4.7163091872190215],[-74.240440975530149,4.7164526580354398],[-74.240866439608823,4.7167891998855849],[-74.240939475447291,4.7168429363652766],[-74.241151004203971,4.7170104632033132],[-74.241503111772602,4.7172917001930568],[-74.241784101628753,4.717518896314953],[-74.241997399602042,4.7176880122262483],[-74.242072207155857,4.7177395904892787],[-74.242283135155972,4.7179067029302786],[-74.242422838328523,4.7180215779036372],[-74.242496383611268,4.7180750518397909],[-74.242566159054121,4.7181305468797374],[-74.242846217281169,4.7183564116281183],[-74.24291574849056,4.7184156125276848],[-74.243061469528598,4.7185240400489334],[-74.243130426865434,4.7185804937859404],[-74.243201459242442,4.7186374968373705],[-74.243273291443245,4.7186920417910381],[-74.243696192762741,4.7190276111799472],[-74.243764197622468,4.7190884672306783],[-74.243904472042729,4.7192004769125901],[-74.244047161553254,4.7193176821167606],[-74.244125512511729,4.7193650072561359],[-74.244265097496367,4.7194731674028159],[-74.244404757306967,4.7195887536475549],[-74.244547201449166,4.7197006677171212],[-74.244612020069255,4.719749738649214],[-74.244618828278774,4.7197548933524089],[-74.24475932305225,4.7198675538958001],[-74.24497220211363,4.7200353812031155],[-74.245255762149597,4.7202589290491552],[-74.245326381731829,4.7203146062581558],[-74.245396570649021,4.7203709834950844],[-74.245749137797404,4.7206527299095704],[-74.245820512907272,4.7207089006317098],[-74.245855190661487,4.720735764520005],[-74.245888722553289,4.7207653271279],[-74.245924334587926,4.7207941721160465],[-74.245953800028175,4.7208180376874429],[-74.245957559531121,4.7208216793116744],[-74.245990085992403,4.7208531755605021],[-74.246027122663264,4.7208840774888472],[-74.246063507536434,4.7209107239184362],[-74.246097055323872,4.7209388540939701],[-74.246310949319607,4.7211078147131111],[-74.246347804057137,4.7211354503211327],[-74.246385532098657,4.7211626462227549],[-74.246420730003948,4.7211859017810731],[-74.246451368523182,4.7212151069597441],[-74.246487116355667,4.7212462234956805],[-74.246523399823189,4.7212745673029701],[-74.246666053598346,4.72138583066224],[-74.246877769067595,4.7215538167861029],[-74.247057708320355,4.7216990094860529],[-74.247089232000604,4.7217244470875528],[-74.247161665521077,4.7217769495464701],[-74.247229226816657,4.7218350652999721],[-74.247300005756003,4.7218924097918782],[-74.247510885484061,4.7220620733975496],[-74.247865872818494,4.7223408184923636],[-74.24793430843647,4.7223985234034798],[-74.248004604473209,4.7224563074287991],[-74.248149004266224,4.7225660471852242],[-74.248220330774544,4.722624620390981],[-74.248255586365303,4.7226178420940172],[-74.248262419186815,4.7226165300756007],[-74.248304803537309,4.7226501805456156],[-74.248301805157254,4.7226629310650088],[-74.248325202373749,4.7226884917841048],[-74.248338355702089,4.7227028633599666],[-74.248578960305835,4.7228930352401619],[-74.248596877394775,4.7229004967538701],[-74.24861773371326,4.7229186735432966],[-74.248653199534019,4.7229458228478398],[-74.248687540981791,4.7229750559441426],[-74.248829446424679,4.7230863389075983],[-74.24886371418134,4.7231164093981457],[-74.248900710305307,4.723142697413774],[-74.248934956101792,4.7231714096415338],[-74.248970423957218,4.7231994017394694],[-74.249005276398819,4.7232282349902555],[-74.249040813526221,4.7232556663987886],[-74.249074664741428,4.7232851907816107],[-74.249110239248196,4.7233143240769921],[-74.249147707857091,4.7233412504002157],[-74.249186152183967,4.7233663506902399],[-74.249223287250018,4.7233894166184802],[-74.249288526313094,4.7234521157438474],[-74.249364270063865,4.7235014611173343],[-74.249427942974506,4.7235656816557299],[-74.249501766193887,4.7236196123098422],[-74.249713569538088,4.7237875866348968],[-74.249837575192984,4.7238873023506454],[-74.249994755454964,4.7240136994143205],[-74.25013547388842,4.7241272377209249],[-74.250207817304371,4.7241815936860538],[-74.250278762096642,4.7242370206873083],[-74.250349541172028,4.7242929360461572],[-74.25042098196613,4.7243493124271874],[-74.25045864217951,4.7243742663405834],[-74.250496309607271,4.7243992238672128],[-74.25051270043771,4.7244126450716353],[-74.250705091019029,4.7245701611213917],[-74.250844512960697,4.7246850289243554],[-74.250983364403183,4.7247999456723759],[-74.251020452654316,4.7248299466156185],[-74.251105758619588,4.7248989534786077],[-74.25112419681976,4.7249138689689696],[-74.251137135633627,4.7249242498485229],[-74.251185273037265,4.7249628714555136],[-74.251231016873305,4.7249995729175938],[-74.251267083645999,4.7250285079285383],[-74.25127164090118,4.7250321646949152],[-74.251335230617073,4.7250831849432453],[-74.25140555393088,4.7251397206533117],[-74.25173335904806,4.7254021902690218],[-74.251744680453484,4.7254109835856379],[-74.251853563573945,4.7254955474903184],[-74.252084829256532,4.7256745721618323],[-74.252110122606425,4.7256943085490972],[-74.252109889237886,4.72569463777441],[-74.252109968572057,4.725694697438473],[-74.252145819715878,4.7257225264914062],[-74.252330735251917,4.72586952869763],[-74.252460168600138,4.7259724238823333],[-74.25250180634265,4.7260033288002949],[-74.2525877106807,4.7260670912600737],[-74.252734210031434,4.7261758293065039],[-74.252889858090626,4.7262913572294929],[-74.253170287282799,4.726518248330998],[-74.253565896535363,4.726838329289607],[-74.253608641270532,4.7268729134665666],[-74.253612402562339,4.7268726439326336],[-74.253663197580209,4.7268690147131753],[-74.253697274308948,4.7268977719468701],[-74.25373346872793,4.7269245500240773],[-74.253767307859277,4.7269547126022111],[-74.253835962640991,4.7270128219609688],[-74.253873359488892,4.7270396322793156],[-74.253909651782791,4.7270648802401753],[-74.25394012175326,4.7270989846216951],[-74.253965859285429,4.72711757597519],[-74.253977579965095,4.7271260445061936],[-74.254051197786978,4.7271775692484148],[-74.254189992746575,4.7272932286598941],[-74.254192910134236,4.7272955854353462],[-74.254330429465256,4.7274066829305657],[-74.254543768846915,4.7275732228675755],[-74.254754681817715,4.7277430821488],[-74.254861719657939,4.7278275592070731],[-74.25494394808274,4.727892455388214],[-74.255116496891674,4.7280274580500379],[-74.255124900276968,4.7280169478895679],[-74.255216810485408,4.7280899124624964],[-74.255208158479903,4.7281010267625163],[-74.255250186606759,4.7281348803376355],[-74.255401373854298,4.7282541978340156],[-74.255498180275751,4.7283306001756129],[-74.25585116091753,4.7286117676581902],[-74.256097451823209,4.7288093198233057],[-74.25623752158981,4.7289235225371806],[-74.256379254651179,4.7290351547609317],[-74.256521143645699,4.7291466042440238],[-74.256627051317878,4.7292299554443975],[-74.256663052575021,4.7292582870011044],[-74.256742331924556,4.7293225570340152],[-74.256803153007752,4.7293718619977811],[-74.256943345496097,4.7294857154655983],[-74.257021800666848,4.7295484809168995],[-74.257084365211043,4.7295985323568299],[-74.257155471563721,4.7296540797394222],[-74.25722657432128,4.7297096234979161],[-74.257368383436869,4.72982135134112],[-74.257509972723568,4.7299333034775843],[-74.25765124306497,4.7300456083442208],[-74.25779320007473,4.7301570882766297],[-74.257880793340959,4.7302266380407332],[-74.257934544398637,4.7302693189091753],[-74.258005074205641,4.7303256006427556],[-74.258047378392988,4.7303593635335117],[-74.25805830834571,4.7303456532551609],[-74.258086547470583,4.7303680708043627],[-74.258121928645124,4.7303961573753499],[-74.258111413259996,4.7304096405664451],[-74.258128036238418,4.7304725811633181],[-74.25819631700287,4.7305316324388613],[-74.258949489172252,4.7311360128389026],[-74.259020451641035,4.73119167942163],[-74.259104962807399,4.7312520285422712],[-74.259174966576623,4.7313089432978925],[-74.259267705351675,4.731376014636953],[-74.259338974304995,4.7314315743965034],[-74.259613905572479,4.7316579251780784],[-74.259683385062218,4.7317157262334497],[-74.259684093384678,4.731715159048993],[-74.259735912655188,4.7316736207153518],[-74.259850077516987,4.7317636682916007],[-74.259998987435537,4.7318854929444312],[-74.260191371620763,4.7320474028916806],[-74.260497268617854,4.7322935547892291],[-74.260608225130426,4.7323573240317351],[-74.260703275136962,4.732427300080194],[-74.26079832336012,4.7324972779238159],[-74.260889806885899,4.7325644985735762],[-74.260966712562393,4.7326210070831305],[-74.261043613743666,4.7326775128718692],[-74.26107505168055,4.7327055741017832],[-74.261106944831795,4.7327371439052079],[-74.261316852145356,4.7328790456851921],[-74.261720321711906,4.7331561163357563],[-74.261734796072446,4.7331673131800667],[-74.261813463396834,4.7332281699135255],[-74.261827052439457,4.7332386815298557],[-74.261816077295961,4.7332756505505715],[-74.261814443676869,4.7332811518607425],[-74.261922224485318,4.7334282604805074],[-74.261922319162792,4.7334283897706069],[-74.261976501678788,4.7333966270613486],[-74.261976542233967,4.7333966035386679],[-74.261976281687723,4.7333964073743635],[-74.261976021141479,4.7333962112100618],[-74.262040266006721,4.7333592469760166],[-74.262291484533932,4.7335298698447446],[-74.262240713277407,4.7335566860348912],[-74.262250677134844,4.7335641393530503],[-74.262262036581731,4.733572636768435],[-74.262365470585252,4.7336632799876934],[-74.26257335548047,4.7338108989054488],[-74.262586801922552,4.7337968840395259],[-74.2628026919826,4.7339481052948189],[-74.262818406792604,4.7339699834089313],[-74.262866684364923,4.734005587353793],[-74.262867069323107,4.7340058702974819],[-74.262867831126471,4.7340064334741454],[-74.263403791536703,4.734370154054897],[-74.263444547761964,4.7343974711372177],[-74.263511819836467,4.7344430660936858],[-74.263701149689766,4.7345704766609655],[-74.26386575025046,4.7346795997877127],[-74.263912304926805,4.7347100170377727],[-74.264025540494558,4.7347693639501385],[-74.264137315662879,4.7348279452925537],[-74.264166137286239,4.7348430502263668],[-74.264203536614829,4.7348626517509178],[-74.264204338041509,4.7348630702268615],[-74.264205206465903,4.7348545089576035],[-74.264598345925393,4.7351215066790511],[-74.265215419489877,4.7355425167341823],[-74.265314651838437,4.7356125479439148],[-74.265316871903138,4.735609197803754],[-74.265321761821014,4.7356125460135541],[-74.265404789443934,4.7356693353822532],[-74.265404241631444,4.7356701457863046],[-74.265450257884893,4.7357022803438982],[-74.26580679716362,4.7359485615639061],[-74.265899429486197,4.736010716195711],[-74.265918237230196,4.7360233351388352],[-74.265916644854258,4.7360279240045706],[-74.265945928543729,4.7360481308102536],[-74.266154904174044,4.7361906986603852],[-74.266455796580672,4.7363952602254944],[-74.266432619346062,4.7364371122590239],[-74.266520542469678,4.7364905234814785],[-74.266824596487737,4.7366927943165589],[-74.267030845804015,4.736831895534511],[-74.267487616208072,4.7371691582767133],[-74.26802484627153,4.7375502897619057],[-74.268767431336101,4.7380587241848486],[-74.269428011586882,4.7385113018714478],[-74.269809996044984,4.7387716438705629],[-74.269853233939216,4.7388011139095347],[-74.270189750371415,4.7390304670386758],[-74.270172303941621,4.739045333207371],[-74.270456624642634,4.7392315980731423],[-74.270575691549524,4.7393071916353469],[-74.270741306206915,4.7394119666624244],[-74.271108785745383,4.7396492386776927],[-74.27124888618448,4.7397470422207713],[-74.271611691818705,4.7399917386800032],[-74.271732950211359,4.7400770110671493],[-74.271748290846205,4.7400744159296222],[-74.271790907153871,4.7401175111371057],[-74.27179188172768,4.7401181918027699],[-74.271888876634037,4.7401859718274792],[-74.271967157553462,4.7402386832888883],[-74.272013493665099,4.7402263192884746],[-74.272081774005756,4.7402634126332774],[-74.272143689448498,4.7403058331997618],[-74.272385809489748,4.7404717161870273],[-74.272386200950692,4.7405048334340032],[-74.272465122924757,4.7405579235573798],[-74.272657206623819,4.7406871384406424],[-74.272678898745269,4.7406602781549374],[-74.27564278050356,4.7426984097405382],[-74.275822571761665,4.7428190634728473],[-74.276358725572109,4.743178871250616],[-74.280129984931563,4.7457689911851215],[-74.281552729291235,4.7467478384987336],[-74.283182497764315,4.7478691135938478],[-74.283953904067616,4.7483998374682548],[-74.28399176763746,4.7484243978150662],[-74.284018121259564,4.7484452711510219],[-74.284140525337648,4.7485237540871879],[-74.28441117895683,4.7487080401270756],[-74.28463186971446,4.7488583067705123],[-74.285218609143755,4.7492570086262234],[-74.285780151676164,4.7496458064158169],[-74.28645663842434,4.7501152416143091],[-74.286887282116425,4.7504079237354597],[-74.287492300636302,4.7508246226103479],[-74.288039527673178,4.7512002841997045],[-74.288570591626083,4.7515670410985589],[-74.289486024793661,4.7521939834284934],[-74.289705802230941,4.7523452957972703],[-74.290501059401876,4.7529003546092579],[-74.290500335830544,4.7529011470004692],[-74.290500279061987,4.7529012085104663],[-74.290543336464296,4.7529302250718732],[-74.290548561920502,4.7529247108383359],[-74.290589123138815,4.7529529341920274],[-74.290741225254763,4.75305876270337],[-74.290989197406745,4.7532294306102774],[-74.291413433891506,4.7535211133437132],[-74.291581351456458,4.7536367845837297],[-74.291966236279222,4.7539015906942339],[-74.292354500519195,4.7541687213824568],[-74.292575765009587,4.7543211066169837],[-74.292570614967218,4.7543285289164849],[-74.292686400131672,4.7544093607683147],[-74.292832937209482,4.7545136278909972],[-74.292968342057151,4.7546117546422551],[-74.293197806776689,4.7547786601677089],[-74.2933944780616,4.7549193366983395],[-74.293511655514436,4.7550012911064821],[-74.29375671154412,4.7551701158953961],[-74.293849675711684,4.755234076832501],[-74.293994535109363,4.755333743134937],[-74.294034139923809,4.7553609917356496],[-74.294127720825372,4.7554253756514333],[-74.294314210098193,4.7555536842690547],[-74.294553032878767,4.7557179982560012],[-74.294746408063844,4.7558492688760143],[-74.294755911119196,4.7558568873243834],[-74.294782392852042,4.7558215660336245],[-74.29537794726393,4.756230364129415],[-74.295936074386745,4.7566122904989339],[-74.2960796632848,4.7567173156197686],[-74.296128617202854,4.7567521870905205],[-74.296457484546636,4.7569792437994893],[-74.296991234200704,4.7573483359351716],[-74.297170317660132,4.7574735153968657],[-74.297213386264843,4.7575020043012719],[-74.297367715967368,4.7576108970163125],[-74.297578974288257,4.757759957706277],[-74.297630500964189,4.7577949322346091],[-74.298109811725212,4.75812027812891],[-74.298637693960316,4.7584832034470459],[-74.299195941281198,4.7588634720749514],[-74.299521578928079,4.7590871995248065],[-74.299579875943181,4.759127060360159],[-74.299635440935717,4.7591644252989154],[-74.299748140316382,4.7592421144299157],[-74.300324368268051,4.7596397659637804],[-74.300840477583023,4.7599935236770099],[-74.30126561651214,4.7602855739919985],[-74.301388279689832,4.7603781217669248],[-74.301380516798119,4.7603974591323102],[-74.301377316709065,4.7604054261527402],[-74.301377281581765,4.760405510264067],[-74.301398175602699,4.7604211098775435],[-74.301658579173278,4.760615569893857],[-74.301677777847928,4.7606289093002427],[-74.301714893124242,4.7606546986977412],[-74.301720374926063,4.760658730089915],[-74.301887910717454,4.7607819261523359],[-74.302084382928783,4.7609264017585549],[-74.302448494310312,4.7612062269774382],[-74.303007171429783,4.7616200959289046],[-74.303359236986779,4.7618880818618869],[-74.303420935042752,4.7619350454107794],[-74.303636755053631,4.7620946376959203],[-74.30364374084094,4.7620999834291933],[-74.303960532038658,4.7623392691016466],[-74.306344570868973,4.7641400242124305],[-74.306756425896623,4.7644368445653438],[-74.307288299338822,4.7648474812979771],[-74.307846850720409,4.7652725313196456],[-74.308050438895549,4.7654266470531317],[-74.308470698546301,4.7657431555031158],[-74.30889167054913,4.7660619513125511],[-74.30899703492959,4.7661432394866345],[-74.309053612951587,4.7661877843068785],[-74.309167714083486,4.7662726686212036],[-74.310198614794444,4.7670516998463759],[-74.310224461025484,4.767071157946722],[-74.311077465012701,4.767713384964714],[-74.311112774167185,4.7677432600527547],[-74.311120281180322,4.767748901232336],[-74.312535927072744,4.7688130571296439],[-74.312649450091342,4.7688945327116663],[-74.312850476704739,4.7690643455082951],[-74.313009955597352,4.769202042738188],[-74.3132350719454,4.7694362603772404],[-74.313455376413188,4.7696748383079468],[-74.313501907195743,4.7697252270482329],[-74.313521803329706,4.7697497032048926],[-74.313546495255437,4.7697776872974673],[-74.313630343676138,4.7698656232640984],[-74.313772001425534,4.7700331285030977],[-74.313911059449765,4.7701791683530876],[-74.314063032593211,4.7703505747362325],[-74.314204505344904,4.7705089736462964],[-74.314356920993561,4.7706718088572027],[-74.31450924346008,4.7708439655759927],[-74.314643182259829,4.7709887337724251],[-74.314765950126045,4.7711340501873281],[-74.314900169378916,4.7712840776327079],[-74.315053968643227,4.7714510339847509],[-74.315159729844837,4.7715677676968156],[-74.315291290047014,4.7717202439129718],[-74.315318772859641,4.7717507752808928],[-74.316391866239428,4.7729357232686977],[-74.317775662183294,4.7744637546451489],[-74.31798925517856,4.7747048653146749],[-74.318004134138846,4.7747856971643685],[-74.318035243802925,4.7748194364933276],[-74.31817006778472,4.7749417254481212],[-74.318174528494978,4.7749457706198131],[-74.31850779004607,4.7753081634386065],[-74.318512444411013,4.7753427566507671],[-74.318606038320539,4.7754509782540193],[-74.318590980007855,4.775354993154699],[-74.31875700674135,4.775526422356724],[-74.318908917715106,4.7756936460668991],[-74.319096505554725,4.7759036304962548],[-74.319080614851572,4.7759175514386074],[-74.319128188132581,4.7759745995385376],[-74.319139172303025,4.7759551740496375],[-74.319140913662835,4.7759520942996989],[-74.319141622449763,4.775952876268267],[-74.319219886637853,4.7760393168163784],[-74.319274831357021,4.776100467822662],[-74.319403585141899,4.7762418348235611],[-74.319540509632319,4.7763838011766939],[-74.319682135933206,4.7765205227162975],[-74.319783250872632,4.7766163652532194],[-74.319848951579274,4.776672896868666],[-74.319874626752608,4.7766963055093878],[-74.32016330890491,4.7769594826938757],[-74.320388941576581,4.7771662366732199],[-74.320592575037224,4.777359520705307],[-74.320593932650723,4.7773571826126746],[-74.320862122350988,4.7775969146599291],[-74.321032710341314,4.7777501127787927],[-74.32121955643602,4.7779136357766445],[-74.321370207316136,4.7780422240789502],[-74.321395088575841,4.7780634626229741],[-74.321515987225609,4.7781663992938999],[-74.321541506872506,4.7781881286388659],[-74.321527380447705,4.7782204560015717],[-74.321520685616719,4.7782357753892395],[-74.321522198116696,4.7782380943761336],[-74.321649520820429,4.7783016546812869],[-74.321776843547056,4.7783652158657786],[-74.322082932599415,4.7785927150050078],[-74.32255135731134,4.7789588500190785],[-74.322744149109667,4.7791101334717707],[-74.323255449253153,4.7795205975962869],[-74.323255907225715,4.779520740311213],[-74.323265846724226,4.7795067761924495],[-74.323468912867384,4.7796418923139186],[-74.323477570011008,4.7796314933957627],[-74.323950277260039,4.780005930905709],[-74.323925382828151,4.7800441157057163],[-74.324113060849399,4.7801861297121349],[-74.324203736391354,4.7802106288779695],[-74.324237068720208,4.7802346060987739],[-74.324274089311132,4.7803079747512163],[-74.324573871638279,4.7805348148121869],[-74.324765057770406,4.7806704412067109],[-74.325461386036025,4.7811705666271127],[-74.325461402253197,4.7811705431094884],[-74.325914092478556,4.7814990444291965],[-74.326326303856362,4.7817927211452007],[-74.326557949399387,4.7819362015036067],[-74.326868945334766,4.7821039495754389],[-74.327070140664688,4.7821967368510325],[-74.327784215497118,4.7825174695130368],[-74.328384835472207,4.7827876312198025],[-74.328655205255714,4.782911581896153],[-74.328688881872793,4.7829296916738668],[-74.328999859050995,4.7830681883167925],[-74.32902281674339,4.7830786227167534],[-74.329045772632966,4.7830890553079852],[-74.329527319640718,4.7833119938472155],[-74.329608646074817,4.7833510151070451],[-74.329689972518409,4.7833900381652938],[-74.329771461255149,4.7834291371145632],[-74.329853292585412,4.7834683534860734],[-74.329935305950897,4.783507401580823],[-74.330017715664894,4.7835456645887646],[-74.330100636996264,4.7835828331974861],[-74.330184059120967,4.7836188893248508],[-74.330285225319145,4.783660959705947],[-74.330335511293868,4.7836829264268257],[-74.330624109201736,4.7837938494799781],[-74.330918398862025,4.7839049403080764],[-74.330980451666392,4.7839502732905421],[-74.331149451271557,4.784039166464936],[-74.331491537978124,4.7841982086952672],[-74.331610702444252,4.7842604705838614],[-74.331739124359629,4.7843172471623339],[-74.331765534806763,4.7842451865516615],[-74.332179028529083,4.7843976837309308],[-74.332212156953688,4.7843906377838179],[-74.33224406143691,4.784379246237016],[-74.332274177758251,4.7843637064374631],[-74.332329089348406,4.7843596365615912],[-74.332498790663166,4.7844148024499971],[-74.332654795131305,4.7844732252520181],[-74.333133938941899,4.7846494134725059],[-74.333167497327153,4.7846617518367847],[-74.333298697182698,4.7847124682818274],[-74.333331754071807,4.7847264038141599],[-74.333372973740893,4.7847437328353912],[-74.333484893202851,4.7847877013464899],[-74.333527745414401,4.7848075943348762],[-74.333616125741926,4.7848486236153658],[-74.333728405883733,4.7849024994312392],[-74.333757614069739,4.7849174392479208],[-74.333826025568939,4.7849524343626815],[-74.333929013899095,4.7850113360893713],[-74.334105428872121,4.7851234082852221],[-74.334209966048945,4.7851972203439166],[-74.334217491340922,4.7852025320774034],[-74.334218028733403,4.7852029125850537],[-74.334218149556676,4.7852029984480007],[-74.334276009377106,4.7852438527958556],[-74.334315624986218,4.7852744239835543],[-74.334315714253151,4.7852744926766659],[-74.33439288151898,4.7853340388300083],[-74.3343932250623,4.7853343054687878],[-74.33446089847881,4.7853865285595791],[-74.334566161792523,4.7854735222274769],[-74.334710288994387,4.785603182297975],[-74.334815209322883,4.7857033010222025],[-74.334857156202801,4.7857462809698372],[-74.334906379028098,4.7857978743226095],[-74.334977350566348,4.7858758595442294],[-74.335053653921094,4.7859655045680531],[-74.33512889415384,4.7860614239960322],[-74.335225927264091,4.786186041219203],[-74.335327292186733,4.7863189835629507],[-74.335396250919473,4.7864089622815431],[-74.335442939150568,4.7864705472199187],[-74.335469755781062,4.7865067071911565],[-74.335496227034881,4.7865497345238444],[-74.335529461697774,4.7865999358077804],[-74.335530569279257,4.786601608339967],[-74.33559328375685,4.786684074679795],[-74.335670664775236,4.7867865023614273],[-74.335732436471289,4.7868739896994912],[-74.335906059073338,4.7871408943788172],[-74.33593828665181,4.7871904376908647],[-74.336706529445848,4.7881942243191826],[-74.336961092592276,4.7885264841119364],[-74.337007131687926,4.7885822436895129],[-74.337184317997767,4.7887997683980705],[-74.33735073656085,4.7889855744062801],[-74.337452146032703,4.7891053733114868],[-74.337519358435088,4.7891812454102372],[-74.337690503208748,4.7893212468885817],[-74.337773019531497,4.7893858618761538],[-74.337825212823191,4.7894296787127146],[-74.337942601923302,4.7895274527291436],[-74.338142125535327,4.7896810936394107],[-74.338334030437281,4.7898279018112913],[-74.33847034232565,4.7899321821623593],[-74.338745851469483,4.7901329755721402],[-74.338883007093756,4.7902345480464383],[-74.338894634950279,4.7902423639613891],[-74.338914342617116,4.7902556116117463],[-74.339140197743333,4.7904074326414579],[-74.339339551765292,4.7905546662923495],[-74.339599301301433,4.7907711729954716],[-74.339770690974305,4.7909603295698986],[-74.339825298512963,4.79102059899129],[-74.33987033240173,4.7910703008523461],[-74.339887886426226,4.7910949588099667],[-74.339926469570585,4.7911491611136956],[-74.339943658323293,4.7911733082821319],[-74.339944164388882,4.7911742539822626],[-74.339986734340329,4.7912538012841148],[-74.340003265820272,4.791284692947813],[-74.340019793693926,4.7913155791866169],[-74.340036199050203,4.7913608419808114],[-74.340051823822918,4.7914180671108122],[-74.340063731293895,4.7914616785766562],[-74.340186652030823,4.7919130381803186],[-74.340268341532109,4.7922471353629348],[-74.340303884587968,4.7923636312816162],[-74.340309448577486,4.7923739200386102],[-74.340330421812652,4.7923608539321574],[-74.340503266228538,4.7926281246737208],[-74.340516081399826,4.7926478967105552],[-74.340512119190549,4.792653937127862],[-74.340559995939572,4.7927142967830738],[-74.340554477882165,4.7927227775916048],[-74.340605052870316,4.7927672395745304],[-74.340636412687957,4.7928183844677212],[-74.340671259363546,4.7928603521190514],[-74.340736486620202,4.7929197157794805],[-74.340734222764681,4.7929235201227716],[-74.340792396430942,4.7929785485825676],[-74.34085944844341,4.7930455645890833],[-74.34084375328996,4.793080282964902],[-74.340835249120943,4.7930990947059628],[-74.340834443916393,4.7931008719589814],[-74.34090355829251,4.7931463314477796],[-74.34093065648679,4.7931630360230058],[-74.341042186118102,4.7932317873932782],[-74.341134517954671,4.7932960906796795],[-74.341236376941822,4.7933670296218454],[-74.341398655628836,4.7934800474606751],[-74.34144827590859,4.7935146040785259],[-74.341508606691249,4.7935598977896419],[-74.341508647267744,4.7935599285200627],[-74.341742266367632,4.7937353187872223],[-74.342009551403294,4.7939359836851327],[-74.342164945661054,4.794052645592207],[-74.342210736851925,4.7940922586498553],[-74.342230438941101,4.7941093015280538],[-74.342285987802498,4.7941619001146334],[-74.342507923732171,4.7944097586080412],[-74.342671103954814,4.7945919978490918],[-74.342785626259612,4.79472720991724],[-74.342785663235375,4.7947272533091088],[-74.342876779863133,4.7948348301047048],[-74.34306158743891,4.7950539326197612],[-74.343071752253351,4.7950660706565102],[-74.343071990343063,4.7950663545130459],[-74.343304060423506,4.7953434482887491],[-74.343310985797402,4.7953517669295156],[-74.343311266275265,4.7953521032186348],[-74.343471301174887,4.7955443449806907],[-74.343489326759197,4.7955663096511625],[-74.343489352913906,4.7955663430999547],[-74.343572003487566,4.7956670639964392],[-74.343737236906165,4.795874987776827],[-74.343762135748975,4.7959009765917235],[-74.34384882434037,4.7960096663429814],[-74.343878353084577,4.7960498507996867],[-74.343993956334529,4.7961957410462608],[-74.344092209381174,4.7963201628136432],[-74.344100811551812,4.7963310544178661],[-74.344132010257439,4.7963701087438411],[-74.344235076131341,4.7964991269550534],[-74.344295185691578,4.7964378120885174],[-74.344369251310198,4.7964831914878756],[-74.344492225494434,4.7966305491442638],[-74.344522023647954,4.7966122399661009],[-74.344531326109234,4.7966250918047004],[-74.34458279299426,4.7966853538774439],[-74.344707246275334,4.7968204703578001],[-74.344811053419633,4.7969474526098992],[-74.34482458059307,4.7969385273378604],[-74.344884069920823,4.7970022894880557],[-74.344974604110519,4.7971102794531859],[-74.345041796899281,4.797182549806398],[-74.345083373047942,4.7972284120806332],[-74.345162439538797,4.7973096303002629],[-74.345197043244994,4.7973490621362638],[-74.345278886829078,4.7974411326144848],[-74.34531291223162,4.7974631081375465],[-74.345418875156838,4.7975975932872279],[-74.345503772045177,4.7977198606016698],[-74.34560134770679,4.7978766453345285],[-74.3456148548577,4.7979088031314472],[-74.345626793844588,4.7979372268007863],[-74.345738236469657,4.798202543300099],[-74.345761495623009,4.7982951756808321],[-74.345782749361916,4.7984093329037512],[-74.345804424088513,4.7984888753141206],[-74.345832601646947,4.798637176033365],[-74.345889402768663,4.7989215946124535],[-74.345917287025799,4.7990527897752537],[-74.345930221627839,4.7991191148060119],[-74.345971059309733,4.7992724637421436],[-74.345961772631313,4.7992770973899859],[-74.345934049456574,4.7992905931543399],[-74.345988229154614,4.7994501258437294]]]},"properties":{"FMI":"50C-776980","RefName":"SECTOR-04","DATE_DEL":1749427200000,"PARCEL_ID":"SECTOR-04","ACT":1000,"EFR_ENTRG":"DELIVERED","FID":219,"CODIGO":" ","USO":" ","VERE":"SAN ANTONIO ALTO","MUNICIPIO":"MOSQUERA","CONNOTACI":" ","PROPIETARI":"INVIAS","GRAVAMENES":" ","TIPO_DE_AF":" ","LAND_AREA":313699.556989,"BUILT_AREA":0,"TOTAL_AREA":0,"REST_AREA":0,"SECTION":0,"pk_ini":18170,"pk_end":38370,"VISIT_DATE":null,"OBS":" ","ID":0,"shapeArea":306133.53531100001,"plantArea":0,"Floors":0,"paso":0,"review":" ","SECTOR":"SUBURBANO","DIRECCION":" ","LyrName":" ","Color":3,"Shape_Leng":41107.221003500003,"Shape_Area":306376.660087,"NOTIFY":" ","DATE_NOT":null,"dateMax":1749427200000,"ActivityId":" ","TYPE":"PROJECT","Trees":0,"Shape_Le_1":41345.429841500001,"use":"Public","PK_DE_REFE":"18+170 - 38+370","Layer":"PROJECT_DELIVERED","pasos":0,"ACTA_No":0}},{"type":"Feature","id":220,"geometry":{"type":"Polygon","coordinates":[[[-74.353372852037083,4.8066557425053293],[-74.353278274226213,4.8067724656181383],[-74.353088681137947,4.8066128600213096],[-74.352899087235556,4.8064532543662626],[-74.352831744805215,4.8063965632607193],[-74.352724092417816,4.8063519535326087],[-74.352652861307263,4.8062934318754005],[-74.352639977992297,4.8062828459679787],[-74.352299171318506,4.806002846285061],[-74.352160636048595,4.8058882184637293],[-74.352123221574374,4.8058552918624242],[-74.352083250583661,4.8058201154971583],[-74.351639024823498,4.8054624889676347],[-74.35127648407996,4.8051599994903098],[-74.350910973282481,4.8048550314118854],[-74.350817882756544,4.8047773608057653],[-74.350646963002944,4.8046347513458798],[-74.350629900067844,4.8046205146207788],[-74.350467288069339,4.8045252479872946],[-74.35005750029444,4.8041517117295403],[-74.350014249040598,4.8041072376685783],[-74.350001988627156,4.8040964452776826],[-74.349990456539004,4.8040855332285179],[-74.349973444101721,4.8040712702404633],[-74.349885440507762,4.8041499040580513],[-74.349919805189458,4.8041783259082687],[-74.350213602724892,4.8044192665682246],[-74.350424124699273,4.8045930783895177],[-74.350458445262831,4.8046215228347551],[-74.350567258122013,4.8047086895359641],[-74.350589559186588,4.8047291990717778],[-74.351436944725648,4.8054362895540876],[-74.351667268854641,4.8056242000037015],[-74.351848846181753,4.8057761751984609],[-74.3519423038924,4.8058516987020123],[-74.352095852103176,4.805975782166489],[-74.352127233066895,4.8060062352385744],[-74.352196084037146,4.8060641818783596],[-74.352284907144593,4.8061389385463178],[-74.352477711510858,4.8063000695423419],[-74.352821117406776,4.806584829186189],[-74.353129256784328,4.8068424197829316],[-74.353322863309643,4.8070022389614007],[-74.353512313093788,4.8071592654898785],[-74.353755932201281,4.8073630582422497],[-74.354033666192606,4.8075983155733901],[-74.354370035131453,4.8078883492483646],[-74.354742917911821,4.8082075730002058],[-74.354879852797467,4.8080384592933347],[-74.354843683232318,4.808008364603344],[-74.354838186352694,4.8080155406140266],[-74.354825196016904,4.8080324887749697],[-74.354812204779037,4.8080494369360594],[-74.353663058010326,4.8070877289278924],[-74.353700010035908,4.8070464301624085],[-74.353649308816514,4.8070043720383415],[-74.353716022910746,4.806924149387533],[-74.353692369373093,4.8069033203922062],[-74.353373323274937,4.8066551888858768],[-74.353372852037083,4.8066557425053293]]]},"properties":{"FMI":"156-57413","RefName":"SECTOR 5-2","DATE_DEL":1749427200000,"PARCEL_ID":"SECTOR 5-2","ACT":1000,"EFR_ENTRG":"DELIVERED","FID":220,"CODIGO":" ","USO":" ","VERE":"PORTOFINO","MUNICIPIO":"FACATATIVA","CONNOTACI":" ","PROPIETARI":"INVIAS","GRAVAMENES":" ","TIPO_DE_AF":" ","LAND_AREA":0,"BUILT_AREA":0,"TOTAL_AREA":0,"REST_AREA":0,"SECTION":0,"pk_ini":38920,"pk_end":39618,"VISIT_DATE":null,"OBS":" ","ID":0,"shapeArea":12930.6097826,"plantArea":0,"Floors":0,"paso":0,"review":" ","SECTOR":"SUBURBANO","DIRECCION":" ","LyrName":" ","Color":3,"Shape_Leng":0,"Shape_Area":10786.4248298,"NOTIFY":" ","DATE_NOT":null,"dateMax":1749427200000,"ActivityId":" ","TYPE":"PROJECT","Trees":0,"Shape_Le_1":1501.0142466100001,"use":"Public","PK_DE_REFE":"38+920 - 39+618","Layer":"PROJECT_DELIVERED","pasos":0,"ACTA_No":0}},{"type":"Feature","id":221,"geometry":{"type":"Polygon","coordinates":[[[-74.347969946682355,4.8022893136627411],[-74.348113706607393,4.8024780591536302],[-74.348120108703938,4.8024872207478966],[-74.348160343240636,4.8025447939610881],[-74.34823679501288,4.8026541924605342],[-74.34834292737736,4.8027873169309547],[-74.348389808823811,4.8028461209484901],[-74.348508586755031,4.8028946850953549],[-74.348542096405993,4.8029313843816706],[-74.348629701802224,4.8028715864695091],[-74.348428699757235,4.802610084304292],[-74.348437844476621,4.8026042931795221],[-74.348442505488038,4.8026010403850412],[-74.348308057074505,4.8024365670953442],[-74.348166688529062,4.8022452253700019],[-74.348108053360519,4.8021846535749066],[-74.348085844214054,4.8021545222035513],[-74.348084141369142,4.8021522133073518],[-74.348079647966244,4.8021553086854087],[-74.348064753767332,4.8021655665938585],[-74.34794077981681,4.8020340388935612],[-74.347806811186302,4.8018580635602479],[-74.347493201230307,4.8014461217984721],[-74.347434819864191,4.8013039271848506],[-74.347429234556927,4.8012903242624709],[-74.347369571523572,4.8011944219596936],[-74.347339207578926,4.8011541701917695],[-74.347308647012994,4.801113639976835],[-74.347287975676963,4.8010923574064455],[-74.347256998439164,4.8011201414840539],[-74.347245689259253,4.8011302840159074],[-74.347245304913486,4.8011294458855343],[-74.347237784012606,4.801113060303499],[-74.347165056116268,4.8009545840573864],[-74.347158777461573,4.8009383209675489],[-74.347077747461213,4.8008124632310603],[-74.347036137449123,4.8007478351666437],[-74.347007611806191,4.8007035286965243],[-74.346938337446716,4.8005932934355862],[-74.346911616900755,4.8005568699000225],[-74.346886240911374,4.8005194149351409],[-74.346858997690433,4.8004833949194188],[-74.346836144959212,4.8004531009804632],[-74.346804197712785,4.800411760132441],[-74.346776421166993,4.8003765632326152],[-74.34674845186845,4.8003417588719266],[-74.34673758343564,4.8003264407683588],[-74.346603887718757,4.8004312290547118],[-74.346635122700363,4.8004722853403434],[-74.346654026756994,4.8004971342690368],[-74.346704914314671,4.8005638277298726],[-74.346783927048932,4.8006673818531178],[-74.346808379639896,4.80069942949621],[-74.346842670272338,4.8007443721331757],[-74.346966190541622,4.8009062574566546],[-74.347180789496207,4.8011875127132679],[-74.347301458081972,4.8013456616370664],[-74.347445070672791,4.8015458466966745],[-74.347465070515199,4.8015741758002024],[-74.347563118197826,4.8017183179362899],[-74.347715341436611,4.8019273001272476],[-74.347833672589616,4.8020917229653088],[-74.347969946682355,4.8022893136627411]]]},"properties":{"FMI":"156-57413","RefName":"SECTOR 5-1","DATE_DEL":1749427200000,"PARCEL_ID":"SECTOR 5-1","ACT":1000,"EFR_ENTRG":"DELIVERED","FID":221,"CODIGO":" ","USO":" ","VERE":"MIRADOR MANABLANCA","MUNICIPIO":"FACATATIVA","CONNOTACI":" ","PROPIETARI":"INVIAS","GRAVAMENES":" ","TIPO_DE_AF":" ","LAND_AREA":0,"BUILT_AREA":0,"TOTAL_AREA":0,"REST_AREA":0,"SECTION":0,"pk_ini":38370,"pk_end":38720,"VISIT_DATE":null,"OBS":" ","ID":0,"shapeArea":5585.7565661600001,"plantArea":0,"Floors":0,"paso":0,"review":" ","SECTOR":"SUBURBANO","DIRECCION":" ","LyrName":" ","Color":3,"Shape_Leng":0,"Shape_Area":5587.0914775299998,"NOTIFY":" ","DATE_NOT":null,"dateMax":1749427200000,"ActivityId":" ","TYPE":"PROJECT","Trees":0,"Shape_Le_1":752.07545433600001,"use":"Public","PK_DE_REFE":"38+370 - 38+720","Layer":"PROJECT_DELIVERED","pasos":0,"ACTA_No":0}},{"type":"Feature","id":222,"geometry":{"type":"Polygon","coordinates":[[[-74.089502090734229,4.623595849588173],[-74.089527366167303,4.6236242616897378],[-74.089543754774724,4.6236103874805661],[-74.089517253674813,4.6235822195641827],[-74.089502090734229,4.623595849588173]]]},"properties":{"FMI":"50C- 777321","RefName":"OCUPACION 2","DATE_DEL":1758758400000,"PARCEL_ID":"OCUPACION 2","ACT":257,"EFR_ENTRG":"DELIVERED","FID":222,"CODIGO":" ","USO":" ","VERE":" ","MUNICIPIO":"BOGOTA D.C.","CONNOTACI":" ","PROPIETARI":"INVIAS","GRAVAMENES":" ","TIPO_DE_AF":" ","LAND_AREA":0,"BUILT_AREA":0,"TOTAL_AREA":0,"REST_AREA":0,"SECTION":0,"pk_ini":2325,"pk_end":2325,"VISIT_DATE":null,"OBS":" ","ID":0,"shapeArea":9.8443537844400009,"plantArea":0,"Floors":0,"paso":0,"review":" ","SECTOR":"URBANO","DIRECCION":"SECTOR 1 CORREDOR INVIAS","LyrName":" ","Color":3,"Shape_Leng":0,"Shape_Area":9.8444749481600002,"NOTIFY":" ","DATE_NOT":null,"dateMax":1764028800000,"ActivityId":" ","TYPE":"PROJECT","Trees":0,"Shape_Le_1":13.2202014198,"use":"Public","PK_DE_REFE":"2+325 - 2+325","Layer":"PROJECT_DELIVERED","pasos":1,"ACTA_No":1}},{"type":"Feature","id":223,"geometry":{"type":"Polygon","coordinates":[[[-74.089948901193864,4.6240767623131802],[-74.089975361763706,4.6241043478377275],[-74.089993578030857,4.6240884587825155],[-74.089968325121021,4.6240616229107587],[-74.089948901193864,4.6240767623131802]]]},"properties":{"FMI":"50C- 777321","RefName":"OCUPACION 3","DATE_DEL":1758758400000,"PARCEL_ID":"OCUPACION 3","ACT":258,"EFR_ENTRG":"DELIVERED","FID":223,"CODIGO":" ","USO":" ","VERE":" ","MUNICIPIO":"BOGOTA D.C.","CONNOTACI":" ","PROPIETARI":"INVIAS","GRAVAMENES":" ","TIPO_DE_AF":" ","LAND_AREA":0,"BUILT_AREA":0,"TOTAL_AREA":0,"REST_AREA":0,"SECTION":0,"pk_ini":2400,"pk_end":2400,"VISIT_DATE":null,"OBS":" ","ID":0,"shapeArea":11.2056558609,"plantArea":0,"Floors":0,"paso":0,"review":" ","SECTOR":"URBANO","DIRECCION":"SECTOR 1 CORREDOR INVIAS","LyrName":" ","Color":3,"Shape_Leng":0,"Shape_Area":11.2057120607,"NOTIFY":" ","DATE_NOT":null,"dateMax":1764028800000,"ActivityId":" ","TYPE":"PROJECT","Trees":0,"Shape_Le_1":13.810960922,"use":"Public","PK_DE_REFE":"2+400 - 2+400","Layer":"PROJECT_DELIVERED","pasos":1,"ACTA_No":1}},{"type":"Feature","id":224,"geometry":{"type":"Polygon","coordinates":[[[-74.09216673216153,4.6263020107413597],[-74.09215176657122,4.6263150258859147],[-74.092185522080811,4.6263523062861749],[-74.092200905802216,4.6263373170226849],[-74.09216673216153,4.6263020107413597]]]},"properties":{"FMI":"50C- 777321","RefName":"OCUPACION 4","DATE_DEL":1759449600000,"PARCEL_ID":"OCUPACION 4","ACT":259,"EFR_ENTRG":"DELIVERED","FID":224,"CODIGO":" ","USO":" ","VERE":" ","MUNICIPIO":"BOGOTA D.C.","CONNOTACI":" ","PROPIETARI":"INVIAS","GRAVAMENES":" ","TIPO_DE_AF":" ","LAND_AREA":0,"BUILT_AREA":0,"TOTAL_AREA":0,"REST_AREA":0,"SECTION":0,"pk_ini":2745,"pk_end":2745,"VISIT_DATE":null,"OBS":" ","ID":0,"shapeArea":12.5927312326,"plantArea":0,"Floors":0,"paso":0,"review":" ","SECTOR":"URBANO","DIRECCION":"SECTOR 1 CORREDOR INVIAS","LyrName":" ","Color":3,"Shape_Leng":0,"Shape_Area":12.592958917700001,"NOTIFY":" ","DATE_NOT":null,"dateMax":1764028800000,"ActivityId":" ","TYPE":"PROJECT","Trees":0,"Shape_Le_1":15.693443522900001,"use":"Public","PK_DE_REFE":"2+745 - 2+745","Layer":"PROJECT_DELIVERED","pasos":1,"ACTA_No":1}},{"type":"Feature","id":225,"geometry":{"type":"Polygon","coordinates":[[[-74.092471291207033,4.6267897984224335],[-74.092478843705933,4.6267978927447331],[-74.092529025468934,4.6268516710184988],[-74.092560104284232,4.6268852401672769],[-74.092586088102266,4.626860536568338],[-74.092496985813966,4.6267691325785494],[-74.092471291207033,4.6267897984224335]]]},"properties":{"FMI":"50C- 777321","RefName":"OCUPACION 5","DATE_DEL":1759449600000,"PARCEL_ID":"OCUPACION 5","ACT":260,"EFR_ENTRG":"DELIVERED","FID":225,"CODIGO":" ","USO":" ","VERE":" ","MUNICIPIO":"BOGOTA D.C.","CONNOTACI":" ","PROPIETARI":"INVIAS","GRAVAMENES":" ","TIPO_DE_AF":" ","LAND_AREA":0,"BUILT_AREA":0,"TOTAL_AREA":0,"REST_AREA":0,"SECTION":0,"pk_ini":2815,"pk_end":2815,"VISIT_DATE":null,"OBS":" ","ID":0,"shapeArea":54.287550708099999,"plantArea":0,"Floors":0,"paso":0,"review":" ","SECTOR":"URBANO","DIRECCION":"SECTOR 1 CORREDOR INVIAS","LyrName":" ","Color":3,"Shape_Leng":0,"Shape_Area":54.287337925700001,"NOTIFY":" ","DATE_NOT":null,"dateMax":1764028800000,"ActivityId":" ","TYPE":"PROJECT","Trees":0,"Shape_Le_1":36.444598503400002,"use":"Public","PK_DE_REFE":"2+815 - 2+815","Layer":"PROJECT_DELIVERED","pasos":1,"ACTA_No":1}},{"type":"Feature","id":226,"geometry":{"type":"Polygon","coordinates":[[[-74.09380950131208,4.6279944929074235],[-74.093790191867654,4.6280118642488839],[-74.093822204418842,4.6280431318495312],[-74.093840421570619,4.6280258934660417],[-74.09380950131208,4.6279944929074235]]]},"properties":{"FMI":"50C- 777321","RefName":"OCUPACION 6","DATE_DEL":1759449600000,"PARCEL_ID":"OCUPACION 6","ACT":261,"EFR_ENTRG":"DELIVERED","FID":226,"CODIGO":" ","USO":" ","VERE":" ","MUNICIPIO":"BOGOTA D.C.","CONNOTACI":" ","PROPIETARI":"INVIAS","GRAVAMENES":" ","TIPO_DE_AF":" ","LAND_AREA":0,"BUILT_AREA":0,"TOTAL_AREA":0,"REST_AREA":0,"SECTION":0,"pk_ini":3010,"pk_end":3010,"VISIT_DATE":null,"OBS":" ","ID":0,"shapeArea":13.894929450299999,"plantArea":0,"Floors":0,"paso":0,"review":" ","SECTOR":"URBANO","DIRECCION":"SECTOR 1 CORREDOR INVIAS","LyrName":" ","Color":3,"Shape_Leng":0,"Shape_Area":13.8952025686,"NOTIFY":" ","DATE_NOT":null,"dateMax":1764028800000,"ActivityId":" ","TYPE":"PROJECT","Trees":0,"Shape_Le_1":15.5949272521,"use":"Public","PK_DE_REFE":"3+010 - 3+010","Layer":"PROJECT_DELIVERED","pasos":1,"ACTA_No":1}},{"type":"Feature","id":227,"geometry":{"type":"Polygon","coordinates":[[[-74.09447595336313,4.6288759962152151],[-74.094570447491975,4.6289729757959002],[-74.094597498294519,4.6289447706093476],[-74.094504254210378,4.6288491094865982],[-74.09447595336313,4.6288759962152151]]]},"properties":{"FMI":"50C- 777321","RefName":"OCUPACION 7","DATE_DEL":1759449600000,"PARCEL_ID":"OCUPACION 7","ACT":262,"EFR_ENTRG":"DELIVERED","FID":227,"CODIGO":" ","USO":" ","VERE":" ","MUNICIPIO":"BOGOTA D.C.","CONNOTACI":" ","PROPIETARI":"INVIAS","GRAVAMENES":" ","TIPO_DE_AF":" ","LAND_AREA":0,"BUILT_AREA":0,"TOTAL_AREA":0,"REST_AREA":0,"SECTION":0,"pk_ini":3140,"pk_end":3140,"VISIT_DATE":null,"OBS":" ","ID":0,"shapeArea":64.435267001200003,"plantArea":0,"Floors":0,"paso":0,"review":" ","SECTOR":"URBANO","DIRECCION":"SECTOR 1 CORREDOR INVIAS","LyrName":" ","Color":3,"Shape_Leng":0,"Shape_Area":64.435380025599997,"NOTIFY":" ","DATE_NOT":null,"dateMax":1764028800000,"ActivityId":" ","TYPE":"PROJECT","Trees":0,"Shape_Le_1":38.704346027200003,"use":"Public","PK_DE_REFE":"3+140 - 3+140","Layer":"PROJECT_DELIVERED","pasos":1,"ACTA_No":1}},{"type":"Feature","id":228,"geometry":{"type":"Polygon","coordinates":[[[-74.097043666427837,4.6313180767830664],[-74.097027470686115,4.6313330761195708],[-74.097050044618285,4.6313555485093838],[-74.097066098887638,4.6313413503951306],[-74.097043666427837,4.6313180767830664]]]},"properties":{"FMI":"50C- 777321","RefName":"OCUPACION 8","DATE_DEL":1759449600000,"PARCEL_ID":"OCUPACION 8","ACT":263,"EFR_ENTRG":"DELIVERED","FID":228,"CODIGO":" ","USO":" ","VERE":" ","MUNICIPIO":"BOGOTA D.C.","CONNOTACI":" ","PROPIETARI":"INVIAS","GRAVAMENES":" ","TIPO_DE_AF":" ","LAND_AREA":0,"BUILT_AREA":0,"TOTAL_AREA":0,"REST_AREA":0,"SECTION":0,"pk_ini":3520,"pk_end":3520,"VISIT_DATE":null,"OBS":" ","ID":0,"shapeArea":8.5562993013799993,"plantArea":0,"Floors":0,"paso":0,"review":" ","SECTOR":"URBANO","DIRECCION":"SECTOR 1 CORREDOR INVIAS","LyrName":" ","Color":3,"Shape_Leng":0,"Shape_Area":8.5563939046499993,"NOTIFY":" ","DATE_NOT":null,"dateMax":1764028800000,"ActivityId":" ","TYPE":"PROJECT","Trees":0,"Shape_Le_1":12.0063725291,"use":"Public","PK_DE_REFE":"3+520 - 3+520","Layer":"PROJECT_DELIVERED","pasos":1,"ACTA_No":1}},{"type":"Feature","id":229,"geometry":{"type":"Polygon","coordinates":[[[-74.097716653472162,4.6320161057723794],[-74.097704990013241,4.6320294347336395],[-74.097721299287755,4.6320453040072556],[-74.097732979896577,4.6320329046761195],[-74.097716653472162,4.6320161057723794]]]},"properties":{"FMI":"50C- 777321","RefName":"OCUPACION 9","DATE_DEL":1759449600000,"PARCEL_ID":"OCUPACION 9","ACT":264,"EFR_ENTRG":"DELIVERED","FID":229,"CODIGO":" ","USO":" ","VERE":" ","MUNICIPIO":"BOGOTA D.C.","CONNOTACI":" ","PROPIETARI":"INVIAS","GRAVAMENES":" ","TIPO_DE_AF":" ","LAND_AREA":0,"BUILT_AREA":0,"TOTAL_AREA":0,"REST_AREA":0,"SECTION":0,"pk_ini":3630,"pk_end":3630,"VISIT_DATE":null,"OBS":" ","ID":0,"shapeArea":4.9148988688399999,"plantArea":0,"Floors":0,"paso":0,"review":" ","SECTOR":"URBANO","DIRECCION":"SECTOR 1 CORREDOR INVIAS","LyrName":" ","Color":3,"Shape_Leng":0,"Shape_Area":4.9149368213000004,"NOTIFY":" ","DATE_NOT":null,"dateMax":1764028800000,"ActivityId":" ","TYPE":"PROJECT","Trees":0,"Shape_Le_1":9.0243414891999993,"use":"Public","PK_DE_REFE":"3+630 - 3+630","Layer":"PROJECT_DELIVERED","pasos":1,"ACTA_No":1}},{"type":"Feature","id":230,"geometry":{"type":"Polygon","coordinates":[[[-74.135487455555335,4.6709260567107895],[-74.135506629421599,4.6709463035034782],[-74.135532005185368,4.6709242923367436],[-74.135511977717712,4.6709030553972095],[-74.135487455555335,4.6709260567107895]]]},"properties":{"FMI":"50C-456091","RefName":"OCUPACION 10","DATE_DEL":1759968000000,"PARCEL_ID":"OCUPACION 10","ACT":269,"EFR_ENTRG":"DELIVERED","FID":230,"CODIGO":" ","USO":" ","VERE":" ","MUNICIPIO":"BOGOTA D.C.","CONNOTACI":" ","PROPIETARI":"INVIAS","GRAVAMENES":" ","TIPO_DE_AF":" ","LAND_AREA":0,"BUILT_AREA":0,"TOTAL_AREA":0,"REST_AREA":0,"SECTION":0,"pk_ini":9635,"pk_end":9635,"VISIT_DATE":null,"OBS":" ","ID":0,"shapeArea":11.7616993048,"plantArea":0,"Floors":0,"paso":0,"review":" ","SECTOR":"URBANO","DIRECCION":"SECTOR 2 CORREDOR INVIAS","LyrName":" ","Color":3,"Shape_Leng":0,"Shape_Area":11.761656052199999,"NOTIFY":" ","DATE_NOT":null,"dateMax":1764028800000,"ActivityId":" ","TYPE":"PROJECT","Trees":0,"Shape_Le_1":13.8581349717,"use":"Public","PK_DE_REFE":"9+635 - 9+635","Layer":"PROJECT_DELIVERED","pasos":1,"ACTA_No":1}},{"type":"Feature","id":231,"geometry":{"type":"Polygon","coordinates":[[[-74.14917136214801,4.6852079138722722],[-74.149202118224409,4.6852423476789715],[-74.149222102901831,4.6852247884858809],[-74.149189478524093,4.6851914011561719],[-74.14917136214801,4.6852079138722722]]]},"properties":{"FMI":"50C-777298","RefName":"OCUPACION 11","DATE_DEL":1759968000000,"PARCEL_ID":"OCUPACION 11","ACT":270,"EFR_ENTRG":"DELIVERED","FID":231,"CODIGO":" ","USO":" ","VERE":" ","MUNICIPIO":"BOGOTA D.C.","CONNOTACI":" ","PROPIETARI":"INVIAS","GRAVAMENES":" ","TIPO_DE_AF":" ","LAND_AREA":0,"BUILT_AREA":0,"TOTAL_AREA":0,"REST_AREA":0,"SECTION":0,"pk_ini":11830,"pk_end":11830,"VISIT_DATE":null,"OBS":" ","ID":0,"shapeArea":14.5498225551,"plantArea":0,"Floors":0,"paso":0,"review":" ","SECTOR":"URBANO","DIRECCION":"SECTOR 3 CORREDOR INVIAS","LyrName":" ","Color":3,"Shape_Leng":0,"Shape_Area":14.5497200829,"NOTIFY":" ","DATE_NOT":null,"dateMax":1764028800000,"ActivityId":" ","TYPE":"PROJECT","Trees":0,"Shape_Le_1":16.053177437599999,"use":"Public","PK_DE_REFE":"11+830 - 11+830","Layer":"PROJECT_DELIVERED","pasos":1,"ACTA_No":1}},{"type":"Feature","id":232,"geometry":{"type":"Polygon","coordinates":[[[-74.151218645240803,4.6870948618485153],[-74.151198560793119,4.6871150625922784],[-74.151238208012089,4.6871538007779279],[-74.151257411118138,4.6871349195115659],[-74.151218645240803,4.6870948618485153]]]},"properties":{"FMI":"50C-777298","RefName":"OCUPACION 12","DATE_DEL":1759968000000,"PARCEL_ID":"OCUPACION 12","ACT":271,"EFR_ENTRG":"DELIVERED","FID":232,"CODIGO":" ","USO":" ","VERE":" ","MUNICIPIO":"BOGOTA D.C.","CONNOTACI":" ","PROPIETARI":"INVIAS","GRAVAMENES":" ","TIPO_DE_AF":" ","LAND_AREA":0,"BUILT_AREA":0,"TOTAL_AREA":0,"REST_AREA":0,"SECTION":0,"pk_ini":12135,"pk_end":12135,"VISIT_DATE":null,"OBS":" ","ID":0,"shapeArea":18.8958928801,"plantArea":0,"Floors":0,"paso":0,"review":" ","SECTOR":"URBANO","DIRECCION":"SECTOR 3 CORREDOR INVIAS","LyrName":" ","Color":3,"Shape_Leng":0,"Shape_Area":18.895027027899999,"NOTIFY":" ","DATE_NOT":null,"dateMax":1764028800000,"ActivityId":" ","TYPE":"PROJECT","Trees":0,"Shape_Le_1":18.576127637500001,"use":"Public","PK_DE_REFE":"12+135 - 12+135","Layer":"PROJECT_DELIVERED","pasos":1,"ACTA_No":1}},{"type":"Feature","id":233,"geometry":{"type":"Polygon","coordinates":[[[-74.086436890886262,4.6206498927148587],[-74.086470833310401,4.620689296713592],[-74.086521997694874,4.6206215894309031],[-74.086489709073419,4.6205865459989974],[-74.086436890886262,4.6206498927148587]]]},"properties":{"FMI":"50C- 777321","RefName":"OCUPACION 1","DATE_DEL":1758758400000,"PARCEL_ID":"OCUPACION 1","ACT":256,"EFR_ENTRG":"DELIVERED","FID":233,"CODIGO":" ","USO":" ","VERE":" ","MUNICIPIO":"BOGOTA D.C.","CONNOTACI":" ","PROPIETARI":"INVIAS","GRAVAMENES":" ","TIPO_DE_AF":" ","LAND_AREA":0,"BUILT_AREA":0,"TOTAL_AREA":0,"REST_AREA":0,"SECTION":0,"pk_ini":1855,"pk_end":1855,"VISIT_DATE":null,"OBS":" ","ID":0,"shapeArea":50.370744547999998,"plantArea":0,"Floors":0,"paso":0,"review":" ","SECTOR":"URBANO","DIRECCION":"SECTOR 1 CORREDOR INVIAS","LyrName":" ","Color":3,"Shape_Leng":0,"Shape_Area":50.372205213000001,"NOTIFY":" ","DATE_NOT":null,"dateMax":1764028800000,"ActivityId":" ","TYPE":"PROJECT","Trees":0,"Shape_Le_1":29.7799033344,"use":"Public","PK_DE_REFE":"1+855 - 1+855","Layer":"PROJECT_DELIVERED","pasos":1,"ACTA_No":1}},{"type":"Feature","id":234,"geometry":{"type":"Polygon","coordinates":[[[-74.207853515624862,4.6979450857259994],[-74.207848195513506,4.6978792152456492],[-74.207795412044717,4.6978823675747901],[-74.207801865124154,4.697948305666924],[-74.207853515624862,4.6979450857259994]]]},"properties":{"FMI":"50C-776980","RefName":"OCUPACION 13","DATE_DEL":1759968000000,"PARCEL_ID":"OCUPACION 13","ACT":272,"EFR_ENTRG":"DELIVERED","FID":234,"CODIGO":" ","USO":" ","VERE":" ","MUNICIPIO":"MOSQUERA","CONNOTACI":" ","PROPIETARI":"INVIAS","GRAVAMENES":" ","TIPO_DE_AF":" ","LAND_AREA":0,"BUILT_AREA":0,"TOTAL_AREA":0,"REST_AREA":0,"SECTION":0,"pk_ini":18880,"pk_end":18880,"VISIT_DATE":null,"OBS":" ","ID":0,"shapeArea":42.451338047100002,"plantArea":0,"Floors":0,"paso":0,"review":" ","SECTOR":"SUBURBANO","DIRECCION":"SECTOR 4 CORREDOR INVIAS","LyrName":" ","Color":3,"Shape_Leng":0,"Shape_Area":42.451301112400003,"NOTIFY":" ","DATE_NOT":null,"dateMax":1764028800000,"ActivityId":" ","TYPE":"PROJECT","Trees":0,"Shape_Le_1":26.4283140587,"use":"Public","PK_DE_REFE":"18+880 - 18+880","Layer":"PROJECT_DELIVERED","pasos":1,"ACTA_No":1}},{"type":"Feature","id":235,"geometry":{"type":"Polygon","coordinates":[[[-74.24064220358251,4.7163463080039971],[-74.241352309414978,4.7169370187761954],[-74.241392362210632,4.7168860590072352],[-74.241399331421661,4.7168707637666634],[-74.24132391342178,4.7168137235703211],[-74.241343289208061,4.7167927735011643],[-74.240712727757725,4.7162706716899976],[-74.24064220358251,4.7163463080039971]]]},"properties":{"FMI":"50C-776980","RefName":"3-OCUPACION 15","DATE_DEL":1761868800000,"PARCEL_ID":"3-OCUPACION 15","ACT":295,"EFR_ENTRG":"DELIVERED","FID":235,"CODIGO":" ","USO":" ","VERE":" ","MUNICIPIO":"MOSQUERA","CONNOTACI":" ","PROPIETARI":"INVIAS","GRAVAMENES":" ","TIPO_DE_AF":" ","LAND_AREA":0,"BUILT_AREA":0,"TOTAL_AREA":0,"REST_AREA":0,"SECTION":0,"pk_ini":23220,"pk_end":23321,"VISIT_DATE":null,"OBS":" ","ID":0,"shapeArea":1144.4591733100001,"plantArea":0,"Floors":0,"paso":0,"review":" ","SECTOR":"SUBURBANO","DIRECCION":"SECTOR 4 CORREDOR INVIAS","LyrName":" ","Color":3,"Shape_Leng":0,"Shape_Area":1144.46326099,"NOTIFY":" ","DATE_NOT":null,"dateMax":1764028800000,"ActivityId":"P-1770","TYPE":"PROJECT","Trees":0,"Shape_Le_1":228.586977276,"use":"Public","PK_DE_REFE":"23+220 - 23+321","Layer":"PROJECT_DELIVERED","pasos":1,"ACTA_No":1}},{"type":"Feature","id":236,"geometry":{"type":"Polygon","coordinates":[[[-74.211519732366483,4.6976587195104553],[-74.211520586645108,4.697667254187345],[-74.211543629521884,4.6976657766436709],[-74.211543163720009,4.6976572834902237],[-74.211519732366483,4.6976587195104553]]]},"properties":{"FMI":"50C-776980","RefName":"OCUPACION 14","DATE_DEL":1760486400000,"PARCEL_ID":"OCUPACION 14","ACT":273,"EFR_ENTRG":"DELIVERED","FID":236,"CODIGO":" ","USO":" ","VERE":" ","MUNICIPIO":"MOSQUERA","CONNOTACI":" ","PROPIETARI":"INVIAS","GRAVAMENES":" ","TIPO_DE_AF":" ","LAND_AREA":0,"BUILT_AREA":0,"TOTAL_AREA":0,"REST_AREA":0,"SECTION":0,"pk_ini":19292,"pk_end":19292,"VISIT_DATE":null,"OBS":" ","ID":0,"shapeArea":2.4391205335000001,"plantArea":0,"Floors":0,"paso":0,"review":" ","SECTOR":"SUBURBANO","DIRECCION":"SECTOR 4 CORREDOR INVIAS","LyrName":" ","Color":3,"Shape_Leng":0,"Shape_Area":2.4390600567599998,"NOTIFY":" ","DATE_NOT":null,"dateMax":1764028800000,"ActivityId":" ","TYPE":"PROJECT","Trees":0,"Shape_Le_1":7.0917799339599998,"use":"Public","PK_DE_REFE":"19+292 - 19+292","Layer":"PROJECT_DELIVERED","pasos":1,"ACTA_No":1}},{"type":"Feature","id":237,"geometry":{"type":"MultiPolygon","coordinates":[[[[-74.07778234733118,4.6125502446228799],[-74.077782870936915,4.6125503793649774],[-74.077783341357517,4.6125155145681402],[-74.077830029651366,4.6124529706083086],[-74.077707457242454,4.6123513098470781],[-74.077663241876394,4.612411278321459],[-74.077644601158894,4.6124214988454106],[-74.077619772699961,4.6124164925854387],[-74.077618420878139,4.6124154074127315],[-74.07778234733118,4.6125502446228799]]],[[[-74.078321236318985,4.6129894923548012],[-74.07845530123592,4.6131016276242462],[-74.078447450728078,4.6130854377595796],[-74.078451039330687,4.6130576320083101],[-74.078494989713462,4.6129977322139482],[-74.078386153447113,4.6129048017681002],[-74.078321236318985,4.6129894923548012]]],[[[-74.076879905647502,4.6131383836884226],[-74.076916033523048,4.6131934743293517],[-74.077005223250111,4.6131346815400551],[-74.076973509518055,4.6130863696201718],[-74.076981989979075,4.6130521830634281],[-74.076981908870039,4.613051721864899],[-74.07684909760961,4.6131285718890203],[-74.076849898789035,4.6131296932350763],[-74.076860502490931,4.6131273076731123],[-74.076879905647502,4.6131383836884226]]],[[[-74.077927813667529,4.6132045486411473],[-74.077939497029362,4.6132126295548526],[-74.077952301502293,4.6132187698168217],[-74.077959103877831,4.6132207936599681],[-74.077961171266352,4.6132212087372633],[-74.077933525559288,4.6131848979655103],[-74.077830934740533,4.613050156624392],[-74.077591602584889,4.6128099563871361],[-74.077504438878421,4.6127649904446519],[-74.077461285106679,4.6127372986395052],[-74.077254203104459,4.6126044182703003],[-74.07724730250051,4.6126129920380121],[-74.077189585076297,4.6126812819448579],[-74.077182764680657,4.6126861073438974],[-74.077169127494614,4.6126943727377467],[-74.077157871318548,4.6127010275550617],[-74.077188898349632,4.6126835372955393],[-74.077401668837553,4.6127750111040511],[-74.077332430281203,4.6128492712798987],[-74.077351567582213,4.6128461649769736],[-74.077364961438334,4.6128512001820079],[-74.077467955887997,4.6129343334816877],[-74.077489913093316,4.6129071842655405],[-74.077465158519303,4.6128846958649854],[-74.0774934314381,4.6128497388301026],[-74.077927813667529,4.6132045486411473]]],[[[-74.076240633931263,4.6131447455654397],[-74.076212831406039,4.6131620015726833],[-74.076236338640257,4.6132001671453642],[-74.076240237272415,4.6132147211292729],[-74.076236059215802,4.6132269618718862],[-74.076241103311162,4.613231252835309],[-74.076255392099284,4.6132216572194968],[-74.076365641508147,4.6131485927154365],[-74.07636504670694,4.6131480130513056],[-74.076353815778702,4.6131370663516957],[-74.076325800672947,4.6130918851326497],[-74.076240633931263,4.6131447455654397]]],[[[-74.076370397673912,4.6134307141589392],[-74.076381581737579,4.6134456027485848],[-74.07640072351488,4.6134747053064951],[-74.076512018359622,4.613400559226231],[-74.07649273959548,4.6133711202674732],[-74.076489954853727,4.6133608671884474],[-74.076492211522165,4.6133436400722907],[-74.076504293240191,4.6133283192571044],[-74.07633031971254,4.613428839457451],[-74.076330832503302,4.6134294372076869],[-74.076336219957824,4.6134374096199755],[-74.076353912642375,4.6134267008013214],[-74.076370397673912,4.6134307141589392]]],[[[-74.075879845491883,4.6137103206532073],[-74.075894097300733,4.6137201487346475],[-74.075900786104242,4.6137300654211648],[-74.075918006484471,4.613755699051584],[-74.076007145899112,4.6136952677775085],[-74.07599168828105,4.6136765358523872],[-74.075982755460942,4.6136609654112597],[-74.075980846724818,4.6136425265115575],[-74.075981866905266,4.613640683528498],[-74.075988845948658,4.6136280828778666],[-74.075989648935163,4.6136266359824329],[-74.075989759785145,4.613626437034311],[-74.075846815928514,4.6137078255833996],[-74.075846947505511,4.6137080579915715],[-74.075863513663592,4.6137062240880029],[-74.075879845491883,4.6137103206532073]]],[[[-74.075306040289789,4.6137185374810894],[-74.075311495326034,4.6137265885763084],[-74.075315124482813,4.6137397689162727],[-74.075311393389285,4.6137589050238441],[-74.07530116184067,4.6137724506623563],[-74.075305004633194,4.6137702305914763],[-74.075466266708403,4.6136793822101456],[-74.075466950732491,4.6136789879326336],[-74.075896827735392,4.6134312721062063],[-74.075896553766839,4.6134308163329729],[-74.07589653123641,4.6134308289932671],[-74.075816626160389,4.6132977450147186],[-74.075369078113994,4.6135639403301552],[-74.075368742861087,4.6135641392775053],[-74.075368760885311,4.613564170928445],[-74.075399942795798,4.6136182026830763],[-74.075369946665305,4.613637762834264],[-74.075387076900228,4.6136642157828645],[-74.075341181482244,4.6136942604636371],[-74.075310886341214,4.6136493993243084],[-74.07527546847723,4.6136734810082993],[-74.075285468324495,4.6136882149742267],[-74.075306040289789,4.6137185374810894]]],[[[-74.075514739798905,4.6139004429114188],[-74.075303867407627,4.6140270548309106],[-74.075301819840178,4.6140282259069156],[-74.075343523535096,4.6140604393914426],[-74.075361554995808,4.6140868597879132],[-74.075385494961353,4.6140703326773567],[-74.075502981337792,4.6140044793043291],[-74.075527557555574,4.6139881384787467],[-74.075502579547219,4.6139503183259887],[-74.075498870192064,4.6139320114494016],[-74.075503743994886,4.6139231781561323],[-74.075512121744438,4.6139079875683544],[-74.075516999151816,4.6138991470405051],[-74.075514739798905,4.6139004429114188]]],[[[-74.080440541266285,4.6150028821133526],[-74.080455329398191,4.6150151463136186],[-74.080584016332125,4.6148646060716336],[-74.080551740012424,4.6148375962591173],[-74.080606617562822,4.6147714963359876],[-74.080608004534682,4.6147710948159837],[-74.08063768065729,4.6147561229179193],[-74.080710600724416,4.6147258100981885],[-74.080782120291161,4.6146949519780582],[-74.080937274459515,4.6146311729249749],[-74.081079567352731,4.6145719118389508],[-74.081099872674102,4.6145714161742131],[-74.081115835057034,4.6145762903279088],[-74.081123771205739,4.6145822840588053],[-74.081178907934998,4.6146333890860909],[-74.081185753642927,4.6146453946794379],[-74.081190321107528,4.6146639375465428],[-74.081187188595223,4.6146870399880777],[-74.081163249729954,4.6147202852857854],[-74.081187892726604,4.614741543694195],[-74.081244903377282,4.6146726141223446],[-74.081259074929193,4.6146554782642477],[-74.08125960484108,4.6146547430568488],[-74.081264519142991,4.614647925432525],[-74.081268598008208,4.6146395496852888],[-74.08127119076309,4.6146305978999722],[-74.081271325939241,4.6146293779841301],[-74.081271595390461,4.6146269580472845],[-74.081272221706811,4.6146213332314225],[-74.081271658397029,4.6146120278773681],[-74.081270681465938,4.6146098204601369],[-74.081236826842314,4.6145333204754646],[-74.081332295791654,4.6145925505094558],[-74.081203305015478,4.6143290386723042],[-74.081118051393616,4.6142677051419172],[-74.081071686589866,4.6142869183614339],[-74.081089391211137,4.614330260075695],[-74.081062805362436,4.6143400204347715],[-74.081055291933723,4.6143433103547062],[-74.081025688820205,4.6143551578765285],[-74.080964966397772,4.614307415091365],[-74.080898665429189,4.6142549319308657],[-74.080883433157638,4.6142748675329361],[-74.080840300258842,4.6143258726690606],[-74.080819730018078,4.6143331814044428],[-74.080845764739124,4.6144120543575715],[-74.080845548459806,4.6144147835682991],[-74.080842574488187,4.614424293313605],[-74.080833817401668,4.614432635620898],[-74.080818601279148,4.6144380488958863],[-74.080809592730049,4.6144415015960947],[-74.08071730557819,4.614479865592215],[-74.080693909124619,4.6144893184573572],[-74.080689205684294,4.6144918984768957],[-74.080662070085964,4.6145026318616802],[-74.080625594302319,4.6145201005926095],[-74.080613333263756,4.6145247099179914],[-74.080611856165476,4.6145239141310235],[-74.080447505984523,4.6145909378181065],[-74.080338967166881,4.6146352006506737],[-74.080327329707771,4.6146248409136783],[-74.080295817744144,4.6146243310069224],[-74.080177493868817,4.6145274743603224],[-74.0799806656849,4.6143640344789096],[-74.079853180095526,4.6142580153332835],[-74.079846727365904,4.6142526500791607],[-74.079825849722155,4.6142352909993356],[-74.079825422537994,4.6142329967644775],[-74.07982376607282,4.614224107395632],[-74.079823337987435,4.6142218131607713],[-74.079829402220327,4.6142050544549544],[-74.079874027567172,4.6141445052798673],[-74.079764859354526,4.614069070748938],[-74.079721955318789,4.6141270245402035],[-74.079696668089483,4.6141294083816486],[-74.079472290787365,4.6139464280958258],[-74.079115805872689,4.613649899178399],[-74.079161122471533,4.6135865611513527],[-74.079047138291145,4.6134968221329329],[-74.079007757961364,4.613543204314305],[-74.078981264011063,4.6135401559383409],[-74.078706801044504,4.6133138753032226],[-74.078587158594274,4.6134635940836404],[-74.078867849004212,4.6137008223377372],[-74.078874684769033,4.6137222463498571],[-74.07887103486938,4.6137356247296708],[-74.078855998116794,4.6137558767969278],[-74.078850487194089,4.6137632984854324],[-74.078839832146514,4.6137798672864889],[-74.078930125129403,4.6138479300574682],[-74.078951595738033,4.6138641144630084],[-74.078965823203617,4.6138466368207087],[-74.078975984388975,4.6138330802778222],[-74.078989885625873,4.6138217637046308],[-74.07900769545742,4.6138201747932763],[-74.079019910554493,4.6138260871508443],[-74.079575317021764,4.6142855542666084],[-74.079580071893403,4.6143034161977878],[-74.079568179514993,4.6143307517363592],[-74.079564071791509,4.6143387295772991],[-74.079551852245842,4.6143575582657528],[-74.07965773645472,4.6144360882943039],[-74.079669554971034,4.6144217721156897],[-74.079672426236669,4.6144179287864553],[-74.079707137471715,4.614405674365428],[-74.079734440774075,4.6144164518552495],[-74.079820119702177,4.6144878848921573],[-74.080032517360621,4.6146648215994546],[-74.080283173716765,4.6148693359524495],[-74.080281137871992,4.6148707919006249],[-74.080282560908174,4.6148743168981179],[-74.080236864885478,4.6149300461258154],[-74.080313789507443,4.6150042418047867],[-74.080354747854514,4.6149552270981369],[-74.080380981386099,4.6149520293498325],[-74.080440541266285,4.6150028821133526]]],[[[-74.073494224599159,4.6148520947715443],[-74.073469839265428,4.6148857575985831],[-74.073432159127179,4.6149264694503378],[-74.073308469892652,4.6150494441306558],[-74.073369078067998,4.6151395011703471],[-74.073654658678763,4.6149749091909094],[-74.07406024020726,4.6147399876376873],[-74.07407076098265,4.6147475187881541],[-74.074138959953899,4.6146951233536271],[-74.07414124904507,4.614695295183517],[-74.074172038326878,4.6146752937849786],[-74.074174673467382,4.6146793342575521],[-74.07421671268483,4.6146501993717797],[-74.074205413192644,4.6146567257295867],[-74.074300272151191,4.6143593155578477],[-74.074303029913651,4.6143506685513778],[-74.074287385699776,4.6143484529193275],[-74.074287751605979,4.614345757170784],[-74.074281124980146,4.6143409163654967],[-74.07426711115032,4.6143205186694356],[-74.074251689479055,4.6143311894651466],[-74.07418440084146,4.6143703476152877],[-74.074140513817611,4.6142775850251407],[-74.074111533309093,4.6142944602291101],[-74.074121641296415,4.6143072128669402],[-74.074193346140959,4.6144090548680632],[-74.073924550216532,4.6145601385589403],[-74.073846088046466,4.6144628849687672],[-74.073804131704534,4.614498270428685],[-74.073793395602095,4.6144797066825642],[-74.073793300974017,4.614479761845022],[-74.073817723737861,4.6145219932820281],[-74.073796504487973,4.6145399591120162],[-74.073899556352771,4.6146410670050733],[-74.073867673038606,4.614650950958155],[-74.073761478529107,4.6145696139886585],[-74.073693813937908,4.6146269026151296],[-74.073768006973481,4.6147366031315773],[-74.073732886432651,4.6147555247425602],[-74.073713042685171,4.614725721269247],[-74.073494224599159,4.6148520947715443]]]]},"properties":{"FMI":"VIA","RefName":"RAMAL METRO","DATE_DEL":null,"PARCEL_ID":"RAMAL METRO","ACT":0,"EFR_ENTRG":"NO DELIVERED","FID":237,"CODIGO":" ","USO":" ","VERE":" ","MUNICIPIO":"BOGOTA D.C.","CONNOTACI":" ","PROPIETARI":"IDU","GRAVAMENES":" ","TIPO_DE_AF":" ","LAND_AREA":0,"BUILT_AREA":0,"TOTAL_AREA":0,"REST_AREA":0,"SECTION":0,"pk_ini":605,"pk_end":950,"VISIT_DATE":null,"OBS":" ","ID":0,"shapeArea":9593.9665896299994,"plantArea":0,"Floors":0,"paso":0,"review":" ","SECTOR":"URBANO","DIRECCION":" ","LyrName":" ","Color":1,"Shape_Leng":0,"Shape_Area":15452.6863476,"NOTIFY":" ","DATE_NOT":null,"dateMax":1773014400000,"ActivityId":" ","TYPE":"PROJECT","Trees":0,"Shape_Le_1":928.491291273,"use":"Public","PK_DE_REFE":"0+605 - 0+950","Layer":"PROJECT_NO_DELIVERED","pasos":1,"ACTA_No":1}},{"type":"Feature","id":238,"geometry":{"type":"Polygon","coordinates":[[[-74.07426711115032,4.6143205186694356],[-74.074281124980146,4.6143409163654967],[-74.074287751605979,4.614345757170784],[-74.074287385699776,4.6143484529193275],[-74.074303029913651,4.6143506685513778],[-74.074303384998103,4.6143495544421729],[-74.074303700428445,4.6143485660319987],[-74.07430624457028,4.6143470965385927],[-74.074406604333376,4.6142891306681211],[-74.074458358638395,4.6142592389020436],[-74.07530116184067,4.6137724506623563],[-74.075311393389285,4.6137589050238441],[-74.075315124482813,4.6137397689162727],[-74.075311495326034,4.6137265885763084],[-74.075306040289789,4.6137185374810894],[-74.07426808086268,4.6143198476753247],[-74.07426711115032,4.6143205186694356]]]},"properties":{"FMI":"SIN INFORMACION CONSTRUCCION","RefName":"RENOBO","DATE_DEL":null,"PARCEL_ID":"R1","ACT":0,"EFR_ENTRG":"NO DELIVERED","FID":238,"CODIGO":" ","USO":" ","VERE":" ","MUNICIPIO":"BOGOTA D.C.","CONNOTACI":" ","PROPIETARI":"SIN INFORMACION CONSTRUCCION","GRAVAMENES":" ","TIPO_DE_AF":" ","LAND_AREA":0,"BUILT_AREA":0,"TOTAL_AREA":0,"REST_AREA":0,"SECTION":0,"pk_ini":50,"pk_end":185,"VISIT_DATE":null,"OBS":" ","ID":0,"shapeArea":0,"plantArea":0,"Floors":0,"paso":0,"review":" ","SECTOR":"URBANO","DIRECCION":" ","LyrName":" ","Color":1,"Shape_Leng":0,"Shape_Area":635.08512327200003,"NOTIFY":" ","DATE_NOT":-2209161600000,"dateMax":1792022400000,"ActivityId":" ","TYPE":"PROJECT","Trees":0,"Shape_Le_1":282.33109139999999,"use":"Private","PK_DE_REFE":"0+050 - 0+185","Layer":"PROJECT_NO_DELIVERED","pasos":5,"ACTA_No":5}},{"type":"Feature","id":239,"geometry":{"type":"Polygon","coordinates":[[[-74.324412291066537,4.7802105845224503],[-74.324667362931308,4.7804099255726813],[-74.32469411380518,4.7804308314342556],[-74.324733631488954,4.7804617152354121],[-74.325148945162454,4.7807623890654511],[-74.325360053675752,4.7809152250135805],[-74.325445079938063,4.7809767814693611],[-74.325381234576724,4.7809282627551202],[-74.324950703197757,4.780608323077284],[-74.324570280242838,4.7803180377758023],[-74.324418624418385,4.7802029300704527],[-74.324412291066537,4.7802105845224503]]]},"properties":{"FMI":"156-31592","RefName":"PRG-144","DATE_DEL":1682035200000,"PARCEL_ID":"PRG-144","ACT":154,"EFR_ENTRG":"DELIVERED","FID":239,"CODIGO":"252690001000000070011000000000","USO":"Privado","VERE":"CORZO","MUNICIPIO":"FACATATIVA","CONNOTACI":"PRIVADO","PROPIETARI":"SOCIEDAD HATLEE COLOMBIA LTDA","GRAVAMENES":"N/A","TIPO_DE_AF":"PARCIAL","LAND_AREA":136.43000000000001,"BUILT_AREA":0,"TOTAL_AREA":0,"REST_AREA":0,"SECTION":16,"pk_ini":34942,"pk_end":35488,"VISIT_DATE":1681430400000,"OBS":" ","ID":183,"shapeArea":144.60713789900001,"plantArea":0,"Floors":0,"paso":0,"review":"v","SECTOR":"SUBURBANO","DIRECCION":"SANTA TECLA","LyrName":" ","Color":3,"Shape_Leng":314.62065392,"Shape_Area":136.42076392000001,"NOTIFY":"1-2023-1752","DATE_NOT":null,"dateMax":1682035200000,"ActivityId":" ","TYPE":"PROJECT","Trees":0,"Shape_Le_1":287.74263445399998,"use":"Private","PK_DE_REFE":"34+942 - 35+488","Layer":"PROJECT_DELIVERED","pasos":0,"ACTA_No":0}},{"type":"Feature","id":240,"geometry":{"type":"Polygon","coordinates":[[[-74.316125624091498,4.7722101260151089],[-74.316132108668242,4.7722174386344083],[-74.316169869086778,4.772260014365747],[-74.316246226682026,4.7721893259047503],[-74.316209622290302,4.7721323045060267],[-74.316125624091498,4.7722101260151089]]]},"properties":{"FMI":"50C-2082630","RefName":"47","DATE_DEL":1754265600000,"PARCEL_ID":"PRGA1-119A","ACT":237,"EFR_ENTRG":"DELIVERED","FID":240,"CODIGO":"254300000000000050901900000000 ME","USO":" ","VERE":" ","MUNICIPIO":"MADRID","CONNOTACI":" ","PROPIETARI":"GOBERNACION DE CUNDINAMARCA","GRAVAMENES":" ","TIPO_DE_AF":" ","LAND_AREA":168.16999999999999,"BUILT_AREA":100.48999999999999,"TOTAL_AREA":0,"REST_AREA":0,"SECTION":0,"pk_ini":33640,"pk_end":33640,"VISIT_DATE":1753660800000,"OBS":" ","ID":0,"shapeArea":0,"plantArea":0,"Floors":0,"paso":0,"review":" ","SECTOR":"SUBURBANO","DIRECCION":"CASA 2 CONJUNTO RESIDENCIAL","LyrName":" ","Color":3,"Shape_Leng":0,"Shape_Area":89.403137052700004,"NOTIFY":"1-2025-00069","DATE_NOT":null,"dateMax":1756512000000,"ActivityId":"P-2470","TYPE":"PROJECT","Trees":0,"Shape_Le_1":39.368149776300001,"use":"Private","PK_DE_REFE":"33+640 - 33+640","Layer":"PROJECT_DELIVERED","pasos":1,"ACTA_No":1}},{"type":"Feature","id":241,"geometry":{"type":"Polygon","coordinates":[[[-74.316243502590297,4.7723848986552273],[-74.316268655244343,4.772423032327386],[-74.316351085336166,4.7723540219297815],[-74.316326730275009,4.772315440355273],[-74.316264837362851,4.7723670937300815],[-74.316243502590297,4.7723848986552273]]]},"properties":{"FMI":"50C-1985560","RefName":"50","DATE_DEL":1752796800000,"PARCEL_ID":"PRGA1-122A","ACT":233,"EFR_ENTRG":"DELIVERED","FID":241,"CODIGO":"254300000000000050092000000000 ME","USO":" ","VERE":" ","MUNICIPIO":"MADRID","CONNOTACI":" ","PROPIETARI":"GOBERNACION DE CUNDINAMARCA","GRAVAMENES":" ","TIPO_DE_AF":" ","LAND_AREA":17.27,"BUILT_AREA":218.58000000000001,"TOTAL_AREA":0,"REST_AREA":42.729999999999997,"SECTION":0,"pk_ini":33660,"pk_end":33660,"VISIT_DATE":1752451200000,"OBS":" ","ID":0,"shapeArea":0,"plantArea":0,"Floors":0,"paso":0,"review":" ","SECTOR":"SUBURBANO","DIRECCION":"LO","LyrName":" ","Color":3,"Shape_Leng":0,"Shape_Area":60.000687761999998,"NOTIFY":"1-2025-00786","DATE_NOT":null,"dateMax":1753574400000,"ActivityId":"P-2500","TYPE":"PROJECT","Trees":0,"Shape_Le_1":34.258284633599999,"use":"Private","PK_DE_REFE":"33+660 - 33+660","Layer":"PROJECT_DELIVERED","pasos":1,"ACTA_No":1}},{"type":"Feature","id":242,"geometry":{"type":"Polygon","coordinates":[[[-74.272830101675055,4.7406324010101688],[-74.272850417302209,4.7406469454904538],[-74.273201587176928,4.7408850935904816],[-74.273405120941121,4.7410260256730439],[-74.273882120805553,4.741352207708692],[-74.27411372083651,4.7415151332625607],[-74.275802869115665,4.7426597446785763],[-74.275812982424895,4.7426435059367069],[-74.275784973909936,4.7426242921334323],[-74.275767161886222,4.742633980512216],[-74.273605832654439,4.7411512200175192],[-74.273568627566263,4.7411256966993101],[-74.273494074976881,4.741074635628034],[-74.273419197953217,4.7410237500748131],[-74.27334405603888,4.7409732281174986],[-74.273268674478373,4.7409230914521192],[-74.273193242556488,4.740873327364775],[-74.27311788099199,4.7408237043199133],[-74.273042544679541,4.7407740921107919],[-74.272967439124628,4.7407244635502321],[-74.27289264177567,4.740674570837597],[-74.272830101675055,4.7406324010101688]]]},"properties":{"FMI":"50C - 1784346","RefName":"PRG-110","DATE_DEL":1681084800000,"PARCEL_ID":"PRG-110","ACT":133,"EFR_ENTRG":"DELIVERED","FID":242,"CODIGO":"254300000000000040059000000000","USO":"Privado","VERE":"FUNZA","MUNICIPIO":"MADRID","CONNOTACI":"PRIVADO","PROPIETARI":"PINEROS OSPINA Y CIA S EN C","GRAVAMENES":"N/A","TIPO_DE_AF":"PARCIAL","LAND_AREA":326.51999999999998,"BUILT_AREA":8.8800000000000008,"TOTAL_AREA":104314762,"REST_AREA":0,"SECTION":15,"pk_ini":27670,"pk_end":28090,"VISIT_DATE":1679529600000,"OBS":" ","ID":152,"shapeArea":667.97920861199998,"plantArea":42.303107685400001,"Floors":1,"paso":0,"review":"V","SECTOR":"SUBURBANO","DIRECCION":"LO 2","LyrName":" ","Color":3,"Shape_Leng":844.77159431300004,"Shape_Area":326.560660799,"NOTIFY":"1-2023-931","DATE_NOT":null,"dateMax":1681084800000,"ActivityId":" ","TYPE":"PROJECT","Trees":0,"Shape_Le_1":805.27410963199998,"use":"Private","PK_DE_REFE":"27+670 - 28+090","Layer":"PROJECT_DELIVERED","pasos":0,"ACTA_No":0}},{"type":"Feature","id":243,"geometry":{"type":"Polygon","coordinates":[[[-74.263234564828466,4.7338603526183318],[-74.263034923648505,4.7337228164816301],[-74.262943433401631,4.7338652895132256],[-74.263137921940753,4.7340010880826275],[-74.263152992280936,4.733978983780923],[-74.263234564828466,4.7338603526183318]]]},"properties":{"FMI":"50C-1520845","RefName":"24","DATE_DEL":1756425600000,"PARCEL_ID":"PRGA1-107","ACT":245,"EFR_ENTRG":"DELIVERED","FID":243,"CODIGO":"254300102000000280091000000000","USO":" ","VERE":" ","MUNICIPIO":"MADRID","CONNOTACI":" ","PROPIETARI":"MARIA ERNESTINA ACERO DE ROJAS","GRAVAMENES":" ","TIPO_DE_AF":" ","LAND_AREA":413.88999999999999,"BUILT_AREA":46.07,"TOTAL_AREA":0,"REST_AREA":0,"SECTION":0,"pk_ini":26360,"pk_end":26390,"VISIT_DATE":1755734400000,"OBS":" ","ID":0,"shapeArea":451.13726699,"plantArea":0,"Floors":0,"paso":0,"review":" ","SECTOR":"SUBURBANO","DIRECCION":" ","LyrName":" ","Color":3,"Shape_Leng":0,"Shape_Area":499.97622731000001,"NOTIFY":" ","DATE_NOT":null,"dateMax":1762992000000,"ActivityId":"P-6060","TYPE":"PROJECT","Trees":0,"Shape_Le_1":91.395733738600001,"use":"Private","PK_DE_REFE":"26+360 - 26+390","Layer":"PROJECT_DELIVERED","pasos":1,"ACTA_No":1}},{"type":"Feature","id":244,"geometry":{"type":"Polygon","coordinates":[[[-74.078311062780358,4.6132381687754425],[-74.07831828873293,4.6132442041370698],[-74.078587158594274,4.6134635940836404],[-74.078706801044504,4.6133138753032226],[-74.078459259384417,4.6131097899276483],[-74.07845530123592,4.6131016276242462],[-74.078321236318985,4.6129894923548012],[-74.078320367546752,4.6129887661942792],[-74.07788766692164,4.6126365275757983],[-74.07778234733118,4.6125502446228799],[-74.077618027047507,4.6124159020707811],[-74.077442220850216,4.6122752663806326],[-74.07737574729596,4.6122206098292065],[-74.077375023620789,4.6122215114268945],[-74.077342899831422,4.6122615208410016],[-74.077342797092967,4.6122616492531066],[-74.077397077220482,4.6123053102912737],[-74.077397163737032,4.6123053799232165],[-74.077367933745094,4.6123419665226022],[-74.077367857141894,4.6123418977949591],[-74.077306706121746,4.6124184657717988],[-74.077327985593101,4.6124351277031295],[-74.077366323250544,4.6124656907022947],[-74.077631064060583,4.6126767468871375],[-74.077832309898852,4.6128382928950709],[-74.078311062780358,4.6132381687754425]]]},"properties":{"FMI":"50C-1849993","RefName":"PRG-003A","DATE_DEL":1682294400000,"PARCEL_ID":"PRG-003A","ACT":157,"EFR_ENTRG":"DELIVERED","FID":244,"CODIGO":"AAA0249OYZE","USO":" ","VERE":"BOGOTA","MUNICIPIO":"BOGOTA D.C.","CONNOTACI":"RAMAL METRO","PROPIETARI":"MUNICIPIO DE BOGOTA","GRAVAMENES":"N/A","TIPO_DE_AF":"PARCIAL","LAND_AREA":4010.04,"BUILT_AREA":0,"TOTAL_AREA":0,"REST_AREA":0,"SECTION":1,"pk_ini":446,"pk_end":604,"VISIT_DATE":1681689600000,"OBS":" ","ID":5,"shapeArea":3925.4012923800001,"plantArea":40.687795915300001,"Floors":0,"paso":0,"review":"1","SECTOR":"URBANO","DIRECCION":"\tKR 16A 22 00","LyrName":" ","Color":3,"Shape_Leng":415.97169375099998,"Shape_Area":3985.6563358799999,"NOTIFY":"1-2023-1776","DATE_NOT":1681257600000,"dateMax":1682294400000,"ActivityId":" ","TYPE":"PROJECT","Trees":0,"Shape_Le_1":427.38484198499998,"use":"Public","PK_DE_REFE":"0+446 - 0+604","Layer":"PROJECT_DELIVERED","pasos":0,"ACTA_No":0}},{"type":"Feature","id":245,"geometry":{"type":"Polygon","coordinates":[[[-74.078222916676552,4.613218133865411],[-74.078209613843498,4.6132265864711108],[-74.078197811535844,4.6132370457406102],[-74.078187807154407,4.6132492458063412],[-74.078179854841693,4.6132628819154293],[-74.078174152864875,4.6132776104296864],[-74.078170847220647,4.6132930587729968],[-74.078169022307932,4.6133458081238787],[-74.078173371623478,4.613398407353352],[-74.078177283828026,4.6134275379111447],[-74.078195045886162,4.6134249524698054],[-74.078192622498477,4.6134055088871886],[-74.078306100695755,4.6132451789978397],[-74.078311062780358,4.6132381687754425],[-74.077832309898852,4.6128382928950709],[-74.077631064060583,4.6126767468871375],[-74.077366323250544,4.6124656907022947],[-74.07734352882558,4.6124936782108268],[-74.077253634438122,4.6126040529285532],[-74.077254203104459,4.6126044182703003],[-74.077461285106679,4.6127372986395052],[-74.077504438878421,4.6127649904446519],[-74.077591602584889,4.6128099563871361],[-74.077830934740533,4.613050156624392],[-74.077933525559288,4.6131848979655103],[-74.077961171266352,4.6132212087372633],[-74.077965923376382,4.6132226230762017],[-74.077979993153377,4.6132244778082923],[-74.077994180086947,4.6132240925623531],[-74.07800812909808,4.6132214772860305],[-74.078021497724762,4.6132166988985732],[-74.07802387332778,4.6132153966893847],[-74.078033951616106,4.6132098731520328],[-74.078060243662208,4.6131926360651896],[-74.078066489081877,4.613188541341307],[-74.078081868313348,4.6131765149005899],[-74.078095044971917,4.6131620947508605],[-74.078105657670577,4.6131456833108011],[-74.078113409909932,4.6131277318318249],[-74.078222916676552,4.613218133865411]]]},"properties":{"FMI":"50C-1850106","RefName":"PRG-003","DATE_DEL":1683331200000,"PARCEL_ID":"PRG-003","ACT":175,"EFR_ENTRG":"DELIVERED","FID":245,"CODIGO":"AAA0165ORYN","USO":" ","VERE":"BOGOTA","MUNICIPIO":"BOGOTA D.C.","CONNOTACI":"PUBLICO","PROPIETARI":"MUNICIPIO DE BOGOTA","GRAVAMENES":"N/A","TIPO_DE_AF":"PARCIAL","LAND_AREA":2254.8899999999999,"BUILT_AREA":0,"TOTAL_AREA":0,"REST_AREA":0,"SECTION":1,"pk_ini":434,"pk_end":572,"VISIT_DATE":1682294400000,"OBS":" ","ID":4,"shapeArea":2112.58588513,"plantArea":61.816063021700003,"Floors":0,"paso":0,"review":"1","SECTOR":"URBANO","DIRECCION":"CALLE 22A 17-17","LyrName":" ","Color":3,"Shape_Leng":352.97085439300002,"Shape_Area":2253.0746543099999,"NOTIFY":"1-2023-1943","DATE_NOT":1681948800000,"dateMax":1683331200000,"ActivityId":" ","TYPE":"PROJECT","Trees":0,"Shape_Le_1":351.88510257500002,"use":"Public","PK_DE_REFE":"0+434 - 0+572","Layer":"PROJECT_DELIVERED","pasos":0,"ACTA_No":0}},{"type":"Feature","id":246,"geometry":{"type":"Polygon","coordinates":[[[-74.084335426965211,4.618148472764906],[-74.084395003702951,4.6182084117040336],[-74.084463051117609,4.6182768727780807],[-74.08449366051714,4.6183076678702903],[-74.084723359072697,4.618538761238173],[-74.08507499267246,4.6188925311084121],[-74.085192837816706,4.6190110930966659],[-74.086226053734421,4.6200505915621584],[-74.086417864562634,4.6202435744735713],[-74.086417999747781,4.6202436938408695],[-74.086461275867421,4.6201901481639922],[-74.086461167718454,4.6201899844851457],[-74.086437401988121,4.6201542482407918],[-74.086384756893381,4.6200750864610747],[-74.086313354196307,4.6200333941137623],[-74.085994854215897,4.61971394848673],[-74.085643771243582,4.6193548418350252],[-74.085576995415465,4.619302012774738],[-74.08554860670462,4.619285811469088],[-74.085473182862955,4.6192427689459157],[-74.085453992934134,4.6192260168079207],[-74.08538323813417,4.6191642522809522],[-74.085036363576805,4.6188079115612393],[-74.084516159185839,4.6182735082198203],[-74.084416375814683,4.6181710028795795],[-74.084403893770357,4.618158180781057],[-74.084357185806979,4.6181219726372271],[-74.084335426965211,4.618148472764906]]]},"properties":{"FMI":"50C-1658515","RefName":"PRG-004","DATE_DEL":1682294400000,"PARCEL_ID":"PRG-004","ACT":158,"EFR_ENTRG":"DELIVERED","FID":246,"CODIGO":"AAA0194BLRU","USO":" ","VERE":"BOGOTA","MUNICIPIO":"BOGOTA D.C.","CONNOTACI":"PUBLICO","PROPIETARI":"BOGOTA DISTRITO CAPITAL","GRAVAMENES":"N/A","TIPO_DE_AF":"PARCIAL","LAND_AREA":1914.0999999999999,"BUILT_AREA":0,"TOTAL_AREA":0,"REST_AREA":0,"SECTION":2,"pk_ini":1493,"pk_end":1819,"VISIT_DATE":1681689600000,"OBS":" ","ID":6,"shapeArea":1907.4933204599999,"plantArea":30.831491423799999,"Floors":0,"paso":0,"review":"V","SECTOR":"URBANO","DIRECCION":"AC 22 27-00","LyrName":" ","Color":3,"Shape_Leng":666.69595806100006,"Shape_Area":1907.54052821,"NOTIFY":"1-2023-1776","DATE_NOT":1681257600000,"dateMax":1682294400000,"ActivityId":" ","TYPE":"PROJECT","Trees":0,"Shape_Le_1":671.08553300000005,"use":"Public","PK_DE_REFE":"1+493 - 1+819","Layer":"PROJECT_DELIVERED","pasos":0,"ACTA_No":0}},{"type":"Feature","id":247,"geometry":{"type":"Polygon","coordinates":[[[-74.234962647635456,4.7118625267568612],[-74.234985319402895,4.7118804060578157],[-74.234990345903313,4.7118752431473503],[-74.234564658270699,4.7115369648570784],[-74.234376927195612,4.7113898641815535],[-74.234370458664287,4.7113955175462525],[-74.234962647635456,4.7118625267568612]]]},"properties":{"FMI":"50C-366768","RefName":"PRG-094","DATE_DEL":1679356800000,"PARCEL_ID":"PRG-094","ACT":113,"EFR_ENTRG":"DELIVERED","FID":247,"CODIGO":"254730100000000340005000000000","USO":"Privado","VERE":" ","MUNICIPIO":"MOSQUERA","CONNOTACI":"PRIVADO","PROPIETARI":"FLOWSERVE COLOMBIA LTDA","GRAVAMENES":" ","TIPO_DE_AF":" ","LAND_AREA":80.390000000000001,"BUILT_AREA":0,"TOTAL_AREA":0,"REST_AREA":0,"SECTION":12,"pk_ini":22333,"pk_end":22420,"VISIT_DATE":1678752000000,"OBS":" ","ID":0,"shapeArea":80.381037508000006,"plantArea":0,"Floors":0,"paso":0,"review":" ","SECTOR":"SUBURBANO","DIRECCION":"CL 3 10-82","LyrName":" ","Color":3,"Shape_Leng":175.19281622400001,"Shape_Area":80.395462078799994,"NOTIFY":" ","DATE_NOT":null,"dateMax":1679356800000,"ActivityId":" ","TYPE":"PROJECT","Trees":0,"Shape_Le_1":176.234789713,"use":"Private","PK_DE_REFE":"22+333 - 22+420","Layer":"PROJECT_DELIVERED","pasos":0,"ACTA_No":0}},{"type":"Feature","id":248,"geometry":{"type":"Polygon","coordinates":[[[-74.333380720367373,4.7846484206178319],[-74.33336991083074,4.7846809847873155],[-74.33352001905206,4.7847414605342378],[-74.333644013159883,4.7847976216662831],[-74.333770036720594,4.7848619188823642],[-74.333709276206335,4.7848308618261708],[-74.333633861119992,4.7847923136214492],[-74.333540849963157,4.7847483037018668],[-74.333416149660451,4.7846935083030511],[-74.333380720367373,4.7846484206178319]]]},"properties":{"FMI":"VIA PUBLICA","RefName":"L1","DATE_DEL":1772582400000,"PARCEL_ID":"L1","ACT":361,"EFR_ENTRG":"DELIVERED","FID":248,"CODIGO":" ","USO":" ","VERE":"CARTAGENITA","MUNICIPIO":"FACATATIVA","CONNOTACI":" ","PROPIETARI":"MUNICIPIO DE FACATATIVA","GRAVAMENES":" ","TIPO_DE_AF":" ","LAND_AREA":0,"BUILT_AREA":0,"TOTAL_AREA":0,"REST_AREA":0,"SECTION":0,"pk_ini":36037,"pk_end":36086,"VISIT_DATE":null,"OBS":" ","ID":0,"shapeArea":0,"plantArea":0,"Floors":0,"paso":0,"review":" ","SECTOR":"SUBURBANO","DIRECCION":" ","LyrName":" ","Color":3,"Shape_Leng":0,"Shape_Area":19.8126472772,"NOTIFY":" ","DATE_NOT":null,"dateMax":1768608000000,"ActivityId":" ","TYPE":"PROJECT","Trees":0,"Shape_Le_1":0,"use":"Public","PK_DE_REFE":"36+037 - 36+086","Layer":"PROJECT_DELIVERED","pasos":2,"ACTA_No":2}},{"type":"Feature","id":249,"geometry":{"type":"MultiPolygon","coordinates":[[[[-74.33375890156465,4.7849181305535096],[-74.333796983730025,4.7849388048136241],[-74.333798305491683,4.7849395295653023],[-74.333800610013213,4.7849408037618586],[-74.333836802595627,4.7849609560430899],[-74.333837486019931,4.7849613392092909],[-74.333875858900228,4.7849832251142628],[-74.333876437740173,4.7849835576789319],[-74.333914900983643,4.7850060295324059],[-74.333915157045439,4.7850061813584492],[-74.33391560785789,4.7850064470530329],[-74.333952864928463,4.7850287421136537],[-74.333953638526538,4.7850292084413049],[-74.333989956292271,4.7850514495937322],[-74.333991880379983,4.7850526371195876],[-74.334029224409832,4.7850760534718191],[-74.334029875393057,4.7850764637788981],[-74.334032028512738,4.7850778375040539],[-74.334066970775652,4.7851002672613072],[-74.334067621762273,4.7851006866112984],[-74.334104922927409,4.7851251736631326],[-74.334105114077801,4.7851253020017115],[-74.33414167429595,4.785149852629873],[-74.334142348733238,4.785150308142895],[-74.33417896145842,4.7851754537768549],[-74.334179322122296,4.7851757032276865],[-74.334209966048945,4.7851972203439166],[-74.334105428872121,4.7851234082852221],[-74.333929013899095,4.7850113360893713],[-74.333826025568939,4.7849524343626815],[-74.333757614069739,4.7849174392479208],[-74.33375890156465,4.7849181305535096]]],[[[-74.334251697039576,4.7852270853906296],[-74.334252468869579,4.785227643956909],[-74.33425781578444,4.78523153585581],[-74.33426784599267,4.7852388605193257],[-74.334271380552863,4.7852414491011181],[-74.334277850972612,4.785246215938237],[-74.334287839735822,4.7852535948748027],[-74.334288631408072,4.7852541823711139],[-74.334315624986218,4.7852744239835543],[-74.334276009377106,4.7852438527958556],[-74.334218149556676,4.7852029984480007],[-74.334251697039576,4.7852270853906296]]],[[[-74.33439544502734,4.785336049929521],[-74.334396261962667,4.7853366989084174],[-74.334429771713403,4.7853635123119274],[-74.33443028387795,4.7853639244792765],[-74.334430475939669,4.7853640790420258],[-74.334463869584923,4.7853913645304376],[-74.334464771288637,4.7853921048114527],[-74.334465214026125,4.7853924708856699],[-74.334499081292918,4.7854207463999154],[-74.334499537557249,4.7854211269377762],[-74.334499654780274,4.7854212272707661],[-74.33453319765637,4.7854498257390476],[-74.334533592608139,4.7854501647022358],[-74.334533795494451,4.7854503391554335],[-74.334567498206425,4.7854796890328375],[-74.334567633464417,4.7854798065406987],[-74.334567808398063,4.785479958396949],[-74.334567850779337,4.78547999636152],[-74.334568031124903,4.7854801572587045],[-74.334600395008479,4.7855089415469569],[-74.334600976623335,4.7855094612994558],[-74.334601161477764,4.785509626716423],[-74.334634131556484,4.7855395709886235],[-74.334634300180497,4.7855397237515174],[-74.334634377730282,4.7855397960661632],[-74.334667008091074,4.7855700551596181],[-74.334667168600902,4.7855702043083639],[-74.334667281318872,4.7855703100688007],[-74.3346689702867,4.7855719000931796],[-74.334699284305387,4.7856006137067579],[-74.334699706323448,4.7856010150561863],[-74.334699864129689,4.7856011660145326],[-74.334731793412985,4.7856320348642409],[-74.334731982781364,4.7856322183654383],[-74.334732127964244,4.7856323602855468],[-74.334740666710843,4.7856407317737482],[-74.334744425242192,4.7856444271285143],[-74.334763201723845,4.7856630377440581],[-74.334763799592352,4.785663631642656],[-74.334764061104337,4.7856638937905851],[-74.334794569696157,4.7856946374735623],[-74.334795353333149,4.7856954302477011],[-74.334795669854898,4.7856957529628534],[-74.334826434800576,4.7857274216439478],[-74.334826776573493,4.7857277741914039],[-74.334826941599317,4.7857279468501286],[-74.334857439867093,4.7857599954347059],[-74.334857742866788,4.7857603163463187],[-74.334857880839664,4.7857604618862872],[-74.334888310827466,4.7857931145655295],[-74.334888482167372,4.7857932980734326],[-74.334888596695677,4.7857934237276902],[-74.334889009717941,4.7857938739124046],[-74.334918159417029,4.7858258208153579],[-74.334918564324113,4.785826264673033],[-74.334918736568838,4.7858264572235631],[-74.334947449141936,4.7858585752016447],[-74.334948646743285,4.7858599257712795],[-74.33494899844824,4.7858603217211835],[-74.334977788839694,4.7858932227899063],[-74.334978106278911,4.7858935880065792],[-74.334978209085662,4.7858937055265551],[-74.335006895129226,4.7859271817661364],[-74.33500723511635,4.785927579529007],[-74.335007417285624,4.7859277955875168],[-74.335035996280482,4.785961856041947],[-74.335036272240202,4.7859621841980005],[-74.335036334466807,4.7859622592312672],[-74.3350366167423,4.7859626027579951],[-74.335064094868642,4.7859960550332179],[-74.335064568334502,4.7859966327009777],[-74.335064764936803,4.7859968758829519],[-74.335091621056719,4.7860302650901154],[-74.335092898076979,4.7860318634070103],[-74.335099373382079,4.786040017730973],[-74.335118180718226,4.7860639455913123],[-74.335120691495192,4.7860671549014233],[-74.335120855633932,4.7860673655408892],[-74.335144879472907,4.7860983494767027],[-74.335147547187944,4.7861017974620905],[-74.335148266875464,4.7861027268087017],[-74.335150207693601,4.7861052508759494],[-74.335152864594917,4.7861087079083502],[-74.335155527805597,4.7861121631297552],[-74.335156078845529,4.7861128773171187],[-74.335156216831393,4.7861130572203443],[-74.335158189214113,4.7861156201604382],[-74.335160849721916,4.7861190790000396],[-74.335163503021022,4.7861225450767293],[-74.335166161727358,4.7861260075341576],[-74.335168818631573,4.7861294718008551],[-74.335171475535105,4.7861329342589576],[-74.335174136045737,4.7861364003328699],[-74.33517574137035,4.7861384904636681],[-74.335176794752869,4.7861398645988631],[-74.335179453461393,4.7861433324820375],[-74.335182112169917,4.7861468003651781],[-74.335203214093681,4.7861743300789685],[-74.335230690426968,4.7862101733088105],[-74.33525816495964,4.7862460147294295],[-74.335285639495893,4.7862818579573529],[-74.335285971383371,4.786282290086417],[-74.335313115837209,4.7863176993747087],[-74.335340590379261,4.7863535426000547],[-74.335368064924197,4.7863893858240942],[-74.33539554127492,4.7864252290461637],[-74.335423014022126,4.7864610704596888],[-74.335430986548204,4.7864714704899587],[-74.335450490378619,4.7864969136791604],[-74.33547796493518,4.7865327568980218],[-74.335505439493943,4.7865685983070048],[-74.335529461697774,4.7865999358077804],[-74.335496227034881,4.7865497345238444],[-74.335469755781062,4.7865067071911565],[-74.335442939150568,4.7864705472199187],[-74.335396250919473,4.7864089622815431],[-74.335327292186733,4.7863189835629507],[-74.335225927264091,4.786186041219203],[-74.33512889415384,4.7860614239960322],[-74.335053653921094,4.7859655045680531],[-74.334977350566348,4.7858758595442294],[-74.334906379028098,4.7857978743226095],[-74.334857156202801,4.7857462809698372],[-74.334815209322883,4.7857033010222025],[-74.334710288994387,4.785603182297975],[-74.334566161792523,4.7854735222274769],[-74.33446089847881,4.7853865285595791],[-74.3343932250623,4.7853343054687878],[-74.33439544502734,4.785336049929521]]]]},"properties":{"FMI":"VIA PUBLICA","RefName":"L2","DATE_DEL":1772582400000,"PARCEL_ID":"L2","ACT":362,"EFR_ENTRG":"DELIVERED","FID":249,"CODIGO":" ","USO":" ","VERE":"CARTAGENITA","MUNICIPIO":"FACATATIVA","CONNOTACI":" ","PROPIETARI":"MUNICIPIO DE FACATATIVA","GRAVAMENES":" ","TIPO_DE_AF":" ","LAND_AREA":0,"BUILT_AREA":0,"TOTAL_AREA":0,"REST_AREA":0,"SECTION":0,"pk_ini":36087,"pk_end":36362,"VISIT_DATE":null,"OBS":" ","ID":0,"shapeArea":0,"plantArea":0,"Floors":0,"paso":0,"review":" ","SECTOR":"SUBURBANO","DIRECCION":" ","LyrName":" ","Color":3,"Shape_Leng":0,"Shape_Area":172.82863828999999,"NOTIFY":" ","DATE_NOT":null,"dateMax":1768608000000,"ActivityId":" ","TYPE":"PROJECT","Trees":0,"Shape_Le_1":0,"use":"Public","PK_DE_REFE":"36+087 - 36+362","Layer":"PROJECT_DELIVERED","pasos":2,"ACTA_No":2}},{"type":"Feature","id":250,"geometry":{"type":"Polygon","coordinates":[[[-74.344630652576683,4.7965235990690855],[-74.344649906950536,4.7965457232847069],[-74.344672438164679,4.7965704216536347],[-74.344891285204511,4.7968103244750733],[-74.345138809882627,4.7970777662664048],[-74.345382109329947,4.7973373377145405],[-74.345392884206035,4.7973510444263257],[-74.34560690271168,4.7976232774658119],[-74.345607499763446,4.7976240377444608],[-74.345794570777599,4.7979565047006991],[-74.345797529415407,4.7979636899793885],[-74.345810231077536,4.7979945395717625],[-74.345927342315065,4.7982789697227917],[-74.345935155328718,4.7982979451132453],[-74.345938476693689,4.7983060101285906],[-74.345996640800394,4.7985235120638805],[-74.34600821241709,4.7985667780804597],[-74.346031896415084,4.7986553436617951],[-74.346084540124011,4.7988958620899833],[-74.346146896264173,4.7991807532084287],[-74.346148577153855,4.7991868890999543],[-74.346201786088258,4.7993811290344679],[-74.346218056968709,4.7994405267407165],[-74.346223932863992,4.7994619716167328],[-74.346228694787769,4.7994793557377138],[-74.346303343835558,4.7995770545233301],[-74.346276528417761,4.7994845809187252],[-74.346248547734604,4.7993767320256984],[-74.346214910499413,4.7992573736686799],[-74.346192690749746,4.7991558742794131],[-74.346153674174801,4.7989431729790946],[-74.346097064018025,4.7987001828687754],[-74.346074896160715,4.7986160296587812],[-74.346035912872154,4.7984813862642905],[-74.34601451094035,4.7984079540840403],[-74.345978388129353,4.7983060486945828],[-74.345970279058733,4.7982791734905357],[-74.345942019902068,4.7981989265146927],[-74.345907250766842,4.7981123683007469],[-74.345882349448559,4.7980596820420596],[-74.345821680441148,4.7979440871063526],[-74.345761938596027,4.7978273550992876],[-74.345738658063212,4.7977838260037604],[-74.345666266930621,4.7976525415956726],[-74.345646805509219,4.7976220690324451],[-74.345637224465491,4.7976092118949341],[-74.345613282863539,4.7975810181072758],[-74.345572403390136,4.7975164529428556],[-74.345535787230901,4.7974598068320722],[-74.345485609821154,4.7973870939851295],[-74.34545836056688,4.7973535733761015],[-74.345428595044936,4.7973214816365894],[-74.345426590306332,4.7973193473798643],[-74.345413336312362,4.7973006282232848],[-74.345409939081776,4.7972967881059239],[-74.345409912928673,4.7972967591787059],[-74.345383686831354,4.79726789619433],[-74.345366183401055,4.7972490765180176],[-74.345337886360227,4.7972216693563885],[-74.345337790770003,4.7972215735384864],[-74.345332945491421,4.7972168803329787],[-74.345300785415844,4.7971839295405116],[-74.345268582168572,4.7971512211146159],[-74.345235153298489,4.7971216881512957],[-74.345235107306621,4.7971216411459201],[-74.345234203750621,4.7971208430066135],[-74.345213339342976,4.7970986597573253],[-74.345202109967275,4.7970868043146115],[-74.345201455273113,4.7970861697553149],[-74.345170188720473,4.7970559993163837],[-74.345167561782802,4.7970533371936614],[-74.345166061192046,4.797051819468475],[-74.345138057704631,4.7970235576225813],[-74.345095585939887,4.7969764269742763],[-74.345093361161034,4.7969740603985223],[-74.345084270779367,4.7969618659087878],[-74.345084235606578,4.7969618234206406],[-74.345078164793975,4.7969559026590174],[-74.345062910827423,4.7969402968655217],[-74.345041180255748,4.7969183978985495],[-74.34501406735194,4.7968923195733311],[-74.344981960064175,4.7968605859258275],[-74.344951597685522,4.796828119113469],[-74.344951098079207,4.7968275857743459],[-74.344950933964398,4.7968274510984683],[-74.344942229559805,4.7968202897680365],[-74.344942196195902,4.7968202626522078],[-74.344915392403252,4.7967985845068526],[-74.3448835425081,4.7967634316094294],[-74.344863541252181,4.7967424046049505],[-74.344830244312575,4.7967089631995394],[-74.344822971394649,4.7967017877426992],[-74.344789314627491,4.7966702626795268],[-74.344767527019428,4.7966523245424577],[-74.344754282411074,4.7966414356682865],[-74.344754166081515,4.7966413235810563],[-74.344753959585333,4.7966411536541695],[-74.344722499243616,4.7966109344359626],[-74.344712113210548,4.7966003094013256],[-74.344689598674805,4.796576781186646],[-74.344675550014927,4.7965636544921146],[-74.344653693869844,4.7965433100455623],[-74.344624909632927,4.7965169999525239],[-74.344624116082372,4.7965162741129879],[-74.344630652576683,4.7965235990690855]]]},"properties":{"FMI":"156-8782","RefName":"L3","DATE_DEL":1773878400000,"PARCEL_ID":"PRG-1348/L3","ACT":371,"EFR_ENTRG":"DELIVERED","FID":250,"CODIGO":" ","USO":" ","VERE":"SAN ANTONIO BAJO","MUNICIPIO":"FACATATIVA","CONNOTACI":" ","PROPIETARI":"SERGIO RAMON BERNAL MEDINA Y OTRO","GRAVAMENES":" ","TIPO_DE_AF":" ","LAND_AREA":0,"BUILT_AREA":0,"TOTAL_AREA":0,"REST_AREA":0,"SECTION":0,"pk_ini":37875,"pk_end":38268,"VISIT_DATE":null,"OBS":" ","ID":0,"shapeArea":0,"plantArea":0,"Floors":0,"paso":0,"review":" ","SECTOR":"SUBURBANO","DIRECCION":" ","LyrName":" ","Color":3,"Shape_Leng":0,"Shape_Area":1747.7854699500001,"NOTIFY":" ","DATE_NOT":null,"dateMax":1768867200000,"ActivityId":" ","TYPE":"PROJECT","Trees":0,"Shape_Le_1":0,"use":"Private","PK_DE_REFE":"37+875 - 38+268","Layer":"PROJECT_DELIVERED","pasos":2,"ACTA_No":2}},{"type":"Feature","id":251,"geometry":{"type":"Polygon","coordinates":[[[-74.164914061539449,4.6968921883089552],[-74.164835086000608,4.6968487037225994],[-74.164790848826343,4.6968169029553684],[-74.164711945380773,4.696773190460144],[-74.164636903232591,4.6967224564295424],[-74.164560376054894,4.6966744327856951],[-74.164542094165938,4.6966639098317353],[-74.164542008534511,4.6966638619140877],[-74.164482184522512,4.6966294279193486],[-74.164403495583286,4.6965853292221871],[-74.16432469131054,4.6965414385209892],[-74.164245814957994,4.6964976780398873],[-74.164167230577746,4.6964533893977558],[-74.164087579282565,4.6964110342885181],[-74.164008571395769,4.6963675125334268],[-74.163929877108146,4.6963234228251221],[-74.163850660181197,4.6962802808867776],[-74.163771756853478,4.6962365709952554],[-74.163693185147068,4.6961922569760821],[-74.163614177308759,4.6961487351751012],[-74.163535457838677,4.6961046924482623],[-74.163456046318146,4.6960619031678386],[-74.163377213326186,4.6960180648101844],[-74.163298791254491,4.6959734794347137],[-74.163219614054341,4.6959302668819118],[-74.163139528534558,4.6958887020799045],[-74.163060445069817,4.6958453176786543],[-74.162980963319825,4.695802658571659],[-74.162902157419182,4.6957587677057431],[-74.162823456058874,4.6957146923391413],[-74.162744150957209,4.6956717112493838],[-74.162664703488062,4.6956289887997764],[-74.162585796700796,4.6955852823882562],[-74.162506873702995,4.6955416049073682],[-74.162430268399618,4.6954937257219402],[-74.162350882245619,4.6954508929026755],[-74.162270485042399,4.695409892324224],[-74.162231484034805,4.6953872170261564],[-74.162191812595609,4.6953657626225551],[-74.162152762932422,4.6953431759479551],[-74.16211293470279,4.6953220055113656],[-74.162073232632309,4.6953006035543829],[-74.162034428081867,4.6952775737325911],[-74.161994623288493,4.6952563598794406],[-74.161955473664122,4.6952383260737038],[-74.161932627062868,4.6952615696826259],[-74.162236217493771,4.6954298147671274],[-74.162693992162644,4.695683502313357],[-74.163043596085444,4.695877243612248],[-74.163607137596344,4.6961895456371243],[-74.164051086046399,4.6964355708734633],[-74.164343317724175,4.6965975177400416],[-74.164601936975203,4.6967408381350602],[-74.164902916356425,4.6969074288010981],[-74.164914061539449,4.6968921883089552]]]},"properties":{"FMI":"50C-2127389","RefName":"OP3","DATE_DEL":1774828800000,"PARCEL_ID":"PRG-1539/OP3","ACT":378,"EFR_ENTRG":"DELIVERED","FID":251,"CODIGO":" ","USO":" ","VERE":" ","MUNICIPIO":"BOGOTA D.C.","CONNOTACI":" ","PROPIETARI":"CREDICORP CAPITAL FIDUCIARIA COMO VOCERA DEL PATRIMONIO FIDEICOMISO EL ESCRITORIO","GRAVAMENES":" ","TIPO_DE_AF":" ","LAND_AREA":0,"BUILT_AREA":0,"TOTAL_AREA":0,"REST_AREA":0,"SECTION":0,"pk_ini":13345,"pk_end":14113,"VISIT_DATE":null,"OBS":" ","ID":0,"shapeArea":0,"plantArea":0,"Floors":0,"paso":0,"review":" ","SECTOR":"URBANO","DIRECCION":" ","LyrName":" ","Color":3,"Shape_Leng":0,"Shape_Area":2447.2329774499999,"NOTIFY":" ","DATE_NOT":null,"dateMax":1773619200000,"ActivityId":" ","TYPE":"PROJECT","Trees":0,"Shape_Le_1":0,"use":"Private","PK_DE_REFE":"13+345 - 14+113","Layer":"PROJECT_DELIVERED","pasos":3,"ACTA_No":3}},{"type":"Feature","id":252,"geometry":{"type":"Polygon","coordinates":[[[-74.16503899085204,4.6968410277187438],[-74.165075909547497,4.6968602522796798],[-74.16515436246614,4.6969047795707146],[-74.165233183050375,4.6969486412361157],[-74.165311985622225,4.6969925372583097],[-74.16539069628945,4.697036596058302],[-74.165469621432365,4.6970802677784809],[-74.165548483506797,4.6971240534402199],[-74.165626660743044,4.697169083506469],[-74.165666840616282,4.6971896188691264],[-74.165706022055147,4.6972119629707096],[-74.165745670274489,4.6972334605791142],[-74.165785095019743,4.6972553651519018],[-74.165824651330283,4.6972770309685528],[-74.165864238281117,4.6972986407119341],[-74.165903706287253,4.6973204675019122],[-74.165943085986612,4.6973424552675151],[-74.165982289069518,4.6973647613694878],[-74.166021823765249,4.697386465158317],[-74.166061462992957,4.6974079808355969],[-74.166101037342514,4.6974296122701702],[-74.16614080453347,4.6974508964238471],[-74.166180180642783,4.6974728896020208],[-74.166219612623465,4.6974947796797304],[-74.16625627345131,4.6975127743511633],[-74.166295777526031,4.6975345360036229],[-74.166331627121906,4.6975521636254509],[-74.166370938362235,4.6975742725521892],[-74.166405410685783,4.6975914536177532],[-74.166445587000766,4.6976119943606909],[-74.166273401847278,4.6975173678616642],[-74.166149024269643,4.6974483904472573],[-74.166104344435212,4.6974236117697554],[-74.165273654127901,4.6969483594259858],[-74.165229851494971,4.6969176022033947],[-74.165150800076972,4.696872944775909],[-74.165107384635789,4.6968463156606495],[-74.165103601502878,4.6968439956826851],[-74.165090436727823,4.6968361027312371],[-74.165059226161787,4.6968173920054932],[-74.16503899085204,4.6968410277187438]]]},"properties":{"FMI":"VIA","RefName":"OP4","DATE_DEL":1774828800000,"PARCEL_ID":"OP4","ACT":376,"EFR_ENTRG":"DELIVERED","FID":252,"CODIGO":" ","USO":" ","VERE":" ","MUNICIPIO":"BOGOTA D.C.","CONNOTACI":" ","PROPIETARI":"INSTITUTO DE DESARROLLO URBANO","GRAVAMENES":" ","TIPO_DE_AF":" ","LAND_AREA":0,"BUILT_AREA":0,"TOTAL_AREA":0,"REST_AREA":0,"SECTION":0,"pk_ini":14025,"pk_end":14209,"VISIT_DATE":null,"OBS":" ","ID":0,"shapeArea":0,"plantArea":0,"Floors":0,"paso":0,"review":" ","SECTOR":"URBANO","DIRECCION":" ","LyrName":" ","Color":3,"Shape_Leng":0,"Shape_Area":265.34423655699999,"NOTIFY":" ","DATE_NOT":null,"dateMax":1773619200000,"ActivityId":" ","TYPE":"PROJECT","Trees":0,"Shape_Le_1":0,"use":"Public","PK_DE_REFE":"14+025 - 14+209","Layer":"PROJECT_DELIVERED","pasos":3,"ACTA_No":3}},{"type":"Feature","id":253,"geometry":{"type":"Polygon","coordinates":[[[-74.159155308314638,4.6935109815955753],[-74.159177563475993,4.6934709262964818],[-74.159447925834812,4.6936239595453575],[-74.159477164626026,4.6935782451634527],[-74.158947840014235,4.6932887369339298],[-74.15890416808594,4.693370468843475],[-74.159155308314638,4.6935109815955753]]]},"properties":{"FMI":"50C-1663117","RefName":"OP1","DATE_DEL":1774828800000,"PARCEL_ID":"PRG-1530/OP1","ACT":377,"EFR_ENTRG":"DELIVERED","FID":253,"CODIGO":" ","USO":" ","VERE":" ","MUNICIPIO":"BOGOTA D.C.","CONNOTACI":" ","PROPIETARI":"FIDUCIARIA DE OCCIDENTE S.A. COMO VOCERA DEL PATRIMONIOAUTONOMO \"FIDEICOMISO 4-2-1280 MULTIDIMENSIONALES S.A INMUEBLES\"","GRAVAMENES":" ","TIPO_DE_AF":" ","LAND_AREA":0,"BUILT_AREA":0,"TOTAL_AREA":0,"REST_AREA":0,"SECTION":0,"pk_ini":13243,"pk_end":13309,"VISIT_DATE":null,"OBS":" ","ID":0,"shapeArea":0,"plantArea":0,"Floors":0,"paso":0,"review":" ","SECTOR":"URBANO","DIRECCION":" ","LyrName":" ","Color":3,"Shape_Leng":0,"Shape_Area":531.755431574,"NOTIFY":" ","DATE_NOT":null,"dateMax":1773619200000,"ActivityId":" ","TYPE":"PROJECT","Trees":0,"Shape_Le_1":0,"use":"Private","PK_DE_REFE":"13+243 - 13+309","Layer":"PROJECT_DELIVERED","pasos":3,"ACTA_No":3}},{"type":"Feature","id":254,"geometry":{"type":"Polygon","coordinates":[[[-74.160223714152991,4.69415736075468],[-74.160223800685856,4.6941574150028735],[-74.160320133926206,4.6940846004755139],[-74.160233072226447,4.6941471102216159],[-74.160166108130298,4.6941103915074107],[-74.160113555232385,4.6940815747303386],[-74.160020397179849,4.6940304932695369],[-74.160223714152991,4.69415736075468]]]},"properties":{"FMI":"VIA","RefName":"OP2","DATE_DEL":1774828800000,"PARCEL_ID":"OP2","ACT":375,"EFR_ENTRG":"DELIVERED","FID":254,"CODIGO":" ","USO":" ","VERE":" ","MUNICIPIO":"BOGOTA D.C.","CONNOTACI":" ","PROPIETARI":"INSTITUTO DE DESARROLLO URBANO","GRAVAMENES":" ","TIPO_DE_AF":" ","LAND_AREA":0,"BUILT_AREA":0,"TOTAL_AREA":0,"REST_AREA":0,"SECTION":0,"pk_ini":13387,"pk_end":13413,"VISIT_DATE":null,"OBS":" ","ID":0,"shapeArea":0,"plantArea":0,"Floors":0,"paso":0,"review":" ","SECTOR":"URBANO","DIRECCION":" ","LyrName":" ","Color":3,"Shape_Leng":0,"Shape_Area":22.024977481899999,"NOTIFY":" ","DATE_NOT":null,"dateMax":1773619200000,"ActivityId":" ","TYPE":"PROJECT","Trees":0,"Shape_Le_1":0,"use":"Public","PK_DE_REFE":"13+387 - 13+413","Layer":"PROJECT_DELIVERED","pasos":3,"ACTA_No":3}},{"type":"Feature","id":255,"geometry":{"type":"Polygon","coordinates":[[[-74.168349114877401,4.6986384435595037],[-74.168428871204725,4.6986806082513537],[-74.168487569248015,4.6987105675323741],[-74.168526887828222,4.6987326618644021],[-74.168629512231178,4.6987862621310175],[-74.168647781224678,4.6986827264925548],[-74.168517309239633,4.6986127573784788],[-74.168386837280295,4.6985427882393624],[-74.168350297514664,4.6986113756758998],[-74.168247793758212,4.6985564053255775],[-74.168256500346018,4.6985549229367436],[-74.168215611701029,4.6985329942815408],[-74.168182488608068,4.6985370471747299],[-74.168091470646559,4.6985465840768752],[-74.168107034002418,4.6985552154774766],[-74.168130699029135,4.6985683375195961],[-74.168138291820412,4.6985547411748065],[-74.16815388765815,4.6985636321063478],[-74.168185799244668,4.6985446230316903],[-74.168349114877401,4.6986384435595037]]]},"properties":{"FMI":"SIN INFORMACION PRIVADO","RefName":"OP5","DATE_DEL":null,"PARCEL_ID":"OP5","ACT":0,"EFR_ENTRG":"NO DELIVERED","FID":255,"CODIGO":" ","USO":" ","VERE":" ","MUNICIPIO":"BOGOTA D.C.","CONNOTACI":" ","PROPIETARI":"SIN INFORMACION PRIVADO","GRAVAMENES":" ","TIPO_DE_AF":" ","LAND_AREA":0,"BUILT_AREA":0,"TOTAL_AREA":0,"REST_AREA":0,"SECTION":0,"pk_ini":14356,"pk_end":14390,"VISIT_DATE":null,"OBS":" ","ID":0,"shapeArea":0,"plantArea":0,"Floors":0,"paso":0,"review":" ","SECTOR":"URBANO","DIRECCION":" ","LyrName":" ","Color":1,"Shape_Leng":0,"Shape_Area":454.33134487000001,"NOTIFY":" ","DATE_NOT":null,"dateMax":1781568000000,"ActivityId":" ","TYPE":"PROJECT","Trees":0,"Shape_Le_1":0,"use":"Private","PK_DE_REFE":"14+356 - 14+390","Layer":"PROJECT_NO_DELIVERED","pasos":3,"ACTA_No":3}},{"type":"Feature","id":256,"geometry":{"type":"Polygon","coordinates":[[[-74.294911744876003,4.7557513759113368],[-74.294861394915145,4.7557167670347082],[-74.294858338798306,4.7557212424783462],[-74.29485876893861,4.7557218057218931],[-74.294882940380845,4.7557381885430123],[-74.294907686132774,4.7557549609355272],[-74.294908374040759,4.7557554273375269],[-74.294911744876003,4.7557513759113368]]]},"properties":{"FMI":"50C-575204","RefName":"A39A","DATE_DEL":1766361600000,"PARCEL_ID":"PRG-1319/A39A","ACT":320,"EFR_ENTRG":"DELIVERED","FID":256,"CODIGO":" ","USO":" ","VERE":" ","MUNICIPIO":"MADRID","CONNOTACI":" ","PROPIETARI":"S & J FULL SERVICES LIMITADA","GRAVAMENES":" ","TIPO_DE_AF":" ","LAND_AREA":0,"BUILT_AREA":0,"TOTAL_AREA":0,"REST_AREA":0,"SECTION":0,"pk_ini":30645,"pk_end":30750,"VISIT_DATE":null,"OBS":" ","ID":0,"shapeArea":57.709044047399999,"plantArea":0,"Floors":0,"paso":0,"review":" ","SECTOR":"SUBURBANO","DIRECCION":" ","LyrName":" ","Color":3,"Shape_Leng":0,"Shape_Area":4.0638698814499996,"NOTIFY":" ","DATE_NOT":null,"dateMax":1766534400000,"ActivityId":"P-3350","TYPE":"PROJECT","Trees":0,"Shape_Le_1":227.44180997000001,"use":"Private","PK_DE_REFE":"30+645 - 30+750","Layer":"PROJECT_DELIVERED","pasos":1,"ACTA_No":1}},{"type":"Feature","id":257,"geometry":{"type":"Polygon","coordinates":[[[-74.310887378515801,4.7673881550088746],[-74.310867872496601,4.7673733112300534],[-74.310832504404928,4.767344995159684],[-74.310803843919928,4.7673254213845118],[-74.310785708584135,4.7673121885991829],[-74.310759557403543,4.7672919881950628],[-74.310723881270832,4.7672643576820493],[-74.310692619768162,4.7672407190548522],[-74.310653756193275,4.7672128581188478],[-74.310632589602278,4.7671974424746546],[-74.310626039874649,4.7672024481846789],[-74.310715381971946,4.7672698641320554],[-74.31082520112237,4.767352732111342],[-74.310879787921877,4.767393922494807],[-74.310887378515801,4.7673881550088746]]]},"properties":{"FMI":"50C-2216855","RefName":"A29A","DATE_DEL":1766361600000,"PARCEL_ID":"PRG-1328C/A29A","ACT":322,"EFR_ENTRG":"DELIVERED","FID":257,"CODIGO":" ","USO":" ","VERE":" ","MUNICIPIO":"MADRID","CONNOTACI":" ","PROPIETARI":"HECA COMPAA2A SAS Y OTROS","GRAVAMENES":" ","TIPO_DE_AF":" ","LAND_AREA":0,"BUILT_AREA":0,"TOTAL_AREA":0,"REST_AREA":0,"SECTION":0,"pk_ini":32770,"pk_end":33031,"VISIT_DATE":null,"OBS":" ","ID":0,"shapeArea":298.57457090399998,"plantArea":0,"Floors":0,"paso":0,"review":" ","SECTOR":"SUBURBANO","DIRECCION":" ","LyrName":" ","Color":3,"Shape_Leng":0,"Shape_Area":35.939289468699997,"NOTIFY":" ","DATE_NOT":null,"dateMax":1764028800000,"ActivityId":"P-3140","TYPE":"PROJECT","Trees":0,"Shape_Le_1":522.72515690800003,"use":"Private","PK_DE_REFE":"32+770 - 33+031","Layer":"PROJECT_DELIVERED","pasos":1,"ACTA_No":1}},{"type":"Feature","id":258,"geometry":{"type":"Polygon","coordinates":[[[-74.311911515132991,4.7681808687127338],[-74.311902991448889,4.7681729418208336],[-74.311864836209296,4.7681501918165683],[-74.311793370126239,4.76809472838913],[-74.31175893352291,4.7680649597485054],[-74.311737285764025,4.7680502324769778],[-74.311709668966046,4.7680303997572944],[-74.311665593553087,4.767997740639462],[-74.311656564040462,4.7680026974678142],[-74.311696006144146,4.7680324589821224],[-74.311877512897539,4.7681694192239732],[-74.311900836450278,4.7681870188776179],[-74.311911515132991,4.7681808687127338]]]},"properties":{"FMI":"50C-2216840","RefName":"A29A","DATE_DEL":1766361600000,"PARCEL_ID":"PRG-1328K/A29A","ACT":324,"EFR_ENTRG":"DELIVERED","FID":258,"CODIGO":" ","USO":" ","VERE":" ","MUNICIPIO":"MADRID","CONNOTACI":" ","PROPIETARI":"HECA COMPAA2A SAS Y OTROS","GRAVAMENES":" ","TIPO_DE_AF":" ","LAND_AREA":0,"BUILT_AREA":0,"TOTAL_AREA":0,"REST_AREA":0,"SECTION":0,"pk_ini":32770,"pk_end":33031,"VISIT_DATE":null,"OBS":" ","ID":0,"shapeArea":298.57457090399998,"plantArea":0,"Floors":0,"paso":0,"review":" ","SECTOR":"SUBURBANO","DIRECCION":" ","LyrName":" ","Color":3,"Shape_Leng":0,"Shape_Area":36.549094757100001,"NOTIFY":" ","DATE_NOT":null,"dateMax":1764028800000,"ActivityId":"P-3140","TYPE":"PROJECT","Trees":0,"Shape_Le_1":522.72515690800003,"use":"Private","PK_DE_REFE":"32+770 - 33+031","Layer":"PROJECT_DELIVERED","pasos":1,"ACTA_No":1}},{"type":"Feature","id":259,"geometry":{"type":"Polygon","coordinates":[[[-74.311412129463108,4.7678182494171182],[-74.311419851076721,4.7678240759015518],[-74.311440925925382,4.7678399789679444],[-74.311511506929122,4.7678932380549783],[-74.311598348961155,4.7679587674565482],[-74.311599301090155,4.7679594878586631],[-74.311656564040462,4.7680026974678142],[-74.311665593553087,4.767997740639462],[-74.31162151814425,4.7679650815185601],[-74.311613102343543,4.7679589568543586],[-74.311544312650042,4.7679010508788791],[-74.311512444106882,4.767868421955832],[-74.311474808659,4.7678419767844655],[-74.311431031865169,4.7678073353246235],[-74.311430991304945,4.7678073443814322],[-74.311412129463108,4.7678182494171182]]]},"properties":{"FMI":"50C-2216841","RefName":"A29A","DATE_DEL":1766361600000,"PARCEL_ID":"PRG-1328I/A29A","ACT":290,"EFR_ENTRG":"DELIVERED","FID":259,"CODIGO":" ","USO":" ","VERE":" ","MUNICIPIO":"MADRID","CONNOTACI":" ","PROPIETARI":"HECTOR MIGUEL SILVA DURAN","GRAVAMENES":" ","TIPO_DE_AF":" ","LAND_AREA":0,"BUILT_AREA":0,"TOTAL_AREA":0,"REST_AREA":0,"SECTION":0,"pk_ini":32770,"pk_end":33031,"VISIT_DATE":null,"OBS":" ","ID":0,"shapeArea":298.57457090399998,"plantArea":0,"Floors":0,"paso":0,"review":" ","SECTOR":"SUBURBANO","DIRECCION":" ","LyrName":" ","Color":3,"Shape_Leng":0,"Shape_Area":54.103247346300002,"NOTIFY":" ","DATE_NOT":null,"dateMax":1764028800000,"ActivityId":"P-3140","TYPE":"PROJECT","Trees":0,"Shape_Le_1":522.72515690800003,"use":"Private","PK_DE_REFE":"32+770 - 33+031","Layer":"PROJECT_DELIVERED","pasos":1,"ACTA_No":1}},{"type":"Feature","id":260,"geometry":{"type":"Polygon","coordinates":[[[-74.312146066091273,4.7683707764878909],[-74.312060814580406,4.7683041867797566],[-74.312000376013117,4.768258580089471],[-74.311960450804648,4.7682263807682865],[-74.311911515132991,4.7681808687127338],[-74.311900836450278,4.7681870188776179],[-74.311944124058257,4.7682196827693666],[-74.311957351078917,4.7682296644321713],[-74.312059098164752,4.7683064399750323],[-74.312145099972838,4.7683713356747344],[-74.312146066091273,4.7683707764878909]]]},"properties":{"FMI":"50C-2216839","RefName":"A29A","DATE_DEL":1766361600000,"PARCEL_ID":"PRG-1328M/A29A","ACT":326,"EFR_ENTRG":"DELIVERED","FID":260,"CODIGO":" ","USO":" ","VERE":" ","MUNICIPIO":"MADRID","CONNOTACI":" ","PROPIETARI":"OLGA VICTORIA DURAN GUEVARA","GRAVAMENES":" ","TIPO_DE_AF":" ","LAND_AREA":0,"BUILT_AREA":0,"TOTAL_AREA":0,"REST_AREA":0,"SECTION":0,"pk_ini":32770,"pk_end":33031,"VISIT_DATE":null,"OBS":" ","ID":0,"shapeArea":298.57457090399998,"plantArea":0,"Floors":0,"paso":0,"review":" ","SECTOR":"SUBURBANO","DIRECCION":" ","LyrName":" ","Color":3,"Shape_Leng":0,"Shape_Area":14.2823124339,"NOTIFY":" ","DATE_NOT":null,"dateMax":1764028800000,"ActivityId":"P-3140","TYPE":"PROJECT","Trees":0,"Shape_Le_1":522.72515690800003,"use":"Private","PK_DE_REFE":"32+770 - 33+031","Layer":"PROJECT_DELIVERED","pasos":1,"ACTA_No":1}},{"type":"Feature","id":261,"geometry":{"type":"Polygon","coordinates":[[[-74.312145099972838,4.7683713356747344],[-74.312194617921065,4.7684087006816647],[-74.312146066091273,4.7683707764878909],[-74.312145099972838,4.7683713356747344]]]},"properties":{"FMI":"50C-2216838","RefName":"A29A","DATE_DEL":1766361600000,"PARCEL_ID":"PRG-1328N/A29A","ACT":319,"EFR_ENTRG":"DELIVERED","FID":261,"CODIGO":" ","USO":" ","VERE":" ","MUNICIPIO":"MADRID","CONNOTACI":" ","PROPIETARI":"MIGUEL DE JESUS SILVA CUERVO","GRAVAMENES":" ","TIPO_DE_AF":" ","LAND_AREA":0,"BUILT_AREA":0,"TOTAL_AREA":0,"REST_AREA":0,"SECTION":0,"pk_ini":32770,"pk_end":33031,"VISIT_DATE":null,"OBS":" ","ID":0,"shapeArea":298.57457090399998,"plantArea":0,"Floors":0,"paso":0,"review":" ","SECTOR":"SUBURBANO","DIRECCION":" ","LyrName":" ","Color":3,"Shape_Leng":0,"Shape_Area":0.391274477111,"NOTIFY":" ","DATE_NOT":null,"dateMax":1764028800000,"ActivityId":"P-3140","TYPE":"PROJECT","Trees":0,"Shape_Le_1":522.72515690800003,"use":"Private","PK_DE_REFE":"32+770 - 33+031","Layer":"PROJECT_DELIVERED","pasos":1,"ACTA_No":1}},{"type":"Feature","id":262,"geometry":{"type":"Polygon","coordinates":[[[-74.31034109086562,4.766987290797247],[-74.310371636387458,4.767010210766391],[-74.310412923066508,4.7670411916354416],[-74.310507393820714,4.7671130731127551],[-74.310608085621766,4.7671889006366888],[-74.310626039874649,4.7672024481846789],[-74.310632589602278,4.7671974424746546],[-74.310614618377855,4.7671843552209605],[-74.310578787282878,4.7671569273153889],[-74.310542581452296,4.7671302302087382],[-74.310507635152305,4.7671016426873551],[-74.310472196865192,4.7670735816330385],[-74.31043619454006,4.7670462297385789],[-74.310417120668006,4.7670351169384837],[-74.310397846790579,4.7670243189017576],[-74.310344293658716,4.7669849114048555],[-74.310342122716605,4.7669865245061116],[-74.31034109086562,4.766987290797247]]]},"properties":{"FMI":"50C-2216854","RefName":"A29A","DATE_DEL":1766361600000,"PARCEL_ID":"PRG-1328A/A29A","ACT":321,"EFR_ENTRG":"DELIVERED","FID":262,"CODIGO":" ","USO":" ","VERE":" ","MUNICIPIO":"MADRID","CONNOTACI":" ","PROPIETARI":"OLGA VICTORIA DURAN GUEVARA","GRAVAMENES":" ","TIPO_DE_AF":" ","LAND_AREA":0,"BUILT_AREA":0,"TOTAL_AREA":0,"REST_AREA":0,"SECTION":0,"pk_ini":32770,"pk_end":33031,"VISIT_DATE":null,"OBS":" ","ID":0,"shapeArea":298.57457090399998,"plantArea":0,"Floors":0,"paso":0,"review":" ","SECTOR":"SUBURBANO","DIRECCION":" ","LyrName":" ","Color":3,"Shape_Leng":0,"Shape_Area":33.466067720600002,"NOTIFY":" ","DATE_NOT":null,"dateMax":1764028800000,"ActivityId":"P-3140","TYPE":"PROJECT","Trees":0,"Shape_Le_1":522.72515690800003,"use":"Private","PK_DE_REFE":"32+770 - 33+031","Layer":"PROJECT_DELIVERED","pasos":1,"ACTA_No":1}},{"type":"Feature","id":263,"geometry":{"type":"Polygon","coordinates":[[[-74.31112169582704,4.7675764626346391],[-74.311192683417545,4.76763002817657],[-74.311197509360923,4.7676268153686179],[-74.311190044664855,4.7676210267746537],[-74.311160534397231,4.76759423157052],[-74.311155094308063,4.7675912546584733],[-74.31112666943234,4.7675727506037662],[-74.31112169582704,4.7675764626346391]]]},"properties":{"FMI":"50C-1543453","RefName":"PRG-1328/A29A","DATE_DEL":1766361600000,"PARCEL_ID":"PRG-1328/A29A","ACT":283,"EFR_ENTRG":"DELIVERED","FID":263,"CODIGO":" ","USO":" ","VERE":" ","MUNICIPIO":"MADRID","CONNOTACI":" ","PROPIETARI":"HECA COMPA29A SAS Y OTROS","GRAVAMENES":" ","TIPO_DE_AF":" ","LAND_AREA":0,"BUILT_AREA":0,"TOTAL_AREA":0,"REST_AREA":0,"SECTION":0,"pk_ini":32770,"pk_end":33031,"VISIT_DATE":null,"OBS":" ","ID":0,"shapeArea":298.57457090399998,"plantArea":0,"Floors":0,"paso":0,"review":" ","SECTOR":"SUBURBANO","DIRECCION":" ","LyrName":" ","Color":3,"Shape_Leng":0,"Shape_Area":7.86601362629,"NOTIFY":" ","DATE_NOT":null,"dateMax":1764028800000,"ActivityId":"P-3140","TYPE":"PROJECT","Trees":0,"Shape_Le_1":522.72515690800003,"use":"Private","PK_DE_REFE":"32+770 - 33+031","Layer":"PROJECT_DELIVERED","pasos":1,"ACTA_No":1}},{"type":"Feature","id":264,"geometry":{"type":"Polygon","coordinates":[[[-74.310879787921877,4.767393922494807],[-74.310960234532772,4.7674546261019533],[-74.311060573042241,4.7675303397322972],[-74.31112169582704,4.7675764626346391],[-74.31112666943234,4.7675727506037662],[-74.311117663308167,4.7675668874761756],[-74.311083290002216,4.7675375456062605],[-74.311048291249421,4.7675085765183631],[-74.311012263701187,4.767481405525074],[-74.310974819863446,4.7674563601142745],[-74.310945393523212,4.7674324767152356],[-74.310904053394708,4.7674008438991793],[-74.310887378515801,4.7673881550088746],[-74.310879787921877,4.767393922494807]]]},"properties":{"FMI":"50C-2216856","RefName":"A29A","DATE_DEL":1766361600000,"PARCEL_ID":"PRG-1328E/A29A","ACT":323,"EFR_ENTRG":"DELIVERED","FID":264,"CODIGO":" ","USO":" ","VERE":" ","MUNICIPIO":"MADRID","CONNOTACI":" ","PROPIETARI":"HECTOR MIGUEL SILVA DURAN","GRAVAMENES":" ","TIPO_DE_AF":" ","LAND_AREA":0,"BUILT_AREA":0,"TOTAL_AREA":0,"REST_AREA":0,"SECTION":0,"pk_ini":32770,"pk_end":33031,"VISIT_DATE":null,"OBS":" ","ID":0,"shapeArea":298.57457090399998,"plantArea":0,"Floors":0,"paso":0,"review":" ","SECTOR":"SUBURBANO","DIRECCION":" ","LyrName":" ","Color":3,"Shape_Leng":0,"Shape_Area":31.539780993000001,"NOTIFY":" ","DATE_NOT":null,"dateMax":1764028800000,"ActivityId":"P-3140","TYPE":"PROJECT","Trees":0,"Shape_Le_1":522.72515690800003,"use":"Private","PK_DE_REFE":"32+770 - 33+031","Layer":"PROJECT_DELIVERED","pasos":1,"ACTA_No":1}},{"type":"Feature","id":265,"geometry":{"type":"Polygon","coordinates":[[[-74.080447340158869,4.6145905290703446],[-74.080409616702781,4.6145148872529838],[-74.080383964509764,4.6145273686536585],[-74.080346086265862,4.6145049672215004],[-74.080269284922437,4.6146022550779504],[-74.080295817744144,4.6146243310069224],[-74.080327329707771,4.6146248409136783],[-74.080338967166881,4.6146352006506737],[-74.080447505984523,4.6145909378181065],[-74.080447340158869,4.6145905290703446]]]},"properties":{"FMI":"SIN INFORMACION CONSTRUCCION","RefName":"R13","DATE_DEL":null,"PARCEL_ID":"R2","ACT":0,"EFR_ENTRG":"NO DELIVERED","FID":265,"CODIGO":" ","USO":" ","VERE":" ","MUNICIPIO":"BOGOTA D.C.","CONNOTACI":" ","PROPIETARI":"RENOBO","GRAVAMENES":" ","TIPO_DE_AF":" ","LAND_AREA":0,"BUILT_AREA":0,"TOTAL_AREA":0,"REST_AREA":0,"SECTION":0,"pk_ini":835,"pk_end":870,"VISIT_DATE":null,"OBS":" ","ID":0,"shapeArea":0,"plantArea":0,"Floors":0,"paso":0,"review":" ","SECTOR":"URBANO","DIRECCION":" ","LyrName":" ","Color":1,"Shape_Leng":0,"Shape_Area":164.93975052499999,"NOTIFY":" ","DATE_NOT":null,"dateMax":1792022400000,"ActivityId":" ","TYPE":"PROJECT","Trees":0,"Shape_Le_1":0,"use":"Private","PK_DE_REFE":"0+835 - 0+870","Layer":"PROJECT_NO_DELIVERED","pasos":5,"ACTA_No":5}},{"type":"Feature","id":266,"geometry":{"type":"Polygon","coordinates":[[[-74.149661504837098,4.6857240823518325],[-74.14970507604815,4.685752715484087],[-74.14971496896267,4.6857631537956985],[-74.149715484565903,4.6857636963273439],[-74.149754719101395,4.6858050915010914],[-74.149795770873382,4.6858484036179018],[-74.14980629026681,4.6858595020083138],[-74.149808078653805,4.6858613882101583],[-74.149816505852911,4.6858699466151883],[-74.149816595091693,4.6858700379410916],[-74.149823519655342,4.6858770709336053],[-74.149840130676125,4.6858939399879151],[-74.149864497354159,4.6859186865717106],[-74.149898226889505,4.6859529409852883],[-74.149912202216228,4.6859671335586315],[-74.149975373332381,4.6860312885800477],[-74.150022973647268,4.6860796306700792],[-74.150049469449144,4.6861065401312985],[-74.150162539499206,4.6862213710002676],[-74.150514045844162,4.6865777330602105],[-74.150515178006017,4.6865788805089563],[-74.150525354159114,4.6865912865533801],[-74.150602688066314,4.6866855643475533],[-74.150529947641047,4.6865866153220148],[-74.150171494472289,4.6862085921953707],[-74.149814630825404,4.6858493982148985],[-74.149699500139505,4.6857222245973214],[-74.149661504837098,4.6857240823518325]]]},"properties":{"FMI":"VIA","RefName":"CF1","DATE_DEL":1782259200000,"PARCEL_ID":"CF1","ACT":409,"EFR_ENTRG":"DELIVERED","FID":266,"CODIGO":" ","USO":" ","VERE":" ","MUNICIPIO":"BOGOTA D.C.","CONNOTACI":" ","PROPIETARI":"INSTITUTO DE DESARROLLO URBANO","GRAVAMENES":" ","TIPO_DE_AF":" ","LAND_AREA":0,"BUILT_AREA":0,"TOTAL_AREA":0,"REST_AREA":0,"SECTION":0,"pk_ini":11905,"pk_end":12055,"VISIT_DATE":null,"OBS":" ","ID":0,"shapeArea":0,"plantArea":0,"Floors":0,"paso":0,"review":" ","SECTOR":"URBANO","DIRECCION":" ","LyrName":" ","Color":1,"Shape_Leng":0,"Shape_Area":194.58878392099999,"NOTIFY":" ","DATE_NOT":null,"dateMax":1792022400000,"ActivityId":" ","TYPE":"PROJECT","Trees":0,"Shape_Le_1":0,"use":"Public","PK_DE_REFE":"11+905 - 12+055","Layer":"PROJECT_NO_DELIVERED","pasos":4,"ACTA_No":4}},{"type":"Feature","id":267,"geometry":{"type":"MultiPolygon","coordinates":[[[[-74.189115971406608,4.6989777210407198],[-74.189076874809189,4.6989782608401862],[-74.189073497580551,4.6989784386248363],[-74.189082386759495,4.6990145416522955],[-74.18926240138876,4.6990013868028546],[-74.18954427782883,4.6989807875672192],[-74.189672264183343,4.6989714345393727],[-74.189690966414403,4.6989700678352344],[-74.189693598991781,4.6989688999514732],[-74.189996099317426,4.698947342266405],[-74.190227778993673,4.6989308319901477],[-74.190724328567612,4.6988919205892836],[-74.190723537963819,4.6988798563609189],[-74.190251261115762,4.6989193579653676],[-74.19010752188953,4.6989313813488378],[-74.189943616730801,4.6989450899663074],[-74.189692717046398,4.6989660750389275],[-74.189691579592164,4.6989661701741969],[-74.189600437239278,4.6989737936732654],[-74.189523043979491,4.698972104208293],[-74.189115971406608,4.6989777210407198]]],[[[-74.171980134410475,4.7004340979295867],[-74.172155687183093,4.7004597220716189],[-74.172263175555273,4.7004725142641099],[-74.172411117382367,4.7004865561105129],[-74.172666041195455,4.7005011403784334],[-74.172884621988956,4.7005040223662471],[-74.173128699893155,4.7004967598859322],[-74.17319018772875,4.7004925355658562],[-74.17329438845907,4.700481649669471],[-74.173640834037755,4.7004391176102525],[-74.17443165530571,4.700350247604252],[-74.17445330400443,4.7003551179045795],[-74.174628243099747,4.7003356545590176],[-74.175236846590366,4.7002772724101947],[-74.175273703776838,4.7002722845079967],[-74.175321496095762,4.7002691525161522],[-74.176023491679103,4.7002018093533984],[-74.176033122639154,4.7002039747119104],[-74.176288074327033,4.7001800685299857],[-74.176921799495872,4.7001171507752018],[-74.177742338911841,4.7000319831602191],[-74.178035154620503,4.6999983712967763],[-74.178309672534354,4.6999774728984365],[-74.1785349757304,4.6999525392751638],[-74.178580517323482,4.6998988168297915],[-74.179602795940966,4.6997943650511234],[-74.180011275095808,4.6997506442464765],[-74.180914838155573,4.6996591133668781],[-74.181177457101313,4.6996358626018226],[-74.181152981211042,4.6997122177900135],[-74.18127840367768,4.6996852516823662],[-74.18142243549056,4.6996746507355294],[-74.181422763568875,4.6996746262703368],[-74.181452050576922,4.6996278909328408],[-74.183136017180871,4.6995119353054164],[-74.183139681226336,4.6995788824053797],[-74.183206922855476,4.6995740043271264],[-74.183207049940762,4.699573995264779],[-74.183311779920544,4.6995663967608676],[-74.184008595294017,4.6995197550017274],[-74.184268406831706,4.6995050284060715],[-74.184582111638932,4.6994872477311631],[-74.184619876033153,4.6994861549519404],[-74.184758040230236,4.699482156564482],[-74.184787689831964,4.6994799210764562],[-74.184787788976465,4.6994799138267416],[-74.184819729716125,4.6994775043578025],[-74.184891757264012,4.6994720719447871],[-74.185410374679407,4.6994329610620733],[-74.186245615884246,4.6993920379791208],[-74.186239639533639,4.6993301589984435],[-74.187708123808719,4.6992351543110571],[-74.188207632965941,4.6992085708336218],[-74.188661755610752,4.6991855436422352],[-74.188871104259263,4.699174928029608],[-74.188937606951299,4.6991715551892073],[-74.189007639195722,4.6991680045337683],[-74.189118783159714,4.6991623682885537],[-74.189106613745821,4.6991129417301805],[-74.190057411973228,4.6990551754773389],[-74.190759066914822,4.6990120982218917],[-74.192034489144746,4.6989341465965797],[-74.192677162910243,4.6988957505607294],[-74.192679097379781,4.6989026501014122],[-74.192690419201085,4.698942958607141],[-74.192692297130094,4.6989513357942911],[-74.192692991655676,4.6989544247912747],[-74.192698225593858,4.6989541625817921],[-74.192726536809431,4.6989527408543781],[-74.192816316251907,4.6989447283210302],[-74.192940699151777,4.6989359721327704],[-74.192974930510246,4.6990730485088976],[-74.19303544529599,4.6990618956151993],[-74.193045537618886,4.6990467522310588],[-74.193067964498226,4.6990313282756428],[-74.193279382716597,4.699022391200538],[-74.193254402503413,4.6989182590063363],[-74.193251987100595,4.6989081908565717],[-74.193940101131929,4.6988655937467056],[-74.194059465661454,4.698858202796413],[-74.194059543174149,4.698858196453318],[-74.194076657311655,4.6988571382658675],[-74.194083682119498,4.6988565339186135],[-74.194587186100875,4.6988130337749006],[-74.195244479884678,4.6987852332051743],[-74.195531737874418,4.6987704353901529],[-74.19582933345562,4.6987523078541953],[-74.197229162561328,4.6986663134676112],[-74.198432901864805,4.6985933452040953],[-74.199494277772132,4.6985244782153748],[-74.200054732819495,4.6984959485281657],[-74.201277496821263,4.6984349522753872],[-74.201276200527531,4.6984747437979717],[-74.201461630232473,4.6984688382880062],[-74.20145175050115,4.698288273558993],[-74.201288944756698,4.698298375552266],[-74.200575102176288,4.6983426673473785],[-74.200498578226075,4.6983533299642088],[-74.200453840848155,4.6983569116740886],[-74.20040904036864,4.698360444559686],[-74.200364080990326,4.6983624600441285],[-74.200274294571713,4.6983707556904442],[-74.200184289427597,4.6983756005301673],[-74.200094271623314,4.6983802156666723],[-74.200004197776494,4.6983839192604897],[-74.19991438968546,4.6983920285772971],[-74.199824427920362,4.698397573296317],[-74.199734415539353,4.6984023131798347],[-74.199644356146152,4.6984062373755542],[-74.199554379916037,4.6984115577943326],[-74.199464356680082,4.6984160986975443],[-74.199374268360614,4.6984195634757917],[-74.199284340934383,4.6984256742151755],[-74.199194632263399,4.6984354600065492],[-74.199149450701952,4.6984348927522319],[-74.199104433655506,4.698437063706443],[-74.199059375033258,4.6984385727126208],[-74.1990142964993,4.6984396060541407],[-74.198969561290994,4.698445397793888],[-74.1989247680484,4.6984491729373214],[-74.198879980056461,4.6984520419618487],[-74.198835262589512,4.6984561968951057],[-74.198790376908164,4.6984570656048268],[-74.198745268585668,4.6984526333054628],[-74.198700480562806,4.6984553305002317],[-74.198655665706255,4.6984592231900431],[-74.198610679146043,4.6984604970350707],[-74.198565732695201,4.6984643879333525],[-74.198520695719566,4.6984660054178162],[-74.198475658744286,4.6984676265166181],[-74.198430647128845,4.6984699620102877],[-74.198385532485062,4.6984706878532458],[-74.198340396422068,4.698472648979763],[-74.198295128500845,4.6984730709964602],[-74.198249942134737,4.6984760286716707],[-74.198204723182769,4.6984781851339807],[-74.19815949700029,4.6984802276520021],[-74.198114258152984,4.6984820024945497],[-74.198069122202398,4.6984846291731452],[-74.198024159602753,4.698488988470225],[-74.197979115464989,4.6984909097680285],[-74.197934190610823,4.6984946342295864],[-74.19788927660052,4.698498525078822],[-74.197844369824097,4.6985025551871322],[-74.197799314801856,4.6985040858147809],[-74.197754337517708,4.6985069276706541],[-74.197709347576179,4.6985095452577719],[-74.197677276227836,4.6985118413951419],[-74.197664391085993,4.6985127632958079],[-74.197619244765761,4.6985127566064193],[-74.197577069688847,4.6985103222435392],[-74.197567347933514,4.6985097614391274],[-74.197500937423285,4.6985138521995271],[-74.195643216538457,4.6986282640269801],[-74.195590888113983,4.6986314867981207],[-74.195479359653419,4.6986383548983843],[-74.195474856694048,4.698638632378195],[-74.195194492483225,4.6986558986662548],[-74.195041065610667,4.6986655490854501],[-74.195040640190939,4.698665575382055],[-74.194931489405292,4.6986724411854741],[-74.194875107098952,4.6986773013808989],[-74.194785118127555,4.6986824041544626],[-74.194695224962629,4.6986891111403528],[-74.194515268704734,4.6986996855830707],[-74.194477485549669,4.6987013576564429],[-74.194055464146132,4.6987301048070131],[-74.19405541908047,4.6987301075274823],[-74.194054183039967,4.6987227086968399],[-74.194047207058773,4.6987242399499696],[-74.193960500086234,4.6987257103730764],[-74.193873013471276,4.6987271935758379],[-74.193873240134764,4.6987297961326391],[-74.193221293941775,4.6987799390363758],[-74.193226703785101,4.6988024427150954],[-74.192988118386765,4.6988194063783846],[-74.192987431587184,4.6988194562290211],[-74.192962299911642,4.6987147697075793],[-74.192976856083092,4.6987136396262796],[-74.192976678481656,4.6987133909713528],[-74.192966423575953,4.6986990286619363],[-74.192876935393073,4.6987131253412748],[-74.192866167368521,4.6987135792765651],[-74.192865791519594,4.6987135947119629],[-74.192866113455963,4.6987145939176198],[-74.19288966570673,4.6988174965071252],[-74.192659604778683,4.6988331021872618],[-74.19267472610899,4.6988870533412666],[-74.192033271048501,4.6989261165528466],[-74.190758290479707,4.6990040590607736],[-74.190055526862281,4.6990467838145973],[-74.189104575438932,4.6991046622231982],[-74.189094401041729,4.6990633361256657],[-74.18905895866007,4.6990654931441922],[-74.188216522653903,4.6991167678074524],[-74.187713629675429,4.6991470531527799],[-74.187148191904811,4.6991823379420126],[-74.186230762580365,4.69923825748063],[-74.186221972295982,4.6991472548299846],[-74.185875106536301,4.6991787913814367],[-74.185593381341462,4.6991996793966901],[-74.185255026532531,4.6992241462579978],[-74.184900710399958,4.6992560650955033],[-74.184475506798108,4.6992870143666767],[-74.184368048728217,4.6992956488939752],[-74.18412156198815,4.6993074209249093],[-74.183686451347285,4.6993409159512565],[-74.183357683080501,4.6993668417942667],[-74.18302450314286,4.6993890080420648],[-74.182954139587764,4.6993835078432076],[-74.182703662848866,4.6993787555755544],[-74.182660345369072,4.6993796392894156],[-74.182655608026565,4.6993797349562758],[-74.18259498387475,4.6993842511649184],[-74.182443252381361,4.6993904612924391],[-74.18242750549544,4.6993913914818659],[-74.182427425278306,4.6993913960154927],[-74.182264863081741,4.699401000694361],[-74.182256317707697,4.6994015056776037],[-74.182319909305292,4.6994109587869843],[-74.182459290127227,4.6994359491379241],[-74.182491917093756,4.6994416431673418],[-74.182490019349942,4.6994687057448328],[-74.182450162874815,4.6994691060245275],[-74.182034862363508,4.6994732721726988],[-74.181893978798684,4.6994769466860307],[-74.181685140202035,4.6995006852435921],[-74.181661675961266,4.6995305146048185],[-74.181535493985265,4.6995410161757487],[-74.181527544085,4.6995395053608311],[-74.181509574786901,4.6995360915702804],[-74.181430204680481,4.6995210132369891],[-74.18132491357872,4.6995010102824422],[-74.180475304271994,4.6995879931942444],[-74.180112986487217,4.6996250870424046],[-74.18011412671467,4.6996254467887564],[-74.179940280306681,4.6996443949848397],[-74.17990899674902,4.6996478052020985],[-74.17908257718085,4.6997407342611961],[-74.176315668636903,4.7000410599462237],[-74.176202830569707,4.7000578960479631],[-74.175920701127794,4.7000999988879837],[-74.174847969002002,4.7002120937305465],[-74.174441950046003,4.7002575167021083],[-74.174368761787463,4.7002657054325976],[-74.174141521434976,4.7002911290214167],[-74.173705403800795,4.7003385298412441],[-74.173327171759411,4.700378248481428],[-74.172795710229821,4.7004205434579687],[-74.172613550575221,4.7004269943489643],[-74.172454822070449,4.7004157085349778],[-74.17240257535066,4.7004119935226649],[-74.172239143868282,4.7003883319505162],[-74.172168415351777,4.7003769979309604],[-74.171951218339927,4.7003421971004684],[-74.171775791617947,4.7003018869387647],[-74.171349229544205,4.70018014516695],[-74.170929865070264,4.7000138623178831],[-74.170571708204008,4.6998156164379008],[-74.170418405554813,4.69974776681702],[-74.170265104737382,4.6996799171614638],[-74.169566879558772,4.6992687741518431],[-74.169276636523648,4.6991267891415012],[-74.168782515030173,4.6988661747502967],[-74.168629512231178,4.6987862621310175],[-74.168526887828222,4.6987326618644021],[-74.168487569248015,4.6987105675323741],[-74.168428871204725,4.6986806082513537],[-74.168349114877401,4.6986384435595037],[-74.168185799244668,4.6985446230316903],[-74.16815388765815,4.6985636321063478],[-74.168138291820412,4.6985547411748065],[-74.168130699029135,4.6985683375195961],[-74.168107034002418,4.6985552154774766],[-74.168091470646559,4.6985465840768752],[-74.168067589288285,4.6985333417886048],[-74.168028227504351,4.698511515110674],[-74.168036923209641,4.6984955421038315],[-74.168007860630354,4.6984790422665528],[-74.167832688355361,4.6983795902619914],[-74.166903631444939,4.6978521270874589],[-74.166819485602645,4.6978079172353384],[-74.166740790981024,4.6977638260437748],[-74.166701205779816,4.6977422127339867],[-74.166623479795945,4.6977028744450307],[-74.166606488903426,4.697695191811353],[-74.16656722270416,4.6976729960789827],[-74.166530129526905,4.6976573761909375],[-74.166492014956745,4.6976330931655097],[-74.166445587000766,4.6976119943606909],[-74.166405410685783,4.6975914536177532],[-74.166370938362235,4.6975742725521892],[-74.166331627121906,4.6975521636254509],[-74.166295777526031,4.6975345360036229],[-74.16625627345131,4.6975127743511633],[-74.166219612623465,4.6974947796797304],[-74.166180180642783,4.6974728896020208],[-74.16614080453347,4.6974508964238471],[-74.166101037342514,4.6974296122701702],[-74.166061462992957,4.6974079808355969],[-74.166021823765249,4.697386465158317],[-74.165982289069518,4.6973647613694878],[-74.165943085986612,4.6973424552675151],[-74.165903706287253,4.6973204675019122],[-74.165864238281117,4.6972986407119341],[-74.165824651330283,4.6972770309685528],[-74.165785095019743,4.6972553651519018],[-74.165745670274489,4.6972334605791142],[-74.165706022055147,4.6972119629707096],[-74.165666840616282,4.6971896188691264],[-74.165626660743044,4.697169083506469],[-74.165548483506797,4.6971240534402199],[-74.165469621432365,4.6970802677784809],[-74.16539069628945,4.697036596058302],[-74.165311985622225,4.6969925372583097],[-74.165233183050375,4.6969486412361157],[-74.16515436246614,4.6969047795707146],[-74.165075909547497,4.6968602522796798],[-74.16503899085204,4.6968410277187438],[-74.165059226161787,4.6968173920054932],[-74.165059034167157,4.6968172853213073],[-74.162005964718574,4.6951301334348656],[-74.162010554978238,4.6951213430084762],[-74.160736769793715,4.694420229024387],[-74.160651315282081,4.694369717349149],[-74.160465640828448,4.694268001213648],[-74.160343596749144,4.6942045929949128],[-74.160320133926206,4.6940846004755139],[-74.160223714152991,4.69415736075468],[-74.160020397179849,4.6940304932695369],[-74.159898882543331,4.6939618652443151],[-74.159885828803965,4.6939545039118258],[-74.159498848882649,4.6937359412277253],[-74.159498098907576,4.6937352612764034],[-74.159431823464587,4.6936751000391954],[-74.159422427142886,4.6936665699028293],[-74.159425179231079,4.6936619946868667],[-74.159404813551419,4.6936506145554064],[-74.159155302008784,4.6935110105341629],[-74.159155308314638,4.6935109815955753],[-74.15890416808594,4.693370468843475],[-74.158862877904895,4.6933473667855781],[-74.15881802549336,4.6933222720458545],[-74.157734103393679,4.6927158158399491],[-74.157561535095255,4.6926314745847515],[-74.157345667426156,4.6925293631649572],[-74.157312273341304,4.6925104307776175],[-74.157278879258229,4.6924914983886241],[-74.157144476515597,4.6924164570888287],[-74.15686949221076,4.6922629242734111],[-74.156764062347833,4.6922040594801269],[-74.156516988521759,4.6920603097725619],[-74.156212903473531,4.6918560754428285],[-74.156129347547193,4.6918036512784065],[-74.155998366550151,4.691721471664783],[-74.155481587610922,4.6913361406766381],[-74.155140849369104,4.6910577404312379],[-74.154881994470017,4.6908336219754183],[-74.154847872904909,4.6908040783982239],[-74.154842296849722,4.6907992500114446],[-74.154577757673891,4.6905515115441627],[-74.15449355198561,4.6904726543280137],[-74.154339491377726,4.6903150468020831],[-74.154150728240978,4.6901219363018347],[-74.153571660779917,4.6895270879450104],[-74.15350430994188,4.6894573866948335],[-74.153018347138683,4.6889544641898349],[-74.151257411118138,4.6871349195115659],[-74.151238208012089,4.6871538007779279],[-74.151198560793119,4.6871150625922784],[-74.151218645240803,4.6870948618485153],[-74.150777518966876,4.6866390519436143],[-74.150638122572289,4.6864994051966988],[-74.149099910880963,4.6849222556608439],[-74.149090566766318,4.6849283968702204],[-74.148755029226223,4.6845960942599518],[-74.148596644704369,4.6844362847552867],[-74.148424373697225,4.6842660372872302],[-74.148235178068447,4.6840778192647994],[-74.148197961189041,4.6840399108095268],[-74.148181589978549,4.6840228427419728],[-74.14814911462544,4.6839914900394621],[-74.148140482927687,4.6839834769317523],[-74.148120107939221,4.683964560861039],[-74.148116140097002,4.6839615788531015],[-74.148099727534216,4.6839455471249698],[-74.148087178341981,4.6839332877804951],[-74.148082862564053,4.6839299820651386],[-74.148016195954725,4.6838688792561509],[-74.147991321214093,4.6838455017783103],[-74.147991286961172,4.6838454683223665],[-74.147950342254489,4.683806985993229],[-74.147921922996616,4.6837776838422052],[-74.147887547307917,4.6837422420364119],[-74.147880892716614,4.6837486470170973],[-74.147849338429495,4.6837163627698457],[-74.147839368043932,4.6837057707057665],[-74.14782539724564,4.6836909287949879],[-74.147818022048767,4.6836836697498514],[-74.147815240342837,4.68368085763084],[-74.147807762367322,4.6836732965569601],[-74.147798658239338,4.6836637353166006],[-74.147567413471251,4.6834208757904623],[-74.147547722450938,4.6834004195968122],[-74.147265984594341,4.6831077439651914],[-74.147142477091649,4.6829794421615656],[-74.146820864551756,4.6826453430430774],[-74.146642685816019,4.6824602469574588],[-74.146196737310291,4.681996982989304],[-74.145748741498181,4.6815323136266915],[-74.145711638395539,4.6814938298811954],[-74.144881943996381,4.6806420201271308],[-74.144751077666129,4.6805076660520282],[-74.14472894677283,4.6804849410996301],[-74.144728048088027,4.6804840142698616],[-74.144660890077418,4.6804144170044939],[-74.144518584185519,4.680266945179409],[-74.144089076278959,4.6798218430678187],[-74.144034307966635,4.6797650875487875],[-74.143889018745369,4.679614521329329],[-74.142729731775432,4.6784079283280304],[-74.142646315204189,4.6783139639732951],[-74.142538743176672,4.6781927894009261],[-74.14246661747805,4.6781115439780185],[-74.142461912217897,4.6781062442624517],[-74.142455717860088,4.6780992662884024],[-74.142427930942461,4.6780707442624339],[-74.142300732383063,4.6779401820358721],[-74.141893199747386,4.6775218720401908],[-74.14176867397984,4.6773940522342228],[-74.141596795143897,4.6772176283479379],[-74.141274661993407,4.6768888764882561],[-74.141128023896812,4.6767392231415679],[-74.141101829837268,4.6767124923509646],[-74.141019571363969,4.6766131470510972],[-74.140986565041857,4.6765732826961273],[-74.140980461708963,4.6765659266991149],[-74.140978863538564,4.6765639961451786],[-74.140969488986229,4.6765519859683131],[-74.140837732983826,4.6766807949450868],[-74.140930166861338,4.6766876737950218],[-74.141046738564057,4.6768071097291868],[-74.141222887868409,4.676987582860952],[-74.141351040595794,4.6771188822164236],[-74.141502337282233,4.6772747513042621],[-74.141502632934973,4.6772750551249009],[-74.141597766450971,4.6773730644265816],[-74.14168841652409,4.6774664531090737],[-74.141853491876219,4.6776365166895753],[-74.142060042594878,4.6778493086012256],[-74.142229455578558,4.6780238398771639],[-74.142356489231375,4.6781547123094391],[-74.142360826685476,4.6781591828089013],[-74.142454465045645,4.6782556502809713],[-74.142651111724845,4.6784582396155558],[-74.142703178346551,4.6785118792524818],[-74.142765228703439,4.6785758035594442],[-74.142862405106939,4.6786759159119189],[-74.143005483638404,4.6788233192900943],[-74.143315401396165,4.6791425997337077],[-74.143398845347321,4.6792285635844495],[-74.1437161295908,4.6795554321048547],[-74.143743776914206,4.6795839152048879],[-74.143976533791189,4.6798225735940182],[-74.143977809253343,4.6798238820071774],[-74.144039761561984,4.6798874055962205],[-74.144270673499477,4.6801241713405055],[-74.14436501091464,4.6802208998227037],[-74.144465843857247,4.6803253441337151],[-74.144465933996116,4.680325437268861],[-74.144656833777077,4.6805231749470666],[-74.14468858638196,4.6805588269708966],[-74.144793025847235,4.6806760894575286],[-74.144824064305197,4.6807082807553488],[-74.144824177880736,4.6807084028260677],[-74.145030093251918,4.6809219661579196],[-74.145462558762432,4.6813677772546747],[-74.145672642279266,4.6815827904935938],[-74.145732245859023,4.6816437929423538],[-74.145753717011345,4.6816659301252184],[-74.146060603203068,4.6819823338868174],[-74.146326128307479,4.6822558212956737],[-74.14634566420429,4.6822759501810483],[-74.146673758009612,4.6826140142784451],[-74.147044245548429,4.6829947980457245],[-74.147340617217267,4.6833003957781951],[-74.147386573994723,4.6833477841759175],[-74.147730797719916,4.6837047181494054],[-74.147756878232713,4.6838348870856255],[-74.147796052947456,4.6838029429820107],[-74.147963671247055,4.6839741080484414],[-74.148060311814234,4.6840727936020237],[-74.148210999294051,4.6842266726535042],[-74.148404953036888,4.6844247281679072],[-74.148537820923522,4.6845604061316442],[-74.148615597183237,4.6846398272340686],[-74.148672890977039,4.6846983201989092],[-74.148716329380733,4.6847426757112203],[-74.148753540926492,4.6847806727599286],[-74.148758505835048,4.6847857779781119],[-74.148758661777137,4.6847859380247856],[-74.148803429773892,4.68483183614571],[-74.148803453210235,4.6848318596553247],[-74.148814805407071,4.6848432319819162],[-74.148829891221425,4.6848586362377498],[-74.148838507771757,4.684868190279202],[-74.148875853051734,4.6849094193049119],[-74.148875915248809,4.6849094880259896],[-74.148887249514672,4.6849217746087621],[-74.14891656156945,4.6849551921337271],[-74.148916589513149,4.6849552237816576],[-74.148964522003084,4.6850098698459854],[-74.148973835386485,4.6850028514624746],[-74.149002413129296,4.6850298077766306],[-74.149108487976349,4.6851375289649084],[-74.14917136214801,4.6852079138722722],[-74.149189478524093,4.6851914011561719],[-74.149222102901831,4.6852247884858809],[-74.149202118224409,4.6852423476789715],[-74.149233488162693,4.6852774614610269],[-74.149518611075408,4.6855776027802225],[-74.14958824342294,4.6856577353938098],[-74.149632688367419,4.6857076070222083],[-74.149661504837098,4.6857240823518325],[-74.149699500139505,4.6857222245973214],[-74.149814630825404,4.6858493982148985],[-74.150171494472289,4.6862085921953707],[-74.150529947641047,4.6865866153220148],[-74.150602688066314,4.6866855643475533],[-74.150698270718635,4.6867792352396398],[-74.150778059568367,4.6868623110915344],[-74.150790841506577,4.6868756193581618],[-74.151136158865015,4.6872286900560294],[-74.151964069153337,4.6880678544825676],[-74.153181908863132,4.6893306548981259],[-74.153192121862304,4.6893412522813716],[-74.153212111548655,4.6893617209353513],[-74.153315054490548,4.6894671764993561],[-74.153439356966459,4.6895913389536705],[-74.153847368405181,4.6900084625994456],[-74.153878934965817,4.6900407348040378],[-74.154038561623665,4.6902039259271957],[-74.154554998919025,4.6907269335176558],[-74.15468720160942,4.6909392196740072],[-74.154721077847171,4.6909179827788323],[-74.154748516513919,4.6909588291418114],[-74.155212833045994,4.6913291911895616],[-74.155489890908655,4.6915509002143247],[-74.155930824102171,4.6919014437569126],[-74.155954495627384,4.6919202624572316],[-74.155954736254273,4.6919200463006057],[-74.155994485752132,4.6918852314057125],[-74.156492592431121,4.6922108852171505],[-74.157381677251166,4.692707941754712],[-74.15805192184412,4.6930785694437649],[-74.158273174768695,4.6932009129982459],[-74.158281226477612,4.6932109317967932],[-74.158294257897353,4.6932125725114773],[-74.158809086645746,4.6934971544544659],[-74.159271434128627,4.6937525547219172],[-74.159341169869833,4.6937907752539472],[-74.159513500091435,4.6938852271506066],[-74.159626959754064,4.6939474111906225],[-74.159824395154203,4.6940556209047379],[-74.159859534364458,4.6940748531928422],[-74.159899573452307,4.6940967652687435],[-74.159940706812222,4.6941192758647174],[-74.159981445507071,4.6941427179418227],[-74.159986302220204,4.6941462495937758],[-74.159990897415,4.6941486201454801],[-74.160021337138886,4.6941676305210134],[-74.160079164505731,4.6942037399225871],[-74.160109993632034,4.6942229926025183],[-74.160129086742856,4.694234914543725],[-74.160177371625181,4.6942612766294811],[-74.16132301909181,4.6948864994719424],[-74.161361838015864,4.6949095040120312],[-74.161400986753463,4.6949319098585978],[-74.161440349960642,4.6949539250161507],[-74.161480338549481,4.6949748042857351],[-74.161518887146542,4.6949982989841557],[-74.161557747534843,4.6950212293548343],[-74.161597249524576,4.6950429912804674],[-74.161637191264873,4.6950639573599977],[-74.161675543427421,4.695087810179059],[-74.161715706848369,4.6951083710974189],[-74.161755533252219,4.6951295469833285],[-74.161794707245662,4.6951519057801328],[-74.161834257911138,4.6951735844898046],[-74.161873687827963,4.6951954766283821],[-74.161913584528833,4.6952165240848434],[-74.161953553321908,4.6952374413099429],[-74.161994623288507,4.6952563598794406],[-74.162034428081867,4.695277573732576],[-74.162073232632309,4.6953006035543829],[-74.16211293470279,4.6953220055113656],[-74.162152762932422,4.6953431759479551],[-74.162191812595623,4.6953657626225223],[-74.162231484034791,4.6953872170261413],[-74.162270485042384,4.695409892324224],[-74.162350882245619,4.6954508929026426],[-74.162430268399632,4.6954937257219251],[-74.162506873703009,4.6955416049073682],[-74.162585796700796,4.6955852823882411],[-74.162664703488062,4.6956289887997764],[-74.162744150957209,4.6956717112493838],[-74.162823456058874,4.6957146923391297],[-74.162902157419168,4.6957587677057431],[-74.162980963319825,4.6958026585716821],[-74.163060445069846,4.6958453176786348],[-74.163139528534572,4.695888702079885],[-74.163219614054327,4.6959302668819118],[-74.163298791254491,4.6959734794346915],[-74.1633772133262,4.6960180648101497],[-74.163456046318146,4.6960619031678386],[-74.163535457838677,4.6961046924482437],[-74.163614177308759,4.6961487351751012],[-74.163693185147068,4.6961922569760706],[-74.163771756853478,4.6962365709952145],[-74.163850660181197,4.6962802808867625],[-74.163929877108146,4.6963234228251327],[-74.164008571395769,4.6963675125334268],[-74.164087579282565,4.6964110342885181],[-74.16416723057776,4.6964533893977336],[-74.164245814957994,4.6964976780398722],[-74.16432469131054,4.6965414385209741],[-74.164403495583286,4.6965853292221746],[-74.164482184522512,4.6966294279193486],[-74.164542008534539,4.6966638619140877],[-74.164542094165938,4.6966639098317016],[-74.164868168399664,4.6968440297351775],[-74.164925837995284,4.696876083828494],[-74.165388680429515,4.6971333517917238],[-74.16556525239622,4.6972303128823354],[-74.167232816478119,4.6981528429963761],[-74.167553605021325,4.6983267361339305],[-74.167914222706756,4.6985179531994303],[-74.1680238710195,4.698571373593281],[-74.168020575938797,4.698579571567886],[-74.168020564225202,4.6985795996029331],[-74.168037066826557,4.6985887508599182],[-74.168076509739805,4.698610620933434],[-74.168091836915963,4.6986189864986274],[-74.168100263077193,4.698623585615576],[-74.168100226128331,4.6986236272185176],[-74.168076289565633,4.6986505768810813],[-74.168076318409248,4.6986505868247184],[-74.168162263528501,4.6986812886468003],[-74.168242809876517,4.6986991852635231],[-74.168480308902204,4.6988690284579677],[-74.168764929549809,4.6990759329612519],[-74.168922872132299,4.6991800631569181],[-74.169097031169414,4.6992618656444538],[-74.169085819691531,4.6992901719384381],[-74.169176147613655,4.6993449809870524],[-74.169194451345234,4.6993008809348913],[-74.169455558409069,4.699444184684622],[-74.169445494238929,4.6994718071762804],[-74.169652202974802,4.6995882854148032],[-74.169906889567699,4.6997069908707187],[-74.170034052620068,4.6997662603906445],[-74.170091189283809,4.6997928611424298],[-74.170211173767527,4.6998487205355657],[-74.170250027854294,4.6997925723499607],[-74.170527135283692,4.6999468898309393],[-74.170957392478783,4.700156333148402],[-74.171138574347736,4.7002256538272968],[-74.171204120774647,4.7002479226283516],[-74.171360575512949,4.7002953541971708],[-74.171479006771733,4.7003278535108066],[-74.171637760604497,4.7003669180555336],[-74.171811885382397,4.7004039584527915],[-74.171980134410475,4.7004340979295867]]]]},"properties":{"FMI":"50C-777298","RefName":"SECTOR-03","DATE_DEL":1749427200000,"PARCEL_ID":"SECTOR-03","ACT":1000,"EFR_ENTRG":"DELIVERED","FID":267,"CODIGO":" ","USO":" ","VERE":" ","MUNICIPIO":"FUNZA","CONNOTACI":" ","PROPIETARI":"INVIAS","GRAVAMENES":" ","TIPO_DE_AF":" ","LAND_AREA":104557.124646,"BUILT_AREA":0,"TOTAL_AREA":0,"REST_AREA":0,"SECTION":0,"pk_ini":10505,"pk_end":18170,"VISIT_DATE":null,"OBS":" ","ID":0,"shapeArea":0,"plantArea":0,"Floors":0,"paso":0,"review":" ","SECTOR":"URBANO","DIRECCION":" ","LyrName":" ","Color":3,"Shape_Leng":0,"Shape_Area":102645.86343700001,"NOTIFY":" ","DATE_NOT":null,"dateMax":1749427200000,"ActivityId":" ","TYPE":"PROJECT","Trees":0,"Shape_Le_1":0,"use":"Public","PK_DE_REFE":"10+505 - 18+170","Layer":"PROJECT_DELIVERED","pasos":0,"ACTA_No":0}},{"type":"Feature","id":268,"geometry":{"type":"Polygon","coordinates":[[[-74.160071059160998,4.6941986786337146],[-74.160052761633338,4.6942105797735092],[-74.160115281924405,4.6942482149275007],[-74.160287787878019,4.694348286879567],[-74.160823548523553,4.69464693945985],[-74.161224347884982,4.6948690437112539],[-74.161584111344965,4.6950684292299272],[-74.161767163295451,4.6951698451454327],[-74.161837905303287,4.6952090763159076],[-74.161869215592674,4.6952264280058182],[-74.161890800293435,4.6952045042291717],[-74.161873687827963,4.6951954766283821],[-74.161834257911124,4.6951735844898046],[-74.161794707245662,4.6951519057801478],[-74.161755533252219,4.6951295469833285],[-74.161715706848369,4.6951083710974366],[-74.161675543427421,4.6950878101790732],[-74.161637191264873,4.6950639573600128],[-74.161597249524576,4.695042991280479],[-74.161557747534829,4.6950212293548272],[-74.161518887146528,4.6949982989841672],[-74.161480338549481,4.6949748042857351],[-74.161440349960628,4.6949539250161623],[-74.161400986753463,4.6949319098585978],[-74.16136183801585,4.6949095040120543],[-74.161323019091796,4.6948864994719424],[-74.160177371625181,4.6942612766294811],[-74.160129086742842,4.694234914543733],[-74.160109993632034,4.6942229926025183],[-74.160079164505717,4.6942037399225871],[-74.160071059160998,4.6941986786337146]]]},"properties":{"FMI":"RESERVA VIAL","RefName":"PRG-1537C/OP3","DATE_DEL":1779753600000,"PARCEL_ID":"OP3-FRANJA","ACT":390,"EFR_ENTRG":"DELIVERED","FID":268,"CODIGO":" ","USO":" ","VERE":" ","MUNICIPIO":"BOGOTA D.C.","CONNOTACI":" ","PROPIETARI":"IDU","GRAVAMENES":" ","TIPO_DE_AF":" ","LAND_AREA":0,"BUILT_AREA":0,"TOTAL_AREA":0,"REST_AREA":0,"SECTION":0,"pk_ini":13345,"pk_end":14113,"VISIT_DATE":null,"OBS":" ","ID":0,"shapeArea":0,"plantArea":0,"Floors":0,"paso":0,"review":" ","SECTOR":"URBANO","DIRECCION":" ","LyrName":" ","Color":1,"Shape_Leng":0,"Shape_Area":2447.2329774499999,"NOTIFY":" ","DATE_NOT":null,"dateMax":1773619200000,"ActivityId":" ","TYPE":"PROJECT","Trees":0,"Shape_Le_1":0,"use":"Private","PK_DE_REFE":"13+345 - 14+113","Layer":"PROJECT_NO_DELIVERED","pasos":3,"ACTA_No":3}},{"type":"Feature","id":269,"geometry":{"type":"Polygon","coordinates":[[[-74.164902916356425,4.6969074288010981],[-74.164936021895898,4.6969257525479167],[-74.165216951811587,4.6970764834247829],[-74.165398538323743,4.6971705013110752],[-74.165682503042603,4.6973201111761584],[-74.165683673936655,4.6973207286701397],[-74.165678433284384,4.6973177858118298],[-74.165232321810024,4.6970674275645372],[-74.164914061539449,4.6968921883089552],[-74.164902916356425,4.6969074288010981]]]},"properties":{"FMI":"50C-661265","RefName":"OP3","DATE_DEL":1774828800000,"PARCEL_ID":"PRG-1540/OP3","ACT":379,"EFR_ENTRG":"DELIVERED","FID":269,"CODIGO":" ","USO":" ","VERE":" ","MUNICIPIO":"BOGOTA D.C.","CONNOTACI":" ","PROPIETARI":"FIDUCIARIA POPULAR S.A. VOCERA DEL PATRIMONIO AUTINOMO DE ADMINISTRACICN Y PAGOS \"ANGEL ALBERTO CARDENAS\"","GRAVAMENES":" ","TIPO_DE_AF":" ","LAND_AREA":0,"BUILT_AREA":0,"TOTAL_AREA":0,"REST_AREA":0,"SECTION":0,"pk_ini":13345,"pk_end":14113,"VISIT_DATE":null,"OBS":" ","ID":0,"shapeArea":0,"plantArea":0,"Floors":0,"paso":0,"review":" ","SECTOR":"URBANO","DIRECCION":" ","LyrName":" ","Color":3,"Shape_Leng":0,"Shape_Area":2447.2329774499999,"NOTIFY":" ","DATE_NOT":null,"dateMax":1773619200000,"ActivityId":" ","TYPE":"PROJECT","Trees":0,"Shape_Le_1":0,"use":"Private","PK_DE_REFE":"13+345 - 14+113","Layer":"PROJECT_DELIVERED","pasos":3,"ACTA_No":3}},{"type":"Feature","id":270,"geometry":{"type":"Polygon","coordinates":[[[-74.349333264216085,4.8035340229481918],[-74.349376486718654,4.8034875052190946],[-74.349374664945557,4.8034858068332857],[-74.349125971069029,4.8032899694503923],[-74.349074545351712,4.8032494720527117],[-74.349058991778065,4.8032792060625686],[-74.349053069223359,4.8032905283942409],[-74.348772269425098,4.8030307057379025],[-74.348665163217731,4.8029177213000374],[-74.348629701802224,4.8028715864695091],[-74.348542096405993,4.8029313843816706],[-74.348575048724058,4.8029674743922195],[-74.348637958100639,4.8030334340435408],[-74.348702226347385,4.8030980565988957],[-74.348767826410779,4.8031613167483647],[-74.348834718616231,4.8032231873784745],[-74.348902683034183,4.8032837300684887],[-74.348969977672624,4.8033419580204457],[-74.348964351857603,4.8033901664560625],[-74.349357521420401,4.803714049760341],[-74.349421194054557,4.8037675858115945],[-74.349682131753994,4.8039817545864425],[-74.349885440507762,4.8041499040580513],[-74.349973444101721,4.8040712702404633],[-74.349865354820267,4.803980665011891],[-74.349728359409738,4.8038667350489561],[-74.349715045604299,4.8038546662073331],[-74.349681978215514,4.8038264472939307],[-74.349635321218216,4.8038044372694477],[-74.349487271512572,4.8036839862662282],[-74.349493993231889,4.803676159619525],[-74.349439563601806,4.8036305324768893],[-74.349408412862914,4.803602678120094],[-74.349339239636663,4.803544693315331],[-74.349330290172475,4.8035380616434207],[-74.349333264216085,4.8035340229481918]]]},"properties":{"FMI":"156-57413","RefName":"MICOS-1","DATE_DEL":null,"PARCEL_ID":"Corredor Ferreo","ACT":0,"EFR_ENTRG":" ","FID":270,"CODIGO":" ","USO":" ","VERE":" ","MUNICIPIO":"FACATATIVA","CONNOTACI":" ","PROPIETARI":"INVIAS","GRAVAMENES":" ","TIPO_DE_AF":" ","LAND_AREA":0,"BUILT_AREA":0,"TOTAL_AREA":0,"REST_AREA":0,"SECTION":0,"pk_ini":0,"pk_end":0,"VISIT_DATE":null,"OBS":" ","ID":0,"shapeArea":0,"plantArea":0,"Floors":0,"paso":0,"review":" ","SECTOR":" ","DIRECCION":" ","LyrName":" ","Color":0,"Shape_Leng":0,"Shape_Area":0,"NOTIFY":" ","DATE_NOT":null,"dateMax":null,"ActivityId":" ","TYPE":" ","Trees":0,"Shape_Le_1":0,"use":"Public","PK_DE_REFE":" ","Layer":" ","pasos":0,"ACTA_No":0}},{"type":"Feature","id":271,"geometry":{"type":"Polygon","coordinates":[[[-74.349626753772114,4.8037974676639426],[-74.34966954817547,4.8037606828307062],[-74.349694030436453,4.8037396301005808],[-74.349616640872171,4.8036849791261869],[-74.34959908832262,4.8036725837136718],[-74.34954849540712,4.8036318780351612],[-74.349390557595953,4.8034723599515097],[-74.34937648654784,4.8034875052788033],[-74.34933326420385,4.8035340231989991],[-74.34933029011583,4.8035380620645505],[-74.349339239636663,4.8035446933153434],[-74.349408412862914,4.8036026781200727],[-74.349439563601806,4.8036305324768893],[-74.349493993231889,4.8036761596195472],[-74.349487271512572,4.8036839862662433],[-74.349626753772114,4.8037974676639426]]]},"properties":{"FMI":"156-61580","RefName":"PRGA2-013","DATE_DEL":null,"PARCEL_ID":"PRGA2-013","ACT":0,"EFR_ENTRG":" ","FID":271,"CODIGO":" ","USO":" ","VERE":" ","MUNICIPIO":"FACATATIVA","CONNOTACI":" ","PROPIETARI":"DIANA MARCELA BOLIVAR MARTINEZ","GRAVAMENES":" ","TIPO_DE_AF":" ","LAND_AREA":0,"BUILT_AREA":0,"TOTAL_AREA":0,"REST_AREA":0,"SECTION":0,"pk_ini":0,"pk_end":0,"VISIT_DATE":null,"OBS":" ","ID":0,"shapeArea":0,"plantArea":0,"Floors":0,"paso":0,"review":" ","SECTOR":" ","DIRECCION":" ","LyrName":" ","Color":0,"Shape_Leng":0,"Shape_Area":0,"NOTIFY":" ","DATE_NOT":null,"dateMax":null,"ActivityId":" ","TYPE":" ","Trees":0,"Shape_Le_1":0,"use":"Public","PK_DE_REFE":" ","Layer":" ","pasos":0,"ACTA_No":0}},{"type":"Feature","id":272,"geometry":{"type":"Polygon","coordinates":[[[-74.109504477292248,4.6440761514133353],[-74.109482196458501,4.6440547129758647],[-74.109477486258868,4.6440501808597174],[-74.109437540295602,4.644077604959894],[-74.109438677743725,4.6440849290268584],[-74.109453670211337,4.6441814660191625],[-74.109459272617457,4.6442261495213417],[-74.109462241569773,4.6442710863494936],[-74.109462449283001,4.6443205737896056],[-74.109735797537141,4.6445879223501647],[-74.110466660009394,4.6453374067362212],[-74.110826185923301,4.6457320360421432],[-74.11264699224219,4.6476016938774576],[-74.11391713855798,4.6489108220045967],[-74.114310628320354,4.6493171006428202],[-74.114328947470668,4.6493367720371737],[-74.114332220928318,4.6493035520519559],[-74.114335494385386,4.6492703266408428],[-74.114338410658334,4.6492316220363188],[-74.114343489686505,4.6491530029002277],[-74.114339490584086,4.6491489888788573],[-74.11427770504433,4.649086989020728],[-74.114058552988894,4.6488652890221625],[-74.114007434443494,4.6488135751081581],[-74.113969270392957,4.648774967584008],[-74.113248119965377,4.648045431917601],[-74.113106623174872,4.6479022886674386],[-74.112999966371177,4.6477943918166984],[-74.112350112072477,4.6471221929758597],[-74.112216243222292,4.6469837199229485],[-74.111559307077059,4.6463041921490635],[-74.111394197623028,4.6461334049345009],[-74.110881805422167,4.6456033890189321],[-74.110575402276538,4.6452864474066899],[-74.110284257518074,4.6449859561508546],[-74.110163901758213,4.6448619257015817],[-74.109861192823359,4.6445499726738424],[-74.109489018537687,4.6441664329795467],[-74.109446733322997,4.6441228571106237],[-74.109504477292248,4.6440761514133353]]]},"properties":{"FMI":"50C-456091","RefName":"SECTOR OBRAS ZONA 6","DATE_DEL":null,"PARCEL_ID":"SECTOR OBRAS ZONA 6-2","ACT":0,"EFR_ENTRG":"NO DELIVERED","FID":272,"CODIGO":" ","USO":" ","VERE":" ","MUNICIPIO":"BOGOTA D.C.","CONNOTACI":" ","PROPIETARI":"INVIAS","GRAVAMENES":" ","TIPO_DE_AF":" ","LAND_AREA":0,"BUILT_AREA":0,"TOTAL_AREA":0,"REST_AREA":0,"SECTION":0,"pk_ini":5081,"pk_end":6270,"VISIT_DATE":null,"OBS":"C","ID":0,"shapeArea":33776.480424699999,"plantArea":0,"Floors":0,"paso":0,"review":" ","SECTOR":"URBANO","DIRECCION":" ","LyrName":" ","Color":1,"Shape_Leng":0,"Shape_Area":33776.566304200001,"NOTIFY":" ","DATE_NOT":null,"dateMax":1778889600000,"ActivityId":" ","TYPE":"PROJECT","Trees":0,"Shape_Le_1":2783.9273938199999,"use":"Public","PK_DE_REFE":"5+081 - 6+270","Layer":"PROJECT_NO_DELIVERED","pasos":0,"ACTA_No":0}},{"type":"Feature","id":273,"geometry":{"type":"Polygon","coordinates":[[[-74.159513500091435,4.6938852271506413],[-74.159518821832705,4.6938883527170994],[-74.159629056879012,4.6939530664844629],[-74.15981473969201,4.6940663055352232],[-74.159941950813163,4.6941438756009211],[-74.159942863438204,4.6941444240399886],[-74.159962238040379,4.6941317030306235],[-74.15996224333314,4.6941316685249674],[-74.159940706812222,4.6941192758647174],[-74.159899573452307,4.6940967652687435],[-74.159859534364458,4.6940748531928538],[-74.159824395154203,4.6940556209047379],[-74.159626959754064,4.6939474111906225],[-74.159513500091435,4.6938852271506413]]]},"properties":{"FMI":"S/I","RefName":"OP3","DATE_DEL":null,"PARCEL_ID":"OP3-PRIVADO","ACT":0,"EFR_ENTRG":"NO DELIVERED","FID":273,"CODIGO":" ","USO":" ","VERE":" ","MUNICIPIO":"BOGOTA D.C.","CONNOTACI":" ","PROPIETARI":"IDU","GRAVAMENES":" ","TIPO_DE_AF":" ","LAND_AREA":0,"BUILT_AREA":0,"TOTAL_AREA":0,"REST_AREA":0,"SECTION":0,"pk_ini":13345,"pk_end":14113,"VISIT_DATE":null,"OBS":" ","ID":0,"shapeArea":0,"plantArea":0,"Floors":0,"paso":0,"review":" ","SECTOR":"URBANO","DIRECCION":" ","LyrName":" ","Color":1,"Shape_Leng":0,"Shape_Area":2447.2329774499999,"NOTIFY":" ","DATE_NOT":null,"dateMax":1773619200000,"ActivityId":" ","TYPE":"PROJECT","Trees":0,"Shape_Le_1":0,"use":"Private","PK_DE_REFE":"13+345 - 14+113","Layer":"PROJECT_NO_DELIVERED","pasos":3,"ACTA_No":3}},{"type":"Feature","id":274,"geometry":{"type":"MultiPolygon","coordinates":[[[[-74.159962238040379,4.6941317030306235],[-74.159942863010841,4.6941444244079484],[-74.16005276121227,4.6942105796128164],[-74.160071059263544,4.6941986785670062],[-74.160021337138886,4.6941676305210134],[-74.159990897415,4.6941486201454801],[-74.159986302220204,4.6941462495937758],[-74.159981445507071,4.6941427179418227],[-74.159962243444241,4.6941316686662802],[-74.159962238040379,4.6941317030306235]]],[[[-74.161869215596951,4.6952264280030578],[-74.161932626698217,4.6952615698665721],[-74.161955473237398,4.695238326394751],[-74.161953553321908,4.6952374413099429],[-74.161913584528833,4.6952165240848434],[-74.161890800449427,4.6952045040707375],[-74.161869215596951,4.6952264280030578]]]]},"properties":{"FMI":"RESERVA VIAL","RefName":"OP3","DATE_DEL":1780444800000,"PARCEL_ID":"OP3-FRANJA","ACT":400,"EFR_ENTRG":"DELIVERED","FID":274,"CODIGO":" ","USO":" ","VERE":" ","MUNICIPIO":"BOGOTA D.C.","CONNOTACI":" ","PROPIETARI":"IDU","GRAVAMENES":" ","TIPO_DE_AF":" ","LAND_AREA":0,"BUILT_AREA":0,"TOTAL_AREA":0,"REST_AREA":0,"SECTION":0,"pk_ini":13345,"pk_end":14113,"VISIT_DATE":null,"OBS":" ","ID":0,"shapeArea":0,"plantArea":0,"Floors":0,"paso":0,"review":" ","SECTOR":"URBANO","DIRECCION":" ","LyrName":" ","Color":1,"Shape_Leng":0,"Shape_Area":2447.2329774499999,"NOTIFY":" ","DATE_NOT":null,"dateMax":1773619200000,"ActivityId":" ","TYPE":"PROJECT","Trees":0,"Shape_Le_1":0,"use":"Private","PK_DE_REFE":"13+345 - 14+113","Layer":"PROJECT_NO_DELIVERED","pasos":3,"ACTA_No":3}}]}