{"type":"FeatureCollection","features":[{"type":"Feature","id":0,"geometry":{"type":"Polygon","coordinates":[[[-74.299936664170517,4.7594290772863737],[-74.300130535557898,4.7595666382457997],[-74.300325300467193,4.7596962970823977],[-74.300561296121572,4.7598620276920665],[-74.300867405747184,4.7600712974089037],[-74.301064212423256,4.7602143878324972],[-74.30112229271549,4.7602636569359609],[-74.30123535104417,4.7603576312285005],[-74.301280867473494,4.7603950815823222],[-74.301352778498412,4.7604488866578842],[-74.301377281581765,4.760405510264067],[-74.301283027700222,4.7603351845636812],[-74.301240599730818,4.7603041501191372],[-74.301124475443189,4.7602175721893785],[-74.301090100745142,4.7601926716985394],[-74.300839574250006,4.7600126797596474],[-74.300836910914484,4.7600107888280281],[-74.299537718121314,4.7591200321734854],[-74.29952873555311,4.7591139048194933],[-74.299520560057942,4.7591256651678444],[-74.299515373994453,4.7591330603990984],[-74.299510164489945,4.7591404411690741],[-74.29950493154324,4.7591478038605715],[-74.299499676958305,4.7591551520901882],[-74.299494398931174,4.7591624822413507],[-74.299490609338406,4.7591677175531313],[-74.299486439515405,4.7591734485440522],[-74.299478744959629,4.7591839463337626],[-74.299419509364398,4.7592643812348649],[-74.299411084966877,4.7592589020827178],[-74.299392674539064,4.7592860478759826],[-74.299410109629463,4.7592982159452815],[-74.299447388749556,4.7593238245604832],[-74.299496761612488,4.7592500738078405],[-74.299829903667799,4.7593923718689215],[-74.299846866305444,4.7593704280671236],[-74.299936664170517,4.7594290772863737]]]},"properties":{"PARCEL_ID":"PRG-1322/A24A","EFR_ENTRG":"DELIVERED","RefName":"A24A","ACT":265,"DATE_DEL":1760486400000,"dateMax":1764028800000,"ACTA_No":1,"FID":0,"dateDel":1762300800000,"days":300,"TYPE":"SECONDARY","zoom":500,"Norder":65,"EMPRESAS_D":"VIA DE SERVICIO","UNIDAD_DE_":16,"PK_DE_REFE":"31+290 - 31+580","TIPO_DE_ES":"ROAD ACCESS","COSTADO":"NORTE","ACTIVIDADE":"VIA DE SERVICIO","ZONA_DE_IN":"ZONAS VERDES, PREDIO CON CONSTRUCCION","ANCHO_PROM":0,"ANCHO_PR_1":0,"ANCHO_PR_2":0,"ANCHO_PR_3":5.5,"LONGITUD_A":0,"LONGITUD_R":80,"RESTRICCIO":"YA SE DIO EL OK DE LA INTERVENTORIA, FALTAN DISEÑOS DETALLADOS","area":1573.2903332999999,"MUNICIPIO":"MADRID","pk_ini":31500,"pk_end":31580,"cruze":"T4-2025","use":"Private","ActivityId":"P-3050","FMI":"50C-297468","NOTIFY":" ","DATE_NOT":null,"USO":" ","VERE":" ","PROPIETARI":"FIDUCIARIA COLMENA S.A. COMO VOCERA DEL FIDEICOMISO VCG","SECTOR":"SUBURBANO","OBS":" ","Shape_Leng":546.60336533300006,"Shape_Area":1336.3879647599999,"Color":3}},{"type":"Feature","id":1,"geometry":{"type":"Polygon","coordinates":[[[-74.312445783310324,4.7688545763049328],[-74.312663036996625,4.7690349621011672],[-74.312910635293477,4.769250945106263],[-74.313090489642391,4.7694202966512815],[-74.313264606729177,4.7695926270658981],[-74.313440639677438,4.7697789869732983],[-74.313441166990629,4.7697789551416703],[-74.31347521462699,4.7697488221474726],[-74.313346753087501,4.7696087993836276],[-74.313198477592351,4.76944717606899],[-74.313144944900515,4.7693920511804162],[-74.312942646367404,4.7691935165670305],[-74.312908084871978,4.7691625905300157],[-74.312794171720014,4.769060660786506],[-74.312698420442516,4.7689807535315589],[-74.312520186820905,4.7688372914018693],[-74.312506394379668,4.7688266669877573],[-74.312445783310324,4.7688545763049328]]]},"properties":{"PARCEL_ID":"PRG-1329/A32A","EFR_ENTRG":"DELIVERED","RefName":"A32A","ACT":304,"DATE_DEL":1763078400000,"dateMax":1763596800000,"ACTA_No":1,"FID":1,"dateDel":1762300800000,"days":300,"TYPE":"SECONDARY","zoom":1000,"Norder":70,"EMPRESAS_D":"MOVISTAR-ENEL","UNIDAD_DE_":16,"PK_DE_REFE":"32+910 - 33+030","TIPO_DE_ES":"ROAD ACCESS","COSTADO":"NORTE","ACTIVIDADE":"*TRASLADO DE RED TRONCAL DE MOVISTAR SUBTERRANEA, CONSTRUCCION DE CAJAS Y CANALIZACION, VIA DE SERVICIO","ZONA_DE_IN":"ZONAS VERDES Y CULTIVOS","ANCHO_PROM":0,"ANCHO_PR_1":7.7000000000000002,"ANCHO_PR_2":0,"ANCHO_PR_3":5,"LONGITUD_A":0,"LONGITUD_R":120,"RESTRICCIO":"YA SE DIO EL OK DE LA INTERVENTORIA, FALTAN DISEÑOS DETALLADOS","area":2803.24219042,"MUNICIPIO":"MADRID","pk_ini":32910,"pk_end":33030,"cruze":"T4-2025","use":"Private","ActivityId":"P-2960","FMI":"50C-1668845","NOTIFY":" ","DATE_NOT":null,"USO":" ","VERE":" ","PROPIETARI":"CORREA SENIOR Y CIA. S. EN C. Y OTROS","SECTOR":"SUBURBANO","OBS":" ","Shape_Leng":311.47818778800001,"Shape_Area":972.16886604800004,"Color":3}},{"type":"Feature","id":2,"geometry":{"type":"Polygon","coordinates":[[[-74.310980251223143,4.7677805911621318],[-74.311059547036706,4.7677459304561882],[-74.311220062891977,4.7678679128740855],[-74.311227340741937,4.7678596026012148],[-74.311095516140099,4.7677601446658144],[-74.311096588785944,4.7677413828040294],[-74.310991093973115,4.7676596618644052],[-74.310946829095812,4.7676263353887904],[-74.310849822181396,4.7675532982410305],[-74.310793236477195,4.767510695114713],[-74.310788145846701,4.76750686170955],[-74.310613123231718,4.7673750878282517],[-74.310490324236838,4.7672826323118045],[-74.31040922037711,4.7673498691390179],[-74.310497370493792,4.7674163287698681],[-74.310563021920871,4.7673689031369522],[-74.310903128483687,4.767622332431678],[-74.310833898625248,4.7676701997056217],[-74.310833459793102,4.7676706520042869],[-74.310921999242666,4.7677366520598072],[-74.310980251223143,4.7677805911621318]]]},"properties":{"PARCEL_ID":"PRG-1328/A30A","EFR_ENTRG":"DELIVERED","RefName":"A30A","ACT":283,"DATE_DEL":1766361600000,"dateMax":1762300800000,"ACTA_No":1,"FID":2,"dateDel":1762300800000,"days":300,"TYPE":"SECONDARY","zoom":1000,"Norder":69,"EMPRESAS_D":"MOVISTAR","UNIDAD_DE_":16,"PK_DE_REFE":"32+745 - 32+900","TIPO_DE_ES":"ROAD ACCESS","COSTADO":"NORTE","ACTIVIDADE":"*TRASLADO DE RED TRONCAL DE MOVISTAR SUBTERRANEA, CONSTRUCCION DE CAJAS Y CANALIZACION, VIA DE SERVICIO","ZONA_DE_IN":"ZONAS VERDES","ANCHO_PROM":0,"ANCHO_PR_1":6.4000000000000004,"ANCHO_PR_2":0,"ANCHO_PR_3":0,"LONGITUD_A":0,"LONGITUD_R":170,"RESTRICCIO":"0","area":1718.47810774,"MUNICIPIO":"MADRID","pk_ini":32745,"pk_end":32900,"cruze":"T4-2025","use":"Private","ActivityId":"P-3130","FMI":"50C-1543453","NOTIFY":" ","DATE_NOT":null,"USO":" ","VERE":" ","PROPIETARI":"HECA COMPA3","SECTOR":"SUBURBANO","OBS":" ","Shape_Leng":247.38043415000001,"Shape_Area":545.38494684399996,"Color":3}},{"type":"Feature","id":3,"geometry":{"type":"Polygon","coordinates":[[[-74.265364665208949,4.7357332587812708],[-74.265333300807612,4.7357784462638373],[-74.265339047020049,4.7358151847157126],[-74.265343076716576,4.7358340573241637],[-74.265350260036612,4.7358519623765503],[-74.265360385918399,4.7358683736258929],[-74.265373156780797,4.7358828091594845],[-74.265388196638995,4.7358948440570368],[-74.26540319039384,4.7359030420102135],[-74.265419254328336,4.7359088496001691],[-74.265436013437167,4.7359121321876207],[-74.265453075604356,4.7359128121090164],[-74.265470041519848,4.7359108740997087],[-74.265486514593789,4.7359063625783104],[-74.265502109069601,4.7358993843574595],[-74.265516459937103,4.7358901014065884],[-74.265521854608735,4.7358867187523366],[-74.265527699295816,4.7358841995848469],[-74.265533857907272,4.7358826009121593],[-74.265540188037633,4.7358819616580075],[-74.265546540063582,4.735882295427591],[-74.265552768863088,4.7358835950259239],[-74.265558727504953,4.7358858297466959],[-74.265564277165012,4.7358889489866565],[-74.265623698301042,4.7359200643551302],[-74.265665321721926,4.7359470301930875],[-74.265700294267177,4.7359718148511458],[-74.265832430291226,4.7360620065961427],[-74.265837762173703,4.7360664226631917],[-74.265842253312016,4.736071695333802],[-74.265845771162319,4.7360776663910782],[-74.265848208413658,4.7360841577166548],[-74.265849493804893,4.7360909730962231],[-74.265849586719185,4.7360979081684746],[-74.265848485297695,4.7361047558485403],[-74.265846223736872,4.7361113108504442],[-74.265790409687909,4.7362662421444677],[-74.26578513626788,4.7362780275486571],[-74.265781809088608,4.7362905069275323],[-74.265780512791935,4.7363033592305843],[-74.265781280639573,4.7363162552826017],[-74.26578409361268,4.7363288614010113],[-74.265788878612994,4.7363408538653502],[-74.26579551297165,4.7363519261503226],[-74.265803826252395,4.7363617907340254],[-74.265806536394663,4.7363641203843097],[-74.265811504989429,4.7363450671820386],[-74.265824659032802,4.7362931611464871],[-74.265846594159044,4.7362244462537033],[-74.265882971662805,4.7361248888959233],[-74.265867997818447,4.7361203569913881],[-74.265847471170233,4.7360611126669436],[-74.26561784081693,4.7359052444262861],[-74.265364665208949,4.7357332587812708]]]},"properties":{"PARCEL_ID":"PRG-1305/A8A","EFR_ENTRG":"DELIVERED","RefName":"A8A","ACT":281,"DATE_DEL":1761696000000,"dateMax":1762300800000,"ACTA_No":1,"FID":3,"dateDel":1762300800000,"days":300,"TYPE":"SECONDARY","zoom":500,"Norder":55,"EMPRESAS_D":"ENEL-MOVISTAR-VANTI","UNIDAD_DE_":15,"PK_DE_REFE":"26+700 - 26+770","TIPO_DE_ES":"ROAD ACCESS","COSTADO":"NORTE","ACTIVIDADE":"*TRASLADO ENEL MT SUBTERRANEA, CONSTRUCCIÓN DE CAJA Y CANALIZACION\n*TRASLADO DE RED TRONCAL DE MOVISTAR SUBTERRANEA, CONSTRUCCION DE CAJAS Y CANALIZACION\n*TRASLADO DE RED DE VANTI, VIA DE SERVICIO","ZONA_DE_IN":"ZONAS VERDES, PREDIO Y VIA","ANCHO_PROM":0,"ANCHO_PR_1":0,"ANCHO_PR_2":2.5,"ANCHO_PR_3":0,"LONGITUD_A":0,"LONGITUD_R":70,"RESTRICCIO":"APROBACION DE VÍA DE SERVICIO","area":601.63411657400002,"MUNICIPIO":"MADRID","pk_ini":26700,"pk_end":26770,"cruze":"T4-2025","use":"Private","ActivityId":"P-2190","FMI":"50C-1967024","NOTIFY":" ","DATE_NOT":null,"USO":" ","VERE":" ","PROPIETARI":"LUIS OMAR COSMA E HIJOS S.A.S Y OTROS","SECTOR":"SUBURBANO","OBS":" ","Shape_Leng":214.42220648200001,"Shape_Area":432.71253242300003,"Color":3}},{"type":"Feature","id":4,"geometry":{"type":"Polygon","coordinates":[[[-74.30181159060443,4.7604823347253502],[-74.301827624182252,4.7604947789979324],[-74.301831402157561,4.7604258782413069],[-74.301843637405128,4.7603748030032351],[-74.301859077086377,4.7603097173038957],[-74.301806404385246,4.7602971411905859],[-74.301791425583716,4.7603602788764654],[-74.301788883999791,4.7603669453004676],[-74.301788830846931,4.7603670366521182],[-74.301785329088574,4.7603731273499008],[-74.301785194833727,4.7603732919762551],[-74.301781669981395,4.7603776563727536],[-74.301780850038625,4.7603786712646388],[-74.301780611237831,4.7603788856615594],[-74.301775557677558,4.7603834404592504],[-74.301775197194289,4.7603836738861283],[-74.301769583570675,4.7603873155232126],[-74.301769097787343,4.7603875309049366],[-74.301763076417458,4.7603902005522842],[-74.301762484250247,4.760390357189161],[-74.301762450000965,4.7603903689562177],[-74.301756197544265,4.7603920222455374],[-74.301755518814531,4.7603920911935118],[-74.301755443101285,4.760392103878397],[-74.30174912000534,4.7603927371402088],[-74.301748371831735,4.7603926939775985],[-74.301747419037198,4.7603926391257563],[-74.301742017764496,4.7603923270935908],[-74.301742040264287,4.7603922185702467],[-74.30174105501213,4.7603921411214758],[-74.301734040688387,4.7603904342798353],[-74.301727387468617,4.7603876267872867],[-74.301721264839202,4.7603837918369472],[-74.301668682691556,4.7603446536780281],[-74.30146565903523,4.7601935379867673],[-74.301455101450131,4.7602145284186053],[-74.301482972010788,4.7602348733349356],[-74.301756177882567,4.7604343055139822],[-74.301758858877719,4.7604211262756442],[-74.30181451020573,4.7604265927185727],[-74.30181159060443,4.7604823347253502]]]},"properties":{"PARCEL_ID":"PRG-1323/A23A","EFR_ENTRG":"DELIVERED","RefName":"A23A","ACT":266,"DATE_DEL":1760486400000,"dateMax":1763164800000,"ACTA_No":1,"FID":4,"dateDel":1762300800000,"days":300,"TYPE":"SECONDARY","zoom":500,"Norder":66,"EMPRESAS_D":"VIA DE SERVICIO","UNIDAD_DE_":16,"PK_DE_REFE":"31+530 - 31+570","TIPO_DE_ES":"ROAD ACCESS","COSTADO":"SUR","ACTIVIDADE":"VIA DE SERVICIO","ZONA_DE_IN":"ZONAS VERDES","ANCHO_PROM":0,"ANCHO_PR_1":0,"ANCHO_PR_2":0,"ANCHO_PR_3":1.6000000000000001,"LONGITUD_A":0,"LONGITUD_R":40,"RESTRICCIO":"YA SE DIO EL OK DE LA INTERVENTORIA, FALTAN DISEÑOS DETALLADOS","area":206.69171736600001,"MUNICIPIO":"MADRID","pk_ini":31530,"pk_end":31570,"cruze":"T4-2025","use":"Private","ActivityId":"P-3060","FMI":"50C-640167","NOTIFY":" ","DATE_NOT":null,"USO":" ","VERE":" ","PROPIETARI":"GERMAN CORREA MATALLANA Y OTRO","SECTOR":"SUBURBANO","OBS":" ","Shape_Leng":138.977448598,"Shape_Area":207.24945746099999,"Color":3}},{"type":"Feature","id":5,"geometry":{"type":"Polygon","coordinates":[[[-74.187736319666016,4.6994229716752098],[-74.187789700530885,4.6994171105575386],[-74.187789016988475,4.6994092178754325],[-74.187789666503193,4.6994013231737801],[-74.18779163198495,4.6993936498191262],[-74.187794857586496,4.6993864193754229],[-74.187799250503573,4.6993798362307393],[-74.187804684580627,4.6993740894051044],[-74.187811006618219,4.6993693416979978],[-74.187818033669359,4.6993657305929801],[-74.187825567458802,4.6993633574037919],[-74.187833391679945,4.6993622917962794],[-74.189075490379949,4.6992900624382354],[-74.189141898361214,4.6992861786599294],[-74.189125038904521,4.6992678944672459],[-74.189093225162111,4.6992468898003699],[-74.189072246591422,4.6992395085887866],[-74.189041484511591,4.6992286844373643],[-74.188682344693547,4.6992491140336865],[-74.188616898398465,4.6992528357439936],[-74.188069362036742,4.6992839803194419],[-74.187908723322579,4.6992931175762216],[-74.187899296466128,4.6992936535145651],[-74.187853977432781,4.6992962316346416],[-74.187841678084396,4.699296930802161],[-74.187819269683246,4.6992988379146912],[-74.187819267004855,4.6992990006903579],[-74.187788483593337,4.6993014571371985],[-74.187768909713725,4.6993196802083581],[-74.187771405703373,4.6993383202908481],[-74.187775340091974,4.699367709641419],[-74.187741057282523,4.6993729935030695],[-74.187741015776467,4.6993727059400534],[-74.187736253430586,4.6993398550335073],[-74.187729191119558,4.6992911375223789],[-74.187728723727943,4.6992879155509408],[-74.187717450727675,4.6992353183246358],[-74.187722752553469,4.6992885051988749],[-74.187728497545038,4.6993398698245734],[-74.187728521011962,4.6993400769071325],[-74.187728580578579,4.6993405815009464],[-74.187736319666016,4.6994229716752098]]]},"properties":{"PARCEL_ID":"PRG-1341/E10","EFR_ENTRG":"DELIVERED","RefName":"E10","ACT":336,"DATE_DEL":1769126400000,"dateMax":1774483200000,"ACTA_No":1,"FID":5,"dateDel":1768608000000,"days":300,"TYPE":"SECONDARY","zoom":1000,"Norder":32,"EMPRESAS_D":"VIA DE SERVICIO","UNIDAD_DE_":10,"PK_DE_REFE":"16+645 - 16+810","TIPO_DE_ES":"ROAD ACCESS","COSTADO":"NORTE","ACTIVIDADE":"VIA DE SERVICIO, EVITANDO AFECTAR EL POLIDUCTO DE CENIT","ZONA_DE_IN":"ZONAS VERDES","ANCHO_PROM":0,"ANCHO_PR_1":0,"ANCHO_PR_2":0,"ANCHO_PR_3":5.5,"LONGITUD_A":0,"LONGITUD_R":165,"RESTRICCIO":"YA SE DIO EL OK DE LA INTERVENTORIA, FALTA DISEÑO DETALLADO","area":1092.55354384,"MUNICIPIO":"FUNZA","pk_ini":16645,"pk_end":16810,"cruze":"T1-2026","use":"Private","ActivityId":"P-1120","FMI":"50C-1195067","NOTIFY":" ","DATE_NOT":null,"USO":" ","VERE":" ","PROPIETARI":"ALIANZA FIDUCIARIA S.A. VOCERA DEL  PATRIMONIO AUTONOMO DENOMINADO FIDEICOMISO DE PARQUEO CEDIS CALLE 13","SECTOR":"SUBURBANO","OBS":" ","Shape_Leng":360.953456614,"Shape_Area":1093.8427634899999,"Color":3}},{"type":"Feature","id":6,"geometry":{"type":"Polygon","coordinates":[[[-74.206316947432427,4.6982395970616819],[-74.206899816088367,4.6982036408432428],[-74.206910383216623,4.6982038423509778],[-74.206920761400099,4.6982058479845987],[-74.206930646882711,4.6982095990206245],[-74.206939750320231,4.6982149860917026],[-74.206947805793718,4.6982218509936589],[-74.206954576218706,4.698229993014519],[-74.20695986506307,4.6982391734540183],[-74.206963517250102,4.6982491246662699],[-74.206965424567386,4.6982595545805532],[-74.207013839885278,4.6982494517225755],[-74.207006164385376,4.69809884907942],[-74.206868634219219,4.6981071580552713],[-74.206309866614632,4.6981409109557433],[-74.206316947432427,4.6982395970616819]]]},"properties":{"PARCEL_ID":"PRG-1351/E31A","EFR_ENTRG":"DELIVERED","RefName":"E31A","ACT":405,"DATE_DEL":1780358400000,"dateMax":1769558400000,"ACTA_No":1,"FID":6,"dateDel":1768608000000,"days":300,"TYPE":"SECONDARY","zoom":1000,"Norder":38,"EMPRESAS_D":"VIA DE SERVICIO","UNIDAD_DE_":11,"PK_DE_REFE":"18+710 - 18+788","TIPO_DE_ES":"ROAD ACCESS","COSTADO":"NORTE","ACTIVIDADE":"VIA DE SERVICIO","ZONA_DE_IN":"ZONAS DE CULTIVOS Y VIA","ANCHO_PROM":0,"ANCHO_PR_1":0,"ANCHO_PR_2":0,"ANCHO_PR_3":14.75,"LONGITUD_A":0,"LONGITUD_R":0,"RESTRICCIO":"VIA DE SERVICIO\n\"OTROSI 9\"","area":2875.1124772799999,"MUNICIPIO":"MOSQUERA","pk_ini":18515,"pk_end":18785,"cruze":"T1-2026","use":"Private","ActivityId":"P-1390","FMI":"50C-1246606","NOTIFY":" ","DATE_NOT":null,"USO":" ","VERE":" ","PROPIETARI":"BIECO BIENES & CONSTRUCCIONES\r\nLTDA","SECTOR":"SUBURBANO","OBS":" ","Shape_Leng":320.87613368699999,"Shape_Area":1626.9331799500001,"Color":1}},{"type":"Feature","id":7,"geometry":{"type":"Polygon","coordinates":[[[-74.211445570041803,4.6979571981864652],[-74.211449644603348,4.6980072724460245],[-74.211465358025208,4.698112643829381],[-74.211473246638633,4.6981114005678242],[-74.211467274211913,4.6980721891941952],[-74.211465700789375,4.69805006474341],[-74.211467887687888,4.6980279929241791],[-74.211473771035202,4.6980066121889221],[-74.211483179698106,4.6979865411157515],[-74.211495843390907,4.6979683603210125],[-74.211511394474726,4.6979525943727536],[-74.211529383277977,4.6979397018403573],[-74.21154928980944,4.6979300535891761],[-74.211570537277623,4.6979239300647908],[-74.211592512818342,4.697921507724625],[-74.212117573482459,4.697892534775078],[-74.212117654578918,4.6978924181039847],[-74.212113916748734,4.6978404429291327],[-74.211943191006995,4.6978530710419157],[-74.211825214305478,4.6978617968202041],[-74.211463956806028,4.697889879912359],[-74.211450868875815,4.6978953806078101],[-74.211450427553103,4.6978970807880662],[-74.211446552915945,4.6979119881142468],[-74.211449356728878,4.6979440691354037],[-74.211450443399485,4.697956502739248],[-74.211450467789319,4.6979567866866878],[-74.211445570041803,4.6979571981864652]]]},"properties":{"PARCEL_ID":"PRG-1371A/E38A","EFR_ENTRG":"DELIVERED","RefName":"E38A","ACT":373,"DATE_DEL":1773878400000,"dateMax":1769990400000,"ACTA_No":1,"FID":7,"dateDel":1768608000000,"days":300,"TYPE":"SECONDARY","zoom":1000,"Norder":41,"EMPRESAS_D":"VIA DE SERVICIO","UNIDAD_DE_":11,"PK_DE_REFE":"19+265 - 19+585","TIPO_DE_ES":"ROAD ACCESS","COSTADO":"NORTE","ACTIVIDADE":"VIA DE SERVICIO","ZONA_DE_IN":"ZONAS VERDES Y PARQUEADEROS","ANCHO_PROM":0,"ANCHO_PR_1":0,"ANCHO_PR_2":0,"ANCHO_PR_3":6,"LONGITUD_A":0,"LONGITUD_R":0,"RESTRICCIO":"YA SE DIO EL OK DE LA INTERVENTORIA, FALTA DISEÑO DETALLADO","area":2333.73168553,"MUNICIPIO":"MOSQUERA","pk_ini":19265,"pk_end":19585,"cruze":"T1-2026","use":"Private","ActivityId":"P-1480","FMI":"50C-1619124","NOTIFY":" ","DATE_NOT":null,"USO":" ","VERE":" ","PROPIETARI":"ARLOS JAVIER SABOGAL CUBILLOS","SECTOR":"SUBURBANO","OBS":" ","Shape_Leng":245.00734244200001,"Shape_Area":632.49315874299998,"Color":3}},{"type":"Feature","id":8,"geometry":{"type":"Polygon","coordinates":[[[-74.299694047213833,4.7589824638939247],[-74.299820315366006,4.7590688579501821],[-74.30005402017116,4.7592287612775115],[-74.300155438674679,4.7592981516061563],[-74.300198461843834,4.759327588032674],[-74.300207441721454,4.7593337316557562],[-74.300275346191555,4.7593801916162439],[-74.300319024830046,4.7594100772597345],[-74.300402213145063,4.7594669959164797],[-74.300517680365999,4.7595459997748986],[-74.300525967824484,4.7595516697645852],[-74.300587389869989,4.7595936952958589],[-74.300703439562525,4.7596730968241205],[-74.300777750833177,4.7597239405095069],[-74.300794444769465,4.7597353627347614],[-74.300862599960709,4.7597819952730864],[-74.300899826832364,4.7598074663688665],[-74.300915522706632,4.7598182061683181],[-74.300952368206836,4.7598434151378033],[-74.300988658327242,4.7598682453837711],[-74.301049444802686,4.7599098352045033],[-74.301088763390055,4.7599367380213131],[-74.301154432204129,4.7599822427698086],[-74.301175586406771,4.7599969009301129],[-74.301264335252725,4.7600583979479607],[-74.301303092271226,4.760085253910602],[-74.301362970144154,4.7601267454283542],[-74.30141259955046,4.7601611360933864],[-74.301423529763639,4.7601691138897824],[-74.301443869175301,4.760183959496441],[-74.301451860142379,4.7601897941532396],[-74.301451945795549,4.7601898574263846],[-74.301441339279535,4.7602044825056637],[-74.301455101450131,4.7602145284186053],[-74.30146565903523,4.7601935379867673],[-74.301315929004033,4.760085072493462],[-74.301135835647116,4.7599576012088978],[-74.300987582305382,4.7598550366213344],[-74.300844818324208,4.7597574854668041],[-74.30072907518452,4.7596784184556089],[-74.300584309743414,4.7595795259107971],[-74.300451593248312,4.7594888639880342],[-74.300286895445794,4.759376357262866],[-74.300126381089399,4.7592667049224442],[-74.29996612103335,4.7591572297025415],[-74.299699684020666,4.7589752204383906],[-74.299696968422836,4.7589733656908431],[-74.299694047213833,4.7589824638939247]]]},"properties":{"PARCEL_ID":"PRG-1322/A41A","EFR_ENTRG":"DELIVERED","RefName":"A41A","ACT":265,"DATE_DEL":1760486400000,"dateMax":1766534400000,"ACTA_No":1,"FID":8,"dateDel":1762300800000,"days":300,"TYPE":"SECONDARY","zoom":500,"Norder":64,"EMPRESAS_D":"MOVIMIENTO DE DISEÑO","UNIDAD_DE_":16,"PK_DE_REFE":"31+290 - 31+525","TIPO_DE_ES":"ROAD ACCESS","COSTADO":"SUR","ACTIVIDADE":"VIA DE SERVICIO","ZONA_DE_IN":"ZONAS VERDES","ANCHO_PROM":0,"ANCHO_PR_1":0,"ANCHO_PR_2":0,"ANCHO_PR_3":0.5,"LONGITUD_A":0,"LONGITUD_R":235,"RESTRICCIO":"CONSTRUCCION DEL CORREDOR FERREO","area":244.16457807099999,"MUNICIPIO":"MADRID","pk_ini":31290,"pk_end":31525,"cruze":"T4-2025","use":"Private","ActivityId":"P-3380","FMI":"50C-297468","NOTIFY":" ","DATE_NOT":null,"USO":" ","VERE":" ","PROPIETARI":"FIDUCIARIA COLMENA S.A. COMO VOCERA DEL FIDEICOMISO VCG","SECTOR":"SUBURBANO","OBS":" ","Shape_Leng":482.03557188399998,"Shape_Area":248.11637594699999,"Color":3}},{"type":"Feature","id":9,"geometry":{"type":"Polygon","coordinates":[[[-74.265316473435135,4.7354819769826149],[-74.265363029937561,4.7355187378130816],[-74.265373868479543,4.7355272959038786],[-74.265447616013162,4.7355788573008972],[-74.26552139971966,4.7356308165729279],[-74.26559525730805,4.7356826238936298],[-74.265669199581538,4.7357342304276839],[-74.265706528467049,4.7357596709688172],[-74.265743228435213,4.7357859780009743],[-74.26578029417972,4.7358116139388891],[-74.265817232001766,4.7358375049228707],[-74.265854349109048,4.7358630648811459],[-74.265891581578373,4.7358885669305026],[-74.265928708648175,4.7359142824218781],[-74.265965671717325,4.7359401661561327],[-74.266002715875544,4.735965914220758],[-74.266039700579753,4.7359917861889755],[-74.2660766149761,4.7360176437053774],[-74.266113799682259,4.736043120434565],[-74.266150959167007,4.7360686496180397],[-74.266188390795861,4.7360939146687793],[-74.266225364705733,4.736119818279958],[-74.26626255121775,4.7361452669667532],[-74.266337066644553,4.7361960856207661],[-74.266411924463668,4.7362463950502987],[-74.266486720889688,4.736296296647506],[-74.266491348333972,4.7362989603631371],[-74.26650483039738,4.736306721926332],[-74.266565601106237,4.7363417081613797],[-74.26660483477275,4.7363642950554032],[-74.266608366884739,4.7363663287707132],[-74.266660372490563,4.7362612074507267],[-74.266639529862545,4.7362501481029051],[-74.266678599700981,4.7361541411681998],[-74.266580520678119,4.7361032286157281],[-74.266500763090562,4.7362656450885527],[-74.26647774924713,4.7362519186361212],[-74.266380846744099,4.7361919066403555],[-74.266223982265586,4.7360875169647807],[-74.266084966076491,4.7359940924818584],[-74.265980009779312,4.7359235565387605],[-74.265980635210468,4.7359197917561335],[-74.265884588178366,4.7358364077497956],[-74.265862792458307,4.7358206444542308],[-74.265873765109987,4.7358051245358697],[-74.265644160974034,4.7356459076595039],[-74.265599678995926,4.7356143405999225],[-74.265442132113719,4.7355087925092105],[-74.265438463788499,4.7355063347065984],[-74.265370911300266,4.7354746056982142],[-74.265366595910265,4.7354725785190288],[-74.265316473435135,4.7354819769826149]]]},"properties":{"PARCEL_ID":"30-Madrid","EFR_ENTRG":"DELIVERED","RefName":"30-Madrid","ACT":-10,"DATE_DEL":1752624000000,"dateMax":1752883200000,"ACTA_No":1,"FID":9,"dateDel":1749859200000,"days":90,"TYPE":"SECONDARY","zoom":800,"Norder":54,"EMPRESAS_D":"ENEL, MOVISTAR, EAAAM","UNIDAD_DE_":15,"PK_DE_REFE":"26+680 - 26+850","TIPO_DE_ES":"ROAD ACCESS","COSTADO":"SUR","ACTIVIDADE":"*TRASLADO ENEL MT AEREO Y SUBTERRANEA, CONSTRUCCION DE CAJAS Y CANALIZACION E INSTALACION DE POSTES Y AFLORAMIENTOS\n*TRASLADO DE RED TRONCAL MOVISTAR SUBTERRANEA, CONSTRUCCION DE CAJAS Y CANALIZACION\n*TRASLADO DE RED DE ACUEDUCTO, VIA DE SERVICIO\n","ZONA_DE_IN":"ANDENES Y VIA","ANCHO_PROM":6.5,"ANCHO_PR_1":0,"ANCHO_PR_2":6.5,"ANCHO_PR_3":0,"LONGITUD_A":175,"LONGITUD_R":175,"RESTRICCIO":"RESTITUCIÓN DE VÍA Y ANDÉN","area":1035.02051162,"MUNICIPIO":"MADRID","pk_ini":26680,"pk_end":26850,"cruze":"T3-2025","use":"Public","ActivityId":"P-2180","FMI":"N/A","NOTIFY":" ","DATE_NOT":null,"USO":" ","VERE":" ","PROPIETARI":"MADRID","SECTOR":"SUBURBANO","OBS":" ","Shape_Leng":394.55954803100002,"Shape_Area":1035.0283657699999,"Color":3}},{"type":"Feature","id":10,"geometry":{"type":"Polygon","coordinates":[[[-74.261029792661375,4.7325627821823684],[-74.261523136918257,4.7328876975022611],[-74.261827779739633,4.7330986283136065],[-74.262116716293647,4.7332986844072611],[-74.26240112552685,4.7334956054595843],[-74.262418381799179,4.7334705191021929],[-74.262377212586244,4.7334388397078424],[-74.262374033847749,4.7334368510904561],[-74.262356970892867,4.7334261803516258],[-74.262320743309331,4.7333991983919859],[-74.262293877203405,4.7333820536514501],[-74.262259086705768,4.7333596262787214],[-74.262237034023528,4.7333429929906714],[-74.262230407033357,4.7333389896016334],[-74.262227336633501,4.7333376574785708],[-74.262199596638936,4.7333187351077592],[-74.262193501092497,4.7333133678876314],[-74.262177657885559,4.7333000381678945],[-74.262160538013234,4.7332854472857102],[-74.262150204658568,4.7332782092886623],[-74.262132864825546,4.7332669101272824],[-74.262103161974593,4.7332457537433079],[-74.262084637249728,4.7332325639991364],[-74.262078376969512,4.7332280052687281],[-74.262068893056522,4.7332221072208815],[-74.262060671858848,4.733215847115015],[-74.262054398964381,4.7332113055694771],[-74.261994977268202,4.733169820234493],[-74.261961955372826,4.7331477938850099],[-74.261906183674611,4.7331076857268863],[-74.261852021087577,4.7330682209991402],[-74.261829383375272,4.7330513473084341],[-74.26181260218199,4.733039229595553],[-74.261769060446866,4.733006850863803],[-74.261762949660493,4.7330017757335376],[-74.261757619003745,4.7329984013895023],[-74.261751423439591,4.7329931381866741],[-74.261737850142751,4.7329842018601767],[-74.261720803150283,4.7329724622143283],[-74.261715478464907,4.7329678073752808],[-74.261684698605762,4.7329470156929316],[-74.261668486526446,4.7329362162986586],[-74.261579446610099,4.7328763253877701],[-74.26152715789442,4.7328398958798097],[-74.26141798739269,4.7327816877808013],[-74.261301155818487,4.7327014555889928],[-74.261123696392843,4.7325787580173424],[-74.260974381864258,4.7324757278599288],[-74.260970934756969,4.7324814557248311],[-74.260935807677754,4.7324572839702181],[-74.260932101849249,4.732462898865621],[-74.260906262844571,4.7324437715635499],[-74.260854216110744,4.7324052466673674],[-74.260782693444312,4.7323523050984102],[-74.260663418098915,4.7322605716085029],[-74.260670449401914,4.7322494133609689],[-74.2605183276372,4.7321272135204024],[-74.260481831974175,4.7320982827558407],[-74.260442821024071,4.7320674925024049],[-74.260377342444528,4.7320160187838685],[-74.260305530640366,4.7319601147414723],[-74.260306402072501,4.7319559718988362],[-74.260242469317163,4.7319043729645518],[-74.260182456814405,4.7318570440131467],[-74.260158088817832,4.731837695643045],[-74.260098433201932,4.7317901224277943],[-74.259947432462042,4.7316661325408917],[-74.259808717666161,4.7315571716147362],[-74.259748028217246,4.7315129753072318],[-74.25974377258909,4.7315118351968248],[-74.259528081595306,4.731337472655996],[-74.25951665716407,4.731328380178125],[-74.25945941290442,4.7312674840756301],[-74.259373993072131,4.7311999876259208],[-74.259298045604368,4.7311391714784907],[-74.259300314551339,4.7311365592551864],[-74.259271276758014,4.7311107128506649],[-74.259177315660551,4.7310293791610842],[-74.25910424574198,4.7309699765659365],[-74.25906359736355,4.7309434992803965],[-74.259035829761075,4.7309217128535215],[-74.2589630625219,4.7308684621377335],[-74.258855910112871,4.730780354105411],[-74.258752292656595,4.7306948974513654],[-74.258683539812026,4.7306439145501651],[-74.258626167635143,4.7306001594737657],[-74.258567949474781,4.7305544250936951],[-74.258510941374254,4.730510331702467],[-74.258456589672647,4.7304665532139225],[-74.258407021594834,4.7304266176643006],[-74.258255364466734,4.730303059809092],[-74.258251040785808,4.7303001445595569],[-74.258112702845565,4.7302068592674882],[-74.258095287323158,4.7301951160053539],[-74.257959368737161,4.7300881434198976],[-74.257932627930472,4.7300666605239901],[-74.257874906344213,4.7300202902269479],[-74.257747513181272,4.7299214215511425],[-74.257446828236922,4.7296795181207845],[-74.257237719856661,4.7295181877317862],[-74.257149941148199,4.729448967997893],[-74.257107478670747,4.7294196777730093],[-74.257080241672057,4.7294417634007111],[-74.257076699641345,4.7294499735846474],[-74.257148712536249,4.7295047086693467],[-74.257301198763884,4.7296151189026672],[-74.257440836304539,4.7297295999945979],[-74.257581697475402,4.729842292026202],[-74.257723416572489,4.7299541572706101],[-74.257864060651428,4.73006702563623],[-74.257905151948691,4.7301021932356377],[-74.258001372749135,4.7301845447669777],[-74.258071720570868,4.7302411864541769],[-74.258119196843111,4.7302683031717949],[-74.258108649020386,4.7302818234477213],[-74.258136888144151,4.7303042409949452],[-74.258172267514325,4.7303323266596227],[-74.258194917225467,4.7303127100300086],[-74.259780891406209,4.7315732095229661],[-74.259821118582337,4.7316053179700281],[-74.260219037854455,4.7319229200757658],[-74.260767568354467,4.7323651836656611],[-74.260810350753616,4.7323929850832922],[-74.260912124486708,4.73247830805738],[-74.261029792661375,4.7325627821823684]]]},"properties":{"PARCEL_ID":"18-Madrid","EFR_ENTRG":"DELIVERED","RefName":"18-Madrid","ACT":-4,"DATE_DEL":1753660800000,"dateMax":1755993600000,"ACTA_No":1,"FID":10,"dateDel":1753574400000,"days":90,"TYPE":"SECONDARY","zoom":3000,"Norder":51,"EMPRESAS_D":"ENEL","UNIDAD_DE_":14,"PK_DE_REFE":"25+550 - 25+665","TIPO_DE_ES":"ROAD ACCESS","COSTADO":"SUR","ACTIVIDADE":"*TRASLADO DE RED DE ENEL BT AEREA, RETIRO DE CABLEADO ALUMBRADO PUBLICO, VIA DE SERVICIO","ZONA_DE_IN":"ANDEN","ANCHO_PROM":3,"ANCHO_PR_1":3,"ANCHO_PR_2":0,"ANCHO_PR_3":3,"LONGITUD_A":710,"LONGITUD_R":85,"RESTRICCIO":"RESTITUCIÓN DE VÍA Y ANDÉN","area":3070.0918840200002,"MUNICIPIO":"MADRID","pk_ini":25550,"pk_end":25665,"cruze":"T3-2025","use":"Public","ActivityId":"P-1990","FMI":"N/A","NOTIFY":" ","DATE_NOT":null,"USO":" ","VERE":" ","PROPIETARI":"MADRID","SECTOR":"SUBURBANO","OBS":" ","Shape_Leng":1498.9026135300001,"Shape_Area":3070.1473464800001,"Color":3}},{"type":"Feature","id":11,"geometry":{"type":"Polygon","coordinates":[[[-74.260935807677754,4.7324572839702181],[-74.260970934756969,4.7324814557248311],[-74.260974381864258,4.7324757278599288],[-74.260939514408506,4.7324516726917674],[-74.260935807677754,4.7324572839702181]]]},"properties":{"PARCEL_ID":"21-Madrid","EFR_ENTRG":"DELIVERED","RefName":"21-Madrid","ACT":-4,"DATE_DEL":1761782400000,"dateMax":1761868800000,"ACTA_No":1,"FID":11,"dateDel":1749859200000,"days":90,"TYPE":"SECONDARY","zoom":200,"Norder":53,"EMPRESAS_D":"MOVISTAR","UNIDAD_DE_":14,"PK_DE_REFE":"26+085 - 26+095","TIPO_DE_ES":"ROAD ACCESS","COSTADO":"SUR","ACTIVIDADE":"*VIA PACIFICADA","ZONA_DE_IN":"ZONAS VERDES","ANCHO_PROM":0.80000000000000004,"ANCHO_PR_1":0,"ANCHO_PR_2":0.80000000000000004,"ANCHO_PR_3":0,"LONGITUD_A":5,"LONGITUD_R":5,"RESTRICCIO":"RESTITUCIÓN DE VÍA Y ANDÉN","area":3.4926137798100001,"MUNICIPIO":"MADRID","pk_ini":26085,"pk_end":26095,"cruze":"T4-2025","use":"Public","ActivityId":"P-2030","FMI":"N/A","NOTIFY":" ","DATE_NOT":null,"USO":" ","VERE":" ","PROPIETARI":"MADRID","SECTOR":"SUBURBANO","OBS":" ","Shape_Leng":10.9046610568,"Shape_Area":3.4924490482400001,"Color":3}},{"type":"Feature","id":12,"geometry":{"type":"Polygon","coordinates":[[[-74.260670449401914,4.7322494133609689],[-74.260663418098915,4.7322605716085029],[-74.260782693444312,4.7323523050984102],[-74.260792489627264,4.7323426698683644],[-74.260670449401914,4.7322494133609689]]]},"properties":{"PARCEL_ID":"20-Madrid","EFR_ENTRG":"DELIVERED","RefName":"20-Madrid","ACT":-4,"DATE_DEL":1753660800000,"dateMax":1761868800000,"ACTA_No":1,"FID":12,"dateDel":1753574400000,"days":90,"TYPE":"SECONDARY","zoom":300,"Norder":52,"EMPRESAS_D":"MOVISTAR","UNIDAD_DE_":14,"PK_DE_REFE":"26+050 - 26+065","TIPO_DE_ES":"ROAD ACCESS","COSTADO":"SUR","ACTIVIDADE":"*VIA PACIFICADA","ZONA_DE_IN":"ZONAS VERDES","ANCHO_PROM":1.5,"ANCHO_PR_1":0,"ANCHO_PR_2":1.5,"ANCHO_PR_3":0,"LONGITUD_A":15,"LONGITUD_R":15,"RESTRICCIO":"RESTITUCIÓN DE VÍA Y ANDÉN","area":24.937764927300002,"MUNICIPIO":"MADRID","pk_ini":26050,"pk_end":26065,"cruze":"T4-2025","use":"Public","ActivityId":"P-2020","FMI":"N/A","NOTIFY":" ","DATE_NOT":null,"USO":" ","VERE":" ","PROPIETARI":"MADRID","SECTOR":"SUBURBANO","OBS":" ","Shape_Leng":36.675007326600003,"Shape_Area":24.9375965485,"Color":3}},{"type":"Feature","id":13,"geometry":{"type":"Polygon","coordinates":[[[-74.266404736356151,4.7364667466392989],[-74.266414672075555,4.736446592444703],[-74.266414734236079,4.7364464676339493],[-74.266414797298225,4.7364463437272741],[-74.266420897884331,4.736450133802097],[-74.266432619346062,4.7364371122590239],[-74.266455796580672,4.7363952602254944],[-74.266154904174044,4.7361906986603852],[-74.265945928543729,4.7360481308102536],[-74.26592607589059,4.7361379334779041],[-74.266381542393219,4.7364303511735324],[-74.266404736356151,4.7364667466392989]]]},"properties":{"PARCEL_ID":"31-Madrid","EFR_ENTRG":"DELIVERED","RefName":"31-Madrid","ACT":-11,"DATE_DEL":1755129600000,"dateMax":1755820800000,"ACTA_No":1,"FID":13,"dateDel":1749859200000,"days":90,"TYPE":"SECONDARY","zoom":500,"Norder":56,"EMPRESAS_D":"ENEL, MOVISTAR, VANTI, VIA DE SERVICIO","UNIDAD_DE_":15,"PK_DE_REFE":"26+770 - 26+840","TIPO_DE_ES":"ROAD ACCESS","COSTADO":"NORTE","ACTIVIDADE":"*TRASLADO ENEL MT AEREO Y SUBTERRANEA, CONSTRUCCION DE CAJAS Y CANALIZACION E INSTALACION DE POSTES Y AFLORAMIENTOS\n*TRASLADO DE RED TRONCAL MOVISTAR SUBTERRANEA, CONSTRUCCION DE CAJAS Y CANALIZACION\n*TRASLADO RED DE VANTI. VIA DE SERVICIO","ZONA_DE_IN":"ZONAS VERDES PARQUE","ANCHO_PROM":9.8000000000000007,"ANCHO_PR_1":0,"ANCHO_PR_2":9.8000000000000007,"ANCHO_PR_3":0,"LONGITUD_A":70,"LONGITUD_R":70,"RESTRICCIO":"RESTITUCIÓN DE ZONAS VERDES","area":644.68881758199996,"MUNICIPIO":"MADRID","pk_ini":26770,"pk_end":26840,"cruze":"T3-2025","use":"Public","ActivityId":"P-2200","FMI":"N/A","NOTIFY":" ","DATE_NOT":null,"USO":" ","VERE":" ","PROPIETARI":"MADRID","SECTOR":"SUBURBANO","OBS":" ","Shape_Leng":153.84939045499999,"Shape_Area":577.072074542,"Color":3}},{"type":"Feature","id":14,"geometry":{"type":"Polygon","coordinates":[[[-74.31490953232715,4.7716067915570157],[-74.31505764623644,4.7716629479308379],[-74.315109851005147,4.7717166922455361],[-74.315145774139125,4.7717536782982961],[-74.315100893265665,4.7718491715194187],[-74.315133834526364,4.7718756397993376],[-74.315197119575387,4.7718065466373316],[-74.315194401720149,4.771803633927191],[-74.315252737675181,4.7717492870675606],[-74.315189360134212,4.771675248739033],[-74.315024319420544,4.7714824415007673],[-74.314823886012448,4.7712508312270536],[-74.314654160130218,4.7710584812732302],[-74.314645156949723,4.771048279368725],[-74.314645136209535,4.7710482567684078],[-74.314478540989754,4.7708610638053726],[-74.314247338733722,4.7706043244458582],[-74.314093974117782,4.7704341050294632],[-74.314049328377493,4.7703845539707306],[-74.313772149809296,4.7700769399322622],[-74.313741153826328,4.7701055635206089],[-74.313849967897283,4.7702255925800028],[-74.314167756242867,4.7705761395559412],[-74.314529782221456,4.7709862861026773],[-74.314886870585951,4.7713908383376449],[-74.315032131769271,4.7715553488034299],[-74.31503490330185,4.7715597038525379],[-74.315036929503307,4.7715644534338182],[-74.315038156245791,4.7715694718684487],[-74.315038551031819,4.7715746235228487],[-74.315038102997235,4.7715797709473255],[-74.31503682381279,4.7715847757801333],[-74.315034747686056,4.771589504173158],[-74.315031931362711,4.7715938304092242],[-74.315028449619419,4.7715976369036142],[-74.315024395267002,4.7716008232469962],[-74.315019877346927,4.7716033043975701],[-74.315015016624656,4.7716050115868285],[-74.315009942888423,4.7716059013634879],[-74.315004793144283,4.7716059492641181],[-74.314999703505009,4.7716051543373235],[-74.314994811893598,4.7716035373342471],[-74.314863877384084,4.7715482377083047],[-74.314862128275777,4.7715524053224669],[-74.31490953232715,4.7716067915570157]]]},"properties":{"PARCEL_ID":"PRG-1330/A33A","EFR_ENTRG":"DELIVERED","RefName":"A33A","ACT":294,"DATE_DEL":1761696000000,"dateMax":1763596800000,"ACTA_No":1,"FID":14,"dateDel":1762300800000,"days":300,"TYPE":"SECONDARY","zoom":1000,"Norder":71,"EMPRESAS_D":"MOVISTAR","UNIDAD_DE_":16,"PK_DE_REFE":"33+300 - 33+510","TIPO_DE_ES":"ROAD ACCESS","COSTADO":"NORTE","ACTIVIDADE":"*TRASLADO DE RED TRONCAL DE MOVISTAR SUBTERRANEA, CONSTRUCCION DE CAJAS Y CANALIZACION\n*CONSTRUCCION DE VIA DE SERVICIO","ZONA_DE_IN":"ZONAS DE CULTIVOS","ANCHO_PROM":0,"ANCHO_PR_1":0,"ANCHO_PR_2":5,"ANCHO_PR_3":0,"LONGITUD_A":0,"LONGITUD_R":210,"RESTRICCIO":"YA SE DIO EL OK DE LA INTERVENTORIA, FALTAN DISEÑOS DETALLADOS","area":1465.5593011000001,"MUNICIPIO":"MADRID","pk_ini":33300,"pk_end":33510,"cruze":"T4-2025","use":"Private","ActivityId":"P-2410","FMI":"50C-1177936","NOTIFY":" ","DATE_NOT":null,"USO":" ","VERE":" ","PROPIETARI":"AGROPECUARIA SAN DIEGO S.A EN LIQUIDACILN","SECTOR":"SUBURBANO","OBS":" ","Shape_Leng":567.98091994599997,"Shape_Area":1463.27701961,"Color":3}},{"type":"Feature","id":15,"geometry":{"type":"Polygon","coordinates":[[[-74.248149691632932,4.7227194495186602],[-74.248128960909156,4.722739338453346],[-74.248118233887027,4.722728104211261],[-74.248085934835046,4.7227574839469808],[-74.248096985987843,4.7227672621804899],[-74.248062990576443,4.7227965862655763],[-74.248117780440069,4.7228495487239117],[-74.248145271394833,4.72282635018263],[-74.248134565627765,4.7228135786189638],[-74.248149240232436,4.7228086791073984],[-74.248165381521105,4.7228082266013809],[-74.248180182691144,4.7228122416861842],[-74.248192388775323,4.7228195526927843],[-74.248243521558976,4.7228601958039906],[-74.248234552284558,4.7228715524518856],[-74.248267109724452,4.7228962301257793],[-74.248445422206402,4.7229843124285527],[-74.248466911880314,4.7229571210434393],[-74.248466553974481,4.7229568380845359],[-74.248406423974956,4.7229092141726934],[-74.248302154229549,4.7228260701202887],[-74.248288018283148,4.7228147969310523],[-74.248250701370623,4.7227850391458226],[-74.248245779934308,4.7227811147739285],[-74.248230839495932,4.7227715301169093],[-74.248149691632932,4.7227194495186602]]]},"properties":{"PARCEL_ID":"I46","EFR_ENTRG":"DELIVERED","RefName":"I46","ACT":-4,"DATE_DEL":1762992000000,"dateMax":1763251200000,"ACTA_No":1,"FID":15,"dateDel":1757894400000,"days":90,"TYPE":"SECONDARY","zoom":500,"Norder":49,"EMPRESAS_D":" ","UNIDAD_DE_":13,"PK_DE_REFE":"24+310 - 24+340","TIPO_DE_ES":"INTERSECTIONS","COSTADO":"NORTE","ACTIVIDADE":"URBANISMO MADRID CALLE 21 24+310 - PK24+340","ZONA_DE_IN":" ","ANCHO_PROM":0,"ANCHO_PR_1":0,"ANCHO_PR_2":0,"ANCHO_PR_3":0,"LONGITUD_A":0,"LONGITUD_R":0,"RESTRICCIO":"RESTITUCION DE VIA Y ANDENES","area":359.299919391,"MUNICIPIO":"MADRID","pk_ini":24310,"pk_end":24340,"cruze":"T4-2025","use":"Public","ActivityId":"P-5790","FMI":"N/A","NOTIFY":" ","DATE_NOT":null,"USO":" ","VERE":" ","PROPIETARI":"MADRID","SECTOR":"SUBURBANO","OBS":" ","Shape_Leng":120.631676611,"Shape_Area":359.29992976400001,"Color":3}},{"type":"Feature","id":16,"geometry":{"type":"Polygon","coordinates":[[[-74.248433172818878,4.722461424312697],[-74.24847676112968,4.7224977647798907],[-74.248604827969643,4.7223955947878862],[-74.248570955502288,4.7223526468968915],[-74.248433172818878,4.722461424312697]]]},"properties":{"PARCEL_ID":"I47","EFR_ENTRG":"DELIVERED","RefName":"I47","ACT":-4,"DATE_DEL":1762992000000,"dateMax":1763251200000,"ACTA_No":1,"FID":16,"dateDel":1757894400000,"days":90,"TYPE":"SECONDARY","zoom":500,"Norder":50,"EMPRESAS_D":" ","UNIDAD_DE_":13,"PK_DE_REFE":"24+310 - 24+320","TIPO_DE_ES":"INTERSECTIONS","COSTADO":"SUR","ACTIVIDADE":"URBANISMO MADRID CALLE 21 24+310 - PK24+320","ZONA_DE_IN":" ","ANCHO_PROM":0,"ANCHO_PR_1":0,"ANCHO_PR_2":0,"ANCHO_PR_3":0,"LONGITUD_A":0,"LONGITUD_R":0,"RESTRICCIO":"RESTITUCION DE VIA Y ANDENES","area":114.76810094299999,"MUNICIPIO":"MADRID","pk_ini":24310,"pk_end":24320,"cruze":"T4-2025","use":"Public","ActivityId":"P-5800","FMI":"N/A","NOTIFY":" ","DATE_NOT":null,"USO":" ","VERE":" ","PROPIETARI":"MADRID","SECTOR":"SUBURBANO","OBS":" ","Shape_Leng":49.948309327499999,"Shape_Area":114.768589166,"Color":3}},{"type":"Feature","id":17,"geometry":{"type":"Polygon","coordinates":[[[-74.280244074579628,4.7456833727653533],[-74.280311190298576,4.7457294154659033],[-74.280320946078291,4.7457361089536549],[-74.280360881775053,4.7456870035845924],[-74.280406358450662,4.7456324318896614],[-74.280418588481524,4.745639007993919],[-74.280443932198864,4.7456099941628622],[-74.280430482648057,4.7456004884800702],[-74.280382935900278,4.7455668805183215],[-74.280366967377432,4.7455555922915753],[-74.280244074579628,4.7456833727653533]]]},"properties":{"PARCEL_ID":"PRG-1312/I49","EFR_ENTRG":"DELIVERED","RefName":"I49","ACT":275,"DATE_DEL":1761177600000,"dateMax":1769817600000,"ACTA_No":1,"FID":17,"dateDel":1768435200000,"days":300,"TYPE":"SECONDARY","zoom":500,"Norder":58,"EMPRESAS_D":" ","UNIDAD_DE_":15,"PK_DE_REFE":"28+680 - 28+690","TIPO_DE_ES":"INTERSECTIONS","COSTADO":"SUR","ACTIVIDADE":"ADECUACION JARDINES DE LOS ANDES PK28+680 - PK28+690","ZONA_DE_IN":" ","ANCHO_PROM":0,"ANCHO_PR_1":0,"ANCHO_PR_2":0,"ANCHO_PR_3":0,"LONGITUD_A":0,"LONGITUD_R":0,"RESTRICCIO":"RESTITUCION DE VIA Y ANDENES","area":191.37323565200001,"MUNICIPIO":"MADRID","pk_ini":28680,"pk_end":28690,"cruze":"T1-2026","use":"Private","ActivityId":"P-5810","FMI":"50C-337558","NOTIFY":" ","DATE_NOT":null,"USO":" ","VERE":" ","PROPIETARI":"ENKOSI S.A.S.","SECTOR":"SUBURBANO","OBS":" ","Shape_Leng":61.091478338400002,"Shape_Area":191.316337519,"Color":3}},{"type":"Feature","id":18,"geometry":{"type":"Polygon","coordinates":[[[-74.280157777519946,4.7458536536988216],[-74.2801151802379,4.7459034878010327],[-74.280160048478152,4.7459384023784779],[-74.280200111911412,4.7458790611896493],[-74.28025073724487,4.7458644843518831],[-74.280220290667131,4.745843612063414],[-74.280165913066881,4.7458062577626663],[-74.280157777519946,4.7458536536988216]]]},"properties":{"PARCEL_ID":"PRG-1312/I48","EFR_ENTRG":"DELIVERED","RefName":"I48","ACT":275,"DATE_DEL":1761177600000,"dateMax":1769817600000,"ACTA_No":1,"FID":18,"dateDel":1768435200000,"days":300,"TYPE":"SECONDARY","zoom":500,"Norder":57,"EMPRESAS_D":" ","UNIDAD_DE_":15,"PK_DE_REFE":"28+680 - 28+690","TIPO_DE_ES":"INTERSECTIONS","COSTADO":"NORTE","ACTIVIDADE":"ADECUACION JARDINES DE LOS ANDES  PK28+680 - PK28+690","ZONA_DE_IN":" ","ANCHO_PROM":0,"ANCHO_PR_1":0,"ANCHO_PR_2":0,"ANCHO_PR_3":0,"LONGITUD_A":0,"LONGITUD_R":0,"RESTRICCIO":"RESTITUCION DE VIA Y ANDENES","area":83.734656949500007,"MUNICIPIO":"MADRID","pk_ini":28680,"pk_end":28690,"cruze":"T1-2026","use":"Private","ActivityId":"P-5820","FMI":"50C-337558","NOTIFY":" ","DATE_NOT":null,"USO":" ","VERE":" ","PROPIETARI":"ENKOSI S.A.S.","SECTOR":"SUBURBANO","OBS":" ","Shape_Leng":44.048790824999998,"Shape_Area":83.720196449499994,"Color":3}},{"type":"Feature","id":19,"geometry":{"type":"Polygon","coordinates":[[[-74.290645975249774,4.7527555800675216],[-74.290611761883426,4.7527927890645305],[-74.290613745363913,4.7527941792661075],[-74.290607239496765,4.752801190513976],[-74.290644997604787,4.7528271684478414],[-74.290650095366388,4.7528197100061007],[-74.290686809828372,4.7527875380941333],[-74.290794941838584,4.7526927863563415],[-74.290746737464048,4.752646000080925],[-74.290645975249774,4.7527555800675216]]]},"properties":{"PARCEL_ID":"I51","EFR_ENTRG":"DELIVERED","RefName":"I51","ACT":-14,"DATE_DEL":1761782400000,"dateMax":1774915200000,"ACTA_No":1,"FID":19,"dateDel":1768435200000,"days":300,"TYPE":"SECONDARY","zoom":500,"Norder":60,"EMPRESAS_D":" ","UNIDAD_DE_":15,"PK_DE_REFE":"30+070 - 30+080","TIPO_DE_ES":"INTERSECTIONS","COSTADO":"SUR","ACTIVIDADE":"ADECUACION EL MANZANAR PK30+070 - PK30+080","ZONA_DE_IN":" ","ANCHO_PROM":0,"ANCHO_PR_1":0,"ANCHO_PR_2":0,"ANCHO_PR_3":0,"LONGITUD_A":0,"LONGITUD_R":0,"RESTRICCIO":"RESTITUCION DE VIA Y ANDENES","area":141.30454612,"MUNICIPIO":"MADRID","pk_ini":30070,"pk_end":30080,"cruze":"T1-2026","use":"Public","ActivityId":"P-5840","FMI":"N/A","NOTIFY":" ","DATE_NOT":null,"USO":" ","VERE":" ","PROPIETARI":"MADRID","SECTOR":"SUBURBANO","OBS":" ","Shape_Leng":58.268030237300003,"Shape_Area":141.02553296900001,"Color":3}},{"type":"Feature","id":20,"geometry":{"type":"Polygon","coordinates":[[[-74.290350151426935,4.7530668757932393],[-74.29040295766444,4.7531116061025633],[-74.29047085508337,4.7530334426750729],[-74.290540116707632,4.7529537125705685],[-74.290558956270004,4.7529320243242257],[-74.290548561920502,4.7529247108383359],[-74.290543336464296,4.7529302250718732],[-74.290500279061987,4.7529012085104663],[-74.290499577637192,4.7529007366821325],[-74.290475455712055,4.7529275566582454],[-74.290350151426935,4.7530668757932393]]]},"properties":{"PARCEL_ID":"I50","EFR_ENTRG":"DELIVERED","RefName":"I50","ACT":-14,"DATE_DEL":1761782400000,"dateMax":1774915200000,"ACTA_No":1,"FID":20,"dateDel":1768435200000,"days":300,"TYPE":"SECONDARY","zoom":500,"Norder":59,"EMPRESAS_D":" ","UNIDAD_DE_":15,"PK_DE_REFE":"30+070 - 30+080","TIPO_DE_ES":"INTERSECTIONS","COSTADO":"NORTE","ACTIVIDADE":"ADECUACION EL MANZANAR PK30+070 - PK30+080","ZONA_DE_IN":" ","ANCHO_PROM":0,"ANCHO_PR_1":0,"ANCHO_PR_2":0,"ANCHO_PR_3":0,"LONGITUD_A":0,"LONGITUD_R":0,"RESTRICCIO":"RESTITUCION DE VIA Y ANDENES","area":188.43242611900001,"MUNICIPIO":"MADRID","pk_ini":30070,"pk_end":30080,"cruze":"T1-2026","use":"Public","ActivityId":"P-5830","FMI":"N/A","NOTIFY":" ","DATE_NOT":null,"USO":" ","VERE":" ","PROPIETARI":"MADRID","SECTOR":"SUBURBANO","OBS":" ","Shape_Leng":66.852389232799993,"Shape_Area":188.40480191,"Color":3}},{"type":"Feature","id":21,"geometry":{"type":"Polygon","coordinates":[[[-74.321656398213122,4.7780609424895104],[-74.321696818227338,4.7780926129000418],[-74.321764845548657,4.7781459142365241],[-74.32180481969192,4.7780741014221793],[-74.321813351378651,4.7780250383904965],[-74.32178347038554,4.7780025175398153],[-74.321656398213122,4.7780609424895104]]]},"properties":{"PARCEL_ID":"PRG-1330A/I59","EFR_ENTRG":"DELIVERED","RefName":"I59","ACT":387,"DATE_DEL":1776729600000,"dateMax":1776556800000,"ACTA_No":1,"FID":21,"dateDel":1768435200000,"days":300,"TYPE":"SECONDARY","zoom":500,"Norder":74,"EMPRESAS_D":" ","UNIDAD_DE_":16,"PK_DE_REFE":"34+530 - 34+550","TIPO_DE_ES":"INTERSECTIONS","COSTADO":"SUR","ACTIVIDADE":"ADECUACION ENTRADA SOCIEDAD HATLEE PK34+530- PK34+550","ZONA_DE_IN":" ","ANCHO_PROM":0,"ANCHO_PR_1":0,"ANCHO_PR_2":0,"ANCHO_PR_3":0,"LONGITUD_A":0,"LONGITUD_R":0,"RESTRICCIO":"RESTITUCION DE VIA Y ANDENES","area":142.22054678000001,"MUNICIPIO":"FACATATIVA","pk_ini":34530,"pk_end":34550,"cruze":"T2-2026","use":"Private","ActivityId":"P-5920","FMI":"156-27565","NOTIFY":" ","DATE_NOT":null,"USO":"CORZO","VERE":"CORZO","PROPIETARI":"FIDUCIARIA DAVIVIENDA S.A. EN SU CONDICION DE VOCERA Y ADMINISTRADORA DEL FIDEICOMISO HATLEE-RT","SECTOR":"SUBURBANO","OBS":" ","Shape_Leng":49.521500602300002,"Shape_Area":142.22164672,"Color":1}},{"type":"Feature","id":22,"geometry":{"type":"Polygon","coordinates":[[[-74.321520318135484,4.7782366174217472],[-74.321461110151759,4.7781956258487979],[-74.321458325992538,4.7781939936766324],[-74.321455803109941,4.7781919797975796],[-74.321453591997454,4.7781896239828399],[-74.321451739546816,4.7781869768564187],[-74.321450281833933,4.7781840926633885],[-74.321444998660994,4.7781714687297541],[-74.3214242204388,4.7781802188781315],[-74.321368637184008,4.7782109648983093],[-74.321751934889008,4.7784041529730565],[-74.321776843547056,4.7783652158657786],[-74.321649520820429,4.7783016546812869],[-74.32152746026064,4.7782422278595753],[-74.321522198116696,4.7782380943761336],[-74.321520318135484,4.7782366174217472]]]},"properties":{"PARCEL_ID":"I58","EFR_ENTRG":"DELIVERED","RefName":"I58","ACT":-6,"DATE_DEL":1753660800000,"dateMax":1776556800000,"ACTA_No":1,"FID":22,"dateDel":1753574400000,"days":300,"TYPE":"SECONDARY","zoom":500,"Norder":73,"EMPRESAS_D":" ","UNIDAD_DE_":16,"PK_DE_REFE":"34+510 - 34+560","TIPO_DE_ES":"INTERSECTIONS","COSTADO":"NORTE","ACTIVIDADE":"ADECUACION ENTRADA SOCIEDAD HATLEE PK34+510- PK34+560","ZONA_DE_IN":" ","ANCHO_PROM":0,"ANCHO_PR_1":0,"ANCHO_PR_2":0,"ANCHO_PR_3":0,"LONGITUD_A":0,"LONGITUD_R":0,"RESTRICCIO":"RESTITUCION DE VIA Y ANDENES","area":242.657857347,"MUNICIPIO":"FACATATIVA","pk_ini":34510,"pk_end":34560,"cruze":"T2-2026","use":"Public","ActivityId":"P-5910","FMI":"N/A","NOTIFY":" ","DATE_NOT":null,"USO":"CORZO","VERE":"CORZO","PROPIETARI":"FACATATIVA","SECTOR":"SUBURBANO","OBS":" ","Shape_Leng":105.36177922500001,"Shape_Area":242.65772532,"Color":3}},{"type":"Feature","id":23,"geometry":{"type":"Polygon","coordinates":[[[-74.328853354913548,4.7827293637626918],[-74.328748029793303,4.7827665364828],[-74.32880687555037,4.7827908775815544],[-74.328818085652898,4.782795784709716],[-74.328917473432966,4.7828435910130658],[-74.328957947805151,4.7827310200304423],[-74.328974838127564,4.782680033142924],[-74.328881651105817,4.7826614514731647],[-74.328853354913548,4.7827293637626918]]]},"properties":{"PARCEL_ID":"I61","EFR_ENTRG":"DELIVERED","RefName":"I61","ACT":-6,"DATE_DEL":1753660800000,"dateMax":1758758400000,"ACTA_No":1,"FID":23,"dateDel":1753574400000,"days":90,"TYPE":"SECONDARY","zoom":500,"Norder":76,"EMPRESAS_D":" ","UNIDAD_DE_":16,"PK_DE_REFE":"35+480 - 35+500","TIPO_DE_ES":"INTERSECTIONS","COSTADO":"SUR","ACTIVIDADE":"ADECUACION ENTRADA CORZO PK35+480- PK35+500","ZONA_DE_IN":" ","ANCHO_PROM":0,"ANCHO_PR_1":0,"ANCHO_PR_2":0,"ANCHO_PR_3":0,"LONGITUD_A":0,"LONGITUD_R":0,"RESTRICCIO":"RESTITUCION DE VIA Y ANDENES","area":235.972020496,"MUNICIPIO":"FACATATIVA","pk_ini":35480,"pk_end":35500,"cruze":"T3-2025","use":"Public","ActivityId":"P-5930","FMI":"N/A","NOTIFY":" ","DATE_NOT":null,"USO":" ","VERE":"CORZO","PROPIETARI":"FACATATIVA","SECTOR":"SUBURBANO","OBS":" ","Shape_Leng":70.886423781900007,"Shape_Area":233.16211980700001,"Color":3}},{"type":"Feature","id":24,"geometry":{"type":"Polygon","coordinates":[[[-74.329028014544576,4.783108774614468],[-74.328901421952139,4.7830517363928253],[-74.328877175894974,4.7830332524033423],[-74.328710269033948,4.7829617294288198],[-74.328671538816451,4.7829479892633096],[-74.328644176117209,4.7829357587222123],[-74.32864304757922,4.7829383589919265],[-74.32861435476994,4.7830113409112753],[-74.328994072663122,4.7831839278852843],[-74.329028014544576,4.783108774614468]]]},"properties":{"PARCEL_ID":"I60","EFR_ENTRG":"DELIVERED","RefName":"I60","ACT":-6,"DATE_DEL":1753660800000,"dateMax":1758758400000,"ACTA_No":1,"FID":24,"dateDel":1753574400000,"days":90,"TYPE":"SECONDARY","zoom":500,"Norder":75,"EMPRESAS_D":" ","UNIDAD_DE_":16,"PK_DE_REFE":"35+480 - 35+525","TIPO_DE_ES":"INTERSECTIONS","COSTADO":"NORTE","ACTIVIDADE":"ADECUACION ENTRADA CORZO PK35+480- PK35+525","ZONA_DE_IN":" ","ANCHO_PROM":0,"ANCHO_PR_1":0,"ANCHO_PR_2":0,"ANCHO_PR_3":0,"LONGITUD_A":0,"LONGITUD_R":0,"RESTRICCIO":"RESTITUCION DE VIA Y ANDENES","area":434.28631421900002,"MUNICIPIO":"FACATATIVA","pk_ini":35480,"pk_end":35525,"cruze":"T3-2025","use":"Public","ActivityId":"P-5940","FMI":"N/A","NOTIFY":" ","DATE_NOT":null,"USO":" ","VERE":"CORZO","PROPIETARI":"FACATATIVA","SECTOR":"SUBURBANO","OBS":" ","Shape_Leng":111.14727036799999,"Shape_Area":434.28636596000001,"Color":3}},{"type":"Feature","id":25,"geometry":{"type":"Polygon","coordinates":[[[-74.18127840367768,4.6996852516823662],[-74.181152981211042,4.6997122177900135],[-74.181144333386499,4.6997391972679745],[-74.181220091383963,4.6997568380726786],[-74.181247792683507,4.6997568637922518],[-74.181322799084995,4.6997569340117797],[-74.181342256194412,4.6997645480915704],[-74.181372245645434,4.6997563867736964],[-74.181407167138502,4.6996995151251095],[-74.18142243549056,4.6996746507355294],[-74.18127840367768,4.6996852516823662]]]},"properties":{"PARCEL_ID":"I28","EFR_ENTRG":"DELIVERED","RefName":"I28","ACT":-3,"DATE_DEL":1753660800000,"dateMax":1777680000000,"ACTA_No":1,"FID":25,"dateDel":1753574400000,"days":89,"TYPE":"SECONDARY","zoom":500,"Norder":28,"EMPRESAS_D":" ","UNIDAD_DE_":9,"PK_DE_REFE":"15+930 - 15+940","TIPO_DE_ES":"INTERSECTIONS","COSTADO":"NORTE","ACTIVIDADE":"ESPACIO PUBLICO URBANISMO ACCESO VIA FUNZA 15+930 - 15+940","ZONA_DE_IN":" ","ANCHO_PROM":0,"ANCHO_PR_1":0,"ANCHO_PR_2":0,"ANCHO_PR_3":0,"LONGITUD_A":0,"LONGITUD_R":0,"RESTRICCIO":"RESTITUCION DE VIA Y ANDENES","area":82.798987452000006,"MUNICIPIO":"FUNZA","pk_ini":15930,"pk_end":15940,"cruze":"T2-2026","use":"Public","ActivityId":"P-5620","FMI":"N/A","NOTIFY":" ","DATE_NOT":null,"USO":" ","VERE":" ","PROPIETARI":"FUNZA","SECTOR":"SUBURBANO","OBS":" ","Shape_Leng":69.792730713099999,"Shape_Area":197.26422004899999,"Color":3}},{"type":"Feature","id":26,"geometry":{"type":"Polygon","coordinates":[[[-74.184619876033153,4.6994861549519404],[-74.184620703564676,4.6994928213756051],[-74.184621719432812,4.6994992255213157],[-74.18462278446421,4.6995088508008269],[-74.184623340584139,4.6995147757344871],[-74.18462441725373,4.6995297870643924],[-74.184627284462096,4.699571751892023],[-74.184628196683391,4.6995840937330406],[-74.184651506473074,4.6995824786752962],[-74.184735996680004,4.699583221682996],[-74.184759275658436,4.6995805214580431],[-74.184754725147044,4.6995410274567355],[-74.184753890940016,4.6995319736639587],[-74.18475294812356,4.6995199718472396],[-74.184753013007253,4.6995198958754809],[-74.184753515857409,4.6995193170416494],[-74.184787689831964,4.6994799210764562],[-74.184758040230236,4.699482156564482],[-74.184619876033153,4.6994861549519404]]]},"properties":{"PARCEL_ID":"PRG-1350/I31","EFR_ENTRG":"DELIVERED","RefName":"I31","ACT":347,"DATE_DEL":1771200000000,"dateMax":1774483200000,"ACTA_No":1,"FID":26,"dateDel":1768435200000,"days":300,"TYPE":"SECONDARY","zoom":500,"Norder":31,"EMPRESAS_D":" ","UNIDAD_DE_":10,"PK_DE_REFE":"16+300 - 16+320","TIPO_DE_ES":"INTERSECTIONS","COSTADO":"NORTE","ACTIVIDADE":"URBANISMO PARQUE INDUSTRIAL SAN CARLOS I 16+300 - 16+320","ZONA_DE_IN":" ","ANCHO_PROM":0,"ANCHO_PR_1":0,"ANCHO_PR_2":0,"ANCHO_PR_3":0,"LONGITUD_A":0,"LONGITUD_R":0,"RESTRICCIO":"RESTITUCION DE VIA Y ANDENES","area":165.68016614699999,"MUNICIPIO":"FUNZA","pk_ini":16300,"pk_end":16320,"cruze":"T1-2026","use":"Private","ActivityId":"P-5650","FMI":"50C-1220229","NOTIFY":" ","DATE_NOT":null,"USO":" ","VERE":" ","PROPIETARI":"BANCOLOMBIA S.A","SECTOR":"SUBURBANO","OBS":" ","Shape_Leng":56.6786261958,"Shape_Area":165.67848835800001,"Color":3}},{"type":"Feature","id":27,"geometry":{"type":"Polygon","coordinates":[[[-74.184900710399958,4.6992560650955033],[-74.184899882139362,4.6992446501564951],[-74.18489907374915,4.6992335046978955],[-74.184847579794862,4.6992364552441392],[-74.184775328545214,4.6992405972404931],[-74.184473798855976,4.6992578832843455],[-74.184474182012409,4.6992644123218099],[-74.184475506798108,4.6992870143666767],[-74.184900710399958,4.6992560650955033]]]},"properties":{"PARCEL_ID":"I30","EFR_ENTRG":"DELIVERED","RefName":"I30","ACT":999,"DATE_DEL":1755043200000,"dateMax":1771545600000,"ACTA_No":1,"FID":27,"dateDel":1757894400000,"days":90,"TYPE":"SECONDARY","zoom":500,"Norder":30,"EMPRESAS_D":"anuencia invias","UNIDAD_DE_":10,"PK_DE_REFE":"16+285 - 16+335","TIPO_DE_ES":"INTERSECTIONS","COSTADO":"SUR","ACTIVIDADE":"URBANISMO PARQUE INDUSTRIAL SAN CARLOS I 16+285 - 16+335","ZONA_DE_IN":" ","ANCHO_PROM":0,"ANCHO_PR_1":0,"ANCHO_PR_2":0,"ANCHO_PR_3":0,"LONGITUD_A":0,"LONGITUD_R":0,"RESTRICCIO":"RESTITUCION DE VIA Y ANDENES","area":135.412095873,"MUNICIPIO":"FUNZA","pk_ini":16285,"pk_end":16335,"cruze":"T1-2026","use":"Public","ActivityId":"P-5640","FMI":"N/A","NOTIFY":" ","DATE_NOT":null,"USO":" ","VERE":" ","PROPIETARI":"INVIAS","SECTOR":"SUBURBANO","OBS":" ","Shape_Leng":100.28810564600001,"Shape_Area":135.413199389,"Color":3}},{"type":"Feature","id":28,"geometry":{"type":"Polygon","coordinates":[[[-74.189132115097067,4.6992049644310052],[-74.18914822632685,4.6992564386123661],[-74.189158923881465,4.699311504662754],[-74.189226098779201,4.6993069235329816],[-74.189385710586421,4.6992960390169962],[-74.189497949776012,4.6992571584082121],[-74.189532953985363,4.6992484976630342],[-74.189517187129283,4.6991806862290355],[-74.189259670875614,4.6991969200787871],[-74.189132115097067,4.6992049644310052]]]},"properties":{"PARCEL_ID":"PRG-1343A/I32","EFR_ENTRG":"DELIVERED","RefName":"I32","ACT":338,"DATE_DEL":1769558400000,"dateMax":1774483200000,"ACTA_No":1,"FID":28,"dateDel":1768435200000,"days":300,"TYPE":"SECONDARY","zoom":500,"Norder":33,"EMPRESAS_D":" ","UNIDAD_DE_":10,"PK_DE_REFE":"16+800 - 16+840","TIPO_DE_ES":"INTERSECTIONS","COSTADO":"NORTE","ACTIVIDADE":"URBANISMO ACCESO PARQUE INDISTRIAL DE OCCIDENTE 16+800 - 16+840","ZONA_DE_IN":" ","ANCHO_PROM":0,"ANCHO_PR_1":0,"ANCHO_PR_2":0,"ANCHO_PR_3":0,"LONGITUD_A":0,"LONGITUD_R":0,"RESTRICCIO":"RESTITUCION DE VIA Y ANDENES","area":590.93156286500005,"MUNICIPIO":"FUNZA","pk_ini":16800,"pk_end":16840,"cruze":"T1-2026","use":"Private","ActivityId":"P-5660A","FMI":"50C-1930539","NOTIFY":" ","DATE_NOT":null,"USO":" ","VERE":" ","PROPIETARI":"FIDUCIARIA BOGOTI S.A. COMO VOCERA DEL PATRIMONIO AUT0NOMO FIDEICOMISO FIDUBOGOTA EL CABAZAL","SECTOR":"SUBURBANO","OBS":" ","Shape_Leng":105.07101020899999,"Shape_Area":465.071094856,"Color":3}},{"type":"Feature","id":29,"geometry":{"type":"Polygon","coordinates":[[[-74.189115971406608,4.6989777210407198],[-74.189523043979491,4.698972104208293],[-74.189600437239278,4.6989737936732654],[-74.189691579592164,4.6989661701741969],[-74.189691793888841,4.698964805540724],[-74.189688960495573,4.6989332655836931],[-74.189660513355605,4.6989358365836962],[-74.189656828180858,4.6988871710010596],[-74.189112257369388,4.6989286937362591],[-74.189115971406608,4.6989777210407198]]]},"properties":{"PARCEL_ID":"I33","EFR_ENTRG":"DELIVERED","RefName":"I33","ACT":999,"DATE_DEL":1755043200000,"dateMax":1774483200000,"ACTA_No":1,"FID":29,"dateDel":1768435200000,"days":300,"TYPE":"SECONDARY","zoom":500,"Norder":34,"EMPRESAS_D":"anuencia invias","UNIDAD_DE_":10,"PK_DE_REFE":"16+800 - 16+865","TIPO_DE_ES":"INTERSECTIONS","COSTADO":"SUR","ACTIVIDADE":"URBANISMO ACCESO PARQUE INDISTRIAL DE OCCIDENTE 16+800 - 16+865","ZONA_DE_IN":" ","ANCHO_PROM":0,"ANCHO_PR_1":0,"ANCHO_PR_2":0,"ANCHO_PR_3":0,"LONGITUD_A":0,"LONGITUD_R":0,"RESTRICCIO":"RESTITUCION DE VIA Y ANDENES","area":594.83704487900002,"MUNICIPIO":"FUNZA","pk_ini":16800,"pk_end":16865,"cruze":"T1-2026","use":"Public","ActivityId":"P-5670","FMI":"N/A","NOTIFY":" ","DATE_NOT":null,"USO":" ","VERE":" ","PROPIETARI":"INVIAS","SECTOR":"SUBURBANO","OBS":" ","Shape_Leng":142.15507242699999,"Shape_Area":456.97339302900002,"Color":3}},{"type":"Feature","id":30,"geometry":{"type":"Polygon","coordinates":[[[-74.192824238359492,4.6987112033652734],[-74.192823643270572,4.6987153732220124],[-74.192865791519594,4.6987135947119629],[-74.192866167368521,4.6987135792765651],[-74.192876935393073,4.6987131253412748],[-74.192966423575953,4.6986990286619363],[-74.192976678481656,4.6987133909713528],[-74.192976856083092,4.6987136396262796],[-74.19305283690359,4.6987096263842583],[-74.193068517974794,4.6987087981530395],[-74.193068499036897,4.6987087366633293],[-74.19305259372041,4.6986559404478552],[-74.193095260884263,4.6986362737469243],[-74.193140416807353,4.6986233563759425],[-74.192782641655327,4.6986522322645836],[-74.192783698103455,4.6986528307409356],[-74.192810682947098,4.6986702215224643],[-74.192820559177292,4.6986783893958588],[-74.192835431215201,4.6986906873157794],[-74.192840490189951,4.6986952713139223],[-74.192840367629714,4.6986953907026825],[-74.192824238359492,4.6987112033652734]]]},"properties":{"PARCEL_ID":"I34","EFR_ENTRG":"DELIVERED","RefName":"I34","ACT":999,"DATE_DEL":1755043200000,"dateMax":1774483200000,"ACTA_No":1,"FID":30,"dateDel":1768435200000,"days":90,"TYPE":"SECONDARY","zoom":500,"Norder":35,"EMPRESAS_D":"anuencia invias","UNIDAD_DE_":10,"PK_DE_REFE":"17+210 - 17+250","TIPO_DE_ES":"INTERSECTIONS","COSTADO":"SUR","ACTIVIDADE":"URBANISMO ACCESO BARRIO MARTINEZ RICO 17+210 - 17+250","ZONA_DE_IN":" ","ANCHO_PROM":0,"ANCHO_PR_1":0,"ANCHO_PR_2":0,"ANCHO_PR_3":0,"LONGITUD_A":0,"LONGITUD_R":0,"RESTRICCIO":"RESTITUCION DE VIA Y ANDENES","area":218.357376703,"MUNICIPIO":"FUNZA","pk_ini":17210,"pk_end":17250,"cruze":"T1-2026","use":"Public","ActivityId":"P-5680","FMI":"N/A","NOTIFY":" ","DATE_NOT":null,"USO":" ","VERE":" ","PROPIETARI":"INVIAS","SECTOR":"SUBURBANO","OBS":" ","Shape_Leng":95.481740035000001,"Shape_Area":218.350855306,"Color":3}},{"type":"Feature","id":31,"geometry":{"type":"Polygon","coordinates":[[[-74.195045941915879,4.6985695877628846],[-74.195040640190939,4.698665575382055],[-74.195041065610667,4.6986655490854501],[-74.195194492483225,4.6986558986662548],[-74.195474856694048,4.698638632378195],[-74.19546432892345,4.6985937904976431],[-74.195451698665977,4.6985399854850911],[-74.195264867689914,4.6985536160309982],[-74.195264392825621,4.6985544055708965],[-74.195263174474192,4.6985558128778298],[-74.195261734358979,4.6985569905283358],[-74.195260115737369,4.6985579023428317],[-74.195258365474174,4.6985585248014363],[-74.195256534039771,4.6985588361922348],[-74.195244570055067,4.6985598239070869],[-74.195242864754476,4.6985598296209057],[-74.195241179237783,4.6985595658480053],[-74.195239556769337,4.6985590380069233],[-74.195238037010341,4.6985582641770742],[-74.195236657818469,4.6985572570123875],[-74.195235451646482,4.6985560472537724],[-74.195235192922269,4.6985557805270028],[-74.195045941915879,4.6985695877628846]]]},"properties":{"PARCEL_ID":"PRG-1337/I35","EFR_ENTRG":"DELIVERED","RefName":"I35","ACT":316,"DATE_DEL":1765497600000,"dateMax":1774483200000,"ACTA_No":1,"FID":31,"dateDel":1768435200000,"days":300,"TYPE":"SECONDARY","zoom":500,"Norder":36,"EMPRESAS_D":" ","UNIDAD_DE_":10,"PK_DE_REFE":"17+440 - 17+520","TIPO_DE_ES":"INTERSECTIONS","COSTADO":"SUR","ACTIVIDADE":"URBANISMO ACCESO PARQUE INDUSTRIAL SAN CARLOS II 17+440 - 17+520","ZONA_DE_IN":" ","ANCHO_PROM":0,"ANCHO_PR_1":0,"ANCHO_PR_2":0,"ANCHO_PR_3":0,"LONGITUD_A":0,"LONGITUD_R":0,"RESTRICCIO":"RESTITUCION DE VIA Y ANDENES","area":989.19967338499998,"MUNICIPIO":"FUNZA","pk_ini":17440,"pk_end":17520,"cruze":"T1-2026","use":"Private","ActivityId":"P-5690","FMI":"50C-1650661","NOTIFY":" ","DATE_NOT":null,"USO":" ","VERE":" ","PROPIETARI":"AGROBETANIA S.A.S.","SECTOR":"SUBURBANO","OBS":" ","Shape_Leng":115.581760469,"Shape_Area":502.81010516999999,"Color":3}},{"type":"Feature","id":32,"geometry":{"type":"Polygon","coordinates":[[[-74.195469104912476,4.6989416203850256],[-74.195451443265341,4.6988169122543422],[-74.195257832126046,4.6988285065443112],[-74.19527531706413,4.6989746024668158],[-74.195311960734372,4.6989715921686326],[-74.195469104912476,4.6989416203850256]]]},"properties":{"PARCEL_ID":"PRG-1337/I36","EFR_ENTRG":"DELIVERED","RefName":"I36","ACT":316,"DATE_DEL":1765497600000,"dateMax":1774483200000,"ACTA_No":1,"FID":32,"dateDel":1768435200000,"days":300,"TYPE":"SECONDARY","zoom":500,"Norder":37,"EMPRESAS_D":" ","UNIDAD_DE_":10,"PK_DE_REFE":"17+480 - 17+500","TIPO_DE_ES":"INTERSECTIONS","COSTADO":"NORTE","ACTIVIDADE":"URBANISMO ACCESO PARQUE INDUSTRIAL SAN CARLOS II 17+480 - 17+500","ZONA_DE_IN":" ","ANCHO_PROM":0,"ANCHO_PR_1":0,"ANCHO_PR_2":0,"ANCHO_PR_3":0,"LONGITUD_A":0,"LONGITUD_R":0,"RESTRICCIO":"RESTITUCION DE VIA Y ANDENES","area":330.41927534299998,"MUNICIPIO":"FUNZA","pk_ini":17480,"pk_end":17500,"cruze":"T1-2026","use":"Private","ActivityId":"P-5700","FMI":"50C-1650661","NOTIFY":" ","DATE_NOT":null,"USO":" ","VERE":" ","PROPIETARI":"AGROBETANIA S.A.S.","SECTOR":"SUBURBANO","OBS":" ","Shape_Leng":73.545852232200005,"Shape_Area":330.41981538099998,"Color":3}},{"type":"Feature","id":33,"geometry":{"type":"Polygon","coordinates":[[[-74.209671373456075,4.6979588886776389],[-74.209671739694755,4.697965281148532],[-74.209694946643481,4.6979638895435567],[-74.209695070326063,4.6979697458068639],[-74.209693760823285,4.6979751501887987],[-74.209690693983163,4.6979818209325144],[-74.209685557625008,4.6979880399154652],[-74.209677643419568,4.6979943860278111],[-74.209666528051372,4.6980024816749761],[-74.20965753073024,4.6980102748822761],[-74.209653789240818,4.698014498701216],[-74.209653273783303,4.6980150196792589],[-74.209645999866538,4.6980232321578326],[-74.20964568448251,4.6980236481984416],[-74.20964270715038,4.6980270073558037],[-74.209639749857359,4.6980314824231639],[-74.209639369594569,4.6980319852894672],[-74.209639009182283,4.6980326020945711],[-74.209636399699676,4.6980365489812037],[-74.209634208495714,4.6980408448507411],[-74.209633840874901,4.6980414725088773],[-74.209633478694357,4.6980422719841748],[-74.209631460479628,4.6980462259931999],[-74.209625903736253,4.6980600629305478],[-74.209621866478301,4.698073147197217],[-74.209614625892812,4.6980956368549602],[-74.209666410777757,4.6981072473753471],[-74.209830527603657,4.698082150689598],[-74.209882735408073,4.6980613580152939],[-74.20987700530948,4.6979206382127323],[-74.20987647467588,4.6979075964099781],[-74.209876093451129,4.6978982179231217],[-74.209813049643756,4.6979028861610663],[-74.20977215499164,4.6979032918144128],[-74.209753532039343,4.6979040278348068],[-74.209684509527435,4.6979074121760389],[-74.209668516779018,4.6979089443893107],[-74.209671505948705,4.6979588805137649],[-74.209671373456075,4.6979588886776389]]]},"properties":{"PARCEL_ID":"PRG-1339/I38","EFR_ENTRG":"DELIVERED","RefName":"I38","ACT":367,"DATE_DEL":1773619200000,"dateMax":1776297600000,"ACTA_No":1,"FID":33,"dateDel":1768435200000,"days":300,"TYPE":"SECONDARY","zoom":500,"Norder":40,"EMPRESAS_D":" ","UNIDAD_DE_":11,"PK_DE_REFE":"19+075 - 19+108","TIPO_DE_ES":"INTERSECTIONS","COSTADO":"NORTE","ACTIVIDADE":"URBANISMO CLUB LA ESTANCIA 19+075 - 19+108","ZONA_DE_IN":" ","ANCHO_PROM":0,"ANCHO_PR_1":0,"ANCHO_PR_2":0,"ANCHO_PR_3":0,"LONGITUD_A":0,"LONGITUD_R":0,"RESTRICCIO":"RESTITUCION DE VIA Y ANDENES","area":515.28309936599999,"MUNICIPIO":"MOSQUERA","pk_ini":19075,"pk_end":19108,"cruze":"T2-2026","use":"Private","ActivityId":"P-5720","FMI":"50C-174374","NOTIFY":" ","DATE_NOT":null,"USO":" ","VERE":" ","PROPIETARI":"CODENSA S.A. E.S.P","SECTOR":"SUBURBANO","OBS":" ","Shape_Leng":98.153323611700003,"Shape_Area":515.28193662199999,"Color":3}},{"type":"Feature","id":34,"geometry":{"type":"Polygon","coordinates":[[[-74.209607383454568,4.6977060124863703],[-74.209641027461458,4.6977034216046762],[-74.209650522610488,4.6977068109534779],[-74.209656938014703,4.6977153463879766],[-74.209661489329747,4.6977709124269831],[-74.209864145308615,4.6977583656254174],[-74.209860961618134,4.6976902475589268],[-74.209936190548007,4.6976483657085719],[-74.209884991636045,4.6975989695669433],[-74.209809986872671,4.697586848013164],[-74.209649678628693,4.697599645405413],[-74.209565191312777,4.6976223160895678],[-74.209515500882858,4.6976668806640864],[-74.20959406753741,4.6977070386835216],[-74.209607383454568,4.6977060124863703]]]},"properties":{"PARCEL_ID":"PRG-1339/I37","EFR_ENTRG":"DELIVERED","RefName":"I37","ACT":367,"DATE_DEL":1773619200000,"dateMax":1776297600000,"ACTA_No":1,"FID":34,"dateDel":1768435200000,"days":300,"TYPE":"SECONDARY","zoom":500,"Norder":39,"EMPRESAS_D":" ","UNIDAD_DE_":11,"PK_DE_REFE":"19+068 - 19+115","TIPO_DE_ES":"INTERSECTIONS","COSTADO":"SUR","ACTIVIDADE":"URBANISMO CLUB LA ESTANCIA 19+068 - 19+115","ZONA_DE_IN":" ","ANCHO_PROM":0,"ANCHO_PR_1":0,"ANCHO_PR_2":0,"ANCHO_PR_3":0,"LONGITUD_A":0,"LONGITUD_R":0,"RESTRICCIO":"RESTITUCION DE VIA Y ANDENES","area":608.26450598199995,"MUNICIPIO":"MOSQUERA","pk_ini":19068,"pk_end":19115,"cruze":"T2-2026","use":"Private","ActivityId":"P-5710","FMI":"50C-174374","NOTIFY":" ","DATE_NOT":null,"USO":" ","VERE":" ","PROPIETARI":"CODENSA S.A. E.S.P","SECTOR":"SUBURBANO","OBS":" ","Shape_Leng":114.33673343700001,"Shape_Area":608.26610189999997,"Color":3}},{"type":"Feature","id":35,"geometry":{"type":"Polygon","coordinates":[[[-74.224573421393657,4.7038497639199672],[-74.224598273038779,4.7038336882591176],[-74.22459899488625,4.7038331346717133],[-74.224588900134819,4.7038251192317579],[-74.224406642942398,4.703680395579914],[-74.22435026107334,4.7037137853853146],[-74.224366508310624,4.7037391386843366],[-74.224500270966502,4.7038131984003142],[-74.224500381865468,4.7038133683863279],[-74.22452414846903,4.7038496115489785],[-74.224550950249807,4.7038319194842275],[-74.224573421393657,4.7038497639199672]]]},"properties":{"PARCEL_ID":"I39","EFR_ENTRG":"DELIVERED","RefName":"I39","ACT":-11,"DATE_DEL":1755129600000,"dateMax":1757894400000,"ACTA_No":1,"FID":35,"dateDel":1753574400000,"days":90,"TYPE":"SECONDARY","zoom":500,"Norder":42,"EMPRESAS_D":" ","UNIDAD_DE_":11,"PK_DE_REFE":"20+930 - 20+965","TIPO_DE_ES":"INTERSECTIONS","COSTADO":"NORTE","ACTIVIDADE":"URBANISMO CRUCE VIA MOSQUERA - FUNZA 20+930 - 20+965","ZONA_DE_IN":" ","ANCHO_PROM":0,"ANCHO_PR_1":0,"ANCHO_PR_2":0,"ANCHO_PR_3":0,"LONGITUD_A":0,"LONGITUD_R":0,"RESTRICCIO":"RESTITUCION DE VIA Y ANDENES","area":193.001583987,"MUNICIPIO":"MOSQUERA","pk_ini":20930,"pk_end":20965,"cruze":"T3-2025","use":"Public","ActivityId":"P-5730","FMI":"N/A","NOTIFY":" ","DATE_NOT":null,"USO":" ","VERE":" ","PROPIETARI":"MOSQUERA","SECTOR":"SUBURBANO","OBS":" ","Shape_Leng":69.703782130999997,"Shape_Area":166.33139043400001,"Color":3}},{"type":"Feature","id":36,"geometry":{"type":"Polygon","coordinates":[[[-74.224752793032607,4.7039922002424186],[-74.22500367455666,4.7041914207961382],[-74.225020915973815,4.7041695673162653],[-74.225043849598933,4.7041877787859896],[-74.225048091967878,4.7041826251548224],[-74.224734219324645,4.7039405122620828],[-74.224605249340996,4.7038380997961307],[-74.224599069708987,4.703833194340068],[-74.22459899488625,4.7038331346717133],[-74.224598273038779,4.7038336882591176],[-74.224573421393657,4.7038497639199672],[-74.224583105972798,4.7038574538968003],[-74.224583181696843,4.7038575135649685],[-74.224752793032607,4.7039922002424186]]]},"properties":{"PARCEL_ID":"PRG-AD-077A/I40","EFR_ENTRG":"DELIVERED","RefName":"I40","ACT":248,"DATE_DEL":1756252800000,"dateMax":1757894400000,"ACTA_No":1,"FID":36,"dateDel":1757894400000,"days":300,"TYPE":"SECONDARY","zoom":500,"Norder":43,"EMPRESAS_D":" ","UNIDAD_DE_":11,"PK_DE_REFE":"20+965 - 21+025","TIPO_DE_ES":"INTERSECTIONS","COSTADO":"NORTE","ACTIVIDADE":"URBANISMO CRUCE VIA MOSQUERA - FUNZA 20+965 - 21+025","ZONA_DE_IN":" ","ANCHO_PROM":0,"ANCHO_PR_1":0,"ANCHO_PR_2":0,"ANCHO_PR_3":0,"LONGITUD_A":0,"LONGITUD_R":0,"RESTRICCIO":"RESTITUCION DE VIA Y ANDENES","area":203.60427829400001,"MUNICIPIO":"MOSQUERA","pk_ini":20965,"pk_end":21025,"cruze":"T3-2025","use":"Private","ActivityId":"P-5980","FMI":"50C-290431","NOTIFY":"2-2025-01297","DATE_NOT":1756252800000,"USO":" ","VERE":" ","PROPIETARI":"FIBER GLASS COLOMBIA S.A","SECTOR":"SUBURBANO","OBS":" ","Shape_Leng":134.384196589,"Shape_Area":207.20044937700001,"Color":3}},{"type":"Feature","id":37,"geometry":{"type":"Polygon","coordinates":[[[-74.226591019389204,4.7052349567800125],[-74.226636926455058,4.7051824628750047],[-74.226688467135958,4.7051145014258973],[-74.226618307362017,4.7050665421539373],[-74.226613670439534,4.7050727394471972],[-74.226610448083832,4.7050764911958547],[-74.226608853094888,4.7050782024831346],[-74.226607548254322,4.7050795393258689],[-74.226606225379484,4.7050808400002495],[-74.226604590694691,4.7050823758607905],[-74.226603294830468,4.7050835390749661],[-74.226601436628314,4.7050851328589127],[-74.226600218243391,4.7050861314729229],[-74.226598752927316,4.7050872856803219],[-74.226597595807391,4.7050881649129099],[-74.226597401147188,4.7050882915573293],[-74.226544121545444,4.7050872702483115],[-74.226497385694685,4.7050782371981716],[-74.226487464948534,4.7050748753053195],[-74.226429767901365,4.7050525006664428],[-74.226383982581822,4.7050120030050779],[-74.226361350462454,4.7050386884692239],[-74.226591019389204,4.7052349567800125]]]},"properties":{"PARCEL_ID":"I41","EFR_ENTRG":"DELIVERED","RefName":"I41","ACT":-1,"DATE_DEL":1753660800000,"dateMax":1771718400000,"ACTA_No":1,"FID":37,"dateDel":1753574400000,"days":90,"TYPE":"SECONDARY","zoom":500,"Norder":44,"EMPRESAS_D":" ","UNIDAD_DE_":12,"PK_DE_REFE":"21+205 - 21+235","TIPO_DE_ES":"INTERSECTIONS","COSTADO":"SUR","ACTIVIDADE":"URBANISMO MOSQUERA 21+205 - 21+235","ZONA_DE_IN":" ","ANCHO_PROM":0,"ANCHO_PR_1":0,"ANCHO_PR_2":0,"ANCHO_PR_3":0,"LONGITUD_A":0,"LONGITUD_R":0,"RESTRICCIO":"RESTITUCION DE VIA Y ANDENES","area":219.23557740699999,"MUNICIPIO":"MOSQUERA","pk_ini":21205,"pk_end":21235,"cruze":"T1-2026","use":"Public","ActivityId":"P-5740","FMI":"N/A","NOTIFY":" ","DATE_NOT":null,"USO":" ","VERE":" ","PROPIETARI":"MOSQUERA","SECTOR":"SUBURBANO","OBS":" ","Shape_Leng":93.277331126999997,"Shape_Area":314.50709359400003,"Color":3}},{"type":"Feature","id":38,"geometry":{"type":"Polygon","coordinates":[[[-74.226265905281053,4.7053537959808445],[-74.226289431298838,4.7053811959266216],[-74.226388020262419,4.7052992095179667],[-74.226435239723813,4.7052511446326166],[-74.226408980525846,4.7052263496756606],[-74.226366688559352,4.7052698223474501],[-74.226265905281053,4.7053537959808445]]]},"properties":{"PARCEL_ID":"I42","EFR_ENTRG":"DELIVERED","RefName":"I42","ACT":-1,"DATE_DEL":1753660800000,"dateMax":1771718400000,"ACTA_No":1,"FID":38,"dateDel":1753574400000,"days":300,"TYPE":"SECONDARY","zoom":500,"Norder":45,"EMPRESAS_D":" ","UNIDAD_DE_":12,"PK_DE_REFE":"21+220 - 21+220","TIPO_DE_ES":"INTERSECTIONS","COSTADO":"NORTE","ACTIVIDADE":"URBANISMO MOSQUERA 21+220","ZONA_DE_IN":" ","ANCHO_PROM":0,"ANCHO_PR_1":0,"ANCHO_PR_2":0,"ANCHO_PR_3":0,"LONGITUD_A":0,"LONGITUD_R":0,"RESTRICCIO":"RESTITUCION DE VIA Y ANDENES","area":85.815103233499997,"MUNICIPIO":"MOSQUERA","pk_ini":21220,"pk_end":21220,"cruze":"T1-2026","use":"Public","ActivityId":"P-5750","FMI":"N/A","NOTIFY":" ","DATE_NOT":null,"USO":" ","VERE":" ","PROPIETARI":"MOSQUERA","SECTOR":"SUBURBANO","OBS":" ","Shape_Leng":50.922281333000001,"Shape_Area":85.797509022300005,"Color":3}},{"type":"Feature","id":39,"geometry":{"type":"Polygon","coordinates":[[[-74.226493256677429,4.7052985693639666],[-74.226477009052658,4.7053185661275041],[-74.226493685397713,4.7053352542266396],[-74.22651162257344,4.7053131781031432],[-74.226493256677429,4.7052985693639666]]]},"properties":{"PARCEL_ID":"I43","EFR_ENTRG":"DELIVERED","RefName":"I43","ACT":-1,"DATE_DEL":1753660800000,"dateMax":1771718400000,"ACTA_No":1,"FID":39,"dateDel":1753574400000,"days":300,"TYPE":"SECONDARY","zoom":500,"Norder":46,"EMPRESAS_D":" ","UNIDAD_DE_":12,"PK_DE_REFE":"21+230 - 21+230","TIPO_DE_ES":"INTERSECTIONS","COSTADO":"NORTE","ACTIVIDADE":"URBANISMO MOSQUERA 21+230","ZONA_DE_IN":" ","ANCHO_PROM":0,"ANCHO_PR_1":0,"ANCHO_PR_2":0,"ANCHO_PR_3":0,"LONGITUD_A":0,"LONGITUD_R":0,"RESTRICCIO":"RESTITUCION DE VIA Y ANDENES","area":7.8037286418300003,"MUNICIPIO":"MOSQUERA","pk_ini":21230,"pk_end":21230,"cruze":"T1-2026","use":"Public","ActivityId":"P-5760","FMI":"N/A","NOTIFY":" ","DATE_NOT":null,"USO":" ","VERE":" ","PROPIETARI":"MOSQUERA","SECTOR":"SUBURBANO","OBS":" ","Shape_Leng":11.216055731899999,"Shape_Area":7.8035685895500002,"Color":3}},{"type":"Feature","id":40,"geometry":{"type":"Polygon","coordinates":[[[-74.236097295829325,4.7127615357142005],[-74.236088629632874,4.7127742467901923],[-74.236096620539897,4.712780594994876],[-74.236131965721583,4.7128087650650574],[-74.236139111928864,4.7128144695970109],[-74.236162648872622,4.7128276263802835],[-74.236364966216669,4.7129868273270565],[-74.236373986922189,4.7129753731503072],[-74.23638806900874,4.7129575750231805],[-74.236329850035773,4.7129113584630371],[-74.236375157955734,4.712853175994506],[-74.236363230811563,4.7128424771784614],[-74.236355972558655,4.7128315801567702],[-74.23635359906271,4.7128224490301065],[-74.236353457190731,4.712820855677597],[-74.236352761387764,4.7128130507825494],[-74.236353104679239,4.7128085581182395],[-74.236353480322833,4.7128036422319086],[-74.236354959861629,4.7127976472577862],[-74.236355739702518,4.7127944820130354],[-74.236364143228045,4.7127761426012915],[-74.236381527328419,4.7127641330785224],[-74.236380124400824,4.7127621764837517],[-74.236377254530694,4.7127581755913219],[-74.236283171853444,4.7126269996544323],[-74.236126961497206,4.7127372438413602],[-74.236111898927902,4.7127478683376323],[-74.236108442683985,4.7127456155988847],[-74.2361082416557,4.7127454845205685],[-74.236097295829325,4.7127615357142005]]]},"properties":{"PARCEL_ID":"I45","EFR_ENTRG":"DELIVERED","RefName":"I45","ACT":-20,"DATE_DEL":1769644800000,"dateMax":1771718400000,"ACTA_No":1,"FID":40,"dateDel":1757894400000,"days":90,"TYPE":"SECONDARY","zoom":500,"Norder":48,"EMPRESAS_D":" ","UNIDAD_DE_":12,"PK_DE_REFE":"22+580 - 22+620","TIPO_DE_ES":"INTERSECTIONS","COSTADO":"SUR","ACTIVIDADE":"URBANISMO ALKOSTO MOSQUERA 22+580 - 22+620","ZONA_DE_IN":" ","ANCHO_PROM":0,"ANCHO_PR_1":0,"ANCHO_PR_2":0,"ANCHO_PR_3":0,"LONGITUD_A":0,"LONGITUD_R":0,"RESTRICCIO":"RESTITUCION DE VIA Y ANDENES","area":622.71676824099995,"MUNICIPIO":"MOSQUERA","pk_ini":22580,"pk_end":22620,"cruze":"T1-2026","use":"Public","ActivityId":"P-5780","FMI":"N/A","NOTIFY":" ","DATE_NOT":null,"USO":" ","VERE":" ","PROPIETARI":"MOSQUERA","SECTOR":"SUBURBANO","OBS":" ","Shape_Leng":117.420612925,"Shape_Area":622.71526258300003,"Color":3}},{"type":"Feature","id":41,"geometry":{"type":"Polygon","coordinates":[[[-74.236061723666083,4.7129806288331446],[-74.236073997919334,4.7129917489812172],[-74.236074298126539,4.7129920192998425],[-74.236098901064892,4.7130118288117213],[-74.236179741618869,4.713076919397043],[-74.236186746305336,4.7130825633722573],[-74.236232264058643,4.7131188409186509],[-74.236232047799177,4.7131191140680588],[-74.236222347659762,4.7131313623777631],[-74.236278807855783,4.7131763639624982],[-74.236288570176939,4.7131640704225841],[-74.236273485425741,4.7131246398527882],[-74.236305516108288,4.7130839867510632],[-74.2363055773817,4.7130839089668575],[-74.236099444649852,4.7129207163689211],[-74.236089325069116,4.7129076984983325],[-74.236102610252644,4.7128893471240785],[-74.236025115355474,4.7128276053102249],[-74.236020582199572,4.7128222049318467],[-74.235971947928519,4.7128548252502602],[-74.23591983203751,4.712812946117154],[-74.235846447121276,4.7128939261463705],[-74.235902150695225,4.7129413379079583],[-74.235957855178029,4.7129887496645519],[-74.23600764879437,4.7129451354498624],[-74.236008995135393,4.7129439893887488],[-74.236010511883393,4.7129430811209021],[-74.236012154877656,4.7129424323597355],[-74.236013882661297,4.7129420639136974],[-74.236015645662306,4.7129419830285073],[-74.236017398814781,4.7129421942360086],[-74.236019094345863,4.7129426894083242],[-74.236020685383508,4.7129434577044966],[-74.236040763228075,4.7129616432149621],[-74.23604086686548,4.7129615699426335],[-74.236061723666083,4.7129806288331446]]]},"properties":{"PARCEL_ID":"I44","EFR_ENTRG":"DELIVERED","RefName":"I44","ACT":-1,"DATE_DEL":1753660800000,"dateMax":1771718400000,"ACTA_No":1,"FID":41,"dateDel":1753574400000,"days":90,"TYPE":"SECONDARY","zoom":500,"Norder":47,"EMPRESAS_D":" ","UNIDAD_DE_":12,"PK_DE_REFE":"22+565 - 22+620","TIPO_DE_ES":"INTERSECTIONS","COSTADO":"NORTE","ACTIVIDADE":"URBANISMO ALKOSTO MOSQUERA 22+565 - 22+620","ZONA_DE_IN":" ","ANCHO_PROM":0,"ANCHO_PR_1":0,"ANCHO_PR_2":0,"ANCHO_PR_3":0,"LONGITUD_A":0,"LONGITUD_R":0,"RESTRICCIO":"RESTITUCION DE VIA Y ANDENES","area":597.86883037999996,"MUNICIPIO":"MOSQUERA","pk_ini":22565,"pk_end":22620,"cruze":"T1-2026","use":"Public","ActivityId":"P-5770","FMI":"N/A","NOTIFY":" ","DATE_NOT":null,"USO":" ","VERE":" ","PROPIETARI":"MOSQUERA","SECTOR":"SUBURBANO","OBS":" ","Shape_Leng":148.72610614499999,"Shape_Area":570.07539296499999,"Color":3}},{"type":"Feature","id":42,"geometry":{"type":"Polygon","coordinates":[[[-74.343103506359668,4.7948256737285755],[-74.343366213116525,4.7950968622795802],[-74.343684346459369,4.7954064336848239],[-74.34371333958596,4.7953764494868203],[-74.34353852879245,4.795204216570613],[-74.343315463673534,4.7949844400066128],[-74.343142485609334,4.7947909571067733],[-74.343103506359668,4.7948256737285755]]]},"properties":{"PARCEL_ID":"I62","EFR_ENTRG":"DELIVERED","RefName":"I62","ACT":-6,"DATE_DEL":1753660800000,"dateMax":1768953600000,"ACTA_No":1,"FID":42,"dateDel":1753574400000,"days":90,"TYPE":"SECONDARY","zoom":500,"Norder":77,"EMPRESAS_D":" ","UNIDAD_DE_":18,"PK_DE_REFE":"37+620 - 37+715","TIPO_DE_ES":"INTERSECTIONS","COSTADO":"SUR","ACTIVIDADE":"URBANISMO CARTAGENITA 37+620 - 37+715","ZONA_DE_IN":" ","ANCHO_PROM":0,"ANCHO_PR_1":0,"ANCHO_PR_2":0,"ANCHO_PR_3":0,"LONGITUD_A":0,"LONGITUD_R":0,"RESTRICCIO":"RESTITUCION DE VIA Y ANDENES","area":445.719005358,"MUNICIPIO":"FACATATIVA","pk_ini":37620,"pk_end":37715,"cruze":"T1-2026","use":"Public","ActivityId":"P-5950","FMI":"N/A","NOTIFY":" ","DATE_NOT":null,"USO":" ","VERE":"SAN ANTONIO BAJO","PROPIETARI":"FACATATIVA","SECTOR":"SUBURBANO","OBS":" ","Shape_Leng":191.991936673,"Shape_Area":445.72737972800002,"Color":3}},{"type":"Feature","id":43,"geometry":{"type":"Polygon","coordinates":[[[-74.082107041722949,4.6160170956691013],[-74.082055139070803,4.6160723222555236],[-74.082043524103455,4.6160634709371573],[-74.08200268656006,4.6161105550356947],[-74.082040008080568,4.6161476134489625],[-74.081958615940593,4.61623848090737],[-74.082069787337062,4.6163313637569177],[-74.082161667728897,4.6162198725085224],[-74.082165148208091,4.6162153455065607],[-74.082180151655834,4.6162076949397806],[-74.082102027476665,4.6160382656141001],[-74.082148402040772,4.6159822794394261],[-74.082055243878898,4.615831050362063],[-74.082000657267542,4.6158641647576601],[-74.082051518988109,4.6159485854512656],[-74.082107041722949,4.6160170956691013]]]},"properties":{"PARCEL_ID":"I1","EFR_ENTRG":"DELIVERED","RefName":"I1","ACT":-15,"DATE_DEL":1762992000000,"dateMax":1762992000000,"ACTA_No":1,"FID":43,"dateDel":1757894400000,"days":180,"TYPE":"SECONDARY","zoom":500,"Norder":1,"EMPRESAS_D":" ","UNIDAD_DE_":2,"PK_DE_REFE":"1+130 - 1+170","TIPO_DE_ES":"INTERSECTIONS","COSTADO":"NORTE","ACTIVIDADE":"URBANISMO CR 22 1+130 - 1+170","ZONA_DE_IN":" ","ANCHO_PROM":0,"ANCHO_PR_1":0,"ANCHO_PR_2":0,"ANCHO_PR_3":0,"LONGITUD_A":0,"LONGITUD_R":0,"RESTRICCIO":"RESTITUCION DE VIA Y ANDENES","area":558.78713751500004,"MUNICIPIO":"BOGOTA D.C.","pk_ini":1130,"pk_end":1170,"cruze":"T4-2025","use":"Public","ActivityId":"P-5350","FMI":"VIA","NOTIFY":" ","DATE_NOT":null,"USO":" ","VERE":" ","PROPIETARI":"INSTITUTO DE DESARROLLO URBANO","SECTOR":"URBANO","OBS":" ","Shape_Leng":146.90694787999999,"Shape_Area":558.78658012699998,"Color":3}},{"type":"Feature","id":44,"geometry":{"type":"Polygon","coordinates":[[[-74.08220498928921,4.6162124984739705],[-74.082226607932867,4.6162422881320646],[-74.082326238589545,4.6163707881972869],[-74.082346764657615,4.6163551923161243],[-74.082425565068121,4.616295317366145],[-74.082323805746,4.6161700149715177],[-74.082218375207816,4.6162290888684714],[-74.08220498928921,4.6162124984739705]]]},"properties":{"PARCEL_ID":"I3","EFR_ENTRG":"DELIVERED","RefName":"I3","ACT":-15,"DATE_DEL":1762992000000,"dateMax":1762992000000,"ACTA_No":1,"FID":44,"dateDel":1757894400000,"days":180,"TYPE":"SECONDARY","zoom":500,"Norder":3,"EMPRESAS_D":" ","UNIDAD_DE_":2,"PK_DE_REFE":"1+180 - 1+200","TIPO_DE_ES":"INTERSECTIONS","COSTADO":"NORTE","ACTIVIDADE":"URBANISMO CR 22 1+180 - 1+200","ZONA_DE_IN":" ","ANCHO_PROM":0,"ANCHO_PR_1":0,"ANCHO_PR_2":0,"ANCHO_PR_3":0,"LONGITUD_A":0,"LONGITUD_R":0,"RESTRICCIO":"RESTITUCION DE VIA Y ANDENES","area":256.04460570499998,"MUNICIPIO":"BOGOTA D.C.","pk_ini":1180,"pk_end":1200,"cruze":"T4-2025","use":"Public","ActivityId":"P-5370","FMI":"VIA","NOTIFY":" ","DATE_NOT":null,"USO":" ","VERE":" ","PROPIETARI":"INSTITUTO DE DESARROLLO URBANO","SECTOR":"URBANO","OBS":" ","Shape_Leng":69.536909774400002,"Shape_Area":256.04444758199998,"Color":3}},{"type":"Feature","id":45,"geometry":{"type":"Polygon","coordinates":[[[-74.082467661604724,4.6161194711536622],[-74.082526600933747,4.616190688820474],[-74.082594360477316,4.6161310680407937],[-74.082539573094778,4.6160644198318135],[-74.08251799982915,4.6160809336013715],[-74.082467661604724,4.6161194711536622]]]},"properties":{"PARCEL_ID":"I4","EFR_ENTRG":"DELIVERED","RefName":"I4","ACT":-15,"DATE_DEL":1762992000000,"dateMax":1762992000000,"ACTA_No":1,"FID":45,"dateDel":1757894400000,"days":180,"TYPE":"SECONDARY","zoom":500,"Norder":4,"EMPRESAS_D":" ","UNIDAD_DE_":2,"PK_DE_REFE":"1+190 - 1+200","TIPO_DE_ES":"INTERSECTIONS","COSTADO":"SUR","ACTIVIDADE":"URBANISMO CR 22 1+190 - 1+200","ZONA_DE_IN":" ","ANCHO_PROM":0,"ANCHO_PR_1":0,"ANCHO_PR_2":0,"ANCHO_PR_3":0,"LONGITUD_A":0,"LONGITUD_R":0,"RESTRICCIO":"RESTITUCION DE VIA Y ANDENES","area":99.075435210999999,"MUNICIPIO":"BOGOTA D.C.","pk_ini":1190,"pk_end":1200,"cruze":"T4-2025","use":"Public","ActivityId":"P-5380","FMI":"VIA","NOTIFY":" ","DATE_NOT":null,"USO":" ","VERE":" ","PROPIETARI":"INSTITUTO DE DESARROLLO URBANO","SECTOR":"URBANO","OBS":" ","Shape_Leng":39.826882077900002,"Shape_Area":99.073852546500007,"Color":3}},{"type":"Feature","id":46,"geometry":{"type":"Polygon","coordinates":[[[-74.082334205259485,4.6158209473692979],[-74.082440782173862,4.615906281007665],[-74.082494629399449,4.6159493945463197],[-74.082512963899532,4.6159640749964677],[-74.082518572067585,4.6159473560614117],[-74.082528771920053,4.61592701261669],[-74.08253461716636,4.6159185880172027],[-74.082606584265122,4.6158297010001395],[-74.082425313911713,4.615681907170381],[-74.082349988669407,4.6157420081752534],[-74.082304127830398,4.6157978560004596],[-74.0823049064809,4.6157974897493741],[-74.082334205259485,4.6158209473692979]]]},"properties":{"PARCEL_ID":"I2","EFR_ENTRG":"DELIVERED","RefName":"I2","ACT":-15,"DATE_DEL":1762992000000,"dateMax":1762992000000,"ACTA_No":1,"FID":46,"dateDel":1757894400000,"days":180,"TYPE":"SECONDARY","zoom":500,"Norder":2,"EMPRESAS_D":" ","UNIDAD_DE_":2,"PK_DE_REFE":"1+150 - 1+180","TIPO_DE_ES":"INTERSECTIONS","COSTADO":"SUR","ACTIVIDADE":"URBANISMO CR 22 1+150 - 1+180","ZONA_DE_IN":" ","ANCHO_PROM":0,"ANCHO_PR_1":0,"ANCHO_PR_2":0,"ANCHO_PR_3":0,"LONGITUD_A":0,"LONGITUD_R":0,"RESTRICCIO":"RESTITUCION DE VIA Y ANDENES","area":510.08913140300001,"MUNICIPIO":"BOGOTA D.C.","pk_ini":1150,"pk_end":1180,"cruze":"T4-2025","use":"Public","ActivityId":"P-5360","FMI":"VIA","NOTIFY":" ","DATE_NOT":null,"USO":" ","VERE":" ","PROPIETARI":"INSTITUTO DE DESARROLLO URBANO","SECTOR":"URBANO","OBS":" ","Shape_Leng":92.496049604800007,"Shape_Area":504.96724879300001,"Color":3}},{"type":"Feature","id":47,"geometry":{"type":"Polygon","coordinates":[[[-74.083825439387056,4.6178707004026558],[-74.083738892235786,4.61795515111874],[-74.083761709513965,4.6179727488022957],[-74.083765413573161,4.6179772052122985],[-74.083781720451015,4.6179973368309382],[-74.08378627887241,4.618002245388567],[-74.083791870111142,4.618009134377246],[-74.08379369780701,4.6180112576823511],[-74.083797409131563,4.6180219791559765],[-74.083803442047,4.6180377050638661],[-74.083812250787844,4.6180605406369946],[-74.083819597691516,4.6180770044505151],[-74.083832481792214,4.6181037628864683],[-74.083833576155797,4.6181354318340144],[-74.083945482272213,4.6179934585838023],[-74.083825439387056,4.6178707004026558]]]},"properties":{"PARCEL_ID":"I5","EFR_ENTRG":"DELIVERED","RefName":"I5","ACT":-15,"DATE_DEL":1762992000000,"dateMax":1762992000000,"ACTA_No":1,"FID":47,"dateDel":1757894400000,"days":180,"TYPE":"SECONDARY","zoom":500,"Norder":5,"EMPRESAS_D":" ","UNIDAD_DE_":2,"PK_DE_REFE":"1+430 - 1+450","TIPO_DE_ES":"INTERSECTIONS","COSTADO":"NORTE","ACTIVIDADE":"URBANISMO CR 27 1+430 - 1+450","ZONA_DE_IN":" ","ANCHO_PROM":0,"ANCHO_PR_1":0,"ANCHO_PR_2":0,"ANCHO_PR_3":0,"LONGITUD_A":0,"LONGITUD_R":0,"RESTRICCIO":"RESTITUCION DE VIA Y ANDENES","area":298.19973976599999,"MUNICIPIO":"BOGOTA D.C.","pk_ini":1430,"pk_end":1450,"cruze":"T4-2025","use":"Public","ActivityId":"P-5390","FMI":"VIA/ANDEN","NOTIFY":" ","DATE_NOT":null,"USO":" ","VERE":" ","PROPIETARI":"INSTITUTO DE DESARROLLO URBANO","SECTOR":"URBANO","OBS":" ","Shape_Leng":75.780006740499999,"Shape_Area":298.201785519,"Color":3}},{"type":"Feature","id":48,"geometry":{"type":"Polygon","coordinates":[[[-74.08383370236011,4.618139188339133],[-74.083725342695885,4.6183029020711874],[-74.083746815333029,4.6183172080762702],[-74.083814016657641,4.6184093404540567],[-74.083918858233673,4.6184782190433253],[-74.084022756492175,4.618474837783439],[-74.084047365409958,4.6184909559889311],[-74.084058653957072,4.618473415876486],[-74.084089212491065,4.6184621008593965],[-74.084123590526147,4.6184640647021276],[-74.084148577903989,4.6184742560489545],[-74.084173493327825,4.6184997736514868],[-74.084258612824001,4.6185917991092706],[-74.084363817834543,4.618490913210425],[-74.084283287443867,4.6184078060322866],[-74.08418802817701,4.6184932480094885],[-74.084142483765433,4.6184662023158634],[-74.084073704170834,4.6184522132711283],[-74.083833576155797,4.6181354318340144],[-74.08383370236011,4.618139188339133]]]},"properties":{"PARCEL_ID":"I7","EFR_ENTRG":"DELIVERED","RefName":"I7","ACT":-15,"DATE_DEL":1762992000000,"dateMax":1762992000000,"ACTA_No":1,"FID":48,"dateDel":1757894400000,"days":180,"TYPE":"SECONDARY","zoom":500,"Norder":7,"EMPRESAS_D":" ","UNIDAD_DE_":2,"PK_DE_REFE":"1+450 - 1+520","TIPO_DE_ES":"INTERSECTIONS","COSTADO":"NORTE","ACTIVIDADE":"URBANISMO CR 27 1+450 - 1+520","ZONA_DE_IN":" ","ANCHO_PROM":0,"ANCHO_PR_1":0,"ANCHO_PR_2":0,"ANCHO_PR_3":0,"LONGITUD_A":0,"LONGITUD_R":0,"RESTRICCIO":"RESTITUCION DE VIA Y ANDENES","area":918.89766254300002,"MUNICIPIO":"BOGOTA D.C.","pk_ini":1450,"pk_end":1520,"cruze":"T4-2025","use":"Public","ActivityId":"P-5410","FMI":"VIA","NOTIFY":" ","DATE_NOT":null,"USO":" ","VERE":" ","PROPIETARI":"INSTITUTO DE DESARROLLO URBANO","SECTOR":"URBANO","OBS":" ","Shape_Leng":197.71923535900001,"Shape_Area":918.89597316599998,"Color":3}},{"type":"Feature","id":49,"geometry":{"type":"Polygon","coordinates":[[[-74.083997328505859,4.6177800941621001],[-74.083997586257539,4.6177803591227518],[-74.084099902874854,4.6178858668108953],[-74.084182235875815,4.6178026242493155],[-74.084534817399373,4.6180209277542881],[-74.084532334808017,4.617957154890739],[-74.08452854696516,4.617864551713506],[-74.084360451496238,4.6177110936556653],[-74.084329065318897,4.617684845438375],[-74.084320410091024,4.6176952649884377],[-74.084261265429177,4.6177667802458542],[-74.084184645583605,4.6177857479820261],[-74.084155451301399,4.6177726104317083],[-74.084092637402392,4.617709256824809],[-74.084083133035691,4.6176996097273886],[-74.083997328505859,4.6177800941621001]]]},"properties":{"PARCEL_ID":"I6","EFR_ENTRG":"DELIVERED","RefName":"I6","ACT":-15,"DATE_DEL":1762992000000,"dateMax":1762992000000,"ACTA_No":1,"FID":49,"dateDel":1757894400000,"days":180,"TYPE":"SECONDARY","zoom":500,"Norder":6,"EMPRESAS_D":" ","UNIDAD_DE_":2,"PK_DE_REFE":"1+435 - 1+500","TIPO_DE_ES":"INTERSECTIONS","COSTADO":"SUR","ACTIVIDADE":"URBANISMO CR 27 1+435 - 1+500","ZONA_DE_IN":" ","ANCHO_PROM":0,"ANCHO_PR_1":0,"ANCHO_PR_2":0,"ANCHO_PR_3":0,"LONGITUD_A":0,"LONGITUD_R":0,"RESTRICCIO":"RESTITUCION DE VIA Y ANDENES","area":834.78015135199996,"MUNICIPIO":"BOGOTA D.C.","pk_ini":1435,"pk_end":1500,"cruze":"T4-2025","use":"Public","ActivityId":"P-5400","FMI":"VIA/ANDEN","NOTIFY":" ","DATE_NOT":null,"USO":" ","VERE":" ","PROPIETARI":"INSTITUTO DE DESARROLLO URBANO","SECTOR":"URBANO","OBS":" ","Shape_Leng":170.81550781000001,"Shape_Area":834.77991348,"Color":3}},{"type":"Feature","id":50,"geometry":{"type":"Polygon","coordinates":[[[-74.084416375814683,4.6181710028795795],[-74.084516159185839,4.6182735082198203],[-74.084541751834834,4.6182482903611204],[-74.084456864909825,4.6181615442994293],[-74.084537208043329,4.6180823385593213],[-74.084536046074888,4.6180524845649336],[-74.084417342810454,4.6181694411257608],[-74.084416375814683,4.6181710028795795]]]},"properties":{"PARCEL_ID":"I8","EFR_ENTRG":"DELIVERED","RefName":"I8","ACT":-15,"DATE_DEL":1762992000000,"dateMax":1762992000000,"ACTA_No":1,"FID":50,"dateDel":1757894400000,"days":180,"TYPE":"SECONDARY","zoom":500,"Norder":8,"EMPRESAS_D":" ","UNIDAD_DE_":2,"PK_DE_REFE":"1+500 - 1+515","TIPO_DE_ES":"INTERSECTIONS","COSTADO":"SUR","ACTIVIDADE":"URBANISMO CR 27 1+500 - 1+515","ZONA_DE_IN":" ","ANCHO_PROM":0,"ANCHO_PR_1":0,"ANCHO_PR_2":0,"ANCHO_PR_3":0,"LONGITUD_A":0,"LONGITUD_R":0,"RESTRICCIO":"RESTITUCION DE VIA Y ANDENES","area":96.223265065500001,"MUNICIPIO":"BOGOTA D.C.","pk_ini":1500,"pk_end":1515,"cruze":"T4-2025","use":"Public","ActivityId":"P-5420","FMI":"VIA","NOTIFY":" ","DATE_NOT":null,"USO":" ","VERE":" ","PROPIETARI":"INSTITUTO DE DESARROLLO URBANO","SECTOR":"URBANO","OBS":" ","Shape_Leng":67.733469492500006,"Shape_Area":96.226145783299998,"Color":3}},{"type":"Feature","id":51,"geometry":{"type":"Polygon","coordinates":[[[-74.085453992934134,4.6192260168079207],[-74.085473182862955,4.6192427689459157],[-74.08554860670462,4.619285811469088],[-74.085603859866609,4.6192129414945819],[-74.08563862325596,4.6191789589141274],[-74.085573166672916,4.6191117802378781],[-74.085538291529701,4.6191455512077786],[-74.085453992934134,4.6192260168079207]]]},"properties":{"PARCEL_ID":"I10","EFR_ENTRG":"DELIVERED","RefName":"I10","ACT":-15,"DATE_DEL":1762992000000,"dateMax":1762992000000,"ACTA_No":1,"FID":51,"dateDel":1757894400000,"days":180,"TYPE":"SECONDARY","zoom":500,"Norder":10,"EMPRESAS_D":" ","UNIDAD_DE_":2,"PK_DE_REFE":"1+665 - 1+680","TIPO_DE_ES":"INTERSECTIONS","COSTADO":"SUR","ACTIVIDADE":"URBANISMO CR 29A 1+665 - 1+680","ZONA_DE_IN":" ","ANCHO_PROM":0,"ANCHO_PR_1":0,"ANCHO_PR_2":0,"ANCHO_PR_3":0,"LONGITUD_A":0,"LONGITUD_R":0,"RESTRICCIO":"RESTITUCION DE VIA Y ANDENES","area":188.451455168,"MUNICIPIO":"BOGOTA D.C.","pk_ini":1665,"pk_end":1680,"cruze":"T4-2025","use":"Public","ActivityId":"P-5440","FMI":"VIA","NOTIFY":" ","DATE_NOT":null,"USO":" ","VERE":" ","PROPIETARI":"INSTITUTO DE DESARROLLO URBANO","SECTOR":"URBANO","OBS":" ","Shape_Leng":56.637848992999999,"Shape_Area":188.45164506,"Color":3}},{"type":"Feature","id":52,"geometry":{"type":"Polygon","coordinates":[[[-74.085268618023107,4.6194246588164791],[-74.08516871872709,4.6195462010515218],[-74.085177808564282,4.6195552910830351],[-74.085181512560268,4.6195522796887758],[-74.085200434614421,4.6195492012105621],[-74.085245388043617,4.6195864962976234],[-74.085264522996511,4.6196026868648401],[-74.085261296668335,4.6196074707029924],[-74.085276886172011,4.6196202809957461],[-74.085288944415481,4.6196086025969159],[-74.085366733513624,4.6195259133896682],[-74.085268618023107,4.6194246588164791]]]},"properties":{"PARCEL_ID":"I9","EFR_ENTRG":"DELIVERED","RefName":"I9","ACT":-15,"DATE_DEL":1762992000000,"dateMax":1762992000000,"ACTA_No":1,"FID":52,"dateDel":1757894400000,"days":180,"TYPE":"SECONDARY","zoom":500,"Norder":9,"EMPRESAS_D":" ","UNIDAD_DE_":2,"PK_DE_REFE":"1+665 - 1+682","TIPO_DE_ES":"INTERSECTIONS","COSTADO":"NORTE","ACTIVIDADE":"URBANISMO CR 29A 1+665 - 1+682","ZONA_DE_IN":" ","ANCHO_PROM":0,"ANCHO_PR_1":0,"ANCHO_PR_2":0,"ANCHO_PR_3":0,"LONGITUD_A":0,"LONGITUD_R":0,"RESTRICCIO":"RESTITUCION DE VIA Y ANDENES","area":225.88731158799999,"MUNICIPIO":"BOGOTA D.C.","pk_ini":1665,"pk_end":1682,"cruze":"T4-2025","use":"Public","ActivityId":"P-5430","FMI":"VIA","NOTIFY":" ","DATE_NOT":null,"USO":" ","VERE":" ","PROPIETARI":"INSTITUTO DE DESARROLLO URBANO","SECTOR":"URBANO","OBS":" ","Shape_Leng":63.676796177900002,"Shape_Area":225.88315472599999,"Color":3}},{"type":"Feature","id":53,"geometry":{"type":"Polygon","coordinates":[[[-74.088278813025894,4.6221262182305018],[-74.0882989088648,4.6222047337786369],[-74.08829905216831,4.6222052926403343],[-74.088277107372548,4.6222103516870705],[-74.088261647910386,4.622222437127224],[-74.088321140714612,4.6222897639461751],[-74.088629297253618,4.6226384974701356],[-74.088759212251944,4.6227765727765844],[-74.088803980006148,4.6227309821560612],[-74.08884460481903,4.6226858111990294],[-74.088800237961209,4.6226077301238675],[-74.088734431187575,4.6225467625572625],[-74.08844952032284,4.6222792014375154],[-74.088414456221443,4.6220979383666263],[-74.088278813025894,4.6221262182305018]]]},"properties":{"PARCEL_ID":"I11","EFR_ENTRG":"DELIVERED","RefName":"I11","ACT":-15,"DATE_DEL":1762992000000,"dateMax":1762992000000,"ACTA_No":1,"FID":53,"dateDel":1757894400000,"days":180,"TYPE":"SECONDARY","zoom":500,"Norder":11,"EMPRESAS_D":" ","UNIDAD_DE_":2,"PK_DE_REFE":"2+110 - 2+200","TIPO_DE_ES":"INTERSECTIONS","COSTADO":"SUR","ACTIVIDADE":"URBANISMO TV 32C 2+110 - 2+200","ZONA_DE_IN":" ","ANCHO_PROM":0,"ANCHO_PR_1":0,"ANCHO_PR_2":0,"ANCHO_PR_3":0,"LONGITUD_A":0,"LONGITUD_R":0,"RESTRICCIO":"RESTITUCION DE VIA Y ANDENES","area":1251.5443413,"MUNICIPIO":"BOGOTA D.C.","pk_ini":2110,"pk_end":2200,"cruze":"T4-2025","use":"Public","ActivityId":"P-5450","FMI":"VIA","NOTIFY":" ","DATE_NOT":null,"USO":" ","VERE":" ","PROPIETARI":"INSTITUTO DE DESARROLLO URBANO","SECTOR":"URBANO","OBS":" ","Shape_Leng":208.962380287,"Shape_Area":1251.4650721800001,"Color":3}},{"type":"Feature","id":54,"geometry":{"type":"Polygon","coordinates":[[[-74.088333881064344,4.6226266637172158],[-74.088343960557168,4.6226969565207643],[-74.088332232009435,4.6226986495692692],[-74.088340282880509,4.6227716092152962],[-74.088456294040853,4.6227552918624815],[-74.08849032627478,4.6227606168201367],[-74.088441579141687,4.6227188755069344],[-74.088333881064344,4.6226266637172158]]]},"properties":{"PARCEL_ID":"I12","EFR_ENTRG":"DELIVERED","RefName":"I12","ACT":-15,"DATE_DEL":1762992000000,"dateMax":1762992000000,"ACTA_No":1,"FID":54,"dateDel":1757894400000,"days":180,"TYPE":"SECONDARY","zoom":500,"Norder":12,"EMPRESAS_D":" ","UNIDAD_DE_":2,"PK_DE_REFE":"2+165 - 2+180","TIPO_DE_ES":"INTERSECTIONS","COSTADO":"NORTE","ACTIVIDADE":"URBANISMO TV 32C 2+165 - 2+180","ZONA_DE_IN":" ","ANCHO_PROM":0,"ANCHO_PR_1":0,"ANCHO_PR_2":0,"ANCHO_PR_3":0,"LONGITUD_A":0,"LONGITUD_R":0,"RESTRICCIO":"RESTITUCION DE VIA Y ANDENES","area":125.797385589,"MUNICIPIO":"BOGOTA D.C.","pk_ini":2165,"pk_end":2180,"cruze":"T4-2025","use":"Public","ActivityId":"P-5460","FMI":"VIA","NOTIFY":" ","DATE_NOT":null,"USO":" ","VERE":" ","PROPIETARI":"INSTITUTO DE DESARROLLO URBANO","SECTOR":"URBANO","OBS":" ","Shape_Leng":56.925571465600001,"Shape_Area":125.79414742500001,"Color":3}},{"type":"Feature","id":55,"geometry":{"type":"Polygon","coordinates":[[[-74.094826549091167,4.6296140043862168],[-74.094875872937266,4.6295809108468484],[-74.09489158866711,4.629579889494555],[-74.094803548625023,4.6295018722833392],[-74.09490896986388,4.6294305937707696],[-74.094795784763377,4.6292908679468896],[-74.094769734947988,4.6293074952318012],[-74.094715224569214,4.6293432909692545],[-74.094687895940567,4.629361749510557],[-74.094800789083735,4.6295036556506757],[-74.094762645778644,4.6295287005507966],[-74.09471122408425,4.6295713545015875],[-74.094721630067497,4.6295842479043596],[-74.09480464104719,4.6295812128230125],[-74.094826549091167,4.6296140043862168]]]},"properties":{"PARCEL_ID":"I13","EFR_ENTRG":"DELIVERED","RefName":"I13","ACT":-15,"DATE_DEL":1762992000000,"dateMax":1762992000000,"ACTA_No":1,"FID":55,"dateDel":1757894400000,"days":180,"TYPE":"SECONDARY","zoom":500,"Norder":13,"EMPRESAS_D":" ","UNIDAD_DE_":2,"PK_DE_REFE":"3+175 - 3+220","TIPO_DE_ES":"INTERSECTIONS","COSTADO":"NORTE","ACTIVIDADE":"URBANISMO CR 40 3+175 - 3+220","ZONA_DE_IN":" ","ANCHO_PROM":0,"ANCHO_PR_1":0,"ANCHO_PR_2":0,"ANCHO_PR_3":0,"LONGITUD_A":0,"LONGITUD_R":0,"RESTRICCIO":"RESTITUCION DE VIA Y ANDENES","area":430.84591755899999,"MUNICIPIO":"BOGOTA D.C.","pk_ini":3175,"pk_end":3220,"cruze":"T4-2025","use":"Public","ActivityId":"P-5470-A","FMI":"VIA","NOTIFY":" ","DATE_NOT":null,"USO":" ","VERE":" ","PROPIETARI":"INSTITUTO DE DESARROLLO URBANO","SECTOR":"URBANO","OBS":" ","Shape_Leng":117.647003485,"Shape_Area":398.56519147400002,"Color":3}},{"type":"Feature","id":56,"geometry":{"type":"Polygon","coordinates":[[[-74.095050446889871,4.6289594979733177],[-74.095365656384303,4.6292010593987456],[-74.095404609625163,4.6291307410555262],[-74.095160271490428,4.6288894862521124],[-74.095105115654363,4.628952679020494],[-74.09508184519045,4.6289296196864811],[-74.095050446889871,4.6289594979733177]]]},"properties":{"PARCEL_ID":"I14","EFR_ENTRG":"DELIVERED","RefName":"I14","ACT":-15,"DATE_DEL":1762992000000,"dateMax":1762992000000,"ACTA_No":1,"FID":56,"dateDel":1757894400000,"days":180,"TYPE":"SECONDARY","zoom":500,"Norder":14,"EMPRESAS_D":" ","UNIDAD_DE_":2,"PK_DE_REFE":"3+180 - 3+220","TIPO_DE_ES":"INTERSECTIONS","COSTADO":"SUR","ACTIVIDADE":"URBANISMO CR 40 3+180 - 3+220","ZONA_DE_IN":" ","ANCHO_PROM":0,"ANCHO_PR_1":0,"ANCHO_PR_2":0,"ANCHO_PR_3":0,"LONGITUD_A":0,"LONGITUD_R":0,"RESTRICCIO":"RESTITUCION DE VIA Y ANDENES","area":453.460068401,"MUNICIPIO":"BOGOTA D.C.","pk_ini":3180,"pk_end":3220,"cruze":"T4-2025","use":"Public","ActivityId":"P-5480","FMI":"VIA","NOTIFY":" ","DATE_NOT":null,"USO":" ","VERE":" ","PROPIETARI":"INSTITUTO DE DESARROLLO URBANO","SECTOR":"URBANO","OBS":" ","Shape_Leng":108.661441827,"Shape_Area":451.03020103900002,"Color":3}},{"type":"Feature","id":57,"geometry":{"type":"Polygon","coordinates":[[[-74.0952459869264,4.6293904457809383],[-74.095395619596658,4.6295173863770573],[-74.095532146001943,4.6296585204245915],[-74.095615324716249,4.6295885102165819],[-74.095483609457844,4.6294613458477452],[-74.095385920326152,4.6293670341871449],[-74.095385853633061,4.6293669690784842],[-74.095415198961817,4.6293386616160035],[-74.095410036565156,4.6293339602375161],[-74.095365532389053,4.6292879292560993],[-74.0952459869264,4.6293904457809383]]]},"properties":{"PARCEL_ID":"I15","EFR_ENTRG":"DELIVERED","RefName":"I15","ACT":-15,"DATE_DEL":1762992000000,"dateMax":1762992000000,"ACTA_No":1,"FID":57,"dateDel":1757894400000,"days":180,"TYPE":"SECONDARY","zoom":500,"Norder":15,"EMPRESAS_D":" ","UNIDAD_DE_":2,"PK_DE_REFE":"3+230 - 3+270","TIPO_DE_ES":"INTERSECTIONS","COSTADO":"SUR","ACTIVIDADE":"URBANISMO CR 40 3+230 - 3+270","ZONA_DE_IN":" ","ANCHO_PROM":0,"ANCHO_PR_1":0,"ANCHO_PR_2":0,"ANCHO_PR_3":0,"LONGITUD_A":0,"LONGITUD_R":0,"RESTRICCIO":"RESTITUCION DE VIA Y ANDENES","area":547.95489103299997,"MUNICIPIO":"BOGOTA D.C.","pk_ini":3230,"pk_end":3270,"cruze":"T4-2025","use":"Public","ActivityId":"P-5490","FMI":"VIA","NOTIFY":" ","DATE_NOT":null,"USO":" ","VERE":" ","PROPIETARI":"INSTITUTO DE DESARROLLO URBANO","SECTOR":"URBANO","OBS":" ","Shape_Leng":120.70308814000001,"Shape_Area":547.95685050700001,"Color":3}},{"type":"Feature","id":58,"geometry":{"type":"Polygon","coordinates":[[[-74.096058342176349,4.6307819079372265],[-74.096060373579704,4.6307824378097333],[-74.096116269839811,4.6308400083482653],[-74.096217252977922,4.6307507520723528],[-74.096059299650435,4.6305881467826744],[-74.09591859292803,4.630443294426783],[-74.095844473226776,4.6305073124745313],[-74.095816778897088,4.6305341874838577],[-74.095818595874817,4.6305374302933595],[-74.095902633095534,4.6306245819169201],[-74.095887332148479,4.6306347123980345],[-74.095884967370651,4.6306373910264176],[-74.095896781110142,4.6306497634921193],[-74.095953721067985,4.6307107450748823],[-74.095957753137625,4.6307081604510447],[-74.095977223119675,4.630694551882387],[-74.096058342176349,4.6307819079372265]]]},"properties":{"PARCEL_ID":"I16","EFR_ENTRG":"DELIVERED","RefName":"I16","ACT":-15,"DATE_DEL":1762992000000,"dateMax":1762992000000,"ACTA_No":1,"FID":58,"dateDel":1757894400000,"days":180,"TYPE":"SECONDARY","zoom":500,"Norder":16,"EMPRESAS_D":" ","UNIDAD_DE_":2,"PK_DE_REFE":"3+360 - 3+380","TIPO_DE_ES":"INTERSECTIONS","COSTADO":"NORTE","ACTIVIDADE":"URBANISMO CR 43A 3+360 - 3+410","ZONA_DE_IN":" ","ANCHO_PROM":0,"ANCHO_PR_1":0,"ANCHO_PR_2":0,"ANCHO_PR_3":0,"LONGITUD_A":0,"LONGITUD_R":0,"RESTRICCIO":"RESTITUCION DE VIA Y ANDENES","area":744.70715614000005,"MUNICIPIO":"BOGOTA D.C.","pk_ini":3360,"pk_end":3380,"cruze":"T4-2025","use":"Public","ActivityId":"P-5500","FMI":"VIA","NOTIFY":" ","DATE_NOT":null,"USO":" ","VERE":" ","PROPIETARI":"INSTITUTO DE DESARROLLO URBANO","SECTOR":"URBANO","OBS":" ","Shape_Leng":130.410743282,"Shape_Area":744.70697104500005,"Color":3}},{"type":"Feature","id":59,"geometry":{"type":"Polygon","coordinates":[[[-74.101017353687027,4.6351592835864608],[-74.101053865206623,4.6351156620688378],[-74.100951073816219,4.6350301557320854],[-74.100938279443653,4.6350202051280709],[-74.100910543968482,4.635055996832401],[-74.101017353687027,4.6351592835864608]]]},"properties":{"PARCEL_ID":"I18","EFR_ENTRG":"DELIVERED","RefName":"I18","ACT":-15,"DATE_DEL":1762992000000,"dateMax":1762992000000,"ACTA_No":1,"FID":59,"dateDel":1757894400000,"days":180,"TYPE":"SECONDARY","zoom":500,"Norder":18,"EMPRESAS_D":" ","UNIDAD_DE_":3,"PK_DE_REFE":"4+115 - 4+160","TIPO_DE_ES":"INTERSECTIONS","COSTADO":"SUR","ACTIVIDADE":"URBANISMO CR 50 4+115 - 4+160","ZONA_DE_IN":" ","ANCHO_PROM":0,"ANCHO_PR_1":0,"ANCHO_PR_2":0,"ANCHO_PR_3":0,"LONGITUD_A":0,"LONGITUD_R":0,"RESTRICCIO":"RESTITUCION DE VIA Y ANDENES","area":93.779425506899997,"MUNICIPIO":"BOGOTA D.C.","pk_ini":4115,"pk_end":4160,"cruze":"T4-2025","use":"Public","ActivityId":"P-5520","FMI":"VIA","NOTIFY":" ","DATE_NOT":null,"USO":" ","VERE":" ","PROPIETARI":"INSTITUTO DE DESARROLLO URBANO","SECTOR":"URBANO","OBS":" ","Shape_Leng":44.383503011199998,"Shape_Area":93.779250285000003,"Color":3}},{"type":"Feature","id":60,"geometry":{"type":"Polygon","coordinates":[[[-74.100580758717342,4.6353704254474302],[-74.100511669783884,4.6354380429659168],[-74.100512213630324,4.635478178038797],[-74.10050724692411,4.6355075013595428],[-74.100560414704319,4.6355575079749212],[-74.100633755174087,4.6356396910877802],[-74.100698284154149,4.6356928244248099],[-74.100728830171818,4.6357253948622095],[-74.100780194966575,4.6356765739921926],[-74.100528425583391,4.635434365495354],[-74.100636326882579,4.6353212020321886],[-74.100580758717342,4.6353704254474302]]]},"properties":{"PARCEL_ID":"I17","EFR_ENTRG":"DELIVERED","RefName":"I17","ACT":-15,"DATE_DEL":1762992000000,"dateMax":1762992000000,"ACTA_No":1,"FID":60,"dateDel":1757894400000,"days":180,"TYPE":"SECONDARY","zoom":500,"Norder":17,"EMPRESAS_D":" ","UNIDAD_DE_":3,"PK_DE_REFE":"4+115 - 4+130","TIPO_DE_ES":"INTERSECTIONS","COSTADO":"NORTE","ACTIVIDADE":"URBANISMO CR 50 4+115 - 4+130","ZONA_DE_IN":" ","ANCHO_PROM":0,"ANCHO_PR_1":0,"ANCHO_PR_2":0,"ANCHO_PR_3":0,"LONGITUD_A":0,"LONGITUD_R":0,"RESTRICCIO":"RESTITUCION DE VIA Y ANDENES","area":299.91389632800002,"MUNICIPIO":"BOGOTA D.C.","pk_ini":4115,"pk_end":4130,"cruze":"T4-2025","use":"Public","ActivityId":"P-5510","FMI":"VIA","NOTIFY":" ","DATE_NOT":null,"USO":" ","VERE":" ","PROPIETARI":"INSTITUTO DE DESARROLLO URBANO","SECTOR":"URBANO","OBS":" ","Shape_Leng":125.02379744700001,"Shape_Area":299.913703043,"Color":3}},{"type":"Feature","id":61,"geometry":{"type":"Polygon","coordinates":[[[-74.101944918289604,4.6366484762751687],[-74.101872614489295,4.6367122263013894],[-74.101857091962913,4.63672737764725],[-74.101897315954304,4.6367688714305872],[-74.101912822258853,4.6367537363620031],[-74.101977718457476,4.6366821597848773],[-74.101944918289604,4.6366484762751687]]]},"properties":{"PARCEL_ID":"I19","EFR_ENTRG":"DELIVERED","RefName":"I19","ACT":-15,"DATE_DEL":1762992000000,"dateMax":1762992000000,"ACTA_No":1,"FID":61,"dateDel":1757894400000,"days":180,"TYPE":"SECONDARY","zoom":500,"Norder":19,"EMPRESAS_D":" ","UNIDAD_DE_":3,"PK_DE_REFE":"4+322 - 4+329","TIPO_DE_ES":"INTERSECTIONS","COSTADO":"NORTE","ACTIVIDADE":"URBANISMO CR 52 4+322 - 4+329","ZONA_DE_IN":" ","ANCHO_PROM":0,"ANCHO_PR_1":0,"ANCHO_PR_2":0,"ANCHO_PR_3":0,"LONGITUD_A":0,"LONGITUD_R":0,"RESTRICCIO":"RESTITUCION DE VIA Y ANDENES","area":77.325211486100002,"MUNICIPIO":"BOGOTA D.C.","pk_ini":4322,"pk_end":4329,"cruze":"T4-2025","use":"Public","ActivityId":"P-5530","FMI":"VIA","NOTIFY":" ","DATE_NOT":null,"USO":" ","VERE":" ","PROPIETARI":"INSTITUTO DE DESARROLLO URBANO","SECTOR":"URBANO","OBS":" ","Shape_Leng":37.792082734099999,"Shape_Area":77.324607619600002,"Color":3}},{"type":"Feature","id":62,"geometry":{"type":"Polygon","coordinates":[[[-74.103317201449144,4.6380577349606114],[-74.103219808090799,4.6381539218302077],[-74.103341511806249,4.6382844527288327],[-74.103349764896549,4.6383194546497934],[-74.103338226507319,4.6383518944803388],[-74.103319620157066,4.6383738789368358],[-74.103381124403754,4.6384601569029087],[-74.103408667411287,4.6384846066268519],[-74.103430938075078,4.638458288580054],[-74.103485037261109,4.6384340601270448],[-74.103583166779956,4.638530072528269],[-74.103684129103499,4.6384345465278853],[-74.103497152936285,4.6382425340576745],[-74.103317201449144,4.6380577349606114]]]},"properties":{"PARCEL_ID":"I20","EFR_ENTRG":"DELIVERED","RefName":"I20","ACT":-15,"DATE_DEL":1762992000000,"dateMax":1762992000000,"ACTA_No":1,"FID":62,"dateDel":1757894400000,"days":180,"TYPE":"SECONDARY","zoom":500,"Norder":20,"EMPRESAS_D":" ","UNIDAD_DE_":3,"PK_DE_REFE":"4+540 - 4+600","TIPO_DE_ES":"INTERSECTIONS","COSTADO":"NORTE","ACTIVIDADE":"URBANISMO CR 56 4+540 - 4+600","ZONA_DE_IN":" ","ANCHO_PROM":0,"ANCHO_PR_1":0,"ANCHO_PR_2":0,"ANCHO_PR_3":0,"LONGITUD_A":0,"LONGITUD_R":0,"RESTRICCIO":"RESTITUCION DE VIA Y ANDENES","area":1070.13383432,"MUNICIPIO":"BOGOTA D.C.","pk_ini":4540,"pk_end":4600,"cruze":"T4-2025","use":"Public","ActivityId":"P-5540","FMI":"VIA/ANDEN","NOTIFY":" ","DATE_NOT":null,"USO":" ","VERE":" ","PROPIETARI":"INSTITUTO DE DESARROLLO URBANO","SECTOR":"URBANO","OBS":" ","Shape_Leng":160.96875578000001,"Shape_Area":1070.1294261600001,"Color":3}},{"type":"Feature","id":63,"geometry":{"type":"Polygon","coordinates":[[[-74.107619536496969,4.6426580197578744],[-74.107705186232792,4.642745148160202],[-74.107689290606572,4.6427608802146603],[-74.107729794656166,4.642802086072062],[-74.107737504550542,4.6427944994863672],[-74.107781028392964,4.6427438535552321],[-74.107748221365412,4.6427102634684232],[-74.107658217464163,4.6426181063902261],[-74.107619536496969,4.6426580197578744]]]},"properties":{"PARCEL_ID":"I21","EFR_ENTRG":"DELIVERED","RefName":"I21","ACT":-15,"DATE_DEL":1762992000000,"dateMax":1762992000000,"ACTA_No":1,"FID":63,"dateDel":1757894400000,"days":180,"TYPE":"SECONDARY","zoom":500,"Norder":21,"EMPRESAS_D":" ","UNIDAD_DE_":3,"PK_DE_REFE":"5+255 - 5+260","TIPO_DE_ES":"INTERSECTIONS","COSTADO":"NORTE","ACTIVIDADE":"URBANISMO CR 63 5+255 - 5+260","ZONA_DE_IN":" ","ANCHO_PROM":0,"ANCHO_PR_1":0,"ANCHO_PR_2":0,"ANCHO_PR_3":0,"LONGITUD_A":0,"LONGITUD_R":0,"RESTRICCIO":"RESTITUCION DE VIA Y ANDENES","area":136.960249726,"MUNICIPIO":"BOGOTA D.C.","pk_ini":5255,"pk_end":5260,"cruze":"T4-2025","use":"Public","ActivityId":"P-5550","FMI":"VIA","NOTIFY":" ","DATE_NOT":null,"USO":" ","VERE":" ","PROPIETARI":"INSTITUTO DE DESARROLLO URBANO","SECTOR":"URBANO","OBS":" ","Shape_Leng":56.629177733500001,"Shape_Area":136.11573870300001,"Color":3}},{"type":"Feature","id":64,"geometry":{"type":"Polygon","coordinates":[[[-74.114390241757263,4.6496396257401829],[-74.114410477439705,4.6496504284673801],[-74.11444997259396,4.6495481091898574],[-74.11430111171812,4.6493829746702975],[-74.114297537115831,4.6494485987977674],[-74.114323634107393,4.6494500298608266],[-74.114306428225447,4.6495386983182572],[-74.114341105427599,4.6496133979063439],[-74.114390241757263,4.6496396257401829]]]},"properties":{"PARCEL_ID":"I23","EFR_ENTRG":"DELIVERED","RefName":"I23","ACT":-15,"DATE_DEL":1762992000000,"dateMax":1762992000000,"ACTA_No":1,"FID":64,"dateDel":1757894400000,"days":180,"TYPE":"SECONDARY","zoom":500,"Norder":23,"EMPRESAS_D":" ","UNIDAD_DE_":4,"PK_DE_REFE":"6+285 - 6+310","TIPO_DE_ES":"INTERSECTIONS","COSTADO":"NORTE","ACTIVIDADE":"URBANISMO CR 68D 6+285 - 6+310","ZONA_DE_IN":" ","ANCHO_PROM":0,"ANCHO_PR_1":0,"ANCHO_PR_2":0,"ANCHO_PR_3":0,"LONGITUD_A":0,"LONGITUD_R":0,"RESTRICCIO":"RESTITUCION DE VIA Y ANDENES","area":244.32521818000001,"MUNICIPIO":"BOGOTA D.C.","pk_ini":6285,"pk_end":6310,"cruze":"T4-2025","use":"Public","ActivityId":"P-5570","FMI":"VIA","NOTIFY":" ","DATE_NOT":null,"USO":" ","VERE":" ","PROPIETARI":"INSTITUTO DE DESARROLLO URBANO","SECTOR":"URBANO","OBS":" ","Shape_Leng":74.744146236700004,"Shape_Area":244.332107288,"Color":3}},{"type":"Feature","id":65,"geometry":{"type":"Polygon","coordinates":[[[-74.114139984275454,4.6488247020892075],[-74.114286521782915,4.6489770208917953],[-74.114374203594721,4.6489419037745687],[-74.114201739067241,4.6487633902992407],[-74.114139984275454,4.6488247020892075]]]},"properties":{"PARCEL_ID":"I22","EFR_ENTRG":"DELIVERED","RefName":"I22","ACT":-15,"DATE_DEL":1762992000000,"dateMax":1762992000000,"ACTA_No":1,"FID":65,"dateDel":1757894400000,"days":180,"TYPE":"SECONDARY","zoom":500,"Norder":22,"EMPRESAS_D":" ","UNIDAD_DE_":4,"PK_DE_REFE":"6+230 - 6+260","TIPO_DE_ES":"INTERSECTIONS","COSTADO":"SUR","ACTIVIDADE":"URBANISMO CR 68D 6+230 - 6+260","ZONA_DE_IN":" ","ANCHO_PROM":0,"ANCHO_PR_1":0,"ANCHO_PR_2":0,"ANCHO_PR_3":0,"LONGITUD_A":0,"LONGITUD_R":0,"RESTRICCIO":"RESTITUCION DE VIA Y ANDENES","area":246.005770853,"MUNICIPIO":"BOGOTA D.C.","pk_ini":6230,"pk_end":6260,"cruze":"T4-2025","use":"Public","ActivityId":"P-5560","FMI":"VIA","NOTIFY":" ","DATE_NOT":null,"USO":" ","VERE":" ","PROPIETARI":"INSTITUTO DE DESARROLLO URBANO","SECTOR":"URBANO","OBS":" ","Shape_Leng":71.018458549900004,"Shape_Area":246.00505995,"Color":3}},{"type":"Feature","id":66,"geometry":{"type":"Polygon","coordinates":[[[-74.129046021353389,4.6645761367442535],[-74.128953644456203,4.6646603238397892],[-74.128962896762729,4.6646818294398109],[-74.128965541010828,4.664705102543877],[-74.128960690318081,4.6647298429864419],[-74.128955660172906,4.6647408632651466],[-74.128971906070916,4.6647576171127652],[-74.128975161489393,4.6647575282518696],[-74.128982718555335,4.6647428091637675],[-74.128987761007963,4.6647275313969399],[-74.128990654523193,4.6647083435552839],[-74.129085361534578,4.6646159560093192],[-74.129046021353389,4.6645761367442535]]]},"properties":{"PARCEL_ID":"I24","EFR_ENTRG":"DELIVERED","RefName":"I24","ACT":-15,"DATE_DEL":1762992000000,"dateMax":1762992000000,"ACTA_No":1,"FID":66,"dateDel":1757894400000,"days":180,"TYPE":"SECONDARY","zoom":500,"Norder":24,"EMPRESAS_D":" ","UNIDAD_DE_":5,"PK_DE_REFE":"8+630 - 8+640","TIPO_DE_ES":"INTERSECTIONS","COSTADO":"NORTE","ACTIVIDADE":"URBANISMO CR 83 8+630 - 8+640","ZONA_DE_IN":" ","ANCHO_PROM":0,"ANCHO_PR_1":0,"ANCHO_PR_2":0,"ANCHO_PR_3":0,"LONGITUD_A":0,"LONGITUD_R":0,"RESTRICCIO":"RESTITUCION DE VIA Y ANDENES","area":111.734812633,"MUNICIPIO":"BOGOTA D.C.","pk_ini":8630,"pk_end":8640,"cruze":"T4-2025","use":"Public","ActivityId":"P-5580","FMI":"VIA/ANDEN","NOTIFY":" ","DATE_NOT":null,"USO":" ","VERE":" ","PROPIETARI":"INSTITUTO DE DESARROLLO URBANO","SECTOR":"URBANO","OBS":" ","Shape_Leng":52.714157306700002,"Shape_Area":111.734740547,"Color":3}},{"type":"Feature","id":67,"geometry":{"type":"Polygon","coordinates":[[[-74.129223338259578,4.6644028291543869],[-74.129222447860371,4.6644037235816285],[-74.129261516777532,4.6644438313315826],[-74.129262434214994,4.6644429350936774],[-74.129352099748729,4.6643553651377365],[-74.129311903227688,4.6643138567011713],[-74.129223338259578,4.6644028291543869]]]},"properties":{"PARCEL_ID":"I25","EFR_ENTRG":"DELIVERED","RefName":"I25","ACT":-15,"DATE_DEL":1762992000000,"dateMax":1762992000000,"ACTA_No":1,"FID":67,"dateDel":1757894400000,"days":180,"TYPE":"SECONDARY","zoom":500,"Norder":25,"EMPRESAS_D":" ","UNIDAD_DE_":5,"PK_DE_REFE":"8+630 - 8+640","TIPO_DE_ES":"INTERSECTIONS","COSTADO":"SUR","ACTIVIDADE":"URBANISMO CR 83 8+630 - 8+640","ZONA_DE_IN":" ","ANCHO_PROM":0,"ANCHO_PR_1":0,"ANCHO_PR_2":0,"ANCHO_PR_3":0,"LONGITUD_A":0,"LONGITUD_R":0,"RESTRICCIO":"RESTITUCION DE VIA Y ANDENES","area":88.430582315899997,"MUNICIPIO":"BOGOTA D.C.","pk_ini":8630,"pk_end":8640,"cruze":"T4-2025","use":"Public","ActivityId":"P-5590","FMI":"VIA","NOTIFY":" ","DATE_NOT":null,"USO":" ","VERE":" ","PROPIETARI":"INSTITUTO DE DESARROLLO URBANO","SECTOR":"URBANO","OBS":" ","Shape_Leng":40.672468490200004,"Shape_Area":88.430602277399998,"Color":3}},{"type":"Feature","id":68,"geometry":{"type":"Polygon","coordinates":[[[-74.130527168779949,4.6657386224263675],[-74.130790977362764,4.6660113637502505],[-74.130840430054533,4.6660624344624937],[-74.1309114585369,4.6659821815867604],[-74.130822077803074,4.6659025404615795],[-74.130790756153885,4.6658746331510423],[-74.130789434878821,4.6657790505029997],[-74.130713746460614,4.6656994860943577],[-74.130676765861907,4.6656620468860677],[-74.13060222591983,4.6655853888270356],[-74.130574105177857,4.6655752663095349],[-74.130553321065804,4.6655677838188936],[-74.130499915093125,4.6655485568167103],[-74.130459691400219,4.6655070737714821],[-74.130392553471125,4.6654391200096681],[-74.130273442948393,4.6654767934423882],[-74.130414841462354,4.665622476025824],[-74.130446504035959,4.6655937708709727],[-74.130555377302372,4.6657053806092366],[-74.130527168779949,4.6657386224263675]]]},"properties":{"PARCEL_ID":"I27","EFR_ENTRG":"DELIVERED","RefName":"I27","ACT":-15,"DATE_DEL":1762992000000,"dateMax":1762992000000,"ACTA_No":1,"FID":68,"dateDel":1757894400000,"days":180,"TYPE":"SECONDARY","zoom":500,"Norder":27,"EMPRESAS_D":" ","UNIDAD_DE_":5,"PK_DE_REFE":"8+810 - 8+990","TIPO_DE_ES":"INTERSECTIONS","COSTADO":"SUR","ACTIVIDADE":"URBANISMO AV CALI 8+810 - 8+990","ZONA_DE_IN":" ","ANCHO_PROM":0,"ANCHO_PR_1":0,"ANCHO_PR_2":0,"ANCHO_PR_3":0,"LONGITUD_A":0,"LONGITUD_R":0,"RESTRICCIO":"RESTITUCION DE VIA Y ANDENES","area":1174.4748653700001,"MUNICIPIO":"BOGOTA D.C.","pk_ini":8810,"pk_end":8990,"cruze":"T4-2025","use":"Public","ActivityId":"P-5610","FMI":"VIA","NOTIFY":" ","DATE_NOT":null,"USO":" ","VERE":" ","PROPIETARI":"INSTITUTO DE DESARROLLO URBANO","SECTOR":"URBANO","OBS":" ","Shape_Leng":212.30477082600001,"Shape_Area":1174.49072039,"Color":3}},{"type":"Feature","id":69,"geometry":{"type":"Polygon","coordinates":[[[-74.130571653313382,4.666338436371583],[-74.130642893473407,4.6663996002509824],[-74.130796277217911,4.6664936476091414],[-74.131220861191395,4.6669276383369871],[-74.131279211326756,4.6668705430353574],[-74.131206073694784,4.6667952974684566],[-74.13067583506168,4.6662041159952885],[-74.130672512659132,4.6662004456567381],[-74.130626325037696,4.6662416096814727],[-74.130322200432246,4.6659346459492594],[-74.130131530939963,4.6657329550482629],[-74.130067990002729,4.6657857551771782],[-74.13006700951486,4.6657871894846696],[-74.130066272383431,4.665788763037539],[-74.13006580023621,4.6657904360445617],[-74.130065602082666,4.66579216328961],[-74.130065685129722,4.6657938995566841],[-74.130066047571546,4.6657956014391182],[-74.130066676786583,4.6657972201051354],[-74.130081824275763,4.6658288191449522],[-74.130081800843925,4.6658288390415024],[-74.130103658779589,4.6658537276053655],[-74.130161246336726,4.6659162960458405],[-74.130165161825417,4.6659205921242473],[-74.130169075511432,4.6659248863941309],[-74.130176385573151,4.6659338149928349],[-74.130178651602264,4.6659365838170013],[-74.13018615665456,4.6659497174378393],[-74.130191379740765,4.6659639183144828],[-74.130194178429122,4.6659787957961898],[-74.130190851271976,4.6659838384728971],[-74.130182052971833,4.6659840344638912],[-74.130181969050852,4.6659947613836046],[-74.130190242819637,4.6659947616670276],[-74.130200593567466,4.6660004661756451],[-74.130221420456266,4.6659771605689864],[-74.130241327721791,4.6659979563722791],[-74.130269487770164,4.6660273705238495],[-74.130571653313382,4.666338436371583]]]},"properties":{"PARCEL_ID":"I26","EFR_ENTRG":"DELIVERED","RefName":"I26","ACT":-15,"DATE_DEL":1762992000000,"dateMax":1762992000000,"ACTA_No":1,"FID":69,"dateDel":1757894400000,"days":180,"TYPE":"SECONDARY","zoom":500,"Norder":26,"EMPRESAS_D":" ","UNIDAD_DE_":5,"PK_DE_REFE":"8+800 - 8+890","TIPO_DE_ES":"INTERSECTIONS","COSTADO":"NORTE","ACTIVIDADE":"URBANISMO AV CALI 8+800 - 8+890","ZONA_DE_IN":" ","ANCHO_PROM":0,"ANCHO_PR_1":0,"ANCHO_PR_2":0,"ANCHO_PR_3":0,"LONGITUD_A":0,"LONGITUD_R":0,"RESTRICCIO":"RESTITUCION DE VIA Y ANDENES","area":2143.44733473,"MUNICIPIO":"BOGOTA D.C.","pk_ini":8800,"pk_end":8890,"cruze":"T4-2025","use":"Public","ActivityId":"P-5600","FMI":"VIA","NOTIFY":" ","DATE_NOT":null,"USO":" ","VERE":" ","PROPIETARI":"INSTITUTO DE DESARROLLO URBANO","SECTOR":"URBANO","OBS":" ","Shape_Leng":391.92076132199998,"Shape_Area":2122.95019688,"Color":3}},{"type":"Feature","id":70,"geometry":{"type":"Polygon","coordinates":[[[-74.295896676766759,4.7568368661290688],[-74.29591659798173,4.7568611240027199],[-74.295919222997185,4.7568616295785091],[-74.295929663815741,4.7568529992404374],[-74.295933163926591,4.7568501459665571],[-74.29593671273031,4.7568473487438565],[-74.295940312029657,4.7568446075717574],[-74.295943961825188,4.7568419242588451],[-74.295946786158652,4.7568399194331308],[-74.295947662116944,4.7568392988051542],[-74.295951285835585,4.7568368171595026],[-74.295952187941097,4.756836218226427],[-74.295976265963688,4.7568219705688],[-74.296001620224757,4.75681016140393],[-74.296002060949377,4.7568099822126078],[-74.296002309696149,4.7568098627660209],[-74.296007697573714,4.7568078046773161],[-74.296010412255072,4.7568068090854867],[-74.29601310351218,4.7568058514817082],[-74.296016802430572,4.7568045897132434],[-74.296018460826147,4.7568040592669627],[-74.296020122837547,4.7568035613743653],[-74.296021157543464,4.756803266244102],[-74.296023874115377,4.7568025491761849],[-74.296026612344647,4.7568019080626041],[-74.296029372231857,4.7568013447120094],[-74.296032160988148,4.756800859122075],[-74.29603487856177,4.756800460367562],[-74.296036757899742,4.7568002508778235],[-74.296053349738131,4.7567999363421265],[-74.296069781062087,4.7568022696488335],[-74.296085632706195,4.7568071939600332],[-74.296087660202517,4.7568080306988163],[-74.29608830033051,4.7568084717942831],[-74.296088378718608,4.7568083668705601],[-74.296108929021031,4.7567808913161622],[-74.296058769244297,4.756746673131703],[-74.296045705288861,4.7567435908996512],[-74.296042126606366,4.756743104617235],[-74.296040458869456,4.7567425960252514],[-74.296034450016691,4.7567420607773911],[-74.296022893816541,4.7567409657189659],[-74.296011307535494,4.7567416675150067],[-74.295999966994756,4.7567441507048569],[-74.295989142593498,4.7567483564232305],[-74.295979092097795,4.7567541824024682],[-74.295970056136369,4.7567614920168566],[-74.295969721797491,4.7567617389969374],[-74.295967805156579,4.7567637109800094],[-74.295896676766759,4.7568368661290688]]]},"properties":{"PARCEL_ID":"PRG-1320/I53","EFR_ENTRG":"DELIVERED","RefName":"I53","ACT":278,"DATE_DEL":1761177600000,"dateMax":1769817600000,"ACTA_No":1,"FID":70,"dateDel":1768435200000,"days":300,"TYPE":"SECONDARY","zoom":500,"Norder":62,"EMPRESAS_D":" ","UNIDAD_DE_":15,"PK_DE_REFE":"30+810 - 30+845","TIPO_DE_ES":"INTERSECTIONS","COSTADO":"NORTE","ACTIVIDADE":"ADECUACION VIA 30+810 - 30+845","ZONA_DE_IN":" ","ANCHO_PROM":0,"ANCHO_PR_1":0,"ANCHO_PR_2":0,"ANCHO_PR_3":0,"LONGITUD_A":0,"LONGITUD_R":0,"RESTRICCIO":"RESTITUCION DE VIA Y ANDENES","area":190.421144803,"MUNICIPIO":"MADRID","pk_ini":30810,"pk_end":30845,"cruze":"T1-2026","use":"Private","ActivityId":"P-5850","FMI":"50C-255524","NOTIFY":" ","DATE_NOT":null,"USO":" ","VERE":" ","PROPIETARI":"EL CORREDOR DE LOS PINOS S.A.S.","SECTOR":"SUBURBANO","OBS":" ","Shape_Leng":57.177351723400001,"Shape_Area":131.22433137100001,"Color":3}},{"type":"Feature","id":71,"geometry":{"type":"Polygon","coordinates":[[[-74.299696968422836,4.7589733656908431],[-74.299699684020666,4.7589752204383906],[-74.299743328795387,4.758910928690228],[-74.299739661061523,4.7589082549542292],[-74.299766625323272,4.7588686722628317],[-74.299701866437687,4.7588210636752812],[-74.299664275876964,4.7588754884559794],[-74.299729487296275,4.7589231918523174],[-74.299698448838868,4.758968756899101],[-74.299696968422836,4.7589733656908431]]]},"properties":{"PARCEL_ID":"PRG-1322/I54","EFR_ENTRG":"DELIVERED","RefName":"I54","ACT":265,"DATE_DEL":1760486400000,"dateMax":1776556800000,"ACTA_No":1,"FID":71,"dateDel":1768435200000,"days":300,"TYPE":"SECONDARY","zoom":500,"Norder":63,"EMPRESAS_D":" ","UNIDAD_DE_":16,"PK_DE_REFE":"31+289 - 31+295","TIPO_DE_ES":"INTERSECTIONS","COSTADO":"SUR","ACTIVIDADE":"ADECUACION VIA 31+289 - 31+295","ZONA_DE_IN":" ","ANCHO_PROM":0,"ANCHO_PR_1":0,"ANCHO_PR_2":0,"ANCHO_PR_3":0,"LONGITUD_A":0,"LONGITUD_R":0,"RESTRICCIO":"RESTITUCION DE VIA Y ANDENES","area":65.271144295499994,"MUNICIPIO":"MADRID","pk_ini":31289,"pk_end":31295,"cruze":"T2-2026","use":"Private","ActivityId":"P-5870","FMI":"50C-297468","NOTIFY":" ","DATE_NOT":null,"USO":" ","VERE":" ","PROPIETARI":"FIDUCIARIA COLMENA S.A. COMO VOCERA DEL FIDEICOMISO VCG","SECTOR":"SUBURBANO","OBS":" ","Shape_Leng":46.591616521299997,"Shape_Area":69.619364344499999,"Color":3}},{"type":"Feature","id":72,"geometry":{"type":"Polygon","coordinates":[[[-74.306272208866304,4.7640985897663475],[-74.306163862555508,4.7642415793046133],[-74.306206561142403,4.7642772849422172],[-74.306353003613026,4.7641595018296785],[-74.306272208866304,4.7640985897663475]]]},"properties":{"PARCEL_ID":"PRG-1325/I56","EFR_ENTRG":"DELIVERED","RefName":"I56","ACT":303,"DATE_DEL":1763078400000,"dateMax":1768435200000,"ACTA_No":1,"FID":72,"dateDel":1768435200000,"days":300,"TYPE":"SECONDARY","zoom":500,"Norder":68,"EMPRESAS_D":" ","UNIDAD_DE_":16,"PK_DE_REFE":"32+220 - 32+230","TIPO_DE_ES":"INTERSECTIONS","COSTADO":"NORTE","ACTIVIDADE":"ADECUACION VIA 32+220 - 32+230","ZONA_DE_IN":" ","ANCHO_PROM":0,"ANCHO_PR_1":0,"ANCHO_PR_2":0,"ANCHO_PR_3":0,"LONGITUD_A":0,"LONGITUD_R":0,"RESTRICCIO":"RESTITUCION DE VIA Y ANDENES","area":174.26787616999999,"MUNICIPIO":"MADRID","pk_ini":32220,"pk_end":32230,"cruze":"T1-2026","use":"Private","ActivityId":"P-5890","FMI":"50C-1190824","NOTIFY":" ","DATE_NOT":null,"USO":" ","VERE":" ","PROPIETARI":"WINSTON CAPITAL LLC","SECTOR":"SUBURBANO","OBS":" ","Shape_Leng":58.063416885700001,"Shape_Area":174.26755043200001,"Color":3}},{"type":"Feature","id":73,"geometry":{"type":"Polygon","coordinates":[[[-74.306320715945446,4.763910311094584],[-74.306455937883598,4.764011145238511],[-74.306520855477018,4.7639416951108089],[-74.30652036507847,4.7639415858538623],[-74.306575628867648,4.7638836868430374],[-74.306514130970214,4.7638271198690871],[-74.306467606768607,4.7639110597959169],[-74.306456592206317,4.7639236621661301],[-74.306442468589324,4.7639331746749356],[-74.306426832853916,4.7639385478029244],[-74.306412241161681,4.7639391368377622],[-74.306373165681805,4.763931787939911],[-74.306368334703762,4.7639306763547955],[-74.30633324049829,4.7639172193939006],[-74.306320715945446,4.763910311094584]]]},"properties":{"PARCEL_ID":"PRG-1325/I55","EFR_ENTRG":"DELIVERED","RefName":"I55","ACT":303,"DATE_DEL":1763078400000,"dateMax":1768435200000,"ACTA_No":1,"FID":73,"dateDel":1768435200000,"days":300,"TYPE":"SECONDARY","zoom":500,"Norder":67,"EMPRESAS_D":" ","UNIDAD_DE_":16,"PK_DE_REFE":"32+210 - 32+230","TIPO_DE_ES":"INTERSECTIONS","COSTADO":"SUR","ACTIVIDADE":"ADECUACION VIA 32+210 - 32+230","ZONA_DE_IN":" ","ANCHO_PROM":0,"ANCHO_PR_1":0,"ANCHO_PR_2":0,"ANCHO_PR_3":0,"LONGITUD_A":0,"LONGITUD_R":0,"RESTRICCIO":"RESTITUCION DE VIA Y ANDENES","area":168.26589351699999,"MUNICIPIO":"MADRID","pk_ini":32210,"pk_end":32230,"cruze":"T1-2026","use":"Private","ActivityId":"P-5880","FMI":"50C-1190824","NOTIFY":" ","DATE_NOT":null,"USO":" ","VERE":" ","PROPIETARI":"WINSTON CAPITAL LLC","SECTOR":"SUBURBANO","OBS":" ","Shape_Leng":75.925462836899996,"Shape_Area":168.82886130899999,"Color":3}},{"type":"Feature","id":74,"geometry":{"type":"Polygon","coordinates":[[[-74.31532434782325,4.7715797695228011],[-74.315365360554466,4.7716252732010052],[-74.315378819253041,4.7716402057474969],[-74.315738103491483,4.7713391485940226],[-74.315706805655481,4.7713000358653845],[-74.31532434782325,4.7715797695228011]]]},"properties":{"PARCEL_ID":"PRG-1330/I57","EFR_ENTRG":"DELIVERED","RefName":"I57","ACT":294,"DATE_DEL":1761696000000,"dateMax":1768435200000,"ACTA_No":1,"FID":74,"dateDel":1768435200000,"days":300,"TYPE":"SECONDARY","zoom":500,"Norder":72,"EMPRESAS_D":" ","UNIDAD_DE_":16,"PK_DE_REFE":"33+530 - 33+530","TIPO_DE_ES":"INTERSECTIONS","COSTADO":"SUR","ACTIVIDADE":"ADECUACION ENTRADA 33+530","ZONA_DE_IN":" ","ANCHO_PROM":0,"ANCHO_PR_1":0,"ANCHO_PR_2":0,"ANCHO_PR_3":0,"LONGITUD_A":0,"LONGITUD_R":0,"RESTRICCIO":"RESTITUCION DE VIA Y ANDENES","area":300.11668639099997,"MUNICIPIO":"MADRID","pk_ini":33530,"pk_end":33530,"cruze":"T1-2026","use":"Private","ActivityId":"P-5900","FMI":"50C-1177936","NOTIFY":" ","DATE_NOT":null,"USO":" ","VERE":" ","PROPIETARI":"AGROPECUARIA SAN DIEGO S.A EN LIQUIDACI N","SECTOR":"SUBURBANO","OBS":" ","Shape_Leng":118.997316239,"Shape_Area":379.23834177700002,"Color":3}},{"type":"Feature","id":75,"geometry":{"type":"Polygon","coordinates":[[[-74.352229561940803,4.8058473943080742],[-74.352239870968248,4.8058564213520416],[-74.352301487671127,4.805767837964102],[-74.352337384948044,4.8057263687835938],[-74.352270069802557,4.8056632326901649],[-74.352155417571154,4.8057824749721556],[-74.352175302483431,4.805799885499435],[-74.352212706068769,4.8058326357647632],[-74.352229561940803,4.8058473943080742]]]},"properties":{"PARCEL_ID":"I64","EFR_ENTRG":"DELIVERED","RefName":"I64","ACT":-9,"DATE_DEL":1769644800000,"dateMax":1768953600000,"ACTA_No":1,"FID":75,"dateDel":1757894400000,"days":180,"TYPE":"SECONDARY","zoom":500,"Norder":79,"EMPRESAS_D":" ","UNIDAD_DE_":18,"PK_DE_REFE":"39+225 - 39+240","TIPO_DE_ES":"INTERSECTIONS","COSTADO":"SUR","ACTIVIDADE":"ESPACIO PUBLICO URBANISMO 39+225 - 39+240","ZONA_DE_IN":" ","ANCHO_PROM":0,"ANCHO_PR_1":0,"ANCHO_PR_2":0,"ANCHO_PR_3":0,"LONGITUD_A":0,"LONGITUD_R":0,"RESTRICCIO":"RESTITUCION DE VIA Y ANDENES","area":201.39714571499999,"MUNICIPIO":"FACATATIVA","pk_ini":39225,"pk_end":39240,"cruze":"T1-2026","use":"Public","ActivityId":"P-5970","FMI":"N/A","NOTIFY":" ","DATE_NOT":null,"USO":" ","VERE":"PORTOFINO","PROPIETARI":"FACATATIVA","SECTOR":"SUBURBANO","OBS":" ","Shape_Leng":58.997020597000002,"Shape_Area":201.396835404,"Color":3}},{"type":"Feature","id":76,"geometry":{"type":"Polygon","coordinates":[[[-74.351881779975287,4.8059206954855407],[-74.3520090608787,4.8060271015220675],[-74.35201020126425,4.8060880451490027],[-74.352075062948785,4.806142857310828],[-74.352135573496525,4.8061035195971025],[-74.352196084037146,4.8060641818783596],[-74.352127233066895,4.8060062352385744],[-74.352095852103176,4.805975782166489],[-74.3519423038924,4.8058516987020123],[-74.351881779975287,4.8059206954855407]]]},"properties":{"PARCEL_ID":"I63","EFR_ENTRG":"DELIVERED","RefName":"I63","ACT":-6,"DATE_DEL":1753660800000,"dateMax":1768953600000,"ACTA_No":1,"FID":76,"dateDel":1753574400000,"days":180,"TYPE":"SECONDARY","zoom":500,"Norder":78,"EMPRESAS_D":" ","UNIDAD_DE_":18,"PK_DE_REFE":"39+215 - 39+250","TIPO_DE_ES":"INTERSECTIONS","COSTADO":"NORTE","ACTIVIDADE":"ESPACIO PUBLICO URBANISMO 39+215 - 39+950","ZONA_DE_IN":" ","ANCHO_PROM":0,"ANCHO_PR_1":0,"ANCHO_PR_2":0,"ANCHO_PR_3":0,"LONGITUD_A":0,"LONGITUD_R":0,"RESTRICCIO":"RESTITUCION DE VIA Y ANDENES","area":428.00375514299998,"MUNICIPIO":"FACATATIVA","pk_ini":39215,"pk_end":39250,"cruze":"T1-2026","use":"Public","ActivityId":"P-5960","FMI":"N/A","NOTIFY":" ","DATE_NOT":null,"USO":" ","VERE":"PORTOFINO","PROPIETARI":"FACATATIVA","SECTOR":"SUBURBANO","OBS":" ","Shape_Leng":97.375475652899993,"Shape_Area":426.294306388,"Color":3}},{"type":"Feature","id":77,"geometry":{"type":"Polygon","coordinates":[[[-74.201664364527076,4.6982750807834401],[-74.201664430654589,4.6982616671942088],[-74.201666983533485,4.6982329984167146],[-74.201671295356917,4.6982120611460667],[-74.201677453253467,4.6981920676425446],[-74.201602595731515,4.6981763858275443],[-74.201592672372968,4.6982080527882406],[-74.201380268684247,4.6982076872374394],[-74.201361811633177,4.6981680222094679],[-74.201292488421458,4.6982045088172981],[-74.201265175766011,4.6982203553064643],[-74.201275228708724,4.6982385445506436],[-74.201285865161537,4.6982638542000759],[-74.201288183425135,4.6982948823516049],[-74.201288944756698,4.698298375552266],[-74.20145175050115,4.698288273558993],[-74.201664364527076,4.6982750807834401]]]},"properties":{"PARCEL_ID":"I65","EFR_ENTRG":"DELIVERED","RefName":"I65","ACT":999,"DATE_DEL":1773792000000,"dateMax":1769731200000,"ACTA_No":2,"FID":77,"dateDel":1769731200000,"days":0,"TYPE":"SECONDARY","zoom":500,"Norder":0,"EMPRESAS_D":"AREAS SECUNDARIAS","UNIDAD_DE_":11,"PK_DE_REFE":"PK18+145 - PK18+195","TIPO_DE_ES":"A DEFINIR POR LA EFR","COSTADO":"SUR","ACTIVIDADE":"*CONSTRUCCION DE URBANISMO Y PAVIMENTOS","ZONA_DE_IN":" ","ANCHO_PROM":0,"ANCHO_PR_1":0,"ANCHO_PR_2":0,"ANCHO_PR_3":8.6999999999999993,"LONGITUD_A":0,"LONGITUD_R":50,"RESTRICCIO":"RESTITUCIÓN DE ZONAS DURAS Y ANDEN","area":0,"MUNICIPIO":"FUNZA","pk_ini":18145,"pk_end":18195,"cruze":"T1-2026","use":"Public","ActivityId":" ","FMI":"N/A","NOTIFY":" ","DATE_NOT":null,"USO":" ","VERE":" ","PROPIETARI":"INVIAS","SECTOR":"SUBURBANO","OBS":" ","Shape_Leng":112.99732149099999,"Shape_Area":421.01825357799999,"Color":3}},{"type":"Feature","id":78,"geometry":{"type":"Polygon","coordinates":[[[-74.204402600490553,4.6979432146689133],[-74.204417610320945,4.6979688607782411],[-74.204428259942276,4.6979966165233265],[-74.204439367002593,4.698041913015282],[-74.204517830847323,4.6980332200984627],[-74.204496940856075,4.6979680713437624],[-74.204500343388247,4.6979533757458087],[-74.204505923636432,4.6979393679283143],[-74.204513554572117,4.6979263680388383],[-74.204498930736236,4.6978920387116938],[-74.204387194396062,4.6978943867378131],[-74.204402600490553,4.6979432146689133]]]},"properties":{"PARCEL_ID":"PRG-1356/I66","EFR_ENTRG":"DELIVERED","RefName":"I66","ACT":327,"DATE_DEL":1767312000000,"dateMax":1769731200000,"ACTA_No":2,"FID":78,"dateDel":1769731200000,"days":0,"TYPE":"SECONDARY","zoom":500,"Norder":0,"EMPRESAS_D":"AREAS SECUNDARIAS","UNIDAD_DE_":11,"PK_DE_REFE":"PK18+470 - PK18+520","TIPO_DE_ES":"A DEFINIR POR LA EFR","COSTADO":"SUR","ACTIVIDADE":"*CONSTRUCCION DE URBANISMO Y PAVIMENTOS","ZONA_DE_IN":" ","ANCHO_PROM":0,"ANCHO_PR_1":0,"ANCHO_PR_2":0,"ANCHO_PR_3":19.300000000000001,"LONGITUD_A":0,"LONGITUD_R":50,"RESTRICCIO":"RESTITUCIÓN DE ZONAS DURAS Y ANDEN","area":0,"MUNICIPIO":"MOSQUERA","pk_ini":18470,"pk_end":18520,"cruze":"T1-2026-1","use":"Private","ActivityId":" ","FMI":"50C-1598183","NOTIFY":" ","DATE_NOT":null,"USO":" ","VERE":" ","PROPIETARI":"SOCIEDAD INVERSIONES COMPOSTELA S.A.","SECTOR":"SUBURBANO","OBS":" ","Shape_Leng":55.258728906199998,"Shape_Area":164.01137832200001,"Color":3}},{"type":"Feature","id":79,"geometry":{"type":"Polygon","coordinates":[[[-74.204478396244781,4.6982823374550859],[-74.204378763491405,4.6982885790289162],[-74.204416307584324,4.6983209554062055],[-74.204458630819019,4.6983352321239344],[-74.204493291327609,4.6983213248146622],[-74.204478396244781,4.6982823374550859]]]},"properties":{"PARCEL_ID":"PRG-1357/I67","EFR_ENTRG":"DELIVERED","RefName":"I67","ACT":399,"DATE_DEL":1780444800000,"dateMax":1769731200000,"ACTA_No":2,"FID":79,"dateDel":1769731200000,"days":0,"TYPE":"SECONDARY","zoom":500,"Norder":0,"EMPRESAS_D":"AREAS SECUNDARIAS","UNIDAD_DE_":11,"PK_DE_REFE":"PK18+490 - PK18+515","TIPO_DE_ES":"A DEFINIR POR LA EFR","COSTADO":"SUR","ACTIVIDADE":"*CONSTRUCCION DE URBANISMO Y PAVIMENTOS","ZONA_DE_IN":" ","ANCHO_PROM":0,"ANCHO_PR_1":0,"ANCHO_PR_2":0,"ANCHO_PR_3":11.300000000000001,"LONGITUD_A":0,"LONGITUD_R":25,"RESTRICCIO":"RESTITUCIÓN DE ZONAS DURAS Y ANDEN","area":0,"MUNICIPIO":"MOSQUERA","pk_ini":18490,"pk_end":18515,"cruze":"T1-2026","use":"Public","ActivityId":" ","FMI":"50C-1714586","NOTIFY":" ","DATE_NOT":null,"USO":" ","VERE":" ","PROPIETARI":"BANCOLOMBIA S.A\r\n","SECTOR":"SUBURBANO","OBS":" ","Shape_Leng":30.2810402669,"Shape_Area":46.250050860499996,"Color":1}},{"type":"Feature","id":80,"geometry":{"type":"Polygon","coordinates":[[[-74.226988442369105,4.7055082982184055],[-74.227064579454762,4.705567154853604],[-74.227093080537585,4.7055297466625348],[-74.2270762303814,4.7055180503810758],[-74.227099297253005,4.7054844396309887],[-74.227046581127979,4.7054462259716994],[-74.227021308286453,4.7054821196604966],[-74.227005917553839,4.7054712116180326],[-74.226998812732475,4.7054813594493243],[-74.227005691073543,4.7054869556220753],[-74.22700564962318,4.7054870062720742],[-74.226988442369105,4.7055082982184055]]]},"properties":{"PARCEL_ID":"I68","EFR_ENTRG":"DELIVERED","RefName":"I68","ACT":-19,"DATE_DEL":1768780800000,"dateMax":1768608000000,"ACTA_No":3,"FID":80,"dateDel":1768608000000,"days":0,"TYPE":"SECONDARY","zoom":300,"Norder":0,"EMPRESAS_D":"AREAS SECUNDARIAS","UNIDAD_DE_":12,"PK_DE_REFE":"PK21+280 - PK21+295","TIPO_DE_ES":"A DEFINIR POR LA EFR","COSTADO":"SUR","ACTIVIDADE":"*CONSTRUCCION DE URBANISMO Y PAVAMIENTOS","ZONA_DE_IN":" ","ANCHO_PROM":0,"ANCHO_PR_1":0,"ANCHO_PR_2":0,"ANCHO_PR_3":9.5,"LONGITUD_A":0,"LONGITUD_R":15,"RESTRICCIO":"RESTITUCIÓN DE ZONAS DURAS Y ANDEN","area":0,"MUNICIPIO":"MOSQUERA","pk_ini":21280,"pk_end":21295,"cruze":"T1-2026","use":"Public","ActivityId":" ","FMI":"N/A","NOTIFY":" ","DATE_NOT":null,"USO":" ","VERE":" ","PROPIETARI":"MOSQUERA","SECTOR":"SUBURBANO","OBS":" ","Shape_Leng":42.214724160499998,"Shape_Area":86.763238057999999,"Color":3}},{"type":"Feature","id":81,"geometry":{"type":"Polygon","coordinates":[[[-74.229455815445576,4.7072769900964104],[-74.229478227158282,4.7072940214072396],[-74.229532895847996,4.707348893554645],[-74.229554085970165,4.7073230673955795],[-74.229568398942874,4.7073056202216614],[-74.229487509775865,4.7072390846501877],[-74.229473934082208,4.7072564864462452],[-74.229455815445576,4.7072769900964104]]]},"properties":{"PARCEL_ID":"I69","EFR_ENTRG":"DELIVERED","RefName":"I69","ACT":-19,"DATE_DEL":1768780800000,"dateMax":1768608000000,"ACTA_No":3,"FID":81,"dateDel":1768608000000,"days":0,"TYPE":"SECONDARY","zoom":300,"Norder":0,"EMPRESAS_D":"AREAS SECUNDARIAS","UNIDAD_DE_":12,"PK_DE_REFE":"PK21+620 - PK21+635","TIPO_DE_ES":"A DEFINIR POR LA EFR","COSTADO":"SUR","ACTIVIDADE":"*CONSTRUCCION DE URBANISMO Y PAVAMIENTOS","ZONA_DE_IN":" ","ANCHO_PROM":0,"ANCHO_PR_1":0,"ANCHO_PR_2":0,"ANCHO_PR_3":5.5,"LONGITUD_A":0,"LONGITUD_R":15,"RESTRICCIO":"RESTITUCIÓN DE ZONAS DURAS Y ANDEN","area":0,"MUNICIPIO":"MOSQUERA","pk_ini":21620,"pk_end":21635,"cruze":"T1-2026","use":"Public","ActivityId":" ","FMI":"N/A","NOTIFY":" ","DATE_NOT":null,"USO":" ","VERE":" ","PROPIETARI":"MOSQUERA","SECTOR":"SUBURBANO","OBS":" ","Shape_Leng":34.975416179200003,"Shape_Area":65.807558144799998,"Color":3}},{"type":"Feature","id":82,"geometry":{"type":"Polygon","coordinates":[[[-74.230799148852412,4.7082808494145683],[-74.230731765769093,4.7082259078294975],[-74.230753697451135,4.7081949685308784],[-74.230735406510675,4.7081817642793942],[-74.230708870307595,4.7082186115121925],[-74.230706951770117,4.7082204449610519],[-74.23070537129847,4.7082225794690569],[-74.23070417394527,4.7082249508206333],[-74.230703394847879,4.7082274920894758],[-74.230703055622072,4.7082301291177799],[-74.230703167968372,4.7082327850370724],[-74.230703727363505,4.7082353838867101],[-74.23070471756705,4.7082378506129441],[-74.230706109720344,4.7082401119734021],[-74.230707864150844,4.7082421046754934],[-74.230709930371077,4.70824376995047],[-74.23071224707985,4.7082450598836703],[-74.230715481625452,4.7082476273978324],[-74.230664558414659,4.7082820564612495],[-74.230719842671306,4.7083235934901211],[-74.230769333049977,4.7082904795979239],[-74.230782896884165,4.7083013192277203],[-74.230799148852412,4.7082808494145683]]]},"properties":{"PARCEL_ID":"I70","EFR_ENTRG":"DELIVERED","RefName":"I70","ACT":-19,"DATE_DEL":1768780800000,"dateMax":1768608000000,"ACTA_No":3,"FID":82,"dateDel":1768608000000,"days":0,"TYPE":"SECONDARY","zoom":300,"Norder":0,"EMPRESAS_D":"AREAS SECUNDARIAS","UNIDAD_DE_":12,"PK_DE_REFE":"PK21+790 - PK21+805","TIPO_DE_ES":"A DEFINIR POR LA EFR","COSTADO":"SUR","ACTIVIDADE":"*CONSTRUCCION DE URBANISMO Y PAVAMIENTOS","ZONA_DE_IN":" ","ANCHO_PROM":0,"ANCHO_PR_1":0,"ANCHO_PR_2":0,"ANCHO_PR_3":9.25,"LONGITUD_A":0,"LONGITUD_R":15,"RESTRICCIO":"RESTITUCIÓN DE ZONAS DURAS Y ANDEN","area":0,"MUNICIPIO":"MOSQUERA","pk_ini":21790,"pk_end":21805,"cruze":"T1-2026","use":"Public","ActivityId":" ","FMI":"N/A","NOTIFY":" ","DATE_NOT":null,"USO":" ","VERE":" ","PROPIETARI":"MOSQUERA","SECTOR":"SUBURBANO","OBS":" ","Shape_Leng":51.237723852599999,"Shape_Area":94.439049266599994,"Color":3}},{"type":"Feature","id":83,"geometry":{"type":"Polygon","coordinates":[[[-74.335455877968656,4.7866334505708616],[-74.335446000564986,4.7866418931942807],[-74.3354568010257,4.7866550972880511],[-74.335474367311278,4.7866554569078676],[-74.335753556746553,4.787024873651764],[-74.335784536756492,4.7870841033692075],[-74.335814081471312,4.7870586109348174],[-74.335474564199856,4.7866372081172823],[-74.335470840370832,4.7866323272205005],[-74.335455877968656,4.7866334505708616]]]},"properties":{"PARCEL_ID":"I73","EFR_ENTRG":"DELIVERED","RefName":"I73","ACT":-16,"DATE_DEL":1768521600000,"dateMax":1768608000000,"ACTA_No":4,"FID":83,"dateDel":null,"days":0,"TYPE":"SECONDARY","zoom":0,"Norder":0,"EMPRESAS_D":"AREAS SECUNDARIAS","UNIDAD_DE_":0,"PK_DE_REFE":"PK36+350 - PK36+415","TIPO_DE_ES":"A DEFINIR POR LA EFR","COSTADO":"NORTE","ACTIVIDADE":"CONSTRUCCION DE URBANISMO","ZONA_DE_IN":"ZONAS DURAS Y ANDEN","ANCHO_PROM":0,"ANCHO_PR_1":0,"ANCHO_PR_2":0,"ANCHO_PR_3":1.8,"LONGITUD_A":0,"LONGITUD_R":0,"RESTRICCIO":"RESTITUCIÓN DE ZONAS DURAS Y ANDEN","area":97.341203860600004,"MUNICIPIO":"FACATATIVA","pk_ini":36350,"pk_end":36415,"cruze":"T1-2026","use":"Public","ActivityId":" ","FMI":"N/A","NOTIFY":" ","DATE_NOT":null,"USO":" ","VERE":"CARTAGENITA","PROPIETARI":"FACATATIVA","SECTOR":"SUBURBANO","OBS":" ","Shape_Leng":130.52427999400001,"Shape_Area":139.71888745000001,"Color":3}},{"type":"Feature","id":84,"geometry":{"type":"Polygon","coordinates":[[[-74.332440818302075,4.7844591463645383],[-74.332382053614666,4.7844475290280073],[-74.332354338354904,4.784474342718986],[-74.332326627078317,4.7845241228490272],[-74.332361732968593,4.784543162426198],[-74.332440818302075,4.7844591463645383]]]},"properties":{"PARCEL_ID":"I71","EFR_ENTRG":"DELIVERED","RefName":"I71","ACT":-16,"DATE_DEL":1768521600000,"dateMax":1768608000000,"ACTA_No":4,"FID":84,"dateDel":null,"days":0,"TYPE":"SECONDARY","zoom":0,"Norder":0,"EMPRESAS_D":"AREAS SECUNDARIAS","UNIDAD_DE_":0,"PK_DE_REFE":"PK35+930 - PK35+940","TIPO_DE_ES":"A DEFINIR POR LA EFR","COSTADO":"NORTE","ACTIVIDADE":"CONSTRUCCION DE URBANISMO","ZONA_DE_IN":"ZONAS DURAS Y ANDEN","ANCHO_PROM":0,"ANCHO_PR_1":0,"ANCHO_PR_2":0,"ANCHO_PR_3":10.6,"LONGITUD_A":0,"LONGITUD_R":0,"RESTRICCIO":"RESTITUCIÓN DE ZONAS DURAS Y ANDEN","area":62.790136641099998,"MUNICIPIO":"FACATATIVA","pk_ini":35930,"pk_end":35940,"cruze":"T1-2026","use":"Public","ActivityId":" ","FMI":"N/A","NOTIFY":" ","DATE_NOT":null,"USO":" ","VERE":"CARTAGENITA","PROPIETARI":"FACATATIVA","SECTOR":"SUBURBANO","OBS":" ","Shape_Leng":34.426625687700003,"Shape_Area":62.790055833499999,"Color":3}},{"type":"Feature","id":85,"geometry":{"type":"Polygon","coordinates":[[[-74.332610988240972,4.7842777026329024],[-74.332610976539172,4.7842777478521228],[-74.332718232826522,4.784314476619361],[-74.332726749177837,4.7842868254566566],[-74.332618578487768,4.7842466878299437],[-74.332610988240972,4.7842777026329024]]]},"properties":{"PARCEL_ID":"I72","EFR_ENTRG":"DELIVERED","RefName":"I72","ACT":999,"DATE_DEL":1773792000000,"dateMax":1768608000000,"ACTA_No":4,"FID":85,"dateDel":null,"days":0,"TYPE":"SECONDARY","zoom":0,"Norder":0,"EMPRESAS_D":"AREAS SECUNDARIAS","UNIDAD_DE_":0,"PK_DE_REFE":"PK35+935 - PK35+950","TIPO_DE_ES":"A DEFINIR POR LA EFR","COSTADO":"SUR","ACTIVIDADE":"CONSTRUCCION DE URBANISMO","ZONA_DE_IN":"ZONAS DURAS Y ANDEN","ANCHO_PROM":0,"ANCHO_PR_1":0,"ANCHO_PR_2":0,"ANCHO_PR_3":3.1000000000000001,"LONGITUD_A":0,"LONGITUD_R":0,"RESTRICCIO":"RESTITUCIÓN DE ZONAS DURAS Y ANDEN","area":42.666257896799998,"MUNICIPIO":"FACATATIVA","pk_ini":35935,"pk_end":35950,"cruze":"T1-2026","use":"Public","ActivityId":" ","FMI":"N/A","NOTIFY":" ","DATE_NOT":null,"USO":" ","VERE":"CARTAGENITA","PROPIETARI":"INVIAS","SECTOR":"SUBURBANO","OBS":" ","Shape_Leng":32.104244140900001,"Shape_Area":42.589597392400002,"Color":3}},{"type":"Feature","id":86,"geometry":{"type":"Polygon","coordinates":[[[-74.347158777461573,4.8009383209675489],[-74.347198916339806,4.8010006644484227],[-74.347258444941687,4.8010619539917005],[-74.34728191369669,4.8010861165439804],[-74.347309946955704,4.8010587152422035],[-74.347341415210394,4.8010279576433144],[-74.347336713404715,4.8010283212208229],[-74.34732587912616,4.8010288689865117],[-74.347315084769647,4.8010277799606396],[-74.347304575538402,4.8010250784622759],[-74.347294589439045,4.8010208267937005],[-74.347285351871065,4.8010151207212672],[-74.347277072021029,4.8010080894765519],[-74.347269937452069,4.8009998912372769],[-74.34712313073301,4.8008030912656752],[-74.347108825736981,4.8008124419112139],[-74.347158777461573,4.8009383209675489]]]},"properties":{"PARCEL_ID":"PRG-1389/I74","EFR_ENTRG":"DELIVERED","RefName":"I74","ACT":358,"DATE_DEL":1771891200000,"dateMax":1768608000000,"ACTA_No":4,"FID":86,"dateDel":null,"days":0,"TYPE":"SECONDARY","zoom":0,"Norder":0,"EMPRESAS_D":"AREAS SECUNDARIAS","UNIDAD_DE_":0,"PK_DE_REFE":"PK 38+425 - 38+470","TIPO_DE_ES":"A DEFINIR POR LA EFR","COSTADO":"SUR","ACTIVIDADE":"Construccion de Urbanismo","ZONA_DE_IN":"ZONAS DURAS Y ANDEN","ANCHO_PROM":0,"ANCHO_PR_1":0,"ANCHO_PR_2":0,"ANCHO_PR_3":0,"LONGITUD_A":0,"LONGITUD_R":0,"RESTRICCIO":" ","area":236.28832344899999,"MUNICIPIO":"FACATATIVA","pk_ini":38425,"pk_end":38470,"cruze":"T1-2026","use":"Private","ActivityId":" ","FMI":"156-40692","NOTIFY":" ","DATE_NOT":null,"USO":" ","VERE":"MIRADOR MANABLANCA","PROPIETARI":"PEDRO VICENTE NAVARRETE GUTIERREZ Y OTROS","SECTOR":"SUBURBANO","OBS":" ","Shape_Leng":83.621758613500006,"Shape_Area":186.608808254,"Color":3}},{"type":"Feature","id":87,"geometry":{"type":"Polygon","coordinates":[[[-74.347324733288474,4.8014025814782846],[-74.347315103133568,4.801409491393966],[-74.34731503914891,4.8014095375383441],[-74.347463887778801,4.8016153542855422],[-74.347479476655494,4.8016042397471566],[-74.347330943413098,4.8013981244610608],[-74.347324733288474,4.8014025814782846]]]},"properties":{"PARCEL_ID":"I75","EFR_ENTRG":"DELIVERED","RefName":"I75","ACT":-23,"DATE_DEL":1772668800000,"dateMax":1768608000000,"ACTA_No":4,"FID":87,"dateDel":null,"days":0,"TYPE":"SECONDARY","zoom":0,"Norder":0,"EMPRESAS_D":"AREAS SECUNDARIAS","UNIDAD_DE_":0,"PK_DE_REFE":"PK 38+503 - 38+532","TIPO_DE_ES":"A DEFINIR POR LA EFR","COSTADO":"NORTE","ACTIVIDADE":"Construccion de Urbanismo","ZONA_DE_IN":"ZONA VERDE","ANCHO_PROM":0,"ANCHO_PR_1":0,"ANCHO_PR_2":0,"ANCHO_PR_3":0,"LONGITUD_A":0,"LONGITUD_R":0,"RESTRICCIO":" ","area":60.332069032100001,"MUNICIPIO":"FACATATIVA","pk_ini":38503,"pk_end":38532,"cruze":"T1-2026","use":"Public","ActivityId":" ","FMI":"N/A","NOTIFY":" ","DATE_NOT":null,"USO":" ","VERE":"MIRADOR MANABLANCA","PROPIETARI":"FACATATIVA","SECTOR":"SUBURBANO","OBS":" ","Shape_Leng":60.534582077700001,"Shape_Area":60.331568012300004,"Color":3}},{"type":"Feature","id":88,"geometry":{"type":"Polygon","coordinates":[[[-74.167832688355361,4.6983795902619914],[-74.168007860630354,4.6984790422665528],[-74.1680321228568,4.6984543352464021],[-74.167933204373725,4.6983975358735064],[-74.167944960684366,4.6983793324486562],[-74.167861300135556,4.698325073998233],[-74.167832688355361,4.6983795902619914]]]},"properties":{"PARCEL_ID":"I78-Act5","EFR_ENTRG":"DELIVERED","RefName":"I78-Act5","ACT":-24,"DATE_DEL":1774828800000,"dateMax":1773619200000,"ACTA_No":5,"FID":88,"dateDel":null,"days":0,"TYPE":"SECONDARY","zoom":0,"Norder":0,"EMPRESAS_D":" ","UNIDAD_DE_":0,"PK_DE_REFE":"14+375 - 14+395","TIPO_DE_ES":" ","COSTADO":"SUR","ACTIVIDADE":"OBRA SECUNDARIA","ZONA_DE_IN":" ","ANCHO_PROM":0,"ANCHO_PR_1":0,"ANCHO_PR_2":0,"ANCHO_PR_3":0,"LONGITUD_A":0,"LONGITUD_R":0,"RESTRICCIO":"RESTITUCIÓN DE VIA","area":115.743686238,"MUNICIPIO":"BOGOTA D.C.","pk_ini":14379,"pk_end":14402,"cruze":"T1-2026","use":"Public","ActivityId":" ","FMI":"VIA","NOTIFY":" ","DATE_NOT":null,"USO":" ","VERE":" ","PROPIETARI":"INSTITUTO DE DESARROLLO URBANO","SECTOR":"URBANO","OBS":" ","Shape_Leng":59.075555985699999,"Shape_Area":115.505069761,"Color":3}},{"type":"Feature","id":89,"geometry":{"type":"Polygon","coordinates":[[[-74.16807100511673,4.6984061830607233],[-74.168101945041627,4.698372969255078],[-74.16806693374555,4.698342570987954],[-74.168062968475027,4.6983468271737499],[-74.167948267046498,4.6982418555867893],[-74.167932068705198,4.6982576107233207],[-74.168044043032779,4.6983649175888029],[-74.168035874472437,4.6983728910238094],[-74.16807100511673,4.6984061830607233]]]},"properties":{"PARCEL_ID":"I77-Act5","EFR_ENTRG":"DELIVERED","RefName":"I77-Act5","ACT":-24,"DATE_DEL":1774828800000,"dateMax":1773619200000,"ACTA_No":5,"FID":89,"dateDel":null,"days":0,"TYPE":"SECONDARY","zoom":0,"Norder":0,"EMPRESAS_D":" ","UNIDAD_DE_":0,"PK_DE_REFE":"14+375 - 14+395","TIPO_DE_ES":" ","COSTADO":"SUR","ACTIVIDADE":"OBRA SECUNDARIA","ZONA_DE_IN":" ","ANCHO_PROM":0,"ANCHO_PR_1":0,"ANCHO_PR_2":0,"ANCHO_PR_3":0,"LONGITUD_A":0,"LONGITUD_R":0,"RESTRICCIO":"RESTITUCIÓN DE VIA","area":72.127574210999995,"MUNICIPIO":"BOGOTA D.C.","pk_ini":14381,"pk_end":14404,"cruze":"T1-2026","use":"Public","ActivityId":" ","FMI":"VIA","NOTIFY":" ","DATE_NOT":null,"USO":" ","VERE":" ","PROPIETARI":"INSTITUTO DE DESARROLLO URBANO","SECTOR":"URBANO","OBS":" ","Shape_Leng":54.342016411099998,"Shape_Area":72.126830580399997,"Color":3}},{"type":"Feature","id":90,"geometry":{"type":"Polygon","coordinates":[[[-74.168036923209641,4.6984955421038315],[-74.168028227504351,4.698511515110674],[-74.168067589288285,4.6985333417886048],[-74.168091470646559,4.6985465840768752],[-74.168182310994879,4.6985366402594861],[-74.168165244807781,4.6984975800155944],[-74.168151798078455,4.6984914252391023],[-74.168232486998932,4.6983852580953211],[-74.168221739905547,4.6983734673249673],[-74.168274813585782,4.6983192200581101],[-74.168240146258327,4.6982862535218537],[-74.168175472104025,4.6983509615145147],[-74.168165839318135,4.6983412704001708],[-74.168118219474394,4.6983880943947716],[-74.168122050581132,4.6983918521984984],[-74.168036923209641,4.6984955421038315]]]},"properties":{"PARCEL_ID":"I80-Act5","EFR_ENTRG":"DELIVERED","RefName":"I80-Act5","ACT":-24,"DATE_DEL":1774828800000,"dateMax":1773619200000,"ACTA_No":5,"FID":90,"dateDel":null,"days":0,"TYPE":"SECONDARY","zoom":0,"Norder":0,"EMPRESAS_D":" ","UNIDAD_DE_":0,"PK_DE_REFE":"14+380 - 14+395","TIPO_DE_ES":" ","COSTADO":"NORTE","ACTIVIDADE":"OBRA SECUNDARIA","ZONA_DE_IN":" ","ANCHO_PROM":0,"ANCHO_PR_1":0,"ANCHO_PR_2":0,"ANCHO_PR_3":0,"LONGITUD_A":0,"LONGITUD_R":0,"RESTRICCIO":"RESTITUCIÓN DE VIA","area":299.38737931399999,"MUNICIPIO":"BOGOTA D.C.","pk_ini":14405,"pk_end":14421,"cruze":"T1-2026","use":"Public","ActivityId":" ","FMI":"VIA","NOTIFY":" ","DATE_NOT":null,"USO":" ","VERE":" ","PROPIETARI":"INSTITUTO DE DESARROLLO URBANO","SECTOR":"URBANO","OBS":" ","Shape_Leng":91.254309661400001,"Shape_Area":299.38744615399997,"Color":3}},{"type":"Feature","id":91,"geometry":{"type":"Polygon","coordinates":[[[-74.167908329278987,4.6985554429323688],[-74.167894221653782,4.6985475239328096],[-74.167894113492707,4.6985475058606649],[-74.167774575675168,4.6985275397714013],[-74.16777006609594,4.6985605511937223],[-74.167902586672085,4.6985809142551949],[-74.167908329278987,4.6985554429323688]]]},"properties":{"PARCEL_ID":"PRG-1544/I79","EFR_ENTRG":"DELIVERED","RefName":"I79-Act5","ACT":380,"DATE_DEL":1774828800000,"dateMax":1773619200000,"ACTA_No":5,"FID":91,"dateDel":null,"days":0,"TYPE":"SECONDARY","zoom":0,"Norder":0,"EMPRESAS_D":" ","UNIDAD_DE_":0,"PK_DE_REFE":"14+380 - 14+400","TIPO_DE_ES":" ","COSTADO":"SUR","ACTIVIDADE":"OBRA SECUNDARIA","ZONA_DE_IN":" ","ANCHO_PROM":0,"ANCHO_PR_1":0,"ANCHO_PR_2":0,"ANCHO_PR_3":0,"LONGITUD_A":0,"LONGITUD_R":0,"RESTRICCIO":"RESTITUCIÓN DE VIA Y URBANISMO","area":58.0623836201,"MUNICIPIO":"BOGOTA D.C.","pk_ini":14381,"pk_end":14398,"cruze":"T1-2026","use":"Private","ActivityId":" ","FMI":"50C-703531","NOTIFY":" ","DATE_NOT":null,"USO":" ","VERE":" ","PROPIETARI":"AVIANCA S.A","SECTOR":"URBANO","OBS":" ","Shape_Leng":39.887936260099998,"Shape_Area":58.063831653699999,"Color":3}},{"type":"Feature","id":92,"geometry":{"type":"MultiPolygon","coordinates":[[[[-74.167902586672085,4.6985809142551949],[-74.167896805633049,4.6986053391488456],[-74.167927335954445,4.6985661537975796],[-74.167927358483794,4.6985661248568222],[-74.167908329278987,4.6985554429323688],[-74.167902586672085,4.6985809142551949]]],[[[-74.167955281964893,4.698639907294587],[-74.167944428134888,4.6986601299209445],[-74.167936499268279,4.6986816760737877],[-74.16793164853577,4.6987041234218276],[-74.167929973223607,4.6987270297461086],[-74.167933038432636,4.6987745109139523],[-74.167986790793705,4.6987686711567331],[-74.167982390685751,4.6987279037407239],[-74.167981944797845,4.6987090019648932],[-74.167984297536492,4.6986902418021375],[-74.167989397579802,4.6986720401447402],[-74.167997131412619,4.6986547985199314],[-74.168007329635273,4.6986388985673697],[-74.1680302050476,4.6986515830305677],[-74.168060689929874,4.6986681405576336],[-74.168076318409248,4.6986505868247184],[-74.168002609998311,4.698624255519813],[-74.168020575938783,4.698579571567886],[-74.167997703403472,4.6985669635045566],[-74.167980518753211,4.6985959664351595],[-74.167957246712419,4.6985829013083027],[-74.167957228690028,4.6985829329614113],[-74.167937388846553,4.6986185100849127],[-74.167959477345818,4.6986307587763694],[-74.167955281964893,4.698639907294587]]]]},"properties":{"PARCEL_ID":"PRG-1545/I81","EFR_ENTRG":"DELIVERED","RefName":"I81-Act5","ACT":381,"DATE_DEL":1774828800000,"dateMax":1773619200000,"ACTA_No":5,"FID":92,"dateDel":null,"days":0,"TYPE":"SECONDARY","zoom":0,"Norder":0,"EMPRESAS_D":" ","UNIDAD_DE_":0,"PK_DE_REFE":"14+005 - 14+020","TIPO_DE_ES":" ","COSTADO":"SUR","ACTIVIDADE":"OBRA SECUNDARIA","ZONA_DE_IN":" ","ANCHO_PROM":0,"ANCHO_PR_1":0,"ANCHO_PR_2":0,"ANCHO_PR_3":0,"LONGITUD_A":0,"LONGITUD_R":0,"RESTRICCIO":"RESTITUCIÓN DE VIA Y URBANISMO","area":131.09905791599999,"MUNICIPIO":"BOGOTA D.C.","pk_ini":14402,"pk_end":14417,"cruze":"T1-2026","use":"Private","ActivityId":" ","FMI":"50C-1531153","NOTIFY":" ","DATE_NOT":null,"USO":" ","VERE":" ","PROPIETARI":"EMPRESA DE ACUEDUCTO Y ALCANTARILLADO DE BOGOTO E.S.P.","SECTOR":"URBANO","OBS":" ","Shape_Leng":68.500559343500001,"Shape_Area":130.99305678499999,"Color":3}},{"type":"Feature","id":93,"geometry":{"type":"Polygon","coordinates":[[[-74.168165244807781,4.6984975800155944],[-74.168182310994879,4.6985366402594861],[-74.168215611701029,4.6985329942815408],[-74.168165244807781,4.6984975800155944]]]},"properties":{"PARCEL_ID":"I82-Act5","EFR_ENTRG":"NO DELIVERED","RefName":"I82-Act5","ACT":0,"DATE_DEL":null,"dateMax":1773619200000,"ACTA_No":5,"FID":93,"dateDel":null,"days":0,"TYPE":"SECONDARY","zoom":0,"Norder":0,"EMPRESAS_D":" ","UNIDAD_DE_":0,"PK_DE_REFE":"14+005 - 14+055","TIPO_DE_ES":" ","COSTADO":"SUR","ACTIVIDADE":"OBRA SECUNDARIA","ZONA_DE_IN":" ","ANCHO_PROM":0,"ANCHO_PR_1":0,"ANCHO_PR_2":0,"ANCHO_PR_3":0,"LONGITUD_A":0,"LONGITUD_R":0,"RESTRICCIO":"RESTITUCIÓN DE VIA Y URBANISMO","area":8.3610434252800001,"MUNICIPIO":"BOGOTA D.C.","pk_ini":14417,"pk_end":14424,"cruze":"T1-2026","use":"Private","ActivityId":" ","FMI":"VIA","NOTIFY":" ","DATE_NOT":null,"USO":" ","VERE":" ","PROPIETARI":"IDU","SECTOR":"URBANO","OBS":" ","Shape_Leng":15.2564616454,"Shape_Area":8.3609484778999992,"Color":1}},{"type":"Feature","id":94,"geometry":{"type":"Polygon","coordinates":[[[-74.160513177027667,4.694670602394952],[-74.161230727721545,4.6950681859653258],[-74.161653838373681,4.6953026256565886],[-74.161730468015435,4.6954037397090351],[-74.161712173438644,4.6954220848939414],[-74.161778996068122,4.6954874799717858],[-74.161885570849435,4.6953758067979416],[-74.161893989514851,4.6953636844398785],[-74.161900330494049,4.6953503496565139],[-74.161904425283112,4.6953361569568406],[-74.161906163966862,4.6953214861634507],[-74.161905501526263,4.6953067261340662],[-74.16190245513387,4.6952922711447442],[-74.161897105053427,4.6952785055165229],[-74.16188959554016,4.6952657963807649],[-74.16188012492502,4.6952544828288083],[-74.16186894651473,4.6952448650600811],[-74.161856356873983,4.6952371998620386],[-74.161827963432316,4.6952213851448041],[-74.161822149560038,4.6952183365220312],[-74.161670063510655,4.6951337758943881],[-74.161292658264458,4.694924966941338],[-74.160950291452309,4.6947344414038685],[-74.160611217622815,4.694546319856058],[-74.160280699840271,4.6943629456441753],[-74.160163857999223,4.6942981206311778],[-74.160097264306799,4.6942611739812934],[-74.159963108338957,4.6943818986504109],[-74.159990294025263,4.6943984406514492],[-74.160035970392229,4.6944238842784518],[-74.160043464159756,4.6944103404797035],[-74.160513177027667,4.694670602394952]]]},"properties":{"PARCEL_ID":"I76","EFR_ENTRG":"DELIVERED","RefName":"I76","ACT":-24,"DATE_DEL":1773964800000,"dateMax":1778889600000,"ACTA_No":6,"FID":94,"dateDel":null,"days":0,"TYPE":"SECONDARY","zoom":0,"Norder":0,"EMPRESAS_D":" ","UNIDAD_DE_":0,"PK_DE_REFE":"13+401 - 13+641","TIPO_DE_ES":" ","COSTADO":"NORTE","ACTIVIDADE":"INTEGRACION MODAL","ZONA_DE_IN":" ","ANCHO_PROM":0,"ANCHO_PR_1":0,"ANCHO_PR_2":0,"ANCHO_PR_3":0,"LONGITUD_A":0,"LONGITUD_R":0,"RESTRICCIO":" ","area":0,"MUNICIPIO":"BOGOTA D.C.","pk_ini":13401,"pk_end":13641,"cruze":"T1-2026","use":"Public","ActivityId":" ","FMI":"RESERVA VIA","NOTIFY":" ","DATE_NOT":null,"USO":" ","VERE":" ","PROPIETARI":"INSTITUTO DE DESARROLLO URBANO","SECTOR":"URBANO","OBS":" ","Shape_Leng":520.50198377799995,"Shape_Area":4212.8437763399997,"Color":3}},{"type":"Feature","id":95,"geometry":{"type":"Polygon","coordinates":[[[-74.301352778498412,4.7604488866578842],[-74.301399534465332,4.7604838705736903],[-74.301607854652659,4.7606400784772553],[-74.301612119743467,4.7606446546551879],[-74.301615528724497,4.7606499039111441],[-74.301617977883851,4.7606556680263905],[-74.301619392348471,4.7606617706868146],[-74.30161972879128,4.7606680265250425],[-74.30161897903848,4.7606742465450305],[-74.301617163760739,4.7606802408369964],[-74.30161433878618,4.7606858285227744],[-74.301610589692487,4.7606908395660437],[-74.301608203659924,4.7606935224970464],[-74.301615186001939,4.7606994542401244],[-74.301618182957228,4.7606960766076751],[-74.301677777847928,4.7606289093002427],[-74.301658579173278,4.760615569893857],[-74.301398175602699,4.7604211098775435],[-74.301377281581765,4.760405510264067],[-74.301352778498412,4.7604488866578842]]]},"properties":{"PARCEL_ID":"PRG-1324/A24A","EFR_ENTRG":"DELIVERED","RefName":"A24A","ACT":296,"DATE_DEL":1763078400000,"dateMax":1764028800000,"ACTA_No":1,"FID":95,"dateDel":1762300800000,"days":300,"TYPE":"SECONDARY","zoom":500,"Norder":65,"EMPRESAS_D":"VIA DE SERVICIO","UNIDAD_DE_":16,"PK_DE_REFE":"31+290 - 31+580","TIPO_DE_ES":"ROAD ACCESS","COSTADO":"NORTE","ACTIVIDADE":"VIA DE SERVICIO","ZONA_DE_IN":"ZONAS VERDES, PREDIO CON CONSTRUCCION","ANCHO_PROM":0,"ANCHO_PR_1":0,"ANCHO_PR_2":0,"ANCHO_PR_3":5.5,"LONGITUD_A":0,"LONGITUD_R":80,"RESTRICCIO":"YA SE DIO EL OK DE LA INTERVENTORIA, FALTAN DISEÑOS DETALLADOS","area":1573.2903332999999,"MUNICIPIO":"MADRID","pk_ini":31500,"pk_end":31580,"cruze":"T4-2025","use":"Private","ActivityId":"P-3050","FMI":"50C-297468","NOTIFY":" ","DATE_NOT":null,"USO":" ","VERE":" ","PROPIETARI":"FIDUCIARIA COLMENA S.A. COMO VOCERA DEL FIDEICOMISO VCG","SECTOR":"SUBURBANO","OBS":" ","Shape_Leng":100.423138177,"Shape_Area":234.20932605799999,"Color":3}},{"type":"Feature","id":96,"geometry":{"type":"Polygon","coordinates":[[[-74.296087660202517,4.7568080306988163],[-74.296088378718608,4.7568083668705601],[-74.296091837874116,4.7568099880877472],[-74.296095883997154,4.7568121191441008],[-74.296099802175505,4.7568144184409462],[-74.296103817800102,4.7568170215517949],[-74.296107790244591,4.7568198995836619],[-74.296169515428502,4.756864366146802],[-74.29616065355026,4.7568777507990543],[-74.29618870730566,4.7568968117802601],[-74.296214621147129,4.7568529974271723],[-74.296124165837824,4.7567912868396247],[-74.296108929021031,4.7567808913161622],[-74.296087660202517,4.7568080306988163]]]},"properties":{"PARCEL_ID":"PRG-1321/I53","EFR_ENTRG":"DELIVERED","RefName":"I53","ACT":279,"DATE_DEL":1761177600000,"dateMax":1769817600000,"ACTA_No":1,"FID":96,"dateDel":1768435200000,"days":300,"TYPE":"SECONDARY","zoom":500,"Norder":62,"EMPRESAS_D":" ","UNIDAD_DE_":15,"PK_DE_REFE":"30+810 - 30+845","TIPO_DE_ES":"INTERSECTIONS","COSTADO":"NORTE","ACTIVIDADE":"ADECUACION VIA 30+810 - 30+845","ZONA_DE_IN":" ","ANCHO_PROM":0,"ANCHO_PR_1":0,"ANCHO_PR_2":0,"ANCHO_PR_3":0,"LONGITUD_A":0,"LONGITUD_R":0,"RESTRICCIO":"RESTITUCION DE VIA Y ANDENES","area":190.421144803,"MUNICIPIO":"MADRID","pk_ini":30810,"pk_end":30845,"cruze":"T1-2026","use":"Private","ActivityId":"P-5850","FMI":"50C-1138881","NOTIFY":" ","DATE_NOT":null,"USO":" ","VERE":" ","PROPIETARI":"EL CORREDOR DE LOS PINOS S.A.S.","SECTOR":"SUBURBANO","OBS":" ","Shape_Leng":40.193396617600001,"Shape_Area":60.828142915900003,"Color":3}},{"type":"Feature","id":97,"geometry":{"type":"Polygon","coordinates":[[[-74.2962088601451,4.7566380958629066],[-74.296295266001238,4.7565072486938922],[-74.296271667831704,4.7564910113357541],[-74.296210842919834,4.7565800409503334],[-74.296159823997286,4.7565396982181376],[-74.296115372036212,4.7565089190882244],[-74.296090381036024,4.7565578478684634],[-74.2962088601451,4.7566380958629066]]]},"properties":{"PARCEL_ID":"PRG-1320/I52","EFR_ENTRG":"DELIVERED","RefName":"I52","ACT":278,"DATE_DEL":1761177600000,"dateMax":1769817600000,"ACTA_No":1,"FID":97,"dateDel":1768435200000,"days":300,"TYPE":"SECONDARY","zoom":500,"Norder":61,"EMPRESAS_D":" ","UNIDAD_DE_":15,"PK_DE_REFE":"30+810 - 30+845","TIPO_DE_ES":"INTERSECTIONS","COSTADO":"SUR","ACTIVIDADE":"ADECUACION VIA 30+810 - 30+845","ZONA_DE_IN":" ","ANCHO_PROM":0,"ANCHO_PR_1":0,"ANCHO_PR_2":0,"ANCHO_PR_3":0,"LONGITUD_A":0,"LONGITUD_R":0,"RESTRICCIO":"RESTITUCION DE VIA Y ANDENES","area":132.821388891,"MUNICIPIO":"MADRID","pk_ini":30810,"pk_end":30845,"cruze":"T1-2026","use":"Private","ActivityId":"P-5860","FMI":"50C-255524","NOTIFY":" ","DATE_NOT":null,"USO":" ","VERE":" ","PROPIETARI":"EL CORREDOR DE LOS PINOS S.A.S.","SECTOR":"SUBURBANO","OBS":" ","Shape_Leng":67.604528230900002,"Shape_Area":132.21517651400001,"Color":3}},{"type":"Feature","id":98,"geometry":{"type":"Polygon","coordinates":[[[-74.265806536394663,4.7363641203843097],[-74.265813604763082,4.7363701962784273],[-74.265824596061677,4.7363769249152377],[-74.265870638544669,4.7363991527982883],[-74.265900341691122,4.7363372216760089],[-74.265883642570017,4.7363291598442014],[-74.265877302240781,4.7363254322266286],[-74.265871650290407,4.7363207205401805],[-74.265866837281152,4.7363151495376359],[-74.265862990346207,4.7363088683943513],[-74.265860211385174,4.7363020434742573],[-74.265858575260481,4.7362948556175706],[-74.265858125289839,4.7362874974289308],[-74.265858873243644,4.7362801633302611],[-74.26586079934458,4.7362730486563001],[-74.265881520198164,4.7362738225221932],[-74.26592607589059,4.7361379334779041],[-74.265945928543729,4.7360481308102536],[-74.265916644854258,4.7360279240045706],[-74.265895458494271,4.7360889322277577],[-74.265882971662805,4.7361248888959233],[-74.265846594159044,4.7362244462537033],[-74.265824659032802,4.7362931611464871],[-74.265811504989429,4.7363450671820386],[-74.265806536394663,4.7363641203843097]]]},"properties":{"PARCEL_ID":"A8A","EFR_ENTRG":"DELIVERED","RefName":"A8A","ACT":-4,"DATE_DEL":1764201600000,"dateMax":1762300800000,"ACTA_No":1,"FID":98,"dateDel":1762300800000,"days":300,"TYPE":"SECONDARY","zoom":500,"Norder":55,"EMPRESAS_D":"ENEL-MOVISTAR-VANTI","UNIDAD_DE_":15,"PK_DE_REFE":"26+700 - 26+770","TIPO_DE_ES":"ROAD ACCESS","COSTADO":"NORTE","ACTIVIDADE":"*TRASLADO ENEL MT SUBTERRANEA, CONSTRUCCIÓN DE CAJA Y CANALIZACION\n*TRASLADO DE RED TRONCAL DE MOVISTAR SUBTERRANEA, CONSTRUCCION DE CAJAS Y CANALIZACION\n*TRASLADO DE RED DE VANTI, VIA DE SERVICIO","ZONA_DE_IN":"ZONAS VERDES, PREDIO Y VIA","ANCHO_PROM":0,"ANCHO_PR_1":0,"ANCHO_PR_2":2.5,"ANCHO_PR_3":0,"LONGITUD_A":0,"LONGITUD_R":70,"RESTRICCIO":"APROBACION DE VÍA DE SERVICIO","area":601.63411657400002,"MUNICIPIO":"MADRID","pk_ini":26700,"pk_end":26770,"cruze":"T4-2025","use":"Public","ActivityId":"P-2190","FMI":"N/A","NOTIFY":" ","DATE_NOT":null,"USO":" ","VERE":" ","PROPIETARI":"MADRID","SECTOR":"SUBURBANO","OBS":" ","Shape_Leng":96.517409790599999,"Shape_Area":215.84781899500001,"Color":3}},{"type":"Feature","id":99,"geometry":{"type":"Polygon","coordinates":[[[-74.310053446450851,4.7669533196152303],[-74.310071661851083,4.7670117167215205],[-74.310079759712153,4.7670294002680613],[-74.31008501399242,4.7670481319554812],[-74.310087297440575,4.7670674569643534],[-74.310086554911621,4.7670869023648006],[-74.31014631707454,4.7671374939631876],[-74.310167902308862,4.7671219526014452],[-74.310216818957358,4.7670766532487931],[-74.310163874118473,4.7670367671572542],[-74.310053446450851,4.7669533196152303]]]},"properties":{"PARCEL_ID":"PRG-1326/A30A","EFR_ENTRG":"DELIVERED","RefName":"A30A","ACT":291,"DATE_DEL":1762300800000,"dateMax":1762300800000,"ACTA_No":1,"FID":99,"dateDel":1762300800000,"days":300,"TYPE":"SECONDARY","zoom":1000,"Norder":69,"EMPRESAS_D":"MOVISTAR","UNIDAD_DE_":16,"PK_DE_REFE":"32+745 - 32+900","TIPO_DE_ES":"ROAD ACCESS","COSTADO":"NORTE","ACTIVIDADE":"*TRASLADO DE RED TRONCAL DE MOVISTAR SUBTERRANEA, CONSTRUCCION DE CAJAS Y CANALIZACION, VIA DE SERVICIO","ZONA_DE_IN":"ZONAS VERDES","ANCHO_PROM":0,"ANCHO_PR_1":6.4000000000000004,"ANCHO_PR_2":0,"ANCHO_PR_3":0,"LONGITUD_A":0,"LONGITUD_R":170,"RESTRICCIO":"0","area":1718.47810774,"MUNICIPIO":"MADRID","pk_ini":32745,"pk_end":32900,"cruze":"T4-2025","use":"Private","ActivityId":"P-3130","FMI":"50C-1543453","NOTIFY":" ","DATE_NOT":null,"USO":" ","VERE":" ","PROPIETARI":"HECA COMPA3","SECTOR":"SUBURBANO","OBS":" ","Shape_Leng":57.064521374199998,"Shape_Area":147.63234295000001,"Color":3}},{"type":"Feature","id":100,"geometry":{"type":"Polygon","coordinates":[[[-74.31167416153383,4.7683281406253144],[-74.311717484314315,4.7683661814824632],[-74.311806465099792,4.7684492544329542],[-74.311839466732721,4.7684765041816579],[-74.311875914606347,4.768498903900622],[-74.311915103673087,4.768516020670603],[-74.311956279343221,4.7685275264880467],[-74.311998646498495,4.7685331964535305],[-74.312032057583153,4.768539780103012],[-74.312042492654214,4.7685435646500958],[-74.312081907323943,4.7685242055208574],[-74.311771105234328,4.768285856908947],[-74.31167416153383,4.7683281406253144]]]},"properties":{"PARCEL_ID":"PRG-1328J/A32A","EFR_ENTRG":"DELIVERED","RefName":"A32A","ACT":288,"DATE_DEL":1766361600000,"dateMax":1763596800000,"ACTA_No":1,"FID":100,"dateDel":1762300800000,"days":300,"TYPE":"SECONDARY","zoom":1000,"Norder":70,"EMPRESAS_D":"MOVISTAR-ENEL","UNIDAD_DE_":16,"PK_DE_REFE":"32+910 - 33+030","TIPO_DE_ES":"ROAD ACCESS","COSTADO":"NORTE","ACTIVIDADE":"*TRASLADO DE RED TRONCAL DE MOVISTAR SUBTERRANEA, CONSTRUCCION DE CAJAS Y CANALIZACION, VIA DE SERVICIO","ZONA_DE_IN":"ZONAS VERDES Y CULTIVOS","ANCHO_PROM":0,"ANCHO_PR_1":7.7000000000000002,"ANCHO_PR_2":0,"ANCHO_PR_3":5,"LONGITUD_A":0,"LONGITUD_R":120,"RESTRICCIO":"YA SE DIO EL OK DE LA INTERVENTORIA, FALTAN DISEÑOS DETALLADOS","area":2803.24219042,"MUNICIPIO":"MADRID","pk_ini":32910,"pk_end":33030,"cruze":"T4-2025","use":"Private","ActivityId":"P-2960","FMI":"50C-2216942","NOTIFY":" ","DATE_NOT":null,"USO":" ","VERE":" ","PROPIETARI":"MARIA CAMILA SILVA DURAN","SECTOR":"SUBURBANO","OBS":" ","Shape_Leng":108.58452841899999,"Shape_Area":456.18641047800003,"Color":3}},{"type":"Feature","id":101,"geometry":{"type":"Polygon","coordinates":[[[-74.313441166990629,4.7697789551416703],[-74.313440639677438,4.7697789869732983],[-74.313470413147414,4.7698105069410905],[-74.313628174226423,4.7699824377452043],[-74.313739812029766,4.7701041008262752],[-74.313772149809296,4.7700769399322622],[-74.313622801830377,4.7699111907736027],[-74.31348618795235,4.7697607858713971],[-74.31347521462699,4.7697488221474726],[-74.313441166990629,4.7697789551416703]]]},"properties":{"PARCEL_ID":"PRG-1330/A32A","EFR_ENTRG":"DELIVERED","RefName":"A32A","ACT":294,"DATE_DEL":1761696000000,"dateMax":1763596800000,"ACTA_No":1,"FID":101,"dateDel":1762300800000,"days":300,"TYPE":"SECONDARY","zoom":1000,"Norder":70,"EMPRESAS_D":"MOVISTAR-ENEL","UNIDAD_DE_":16,"PK_DE_REFE":"32+910 - 33+030","TIPO_DE_ES":"ROAD ACCESS","COSTADO":"NORTE","ACTIVIDADE":"*TRASLADO DE RED TRONCAL DE MOVISTAR SUBTERRANEA, CONSTRUCCION DE CAJAS Y CANALIZACION, VIA DE SERVICIO","ZONA_DE_IN":"ZONAS VERDES Y CULTIVOS","ANCHO_PROM":0,"ANCHO_PR_1":7.7000000000000002,"ANCHO_PR_2":0,"ANCHO_PR_3":5,"LONGITUD_A":0,"LONGITUD_R":120,"RESTRICCIO":"YA SE DIO EL OK DE LA INTERVENTORIA, FALTAN DISEÑOS DETALLADOS","area":2803.24219042,"MUNICIPIO":"MADRID","pk_ini":32910,"pk_end":33030,"cruze":"T4-2025","use":"Private","ActivityId":"P-2960","FMI":"50C-1177936","NOTIFY":" ","DATE_NOT":null,"USO":" ","VERE":" ","PROPIETARI":"AGROPECUARIA SAN DIEGO S.A EN LIQUIDACILN","SECTOR":"SUBURBANO","OBS":" ","Shape_Leng":107.711125628,"Shape_Area":238.64258965799999,"Color":3}},{"type":"Feature","id":102,"geometry":{"type":"Polygon","coordinates":[[[-74.094715224569214,4.6293432909692545],[-74.094671128310566,4.6292812201825821],[-74.094642258683237,4.6293043838859331],[-74.094687895940567,4.629361749510557],[-74.094715224569214,4.6293432909692545]]]},"properties":{"PARCEL_ID":"I13/PRIVATE","EFR_ENTRG":"NO DELIVERED","RefName":"I13","ACT":0,"DATE_DEL":null,"dateMax":1762992000000,"ACTA_No":1,"FID":102,"dateDel":1757894400000,"days":180,"TYPE":"SECONDARY","zoom":500,"Norder":13,"EMPRESAS_D":" ","UNIDAD_DE_":2,"PK_DE_REFE":"3+175 - 3+220","TIPO_DE_ES":"INTERSECTIONS","COSTADO":"NORTE","ACTIVIDADE":"URBANISMO CR 40 3+175 - 3+220","ZONA_DE_IN":" ","ANCHO_PROM":0,"ANCHO_PR_1":0,"ANCHO_PR_2":0,"ANCHO_PR_3":0,"LONGITUD_A":0,"LONGITUD_R":0,"RESTRICCIO":"RESTITUCION DE VIA Y ANDENES","area":430.84591755899999,"MUNICIPIO":"BOGOTA D.C.","pk_ini":3175,"pk_end":3220,"cruze":"T4-2025","use":"Public","ActivityId":"P-5470","FMI":"SIN INFORMACION PRIVADO","NOTIFY":" ","DATE_NOT":null,"USO":" ","VERE":" ","PROPIETARI":"CORFERIAS","SECTOR":"URBANO","OBS":" ","Shape_Leng":24.3030383103,"Shape_Area":32.046226662899997,"Color":1}},{"type":"Feature","id":103,"geometry":{"type":"Polygon","coordinates":[[[-74.312131979206399,4.7685974655947092],[-74.312385871488331,4.7688048313997555],[-74.312445783310324,4.7688545763049328],[-74.312506394379668,4.7688266669877573],[-74.31241966529582,4.7687598553773425],[-74.312176859670501,4.7685771080556609],[-74.312131979206399,4.7685974655947092]]]},"properties":{"PARCEL_ID":"PRG-1328L/A32A","EFR_ENTRG":"DELIVERED","RefName":"A32A","ACT":325,"DATE_DEL":1766361600000,"dateMax":1763596800000,"ACTA_No":1,"FID":103,"dateDel":1762300800000,"days":300,"TYPE":"SECONDARY","zoom":1000,"Norder":70,"EMPRESAS_D":"MOVISTAR-ENEL","UNIDAD_DE_":16,"PK_DE_REFE":"32+910 - 33+030","TIPO_DE_ES":"ROAD ACCESS","COSTADO":"NORTE","ACTIVIDADE":"*TRASLADO DE RED TRONCAL DE MOVISTAR SUBTERRANEA, CONSTRUCCION DE CAJAS Y CANALIZACION, VIA DE SERVICIO","ZONA_DE_IN":"ZONAS VERDES Y CULTIVOS","ANCHO_PROM":0,"ANCHO_PR_1":7.7000000000000002,"ANCHO_PR_2":0,"ANCHO_PR_3":5,"LONGITUD_A":0,"LONGITUD_R":120,"RESTRICCIO":"YA SE DIO EL OK DE LA INTERVENTORIA, FALTAN DISEÑOS DETALLADOS","area":2803.24219042,"MUNICIPIO":"MADRID","pk_ini":32910,"pk_end":33030,"cruze":"T4-2025","use":"Private","ActivityId":"P-2960","FMI":"50C-2217001","NOTIFY":" ","DATE_NOT":null,"USO":" ","VERE":" ","PROPIETARI":"HECTOR MIGUEL SILVA DURAN","SECTOR":"SUBURBANO","OBS":" ","Shape_Leng":103.615946509,"Shape_Area":260.18291361299998,"Color":3}},{"type":"Feature","id":104,"geometry":{"type":"Polygon","coordinates":[[[-74.311123102814662,4.7678883432212995],[-74.311170519083063,4.76792448279173],[-74.311220062891977,4.7678679128740855],[-74.311059547036706,4.7677459304561882],[-74.310980251223143,4.7677805911621318],[-74.311123102814662,4.7678883432212995]]]},"properties":{"PARCEL_ID":"PRG-1328F/A30A","EFR_ENTRG":"DELIVERED","RefName":"A30A","ACT":286,"DATE_DEL":1766361600000,"dateMax":1762300800000,"ACTA_No":1,"FID":104,"dateDel":1762300800000,"days":300,"TYPE":"SECONDARY","zoom":1000,"Norder":69,"EMPRESAS_D":"MOVISTAR","UNIDAD_DE_":16,"PK_DE_REFE":"32+745 - 32+900","TIPO_DE_ES":"ROAD ACCESS","COSTADO":"NORTE","ACTIVIDADE":"*TRASLADO DE RED TRONCAL DE MOVISTAR SUBTERRANEA, CONSTRUCCION DE CAJAS Y CANALIZACION, VIA DE SERVICIO","ZONA_DE_IN":"ZONAS VERDES","ANCHO_PROM":0,"ANCHO_PR_1":6.4000000000000004,"ANCHO_PR_2":0,"ANCHO_PR_3":0,"LONGITUD_A":0,"LONGITUD_R":170,"RESTRICCIO":"0","area":1718.47810774,"MUNICIPIO":"MADRID","pk_ini":32745,"pk_end":32900,"cruze":"T4-2025","use":"Private","ActivityId":"P-3130","FMI":"50C-2216926","NOTIFY":" ","DATE_NOT":null,"USO":" ","VERE":" ","PROPIETARI":"HECTOR MIGUEL SILVA DURAN","SECTOR":"SUBURBANO","OBS":" ","Shape_Leng":66.696055836300005,"Shape_Area":202.88068139200001,"Color":3}},{"type":"Feature","id":105,"geometry":{"type":"Polygon","coordinates":[[[-74.310497370493792,4.7674163287698681],[-74.310732980039205,4.7675957513538938],[-74.310833459793102,4.7676706520042869],[-74.310833898625248,4.7676701997056217],[-74.310903128483687,4.767622332431678],[-74.310563021920871,4.7673689031369522],[-74.310497370493792,4.7674163287698681]]]},"properties":{"PARCEL_ID":"PRG-1328D/A30A","EFR_ENTRG":"DELIVERED","RefName":"A30A","ACT":285,"DATE_DEL":1766361600000,"dateMax":1762300800000,"ACTA_No":1,"FID":105,"dateDel":1762300800000,"days":300,"TYPE":"SECONDARY","zoom":1000,"Norder":69,"EMPRESAS_D":"MOVISTAR","UNIDAD_DE_":16,"PK_DE_REFE":"32+745 - 32+900","TIPO_DE_ES":"ROAD ACCESS","COSTADO":"NORTE","ACTIVIDADE":"*TRASLADO DE RED TRONCAL DE MOVISTAR SUBTERRANEA, CONSTRUCCION DE CAJAS Y CANALIZACION, VIA DE SERVICIO","ZONA_DE_IN":"ZONAS VERDES","ANCHO_PROM":0,"ANCHO_PR_1":6.4000000000000004,"ANCHO_PR_2":0,"ANCHO_PR_3":0,"LONGITUD_A":0,"LONGITUD_R":170,"RESTRICCIO":"0","area":1718.47810774,"MUNICIPIO":"MADRID","pk_ini":32745,"pk_end":32900,"cruze":"T4-2025","use":"Private","ActivityId":"P-3130","FMI":"50C-2216925","NOTIFY":" ","DATE_NOT":null,"USO":" ","VERE":" ","PROPIETARI":"HECA COMPA5","SECTOR":"SUBURBANO","OBS":" ","Shape_Leng":112.075369421,"Shape_Area":411.56415024799998,"Color":3}},{"type":"Feature","id":106,"geometry":{"type":"Polygon","coordinates":[[[-74.31014631707454,4.7671374939631876],[-74.310145233847564,4.7671382738359149],[-74.310281591665031,4.7672520084147036],[-74.31040922037711,4.7673498691390179],[-74.310490324236838,4.7672826323118045],[-74.310470157383975,4.7672674487285587],[-74.310461023829433,4.7672605719154779],[-74.310406428078721,4.7672194665040495],[-74.310346907609642,4.7671746533205841],[-74.310302753688319,4.7671413918719541],[-74.310216818957358,4.7670766532487931],[-74.310167902308862,4.7671219526014452],[-74.31014631707454,4.7671374939631876]]]},"properties":{"PARCEL_ID":"PRG-1328B/A30A","EFR_ENTRG":"DELIVERED","RefName":"A30A","ACT":284,"DATE_DEL":1766361600000,"dateMax":1762300800000,"ACTA_No":1,"FID":106,"dateDel":1762300800000,"days":300,"TYPE":"SECONDARY","zoom":1000,"Norder":69,"EMPRESAS_D":"MOVISTAR","UNIDAD_DE_":16,"PK_DE_REFE":"32+745 - 32+900","TIPO_DE_ES":"ROAD ACCESS","COSTADO":"NORTE","ACTIVIDADE":"*TRASLADO DE RED TRONCAL DE MOVISTAR SUBTERRANEA, CONSTRUCCION DE CAJAS Y CANALIZACION, VIA DE SERVICIO","ZONA_DE_IN":"ZONAS VERDES","ANCHO_PROM":0,"ANCHO_PR_1":6.4000000000000004,"ANCHO_PR_2":0,"ANCHO_PR_3":0,"LONGITUD_A":0,"LONGITUD_R":170,"RESTRICCIO":"0","area":1718.47810774,"MUNICIPIO":"MADRID","pk_ini":32745,"pk_end":32900,"cruze":"T4-2025","use":"Private","ActivityId":"P-3130","FMI":"50C-2216857","NOTIFY":" ","DATE_NOT":null,"USO":" ","VERE":" ","PROPIETARI":"MARIA CAMILA SILVA DURAN","SECTOR":"SUBURBANO","OBS":" ","Shape_Leng":97.586735242399996,"Shape_Area":413.69866231100002,"Color":3}},{"type":"Feature","id":107,"geometry":{"type":"Polygon","coordinates":[[[-74.311220062891977,4.7678679128740855],[-74.311170519083063,4.76792448279173],[-74.311217903799488,4.7679605997618388],[-74.311295709120699,4.7680205201950097],[-74.311371460535767,4.7679829641881986],[-74.311220062891977,4.7678679128740855]]]},"properties":{"PARCEL_ID":"PRG-1328F/A32A","EFR_ENTRG":"DELIVERED","RefName":"A32A","ACT":286,"DATE_DEL":1766361600000,"dateMax":1763596800000,"ACTA_No":1,"FID":107,"dateDel":1762300800000,"days":300,"TYPE":"SECONDARY","zoom":1000,"Norder":70,"EMPRESAS_D":"MOVISTAR-ENEL","UNIDAD_DE_":16,"PK_DE_REFE":"32+910 - 33+030","TIPO_DE_ES":"ROAD ACCESS","COSTADO":"NORTE","ACTIVIDADE":"*TRASLADO DE RED TRONCAL DE MOVISTAR SUBTERRANEA, CONSTRUCCION DE CAJAS Y CANALIZACION, VIA DE SERVICIO","ZONA_DE_IN":"ZONAS VERDES Y CULTIVOS","ANCHO_PROM":0,"ANCHO_PR_1":7.7000000000000002,"ANCHO_PR_2":0,"ANCHO_PR_3":5,"LONGITUD_A":0,"LONGITUD_R":120,"RESTRICCIO":"YA SE DIO EL OK DE LA INTERVENTORIA, FALTAN DISEÑOS DETALLADOS","area":2803.24219042,"MUNICIPIO":"MADRID","pk_ini":32910,"pk_end":33030,"cruze":"T4-2025","use":"Private","ActivityId":"P-2960","FMI":"50C-2216926","NOTIFY":" ","DATE_NOT":null,"USO":" ","VERE":" ","PROPIETARI":"HECTOR MIGUEL SILVA DURAN","SECTOR":"SUBURBANO","OBS":" ","Shape_Leng":56.255046571599998,"Shape_Area":160.782101092,"Color":3}},{"type":"Feature","id":108,"geometry":{"type":"Polygon","coordinates":[[[-74.312042492654214,4.7685435646500958],[-74.31206407860158,4.7685513921289564],[-74.312093963097652,4.7685677624009442],[-74.312121013252991,4.768588508638973],[-74.312131979206399,4.7685974655947092],[-74.312176859670501,4.7685771080556609],[-74.312108798669058,4.7685258819523266],[-74.312108732849481,4.7685258322383461],[-74.311737651065712,4.768245179371335],[-74.311479696155658,4.7680499946937589],[-74.311227340741937,4.7678596026012148],[-74.311220062891977,4.7678679128740855],[-74.311371460535767,4.7679829641881986],[-74.311295709120699,4.7680205201950097],[-74.311361139427717,4.7680709117078903],[-74.311362096525926,4.7680703335349106],[-74.311438332756993,4.7680376867963066],[-74.311771105234328,4.768285856908947],[-74.312081907323943,4.7685242055208574],[-74.312042492654214,4.7685435646500958]]]},"properties":{"PARCEL_ID":"PRG-1328/A32A","EFR_ENTRG":"DELIVERED","RefName":"A32A","ACT":283,"DATE_DEL":1766361600000,"dateMax":1763596800000,"ACTA_No":1,"FID":108,"dateDel":1762300800000,"days":300,"TYPE":"SECONDARY","zoom":1000,"Norder":70,"EMPRESAS_D":"MOVISTAR-ENEL","UNIDAD_DE_":16,"PK_DE_REFE":"32+910 - 33+030","TIPO_DE_ES":"ROAD ACCESS","COSTADO":"NORTE","ACTIVIDADE":"*TRASLADO DE RED TRONCAL DE MOVISTAR SUBTERRANEA, CONSTRUCCION DE CAJAS Y CANALIZACION, VIA DE SERVICIO","ZONA_DE_IN":"ZONAS VERDES Y CULTIVOS","ANCHO_PROM":0,"ANCHO_PR_1":7.7000000000000002,"ANCHO_PR_2":0,"ANCHO_PR_3":5,"LONGITUD_A":0,"LONGITUD_R":120,"RESTRICCIO":"YA SE DIO EL OK DE LA INTERVENTORIA, FALTAN DISEÑOS DETALLADOS","area":2803.24219042,"MUNICIPIO":"MADRID","pk_ini":32910,"pk_end":33030,"cruze":"T4-2025","use":"Private","ActivityId":"P-2960","FMI":"50C-1543453","NOTIFY":" ","DATE_NOT":null,"USO":" ","VERE":" ","PROPIETARI":"HECA COMPA3","SECTOR":"SUBURBANO","OBS":" ","Shape_Leng":293.41740711,"Shape_Area":308.82749077400001,"Color":3}},{"type":"Feature","id":109,"geometry":{"type":"Polygon","coordinates":[[[-74.311361139427717,4.7680709117078903],[-74.311473577727881,4.7681575052973484],[-74.311607983103556,4.7682700303015766],[-74.31167416153383,4.7683281406253144],[-74.311771105234328,4.768285856908947],[-74.311438332756993,4.7680376867963066],[-74.311362096525926,4.7680703335349106],[-74.311361139427717,4.7680709117078903]]]},"properties":{"PARCEL_ID":"PRG-1328H/A32A","EFR_ENTRG":"DELIVERED","RefName":"A32A","ACT":287,"DATE_DEL":1766361600000,"dateMax":1763596800000,"ACTA_No":1,"FID":109,"dateDel":1762300800000,"days":300,"TYPE":"SECONDARY","zoom":1000,"Norder":70,"EMPRESAS_D":"MOVISTAR-ENEL","UNIDAD_DE_":16,"PK_DE_REFE":"32+910 - 33+030","TIPO_DE_ES":"ROAD ACCESS","COSTADO":"NORTE","ACTIVIDADE":"*TRASLADO DE RED TRONCAL DE MOVISTAR SUBTERRANEA, CONSTRUCCION DE CAJAS Y CANALIZACION, VIA DE SERVICIO","ZONA_DE_IN":"ZONAS VERDES Y CULTIVOS","ANCHO_PROM":0,"ANCHO_PR_1":7.7000000000000002,"ANCHO_PR_2":0,"ANCHO_PR_3":5,"LONGITUD_A":0,"LONGITUD_R":120,"RESTRICCIO":"YA SE DIO EL OK DE LA INTERVENTORIA, FALTAN DISEÑOS DETALLADOS","area":2803.24219042,"MUNICIPIO":"MADRID","pk_ini":32910,"pk_end":33030,"cruze":"T4-2025","use":"Private","ActivityId":"P-2960","FMI":"50C-2216941","NOTIFY":" ","DATE_NOT":null,"USO":" ","VERE":" ","PROPIETARI":"HECTOR MIGUEL SILVA DURAN","SECTOR":"SUBURBANO","OBS":" ","Shape_Leng":111.949776141,"Shape_Area":406.17745991100003,"Color":3}},{"type":"Feature","id":110,"geometry":{"type":"MultiPolygon","coordinates":[[[[-74.195360173677599,4.6984419931130859],[-74.195334380296771,4.6984566164940693],[-74.195311448415595,4.6984754371820374],[-74.195292053933784,4.6984979088619054],[-74.19527676277059,4.6985233694858906],[-74.195265351564686,4.6985528102120409],[-74.195264867689914,4.6985536160309982],[-74.195451698665977,4.6985399854850911],[-74.195444388216288,4.6985088414967588],[-74.195477482226266,4.6984830233688211],[-74.195514263589004,4.6984628438714431],[-74.195553786004893,4.69844882585351],[-74.195552255640521,4.6984278697105273],[-74.195360173677599,4.6984419931130859]]],[[[-74.194895661488658,4.6984763410859083],[-74.194897612775122,4.6985028297080635],[-74.194936528387302,4.6985036008580376],[-74.194974985204084,4.6985096224876015],[-74.195012285584554,4.6985207843889745],[-74.195047748095703,4.6985368823039213],[-74.195045941915879,4.6985695877628846],[-74.195235192922269,4.6985557805270028],[-74.195209561197458,4.6985293564930632],[-74.195180392353308,4.698506319683565],[-74.195148453526812,4.6984873382512191],[-74.195114301790099,4.6984727430779243],[-74.195078530255259,4.698462789077837],[-74.194895661488658,4.6984763410859083]]]]},"properties":{"PARCEL_ID":"I35","EFR_ENTRG":"DELIVERED","RefName":"I35","ACT":999,"DATE_DEL":1773792000000,"dateMax":1774483200000,"ACTA_No":1,"FID":110,"dateDel":1768435200000,"days":300,"TYPE":"SECONDARY","zoom":500,"Norder":36,"EMPRESAS_D":" ","UNIDAD_DE_":10,"PK_DE_REFE":"17+440 - 17+520","TIPO_DE_ES":"INTERSECTIONS","COSTADO":"SUR","ACTIVIDADE":"URBANISMO ACCESO PARQUE INDUSTRIAL SAN CARLOS II 17+440 - 17+520","ZONA_DE_IN":" ","ANCHO_PROM":0,"ANCHO_PR_1":0,"ANCHO_PR_2":0,"ANCHO_PR_3":0,"LONGITUD_A":0,"LONGITUD_R":0,"RESTRICCIO":"RESTITUCION DE VIA Y ANDENES","area":989.19967338499998,"MUNICIPIO":"FUNZA","pk_ini":17440,"pk_end":17520,"cruze":"T1-2026","use":"Private","ActivityId":"P-5690","FMI":"N/A","NOTIFY":" ","DATE_NOT":null,"USO":" ","VERE":" ","PROPIETARI":"INVIAS","SECTOR":"SUBURBANO","OBS":" ","Shape_Leng":164.493385418,"Shape_Area":485.97337949600001,"Color":3}},{"type":"Feature","id":111,"geometry":{"type":"Polygon","coordinates":[[[-74.073924092282894,4.6144034305556509],[-74.07392385616248,4.6144037416373376],[-74.073929434711658,4.6144004933814537],[-74.074111533309093,4.6142944602291101],[-74.074140513817611,4.6142775850251407],[-74.07418440084146,4.6143703476152877],[-74.074251689479055,4.6143311894651466],[-74.074266763282907,4.6143200122538568],[-74.074247070023233,4.614291347322971],[-74.074187755348476,4.6143321061400178],[-74.074157472891727,4.6142825859435801],[-74.074093283218517,4.6142000510082655],[-74.074056414298553,4.614230093840205],[-74.073924092282894,4.6144034305556509]]]},"properties":{"PARCEL_ID":"I106","EFR_ENTRG":"DELIVERED","RefName":"I106","ACT":-25,"DATE_DEL":1778716800000,"dateMax":1792022400000,"ACTA_No":8,"FID":111,"dateDel":1778716800000,"days":0,"TYPE":"SECONDARY","zoom":0,"Norder":0,"EMPRESAS_D":"AREAS SECUNDARIAS","UNIDAD_DE_":1,"PK_DE_REFE":"PK0+000 - PK0+005","TIPO_DE_ES":"A DEFINIR POR LA EFR","COSTADO":"SUR","ACTIVIDADE":"*CONSTRUCCION DE URBANISMO","ZONA_DE_IN":"URBANISMO","ANCHO_PROM":0,"ANCHO_PR_1":0,"ANCHO_PR_2":0,"ANCHO_PR_3":9.5999999999999996,"LONGITUD_A":0,"LONGITUD_R":5,"RESTRICCIO":"RESTITUCIÓN DE URBANISMO","area":212.14381812900001,"MUNICIPIO":"BOGOTA D.C.","pk_ini":0,"pk_end":5,"cruze":"T2-2026","use":"public","ActivityId":" ","FMI":"50C-114929","NOTIFY":" ","DATE_NOT":null,"USO":" ","VERE":" ","PROPIETARI":"EMPRESA DE TRANSPORTE DEL TERCER MILENIO - TRANSMILENIO S.A.","SECTOR":"URBANO","OBS":" ","Shape_Leng":109.148351203,"Shape_Area":212.14638876500001,"Color":1}},{"type":"Feature","id":112,"geometry":{"type":"Polygon","coordinates":[[[-74.139124171791536,4.675152074823135],[-74.139172065264106,4.6751788218673065],[-74.139177486591848,4.675169049431096],[-74.139184929826129,4.6751627674481586],[-74.139193283479059,4.6751577695032402],[-74.139202330350315,4.6751541858358872],[-74.139211833407899,4.6751521096106963],[-74.139221546603537,4.6751515960121992],[-74.139231214872268,4.6751526568188373],[-74.139240586750972,4.6751552658278186],[-74.139249417983109,4.6751593543332266],[-74.139331419623815,4.6752433266267603],[-74.139393284492286,4.6751825082186222],[-74.139322242519285,4.6751081251583155],[-74.139142435146169,4.6751055790928655],[-74.1391329308683,4.6751349464473329],[-74.139132910143218,4.6751349998033653],[-74.139124171791536,4.675152074823135]]]},"properties":{"PARCEL_ID":"I85","EFR_ENTRG":"DELIVERED","RefName":"I85","ACT":-25,"DATE_DEL":1778716800000,"dateMax":1792022400000,"ACTA_No":7,"FID":112,"dateDel":1778716800000,"days":0,"TYPE":"SECONDARY","zoom":0,"Norder":0,"EMPRESAS_D":"AREAS SECUNDARIAS","UNIDAD_DE_":7,"PK_DE_REFE":"PK10+250 - PK10+270","TIPO_DE_ES":"A DEFINIR POR LA EFR","COSTADO":"NORTE","ACTIVIDADE":"*CONSTRUCCION DE PAVIMENTO Y URBANISMO.","ZONA_DE_IN":"ESPACIO EN VIA","ANCHO_PROM":0,"ANCHO_PR_1":0,"ANCHO_PR_2":0,"ANCHO_PR_3":9.8000000000000007,"LONGITUD_A":0,"LONGITUD_R":20,"RESTRICCIO":"RESTITUCION DE VIA","area":218.76497084900001,"MUNICIPIO":"BOGOTA D.C.","pk_ini":10250,"pk_end":10270,"cruze":"T2-2026","use":"public","ActivityId":" ","FMI":"VIA","NOTIFY":" ","DATE_NOT":null,"USO":" ","VERE":" ","PROPIETARI":"IDU","SECTOR":"URBANO","OBS":" ","Shape_Leng":75.448797080999995,"Shape_Area":218.770941655,"Color":1}},{"type":"Feature","id":113,"geometry":{"type":"Polygon","coordinates":[[[-74.138983672608163,4.6748816446250743],[-74.139051075646449,4.6749519559387966],[-74.139006370903971,4.6749968180939874],[-74.139009352643285,4.674999810189532],[-74.139025837840194,4.6750163512601235],[-74.139050377700414,4.6750409689075658],[-74.139070998792079,4.6750662009240216],[-74.139085113654232,4.6750834755957227],[-74.139089419932787,4.6750719886890142],[-74.139118479599389,4.675022266341351],[-74.13915521352817,4.674959412755916],[-74.139033783845534,4.6748326899999428],[-74.138983672608163,4.6748816446250743]]]},"properties":{"PARCEL_ID":"I84","EFR_ENTRG":"DELIVERED","RefName":"I84","ACT":-25,"DATE_DEL":1778716800000,"dateMax":1792022400000,"ACTA_No":7,"FID":113,"dateDel":1778716800000,"days":0,"TYPE":"SECONDARY","zoom":0,"Norder":0,"EMPRESAS_D":"AREAS SECUNDARIAS","UNIDAD_DE_":6,"PK_DE_REFE":"PK10+215 - PK10+230","TIPO_DE_ES":"A DEFINIR POR LA EFR","COSTADO":"NORTE","ACTIVIDADE":"*CONSTRUCCION DE PAVIMENTO Y URBANISMO.","ZONA_DE_IN":"ESPACIO EN VIA","ANCHO_PROM":0,"ANCHO_PR_1":0,"ANCHO_PR_2":0,"ANCHO_PR_3":16.399999999999999,"LONGITUD_A":0,"LONGITUD_R":15,"RESTRICCIO":"RESTITUCION DE VIA","area":241.56637964999999,"MUNICIPIO":"BOGOTA D.C.","pk_ini":10215,"pk_end":10230,"cruze":"T2-2026","use":"public","ActivityId":" ","FMI":"VIA","NOTIFY":" ","DATE_NOT":null,"USO":" ","VERE":" ","PROPIETARI":"IDU","SECTOR":"URBANO","OBS":" ","Shape_Leng":73.774297267799994,"Shape_Area":241.429376537,"Color":1}},{"type":"Feature","id":114,"geometry":{"type":"Polygon","coordinates":[[[-74.136580676037582,4.6720706358875903],[-74.136600583625139,4.6720909901998393],[-74.136673161524698,4.6720449466244842],[-74.136673196673101,4.6720449240138091],[-74.136702244150698,4.672074949133818],[-74.136743709752821,4.6720423606743964],[-74.136786193899084,4.6720108527753696],[-74.136753336786555,4.6719714819498002],[-74.136676314725406,4.6718680174468421],[-74.136625675767249,4.6719001391483044],[-74.13663074871215,4.6719059642775074],[-74.136525032156413,4.6719944652219247],[-74.13655584536761,4.6720366450134483],[-74.136580676037582,4.6720706358875903]]]},"properties":{"PARCEL_ID":"I82-Act7","EFR_ENTRG":"DELIVERED","RefName":"I82-Act7","ACT":-25,"DATE_DEL":1778716800000,"dateMax":1792022400000,"ACTA_No":7,"FID":114,"dateDel":1778716800000,"days":0,"TYPE":"SECONDARY","zoom":0,"Norder":0,"EMPRESAS_D":"AREAS SECUNDARIAS","UNIDAD_DE_":6,"PK_DE_REFE":"PK09+795 - PK09+820","TIPO_DE_ES":"A DEFINIR POR LA EFR","COSTADO":"SUR","ACTIVIDADE":"*CONSTRUCCION DE PAVIMENTO Y URBANISMO DE LA INTERSECCIÓN","ZONA_DE_IN":"ESPACIO EN VIA Y ANDEN","ANCHO_PROM":0,"ANCHO_PR_1":0,"ANCHO_PR_2":0,"ANCHO_PR_3":22,"LONGITUD_A":0,"LONGITUD_R":25,"RESTRICCIO":"RESTITUCION DE VIA Y ANDEN","area":377.58405461199999,"MUNICIPIO":"BOGOTA D.C.","pk_ini":9795,"pk_end":9820,"cruze":"T2-2026","use":"public","ActivityId":" ","FMI":"VIA","NOTIFY":" ","DATE_NOT":null,"USO":" ","VERE":" ","PROPIETARI":"IDU","SECTOR":"URBANO","OBS":" ","Shape_Leng":82.199346886100003,"Shape_Area":377.53621604599999,"Color":1}},{"type":"Feature","id":115,"geometry":{"type":"Polygon","coordinates":[[[-74.136302804760774,4.6720265217442947],[-74.136257261049977,4.6720729021324887],[-74.136249785145864,4.6720656013700355],[-74.13622060387074,4.6720954604723479],[-74.13626350876298,4.6721375361728024],[-74.136344778557572,4.6720570205572836],[-74.136308093073708,4.6720210665103696],[-74.136302804760774,4.6720265217442947]]]},"properties":{"PARCEL_ID":"I80-Act7","EFR_ENTRG":"DELIVERED","RefName":"I80-Act7","ACT":-25,"DATE_DEL":1778716800000,"dateMax":1792022400000,"ACTA_No":7,"FID":115,"dateDel":1778716800000,"days":0,"TYPE":"SECONDARY","zoom":0,"Norder":0,"EMPRESAS_D":"AREAS SECUNDARIAS","UNIDAD_DE_":6,"PK_DE_REFE":"PK09+780 - PK09+790","TIPO_DE_ES":"A DEFINIR POR LA EFR","COSTADO":"NORTE","ACTIVIDADE":"*SE REQUIERE EL AREA PARA LA CONSTRUCCIÓN DEL URBANISMO, QUE CONECTA CON EL PASO A NIVEL","ZONA_DE_IN":"ESPACIO EN VIA Y ANDEN","ANCHO_PROM":0,"ANCHO_PR_1":0,"ANCHO_PR_2":0,"ANCHO_PR_3":6.6500000000000004,"LONGITUD_A":0,"LONGITUD_R":10,"RESTRICCIO":"RESTITUCION DE VIA Y ANDEN","area":76.243847681199995,"MUNICIPIO":"BOGOTA D.C.","pk_ini":9780,"pk_end":9790,"cruze":"T2-2026","use":"public","ActivityId":" ","FMI":"VIA","NOTIFY":" ","DATE_NOT":null,"USO":" ","VERE":" ","PROPIETARI":"IDU","SECTOR":"URBANO","OBS":" ","Shape_Leng":38.841917420000001,"Shape_Area":76.243706490899996,"Color":1}},{"type":"Feature","id":116,"geometry":{"type":"Polygon","coordinates":[[[-74.133817921195543,4.6694937395231175],[-74.133788800237795,4.6695227240548753],[-74.134087126827865,4.6698248802838247],[-74.134112360737959,4.6697984199796272],[-74.134100488074736,4.6697870212203156],[-74.133825612510918,4.6695017447519778],[-74.133817921195543,4.6694937395231175]]]},"properties":{"PARCEL_ID":"I78-Act7","EFR_ENTRG":"DELIVERED","RefName":"I78-Act7","ACT":-25,"DATE_DEL":1778716800000,"dateMax":1792022400000,"ACTA_No":7,"FID":116,"dateDel":1778716800000,"days":0,"TYPE":"SECONDARY","zoom":0,"Norder":0,"EMPRESAS_D":"AREAS SECUNDARIAS","UNIDAD_DE_":6,"PK_DE_REFE":"PK09+390 - PK09+440","TIPO_DE_ES":"A DEFINIR POR LA EFR","COSTADO":"NORTE","ACTIVIDADE":"*CONSTRUCCION DE PAVIMENTO Y URBANISMO DE LA INTERSECCIÓN","ZONA_DE_IN":"ESPACIO EN VIA Y ANDEN","ANCHO_PROM":0,"ANCHO_PR_1":0,"ANCHO_PR_2":0,"ANCHO_PR_3":4.5499999999999998,"LONGITUD_A":0,"LONGITUD_R":50,"RESTRICCIO":"RESTITUCIÓN DE ANDEN Y VIAS","area":200.345482925,"MUNICIPIO":"BOGOTA D.C.","pk_ini":9390,"pk_end":9440,"cruze":"T2-2026","use":"public","ActivityId":" ","FMI":"VIA","NOTIFY":" ","DATE_NOT":null,"USO":" ","VERE":" ","PROPIETARI":"IDU","SECTOR":"URBANO","OBS":" ","Shape_Leng":102.564319177,"Shape_Area":200.34419206699999,"Color":1}},{"type":"Feature","id":117,"geometry":{"type":"Polygon","coordinates":[[[-74.134057867548592,4.669387153751539],[-74.134263264356221,4.6696335640385209],[-74.134351271498176,4.6697245312864117],[-74.134378940676214,4.6696981322683504],[-74.134105533994628,4.6694111303695429],[-74.13410130454848,4.6693810154171862],[-74.134057867548592,4.669387153751539]]]},"properties":{"PARCEL_ID":"I79-Act7","EFR_ENTRG":"DELIVERED","RefName":"I79-Act7","ACT":-25,"DATE_DEL":1778716800000,"dateMax":1792022400000,"ACTA_No":7,"FID":117,"dateDel":1778716800000,"days":0,"TYPE":"SECONDARY","zoom":0,"Norder":0,"EMPRESAS_D":"AREAS SECUNDARIAS","UNIDAD_DE_":6,"PK_DE_REFE":"PK09+400 - PK09+440","TIPO_DE_ES":"A DEFINIR POR LA EFR","COSTADO":"SUR","ACTIVIDADE":"*CONSTRUCCION DE PAVIMENTO Y URBANISMO DE LA INTERSECCIÓN","ZONA_DE_IN":"ESPACIO EN ZONAS VERDES","ANCHO_PROM":0,"ANCHO_PR_1":0,"ANCHO_PR_2":0,"ANCHO_PR_3":4.25,"LONGITUD_A":0,"LONGITUD_R":40,"RESTRICCIO":"RESTITUCION ZONAS VERDES Y ANDEN","area":175.112895681,"MUNICIPIO":"BOGOTA D.C.","pk_ini":9400,"pk_end":9440,"cruze":"T2-2026","use":"public","ActivityId":" ","FMI":"VIA","NOTIFY":" ","DATE_NOT":null,"USO":" ","VERE":" ","PROPIETARI":"IDU","SECTOR":"URBANO","OBS":" ","Shape_Leng":105.91081356799999,"Shape_Area":175.089698011,"Color":1}},{"type":"Feature","id":118,"geometry":{"type":"Polygon","coordinates":[[[-74.136688866209738,4.6721812589909044],[-74.136724666709227,4.6722178641944261],[-74.136771018953723,4.6721726584050538],[-74.136775152626939,4.6721769245842646],[-74.136789074617298,4.6721634202689861],[-74.136749549617321,4.6721223969309209],[-74.136688866209738,4.6721812589909044]]]},"properties":{"PARCEL_ID":"I83","EFR_ENTRG":"DELIVERED","RefName":"I83","ACT":-25,"DATE_DEL":1778716800000,"dateMax":1792022400000,"ACTA_No":7,"FID":118,"dateDel":1778716800000,"days":0,"TYPE":"SECONDARY","zoom":0,"Norder":0,"EMPRESAS_D":"AREAS SECUNDARIAS","UNIDAD_DE_":6,"PK_DE_REFE":"PK09+825 -PK09+830","TIPO_DE_ES":"A DEFINIR POR LA EFR","COSTADO":"SUR","ACTIVIDADE":"*CONSTRUCCION DE PAVIMENTO Y URBANISMO.","ZONA_DE_IN":"ESPACIO EN VIA Y ANDEN","ANCHO_PROM":0,"ANCHO_PR_1":0,"ANCHO_PR_2":0,"ANCHO_PR_3":9.3599999999999994,"LONGITUD_A":0,"LONGITUD_R":5,"RESTRICCIO":"RESTITUCION DE VIA Y ANDEN","area":54.290758349000001,"MUNICIPIO":"BOGOTA D.C.","pk_ini":9825,"pk_end":9830,"cruze":"T2-2026","use":"public","ActivityId":" ","FMI":"VIA","NOTIFY":" ","DATE_NOT":null,"USO":" ","VERE":" ","PROPIETARI":"IDU","SECTOR":"URBANO","OBS":" ","Shape_Leng":31.324216667999998,"Shape_Area":54.291207469200003,"Color":1}},{"type":"Feature","id":119,"geometry":{"type":"Polygon","coordinates":[[[-74.139220735455481,4.6747809353486538],[-74.139253525459765,4.6747198536459011],[-74.139266897534483,4.6746945887969966],[-74.139264792251026,4.6746961525321771],[-74.139262120941254,4.6746975526373795],[-74.139259266631001,4.6746985186905698],[-74.139256296014125,4.6746990298867388],[-74.139253282995384,4.6746990717504664],[-74.139250300579519,4.674698644275276],[-74.139247419969564,4.6746977574023427],[-74.139244711468194,4.6746964319245148],[-74.139242240872704,4.6746947012954703],[-74.139213638434484,4.6746648670556752],[-74.139204415375033,4.6746736975373828],[-74.139149696581072,4.6746175701073183],[-74.139105066648682,4.6746621519266132],[-74.139220735455481,4.6747809353486538]]]},"properties":{"PARCEL_ID":"I86","EFR_ENTRG":"DELIVERED","RefName":"I86","ACT":-25,"DATE_DEL":1778716800000,"dateMax":1792022400000,"ACTA_No":7,"FID":119,"dateDel":1778716800000,"days":0,"TYPE":"SECONDARY","zoom":0,"Norder":0,"EMPRESAS_D":"AREAS SECUNDARIAS","UNIDAD_DE_":7,"PK_DE_REFE":"PK10+210 - PK10+230","TIPO_DE_ES":"A DEFINIR POR LA EFR","COSTADO":"SUR","ACTIVIDADE":"*CONSTRUCCION DE PAVIMENTO Y URBANISMO.","ZONA_DE_IN":"ESPACIO EN VIA Y ANDEN","ANCHO_PROM":0,"ANCHO_PR_1":0,"ANCHO_PR_2":0,"ANCHO_PR_3":7.4000000000000004,"LONGITUD_A":0,"LONGITUD_R":20,"RESTRICCIO":"RESTITUCION DE VIA Y ANDEN","area":133.22048156299999,"MUNICIPIO":"BOGOTA D.C.","pk_ini":10210,"pk_end":10230,"cruze":"T2-2026","use":"public","ActivityId":" ","FMI":"VIA","NOTIFY":" ","DATE_NOT":null,"USO":" ","VERE":" ","PROPIETARI":"IDU","SECTOR":"URBANO","OBS":" ","Shape_Leng":53.826430637999998,"Shape_Area":132.74058581700001,"Color":1}},{"type":"Feature","id":120,"geometry":{"type":"Polygon","coordinates":[[[-74.139445791375508,4.6750105655712551],[-74.139537065353807,4.6750105574965088],[-74.13942097554137,4.6748916493712684],[-74.139439385567812,4.6748735253992759],[-74.139366997939987,4.6747985609910048],[-74.139366520996163,4.6747967388512128],[-74.139366301817944,4.6747948687603209],[-74.139366344013595,4.6747929859860147],[-74.139366647586399,4.6747911276049585],[-74.139367206230446,4.6747893297900802],[-74.139373063549797,4.6747769510963622],[-74.139415342888881,4.6746911646450027],[-74.13938692400454,4.6746784272552349],[-74.139402634350574,4.6746465725002242],[-74.139331753856254,4.6746143907960809],[-74.139305528542337,4.6746818907062941],[-74.139332542864906,4.6746906800118007],[-74.139354480859282,4.6746966537472492],[-74.139301398420372,4.6748625393808227],[-74.139325863465842,4.6748870259005004],[-74.139359768552353,4.6748280764544017],[-74.13938974113384,4.6748597897202542],[-74.139355468211164,4.6749174894456864],[-74.139445791375508,4.6750105655712551]]]},"properties":{"PARCEL_ID":"I87","EFR_ENTRG":"DELIVERED","RefName":"I87","ACT":-25,"DATE_DEL":1778716800000,"dateMax":1792022400000,"ACTA_No":7,"FID":120,"dateDel":1778716800000,"days":0,"TYPE":"SECONDARY","zoom":0,"Norder":0,"EMPRESAS_D":"AREAS SECUNDARIAS","UNIDAD_DE_":7,"PK_DE_REFE":"PK10+235 - PK10+255","TIPO_DE_ES":"A DEFINIR POR LA EFR","COSTADO":"SUR","ACTIVIDADE":"*CONSTRUCCION DE PAVIMENTO Y URBANISMO.","ZONA_DE_IN":"ESPACIO EN VIA","ANCHO_PROM":0,"ANCHO_PR_1":0,"ANCHO_PR_2":0,"ANCHO_PR_3":7.5,"LONGITUD_A":0,"LONGITUD_R":20,"RESTRICCIO":"RESTITUCION DE VIA Y ANDEN","area":335.70118205699998,"MUNICIPIO":"BOGOTA D.C.","pk_ini":10235,"pk_end":10255,"cruze":"T2-2026","use":"public","ActivityId":" ","FMI":"VIA","NOTIFY":" ","DATE_NOT":null,"USO":" ","VERE":" ","PROPIETARI":"IDU","SECTOR":"URBANO","OBS":" ","Shape_Leng":143.02976051499999,"Shape_Area":335.70107328400002,"Color":1}},{"type":"Feature","id":121,"geometry":{"type":"Polygon","coordinates":[[[-74.140767966603036,4.6766327752308214],[-74.140732380775006,4.6766832424790561],[-74.140782187407694,4.6767149674556912],[-74.140827753773635,4.6766800525057066],[-74.140767966603036,4.6766327752308214]]]},"properties":{"PARCEL_ID":"I88","EFR_ENTRG":"DELIVERED","RefName":"I88","ACT":-25,"DATE_DEL":1778716800000,"dateMax":1792022400000,"ACTA_No":7,"FID":121,"dateDel":1778716800000,"days":0,"TYPE":"SECONDARY","zoom":0,"Norder":0,"EMPRESAS_D":"AREAS SECUNDARIAS","UNIDAD_DE_":7,"PK_DE_REFE":"PK10+495 - PK10+500","TIPO_DE_ES":"A DEFINIR POR LA EFR","COSTADO":"NORTE","ACTIVIDADE":"*CONSTRUCCION DE PAVIMENTO Y URBANISMO.","ZONA_DE_IN":"ESPACIO EN VIA","ANCHO_PROM":0,"ANCHO_PR_1":0,"ANCHO_PR_2":0,"ANCHO_PR_3":6.7999999999999998,"LONGITUD_A":0,"LONGITUD_R":5,"RESTRICCIO":"RESTITUCION DE VIA","area":48.366497369500003,"MUNICIPIO":"BOGOTA D.C.","pk_ini":10495,"pk_end":10500,"cruze":"T2-2026","use":"public","ActivityId":" ","FMI":"VIA","NOTIFY":" ","DATE_NOT":null,"USO":" ","VERE":" ","PROPIETARI":"IDU","SECTOR":"URBANO","OBS":" ","Shape_Leng":28.1891994643,"Shape_Area":48.366913485399998,"Color":1}},{"type":"Feature","id":122,"geometry":{"type":"Polygon","coordinates":[[[-74.140958924333958,4.6768761580311855],[-74.140915024835678,4.6768250758081402],[-74.140763821768786,4.6767859582408935],[-74.14071884473131,4.676819658647168],[-74.14079468523029,4.676920901801342],[-74.140840202608615,4.67688231084073],[-74.140882478458678,4.6769388281097299],[-74.140958924333958,4.6768761580311855]]]},"properties":{"PARCEL_ID":"I89","EFR_ENTRG":"DELIVERED","RefName":"I89","ACT":-25,"DATE_DEL":1778716800000,"dateMax":1792022400000,"ACTA_No":7,"FID":122,"dateDel":1778716800000,"days":0,"TYPE":"SECONDARY","zoom":0,"Norder":0,"EMPRESAS_D":"AREAS SECUNDARIAS","UNIDAD_DE_":7,"PK_DE_REFE":"PK10+505 - PK10+530","TIPO_DE_ES":"A DEFINIR POR LA EFR","COSTADO":"NORTE","ACTIVIDADE":"*CONSTRUCCION DE PAVIMENTO Y URBANISMO.","ZONA_DE_IN":"ESPACIO EN VIA Y ANDEN","ANCHO_PROM":0,"ANCHO_PR_1":0,"ANCHO_PR_2":0,"ANCHO_PR_3":10.4,"LONGITUD_A":0,"LONGITUD_R":25,"RESTRICCIO":"RESTITUCION DE VIA Y ANDEN","area":241.263994951,"MUNICIPIO":"BOGOTA D.C.","pk_ini":10505,"pk_end":10530,"cruze":"T2-2026","use":"public","ActivityId":" ","FMI":"VIA","NOTIFY":" ","DATE_NOT":null,"USO":" ","VERE":" ","PROPIETARI":"IDU","SECTOR":"URBANO","OBS":" ","Shape_Leng":70.396039341900007,"Shape_Area":241.26386584100001,"Color":1}},{"type":"Feature","id":123,"geometry":{"type":"Polygon","coordinates":[[[-74.140995548256001,4.6768435797095051],[-74.141072695760442,4.6769257671246924],[-74.141101151745474,4.676898833328508],[-74.141027679187332,4.6768206887466572],[-74.140995548256001,4.6768435797095051]]]},"properties":{"PARCEL_ID":"I90","EFR_ENTRG":"DELIVERED","RefName":"I90","ACT":-25,"DATE_DEL":1778716800000,"dateMax":1792022400000,"ACTA_No":7,"FID":123,"dateDel":1778716800000,"days":0,"TYPE":"SECONDARY","zoom":0,"Norder":0,"EMPRESAS_D":"AREAS SECUNDARIAS","UNIDAD_DE_":7,"PK_DE_REFE":"PK10+530 - PK10+540","TIPO_DE_ES":"A DEFINIR POR LA EFR","COSTADO":"NORTE","ACTIVIDADE":"*CONSTRUCCION DE PAVIMENTO Y URBANISMO.","ZONA_DE_IN":"ESPACIO EN VIA","ANCHO_PROM":0,"ANCHO_PR_1":0,"ANCHO_PR_2":0,"ANCHO_PR_3":4.25,"LONGITUD_A":0,"LONGITUD_R":10,"RESTRICCIO":"RESTITUCION DE VIA","area":52.814009646000002,"MUNICIPIO":"BOGOTA D.C.","pk_ini":10530,"pk_end":10540,"cruze":"T2-2026","use":"public","ActivityId":" ","FMI":"VIA","NOTIFY":" ","DATE_NOT":null,"USO":" ","VERE":" ","PROPIETARI":"IDU","SECTOR":"URBANO","OBS":" ","Shape_Leng":33.076948563000002,"Shape_Area":52.814680145300002,"Color":1}},{"type":"Feature","id":124,"geometry":{"type":"Polygon","coordinates":[[[-74.140986565041857,4.6765732826961273],[-74.141077611718828,4.6765091390668863],[-74.141198485288072,4.6766783404943784],[-74.141258626686536,4.676635752941638],[-74.141234779166467,4.6766042345328636],[-74.141271086441407,4.676578686320406],[-74.141206588218509,4.6764819528769461],[-74.14116757184874,4.6765096734814788],[-74.141147517183455,4.676480328682544],[-74.141109043293099,4.6765069622556839],[-74.141011485928132,4.6763939271113193],[-74.14097788814172,4.6764216472141182],[-74.140957293394266,4.6763999095021189],[-74.140894881982518,4.6764563928400964],[-74.140980461708963,4.6765659266991149],[-74.140986565041857,4.6765732826961273]]]},"properties":{"PARCEL_ID":"I91","EFR_ENTRG":"DELIVERED","RefName":"I91","ACT":-25,"DATE_DEL":1778716800000,"dateMax":1792022400000,"ACTA_No":7,"FID":124,"dateDel":1778716800000,"days":0,"TYPE":"SECONDARY","zoom":0,"Norder":0,"EMPRESAS_D":"AREAS SECUNDARIAS","UNIDAD_DE_":7,"PK_DE_REFE":"PK10+490 - PK10+530","TIPO_DE_ES":"A DEFINIR POR LA EFR","COSTADO":"SUR","ACTIVIDADE":"*CONSTRUCCION DE PAVIMENTO Y URBANISMO.","ZONA_DE_IN":"ESPACIO EN VIA Y ANDEN","ANCHO_PROM":0,"ANCHO_PR_1":0,"ANCHO_PR_2":0,"ANCHO_PR_3":15,"LONGITUD_A":0,"LONGITUD_R":40,"RESTRICCIO":"RESTITUCION DE VIA Y ANDEN","area":480.629044626,"MUNICIPIO":"BOGOTA D.C.","pk_ini":10490,"pk_end":10530,"cruze":"T2-2026","use":"public","ActivityId":" ","FMI":"VIA","NOTIFY":" ","DATE_NOT":null,"USO":" ","VERE":" ","PROPIETARI":"IDU","SECTOR":"URBANO","OBS":" ","Shape_Leng":130.57440210799999,"Shape_Area":480.62911612200003,"Color":1}},{"type":"Feature","id":125,"geometry":{"type":"Polygon","coordinates":[[[-74.141274661993407,4.6768888764882561],[-74.141319913653277,4.6768424542089733],[-74.141202303890353,4.676726159983426],[-74.141214767923458,4.6767163760398738],[-74.141186585514859,4.6766886615456116],[-74.141128023896812,4.6767392231415679],[-74.141274661993407,4.6768888764882561]]]},"properties":{"PARCEL_ID":"I92","EFR_ENTRG":"DELIVERED","RefName":"I92","ACT":-25,"DATE_DEL":1778716800000,"dateMax":1792022400000,"ACTA_No":7,"FID":125,"dateDel":1778716800000,"days":0,"TYPE":"SECONDARY","zoom":0,"Norder":0,"EMPRESAS_D":"AREAS SECUNDARIAS","UNIDAD_DE_":7,"PK_DE_REFE":"PK10+530 - PK10+550","TIPO_DE_ES":"A DEFINIR POR LA EFR","COSTADO":"SUR","ACTIVIDADE":"*CONSTRUCCION DE PAVIMENTO Y URBANISMO.","ZONA_DE_IN":"ESPACIO EN VIA Y ANDEN","ANCHO_PROM":0,"ANCHO_PR_1":0,"ANCHO_PR_2":0,"ANCHO_PR_3":7,"LONGITUD_A":0,"LONGITUD_R":20,"RESTRICCIO":"RESTITUCION DE VIA Y ANDEN","area":167.87899226100001,"MUNICIPIO":"BOGOTA D.C.","pk_ini":10530,"pk_end":10550,"cruze":"T2-2026","use":"public","ActivityId":" ","FMI":"VIA","NOTIFY":" ","DATE_NOT":null,"USO":" ","VERE":" ","PROPIETARI":"IDU","SECTOR":"URBANO","OBS":" ","Shape_Leng":63.414715208099999,"Shape_Area":167.87887305699999,"Color":1}},{"type":"Feature","id":126,"geometry":{"type":"Polygon","coordinates":[[[-74.142300732383063,4.6779401820358721],[-74.142427930942461,4.6780707442624339],[-74.142471748951181,4.6780277376164188],[-74.14234570851994,4.6778967584041835],[-74.142300732383063,4.6779401820358721]]]},"properties":{"PARCEL_ID":"I94","EFR_ENTRG":"DELIVERED","RefName":"I94","ACT":-25,"DATE_DEL":1778716800000,"dateMax":1792022400000,"ACTA_No":7,"FID":126,"dateDel":1778716800000,"days":0,"TYPE":"SECONDARY","zoom":0,"Norder":0,"EMPRESAS_D":"AREAS SECUNDARIAS","UNIDAD_DE_":7,"PK_DE_REFE":"PK10+715 - PK10+735","TIPO_DE_ES":"A DEFINIR POR LA EFR","COSTADO":"SUR","ACTIVIDADE":"*CONSTRUCCION DE PAVIMENTO Y URBANISMO.","ZONA_DE_IN":"ESPACIO EN VIA","ANCHO_PROM":0,"ANCHO_PR_1":0,"ANCHO_PR_2":0,"ANCHO_PR_3":6.9000000000000004,"LONGITUD_A":0,"LONGITUD_R":20,"RESTRICCIO":"RESTITUCION DE VIA","area":141.63786451000001,"MUNICIPIO":"BOGOTA D.C.","pk_ini":10715,"pk_end":10735,"cruze":"T2-2026","use":"public","ActivityId":" ","FMI":"VIA","NOTIFY":" ","DATE_NOT":null,"USO":" ","VERE":" ","PROPIETARI":"IDU","SECTOR":"URBANO","OBS":" ","Shape_Leng":54.049071073,"Shape_Area":138.36828968500001,"Color":1}},{"type":"Feature","id":127,"geometry":{"type":"Polygon","coordinates":[[[-74.142507306367236,4.6780216664064795],[-74.142594500054884,4.6781040607053406],[-74.142615228451405,4.6780884648825323],[-74.142594806419666,4.67806419152401],[-74.142605628382057,4.6780553717015358],[-74.142567967822913,4.6780081124227051],[-74.142555792028972,4.6780160280618928],[-74.142539548795909,4.6779958851946555],[-74.142507306367236,4.6780216664064795]]]},"properties":{"PARCEL_ID":"I95","EFR_ENTRG":"DELIVERED","RefName":"I95","ACT":-25,"DATE_DEL":1778716800000,"dateMax":1792022400000,"ACTA_No":7,"FID":127,"dateDel":1778716800000,"days":0,"TYPE":"SECONDARY","zoom":0,"Norder":0,"EMPRESAS_D":"AREAS SECUNDARIAS","UNIDAD_DE_":7,"PK_DE_REFE":"PK10+735 - PK10+750","TIPO_DE_ES":"A DEFINIR POR LA EFR","COSTADO":"SUR","ACTIVIDADE":"*CONSTRUCCION DE PAVIMENTO Y URBANISMO.","ZONA_DE_IN":"ESPACIO EN VIA Y ANDEN","ANCHO_PROM":0,"ANCHO_PR_1":0,"ANCHO_PR_2":0,"ANCHO_PR_3":5.2000000000000002,"LONGITUD_A":0,"LONGITUD_R":15,"RESTRICCIO":"RESTITUCION DE VIA Y ANDEN","area":59.417176993600002,"MUNICIPIO":"BOGOTA D.C.","pk_ini":10735,"pk_end":10750,"cruze":"T2-2026","use":"public","ActivityId":" ","FMI":"VIA","NOTIFY":" ","DATE_NOT":null,"USO":" ","VERE":" ","PROPIETARI":"IDU","SECTOR":"URBANO","OBS":" ","Shape_Leng":36.964015556,"Shape_Area":59.416666503999998,"Color":1}},{"type":"Feature","id":128,"geometry":{"type":"Polygon","coordinates":[[[-74.142538743176672,4.6781927894009261],[-74.142646315204189,4.6783139639732951],[-74.142687748195314,4.6782786938950194],[-74.142573386436268,4.6781449699666329],[-74.142583983138465,4.6781368283968012],[-74.142570035110381,4.6781221645222102],[-74.142538743176672,4.6781927894009261]]]},"properties":{"PARCEL_ID":"I96","EFR_ENTRG":"DELIVERED","RefName":"I96","ACT":-25,"DATE_DEL":1778716800000,"dateMax":1792022400000,"ACTA_No":7,"FID":128,"dateDel":1778716800000,"days":0,"TYPE":"SECONDARY","zoom":0,"Norder":0,"EMPRESAS_D":"AREAS SECUNDARIAS","UNIDAD_DE_":7,"PK_DE_REFE":"PK10+750 - PK10+770","TIPO_DE_ES":"A DEFINIR POR LA EFR","COSTADO":"SUR","ACTIVIDADE":"*CONSTRUCCION DE PAVIMENTO Y URBANISMO.","ZONA_DE_IN":"ESPACIO EN VIA","ANCHO_PROM":0,"ANCHO_PR_1":0,"ANCHO_PR_2":0,"ANCHO_PR_3":6.2999999999999998,"LONGITUD_A":0,"LONGITUD_R":20,"RESTRICCIO":"RESTITUCION DE VIA","area":124.13934315,"MUNICIPIO":"BOGOTA D.C.","pk_ini":10750,"pk_end":10770,"cruze":"T2-2026","use":"public","ActivityId":" ","FMI":"VIA","NOTIFY":" ","DATE_NOT":null,"USO":" ","VERE":" ","PROPIETARI":"IDU","SECTOR":"URBANO","OBS":" ","Shape_Leng":55.7272236142,"Shape_Area":123.52177521900001,"Color":1}},{"type":"Feature","id":129,"geometry":{"type":"Polygon","coordinates":[[[-74.142291168990582,4.6783255756902475],[-74.142319663921157,4.6783006123300916],[-74.142332290760692,4.678316528799205],[-74.142362946834425,4.6782897566202148],[-74.14237835565082,4.6782923017254401],[-74.142375283734822,4.6782891061838514],[-74.142284385361748,4.6782224616375876],[-74.142344312788495,4.6781654249712163],[-74.142322258665459,4.6781427957886841],[-74.142206378031673,4.6780256605743427],[-74.14217319548915,4.6780607526181281],[-74.142281779528219,4.6781714353674877],[-74.142250040329571,4.6782007397069183],[-74.14227529170094,4.6782271431796101],[-74.142263390729283,4.6782441470887255],[-74.14227782029424,4.6782615084771155],[-74.142252210986044,4.6782828543347907],[-74.142291168990582,4.6783255756902475]]]},"properties":{"PARCEL_ID":"I93","EFR_ENTRG":"DELIVERED","RefName":"I93","ACT":-25,"DATE_DEL":1778716800000,"dateMax":1792022400000,"ACTA_No":7,"FID":129,"dateDel":1778716800000,"days":0,"TYPE":"SECONDARY","zoom":0,"Norder":0,"EMPRESAS_D":"AREAS SECUNDARIAS","UNIDAD_DE_":7,"PK_DE_REFE":"PK10+715 - PK10+750","TIPO_DE_ES":"A DEFINIR POR LA EFR","COSTADO":"NORTE","ACTIVIDADE":"*CONSTRUCCION DE PAVIMENTO Y URBANISMO.","ZONA_DE_IN":"ESPACIO EN VIA Y ANDEN","ANCHO_PROM":0,"ANCHO_PR_1":0,"ANCHO_PR_2":0,"ANCHO_PR_3":7.4000000000000004,"LONGITUD_A":0,"LONGITUD_R":35,"RESTRICCIO":"RESTITUCION DE VIA Y ANDEN","area":212.44995268400001,"MUNICIPIO":"BOGOTA D.C.","pk_ini":10715,"pk_end":10750,"cruze":"T2-2026","use":"public","ActivityId":" ","FMI":"VIA","NOTIFY":" ","DATE_NOT":null,"USO":" ","VERE":" ","PROPIETARI":"IDU","SECTOR":"URBANO","OBS":" ","Shape_Leng":102.83560249,"Shape_Area":212.363916174,"Color":1}},{"type":"Feature","id":130,"geometry":{"type":"Polygon","coordinates":[[[-74.142474365294973,4.6783686661968007],[-74.142534363248998,4.6784313463869243],[-74.142568380517304,4.6783976107115395],[-74.142509166929017,4.6783374995918861],[-74.142474365294973,4.6783686661968007]]]},"properties":{"PARCEL_ID":"I97","EFR_ENTRG":"DELIVERED","RefName":"I97","ACT":-25,"DATE_DEL":1778716800000,"dateMax":1792022400000,"ACTA_No":7,"FID":130,"dateDel":1778716800000,"days":0,"TYPE":"SECONDARY","zoom":0,"Norder":0,"EMPRESAS_D":"AREAS SECUNDARIAS","UNIDAD_DE_":7,"PK_DE_REFE":"PK10+760 - PK10+770","TIPO_DE_ES":"A DEFINIR POR LA EFR","COSTADO":"NORTE","ACTIVIDADE":"*CONSTRUCCION DE PAVIMENTO Y URBANISMO.","ZONA_DE_IN":"ESPACIO EN VIA","ANCHO_PROM":0,"ANCHO_PR_1":0,"ANCHO_PR_2":0,"ANCHO_PR_3":6.2999999999999998,"LONGITUD_A":0,"LONGITUD_R":10,"RESTRICCIO":"RESTITUCION DE VIA","area":49.664481502000001,"MUNICIPIO":"BOGOTA D.C.","pk_ini":10760,"pk_end":10770,"cruze":"T2-2026","use":"public","ActivityId":" ","FMI":"VIA","NOTIFY":" ","DATE_NOT":null,"USO":" ","VERE":" ","PROPIETARI":"IDU","SECTOR":"URBANO","OBS":" ","Shape_Leng":29.438668601100002,"Shape_Area":49.6516857843,"Color":1}},{"type":"Feature","id":131,"geometry":{"type":"Polygon","coordinates":[[[-74.144728048088027,4.6804840142698616],[-74.14472894677283,4.6804849410996301],[-74.144751077666129,4.6805076660520282],[-74.144881943996381,4.6806420201271308],[-74.144927601177201,4.6806043793192851],[-74.144805815524691,4.6804897247377379],[-74.144817899178904,4.6804794687184597],[-74.144793121813336,4.6804540889731978],[-74.14484392042327,4.6804114133915364],[-74.144827091406611,4.6803931787275124],[-74.144895189876635,4.6803349238614746],[-74.144850415424315,4.680281830799589],[-74.14480672747834,4.6803181918167596],[-74.144793713083729,4.6803032774054474],[-74.144713774351715,4.6803722711567568],[-74.144657064091732,4.6803107492655798],[-74.144644052365393,4.6803238014927224],[-74.144563167769505,4.6802277879726102],[-74.144518584185519,4.680266945179409],[-74.144660890077418,4.6804144170044939],[-74.144701690616699,4.680381677124374],[-74.144738993403365,4.6803793350003184],[-74.144784461752238,4.6804313536841526],[-74.144728048088027,4.6804840142698616]]]},"properties":{"PARCEL_ID":"I98","EFR_ENTRG":"DELIVERED","RefName":"I98","ACT":-25,"DATE_DEL":1778716800000,"dateMax":1792022400000,"ACTA_No":7,"FID":131,"dateDel":1778716800000,"days":0,"TYPE":"SECONDARY","zoom":0,"Norder":0,"EMPRESAS_D":"AREAS SECUNDARIAS","UNIDAD_DE_":7,"PK_DE_REFE":"PK11+070 - PK11+130","TIPO_DE_ES":"A DEFINIR POR LA EFR","COSTADO":"SUR","ACTIVIDADE":"*CONSTRUCCION DE PAVIMENTO Y URBANISMO.","ZONA_DE_IN":"ESPACIO EN VIA Y ANDEN","ANCHO_PROM":0,"ANCHO_PR_1":0,"ANCHO_PR_2":0,"ANCHO_PR_3":7.5,"LONGITUD_A":0,"LONGITUD_R":60,"RESTRICCIO":"RESTITUCION DE VIA Y ANDEN","area":484.70976491099998,"MUNICIPIO":"BOGOTA D.C.","pk_ini":11070,"pk_end":11130,"cruze":"T2-2026","use":"public","ActivityId":" ","FMI":"VIA","NOTIFY":" ","DATE_NOT":null,"USO":" ","VERE":" ","PROPIETARI":"IDU","SECTOR":"URBANO","OBS":" ","Shape_Leng":183.73522873300001,"Shape_Area":484.71131212500001,"Color":1}},{"type":"Feature","id":132,"geometry":{"type":"Polygon","coordinates":[[[-74.144814122074692,4.6807178809451715],[-74.144637170556962,4.6805562636689784],[-74.144599672531385,4.6805907051371642],[-74.144554228569817,4.6805486736210797],[-74.14453383906114,4.6805266574734254],[-74.144468563768029,4.6805886233161917],[-74.144486635039129,4.6806096648431721],[-74.144465070555796,4.6806289558048189],[-74.144508207859957,4.6806780520045974],[-74.144529188189708,4.6806575927311309],[-74.144548425580311,4.6806768797864615],[-74.144606123853649,4.6806266037531614],[-74.144648094828852,4.6806751158727877],[-74.144683646154192,4.6806417941227387],[-74.144783325445033,4.6807452464696526],[-74.144814122074692,4.6807178809451715]]]},"properties":{"PARCEL_ID":"I99","EFR_ENTRG":"DELIVERED","RefName":"I99","ACT":-25,"DATE_DEL":1778716800000,"dateMax":1792022400000,"ACTA_No":7,"FID":132,"dateDel":1778716800000,"days":0,"TYPE":"SECONDARY","zoom":0,"Norder":0,"EMPRESAS_D":"AREAS SECUNDARIAS","UNIDAD_DE_":7,"PK_DE_REFE":"PK11+095 - PK11+130","TIPO_DE_ES":"A DEFINIR POR LA EFR","COSTADO":"NORTE","ACTIVIDADE":"*CONSTRUCCION DE PAVIMENTO Y URBANISMO.","ZONA_DE_IN":"ESPACIO EN VIA Y ANDEN","ANCHO_PROM":0,"ANCHO_PR_1":0,"ANCHO_PR_2":0,"ANCHO_PR_3":14,"LONGITUD_A":0,"LONGITUD_R":35,"RESTRICCIO":"RESTITUCION DE VIA Y ANDEN","area":306.87804121699997,"MUNICIPIO":"BOGOTA D.C.","pk_ini":11095,"pk_end":11130,"cruze":"T2-2026","use":"public","ActivityId":" ","FMI":"VIA","NOTIFY":" ","DATE_NOT":null,"USO":" ","VERE":" ","PROPIETARI":"IDU","SECTOR":"URBANO","OBS":" ","Shape_Leng":113.575204175,"Shape_Area":306.87786592200001,"Color":1}},{"type":"Feature","id":133,"geometry":{"type":"Polygon","coordinates":[[[-74.14789346872486,4.6836145006656116],[-74.147953596554174,4.6836867850131343],[-74.148044381257307,4.6836140730965594],[-74.148033391199263,4.6836005258587177],[-74.147999546262596,4.6836269043253234],[-74.147961120462938,4.6835769108027572],[-74.147972784314831,4.683568651484725],[-74.147964321838714,4.6835583323715353],[-74.14789346872486,4.6836145006656116]]]},"properties":{"PARCEL_ID":"I100","EFR_ENTRG":"DELIVERED","RefName":"I100","ACT":-25,"DATE_DEL":1778716800000,"dateMax":1792022400000,"ACTA_No":7,"FID":133,"dateDel":1778716800000,"days":0,"TYPE":"SECONDARY","zoom":0,"Norder":0,"EMPRESAS_D":"AREAS SECUNDARIAS","UNIDAD_DE_":7,"PK_DE_REFE":"PK11+595 - PK11+610","TIPO_DE_ES":"A DEFINIR POR LA EFR","COSTADO":"SUR","ACTIVIDADE":"*CONSTRUCCION DE PAVIMENTO Y URBANISMO.","ZONA_DE_IN":"ESPACIO EN VIA Y ANDEN","ANCHO_PROM":0,"ANCHO_PR_1":0,"ANCHO_PR_2":0,"ANCHO_PR_3":8.5,"LONGITUD_A":0,"LONGITUD_R":15,"RESTRICCIO":"RESTITUCION DE VIA Y ANDEN","area":97.654692247499995,"MUNICIPIO":"BOGOTA D.C.","pk_ini":11595,"pk_end":11610,"cruze":"T2-2026","use":"public","ActivityId":" ","FMI":"VIA","NOTIFY":" ","DATE_NOT":null,"USO":" ","VERE":" ","PROPIETARI":"INSTITUTO DE DESARROLLO URBANO","SECTOR":"URBANO","OBS":" ","Shape_Leng":50.048152168000001,"Shape_Area":97.654871174299998,"Color":1}},{"type":"Feature","id":134,"geometry":{"type":"Polygon","coordinates":[[[-74.148082862564053,4.6839299820651386],[-74.148087178341981,4.6839332877804951],[-74.148099727534216,4.6839455471249698],[-74.148116140097002,4.6839615788531015],[-74.148120107939221,4.683964560861039],[-74.148140482927687,4.6839834769317523],[-74.148216183607857,4.6839126818414005],[-74.148208483704153,4.6839031240818221],[-74.148182459921671,4.6839259207057724],[-74.148150196996539,4.6838917338796646],[-74.148131452088563,4.6838779957135381],[-74.148073893555576,4.6838118296725346],[-74.148041632922471,4.6837824230142964],[-74.147986273882921,4.6837191993628577],[-74.147921922996616,4.6837776838422052],[-74.147991286961172,4.6838454683223665],[-74.147991321214093,4.6838455017783103],[-74.148082862564053,4.6839299820651386]]]},"properties":{"PARCEL_ID":"I102","EFR_ENTRG":"DELIVERED","RefName":"I102","ACT":-25,"DATE_DEL":1778716800000,"dateMax":1792022400000,"ACTA_No":7,"FID":134,"dateDel":1778716800000,"days":0,"TYPE":"SECONDARY","zoom":0,"Norder":0,"EMPRESAS_D":"AREAS SECUNDARIAS","UNIDAD_DE_":7,"PK_DE_REFE":"PK11+610 - PK11+645","TIPO_DE_ES":"A DEFINIR POR LA EFR","COSTADO":"SUR","ACTIVIDADE":"*CONSTRUCCION DE PAVIMENTO Y URBANISMO.","ZONA_DE_IN":"ESPACIO EN VIA Y ANDEN","ANCHO_PROM":0,"ANCHO_PR_1":0,"ANCHO_PR_2":0,"ANCHO_PR_3":9.4000000000000004,"LONGITUD_A":0,"LONGITUD_R":35,"RESTRICCIO":"RESTITUCION DE VIA Y ANDEN","area":290.92941765900002,"MUNICIPIO":"BOGOTA D.C.","pk_ini":11610,"pk_end":11645,"cruze":"T2-2026","use":"public","ActivityId":" ","FMI":"VIA","NOTIFY":" ","DATE_NOT":null,"USO":" ","VERE":" ","PROPIETARI":"INSTITUTO DE DESARROLLO URBANO","SECTOR":"URBANO","OBS":" ","Shape_Leng":91.207775149100001,"Shape_Area":290.92946994599998,"Color":1}},{"type":"Feature","id":135,"geometry":{"type":"Polygon","coordinates":[[[-74.147759455444699,4.6838477515159012],[-74.147700722915516,4.6837762212049388],[-74.147650695599168,4.6838172962879954],[-74.147631883292092,4.6837963887591911],[-74.147571178079872,4.6838451551446214],[-74.147589550761964,4.683868193269336],[-74.147594828157466,4.6838617251278274],[-74.147637661158981,4.6839100344063498],[-74.147627691630518,4.6839170926276221],[-74.147651151796524,4.6839453173525882],[-74.147683986764108,4.6839135583699374],[-74.147721519566488,4.6839564839236534],[-74.14773910976389,4.6839417799138312],[-74.14784819268047,4.6840482114563811],[-74.147898080072636,4.683995857841091],[-74.147759455444699,4.6838477515159012]]]},"properties":{"PARCEL_ID":"I103","EFR_ENTRG":"DELIVERED","RefName":"I103","ACT":-25,"DATE_DEL":1778716800000,"dateMax":1792022400000,"ACTA_No":7,"FID":135,"dateDel":1778716800000,"days":0,"TYPE":"SECONDARY","zoom":0,"Norder":0,"EMPRESAS_D":"AREAS SECUNDARIAS","UNIDAD_DE_":7,"PK_DE_REFE":"PK11+610 - PK11+630","TIPO_DE_ES":"A DEFINIR POR LA EFR","COSTADO":"NORTE","ACTIVIDADE":"*CONSTRUCCION DE PAVIMENTO Y URBANISMO.","ZONA_DE_IN":"ESPACIO EN VIA Y ANDEN","ANCHO_PROM":0,"ANCHO_PR_1":0,"ANCHO_PR_2":0,"ANCHO_PR_3":8.5,"LONGITUD_A":0,"LONGITUD_R":20,"RESTRICCIO":"RESTITUCION DE VIA Y ANDEN","area":398.50393655900001,"MUNICIPIO":"BOGOTA D.C.","pk_ini":11610,"pk_end":11630,"cruze":"T2-2026","use":"public","ActivityId":" ","FMI":"VIA","NOTIFY":" ","DATE_NOT":null,"USO":" ","VERE":" ","PROPIETARI":"INSTITUTO DE DESARROLLO URBANO","SECTOR":"URBANO","OBS":" ","Shape_Leng":107.192402788,"Shape_Area":398.503558451,"Color":1}},{"type":"Feature","id":136,"geometry":{"type":"Polygon","coordinates":[[[-74.147427605727955,4.6835008016941044],[-74.147662156821553,4.6837653824188248],[-74.147706700144525,4.6837197610235437],[-74.147448952802151,4.6834522870384809],[-74.147415113298266,4.6834790706066967],[-74.1473996847498,4.6834606531979404],[-74.14743116467298,4.6834342062690411],[-74.147313005542401,4.6833253266963419],[-74.147275523760939,4.6833601028979075],[-74.147289117103099,4.6833770464701638],[-74.147304176161896,4.683377781074439],[-74.147427605727955,4.6835008016941044]]]},"properties":{"PARCEL_ID":"I101","EFR_ENTRG":"DELIVERED","RefName":"I101","ACT":-25,"DATE_DEL":1778716800000,"dateMax":1792022400000,"ACTA_No":7,"FID":136,"dateDel":1778716800000,"days":0,"TYPE":"SECONDARY","zoom":0,"Norder":0,"EMPRESAS_D":"AREAS SECUNDARIAS","UNIDAD_DE_":7,"PK_DE_REFE":"PK11+530 - PK11+595","TIPO_DE_ES":"A DEFINIR POR LA EFR","COSTADO":"NORTE","ACTIVIDADE":"*CONSTRUCCION DE PAVIMENTO Y URBANISMO.","ZONA_DE_IN":"ESPACIO EN VIA Y ANDEN","ANCHO_PROM":0,"ANCHO_PR_1":0,"ANCHO_PR_2":0,"ANCHO_PR_3":3.7000000000000002,"LONGITUD_A":0,"LONGITUD_R":65,"RESTRICCIO":"RESTITUCION DE VIA Y ANDEN","area":354.12994370600001,"MUNICIPIO":"BOGOTA D.C.","pk_ini":11530,"pk_end":11595,"cruze":"T2-2026","use":"public","ActivityId":" ","FMI":"VIA","NOTIFY":" ","DATE_NOT":null,"USO":" ","VERE":" ","PROPIETARI":"INSTITUTO DE DESARROLLO URBANO","SECTOR":"URBANO","OBS":" ","Shape_Leng":146.203515891,"Shape_Area":353.31402858600001,"Color":1}},{"type":"Feature","id":137,"geometry":{"type":"Polygon","coordinates":[[[-74.150666780320137,4.6864797913716751],[-74.150699228817288,4.6864933960031276],[-74.150762197750097,4.6864757101825205],[-74.150839079016805,4.6865421036571657],[-74.150851053643237,4.6865579531133896],[-74.150865011427314,4.6865764845391258],[-74.15095391537136,4.6865144071105025],[-74.150851557829398,4.6863624904774266],[-74.150666780320137,4.6864797913716751]]]},"properties":{"PARCEL_ID":"I105","EFR_ENTRG":"DELIVERED","RefName":"I105","ACT":-25,"DATE_DEL":1778716800000,"dateMax":1792022400000,"ACTA_No":7,"FID":137,"dateDel":1778716800000,"days":0,"TYPE":"SECONDARY","zoom":0,"Norder":0,"EMPRESAS_D":"AREAS SECUNDARIAS","UNIDAD_DE_":8,"PK_DE_REFE":"KP12+028 - KP12+060","TIPO_DE_ES":"A DEFINIR POR LA EFR","COSTADO":"SUR","ACTIVIDADE":"*CONSTRUCCION DE PAVIMENTO Y UBRANISMO","ZONA_DE_IN":"ESPACIO EN VIA Y ANDEN","ANCHO_PROM":0,"ANCHO_PR_1":0,"ANCHO_PR_2":0,"ANCHO_PR_3":24.27,"LONGITUD_A":0,"LONGITUD_R":20.199999999999999,"RESTRICCIO":"RESTITUCION DE VIA Y ANDEN","area":315.63743499499998,"MUNICIPIO":"BOGOTA D.C.","pk_ini":12028,"pk_end":12060,"cruze":"T2-2026","use":"public","ActivityId":" ","FMI":"VIA","NOTIFY":" ","DATE_NOT":null,"USO":" ","VERE":" ","PROPIETARI":"INSTITUTO DE DESARROLLO URBANO","SECTOR":"URBANO","OBS":" ","Shape_Leng":83.734386683400004,"Shape_Area":315.63698967699997,"Color":1}},{"type":"Feature","id":138,"geometry":{"type":"Polygon","coordinates":[[[-74.15047498517049,4.6868404838640165],[-74.150532846689913,4.686799288394444],[-74.150540984875761,4.6868106076730749],[-74.15058674971722,4.6867760275726544],[-74.150463143289926,4.6866618987152915],[-74.150430332536288,4.6866316042000316],[-74.150477344329502,4.6866013510909683],[-74.150501489659959,4.686585813460435],[-74.150509856844408,4.686580428335974],[-74.150503026004884,4.6865734134269843],[-74.150484331173899,4.6865917438962788],[-74.150486114143774,4.6865935053023424],[-74.150472698160868,4.6866020650751343],[-74.15042825715193,4.686556501626721],[-74.150419106200872,4.6865654733180167],[-74.150459700359008,4.6866103788322153],[-74.150354285059223,4.6866788785075215],[-74.15047498517049,4.6868404838640165]]]},"properties":{"PARCEL_ID":"I104","EFR_ENTRG":"DELIVERED","RefName":"I104","ACT":-25,"DATE_DEL":1778716800000,"dateMax":1792022400000,"ACTA_No":7,"FID":138,"dateDel":1778716800000,"days":0,"TYPE":"SECONDARY","zoom":0,"Norder":0,"EMPRESAS_D":"AREAS SECUNDARIAS","UNIDAD_DE_":8,"PK_DE_REFE":"KP12+030 - KP12+050","TIPO_DE_ES":"A DEFINIR POR LA EFR","COSTADO":"NORTE","ACTIVIDADE":"*CONSTRUCCION DE PAVIMENTO Y UBRANISMO","ZONA_DE_IN":"ESPACIO EN VIA Y ANDEN","ANCHO_PROM":0,"ANCHO_PR_1":0,"ANCHO_PR_2":0,"ANCHO_PR_3":13.640000000000001,"LONGITUD_A":0,"LONGITUD_R":20,"RESTRICCIO":"RESTITUCION DE VIA Y ANDEN","area":286.29445602700002,"MUNICIPIO":"BOGOTA D.C.","pk_ini":12030,"pk_end":12050,"cruze":"T2-2026","use":"public","ActivityId":" ","FMI":"VIA","NOTIFY":" ","DATE_NOT":null,"USO":" ","VERE":" ","PROPIETARI":"INSTITUTO DE DESARROLLO URBANO","SECTOR":"URBANO","OBS":" ","Shape_Leng":107.303927261,"Shape_Area":286.28963659499999,"Color":1}},{"type":"Feature","id":139,"geometry":{"type":"Polygon","coordinates":[[[-74.13237555712432,4.6674715523374939],[-74.132354196376184,4.6674906385430299],[-74.132402360982695,4.6675369860356755],[-74.132420615815619,4.6675167298959934],[-74.13237555712432,4.6674715523374939]]]},"properties":{"PARCEL_ID":"I77A","EFR_ENTRG":"DELIVERED","RefName":"I77A","ACT":-25,"DATE_DEL":1778716800000,"dateMax":1792022400000,"ACTA_No":7,"FID":139,"dateDel":1778716800000,"days":0,"TYPE":"SECONDARY","zoom":0,"Norder":0,"EMPRESAS_D":"AREAS SECUNDARIAS","UNIDAD_DE_":6,"PK_DE_REFE":"PK09+115 - PK09+125","TIPO_DE_ES":"A DEFINIR POR LA EFR","COSTADO":"SUR","ACTIVIDADE":"*CONSTRUCCIÓN DE URBANISMO","ZONA_DE_IN":"ESPACIO EN ZONAS VERDES Y ANDEN","ANCHO_PROM":0,"ANCHO_PR_1":0,"ANCHO_PR_2":0,"ANCHO_PR_3":3.2000000000000002,"LONGITUD_A":0,"LONGITUD_R":10,"RESTRICCIO":"RESTITUCION ZONAS VERDES Y ANDEN","area":22.371548859400001,"MUNICIPIO":"BOGOTA D.C.","pk_ini":9115,"pk_end":9125,"cruze":"T2-2026","use":"public","ActivityId":" ","FMI":"VIA","NOTIFY":" ","DATE_NOT":null,"USO":" ","VERE":" ","PROPIETARI":"IDU","SECTOR":"URBANO","OBS":" ","Shape_Leng":20.665599104399998,"Shape_Area":22.3714467434,"Color":1}},{"type":"Feature","id":140,"geometry":{"type":"Polygon","coordinates":[[[-74.132205172473036,4.6680232682387208],[-74.132232985945905,4.6679978242428284],[-74.132188841220611,4.6679537154950603],[-74.132163513417311,4.6679782133884764],[-74.132205172473036,4.6680232682387208]]]},"properties":{"PARCEL_ID":"I77-Act7","EFR_ENTRG":"DELIVERED","RefName":"I77-Act7","ACT":-25,"DATE_DEL":1778716800000,"dateMax":1792022400000,"ACTA_No":7,"FID":140,"dateDel":1778716800000,"days":0,"TYPE":"SECONDARY","zoom":0,"Norder":0,"EMPRESAS_D":"AREAS SECUNDARIAS","UNIDAD_DE_":6,"PK_DE_REFE":"PK09+140 - PK09+150","TIPO_DE_ES":"A DEFINIR POR LA EFR","COSTADO":"NORTE","ACTIVIDADE":"*CONSTRUCCIÓN DE URBANISMO","ZONA_DE_IN":"ESPACIO EN ZONAS VERDES Y ANDEN","ANCHO_PROM":0,"ANCHO_PR_1":0,"ANCHO_PR_2":0,"ANCHO_PR_3":6.8499999999999996,"LONGITUD_A":0,"LONGITUD_R":10,"RESTRICCIO":"RESTITUCION ZONAS VERDES Y ANDEN","area":27.678073361500001,"MUNICIPIO":"BOGOTA D.C.","pk_ini":9140,"pk_end":9150,"cruze":"T2-2026","use":"public","ActivityId":" ","FMI":"VIA","NOTIFY":" ","DATE_NOT":null,"USO":" ","VERE":" ","PROPIETARI":"IDU","SECTOR":"URBANO","OBS":" ","Shape_Leng":21.787963219000002,"Shape_Area":27.678011155099998,"Color":1}},{"type":"Feature","id":141,"geometry":{"type":"Polygon","coordinates":[[[-74.13657354691361,4.6722869453320293],[-74.136505780744884,4.6722224810591513],[-74.136393475832222,4.6721073647628719],[-74.136307197846321,4.6721803786585889],[-74.1362874577855,4.6722018829674585],[-74.136293240934037,4.6722075615415113],[-74.136240251147584,4.6722586720876116],[-74.136283688083822,4.672304010487915],[-74.136297615402782,4.6722894119682579],[-74.136314416913805,4.6723070120245724],[-74.136329605875886,4.6722904673260439],[-74.136401691726931,4.6723634371811222],[-74.136480964505694,4.6722857087975163],[-74.136528596271049,4.672333540912998],[-74.13657354691361,4.6722869453320293]]]},"properties":{"PARCEL_ID":"I81-Act7","EFR_ENTRG":"DELIVERED","RefName":"I81-Act7","ACT":-25,"DATE_DEL":1778716800000,"dateMax":1792022400000,"ACTA_No":7,"FID":141,"dateDel":1778716800000,"days":0,"TYPE":"SECONDARY","zoom":0,"Norder":0,"EMPRESAS_D":"AREAS SECUNDARIAS","UNIDAD_DE_":6,"PK_DE_REFE":"PK09+800 - PK09+825","TIPO_DE_ES":"A DEFINIR POR LA EFR","COSTADO":"NORTE","ACTIVIDADE":"*CONSTRUCCION DE PAVIMENTO Y URBANISMO DE LA INTERSECCIÓN","ZONA_DE_IN":"ESPACIO EN VIA Y ANDEN","ANCHO_PROM":0,"ANCHO_PR_1":0,"ANCHO_PR_2":0,"ANCHO_PR_3":23.899999999999999,"LONGITUD_A":0,"LONGITUD_R":0,"RESTRICCIO":"RESTITUCION DE VIA Y ANDEN","area":500.04278110000001,"MUNICIPIO":"BOGOTA D.C.","pk_ini":9800,"pk_end":9825,"cruze":"T2-2026","use":"public","ActivityId":" ","FMI":"VIA","NOTIFY":" ","DATE_NOT":null,"USO":" ","VERE":" ","PROPIETARI":"IDU","SECTOR":"URBANO","OBS":" ","Shape_Leng":105.662149275,"Shape_Area":500.04196689600002,"Color":1}},{"type":"Feature","id":142,"geometry":{"type":"Polygon","coordinates":[[[-74.204565360164793,4.6982768894440028],[-74.204608219915215,4.698406900084537],[-74.204651159847785,4.6983923473918745],[-74.204649047936869,4.6983867410777327],[-74.204649017277191,4.6983866596957418],[-74.204648835943942,4.6983857346234288],[-74.204648654610722,4.6983848095511176],[-74.204647881462677,4.6983808605863411],[-74.204647848984976,4.698380694199896],[-74.204647791811468,4.6983785401526319],[-74.20464769560725,4.6983748741122779],[-74.204647688349823,4.6983746154819928],[-74.204648011510287,4.6983723302409386],[-74.204648489498851,4.6983689453351554],[-74.204648539008303,4.6983685962638821],[-74.204649238936256,4.6983663941503044],[-74.204650248741885,4.6983632153293771],[-74.20465037935881,4.6983628029418583],[-74.204651416414251,4.698360784340994],[-74.204652917486484,4.698357861349157],[-74.204653155351494,4.6983573983009403],[-74.204654497094111,4.6983556030081628],[-74.204656427257149,4.6983530208615649],[-74.204656791302909,4.6983525342783627],[-74.204658370145481,4.6983510283203715],[-74.20466068163617,4.698348825008571],[-74.204661184486753,4.6983483456345061],[-74.20466293283657,4.6983471642915635],[-74.204665567978509,4.6983453850403789],[-74.204666211443438,4.6983449508559705],[-74.20466807071692,4.6983441067990546],[-74.204670926769921,4.698342809502841],[-74.204671732485195,4.6983424440161352],[-74.204674005508664,4.6983418395249066],[-74.204646367317181,4.6982718150825988],[-74.204565360164793,4.6982768894440028]]]},"properties":{"PARCEL_ID":"PRG-1356/E31A","EFR_ENTRG":"DELIVERED","RefName":"E31A","ACT":327,"DATE_DEL":1767312000000,"dateMax":1769558400000,"ACTA_No":1,"FID":142,"dateDel":1768608000000,"days":300,"TYPE":"SECONDARY","zoom":1000,"Norder":38,"EMPRESAS_D":"VIA DE SERVICIO","UNIDAD_DE_":11,"PK_DE_REFE":"18+515 - 18+785","TIPO_DE_ES":"ROAD ACCESS","COSTADO":"NORTE","ACTIVIDADE":"VIA DE SERVICIO","ZONA_DE_IN":"ZONAS DE CULTIVOS Y VIA","ANCHO_PROM":0,"ANCHO_PR_1":0,"ANCHO_PR_2":0,"ANCHO_PR_3":14.75,"LONGITUD_A":0,"LONGITUD_R":0,"RESTRICCIO":"VIA DE SERVICIO\n\"OTROSI 9\"","area":2875.1124772799999,"MUNICIPIO":"MOSQUERA","pk_ini":18515,"pk_end":18785,"cruze":"T2-2026","use":"Private","ActivityId":"P-1390-A","FMI":"50C-1598183","NOTIFY":" ","DATE_NOT":null,"USO":" ","VERE":" ","PROPIETARI":"SOCIEDAD INVERSIONES COMPOSTELA S.A.","SECTOR":"SUBURBANO","OBS":" ","Shape_Leng":44.489396473799999,"Shape_Area":110.444874134,"Color":3}},{"type":"Feature","id":143,"geometry":{"type":"Polygon","coordinates":[[[-74.204661180027088,4.6978511001317402],[-74.204240754532606,4.6978769946208523],[-74.204289429521637,4.6978772733414713],[-74.204310589322091,4.6978794262643522],[-74.204331119717963,4.697885003004969],[-74.204350472679366,4.6978938544524897],[-74.204368132608465,4.6979057455811795],[-74.204383630761413,4.6979203608735203],[-74.204402600490553,4.6979432146689133],[-74.204387194396062,4.6978943867378131],[-74.204498930736236,4.6978920387116938],[-74.204513554572117,4.6979263680388383],[-74.204523059591196,4.6979146790520954],[-74.20453421881956,4.6979045677784708],[-74.204555819571638,4.6978929109512295],[-74.204570721736147,4.6978864026558256],[-74.204600924416908,4.6978732132689531],[-74.204661180027088,4.6978511001317402]]]},"properties":{"PARCEL_ID":"I66","EFR_ENTRG":"DELIVERED","RefName":"I66","ACT":999,"DATE_DEL":1773792000000,"dateMax":1769731200000,"ACTA_No":2,"FID":143,"dateDel":1769731200000,"days":0,"TYPE":"SECONDARY","zoom":500,"Norder":0,"EMPRESAS_D":"AREAS SECUNDARIAS","UNIDAD_DE_":11,"PK_DE_REFE":"PK18+470 - PK18+520","TIPO_DE_ES":"A DEFINIR POR LA EFR","COSTADO":"SUR","ACTIVIDADE":"*CONSTRUCCION DE URBANISMO Y PAVIMENTOS","ZONA_DE_IN":" ","ANCHO_PROM":0,"ANCHO_PR_1":0,"ANCHO_PR_2":0,"ANCHO_PR_3":19.300000000000001,"LONGITUD_A":0,"LONGITUD_R":50,"RESTRICCIO":"RESTITUCIÓN DE ZONAS DURAS Y ANDEN","area":0,"MUNICIPIO":"MOSQUERA","pk_ini":18470,"pk_end":18520,"cruze":"T1-2026","use":"Public","ActivityId":" ","FMI":"N/A","NOTIFY":" ","DATE_NOT":null,"USO":" ","VERE":" ","PROPIETARI":"INVIAS","SECTOR":"SUBURBANO","OBS":" ","Shape_Leng":108.04695800099999,"Shape_Area":123.84031035300001,"Color":3}},{"type":"Feature","id":144,"geometry":{"type":"Polygon","coordinates":[[[-74.204646367317181,4.6982718150825988],[-74.204674005508664,4.6983418395249066],[-74.204675744976825,4.6983413843415418],[-74.204677593498999,4.6983408965832512],[-74.204683628649377,4.6983403510899864],[-74.205711707689787,4.6982769327972163],[-74.205701116159275,4.6981776826062989],[-74.205086472231201,4.6982148104134325],[-74.205058727112146,4.6982459833116836],[-74.204646367317181,4.6982718150825988]]]},"properties":{"PARCEL_ID":"PRG-1347/E31A","EFR_ENTRG":"DELIVERED","RefName":"E31A","ACT":342,"DATE_DEL":1770076800000,"dateMax":1769558400000,"ACTA_No":1,"FID":144,"dateDel":1768608000000,"days":300,"TYPE":"SECONDARY","zoom":1000,"Norder":38,"EMPRESAS_D":"VIA DE SERVICIO","UNIDAD_DE_":11,"PK_DE_REFE":"18+515 - 18+785","TIPO_DE_ES":"ROAD ACCESS","COSTADO":"NORTE","ACTIVIDADE":"VIA DE SERVICIO","ZONA_DE_IN":"ZONAS DE CULTIVOS Y VIA","ANCHO_PROM":0,"ANCHO_PR_1":0,"ANCHO_PR_2":0,"ANCHO_PR_3":14.75,"LONGITUD_A":0,"LONGITUD_R":0,"RESTRICCIO":"VIA DE SERVICIO\n\"OTROSI 9\"","area":2875.1124772799999,"MUNICIPIO":"MOSQUERA","pk_ini":18515,"pk_end":18785,"cruze":"T1-2026","use":"Private","ActivityId":"P-1390-B","FMI":"50C-1598185","NOTIFY":" ","DATE_NOT":null,"USO":" ","VERE":" ","PROPIETARI":"COMPA59A DE LUBRICANTES S.A.","SECTOR":"SUBURBANO","OBS":" ","Shape_Leng":253.50756897900001,"Shape_Area":1139.6292219899999,"Color":3}},{"type":"Feature","id":145,"geometry":{"type":"Polygon","coordinates":[[[-74.189226098779201,4.6993069235329816],[-74.189234396348027,4.6993408011536326],[-74.189234430597452,4.6993407957222981],[-74.18927504400483,4.6993280782747409],[-74.189310594843818,4.6993220607417685],[-74.189385710586421,4.6992960390169962],[-74.189226098779201,4.6993069235329816]]]},"properties":{"PARCEL_ID":"PRG-1374A/I32","EFR_ENTRG":"DELIVERED","RefName":"I32","ACT":353,"DATE_DEL":1771891200000,"dateMax":1774483200000,"ACTA_No":1,"FID":145,"dateDel":1768435200000,"days":300,"TYPE":"SECONDARY","zoom":500,"Norder":33,"EMPRESAS_D":" ","UNIDAD_DE_":10,"PK_DE_REFE":"16+800 - 16+840","TIPO_DE_ES":"INTERSECTIONS","COSTADO":"NORTE","ACTIVIDADE":"URBANISMO ACCESO PARQUE INDISTRIAL DE OCCIDENTE 16+800 - 16+840","ZONA_DE_IN":" ","ANCHO_PROM":0,"ANCHO_PR_1":0,"ANCHO_PR_2":0,"ANCHO_PR_3":0,"LONGITUD_A":0,"LONGITUD_R":0,"RESTRICCIO":"RESTITUCION DE VIA Y ANDENES","area":590.93156286500005,"MUNICIPIO":"FUNZA","pk_ini":16800,"pk_end":16840,"cruze":"T1-2026","use":"Private","ActivityId":"P-5660","FMI":"50C-1930545","NOTIFY":" ","DATE_NOT":null,"USO":" ","VERE":" ","PROPIETARI":"FIDUCIARIA BOGOTI S.A. COMO VOCERA DEL PATRIMONIO AUT0NOMO FIDEICOMISO FIDUBOGOTA EL CABAZAL","SECTOR":"SUBURBANO","OBS":" ","Shape_Leng":39.1481168157,"Shape_Area":35.979628736800002,"Color":3}},{"type":"Feature","id":146,"geometry":{"type":"Polygon","coordinates":[[[-74.2140315959102,4.6977320742445059],[-74.213991983301042,4.6977342586638793],[-74.213971395559909,4.6977353939802082],[-74.213952370691572,4.6977364430810526],[-74.21375969207071,4.6977470692773311],[-74.213660995829684,4.6977525125836728],[-74.213461228387587,4.6977635298377711],[-74.213360011174075,4.6977691119520184],[-74.213261691672997,4.6977745334252949],[-74.213062160358604,4.6977855378591746],[-74.213059029204118,4.6977857093817281],[-74.212878325367043,4.6977956755766357],[-74.212883997716119,4.6978955668351654],[-74.212884242725181,4.6978947881800703],[-74.212889787320037,4.6978837310577193],[-74.212897020286803,4.6978737027078141],[-74.212905756904746,4.697864962701904],[-74.212915770985333,4.6978577335432838],[-74.212926808392069,4.6978522015681889],[-74.212938583433811,4.6978485088082031],[-74.212950795989158,4.6978467502736709],[-74.214004683431895,4.6977925793943349],[-74.21402486432126,4.6977942384622562],[-74.214033360575598,4.6977963193775105],[-74.2140315959102,4.6977320742445059]]]},"properties":{"PARCEL_ID":"PRG-1368/E38A","EFR_ENTRG":"DELIVERED","RefName":"E38A","ACT":384,"DATE_DEL":1775692800000,"dateMax":1769990400000,"ACTA_No":1,"FID":146,"dateDel":1768608000000,"days":300,"TYPE":"SECONDARY","zoom":1000,"Norder":41,"EMPRESAS_D":"VIA DE SERVICIO","UNIDAD_DE_":11,"PK_DE_REFE":"19+265 - 19+585","TIPO_DE_ES":"ROAD ACCESS","COSTADO":"NORTE","ACTIVIDADE":"VIA DE SERVICIO","ZONA_DE_IN":"ZONAS VERDES Y PARQUEADEROS","ANCHO_PROM":0,"ANCHO_PR_1":0,"ANCHO_PR_2":0,"ANCHO_PR_3":6,"LONGITUD_A":0,"LONGITUD_R":0,"RESTRICCIO":"YA SE DIO EL OK DE LA INTERVENTORIA, FALTA DISEÑO DETALLADO","area":2333.73168553,"MUNICIPIO":"MOSQUERA","pk_ini":19265,"pk_end":19585,"cruze":"T1-2026","use":"Private","ActivityId":"P-1480","FMI":"50C-2044577","NOTIFY":" ","DATE_NOT":null,"USO":" ","VERE":" ","PROPIETARI":"MARIA DEL PILAR SABOGAL MARTINEZ","SECTOR":"SUBURBANO","OBS":" ","Shape_Leng":360.39163742300002,"Shape_Area":1093.4600817999999,"Color":3}},{"type":"Feature","id":147,"geometry":{"type":"Polygon","coordinates":[[[-74.212823635792176,4.6979304974261895],[-74.212835454091319,4.6979968838571757],[-74.212889173298208,4.6979900531524867],[-74.212878924748537,4.6979312173733376],[-74.212878741195865,4.6979188401720196],[-74.212880528856687,4.6979065928080663],[-74.212883997716119,4.6978955668351654],[-74.212878325367043,4.6977956755766357],[-74.2127878788083,4.6978006631964986],[-74.212792345312494,4.6978731976232107],[-74.212792365203597,4.6978735195523029],[-74.212802155216423,4.6978821845219922],[-74.212810473701097,4.6978925525854036],[-74.212815559819759,4.6979017266876806],[-74.212816852764092,4.6979040631636142],[-74.212816923090472,4.6979041843269753],[-74.212821314943582,4.6979167433814952],[-74.212823525709709,4.6979298680505499],[-74.212823635792176,4.6979304974261895]]]},"properties":{"PARCEL_ID":"PRG-1371B/E38A","EFR_ENTRG":"DELIVERED","RefName":"E38A","ACT":359,"DATE_DEL":1771891200000,"dateMax":1769990400000,"ACTA_No":1,"FID":147,"dateDel":1768608000000,"days":300,"TYPE":"SECONDARY","zoom":1000,"Norder":41,"EMPRESAS_D":"VIA DE SERVICIO","UNIDAD_DE_":11,"PK_DE_REFE":"19+265 - 19+585","TIPO_DE_ES":"ROAD ACCESS","COSTADO":"NORTE","ACTIVIDADE":"VIA DE SERVICIO","ZONA_DE_IN":"ZONAS VERDES Y PARQUEADEROS","ANCHO_PROM":0,"ANCHO_PR_1":0,"ANCHO_PR_2":0,"ANCHO_PR_3":6,"LONGITUD_A":0,"LONGITUD_R":0,"RESTRICCIO":"YA SE DIO EL OK DE LA INTERVENTORIA, FALTA DISEÑO DETALLADO","area":2333.73168553,"MUNICIPIO":"MOSQUERA","pk_ini":19265,"pk_end":19585,"cruze":"T1-2026","use":"Private","ActivityId":"P-1480","FMI":"50C-1517453","NOTIFY":" ","DATE_NOT":null,"USO":" ","VERE":" ","PROPIETARI":"RUBEN ALFONSO SABOGAL ZAMORA Y CIA. S. EN C.S.","SECTOR":"SUBURBANO","OBS":" ","Shape_Leng":60.678705950500003,"Shape_Area":173.96139474899999,"Color":3}},{"type":"Feature","id":148,"geometry":{"type":"Polygon","coordinates":[[[-74.189226098779201,4.6993069235329816],[-74.189158923881465,4.699311504662754],[-74.189159410994776,4.6993140104189282],[-74.1891626312716,4.6993300514017626],[-74.189168718624174,4.6993515421824785],[-74.189234396348027,4.6993408011536326],[-74.189226098779201,4.6993069235329816]]]},"properties":{"PARCEL_ID":"PRG-1374B/I32","EFR_ENTRG":"DELIVERED","RefName":"I32","ACT":354,"DATE_DEL":1771891200000,"dateMax":1774483200000,"ACTA_No":1,"FID":148,"dateDel":1768435200000,"days":300,"TYPE":"SECONDARY","zoom":500,"Norder":33,"EMPRESAS_D":" ","UNIDAD_DE_":10,"PK_DE_REFE":"16+800 - 16+840","TIPO_DE_ES":"INTERSECTIONS","COSTADO":"NORTE","ACTIVIDADE":"URBANISMO ACCESO PARQUE INDISTRIAL DE OCCIDENTE 16+800 - 16+840","ZONA_DE_IN":" ","ANCHO_PROM":0,"ANCHO_PR_1":0,"ANCHO_PR_2":0,"ANCHO_PR_3":0,"LONGITUD_A":0,"LONGITUD_R":0,"RESTRICCIO":"RESTITUCION DE VIA Y ANDENES","area":590.93156286500005,"MUNICIPIO":"FUNZA","pk_ini":16800,"pk_end":16840,"cruze":"T1-2026","use":"Private","ActivityId":"P-5660","FMI":"50C-1936418","NOTIFY":" ","DATE_NOT":null,"USO":" ","VERE":" ","PROPIETARI":"FIDUCIARIA BOGOTI S.A. COMO VOCERA DEL PATRIMONIO AUT0NOMO FIDEICOMISO FIDUBOGOTA EL CABAZAL","SECTOR":"SUBURBANO","OBS":" ","Shape_Leng":23.273181299899999,"Shape_Area":31.175116253100001,"Color":3}},{"type":"Feature","id":149,"geometry":{"type":"Polygon","coordinates":[[[-74.347036137449123,4.8007478351666437],[-74.347077747461213,4.8008124632310603],[-74.347158777461573,4.8009383209675489],[-74.347108825736981,4.8008124419112139],[-74.34712313073301,4.8008030912656752],[-74.347116482669222,4.8007941793428097],[-74.347103877528738,4.800779870222212],[-74.347089129625971,4.8007677973673282],[-74.347072627608981,4.8007582780323821],[-74.347054806975777,4.8007515652481176],[-74.347036137449123,4.8007478351666437]]]},"properties":{"PARCEL_ID":"PRG-1348/I74","EFR_ENTRG":"DELIVERED","RefName":"I74","ACT":371,"DATE_DEL":1773878400000,"dateMax":1768608000000,"ACTA_No":4,"FID":149,"dateDel":null,"days":0,"TYPE":"SECONDARY","zoom":0,"Norder":0,"EMPRESAS_D":"AREAS SECUNDARIAS","UNIDAD_DE_":0,"PK_DE_REFE":"PK 38+425 - 38+470","TIPO_DE_ES":"A DEFINIR POR LA EFR","COSTADO":"SUR","ACTIVIDADE":"Construccion de Urbanismo","ZONA_DE_IN":"ZONAS DURAS Y ANDEN","ANCHO_PROM":0,"ANCHO_PR_1":0,"ANCHO_PR_2":0,"ANCHO_PR_3":0,"LONGITUD_A":0,"LONGITUD_R":0,"RESTRICCIO":" ","area":236.28832344899999,"MUNICIPIO":"FACATATIVA","pk_ini":38425,"pk_end":38470,"cruze":"T1-2026","use":"Private","ActivityId":" ","FMI":"156-8782","NOTIFY":" ","DATE_NOT":null,"USO":" ","VERE":"MIRADOR MANABLANCA","PROPIETARI":"SERGIO RAMON BERNAL MEDINA Y OTRO","SECTOR":"SUBURBANO","OBS":" ","Shape_Leng":53.741856559200002,"Shape_Area":55.688341662500001,"Color":3}},{"type":"Feature","id":150,"geometry":{"type":"Polygon","coordinates":[[[-74.212113916748734,4.6978404429291132],[-74.212117654578947,4.6978924181039527],[-74.212117573482445,4.6978925347751002],[-74.212117662712316,4.697892530236329],[-74.212144748014836,4.6978910356146937],[-74.21274238579521,4.6978580565710022],[-74.212755639823769,4.6978586182872242],[-74.212768608566066,4.6978614236418688],[-74.212780915254697,4.6978663922247978],[-74.212792147049839,4.6978733423506345],[-74.212792206544151,4.6978733794156504],[-74.212792365203597,4.6978735195523029],[-74.212792345312494,4.6978731976232107],[-74.2127878788083,4.6978006631964986],[-74.212573512796624,4.6978124851486935],[-74.212252762323487,4.6978301730363325],[-74.212113916748734,4.6978404429291132]]]},"properties":{"PARCEL_ID":"PRG-1369/E38A","EFR_ENTRG":"DELIVERED","RefName":"E38A","ACT":372,"DATE_DEL":1773878400000,"dateMax":1769990400000,"ACTA_No":1,"FID":150,"dateDel":1768608000000,"days":300,"TYPE":"SECONDARY","zoom":1000,"Norder":41,"EMPRESAS_D":"VIA DE SERVICIO","UNIDAD_DE_":11,"PK_DE_REFE":"19+265 - 19+585","TIPO_DE_ES":"ROAD ACCESS","COSTADO":"NORTE","ACTIVIDADE":"VIA DE SERVICIO","ZONA_DE_IN":"ZONAS VERDES Y PARQUEADEROS","ANCHO_PROM":0,"ANCHO_PR_1":0,"ANCHO_PR_2":0,"ANCHO_PR_3":6,"LONGITUD_A":0,"LONGITUD_R":0,"RESTRICCIO":"YA SE DIO EL OK DE LA INTERVENTORIA, FALTA DISEÑO DETALLADO","area":2333.73168553,"MUNICIPIO":"MOSQUERA","pk_ini":19265,"pk_end":19585,"cruze":"T1-2026","use":"Private","ActivityId":"P-1480","FMI":"50C-1619125","NOTIFY":" ","DATE_NOT":null,"USO":" ","VERE":" ","PROPIETARI":"GLADYS VELEZ BENAVIDES","SECTOR":"SUBURBANO","OBS":" ","Shape_Leng":164.09403140500001,"Shape_Area":455.25065080500002,"Color":3}},{"type":"Feature","id":151,"geometry":{"type":"Polygon","coordinates":[[[-74.181405438077562,4.6992956138765747],[-74.181371352535734,4.6994222002395754],[-74.181361734184733,4.6994202129893798],[-74.181344654980933,4.6994751190556299],[-74.181380417073598,4.699482580374525],[-74.181437430115096,4.6993048059099891],[-74.181405438077562,4.6992956138765747]]]},"properties":{"PARCEL_ID":"I29","EFR_ENTRG":"DELIVERED","RefName":"I29","ACT":-3,"DATE_DEL":1753660800000,"dateMax":1777680000000,"ACTA_No":1,"FID":151,"dateDel":1753574400000,"days":90,"TYPE":"SECONDARY","zoom":500,"Norder":29,"EMPRESAS_D":" ","UNIDAD_DE_":9,"PK_DE_REFE":"15+930 - 15+940","TIPO_DE_ES":"INTERSECTIONS","COSTADO":"SUR","ACTIVIDADE":"ESPACIO PUBLICO URBANISMO ACCESO VIA FUNZA 15+930 - 15+940","ZONA_DE_IN":" ","ANCHO_PROM":0,"ANCHO_PR_1":0,"ANCHO_PR_2":0,"ANCHO_PR_3":0,"LONGITUD_A":0,"LONGITUD_R":0,"RESTRICCIO":"RESTITUCION DE VIA Y ANDENES","area":186.50886051200001,"MUNICIPIO":"FUNZA","pk_ini":15930,"pk_end":15940,"cruze":"T2-2026","use":"Public","ActivityId":"P-5630","FMI":"N/A","NOTIFY":" ","DATE_NOT":null,"USO":" ","VERE":" ","PROPIETARI":"FUNZA","SECTOR":"SUBURBANO","OBS":" ","Shape_Leng":53.818488785200003,"Shape_Area":85.138063176399996,"Color":3}},{"type":"Feature","id":152,"geometry":{"type":"Polygon","coordinates":[[[-74.214033360575598,4.6977963193775105],[-74.214044535677772,4.6977990563702079],[-74.214063208962713,4.6978069138456009],[-74.214080419958222,4.6978176156493188],[-74.214095743189446,4.6978308959987913],[-74.214108798235117,4.6978464258013437],[-74.214119260544777,4.6978638198862646],[-74.214126871355234,4.6978826460461791],[-74.214131440396812,4.6979024376964924],[-74.214132856711217,4.6979227038209128],[-74.214129162029238,4.6979635122577266],[-74.214191888067248,4.697970314814115],[-74.214218880692172,4.69771976883034],[-74.214194265855298,4.6977209194116432],[-74.214197292553109,4.6977860433198746],[-74.214133022949028,4.6977858207963887],[-74.214120968520206,4.6977664330288116],[-74.214105792743624,4.6977420251654554],[-74.214072020191082,4.6977323756011007],[-74.214035723913398,4.6977318455511492],[-74.214031747330452,4.6977320660760835],[-74.2140315959102,4.6977320742445059],[-74.214033360575598,4.6977963193775105]]]},"properties":{"PARCEL_ID":"PRG-1367C/E38A","EFR_ENTRG":"DELIVERED","RefName":"E38A","ACT":386,"DATE_DEL":1776211200000,"dateMax":1769990400000,"ACTA_No":1,"FID":152,"dateDel":1768608000000,"days":300,"TYPE":"SECONDARY","zoom":1000,"Norder":41,"EMPRESAS_D":"VIA DE SERVICIO","UNIDAD_DE_":11,"PK_DE_REFE":"19+265 - 19+585","TIPO_DE_ES":"ROAD ACCESS","COSTADO":"NORTE","ACTIVIDADE":"VIA DE SERVICIO","ZONA_DE_IN":"ZONAS VERDES Y PARQUEADEROS","ANCHO_PROM":0,"ANCHO_PR_1":0,"ANCHO_PR_2":0,"ANCHO_PR_3":6,"LONGITUD_A":0,"LONGITUD_R":0,"RESTRICCIO":"YA SE DIO EL OK DE LA INTERVENTORIA, FALTA DISEÑO DETALLADO","area":2333.73168553,"MUNICIPIO":"MOSQUERA","pk_ini":19265,"pk_end":19585,"cruze":"T1-2026","use":"Private","ActivityId":"P-1480","FMI":"50C-537963","NOTIFY":" ","DATE_NOT":null,"USO":" ","VERE":" ","PROPIETARI":"INDUSTRIAL SKALIT LTDA.","SECTOR":"SUBURBANO","OBS":" ","Shape_Leng":360.39163742300002,"Shape_Area":1093.4600817999999,"Color":1}},{"type":"Feature","id":153,"geometry":{"type":"Polygon","coordinates":[[[-74.211445570041803,4.6979571981864652],[-74.211383951373406,4.6979623537095607],[-74.21136504287152,4.69781273446812],[-74.2113424777273,4.6978096840536168],[-74.211346419712243,4.6978359913704022],[-74.211350643266513,4.6978641705467199],[-74.211356259331822,4.6979016457225153],[-74.211389669651624,4.6981245724665808],[-74.211465358025208,4.698112643829381],[-74.211449644603348,4.6980072724460245],[-74.211445570041803,4.6979571981864652]]]},"properties":{"PARCEL_ID":"PRG-1371/E38A","EFR_ENTRG":"DELIVERED","RefName":"E38A","ACT":385,"DATE_DEL":1775692800000,"dateMax":1769990400000,"ACTA_No":1,"FID":153,"dateDel":1768608000000,"days":300,"TYPE":"SECONDARY","zoom":1000,"Norder":41,"EMPRESAS_D":"VIA DE SERVICIO","UNIDAD_DE_":11,"PK_DE_REFE":"19+265 - 19+585","TIPO_DE_ES":"ROAD ACCESS","COSTADO":"NORTE","ACTIVIDADE":"VIA DE SERVICIO","ZONA_DE_IN":"ZONAS VERDES Y PARQUEADEROS","ANCHO_PROM":0,"ANCHO_PR_1":0,"ANCHO_PR_2":0,"ANCHO_PR_3":6,"LONGITUD_A":0,"LONGITUD_R":0,"RESTRICCIO":"YA SE DIO EL OK DE LA INTERVENTORIA, FALTA DISEÑO DETALLADO","area":2333.73168553,"MUNICIPIO":"MOSQUERA","pk_ini":19265,"pk_end":19585,"cruze":"T1-2026","use":"Private","ActivityId":"P-1480","FMI":"50C-1776084","NOTIFY":" ","DATE_NOT":null,"USO":" ","VERE":" ","PROPIETARI":"ORGANIZACION MARTINEZ SOLARTE & CIA. S. C. A.","SECTOR":"SUBURBANO","OBS":" ","Shape_Leng":245.00734244200001,"Shape_Area":632.49315874299998,"Color":3}},{"type":"Feature","id":154,"geometry":{"type":"Polygon","coordinates":[[[-74.206309866614632,4.6981409109557433],[-74.205701116159275,4.6981776826062989],[-74.205711707689787,4.6982769327972429],[-74.206316947432427,4.6982395970616819],[-74.206309866614632,4.6981409109557433]]]},"properties":{"PARCEL_ID":"PRG-1346/E31A","EFR_ENTRG":"DELIVERED","RefName":"E31A","ACT":388,"DATE_DEL":1777939200000,"dateMax":1769558400000,"ACTA_No":1,"FID":154,"dateDel":1768608000000,"days":300,"TYPE":"SECONDARY","zoom":1000,"Norder":38,"EMPRESAS_D":"VIA DE SERVICIO","UNIDAD_DE_":11,"PK_DE_REFE":"18+515 - 18+785","TIPO_DE_ES":"ROAD ACCESS","COSTADO":"NORTE","ACTIVIDADE":"VIA DE SERVICIO","ZONA_DE_IN":"ZONAS DE CULTIVOS Y VIA","ANCHO_PROM":0,"ANCHO_PR_1":0,"ANCHO_PR_2":0,"ANCHO_PR_3":14.75,"LONGITUD_A":0,"LONGITUD_R":0,"RESTRICCIO":"VIA DE SERVICIO\n\"OTROSI 9\"","area":2875.1124772799999,"MUNICIPIO":"MOSQUERA","pk_ini":18515,"pk_end":18785,"cruze":"T1-2026","use":"Private","ActivityId":"P-1390","FMI":"50C-1314612","NOTIFY":" ","DATE_NOT":null,"USO":" ","VERE":" ","PROPIETARI":"JUAN CAMILO PEREZ CORDOVEZ, Y OTROS","SECTOR":"SUBURBANO","OBS":" ","Shape_Leng":320.87613368699999,"Shape_Area":1626.9331799500001,"Color":1}}]}