{"type":"FeatureCollection","features":[{"type":"Feature","id":0,"geometry":{"type":"Polygon","coordinates":[[[-74.354731080070181,4.8082434450334874],[-74.354732990850934,4.8082449173528774],[-74.354734979977223,4.8082461888869119],[-74.354737072698953,4.8082472822326618],[-74.354739252785819,4.8082481874494123],[-74.354741502206579,4.8082488991188574],[-74.354743805634257,4.8082494118213095],[-74.354746145037566,4.8082497201384653],[-74.354748502386983,4.8082498231732718],[-74.354750858751586,4.8082497200291217],[-74.354753197905524,4.8082494116170231],[-74.354755500918586,4.8082488988489098],[-74.354757751566765,4.808248187157159],[-74.354759931823139,4.8082472819748698],[-74.354762024562177,4.8082461887348114],[-74.354764013561777,4.8082449173907831],[-74.354765886205186,4.8082434769909401],[-74.354767625368709,4.8082418774894418],[-74.354769274300352,4.8082400646109882],[-74.354770734845999,4.8082382970239328],[-74.354771770751256,4.8082386239572212],[-74.354774074178934,4.8082391366596093],[-74.354776413582201,4.8082394449766319],[-74.354778770030492,4.8082395489160064],[-74.35478112729615,4.8082394448671328],[-74.354783466450016,4.8082391364549268],[-74.354785769463021,4.8082386236867096],[-74.354788020111471,4.8082379128991661],[-74.354790199465953,4.8082370068128713],[-74.354792292205317,4.8082359144770139],[-74.354794282106255,4.8082346431325442],[-74.354796154749167,4.8082332018282719],[-74.354797893913016,4.8082316032310111],[-74.354799486981335,4.8082298572930844],[-74.354799937485851,4.8082293045853852],[-74.354809063678459,4.8082177910026926],[-74.354854027000371,4.8081610697793824],[-74.354854900941461,4.8081599046915011],[-74.354865452771747,4.8081450156982841],[-74.354878034423805,4.8081272637845567],[-74.354920086775337,4.8080679239992818],[-74.354921466933732,4.8080657685020389],[-74.354922555944924,4.8080636700939579],[-74.354923458318936,4.8080614831408646],[-74.354924168654733,4.8080592266353124],[-74.354924678845038,4.8080569150491304],[-74.354924835294796,4.8080559175479216],[-74.354928891650204,4.8080264666204151],[-74.354929695192226,4.8080206344938006],[-74.354929749207542,4.8080198649426515],[-74.35493958261867,4.8080077214674235],[-74.354942008466779,4.8080041786622312],[-74.35494206207035,4.8080040890045472],[-74.354942088530336,4.8080040353276203],[-74.354943101742691,4.8080020825301268],[-74.354943922902663,4.8080001033637343],[-74.354943944206241,4.8080000418217441],[-74.354944004662059,4.8079998953789671],[-74.35494471422713,4.8079976389798853],[-74.354945041036387,4.8079961602831274],[-74.354945122577462,4.8079958717198972],[-74.354945141466459,4.8079957058723721],[-74.354945225042044,4.8079953277222822],[-74.354945533509522,4.8079929813910329],[-74.354945583763993,4.8079918224519913],[-74.354945620361988,4.8079915011176002],[-74.354945608381755,4.8079912547319594],[-74.354945636032241,4.8079906170733961],[-74.354945533509522,4.8079882527557363],[-74.354945420685553,4.8079873945699685],[-74.354945406724639,4.8079871074502654],[-74.354945344931352,4.8079868183522017],[-74.35494522504203,4.8079859064245092],[-74.354944714227145,4.8079835951668217],[-74.35494453225364,4.8079830162651183],[-74.354944487259246,4.8079828057602114],[-74.354944379042379,4.807982528862965],[-74.354944004662059,4.807981337868517],[-74.35494310174272,4.8079791516166317],[-74.354942880487386,4.8079787115811401],[-74.354942771877504,4.807978515856588],[-74.354942012663756,4.8079770525989494],[-74.354940745518917,4.8079750561040013],[-74.354940639565896,4.8079749172798625],[-74.354939309301628,4.8079731783196182],[-74.35493781706019,4.8079715448966436],[-74.354937714803654,4.8079714336348385],[-74.354935975514806,4.8079698346402333],[-74.35493449429211,4.807968674034516],[-74.354901202984223,4.8079445093360507],[-74.354899360517024,4.8079431265740844],[-74.354895169471732,4.8079399943496135],[-74.354892789170819,4.8079384420055584],[-74.354891892393042,4.8079379737696692],[-74.354891417075677,4.8079376806638088],[-74.35489103416252,4.80793752566046],[-74.354890696448408,4.8079373493293085],[-74.354888516491812,4.8079364437119976],[-74.354887808171384,4.8079362197785844],[-74.354887330922821,4.8079360265882487],[-74.354886890148805,4.807935929548373],[-74.354886266388064,4.8079357323482039],[-74.354883963224253,4.8079352197346399],[-74.354883222125494,4.8079351220042552],[-74.354883025778776,4.8079350787769544],[-74.354882817103444,4.8079350685930295],[-74.354881624087611,4.8079349112672363],[-74.354879266964588,4.8079348078451494],[-74.354878590502878,4.8079348377386726],[-74.354775191741169,4.807852154798641],[-74.354481658191347,4.8075619924167254],[-74.354480512683196,4.8075609235615966],[-74.353733862110886,4.8069037580992955],[-74.353710210160315,4.8068829317078432],[-74.353709749526331,4.8068825349988904],[-74.353708902130194,4.8068818502596899],[-74.353389319008443,4.806634218243242],[-74.35300915158507,4.8063434453346643],[-74.352940857588479,4.8062912104995936],[-74.352873691504357,4.806239838009148],[-74.35279982372225,4.8061833396683218],[-74.352711268840565,4.806115608280729],[-74.352708389012989,4.806113684857853],[-74.352705896043176,4.8061124093157304],[-74.352698079988386,4.8061089091948626],[-74.352475249924069,4.8060091425982483],[-74.352464951732742,4.8060045315034765],[-74.352381646359675,4.8059374388070148],[-74.352381621857845,4.8059374189777815],[-74.352270110643104,4.8058467361722563],[-74.352290539504651,4.8058240562505929],[-74.352291190954148,4.8058233045185119],[-74.352292627118985,4.8058214284309475],[-74.352293894663575,4.8058194312357507],[-74.352294983679897,4.8058173328314711],[-74.352295886961045,4.8058151449767763],[-74.352296596402624,4.8058128893780658],[-74.352297107502096,4.8058105777930207],[-74.352297414859081,4.8058082310224846],[-74.352297517579359,4.8058058671528681],[-74.352297414767989,4.8058035024618411],[-74.352297107334451,4.805801156843394],[-74.352296596185923,4.8057988447660902],[-74.35229588674018,4.8057965888349932],[-74.352294984411074,4.8057944017080372],[-74.352293894614903,4.8057923023733995],[-74.352292627273798,4.8057903061999339],[-74.352291190507344,4.8057884294617468],[-74.352288604963562,4.8057857384164526],[-74.352215033210371,4.8057190473412668],[-74.352214286545603,4.8057183938365347],[-74.352212413650889,4.8057169531443069],[-74.352210424536466,4.8057156816021491],[-74.35220833182629,4.8057145882478967],[-74.352206151750536,4.8057136830223195],[-74.352203901438926,4.8057129713442208],[-74.352201598922733,4.8057124586321471],[-74.352199259528803,4.8057121503057498],[-74.352196902187984,4.8057120472615926],[-74.352194544929745,4.8057121503966966],[-74.352192205782757,4.8057124587996247],[-74.352189902775692,4.8057129715587381],[-74.352187653033965,4.8057136832413772],[-74.352185472781642,4.805714588415273],[-74.352183380045503,4.8057156816472748],[-74.352181391047765,4.8057169529837216],[-74.352179518405123,4.8057183933764627],[-74.352176836719465,4.8057209870719193],[-74.352154562164856,4.805745716350482],[-74.352140486489816,4.8057333915253162],[-74.352140027662045,4.8057329997810001],[-74.351741098759618,4.8054008934731822],[-74.351741024246934,4.8054008328145388],[-74.35097758755164,4.8047695604689453],[-74.350868787090349,4.8046716952370252],[-74.350778228759296,4.804560538134071],[-74.350889397811486,4.8044678063970565],[-74.350891183835913,4.8044661689060684],[-74.350892777807971,4.8044644229766424],[-74.350894213973788,4.8044625459875929],[-74.350895481520652,4.8044605496991428],[-74.35089657053912,4.8044584503926027],[-74.350897473823622,4.8044562634437709],[-74.350898183268384,4.8044540069419313],[-74.350898694371878,4.8044516953576135],[-74.350899001733708,4.8044493494917235],[-74.350899104458492,4.8044469847176483],[-74.350899001652792,4.8044446209302683],[-74.350898694224497,4.804442274406588],[-74.350898183082222,4.8044399632320687],[-74.350897473642334,4.8044377063947588],[-74.350896570418158,4.8044355192659403],[-74.350895481530358,4.8044334208325186],[-74.35089299388892,4.804429810073346],[-74.35080325293616,4.8043197408251181],[-74.35080303558199,4.8043194786665389],[-74.350801442022501,4.8043177331104303],[-74.350799703387736,4.8043161341083396],[-74.350797830499701,4.8043146934117962],[-74.350795841391914,4.8043134218650527],[-74.350793748688162,4.8043123285060165],[-74.350791568618575,4.8043114232755402],[-74.350789318312835,4.8043107115923416],[-74.35078701490076,4.8043101988755925],[-74.35078467641344,4.8043098905435873],[-74.350782319077425,4.8043097874943053],[-74.350779961823463,4.8043098906242632],[-74.350777622680312,4.804310199022102],[-74.350775319676544,4.8043107117762656],[-74.350773069937631,4.8043114234540658],[-74.350770889687468,4.804312328623328],[-74.350768796952991,4.8043134218509271],[-74.350766862028252,4.8043146551810825],[-74.350765038947216,4.8043160485267862],[-74.350596508239008,4.8044564888423578],[-74.350432074975828,4.8042515743041827],[-74.350431898234604,4.8042513565153762],[-74.350431726442991,4.8042511469729243],[-74.350430132844323,4.8042494013888497],[-74.350429118858202,4.8042484697170318],[-74.35042887624374,4.8042482177086301],[-74.350428705137148,4.8042480895813746],[-74.350428393555461,4.8042478032935456],[-74.3504265220663,4.8042463616802902],[-74.35042567389641,4.8042458197407782],[-74.3504253885705,4.8042456060842538],[-74.350425120520882,4.8042454661605936],[-74.350424531866622,4.804245090038969],[-74.350422439144211,4.8042439973626259],[-74.350421790775442,4.8042437280114587],[-74.350421526042567,4.8042435898191105],[-74.350421192723687,4.8042434795633771],[-74.350420259187558,4.8042430917453167],[-74.350418009083796,4.8042423803816181],[-74.350417583143383,4.8042422855803801],[-74.350417389365091,4.8042422214820792],[-74.350417058824576,4.804242168883107],[-74.350415705920042,4.8042418677680381],[-74.350413366783414,4.8042415593006211],[-74.350413086167819,4.8042415418636564],[-74.35041100966032,4.8042414558785023],[-74.350408729361959,4.8042415546997415],[-74.350408653101866,4.8042415627027895],[-74.350406314299903,4.8042418677680487],[-74.350404709230389,4.804242224867826],[-74.350404431717138,4.8042422712154842],[-74.350404299959848,4.804242315923358],[-74.350404010236829,4.8042423803816394],[-74.350401760133067,4.8042430917453185],[-74.350400632834763,4.8042435602510887],[-74.350400305665119,4.8042436712661614],[-74.35040009091594,4.8042437854727993],[-74.35039958107572,4.8042439973626792],[-74.350397488353366,4.8042450900389104],[-74.350396746192942,4.8042455642435646],[-74.35039645872827,4.8042457171213409],[-74.350396206105643,4.8042459093332273],[-74.350395498153659,4.8042463616803097],[-74.350393626664498,4.8042478032935705],[-74.350392991024449,4.8042483554591149],[-74.350343641580707,4.8042925887717924],[-74.350332149097056,4.8042791627821968],[-74.350331660077686,4.8042786064688769],[-74.350248135202619,4.8041862604108836],[-74.350157848289058,4.8040787147876074],[-74.350156268596905,4.8040769896614135],[-74.350155594756615,4.8040763707136067],[-74.350155317951106,4.8040760827056284],[-74.350155050827098,4.804075871093743],[-74.35015454639516,4.804075407753885],[-74.350152674905956,4.804073967039991],[-74.350152453521716,4.8040738197668151],[-74.350152207040622,4.8040736680966418],[-74.350150684706307,4.804072695398661],[-74.350149314897564,4.8040719543282462],[-74.350072638968427,4.8040332656202702],[-74.349803260145322,4.8037572398114579],[-74.349801319675123,4.8037554361645229],[-74.349800250327121,4.8037546133521092],[-74.349799994550708,4.8037543900909911],[-74.349799814191442,4.8037542777664415],[-74.349799447286614,4.8037539954506023],[-74.349797457986256,4.8037527238092581],[-74.349796594352782,4.8037522725078654],[-74.349796315409094,4.8037520987866804],[-74.349796046674868,4.803751986312629],[-74.34979536526383,4.8037516302335836],[-74.349793185307178,4.8037507246163482],[-74.349792317315959,4.8037504248178458],[-74.349717410332261,4.8037259314532372],[-74.34970945500848,4.8037192606019445],[-74.349707602224044,4.8037178373083904],[-74.349706382029495,4.8037170583897293],[-74.349706103009112,4.8037168584167427],[-74.349705937247521,4.8037167744604385],[-74.349705632708705,4.8037165800562081],[-74.349703539986336,4.8037154873798844],[-74.349702737949187,4.803715154052866],[-74.349702424789584,4.8037149954410978],[-74.349702104481835,4.8037148907835059],[-74.349701360929032,4.8037145817625646],[-74.349699110825256,4.8037138703988553],[-74.349698705728301,4.8037137802719609],[-74.349698505588677,4.8037137148781701],[-74.349698147325611,4.8037136560371545],[-74.349696806762211,4.8037133577852842],[-74.349694467437502,4.8037130504701633],[-74.349694436966445,4.8037130473122209],[-74.349692111401779,4.8037129458957928],[-74.349690656572449,4.8037130097284688],[-74.349690314088974,4.8037130063832274],[-74.349690131033356,4.8037130327872131],[-74.349689754278714,4.8037130493178362],[-74.349687415142057,4.8037133577853233],[-74.349686563067038,4.8037135474310624],[-74.349686233219245,4.8037135950083281],[-74.349685920752194,4.8037136903905884],[-74.349685111978332,4.8037138703988127],[-74.34968286187457,4.8037145817625984],[-74.349682477324976,4.803714741515634],[-74.349682289752792,4.8037147987730835],[-74.349681980163794,4.8037149480508132],[-74.349680681917889,4.8037154873798373],[-74.349678579372835,4.8037165888482649],[-74.349550520194356,4.8036083573060475],[-74.349395541729933,4.8034604129743341],[-74.349384876908132,4.8034502314941072],[-74.349397597414253,4.8032879920785927],[-74.349397680558468,4.8032858650507375],[-74.349397576672075,4.8032835007396741],[-74.349397572473805,4.8032834388181582],[-74.349397554151736,4.803283319061582],[-74.349397269568271,4.8032811544018665],[-74.349396787875449,4.803278953421934],[-74.349396756589471,4.8032788442379442],[-74.349396050087591,4.8032765858457891],[-74.349395262972237,4.8032746633977226],[-74.349395216098102,4.803274566494899],[-74.349395147168238,4.8032743995939429],[-74.349394057189926,4.8032723005762943],[-74.349393181611106,4.8032709210270195],[-74.3493930496236,4.8032706845269697],[-74.34939296355013,4.8032705774532864],[-74.349392790045144,4.80327030408134],[-74.349391353827855,4.8032684262968806],[-74.349390357035048,4.8032673350000321],[-74.349390196529654,4.8032671353344929],[-74.349390081266904,4.8032670330868266],[-74.349389760229187,4.8032666816121061],[-74.349388020041019,4.8032650826175631],[-74.349386979712961,4.8032642817498861],[-74.349386789939643,4.8032641134051426],[-74.349386637790388,4.8032640185303421],[-74.349386148551901,4.8032636419036283],[-74.349384159251485,4.803262370262285],[-74.34938314637391,4.8032618414069939],[-74.349382925850961,4.8032617038967054],[-74.349382725528002,4.803261621670087],[-74.349382066529117,4.8032612775859631],[-74.349379886572464,4.8032603719686584],[-74.349378713504905,4.8032599741388946],[-74.348992937292834,4.8031388738108438],[-74.348793676205943,4.802958133601841],[-74.34875118323356,4.8029114367099384],[-74.348564773049844,4.8027065842799326],[-74.348564668917689,4.8027064692735228],[-74.348564648056026,4.8027064458779885],[-74.34856460124017,4.8027063936677203],[-74.3485631720703,4.8027047912950813],[-74.348552361304527,4.8026926697177679],[-74.348478606313137,4.802602443017026],[-74.348479971873175,4.8026006589932617],[-74.348481239917248,4.8025986624983386],[-74.348482328996212,4.8025965634807211],[-74.348483231915552,4.8025943763295196],[-74.348483941480637,4.8025921199304697],[-74.348484452295622,4.8025898086728294],[-74.348484759863766,4.8025874623415472],[-74.348484862386428,4.8025850980238882],[-74.348484759863751,4.8025827337062701],[-74.348484452295622,4.802580387375075],[-74.348483941480652,4.8025780761173671],[-74.348483231915552,4.8025758197183617],[-74.348482328996212,4.8025736325671629],[-74.348481239917234,4.802571533549524],[-74.348479128309037,4.8025683940161894],[-74.348131188703334,4.8021217088498425],[-74.348130596050098,4.8021209750030609],[-74.348129001552124,4.8021192294190129],[-74.34812726226329,4.802117630424358],[-74.348125390774058,4.8021161897104383],[-74.348123400574423,4.802114918069071],[-74.348121307852011,4.8021138253927953],[-74.348119128794735,4.8021129197754782],[-74.348116878690959,4.8021122084117964],[-74.348114575527191,4.8021116957981542],[-74.34811223639052,4.8021113873306911],[-74.348109879267497,4.8021112839087072],[-74.348107522144403,4.8021113873307169],[-74.348105183007746,4.802111695798164],[-74.348102879843964,4.8021122084117946],[-74.348100629740273,4.8021129197755101],[-74.348098449783606,4.8021138253928202],[-74.348096827406565,4.8021146725541497],[-74.347928286361281,4.8018987327403737],[-74.347928077718549,4.8018984683397239],[-74.347872636313042,4.8018292349312954],[-74.347872089525254,4.8018285289634859],[-74.347871731595092,4.8018280721078677],[-74.347792203647245,4.8017217137860788],[-74.347633098288824,4.8015127653019549],[-74.3475235993523,4.8013693196937037],[-74.34752356493081,4.8013641952029351],[-74.347523033344828,4.8012846390782329],[-74.347522956890046,4.8012827744503968],[-74.347521413679218,4.8012623126536615],[-74.347521079096524,4.801259649634682],[-74.347520877668757,4.8012586197213567],[-74.347516549144473,4.801238562342669],[-74.34751552189725,4.8012350016318903],[-74.347508483922837,4.8012157085509743],[-74.347506969955305,4.8012123035716767],[-74.347497371429824,4.8011941816625701],[-74.34749690956032,4.8011933462759062],[-74.347496440499498,4.8011925624369196],[-74.347452192898672,4.8011213322770123],[-74.347446428321717,4.8011103202332821],[-74.347442981526939,4.8010997178230435],[-74.347441352784401,4.8010886905788048],[-74.347441588191884,4.801077554081683],[-74.347443682453999,4.8010665968041444],[-74.347447573502379,4.8010561533601699],[-74.34745314967121,4.8010465131687159],[-74.347461718375001,4.8010361872413858],[-74.347463116698108,4.8010343482546345],[-74.347464352716329,4.8010323962951524],[-74.347465442642147,4.801030296993134],[-74.347466345933995,4.8010281100483647],[-74.347467055387327,4.8010258535494179],[-74.347467565599189,4.8010235419672505],[-74.347467873873384,4.8010211961017371],[-74.347467976610162,4.801018831327343],[-74.347467873817436,4.8010164675385081],[-74.347467565501532,4.8010141210126625],[-74.347467055275331,4.8010118098341579],[-74.347466345850677,4.801009552992217],[-74.347465442642317,4.8010073658577417],[-74.347464352869267,4.8010052674180494],[-74.347463110806032,4.8010033073958827],[-74.34746170652717,4.8010014613791565],[-74.347409425810127,4.8009385448723156],[-74.347407804308773,4.8009367649549253],[-74.347406064788942,4.8009351659434705],[-74.347404192818644,4.8009337252361481],[-74.347402203726702,4.8009324536784996],[-74.347400111038752,4.8009313612123714],[-74.347397930983647,4.8009304550657452],[-74.347395680692088,4.800929743370542],[-74.347393377293727,4.8009292315457008],[-74.347391038818543,4.8009289222970528],[-74.347388681493996,4.8009288192352839],[-74.347386324250451,4.8009289223529272],[-74.347383985116878,4.8009292316428942],[-74.347381682120798,4.8009297434808333],[-74.347379431487141,4.8009304551475172],[-74.347377252144241,4.8009313612094795],[-74.347375159413403,4.8009324535222513],[-74.347373169517866,4.800933724844894],[-74.347371298680144,4.8009351661281467],[-74.347369226113727,4.8009371048538281],[-74.347344676211108,4.8009626129933611],[-74.347179060125413,4.8007641167776702],[-74.347660154285663,4.8005443625547217],[-74.347662469631899,4.8005431679676134],[-74.347664458623939,4.8005418957402695],[-74.347666330361804,4.8005404553602427],[-74.347668070425883,4.8005388558762769],[-74.347669663496902,4.8005371108588948],[-74.347671099664311,4.800535233876416],[-74.347672367214287,4.800533237593581],[-74.347673457138768,4.8005311382913343],[-74.347674360429352,4.8005289513463101],[-74.347675069881518,4.8005266948471679],[-74.347675579190977,4.8005243832652438],[-74.347675888365757,4.8005220373992996],[-74.347675990200429,4.8005196726252271],[-74.347675888308615,4.8005173088360387],[-74.347675579992284,4.800514962310273],[-74.347675069765884,4.8005126511319505],[-74.347674360341188,4.8005103942901926],[-74.347673122423473,4.8005075136935265],[-74.347651874833346,4.8004649984937595],[-74.347651119769708,4.8004635926124557],[-74.347649852452321,4.8004615964287485],[-74.347648416611449,4.800459719678793],[-74.347646823069041,4.800457974114158],[-74.347645082648555,4.8004563751035718],[-74.347643211580575,4.800454934396515],[-74.347641221588219,4.8004536628398142],[-74.347639128901051,4.8004525694700639],[-74.347636948847594,4.8004516642284605],[-74.347634699458879,4.8004509525336037],[-74.347632396061655,4.8004504398051564],[-74.347630056686967,4.8004501314618366],[-74.347627699364097,4.8004500284008618],[-74.347625342122271,4.8004501315192467],[-74.347623002990105,4.8004504399056271],[-74.347620699996199,4.8004509526485561],[-74.347618450265855,4.8004516643155144],[-74.347615868053651,4.8004527622484341],[-74.347141424942834,4.8006843248193363],[-74.346804389172306,4.8003367904617233],[-74.346804611434834,4.8003357838926002],[-74.346804919710806,4.8003334371229371],[-74.346805022450326,4.8003310732527638],[-74.346804919659704,4.800328708559376],[-74.346804611346798,4.8003263629372732],[-74.346804101123482,4.8003240517581132],[-74.346803391701826,4.8003217949152654],[-74.346802488496522,4.800319607779695],[-74.346801398726313,4.800317508434425],[-74.346799454061397,4.8003145838042922],[-74.346636176883166,4.8001005941139292],[-74.346635419296589,4.8000996449018452],[-74.346633825757507,4.8000978993346228],[-74.346632085340175,4.8000963003212886],[-74.346630214275223,4.8000948596112361],[-74.346628224285652,4.8000935880514017],[-74.346626131601411,4.8000924955827156],[-74.346623951550271,4.8000915903376544],[-74.346621702163617,4.8000908786393435],[-74.346619398768183,4.8000903659074039],[-74.346617059394944,4.8000900575605359],[-74.346614702073282,4.8000899544959026],[-74.346612345733789,4.8000900576103875],[-74.346610005700782,4.8000903659936105],[-74.346607702707104,4.8000908787331298],[-74.346605452976661,4.8000915903967858],[-74.34660327273339,4.8000924955523114],[-74.346601180004015,4.8000935887669529],[-74.346598264590426,4.8000955395784892],[-74.346592826938988,4.8000997149054312],[-74.346590170277153,4.8000962824372095],[-74.346589368759993,4.8000952420648355],[-74.346588664485949,4.8000943589084288],[-74.346479819489275,4.799965595731897],[-74.346479572291429,4.7999652964512505],[-74.346470652649401,4.7999537383895179],[-74.346410782259582,4.7998755430869915],[-74.346357716823633,4.7997957563874634],[-74.346289003432176,4.7995838994325215],[-74.346288958477359,4.7995837566992705],[-74.346288766232931,4.7995831237258457],[-74.346228072781969,4.7993746977403804],[-74.346227999239346,4.7993744397597924],[-74.346227953648722,4.799374279305904],[-74.346214194866789,4.7993240465306348],[-74.34621418768451,4.7993240218500102],[-74.346166617893957,4.7991445697952386],[-74.346166542565356,4.7991442565259819],[-74.346166484633954,4.799143985946162],[-74.346166432498237,4.7991437281449985],[-74.34615348173385,4.7990734678043765],[-74.346153151203296,4.7990719288226193],[-74.346130722443633,4.7989803695632043],[-74.346130576045056,4.7989797145196809],[-74.346058310852484,4.7986495261476785],[-74.346058016191435,4.7986483146337937],[-74.345964596888606,4.7982989804137102],[-74.345963890021466,4.7982967312092679],[-74.34596347183674,4.7982956529220901],[-74.345961448147477,4.7982907379354121],[-74.345955819750145,4.7982510964181282],[-74.345955677877299,4.7982502102637374],[-74.345955278704793,4.7982483303891357],[-74.345932049109578,4.7981552738897344],[-74.345931679897106,4.7981539374852717],[-74.345895213008845,4.7980341995054747],[-74.345894762660635,4.7980328477598579],[-74.345894595719173,4.7980324011031747],[-74.345841598987406,4.7978939561125742],[-74.345838042771845,4.7978846649632247],[-74.345837232534848,4.7978827671641433],[-74.345811361612903,4.7978280339355939],[-74.345851197774493,4.7978047175137721],[-74.345853131316915,4.7978034719526832],[-74.345854952444071,4.797802067211733],[-74.345856691732877,4.7978004682171402],[-74.345858285331545,4.7977987235323427],[-74.345859721548891,4.7977968457478681],[-74.345860989592921,4.7977948492530169],[-74.345862078671928,4.7977927502353053],[-74.345862981591253,4.7977905639833729],[-74.345863691156424,4.7977883066850788],[-74.34586420197131,4.797785996326712],[-74.345864509539481,4.7977836490962069],[-74.345864612961449,4.7977812847785426],[-74.345864509539467,4.7977789204608827],[-74.34586420197131,4.7977765741296547],[-74.34586369115641,4.797774263771311],[-74.345862981591267,4.7977720064730374],[-74.345861286369228,4.7977682500047791],[-74.345842422189975,4.7977337681989258],[-74.345841593015038,4.79773221686838],[-74.345841307030639,4.7977316826710785],[-74.3458400398859,4.7977296861761536],[-74.345838603668597,4.7977278083917287],[-74.345837010069943,4.7977260637069197],[-74.345835269881775,4.7977244647123234],[-74.345833398392571,4.7977230239984001],[-74.345831409092213,4.797721752357031],[-74.345829316369802,4.7977206596807207],[-74.345827136413149,4.7977197540634631],[-74.345824886309373,4.7977190418004216],[-74.345822583145662,4.7977185300860983],[-74.345820244009005,4.7977182207193607],[-74.345817886885925,4.7977181181966806],[-74.345815529762831,4.7977182207193536],[-74.345813190626188,4.7977185300861267],[-74.345810887462434,4.7977190418004376],[-74.345808637358687,4.7977197540635039],[-74.345806458301325,4.7977206596807829],[-74.3458043655789,4.7977217523569999],[-74.345803369130095,4.7977223764865844],[-74.345802368184678,4.7977230132065989],[-74.345768856887673,4.7977444228743797],[-74.34568156041,4.7976122448338332],[-74.345680403225956,4.7976106229810496],[-74.345564066398723,4.797459834774771],[-74.345563396302111,4.7974590021810588],[-74.345562622518401,4.7974581153702989],[-74.345461779807835,4.7973476738724168],[-74.345461572271176,4.7973474451817157],[-74.345457979483641,4.7973435012859449],[-74.345457621172216,4.7973430883129033],[-74.345457202088127,4.7973426188668382],[-74.345453481509523,4.797338378636506],[-74.34545327012242,4.7973381377695796],[-74.345325295787518,4.7971912693016412],[-74.345324595967128,4.7971904964028766],[-74.345284456458643,4.7971478675573085],[-74.345283912222939,4.7971472765097616],[-74.345230671857948,4.7970872347880951],[-74.345229982977273,4.7970864865522085],[-74.345038523257742,4.7968862932973479],[-74.345038276933408,4.7968860380869591],[-74.344771376371511,4.7965995068690583],[-74.344771128372798,4.7965992438158827],[-74.344720220641221,4.7965460367379764],[-74.344715558176389,4.7965410414359573],[-74.344714648062492,4.7965401358186535],[-74.34471306165841,4.7965385350254479],[-74.344712996345891,4.7965384878772666],[-74.344369356906824,4.7961793372121502],[-74.344296094582674,4.7960979023873911],[-74.344295949885989,4.7960977394559947],[-74.344295850075767,4.7960976261990327],[-74.34429579927756,4.7960975680409614],[-74.344105761990235,4.7958791932253515],[-74.344131249187598,4.7958450279864451],[-74.344249756783398,4.7957336192646594],[-74.344251981943358,4.7957312621880765],[-74.344252716029175,4.7957303024064979],[-74.344252902885316,4.7957300929892899],[-74.344253016423238,4.7957299096558259],[-74.34425341816069,4.7957293844036215],[-74.344254685305401,4.7957273888080278],[-74.344255240309195,4.7957263186727488],[-74.344255391087884,4.7957260752053674],[-74.344255473669676,4.7957258687167883],[-74.344255774384465,4.7957252888910125],[-74.344256677303775,4.7957231026391316],[-74.344257034963306,4.7957219648375951],[-74.34425714597765,4.7957216872558579],[-74.344257193380244,4.7957214608749359],[-74.344257386868875,4.795720845340826],[-74.344257897683804,4.7957185349824849],[-74.344258051088275,4.7957173647125142],[-74.344258114534071,4.7957170617139191],[-74.344258122318934,4.7957168213183774],[-74.344258205251919,4.7957161886512392],[-74.344258308673929,4.7957138243336077],[-74.344258257368637,4.7957126510037549],[-74.344258267494084,4.7957123383314428],[-74.344258233174713,4.7957120976994014],[-74.344258205251919,4.7957114591166565],[-74.344257897683804,4.795709112785441],[-74.344257643491645,4.795707963103057],[-74.344257600236347,4.7957076598160153],[-74.344257526570999,4.7957074342841111],[-74.344257386868861,4.7957068024270759],[-74.344256677303804,4.7957045451287392],[-74.344256225829852,4.7957034519682473],[-74.344256132920691,4.7957031675199158],[-74.344256023841837,4.7957029628916903],[-74.344255774384436,4.7957023588767953],[-74.34425468530543,4.7957002598591352],[-74.344254046172381,4.7956992528503983],[-74.344253909879242,4.7956989971690662],[-74.344253772086731,4.7956988210050575],[-74.34425341816069,4.795698263364276],[-74.344251981943373,4.7956963855798218],[-74.344250998630571,4.7956952743900976],[-74.344244305562881,4.7956881084894771],[-74.344324706173481,4.7956111880233436],[-74.34432675880312,4.79560899430325],[-74.344328194970515,4.7956071173275605],[-74.344329462521898,4.7956051201463499],[-74.344330552450273,4.795603021753295],[-74.344331453943269,4.7956008348128032],[-74.344332163402456,4.7955985783165023],[-74.3443326745234,4.79559626673562],[-74.344332982806975,4.7955939208706786],[-74.344333085554837,4.7955915560957978],[-74.344332982774347,4.7955891914011879],[-74.344332674472895,4.795586845777045],[-74.344332163360704,4.7955845345954202],[-74.344331453952776,4.7955822777489727],[-74.344330551663674,4.7955800906086807],[-74.344329461909112,4.7955779912583472],[-74.344328194610839,4.7955759950671535],[-74.344326758789578,4.795574118308819],[-74.344325635105292,4.7955728563500557],[-74.344285248480503,4.7955302707243321],[-74.344283038242466,4.7955281880888165],[-74.344281166293598,4.7955267473714844],[-74.344279176321706,4.7955254758036983],[-74.344277084556538,4.7955243833262662],[-74.344274904522536,4.7955234771683672],[-74.344272654252052,4.7955227663659192],[-74.344270351774838,4.795522253624644],[-74.344268012417885,4.7955219452687814],[-74.344265655111485,4.7955218412908378],[-74.344263297885746,4.7955219453009814],[-74.344260958768089,4.7955222536750641],[-74.344258655787314,4.795522766405953],[-74.344256406068396,4.7955234771569133],[-74.344254225836096,4.7955243832087744],[-74.344252134017168,4.7955254755111074],[-74.344250144130825,4.7955267477286325],[-74.344248272398346,4.7955281880991043],[-74.344247014425534,4.7955293162477313],[-74.344229575309981,4.7955459593949996],[-74.344200323329204,4.7955151162254213],[-74.344198113091437,4.7955130335895948],[-74.344196242044234,4.7955115928716765],[-74.344194252072526,4.7955103213036194],[-74.344192160307557,4.7955092288259262],[-74.344189980273669,4.7955083226677777],[-74.344187730003298,4.7955076118649762],[-74.34418542662479,4.7955070991237578],[-74.344183087267922,4.795506790767579],[-74.344180730862959,4.7955066867889817],[-74.344178373637234,4.7955067907988722],[-74.344176034519577,4.7955070991726609],[-74.34417373063738,4.7955076119035898],[-74.344171480918348,4.7955083226543502],[-74.344169300685977,4.7955092287058898],[-74.344167208866978,4.7955103210079715],[-74.344165218980507,4.7955115932252479],[-74.344163347247886,4.7955130335954932],[-74.344162401059194,4.7955138677259797],[-74.344135430625713,4.7955388060837549],[-74.344106985452925,4.7955591439565541],[-74.344089572486254,4.7955665171490116],[-74.344070425009463,4.7955712079706982],[-74.344050770615326,4.7955727800717369],[-74.344031118602317,4.7955711934643501],[-74.344012078370497,4.7955665157329692],[-74.34399415833137,4.7955587439664393],[-74.34397672593667,4.7955485557295194],[-74.343959712563915,4.7955356589613274],[-74.343884998486388,4.7954751490761067],[-74.343859934675478,4.7954514445815484],[-74.343847655310114,4.7954399440066933],[-74.343846558769883,4.7954389397609916],[-74.343819371297144,4.795413239406404],[-74.343796337437468,4.7953892863407477],[-74.343795854075495,4.7953887954962662],[-74.343787980588857,4.7953810143823441],[-74.343780613886707,4.7953736852188715],[-74.343764189274921,4.7953564240817634],[-74.343744825737687,4.7953362359779321],[-74.343737458344563,4.7953271199246847],[-74.343737167944383,4.7953267673623259],[-74.34373573855089,4.7953251890179516],[-74.343700894041433,4.7952896212473162],[-74.343681708555366,4.7952683027016922],[-74.343681317166002,4.7952678778348776],[-74.343668797316468,4.7952545497672441],[-74.343665618235377,4.7952506607228838],[-74.343665129290315,4.795249718636561],[-74.343663861994216,4.7952477215396678],[-74.343662426175413,4.7952458447798714],[-74.343660091395122,4.7952433841947171],[-74.343656352677641,4.7952399023016641],[-74.343655638434583,4.7952391203635649],[-74.343650602748127,4.7952338340002152],[-74.343649061546031,4.7952321770254009],[-74.343648487999005,4.7952315795089415],[-74.343644080035688,4.7952271221407754],[-74.343643098002048,4.7952261775336025],[-74.343635884832779,4.7952195844058121],[-74.343634958489318,4.7952181252323571],[-74.343633522670686,4.7952162484724932],[-74.343632979760031,4.7952156183893626],[-74.343627553437244,4.7952095228327778],[-74.343625867906624,4.7952076118068234],[-74.343609069405318,4.7951885386012378],[-74.343607224080202,4.7951860081945048],[-74.343606113858485,4.7951845888816429],[-74.343605703517966,4.7951841097644019],[-74.343596154858531,4.7951732185209552],[-74.343594840920332,4.7951718218948489],[-74.34359343503732,4.7951704307302849],[-74.343573393203656,4.7951491468779315],[-74.343572559945926,4.7951483007810252],[-74.343557488509816,4.7951336380589931],[-74.343551968442853,4.7951275533897499],[-74.34355154098273,4.7951270941736865],[-74.343549430754408,4.7951248731392235],[-74.343533078209759,4.7951074573330414],[-74.343532795944441,4.7951071608337363],[-74.343526514004409,4.7951006704318662],[-74.343525966617904,4.7951001208328332],[-74.343523733810045,4.7950979414436423],[-74.343510551214806,4.7950841126505308],[-74.343509825272278,4.7950833795488546],[-74.343507046891744,4.7950806785929982],[-74.343473254213308,4.7950446627730239],[-74.343472574257547,4.7950439640166254],[-74.343466077794616,4.7950375216253063],[-74.343452111468892,4.7950227056443531],[-74.34345152890711,4.7950221063226826],[-74.343447038005948,4.795017628186482],[-74.343446354297598,4.7950165496270536],[-74.343444917578438,4.795014672867012],[-74.343443425060343,4.7950130294371673],[-74.343438055784077,4.7950075867585893],[-74.343430362628382,4.7949998950951498],[-74.343407586794555,4.7949764248084028],[-74.343393049746567,4.7949613151518689],[-74.343381427828888,4.7949482118985873],[-74.34337935551109,4.7949461174502819],[-74.343376339138359,4.7949433822232299],[-74.34335936731884,4.7949259802177266],[-74.343358681060934,4.7949253013581741],[-74.343354792618612,4.794921588925944],[-74.343350338779857,4.794917374829164],[-74.343349209876209,4.7949142635846194],[-74.343348306688313,4.7949120728259436],[-74.343347216036349,4.7949099734741107],[-74.343345948742225,4.7949079772807846],[-74.343344512924673,4.7949060996158863],[-74.343343626419667,4.79490509076604],[-74.343320997136459,4.7948806112243112],[-74.343318550628354,4.7948782754742352],[-74.343316678683223,4.7948768347540405],[-74.343314688714912,4.7948755631831812],[-74.34331259695314,4.794874470702613],[-74.343310416922733,4.7948735654457133],[-74.343308166654865,4.7948728537355398],[-74.343305863278943,4.7948723409912031],[-74.343303524825913,4.7948720326315337],[-74.343301167522029,4.7948719295544713],[-74.343298810297838,4.7948720326568974],[-74.343296471181802,4.7948723410275838],[-74.34329610613031,4.7948724225562378],[-74.343289957303611,4.794865145362289],[-74.343289605480166,4.7948644672768532],[-74.343288338186213,4.7948624710834142],[-74.343286902369286,4.7948605943226648],[-74.343285919370231,4.7948594815161858],[-74.343275864160532,4.7948487170661132],[-74.343255181002903,4.7948216821277478],[-74.343254251867378,4.7948199923591295],[-74.343254353500839,4.7948170669208823],[-74.343254369362583,4.7948161246378813],[-74.34325426658603,4.7948137599428238],[-74.343253958288727,4.7948114143179863],[-74.343253447180899,4.7948091031352318],[-74.343252737777362,4.7948068462873543],[-74.343251836394231,4.7948046591450089],[-74.343250745742779,4.7948025597929691],[-74.343249275514808,4.7948002779207473],[-74.343246026780037,4.7947957486593831],[-74.343237594400719,4.7947809350427102],[-74.343236294633272,4.7947788818910952],[-74.343234858816658,4.794777005130177],[-74.343233264397441,4.7947752595539574],[-74.343231524903175,4.7947736605301197],[-74.343229850442128,4.7947723969749756],[-74.34322933534682,4.79477143048247],[-74.343228905962647,4.7947706565717487],[-74.343226563598378,4.7947672238693126],[-74.343205150400507,4.7947405020995149],[-74.343200769838901,4.7947346240678046],[-74.343199998727641,4.7947336386845647],[-74.343182976037227,4.7947128681898246],[-74.343182802880222,4.7947126593646896],[-74.343180560083425,4.7947102846501028],[-74.343173066406678,4.7947032521378263],[-74.343132963918819,4.7946631603750749],[-74.343130886287824,4.7946589751947544],[-74.343130097861106,4.7946575024024201],[-74.343128830567693,4.7946555053043456],[-74.343127393850196,4.7946536285435304],[-74.34312620433802,4.7946522978816528],[-74.343118331601886,4.7946440845049842],[-74.343118214408094,4.7946417333799465],[-74.343117906111004,4.7946393868506085],[-74.343117395003745,4.794637075667711],[-74.343116685601188,4.794634819724001],[-74.343115784218753,4.7946326325813979],[-74.343114693568012,4.7946305332291388],[-74.343113427176462,4.7946285370349617],[-74.343111990459079,4.7946266602741527],[-74.343111267184398,4.7946258304111575],[-74.34306384754332,4.7945735995002723],[-74.3430621305356,4.7945718702485536],[-74.343045663508875,4.794556724257423],[-74.342990073897141,4.7944992036687433],[-74.342988040419527,4.7944973054363045],[-74.342986169377525,4.7944958647147331],[-74.342984178509425,4.7944945931431917],[-74.342982086748989,4.7944934997572206],[-74.342979906720203,4.7944925944991308],[-74.34297765735532,4.7944918827874448],[-74.34297535398089,4.7944913700419303],[-74.342973014627816,4.7944910616813958],[-74.342970657325239,4.7944909586030793],[-74.342968300102214,4.7944910617042638],[-74.342965960987229,4.794491370073735],[-74.342963658008671,4.7944918828001581],[-74.342961408291814,4.7944925944511141],[-74.342959228060778,4.794493500498711],[-74.34295713624266,4.7944945927970908],[-74.342954780473264,4.7944961264946464],[-74.342899973051004,4.7945360037426754],[-74.342584832642729,4.7941664107985522],[-74.342583879414505,4.7941653531414579],[-74.342363532382791,4.7939328535277008],[-74.34236127706842,4.7939307311136687],[-74.342043171787822,4.7936650092388584],[-74.34204172544824,4.7936638830452409],[-74.341814444425012,4.7934988161586496],[-74.341651438443535,4.7933712548756011],[-74.341650986605686,4.7933708936914039],[-74.341650571440866,4.793370547547263],[-74.341342646851032,4.7931083679694373],[-74.341340719098866,4.793106879478974],[-74.34133977586373,4.7931062765249042],[-74.341339456248008,4.7931060437024771],[-74.341339207287092,4.7931059130676816],[-74.341338729798508,4.7931056078375907],[-74.341336637076083,4.7931045142619908],[-74.3413361780852,4.7931043235838606],[-74.341335963252561,4.793104210856824],[-74.341335603052329,4.793104084698534],[-74.341334457119444,4.7931036086446799],[-74.34133224020961,4.7931029073297182],[-74.341332206716032,4.7931028988442366],[-74.341329903851928,4.793102384667363],[-74.341328731378596,4.7931022300505699],[-74.341328367080877,4.7931021597779395],[-74.34132811335104,4.7931021485497816],[-74.341327564715286,4.7931020761999319],[-74.34132520759222,4.7931019727778619],[-74.341324672283207,4.7931019962743049],[-74.341324426277865,4.7931019853879464],[-74.341324056077298,4.7931020233214934],[-74.341322851368403,4.7931020761999088],[-74.341320507198475,4.7931023860747297],[-74.341318209068021,4.7931028972809946],[-74.341316760789439,4.7931033551500413],[-74.341316452143673,4.7931034349780628],[-74.341316299482855,4.7931035009907896],[-74.341315958964273,4.7931036086447403],[-74.341313779007621,4.7931045142620192],[-74.34131292908333,4.7931049583995176],[-74.341312612455326,4.7931050953139636],[-74.341312350156628,4.7931052609241656],[-74.34131168628528,4.7931056078375622],[-74.341309696984837,4.7931068794789917],[-74.341309287017083,4.7931071949296893],[-74.341309075211967,4.7931073286592421],[-74.34130879525776,4.7931075733151394],[-74.341307824596413,4.7931083201928688],[-74.341305925249131,4.7931100812514416],[-74.341295482235097,4.7931207721373408],[-74.341236669793858,4.7930775417298612],[-74.341068560638959,4.7929501568200656],[-74.341037418667156,4.7929265585475118],[-74.340971701061648,4.792876760755548],[-74.340844591556788,4.7927622073230625],[-74.340661889112425,4.7925332835538388],[-74.340538035074189,4.7923062487713208],[-74.340475233370938,4.7921352840009339],[-74.3404744538052,4.7921333870863903],[-74.340457474537473,4.7920961230308805],[-74.340457092611786,4.7920945053910531],[-74.340431275593019,4.7920075075137358],[-74.340405826445618,4.7918900455477731],[-74.340390128202756,4.7918175857713141],[-74.340353930330224,4.7916505046550668],[-74.340340667579099,4.7915916843510553],[-74.340326311342295,4.7915280201496042],[-74.340325934879473,4.7915265426735072],[-74.340309157436778,4.791467719197839],[-74.340288520294735,4.7913953680222852],[-74.340287931866087,4.7913935533249692],[-74.340287325517522,4.79139202348808],[-74.34028658929806,4.7913903255018351],[-74.340239672407208,4.7912819825636843],[-74.340239357538877,4.791281281854733],[-74.340194617913852,4.7911854933310529],[-74.340193603953225,4.7911835341096767],[-74.340130805829588,4.7910733868604005],[-74.340120326537743,4.7910541908574515],[-74.340072750723735,4.790967043967612],[-74.340072451243955,4.7909665105475563],[-74.340071059501611,4.7909643380569129],[-74.339993239213726,4.790854712008966],[-74.339991926978101,4.790853011530487],[-74.339991678972297,4.7908527195378703],[-74.339977448031192,4.7908361836045286],[-74.339937294777883,4.790789530973969],[-74.339902015039399,4.7907485400811423],[-74.339901018536821,4.7907474444558913],[-74.339822131572248,4.7906653265963621],[-74.339821166673545,4.7906643711248451],[-74.339773778403242,4.7906197486916344],[-74.339772653031815,4.7906187471624584],[-74.339772117412238,4.7906183069753592],[-74.33952964713545,4.7904245982724705],[-74.339528690436111,4.7904238679672311],[-74.339237412360333,4.7902116913099357],[-74.339223498441669,4.7902014428131494],[-74.339138109675304,4.7901385472775218],[-74.338369370585909,4.7895695815195136],[-74.338052918670101,4.78932819065452],[-74.337809979980634,4.7891376817688895],[-74.337791430480777,4.7891218718597557],[-74.337791033829077,4.7891215005568935],[-74.337544290436583,4.788882907720029],[-74.337268417103701,4.7885315587844843],[-74.33675798349411,4.7878734412064148],[-74.336757808126308,4.7878732181745569],[-74.33674956696531,4.7878628406918686],[-74.336740890807377,4.787851037974499],[-74.33673045590848,4.7878368363257113],[-74.336714409432076,4.7878149927796585],[-74.336548743516204,4.7875894858520702],[-74.336532693444411,4.7875676386851493],[-74.336516481033271,4.7875455709307486],[-74.336452587404111,4.7874585999260741],[-74.336131667458375,4.7870217631259449],[-74.336198451438108,4.7869707301043718],[-74.336199448119487,4.786969932137624],[-74.336201187277808,4.7869683326829762],[-74.336202780350206,4.7869665885960382],[-74.336204216523612,4.7869647107324544],[-74.33620548498628,4.7869627135650274],[-74.336206574026463,4.7869606151840909],[-74.336207477338533,4.7869584273480426],[-74.336208186817828,4.7869561717629301],[-74.336208697060144,4.7869538601867232],[-74.336209005368985,4.7869515134192415],[-74.336209108145525,4.786949149547814],[-74.336209004494378,4.7869467848501115],[-74.336208697127304,4.7869444392196741],[-74.336208186951552,4.786942128029172],[-74.336207476678823,4.7869398711721098],[-74.336206574427791,4.7869376840185209],[-74.336205484712437,4.7869355846525963],[-74.3362041038136,4.7869334275216735],[-74.336139794215569,4.7868427010924535],[-74.336138471174024,4.7868409843322199],[-74.33613687769315,4.7868392396410124],[-74.336135138235406,4.7868376405967332],[-74.336133266327039,4.7868361998545286],[-74.336131276394909,4.7868349282604798],[-74.336129183767099,4.7868338357560587],[-74.336127004672306,4.7868329304737554],[-74.336124754437336,4.7868322187379286],[-74.336122451092706,4.7868317059675105],[-74.336120112669093,4.786831397581536],[-74.336117755392536,4.7868312944780991],[-74.336115398193385,4.7868313975543133],[-74.336113059099873,4.7868317058991634],[-74.336110756140286,4.786832218601468],[-74.336108505538292,4.7868329302293571],[-74.336106326221824,4.7868338353498974],[-74.336104233513211,4.7868349285314968],[-74.336102298607315,4.7868361618194797],[-74.336069977320719,4.7868587479992257],[-74.336063512882362,4.7868627836063915],[-74.336057852869999,4.7868653530440888],[-74.336052167252035,4.7868669485633593],[-74.336046561591033,4.786867824232016],[-74.336043315565121,4.7868678815245627],[-74.336040312750313,4.7868674730123235],[-74.336037402612362,4.7868666105078654],[-74.336034582441798,4.786865280447814],[-74.336019280457862,4.7868550893736641],[-74.336004779712653,4.7868421435075001],[-74.335987573800708,4.7868244529115191],[-74.335967197645758,4.7868021796301807],[-74.335948174965836,4.7867786452468888],[-74.335540215670235,4.7862411719128835],[-74.33552373578722,4.7862196070207226],[-74.335508936990237,4.7862002371280523],[-74.33549248506597,4.7861787056834704],[-74.335492071111858,4.7861781759213899],[-74.335411876943184,4.7860784476952727],[-74.335411544164103,4.7860780417912148],[-74.335411271812546,4.7860777208683434],[-74.335327659623843,4.7859808623492137],[-74.335327029261521,4.7859801572348033],[-74.335240098253522,4.7858862841340724],[-74.335239761887564,4.7858859279676116],[-74.335235469416972,4.7858814578341526],[-74.335230833374752,4.7858766469100154],[-74.335226579691067,4.7858722445841311],[-74.33522190848889,4.7858674219172785],[-74.335217741383318,4.7858631289787388],[-74.335212997145348,4.785858252081435],[-74.335209048274109,4.7858541959865422],[-74.335204116470877,4.785849136491759],[-74.33520115955416,4.7858461054964261],[-74.335195267364568,4.7858400688178264],[-74.335101319851731,4.7857438022981045],[-74.33510077578012,4.7857431595192761],[-74.335013684533834,4.7856350358283448],[-74.335013374267746,4.78563465811306],[-74.335011322014836,4.7856324637672589],[-74.334636575417548,4.7852739247519027],[-74.334635293883636,4.7852727745190435],[-74.334633497937531,4.7852713877644222],[-74.334392289665047,4.7851007158819963],[-74.334416976063764,4.7850543724020813],[-74.334418537830345,4.785050864046946],[-74.334419247313633,4.7850486075590766],[-74.334419757561292,4.7850462968881207],[-74.334420065875818,4.7850439501210333],[-74.334420168658525,4.7850415862494744],[-74.334420065014157,4.7850392215509396],[-74.33441975765399,4.785036875014935],[-74.334419247485911,4.78503456382255],[-74.334418537221595,4.7850323078674171],[-74.334417634978919,4.7850301207108634],[-74.334416545272191,4.785028021341577],[-74.334415277121337,4.7850260251290324],[-74.334413841349217,4.7850241474423418],[-74.334412247876969,4.7850224027465478],[-74.334410508427837,4.7850208036973987],[-74.334408636527897,4.785019362949896],[-74.334406646604108,4.78501809135029],[-74.334404553984115,4.7850169979357826],[-74.334402374897152,4.7850160926475462],[-74.334399726200147,4.7850152770609533],[-74.334333862713478,4.7849986453401101],[-74.334340584250512,4.7849791018041365],[-74.33434165264508,4.7849749640234869],[-74.334341960213223,4.7849726176921878],[-74.334342062735971,4.7849702533745342],[-74.334341960213237,4.7849678881575812],[-74.33434165264508,4.7849655418263692],[-74.334341141830166,4.7849632314680015],[-74.334340432265094,4.7849609741696817],[-74.334339529345755,4.7849587879178168],[-74.334338440266762,4.7849566880008254],[-74.334337172222661,4.784954692405198],[-74.334335736005357,4.7849528146207705],[-74.334334142406703,4.7849510699360094],[-74.334332403117855,4.7849494709414229],[-74.334330531628652,4.7849480302274703],[-74.334328541428974,4.7849467585861447],[-74.334326448706548,4.7849456659098291],[-74.334324269649287,4.7849447602924924],[-74.334320229894672,4.7849436316433485],[-74.334265067278963,4.7849327678330527],[-74.334264517793187,4.7849326653103441],[-74.334225734529952,4.7849259140997127],[-74.334141553489857,4.7848916930972312],[-74.334120681124475,4.7848530240478908],[-74.334131874086637,4.7847822752818541],[-74.334132207735109,4.7847780232872301],[-74.334132105212447,4.7847756589695507],[-74.334131797644304,4.7847733117390225],[-74.33413128682939,4.7847710013806379],[-74.334130577264304,4.7847687440823314],[-74.334129674344979,4.7847665578304452],[-74.334128585265901,4.7847644588127949],[-74.334127317221885,4.7847624623178318],[-74.334125881004582,4.7847605845334087],[-74.334124287405913,4.784758839848652],[-74.334122548117065,4.7847572408540966],[-74.334120676627876,4.7847558001400863],[-74.334118686428212,4.7847545284987749],[-74.334116531652569,4.7847534070441462],[-74.334059269119962,4.7847267970041436],[-74.334058548762954,4.7847258545146412],[-74.334056955164314,4.7847241098298934],[-74.334055215875466,4.7847225108352145],[-74.334053344386291,4.7847210701214085],[-74.334051354186599,4.784719798479955],[-74.334049261464173,4.7847187058037521],[-74.334047082406855,4.7847178001864394],[-74.334043630808878,4.7847167947443516],[-74.334020494849938,4.7847117000849622],[-74.333957556695836,4.7846963297718679],[-74.333933809197902,4.7846905228494165],[-74.333933344248393,4.7846904131321129],[-74.333924259297063,4.7846883617785387],[-74.33392300923947,4.7846880937805825],[-74.333892680502728,4.7846812058730368],[-74.333871496971994,4.7846764007953544],[-74.33386623324003,4.7846751543349253],[-74.333830626382266,4.7846667276874442],[-74.333774550055381,4.7846534456001422],[-74.333774235292694,4.7846533736542991],[-74.333763119672184,4.7846508807336177],[-74.333706268129731,4.7846381265483764],[-74.333684712279592,4.7846332863971162],[-74.333679651794455,4.7846321442581292],[-74.333653037257804,4.7846261062099149],[-74.333652317800215,4.7846259389359451],[-74.333629843742244,4.7846201661877998],[-74.333602116744245,4.7846130435571634],[-74.333581097789406,4.7846076530208519],[-74.333512982238275,4.7845900218121571],[-74.333501575237449,4.7845870756330813],[-74.333489265317311,4.7845838902344209],[-74.333443506912232,4.7845720452637348],[-74.333443117505823,4.7845715353481184],[-74.333441523007821,4.7845697906633671],[-74.333439783719029,4.7845681916687859],[-74.333437912229826,4.7845667509548884],[-74.333435922929453,4.7845654793135095],[-74.333433830207056,4.7845643866371734],[-74.333431650250404,4.7845634810198954],[-74.333429093477847,4.7845626887171804],[-74.333410963636894,4.7845580439630542],[-74.333409603468851,4.7845574937347735],[-74.333405734029967,4.7845561043715623],[-74.333280147683922,4.784511061219006],[-74.333097108503395,4.7844454106581171],[-74.333100929823615,4.7844361564610978],[-74.333106812998935,4.7844179706536361],[-74.333110975780031,4.784403371931619],[-74.333144109213904,4.7842883591623435],[-74.333214012359946,4.7841238124344052],[-74.333219353681102,4.7841102378406575],[-74.333223518174336,4.7840978347514653],[-74.333263566447243,4.7839683343598391],[-74.333296941265431,4.7838869080026631],[-74.333300951460416,4.7838765242666996],[-74.333306741000641,4.7838586685612636],[-74.333321056548016,4.7838076834497736],[-74.33332531334058,4.7837938144595586],[-74.333325900349379,4.7837918727138122],[-74.3334718783141,4.7832948109110909],[-74.333582447799188,4.7829181640892058],[-74.333755835392694,4.7823275270498531],[-74.333825416505647,4.782090503666911],[-74.333853620575198,4.7819944277948805],[-74.334030363092523,4.781392361833765],[-74.334062910966466,4.7812814873099478],[-74.334117092582474,4.7810969198196416],[-74.334265311052775,4.78059183320015],[-74.334266589497361,4.7805876060352066],[-74.33430974478523,4.7804489158607399],[-74.334314377263055,4.7804321692501288],[-74.33431793064112,4.780415158084625],[-74.334321009271591,4.7803916940309303],[-74.334322038003052,4.7803680489815772],[-74.334321009691976,4.7803444047030093],[-74.334319827276772,4.7803353902053987],[-74.334380929564404,4.7801306361857483],[-74.334389228510332,4.7801197869323362],[-74.334401904966839,4.780099825241849],[-74.334412798028481,4.7800788324163106],[-74.334421825725371,4.7800569676429232],[-74.334427118263434,4.780040825759146],[-74.33443085711815,4.7800280864245064],[-74.334448805965621,4.7799669455751514],[-74.33446496118998,4.7799111986273832],[-74.334473795958104,4.7798892769549504],[-74.334480850234357,4.7798668558735216],[-74.334507540148508,4.7797670087214392],[-74.334508015449757,4.7797652677707214],[-74.334508595206955,4.7797632346927932],[-74.334509357768098,4.779760706895666],[-74.334951202677786,4.7783844844177841],[-74.334956272799204,4.7783666154059468],[-74.334960111468305,4.7783484393954625],[-74.334963190071051,4.7783249744348089],[-74.334964218781465,4.7783013302887261],[-74.334963190454943,4.7782776851064517],[-74.334960111469471,4.7782542206493117],[-74.334955004426803,4.7782311141511871],[-74.334947910858133,4.7782085419343332],[-74.334938882208903,4.7781866767001748],[-74.334927988851604,4.778165683908651],[-74.334915312874799,4.7781457226851414],[-74.334900950787556,4.77812694672396],[-74.334885013517109,4.7781094970537463],[-74.334867619199343,4.7780935083702856],[-74.334848903091441,4.7780790999899949],[-74.334829004955026,4.7780663839932807],[-74.334808078968095,4.778055456177615],[-74.33478628290942,4.7780463987747996],[-74.334775047111066,4.7780425741953669],[-74.331221047474784,4.7769193871283653],[-74.331204035987597,4.7769146187294957],[-74.331186749981057,4.7769109726652239],[-74.331163360686318,4.7769078831923508],[-74.331139790962993,4.7769068510626873],[-74.331116221096821,4.7769078834438901],[-74.33109283226942,4.7769109721303229],[-74.331069799347347,4.7769160953542578],[-74.331047298993241,4.7769232123569694],[-74.331025503357807,4.7769322697213479],[-74.331004577374344,4.7769431968513372],[-74.330984680563859,4.776955913205474],[-74.33096596342736,4.7769703219684541],[-74.330948570150284,4.77698631095413],[-74.330932631393921,4.777003759842664],[-74.330918269702451,4.7770225365615229],[-74.330905594094617,4.7770424972871695],[-74.330894700966354,4.7770634900619573],[-74.330885672288247,4.7770853556993504],[-74.330879735089312,4.7771037287010119],[-74.33087710364471,4.7771129833517731],[-74.330876512190258,4.7771150987226498],[-74.330736419265378,4.7776233820615932],[-74.330507151203008,4.7775578843047422],[-74.330480045085423,4.7775516329474597],[-74.330456654869323,4.777548543451859],[-74.330433086025224,4.7775475112986889],[-74.330409516134949,4.7775485436568372],[-74.330386126380105,4.7775516323207361],[-74.330363094331489,4.7775567546176214],[-74.330340593948648,4.7775638725028386],[-74.330318798282647,4.7775729289418738],[-74.330297871366881,4.7775838569563351],[-74.330277974524449,4.7775965732914338],[-74.330259257355166,4.7776109811322618],[-74.330241864946856,4.7776269701010756],[-74.330225926158121,4.7776444198789108],[-74.330211563532501,4.7776631956803826],[-74.33019888789309,4.7776831572985916],[-74.330187994733606,4.7777041500634656],[-74.330178966926738,4.7777260156924699],[-74.33017370851357,4.7777420408818481],[-74.330022317473009,4.7782576910553765],[-74.330020061994688,4.7782647282268291],[-74.330017233945455,4.7782737641071149],[-74.329979569850579,4.7783867600334924],[-74.329973972742437,4.7784059250680722],[-74.329969797303619,4.7784254512981938],[-74.329967426871931,4.7784435164227759],[-74.328709456784679,4.7827213156532107],[-74.32833549224614,4.7825680497889849],[-74.32833481966496,4.7825677644802349],[-74.328168753814026,4.782494387940325],[-74.327783135220898,4.7823261160262351],[-74.327782863281342,4.7823259950075867],[-74.327782824423366,4.7823259771358559],[-74.327782639167609,4.7823258924482541],[-74.327599819264364,4.7822416907093679],[-74.327598871548304,4.7822412769540836],[-74.327552232391,4.7822219413178706],[-74.327551857215681,4.7822217834169383],[-74.327380951434819,4.7821414525034296],[-74.327197839461135,4.7820459413148928],[-74.326827886806527,4.7818433812982706],[-74.326769740692413,4.7818115449456613],[-74.326769067176187,4.7818111219792536],[-74.326759226804441,4.7818049365446385],[-74.326758390101176,4.7818044322507998],[-74.32675764627686,4.7818040174486729],[-74.32666636915387,4.7817549249614713],[-74.32666596208044,4.7817546847011387],[-74.326625109988626,4.781729823994139],[-74.326417673029297,4.7815904247061116],[-74.326416958934757,4.7815899610606802],[-74.326285504303726,4.7815074999472058],[-74.326216907480827,4.7814613801902901],[-74.326216521326984,4.7814611129744842],[-74.326117928832559,4.7813872274650704],[-74.326116937011804,4.7813865188553804],[-74.325919417414923,4.7812519586153526],[-74.325465674802516,4.7809117795651455],[-74.325465135609932,4.7809113845820317],[-74.325439399615263,4.7808930614182721],[-74.325419182248794,4.780877687617795],[-74.325419066369435,4.7808776001590694],[-74.325418949481701,4.7808775129516325],[-74.324988598071059,4.7805577052003088],[-74.324608416797162,4.7802676054053235],[-74.324202966362421,4.7799598662007261],[-74.323768272631412,4.7796349960425717],[-74.323319040431784,4.7792801158611908],[-74.323318173709012,4.7792794586019962],[-74.323056149306581,4.7790890617216988],[-74.322885883192029,4.778952984300445],[-74.322605385471007,4.7787290412791315],[-74.322311696585956,4.7784952794551847],[-74.321995570615286,4.7782463712567305],[-74.321807938257123,4.7780993565577026],[-74.321804813741082,4.7780972421940309],[-74.32180434242504,4.7780969961050994],[-74.321804152936679,4.7780968717234336],[-74.321803850459602,4.7780967392344174],[-74.321802721018727,4.7780961495177623],[-74.321800541062089,4.7780952439004727],[-74.321800165458782,4.7780951251546195],[-74.321800005094886,4.7780950549130647],[-74.321799710418048,4.7780949812947879],[-74.321798290958313,4.7780945325366826],[-74.321795987794573,4.7780940199231399],[-74.321795721936326,4.7780939848638049],[-74.321795611831675,4.7780939573566696],[-74.321795375398722,4.7780939391650579],[-74.32179364865793,4.7780937114556723],[-74.321791292434142,4.7780936080336502],[-74.321791097032943,4.7780936132845104],[-74.321788935311062,4.7780937114556954],[-74.321786591804013,4.7780940212276537],[-74.321784293010666,4.7780945325367163],[-74.321783122238458,4.7780949026729829],[-74.321782759245465,4.778094994871199],[-74.321782535617757,4.7780950881314039],[-74.321782042906918,4.7780952439005091],[-74.321779862950251,4.7780961495177419],[-74.321779356710294,4.7780964138415731],[-74.3217791138038,4.7780965151416712],[-74.321778791878344,4.7780967087581327],[-74.32177777022784,4.7780972421940344],[-74.321775782222943,4.7780985160031104],[-74.32177572977281,4.7780985517525592],[-74.321773909438321,4.7780999545493668],[-74.321772677395629,4.7781010582123082],[-74.321772599983333,4.7781011317412618],[-74.321736062612601,4.7780728311182123],[-74.321735883181631,4.7780726937287676],[-74.32173526463805,4.7780722128623996],[-74.321734676751689,4.7780717573054527],[-74.321731485755805,4.7780692869947483],[-74.321730343344882,4.778068402093619],[-74.321718765952056,4.7780594337693403],[-74.32157932637233,4.7779498743234621],[-74.321158279281264,4.7775956051257182],[-74.320931434908317,4.777391886676412],[-74.320779593664483,4.7772535919471508],[-74.320768570291975,4.7772435527195194],[-74.320694714153234,4.7771762846438204],[-74.320649875863424,4.7771354452446282],[-74.320540561026959,4.7770358827561621],[-74.320502496335251,4.7770010961280507],[-74.320499233054747,4.776998113099503],[-74.320379170691098,4.7768883891717735],[-74.320359350260034,4.7768702740498377],[-74.320331666942536,4.7768449743472292],[-74.320027017131508,4.7765665573119342],[-74.320026695223675,4.7765662671459355],[-74.319643112431052,4.7762268304461202],[-74.31961216753578,4.7761955227991377],[-74.319590955084962,4.7761740604308294],[-74.319589429346664,4.7761725164275237],[-74.319567852595924,4.7761506861374654],[-74.319392037474898,4.7759728002955697],[-74.319255975263403,4.7758165601534772],[-74.319248828666858,4.7758083534498068],[-74.319163417609531,4.775710277098657],[-74.319132119584779,4.7756743341173573],[-74.319131904060328,4.7756740882240303],[-74.319118051977014,4.7756585644881504],[-74.318321554125902,4.7747657746136394],[-74.318203866424895,4.7746342232756849],[-74.318185254987995,4.7746137383970328],[-74.318185034057578,4.7746134979310773],[-74.318111105705938,4.7745340676580748],[-74.318108722477405,4.7745318005127331],[-74.318106849737418,4.7745303597173692],[-74.318104860773886,4.7745290880665339],[-74.318102768210125,4.774527995503254],[-74.318100589175728,4.7745270901600545],[-74.318098338997103,4.7745263783616876],[-74.318096035704613,4.7745258664319605],[-74.318093696426445,4.7745255579820558],[-74.318091339191184,4.7745254539098827],[-74.318088982028399,4.7745255578263937],[-74.318086642965085,4.7745258661080401],[-74.318084340029571,4.7745263787484973],[-74.318082090346763,4.7745270903160337],[-74.318079911041721,4.7745279953787421],[-74.318077818337983,4.7745290885052416],[-74.318075828457552,4.7745303597424682],[-74.318073956721619,4.7745318009464652],[-74.318072217548405,4.7745333994519124],[-74.318070623553965,4.7745351444028792],[-74.318070051416314,4.7745358924584398],[-74.318044289532608,4.7745167511572859],[-74.317976805179512,4.7744573424944168],[-74.317897672672729,4.774376962697489],[-74.31784444188898,4.7743186477495074],[-74.31784421284388,4.7743184009561928],[-74.317798175824507,4.7742692087622602],[-74.31779388791459,4.774264365031506],[-74.317782767304834,4.7742518055039982],[-74.317782175751944,4.7742511582332492],[-74.317767358258266,4.7742354765523451],[-74.317751846421046,4.7742190608235608],[-74.317720822748171,4.7741862275563367],[-74.317720642399649,4.7741860386210453],[-74.317704968360474,4.7741697676356392],[-74.31768176480486,4.7741457051348295],[-74.317624717895399,4.7740808344333461],[-74.317556309546021,4.7740030406891876],[-74.317568000148214,4.7739944138924422],[-74.317569359438309,4.7739933425188124],[-74.317571098727171,4.7739917435242605],[-74.317571249276227,4.7739915824963441],[-74.31757132505831,4.7739914957471692],[-74.317572693225131,4.773989997940121],[-74.317574020087108,4.7739882651118384],[-74.317574129442505,4.7739881210550248],[-74.31757539658723,4.7739861245600883],[-74.317576078466061,4.7739848103526548],[-74.317576220108265,4.7739845725287733],[-74.317576279948341,4.773984422029212],[-74.317576485666223,4.7739840255424122],[-74.317577388585534,4.7739818383912134],[-74.317577696307282,4.7739808598438378],[-74.31757781272799,4.7739805670423143],[-74.317577872385129,4.7739802999207921],[-74.317578098150648,4.7739795819921396],[-74.317578608965619,4.7739772707345542],[-74.317578694313568,4.7739766196442508],[-74.317578752259266,4.7739763601859453],[-74.317578773147005,4.7739760182510356],[-74.317578916533691,4.7739749244032907],[-74.317579019955758,4.7739725600856815],[-74.317579005117409,4.7739722208686652],[-74.317579015084149,4.773972057711946],[-74.317578984195663,4.7739717425793469],[-74.317578916533705,4.773970195767987],[-74.31757860581321,4.7739678497477618],[-74.317578592842864,4.7739677681660941],[-74.317578571178402,4.7739676784629363],[-74.317578098150634,4.7739655381791053],[-74.317577495440531,4.7739636000933228],[-74.31757745594787,4.77396349517654],[-74.317577388585548,4.7739632808807597],[-74.317576485666223,4.7739610946288904],[-74.317575902566944,4.7739599708025606],[-74.317575762871556,4.7739596538559441],[-74.317575637442602,4.773959459819717],[-74.31757539658723,4.7739589956112711],[-74.317573422697606,4.7739560335420599],[-74.317505563359148,4.7738674254388087],[-74.317504837482801,4.7738664747566428],[-74.317504699395371,4.7738663102499999],[-74.317504113623883,4.7738655578492892],[-74.317502520025243,4.7738638131645228],[-74.317502058193455,4.7738633885849957],[-74.31750186921532,4.7738631795396982],[-74.317501586473696,4.773862954915006],[-74.317500780736367,4.7738622141699842],[-74.317498909247206,4.7738607734559704],[-74.317498558568758,4.7738605493894077],[-74.317498396293288,4.7738604204693118],[-74.317498094533804,4.7738602528935186],[-74.3174969190475,4.7738595018146563],[-74.317494826325117,4.7738584082389774],[-74.31749451625663,4.7738582727369216],[-74.317494293772782,4.7738581869100063],[-74.317492647267827,4.7738575026217198],[-74.31749039617327,4.7738567940546499],[-74.317490340588805,4.7738567780347827],[-74.317490311072532,4.7738567720966314],[-74.317488094000268,4.7738562786444394],[-74.317485974881222,4.7738559954313775],[-74.317485911756464,4.7738559908668217],[-74.317485754863611,4.7738559701769718],[-74.317483397740588,4.7738558667549276],[-74.317481541359285,4.7738559358357993],[-74.3174810414543,4.773855966568882],[-74.317476833399539,4.7738562563592613],[-74.317376030466093,4.7737023514008374],[-74.317374146299741,4.7736998109975248],[-74.317373648624169,4.7736992661649147],[-74.317373441872078,4.7736989983812794],[-74.317373167927045,4.7736987399195181],[-74.317372551801753,4.7736980654134529],[-74.31737081251292,4.7736964664188175],[-74.317370517603891,4.7736962393913309],[-74.317370360839845,4.7736960914874702],[-74.317370046675421,4.7736958768601401],[-74.317368941023744,4.7736950257049351],[-74.317366949770616,4.7736937569402835],[-74.317366862039677,4.7736937043222447],[-74.317366742960445,4.7736936450619174],[-74.317364859001017,4.773692661387301],[-74.317363290906229,4.7736920099552238],[-74.317363035059643,4.7736918887703998],[-74.317362912989253,4.773691852957497],[-74.317362679044365,4.7736917557699492],[-74.317360428940603,4.773691044406239],[-74.31735930222149,4.7736907936331745],[-74.317358970478338,4.773690696306641],[-74.317358719165313,4.7736906638628236],[-74.317358125776792,4.7736905317927159],[-74.317355786640192,4.7736902233252412],[-74.317355059492513,4.7736901914084449],[-74.317354769448031,4.7736901539644538],[-74.317354428569047,4.7736901637152371],[-74.317353430416432,4.7736901199031871],[-74.317350535842436,4.7736902752839132],[-74.317317834105125,4.7736938066841796],[-74.317290437655998,4.7736527911970317],[-74.317269863919066,4.7736219862145166],[-74.317238883368489,4.7735756037994683],[-74.317237134716876,4.7735732667980635],[-74.317236470109805,4.7735725019934998],[-74.317189436098886,4.7735203602788276],[-74.31665791565834,4.7729311129041321],[-74.316609096253558,4.7728769922563812],[-74.316538071839901,4.7727979089349901],[-74.316535363990823,4.7727952856027933],[-74.316533491258809,4.7727938448026519],[-74.316531502303107,4.7727925731468561],[-74.316529409746963,4.7727914805783112],[-74.316527230720013,4.7727905752296458],[-74.316524980548479,4.7727898634257491],[-74.316522677262441,4.7727893505860495],[-74.316520337990596,4.7727890421304702],[-74.31651798076156,4.7727889389568929],[-74.316515623603891,4.7727890419634349],[-74.316513284545763,4.7727893511437598],[-74.316510981614528,4.7727898637787209],[-74.316508731033693,4.7727905744369128],[-74.316506552633427,4.7727914803985003],[-74.316504459932091,4.7727925735200882],[-74.316502470053379,4.7727938447527478],[-74.316500598318115,4.772795285048125],[-74.316500222540924,4.772795608013646],[-74.316454501395683,4.7728355469145969],[-74.316438750139625,4.7728147688983356],[-74.316437940319815,4.7728137527483394],[-74.316437095363725,4.7728127908685023],[-74.316275938911204,4.7726376489980495],[-74.316217213291154,4.7725738268300715],[-74.316261107262875,4.7725286445514774],[-74.316262457061029,4.7725271483717773],[-74.316263893262857,4.7725252705478907],[-74.316265160859402,4.7725232734152234],[-74.316266250842773,4.7725211750628436],[-74.316267153301524,4.7725189872501286],[-74.316267861933241,4.7725167316823329],[-74.316268373136396,4.7725144201167451],[-74.316268681509698,4.7725120733540702],[-74.316268784355103,4.7725097094811817],[-74.316268681678309,4.7725073447754776],[-74.316268373486139,4.7725049991315824],[-74.316267862487877,4.7725026870171963],[-74.316267154099791,4.772500431038023],[-74.316266251030498,4.7724982438532928],[-74.316265160497821,4.7724961444507201],[-74.316263893324077,4.7724941481996588],[-74.316262406225817,4.7724922099002214],[-74.316254688830867,4.7724830907300042],[-74.316320464621953,4.7724329754576011],[-74.31632148984481,4.7724321545203612],[-74.316323229133658,4.7724305555258058],[-74.316323625456462,4.7724301214046889],[-74.316323777592601,4.772429984041179],[-74.316323958754765,4.7724297563189166],[-74.316324822732298,4.772428809941724],[-74.316326258949601,4.7724269330565949],[-74.316326473467981,4.7724265953043163],[-74.316326556452708,4.7724264909918004],[-74.316326674482212,4.7724262788137937],[-74.316327526993732,4.7724249365616283],[-74.316328616072724,4.7724228375439939],[-74.316328722814532,4.7724225888745684],[-74.316328779002376,4.7724224428777058],[-74.316329518992049,4.7724206503927755],[-74.316330228601714,4.7724183905866546],[-74.316330738472743,4.7724160827360613],[-74.316331018063281,4.7724139942078088],[-74.316331024241904,4.7724139090575388],[-74.316331046940192,4.7724137364049],[-74.31633114946294,4.7724113720872499],[-74.316331083340287,4.7724098472069461],[-74.31633108792991,4.772409531762464],[-74.316331062298929,4.7724093619639278],[-74.316331046940192,4.7724090077695536],[-74.316330738472757,4.7724066614383442],[-74.316330473067453,4.7724054584549469],[-74.316330421705089,4.7724051181922862],[-74.316330347862831,4.7724048909489465],[-74.316330228557135,4.7724043501806079],[-74.316329518992035,4.7724020928823441],[-74.316329142089174,4.772401180281868],[-74.316329042277587,4.7724008731201737],[-74.316328909628666,4.7724006174218374],[-74.316328616072724,4.772399906630425],[-74.316327526993732,4.772397807612772],[-74.316327117559567,4.7723971629718003],[-74.316326986830802,4.7723969109747824],[-74.316326794071088,4.7723966536495093],[-74.316326258949601,4.7723958111178888],[-74.316324822732312,4.7723939333334409],[-74.316324310444656,4.7723933387199891],[-74.316194667219364,4.7722471603570531],[-74.3161523129843,4.772199405026865],[-74.316115309314043,4.7721576809306692],[-74.316043849160067,4.7720771067919587],[-74.31604102907022,4.7720743574456943],[-74.316040673968899,4.7720740842121279],[-74.316040526264985,4.7720739435937283],[-74.316040253748383,4.772073760872412],[-74.316039156681711,4.772072916731763],[-74.316037167381339,4.7720716450904268],[-74.316036854738513,4.772071481849788],[-74.316036715816594,4.7720713887031483],[-74.316036440984391,4.7720712658156677],[-74.316035074658927,4.7720705524141511],[-74.316032894702261,4.7720696467968278],[-74.316032639875473,4.7720695662018677],[-74.316032527718846,4.7720695160525786],[-74.316032285609012,4.7720694541567887],[-74.316030645497833,4.7720689354330883],[-74.316028342334107,4.7720684228195349],[-74.316028082399129,4.7720683841054932],[-74.316027911001029,4.7720683659386536],[-74.316026003197464,4.772068114352054],[-74.316023645574802,4.7720680171924945],[-74.316023510078594,4.7720680147511851],[-74.316021288951262,4.7720681143520842],[-74.316018945348105,4.7720684240362345],[-74.316016646650894,4.7720689354330865],[-74.316015000676671,4.7720694558030461],[-74.316014744251191,4.7720695228704457],[-74.316014633647271,4.7720695718383741],[-74.316014396547118,4.7720696467968731],[-74.316012217489785,4.7720705524141174],[-74.316011094887884,4.7720711385599284],[-74.316010777806497,4.7720712789419713],[-74.3160105839263,4.7720714053491102],[-74.316010124767388,4.7720716450904188],[-74.316007144261988,4.772073647970287],[-74.315935733729589,4.7721288420254551],[-74.315793326347091,4.7719735820607161],[-74.315657353234428,4.7718253332691827],[-74.315469105759476,4.7716200946605598],[-74.315543551111546,4.7715483642824967],[-74.315545535285196,4.7715462366835899],[-74.31554697148718,4.7715443588611466],[-74.315548238183055,4.771542362634289],[-74.315549328166966,4.7715402633787161],[-74.31555023062721,4.7715380764711162],[-74.315550940161586,4.7715358199993698],[-74.315551450465193,4.7715335084344739],[-74.315551758840954,4.7715311625762444],[-74.315551861688547,4.77152879779893],[-74.315551759014838,4.7715264339972618],[-74.31555145082541,4.7715240874484728],[-74.315550939830686,4.7715217762376509],[-74.31555023054463,4.7715195202578364],[-74.315549328380413,4.771517333071599],[-74.315548238752996,4.7715152336673627],[-74.315546971583174,4.7715132374146929],[-74.315545534988985,4.7715113596839513],[-74.315544187766548,4.7715098653449894],[-74.315531769088011,4.771496948123418],[-74.31551378490866,4.771478240796438],[-74.315511703781411,4.7714762918494253],[-74.315509831055124,4.7714748510461353],[-74.315507842105092,4.7714735793870489],[-74.315505748653081,4.7714724868153446],[-74.315503569631545,4.7714715814632012],[-74.315501319465241,4.7714708696556016],[-74.315499017085983,4.771470357716205],[-74.315496677818956,4.7714700492568216],[-74.315494320594098,4.7714699451752258],[-74.315491963440877,4.7714700490823141],[-74.315489624386245,4.7714703573546373],[-74.315487320557011,4.7714708699863788],[-74.315485070880911,4.7714715815450397],[-74.315482891581794,4.7714724875035959],[-74.315480798882277,4.7714735797176626],[-74.315478809906594,4.7714748509470279],[-74.315476937271427,4.7714762921441833],[-74.315475732456662,4.771477370486064],[-74.31540221849751,4.7715471671431624],[-74.315309472694508,4.7714460498219555],[-74.315296756229799,4.7714321849937376],[-74.31514085096002,4.7712566114587878],[-74.314581249179327,4.770626415375431],[-74.31458102734787,4.7706261685783806],[-74.313933505132866,4.7699147392233776],[-74.313933288714679,4.7699145050844134],[-74.313619073139861,4.7695773150500775],[-74.313610504817163,4.7695681203695326],[-74.313594194164807,4.7695506160329835],[-74.313254423669704,4.7691860008725033],[-74.313254044942752,4.7691856031108735],[-74.313213480859019,4.7691438058574009],[-74.313077268172947,4.7690034565271864],[-74.313075261904572,4.7690015889331674],[-74.312949333503397,4.7688958589484542],[-74.312878160558014,4.7688361037389377],[-74.312877386937771,4.7688354791332914],[-74.312791339215153,4.768768467488087],[-74.312796566511864,4.7687659228085666],[-74.313167951807316,4.7685862595803084],[-74.313266263780903,4.7685386986012821],[-74.313268039231872,4.7685377575209342],[-74.313270028203434,4.7685364853937884],[-74.313271899934719,4.7685350451072894],[-74.313273640006301,4.7685334457093154],[-74.313275233099276,4.7685317016738926],[-74.313276669301729,4.7685298238560705],[-74.313277936900448,4.7685278267286284],[-74.313279025985992,4.7685257283809088],[-74.313279928449816,4.7685235405716195],[-74.313280637989124,4.7685212841018148],[-74.313281149200378,4.7685189734421556],[-74.313281456681366,4.7685166266804115],[-74.313281560438483,4.7685142628068959],[-74.313281456871749,4.7685118981002255],[-74.313281148691829,4.7685095515498048],[-74.313280638608774,4.7685072403362838],[-74.313279928432209,4.7685049843537115],[-74.313279025378009,4.7685027971640324],[-74.313277936663908,4.7685006977550959],[-74.313277672398442,4.7685002484091408],[-74.313214239585875,4.7683947655959242],[-74.31320489842021,4.7683792320372769],[-74.313657304759317,4.768152751419076],[-74.313657943744346,4.7681524229389085],[-74.313659395647548,4.7681516537856155],[-74.313661385518955,4.7681503825614362],[-74.313663256346658,4.7681489413699518],[-74.313664996416719,4.7681473428753876],[-74.313666590408886,4.76814559793449],[-74.31366802660952,4.7681437201159058],[-74.313669294206676,4.7681417238920769],[-74.313670383290187,4.7681396246395211],[-74.313671285752591,4.7681374377341248],[-74.313671995290235,4.7681351812639843],[-74.313672506499671,4.7681328696997403],[-74.313672813979508,4.7681305238421938],[-74.31367291683361,4.7681281590646813],[-74.313672814167361,4.7681257952620912],[-74.313672505986347,4.7681234487118216],[-74.313671995000945,4.768121137498972],[-74.313671285724666,4.7681188806122101],[-74.313670382669855,4.7681166934230914],[-74.31366929395557,4.7681145949190658],[-74.313668447072658,4.7681132414744214],[-74.31366803130382,4.7681125959477741],[-74.313582712090323,4.7679826575911495],[-74.313580845320999,4.7679801433767031],[-74.313579251940439,4.7679783986268429],[-74.313577511680421,4.7679767995196203],[-74.313575639869129,4.7679753587099656],[-74.313573650932767,4.767974087044462],[-74.313571558395793,4.7679729944657483],[-74.313569378486378,4.7679720891069799],[-74.313567129235025,4.7679713781963109],[-74.313564825966935,4.7679708653457391],[-74.313562486712371,4.7679705568790807],[-74.313560129499734,4.7679704536944989],[-74.313557772357456,4.7679705566901385],[-74.313555433313411,4.7679708649553891],[-74.313553130395363,4.7679713775798218],[-74.313550880728201,4.7679720891317663],[-74.313548071457845,4.7679732991447947],[-74.313420701929942,4.7680369503845235],[-74.312468686366898,4.7685126775296638],[-74.312465147140728,4.7685144412191445],[-74.312401805639595,4.7684651234113016],[-74.312400992356444,4.7684644933928624],[-74.312399909503199,4.7684637178743898],[-74.312397939487411,4.768462418165706],[-74.312396695325319,4.7684617693042446],[-74.312395530273875,4.7684604928320953],[-74.312393790015165,4.7684588937218919],[-74.312392990247332,4.7684582465171292],[-74.31231934204429,4.7684008911963094],[-74.312319111223687,4.768400713128309],[-74.311920501712436,4.7680971258872944],[-74.311915032367779,4.7680929589338801],[-74.311909058105343,4.7680884078255028],[-74.311908407121891,4.7680879124916276],[-74.31190665433536,4.7680865783439321],[-74.311885064582867,4.7680701356018442],[-74.311862243191811,4.7680527537122304],[-74.311643296389548,4.767886000520237],[-74.31128380385789,4.7676140708201169],[-74.311238606624357,4.7675798792665898],[-74.311210911961155,4.7675589306461621],[-74.311140899001145,4.7675059706548772],[-74.311138631476382,4.7675045227383741],[-74.311138140080118,4.7675041376738916],[-74.311136864194481,4.7675029643272309],[-74.311135762379493,4.7675020848186094],[-74.311118135392149,4.7674887523969103],[-74.310228017825438,4.7668188944548398],[-74.309212027525433,4.7660585772258051],[-74.309171489183896,4.7660277786945677],[-74.309137314574059,4.766001815114052],[-74.309121829020981,4.7659900481618545],[-74.30867954473004,4.7656540210019473],[-74.308679116456744,4.7656537019282732],[-74.308467390706866,4.7654993374618035],[-74.308467175220159,4.7654991781730702],[-74.308467005963095,4.7654990507218562],[-74.308244962970946,4.7653310504694311],[-74.3069973429036,4.7643810308896262],[-74.306997235070284,4.7643809490625015],[-74.306997125123743,4.7643808665150278],[-74.306500973400304,4.7640110244360363],[-74.306499940109745,4.7640102287731141],[-74.306492491104905,4.764004593038325],[-74.306492408471016,4.7640045306027528],[-74.306492262513984,4.7640044202958531],[-74.306487199494413,4.7640005592014942],[-74.306484147480077,4.7639982316460712],[-74.3064844268158,4.7639979331342239],[-74.306494647789464,4.7639869795660656],[-74.306522166834526,4.7639574911371172],[-74.306577384062493,4.7638978070540769],[-74.306578278817568,4.7638967903231721],[-74.306579715029898,4.7638949125186922],[-74.306580982640952,4.763892916307082],[-74.306582071740465,4.7638908170647829],[-74.306582974220873,4.7638886301675125],[-74.306583683778328,4.7638863737034818],[-74.306584195009236,4.7638840621432239],[-74.306584502512052,4.7638817162874831],[-74.30658460539054,4.7638793515095834],[-74.306584501848391,4.7638769877047729],[-74.306584194595246,4.7638746411494886],[-74.306583683637115,4.7638723299297387],[-74.306582974388959,4.7638700739383806],[-74.306582071362243,4.763867886738268],[-74.306580982675953,4.7638657873170915],[-74.306579714644911,4.7638637910458099],[-74.306578278992475,4.7638619132935975],[-74.306575956171997,4.7638594643195686],[-74.306531683729403,4.7638182565647913],[-74.306530672962438,4.7638173616447643],[-74.306528802077906,4.7638159208140953],[-74.306526812264451,4.76381464912712],[-74.306524719750485,4.7638135565256894],[-74.30652253986257,4.7638126511433576],[-74.306520290630786,4.7638119393042579],[-74.306517987381028,4.7638114273333647],[-74.306515648142607,4.7638111188418941],[-74.306513290943727,4.7638110147280761],[-74.306510933813726,4.763811118603174],[-74.306508594779316,4.7638114268439375],[-74.306506291868615,4.7638119394444232],[-74.30650404220637,4.763812650973132],[-74.306501862917756,4.7638135569027504],[-74.306499770225258,4.7638146490892943],[-74.306497780352061,4.7638159211972013],[-74.306495908618047,4.7638173614655734],[-74.306493649511594,4.7638194972693038],[-74.306391610602546,4.7639276791497984],[-74.306041466801787,4.7636607278659397],[-74.305974952799374,4.7636100160392187],[-74.305867187531547,4.7635278546040363],[-74.305617255481565,4.7633373030240866],[-74.305548028544507,4.7632845230146534],[-74.305200790725806,4.7630234374001166],[-74.305035987532122,4.7628995223837487],[-74.304298017785271,4.7623446471776152],[-74.303917133599029,4.7620536441498222],[-74.303848611049219,4.7620012923613988],[-74.303808411230193,4.7619705792846183],[-74.303610497544028,4.7618193694540869],[-74.303014648103328,4.761364132437981],[-74.302293565151913,4.7608216129583516],[-74.302273697484807,4.7608066673068761],[-74.302273464367175,4.7608064898334623],[-74.3022734131482,4.7608064507389196],[-74.302273375312126,4.7608064214842312],[-74.301839339351062,4.7604695701473387],[-74.301841514648643,4.760428014658153],[-74.301841552345678,4.7604265919137738],[-74.301841447819029,4.7604242276160074],[-74.301841444987176,4.7604241894966233],[-74.301841434366665,4.7604241165455861],[-74.301841141355567,4.7604218812648638],[-74.301840905565712,4.7604208143989251],[-74.301840841055693,4.7604204115599256],[-74.301840754885646,4.7604201326244988],[-74.301840630540653,4.7604195700072083],[-74.301839920975496,4.7604173136081815],[-74.301839774152413,4.7604169579570641],[-74.301839711788418,4.7604167560826074],[-74.301839542819351,4.760416397596468],[-74.301839018056185,4.7604151264569925],[-74.301838075620211,4.7604132979044342],[-74.301838020558094,4.7604132039461957],[-74.301837928977193,4.7604130274393048],[-74.301836661832439,4.760411030944411],[-74.301836174018561,4.7604103934568673],[-74.301835979749754,4.7604100977738577],[-74.301852424378609,4.7603279702126073],[-74.301852543158262,4.7603273380681435],[-74.301852850676241,4.7603249922136026],[-74.301852952669535,4.7603226274357073],[-74.301852850947412,4.7603202636284898],[-74.301852542810948,4.7603179170702816],[-74.301852031871661,4.7603156058459515],[-74.301851322642577,4.7603133489441847],[-74.301850419635684,4.7603111617367704],[-74.301849330969787,4.7603090632111993],[-74.301848062958967,4.7603070669300322],[-74.301846627326725,4.7603051891668446],[-74.301845033091652,4.760303444387433],[-74.301843293778845,4.7603018452476134],[-74.301841422011961,4.7603004044034547],[-74.301839432216894,4.7602991327019017],[-74.301837339720507,4.7602980400852326],[-74.30183515984929,4.7602971346871081],[-74.301832356227806,4.7602962801331401],[-74.301802233645532,4.7602888656478211],[-74.301800485716853,4.7602884954544384],[-74.30179814649172,4.7602881869461982],[-74.301795789305132,4.7602880837199368],[-74.301793432185605,4.7602881875783396],[-74.301791093160176,4.7602884958026577],[-74.301788790256822,4.7602890083869447],[-74.301786540600233,4.7602897198999825],[-74.301784360413933,4.7602906249105068],[-74.301782267724022,4.7602917179870117],[-74.301780278752432,4.7602929891767731],[-74.301778407017437,4.7602944303367254],[-74.301776667838794,4.7602960288016627],[-74.301775073832445,4.7602977737159335],[-74.301773638515016,4.7602996515106053],[-74.301772369994637,4.7603016486185146],[-74.301771280885021,4.7603037469495266],[-74.301770378393556,4.7603059347454364],[-74.301769526582945,4.7603087483005417],[-74.301761245594975,4.7603426098017634],[-74.301759011396513,4.76034930506313],[-74.301756242199701,4.7603545490972019],[-74.301752657966915,4.7603592589555301],[-74.301748348800089,4.7603633179540337],[-74.301743430043501,4.760366619347657],[-74.301738048592355,4.7603690627112805],[-74.301732328821032,4.7603705910333947],[-74.301726447388702,4.7603711590415188],[-74.301720549415109,4.7603707504109085],[-74.301720248801274,4.7603706784731488],[-74.301469331788184,4.7601690710140048],[-74.301468848632751,4.7601686851758318],[-74.301467856470566,4.7601679213196242],[-74.301428510071943,4.7601391995761473],[-74.301427968443875,4.7601388141412819],[-74.301104065294922,4.759914369708703],[-74.301051675334335,4.7598785292253432],[-74.301051162073321,4.7598781699330797],[-74.301023114509391,4.7598580030995992],[-74.300927822018409,4.7597895061763698],[-74.300718058149982,4.7596387288344832],[-74.300612615451357,4.7595629374537554],[-74.300612158340186,4.7595626165753409],[-74.300557023050757,4.7595246900101822],[-74.300540179438372,4.7595131023402466],[-74.300245762527723,4.7593105693283171],[-74.300116923682268,4.7592219371393183],[-74.299863258186136,4.7590474385463377],[-74.299858071313068,4.7590438718531312],[-74.299777719408453,4.7589885935145313],[-74.299766461452236,4.758978827994242],[-74.299757586418323,4.7589679168603691],[-74.299750717449157,4.7589556287337995],[-74.299747129347367,4.7589453760570013],[-74.299751814577377,4.7589384972651692],[-74.299752907470662,4.7589367552271504],[-74.299753992377973,4.7589346538363166],[-74.299754039959595,4.7589345560738376],[-74.299754071223106,4.7589344754015661],[-74.299754899469008,4.7589324699576085],[-74.299755582945494,4.7589303008933657],[-74.299755604997458,4.7589302119152794],[-74.299756118949659,4.7589279023009405],[-74.29975639438841,4.7589258482427335],[-74.299756401151797,4.758925754931874],[-74.299756427417151,4.7589255550703706],[-74.299756529939856,4.758923190752741],[-74.299756461112537,4.7589216034983464],[-74.29975646516418,4.7589213229799592],[-74.299756442559698,4.7589211756438576],[-74.299756427417137,4.7589208264350384],[-74.299756118949688,4.7589184801038602],[-74.29975582393034,4.7589171434113551],[-74.299755778743005,4.7589168488796814],[-74.299755718968839,4.7589166678450292],[-74.299755609034079,4.7589161697454951],[-74.299754899468979,4.7589139124471975],[-74.299754448524382,4.7589128201191597],[-74.299754359555621,4.7589125506644185],[-74.29975425727352,4.7589123568501792],[-74.299753996549668,4.7589117252959596],[-74.299752907470676,4.7589096262782959],[-74.299752369287177,4.7589087793072711],[-74.299752246937345,4.7589085474667403],[-74.299752098378775,4.7589083529627549],[-74.299751639426574,4.7589076306826943],[-74.299750203209257,4.7589057528982339],[-74.299749647967928,4.7589051447022017],[-74.299749499443109,4.7589049502424414],[-74.299749301256128,4.7589047649236207],[-74.299748609610603,4.7589040073141291],[-74.299746870321741,4.7589024092189192],[-74.299746318036298,4.7589019754026003],[-74.299746193224564,4.7589018586948511],[-74.299746442476234,4.7589005030683342],[-74.29975133191617,4.758887299610965],[-74.299759013886359,4.758874120572397],[-74.299764001744563,4.758867056377353],[-74.299765354960769,4.7588649380693493],[-74.299766444074237,4.7588628388369001],[-74.299767346570775,4.7588606519475478],[-74.299768056146377,4.7588583954894439],[-74.299768567397379,4.7588560839330478],[-74.299768874921995,4.7588537380789502],[-74.299768977823859,4.7588513733007236],[-74.299768875207903,4.7588490094930451],[-74.299768567079354,4.7588466629334603],[-74.29976805614821,4.758844351707034],[-74.299767346927865,4.7588420957069966],[-74.299766443929599,4.7588399084963449],[-74.299765355272044,4.7588378090626859],[-74.299764087269935,4.7588358127771624],[-74.299762650744981,4.7588339350094184],[-74.2997610574199,4.7588321902244033],[-74.299759318115505,4.7588305910788167],[-74.299757125388808,4.7588289278743687],[-74.299719830126833,4.7588035263648498],[-74.299718162208876,4.7588024761063394],[-74.299716069720205,4.7588013834827647],[-74.29971388985625,4.7588004780776112],[-74.299711640647246,4.7587997671193367],[-74.299709336516614,4.7587992542205262],[-74.299706998198545,4.7587989457045863],[-74.299704641016987,4.7587988424708891],[-74.299702283901567,4.7587989454175945],[-74.299699945781569,4.7587992545386362],[-74.299697641078424,4.7587997671164226],[-74.299695392325575,4.7588004786221969],[-74.299693212140809,4.7588013836260989],[-74.299691119451637,4.7588024766961894],[-74.299689130480104,4.758803747879969],[-74.299687258744413,4.7588051890342937],[-74.29968551956425,4.7588067874940716],[-74.299683925555669,4.7588085324036342],[-74.299682575828328,4.7588102871817135],[-74.299654347030113,4.758850256414247],[-74.29965402079111,4.7588504144094017],[-74.299652848899797,4.7588509014480067],[-74.299650759597554,4.7588519931247859],[-74.299648765977722,4.7588532657656817],[-74.299647771344752,4.7588540314562513],[-74.299647472594984,4.7588542351046801],[-74.299647301190817,4.7588543933911795],[-74.299646894488518,4.7588547064796023],[-74.299645155199684,4.7588563054742075],[-74.299644749893233,4.7588567494357576],[-74.299644547039932,4.7588569367645102],[-74.299644309318012,4.7588572320297429],[-74.299643561601016,4.7588580510582847],[-74.299642091416899,4.7588599845981685],[-74.299642051167865,4.7588600395435696],[-74.299620213027879,4.7588917392353975],[-74.299620133455505,4.7588917594613935],[-74.299617953270641,4.7588926653693502],[-74.299615860580843,4.7588937575348922],[-74.299613871609154,4.7588950296227353],[-74.299611999872766,4.7588964698726528],[-74.299610260692475,4.7588980692365368],[-74.299608666683525,4.7588998141459955],[-74.299607163789076,4.7589017887182106],[-74.299606624209176,4.7589025691400382],[-74.298982248500948,4.7584962358286713],[-74.298981716920125,4.7584958868941083],[-74.297674461524593,4.75760065562487],[-74.297548751957947,4.7575145684301861],[-74.297321929836542,4.7573584862803031],[-74.297276982860865,4.7573275581793402],[-74.297243221916489,4.7573043248153581],[-74.297218973651795,4.7572876400710191],[-74.297198879914461,4.7572738124940006],[-74.296254086573256,4.7566236752449944],[-74.296264292906372,4.7566089662687601],[-74.296272157584326,4.7565976301726831],[-74.296273382867597,4.7565956954846973],[-74.296274471988937,4.7565935971616531],[-74.296275374493803,4.7565914093721124],[-74.296276084078954,4.7565891529169786],[-74.296276594439277,4.7565868422671507],[-74.296276902876244,4.7565844955093901],[-74.296277004888992,4.7565821316355521],[-74.296276903186694,4.7565797669220551],[-74.296276594169882,4.756577420360423],[-74.296276084153689,4.7565751091303792],[-74.2962753749472,4.7565728531259657],[-74.296274471963017,4.7565706659098659],[-74.296273382418292,4.7565685664702571],[-74.296272114430423,4.7565665701774975],[-74.29627067882096,4.7565646924013834],[-74.296269084608369,4.7565629476078319],[-74.296267345317858,4.7565613493569927],[-74.296265412263949,4.756559865109601],[-74.296252094860975,4.7565505658958847],[-74.296246614990139,4.7565467397323591],[-74.29624569240714,4.7565452868145162],[-74.296244256797792,4.7565434090382812],[-74.296242662585357,4.7565416642446356],[-74.296240923294988,4.7565400659937316],[-74.296238402407482,4.756538183136434],[-74.29623398917218,4.7565352699774968],[-74.296221917012076,4.7565272987851435],[-74.29622057097022,4.7565264654475286],[-74.296218478493586,4.7565253728128019],[-74.296216298640715,4.7565244664915811],[-74.296214049442227,4.7565237555212798],[-74.296211745321315,4.7565232426102657],[-74.296209407011943,4.7565229340820103],[-74.296207049838131,4.7565228308359293],[-74.29620469272966,4.75652293467469],[-74.29620235461492,4.7565232428792763],[-74.296200049916123,4.7565237554451585],[-74.296197801166443,4.7565244669394149],[-74.296195620983895,4.7565253728364096],[-74.296193528295177,4.7565264649916195],[-74.296191539323345,4.7565277370696295],[-74.29618966758558,4.7565291773102905],[-74.296187928402716,4.7565307766657909],[-74.296186334389915,4.7565325215675287],[-74.296184555792209,4.7565349022511532],[-74.296165875180705,4.7565629894253885],[-74.294789215959838,4.7556159957123709],[-74.294061405077343,4.7551095027352028],[-74.294085764713842,4.7550792091445322],[-74.294086477424571,4.7550782829166458],[-74.294380461776782,4.7546785890237944],[-74.296346649009479,4.7520053766350525],[-74.296347664445065,4.752004022574714],[-74.296348050966742,4.7520034735415546],[-74.29634933211139,4.7520014854821202],[-74.296350421225952,4.7519993871589925],[-74.296351324626585,4.7519971993690486],[-74.296352034207544,4.7519949429137931],[-74.296352543663517,4.751992632264014],[-74.296352852098934,4.7519902855060634],[-74.296352955012807,4.7519879216316365],[-74.29635285241028,4.7519855569181031],[-74.296352543395955,4.7519832103560891],[-74.296352034285007,4.7519808991253791],[-74.29635132418224,4.7519786431207978],[-74.29635042120448,4.7519764559043107],[-74.296349332568752,4.7519743564638812],[-74.296348064589708,4.7519723601706554],[-74.296346628088699,4.7519704823942499],[-74.29634503478843,4.7519687375998929],[-74.296343295509516,4.7519671384442219],[-74.296341423776937,4.7519656984875249],[-74.296339434015806,4.7519644267681329],[-74.296338976935331,4.7519641809434816],[-74.296337356868136,4.7519633069990324],[-74.293906284080009,4.7506168579609405],[-74.293902464368642,4.7506151147634004],[-74.293900214290261,4.7506144037847635],[-74.293897911091904,4.7506138908646278],[-74.293895572802981,4.7506135814232406],[-74.293893215649547,4.7506134790726113],[-74.293890858560118,4.7506135819982065],[-74.293888520464066,4.7506138910984079],[-74.293886216684029,4.7506144036555771],[-74.293883967049126,4.7506151151418514],[-74.293881786881443,4.7506160210310524],[-74.293879694206169,4.7506171131787287],[-74.293877705246246,4.7506183852496839],[-74.293875833518797,4.7506198254838026],[-74.293873482501823,4.7506220589401389],[-74.291476721416842,4.7531883590662343],[-74.29147573924611,4.753189469852618],[-74.291475088692863,4.7531902775952677],[-74.291401091678338,4.7532859719779115],[-74.291275420476452,4.7531994757050837],[-74.290729984014675,4.7528240631743346],[-74.290815644000432,4.7527337919611172],[-74.290816772148361,4.7527325246864809],[-74.290818208383172,4.7527306469132826],[-74.29081947692346,4.7527286507285949],[-74.290820566055885,4.7527265515091184],[-74.290821468574052,4.7527243646302448],[-74.290822178173855,4.7527221081798432],[-74.290822688549994,4.7527197966288011],[-74.290822997004682,4.7527174507767818],[-74.290823099035791,4.7527150859983065],[-74.29082299645215,4.7527127221874492],[-74.290822688357338,4.75271037562195],[-74.290822178362589,4.7527080643866446],[-74.290821468276405,4.7527058074713251],[-74.290820565314704,4.7527036202468498],[-74.290819476694395,4.7527015217013098],[-74.290818208729334,4.7526995253973254],[-74.290816772241214,4.7526976476088452],[-74.290814702876617,4.7526954372335357],[-74.290795117180167,4.7526767314997267],[-74.290762473754356,4.7526455558783693],[-74.290761210561982,4.752644423180187],[-74.290759338838157,4.7526429823035752],[-74.290757349985924,4.7526417105674437],[-74.290755256627833,4.7526406179153291],[-74.290753076793976,4.7526397124801001],[-74.290750826711417,4.7526390005871413],[-74.290748523508398,4.7526384885610025],[-74.290746185213536,4.7526381791091739],[-74.290743828052953,4.7526380758437634],[-74.29074147095568,4.7526381787589296],[-74.290739132850945,4.7526384878488335],[-74.290736829962839,4.7526390003955319],[-74.290734579416409,4.7526397118722876],[-74.290732400139319,4.7526406177516138],[-74.290730307452961,4.7526417107944665],[-74.290728317579564,4.7526429819527838],[-74.29072644584015,4.752644423083157],[-74.290724241684117,4.7526465000398597],[-74.290640230703019,4.7527350362829148],[-74.290624650750928,4.7527514550662415],[-74.290598816005257,4.7527336266221614],[-74.290502424602408,4.7526671098135758],[-74.289819371177259,4.7521965206544081],[-74.289571733205648,4.7520259100646447],[-74.288987499510526,4.7516276092815959],[-74.288812435440562,4.7515082605574426],[-74.288812265255146,4.7515081440885121],[-74.28881213632728,4.7515080555103699],[-74.288528336581962,4.7513130874681719],[-74.288528309994589,4.7513130690290692],[-74.288515898397719,4.7513043789067506],[-74.287918943470288,4.7508863830882344],[-74.286590542351917,4.7499701381114052],[-74.286109784855341,4.7496425881778634],[-74.285315104977968,4.7491002388393264],[-74.285108192003051,4.7489584579329618],[-74.284619385875942,4.748627268134018],[-74.284457750080293,4.7485152092838314],[-74.284457553484174,4.7485150728716521],[-74.284457345180783,4.748514928348099],[-74.284245683840751,4.7483679622478601],[-74.284228835320576,4.7483562620191],[-74.284218981172842,4.7483494203143159],[-74.284217794707743,4.7483485950426196],[-74.28421182722451,4.7483444551301126],[-74.284184417728142,4.7483254214670056],[-74.284122992947559,4.7482827731159372],[-74.284122444796779,4.7482824025165291],[-74.28346962443085,4.7478524323608822],[-74.282858123643422,4.7474206424577385],[-74.282511478331472,4.7471788304008058],[-74.281900558155002,4.7467526668857829],[-74.281900240804944,4.7467524490430888],[-74.281452637156562,4.7464495943027183],[-74.28072935449643,4.7459602105926617],[-74.28072775515578,4.7459592081930149],[-74.280725662734056,4.7459581155082935],[-74.280723482933283,4.7459572100397995],[-74.280721232881561,4.7459564981125393],[-74.280718929706893,4.7459559860515226],[-74.280716591437638,4.7459556765644226],[-74.280714247814899,4.7459555542693499],[-74.280489256266208,4.7458044302708355],[-74.280489026109578,4.7458033867743952],[-74.280488316966242,4.7458011307501904],[-74.2804874149478,4.7457989435096835],[-74.280486324566709,4.7457968440418217],[-74.280485057545391,4.7457948477162892],[-74.280483621099364,4.745792969904052],[-74.280482027852216,4.7457912250703043],[-74.280480288624389,4.7457896267763546],[-74.28047823933214,4.7457880629370122],[-74.280375244078471,4.7457169355227968],[-74.280433726363782,4.7456425042517285],[-74.280435907659509,4.7456392743491511],[-74.280436997715228,4.7456371751444744],[-74.280437900258448,4.7456349882776765],[-74.280438609886232,4.745632731836336],[-74.28043912029311,4.7456304202911719],[-74.280439427879614,4.7456280744421635],[-74.280439530847516,4.7456257096630461],[-74.280439427399884,4.7456233458488146],[-74.280439120245575,4.745620999276225],[-74.280438609389918,4.745618688031275],[-74.280437900246653,4.7456164311027473],[-74.280436998228637,4.7456142438621063],[-74.280435907848272,4.7456121452984004],[-74.28043464082748,4.7456101489727702],[-74.280433204381978,4.7456082711604131],[-74.280431611135384,4.7456065263265081],[-74.280429871907899,4.7456049271280678],[-74.280429230874716,4.7456044046301571],[-74.280413657755687,4.7455920890016081],[-74.280410437389719,4.745589898825199],[-74.28040834587101,4.7455888061391818],[-74.280406165170419,4.7455879006698583],[-74.280384501829204,4.7455707669025928],[-74.280381280562054,4.7455685767262672],[-74.280379188142049,4.7455674840405049],[-74.280377008342953,4.7455665785708057],[-74.280374758292794,4.7455658666422895],[-74.280372455119618,4.7455653545800605],[-74.280370116851799,4.7455650450917553],[-74.280367759715503,4.7455649426940507],[-74.280365402638878,4.7455650446684787],[-74.280363064551906,4.7455653546267857],[-74.280360761677898,4.7455658671382395],[-74.280358511141927,4.7455665785807053],[-74.280356330970292,4.7455674844273723],[-74.280354239188199,4.745568576534148],[-74.280352249314433,4.745569848567043],[-74.280350377570457,4.7455712887653156],[-74.280348638375628,4.7455728880817682],[-74.2803470452467,4.7455746329478643],[-74.280346523536195,4.7455752769639581],[-74.280296755247207,4.7456386144078273],[-74.280284471306729,4.7456542470625909],[-74.279381574129985,4.7450306999332366],[-74.27866439662408,4.7445379924376212],[-74.277752221727212,4.7439113213739024],[-74.276605213467619,4.74312310534114],[-74.276266279912178,4.7428901932779128],[-74.276056848999616,4.7427456031732182],[-74.275818347594182,4.7425809431297585],[-74.275802483867125,4.7425699911607238],[-74.275773373622542,4.7425498932656716],[-74.275629561520361,4.7424506068980667],[-74.27562775213346,4.742449460762014],[-74.275625659729911,4.7424483680610034],[-74.275623479946319,4.7424474625755417],[-74.27562122991084,4.7424467515351338],[-74.27561964879817,4.7424463993108006],[-74.274615162440568,4.7417533727182963],[-74.273756160087316,4.7411701099627361],[-74.272663295176969,4.7404261317374852],[-74.272621495041221,4.7403976761058546],[-74.272610576429528,4.7403902422067965],[-74.272591978458493,4.7403775817998524],[-74.272496893422513,4.7403128515507671],[-74.272464384619482,4.7402907188816972],[-74.272451165175681,4.7402813856899559],[-74.272363360405933,4.7402193509012074],[-74.272361543668296,4.74021766669832],[-74.272358415268712,4.7402153941645313],[-74.272352534589913,4.740211734302644],[-74.272348192720784,4.7402086690377248],[-74.27237192497779,4.7401733384912381],[-74.272498964601581,4.7401000062474115],[-74.272500971598703,4.7400987242848469],[-74.272502843345578,4.7400972841075548],[-74.272504582546091,4.7400956848104023],[-74.272506176584841,4.7400939399615449],[-74.272507612846113,4.7400920622248197],[-74.272508879616225,4.7400900660722733],[-74.272509968787048,4.7400879668794289],[-74.272510871349169,4.7400857800218485],[-74.272511580998113,4.7400835235874759],[-74.272512092329634,4.7400812120466105],[-74.272512399941363,4.7400788661997542],[-74.272512502936266,4.7400765014202735],[-74.27251239951714,4.7400741376033375],[-74.272512092392702,4.7400717910256205],[-74.272511581567969,4.7400694797731857],[-74.272510871555156,4.7400672228350365],[-74.272509905534136,4.7400648999551045],[-74.27246682587483,4.739973538695045],[-74.272465799563037,4.7399715757442893],[-74.272464532575427,4.739969579402266],[-74.272463096163108,4.7399677015716577],[-74.272461502047875,4.7399659567179748],[-74.27245976285252,4.7399643574978265],[-74.272457891200077,4.7399629174722611],[-74.272455901515031,4.7399616456802081],[-74.272453810025112,4.7399605529687312],[-74.272451629351778,4.7399596474729639],[-74.272449379327028,4.7399589355174472],[-74.272447076177343,4.7399584234276686],[-74.272444737930925,4.7399581139115501],[-74.272442380813672,4.7399580114859399],[-74.272440023753731,4.7399581134325679],[-74.27243768568087,4.7399584233634346],[-74.272435382818315,4.7399589358479952],[-74.272433132291056,4.7399596472643521],[-74.272430084222989,4.7399609783527001],[-74.272282560652044,4.7400365418445194],[-74.272225595415676,4.7399952065866229],[-74.272287628330858,4.7397697921423303],[-74.272288191346888,4.7397672876303281],[-74.272288365364901,4.7397659639770957],[-74.272288440908142,4.7397655716361884],[-74.272288448516292,4.7397653314932393],[-74.272288499814337,4.7397649412990281],[-74.272288602337071,4.7397625769813807],[-74.272288563880934,4.7397616901292636],[-74.27228857700554,4.7397612758644581],[-74.27228852990666,4.7397609066352029],[-74.272288499814337,4.7397602126637652],[-74.272288191346888,4.7397578663325532],[-74.272288074845179,4.7397573392034174],[-74.272288033168778,4.7397570124833983],[-74.27228790945793,4.7397565908842534],[-74.27228768053196,4.7397555550748658],[-74.272286971866208,4.7397532986758648],[-74.272286873499894,4.7397530604020925],[-74.272286823039551,4.7397528884363433],[-74.272286667549054,4.7397525615252141],[-74.27228606894684,4.7397511115246251],[-74.272284978420416,4.7397490098393895],[-74.272283711823775,4.7397470160120321],[-74.272282536575247,4.7397454696667518],[-74.272282465445926,4.7397453864335173],[-74.272282275606457,4.7397451382276126],[-74.272280682007818,4.7397433935428319],[-74.27227975947207,4.7397425454205813],[-74.272279577046433,4.7397423538911552],[-74.272279425578176,4.7397422384592076],[-74.272278942718955,4.7397417945482694],[-74.272277071229837,4.7397403538343283],[-74.272276335299807,4.7397398833980926],[-74.272276158639357,4.7397397487674118],[-74.272275946804996,4.7397396350564565],[-74.272275081929408,4.7397390821929486],[-74.272272989207067,4.7397379895166711],[-74.272272511918501,4.7397377912371077],[-74.272272371802728,4.7397377160241065],[-74.272272122889689,4.7397376296232832],[-74.272270809250401,4.7397370838993513],[-74.272268313478378,4.7397363072176866],[-74.272264259216911,4.7397352629332659],[-74.272264136749513,4.7397352336223477],[-74.272263404104905,4.7397350483406466],[-74.272172493861717,4.7397115120108504],[-74.272166195263495,4.739709884692326],[-74.272164137964552,4.7397094369410171],[-74.272162781362752,4.739709257521211],[-74.272162411952081,4.7397091895998926],[-74.272162207645962,4.7397091816432475],[-74.272161798827938,4.7397091275742191],[-74.272159441704829,4.7397090250515532],[-74.272158849004654,4.7397090508408004],[-74.272158566665055,4.7397090398450592],[-74.272158184055186,4.7397090797737436],[-74.272157085481055,4.7397091275742245],[-74.272154742796317,4.7397094381050513],[-74.272152443180687,4.7397099495546398],[-74.272150664703702,4.7397105118149074],[-74.272150496802453,4.7397105604202112],[-74.272150193076911,4.739710660918349],[-74.272148014019592,4.7397115665356582],[-74.272146738387363,4.7397122325833472],[-74.272146487992146,4.7397123442964553],[-74.27214634784012,4.7397124365003567],[-74.272145921297152,4.7397126592118513],[-74.272143931996823,4.7397139308532799],[-74.272143083356312,4.7397145841555917],[-74.272142821925684,4.7397147561468778],[-74.272142628009263,4.7397149346918335],[-74.272142060507619,4.7397153715671738],[-74.272140321218743,4.7397169705618349],[-74.272139813522372,4.7397175260784579],[-74.272139593625766,4.7397177285441812],[-74.272139384826673,4.7397179951533168],[-74.272138726720783,4.7397187152465738],[-74.272137291402814,4.7397205930310298],[-74.272137038881269,4.7397209906181921],[-74.272136887894703,4.7397211834081601],[-74.272136705795688,4.7397215150507632],[-74.272136023358755,4.7397225895259059],[-74.272134934279705,4.739724688543645],[-74.272134846390799,4.7397249014378948],[-74.272134775807771,4.7397250299851894],[-74.27213467122678,4.7397253257396041],[-74.27213403136038,4.7397268756948181],[-74.272133312824053,4.7397291671995427],[-74.272059852048372,4.7400058646938863],[-74.271102351786325,4.739344883209351],[-74.270305187663581,4.7387980102974154],[-74.269058416961769,4.7379406585329535],[-74.267391366884254,4.7368014863817063],[-74.266666260423818,4.7363103279027161],[-74.266684594268071,4.7362732687487874],[-74.266685783721911,4.7362704860941207],[-74.266686170518838,4.7362692540379969],[-74.266686292796308,4.7362689426940943],[-74.266686339482419,4.7362687158418026],[-74.266686492387663,4.7362682287958258],[-74.266687003202591,4.7362659175381365],[-74.266687158545508,4.7362647359355554],[-74.266687229696601,4.7362643902056645],[-74.266687237865213,4.7362641325973032],[-74.26668731167004,4.7362635712069237],[-74.266687414192731,4.736261206889246],[-74.266687365930196,4.7362600938870347],[-74.266687377004445,4.7362597446450785],[-74.266687339080093,4.7362594746855509],[-74.266687311670054,4.736258842571635],[-74.266687003202605,4.7362564962403741],[-74.266686776829843,4.7362554723819272],[-74.266686730409504,4.7362551419449952],[-74.266686644962718,4.7362548759617979],[-74.266686492387677,4.7362541858820748],[-74.266685783721925,4.7362519285836839],[-74.266685397845976,4.7362509938723498],[-74.266685308831683,4.7362507167840295],[-74.266685188615,4.7362504870498734],[-74.266684880802586,4.7362497414324922],[-74.266683791723523,4.7362476424148134],[-74.266683271196214,4.7362468228611752],[-74.266683153867461,4.7362465986458302],[-74.26668300664096,4.7362464063273721],[-74.266682523679492,4.7362456459199445],[-74.266681087462189,4.7362437690348074],[-74.266680469574496,4.7362430922176575],[-74.266680328572718,4.7362429080303663],[-74.266680154589736,4.7362427471920352],[-74.266679493863506,4.736242023450651],[-74.266677754574687,4.736240424456124],[-74.266677081699171,4.7362399064616447],[-74.266676915617779,4.7362397529278661],[-74.266676704998531,4.7362396164691543],[-74.266675883085483,4.7362389837421839],[-74.266673893785125,4.7362377121008139],[-74.266673015007925,4.7362372256133662],[-74.266667391831874,4.7362342428437216],[-74.266683863639585,4.736200402200069],[-74.266684975213664,4.7361977758011076],[-74.266685684878254,4.7361955193718659],[-74.266686195325605,4.7361932078346358],[-74.266686502955935,4.7361908619893294],[-74.266686605970591,4.7361884972096213],[-74.266686503473707,4.7361861333905466],[-74.266686195469688,4.7361837868093453],[-74.266685684667507,4.736181475551418],[-74.266684975579466,4.7361792195102472],[-74.266684072716046,4.736177032249004],[-74.266682983293379,4.7361749327561293],[-74.266681716329316,4.736172936402359],[-74.266680279940317,4.7361710585585479],[-74.26667868584839,4.7361693145947239],[-74.266676946675588,4.7361677153589437],[-74.266675075044759,4.7361662744123585],[-74.266673085380759,4.736165002602621],[-74.266670993009456,4.7361639098729773],[-74.266668813256388,4.7361630043577625],[-74.266666563249501,4.7361622932869576],[-74.266664260115689,4.7361617802728553],[-74.266662003009159,4.7361614788530488],[-74.26665709944831,4.7361610343727918],[-74.26662265480067,4.7361153765062554],[-74.266623045513967,4.7361136084877131],[-74.26662335314424,4.7361112617381611],[-74.266623455258014,4.7361088978629766],[-74.266623352761115,4.7361065331395382],[-74.266623045658946,4.7361041874623577],[-74.266622533955669,4.7361018762046418],[-74.26662182486767,4.7360996192590372],[-74.266620922004563,4.7360974319976767],[-74.266619832582464,4.7360953334090521],[-74.266618565618742,4.7360933370551415],[-74.266617129230085,4.7360914592111545],[-74.266615536039623,4.7360897143426017],[-74.266613796867162,4.7360881151066341],[-74.266611925236703,4.7360866741598668],[-74.266609934671862,4.7360854032545436],[-74.266608730266313,4.7360847461557762],[-74.266608217316247,4.7360844813353511],[-74.266606031192254,4.7360833488417589],[-74.266601625589843,4.7360810693947828],[-74.266597223594133,4.7360787944684031],[-74.266595034766098,4.7360776619755054],[-74.266593925026768,4.7360770880466578],[-74.266593448136547,4.736076842206681],[-74.266591942653875,4.7360761101331077],[-74.266590124394511,4.7360753700062581],[-74.266587874387966,4.7360746589350811],[-74.266585571254538,4.7360741459207905],[-74.266583233022999,4.7360738363841071],[-74.266580875919018,4.7360737339379133],[-74.266578518870787,4.736073836768429],[-74.266576180807249,4.736074145774718],[-74.266573877051201,4.7360746591440739],[-74.266571627430707,4.7360753696366027],[-74.266569448169918,4.7360762754392125],[-74.266567355491276,4.7360773684089148],[-74.266565365617097,4.7360786404023543],[-74.266563493867707,4.7360800805637924],[-74.266561754662632,4.7360816798463299],[-74.266560160617217,4.7360834246819188],[-74.26655908475766,4.7360847995160151],[-74.2665574377437,4.7360873256835596],[-74.266556583683666,4.7360889328628586],[-74.266556444049073,4.7360892177563576],[-74.266556218834154,4.7360896853423942],[-74.266549594782447,4.7361033267501726],[-74.266546272396326,4.7361101678036661],[-74.26654544089962,4.7361118825887756],[-74.266545013890592,4.7361127634962843],[-74.26654490398488,4.736112988697732],[-74.266544496804187,4.7361138632696864],[-74.266544170696477,4.7361145533417863],[-74.266543804905808,4.7361151593245259],[-74.266543487784986,4.7361157508251601],[-74.266543151739924,4.7361163586084123],[-74.266542721993105,4.7361171156271897],[-74.266542420176151,4.7361176356837262],[-74.266542005734948,4.736118327588553],[-74.266541658861897,4.7361188928725202],[-74.266541260629069,4.736119525088923],[-74.266540837164584,4.7361201817283956],[-74.266540463250251,4.7361207461154651],[-74.266540031667802,4.7361213819582035],[-74.266539628012765,4.7361219626308309],[-74.26653924868144,4.7361224944644853],[-74.266538736894944,4.7361231954389416],[-74.266538357556442,4.736123701047819],[-74.266537898021767,4.7361243007260541],[-74.266537466416509,4.7361248524686488],[-74.266536977138927,4.7361254602937866],[-74.266536549130535,4.7361259803847835],[-74.266536052636809,4.7361265692214927],[-74.266535593985608,4.7361271028854723],[-74.266535121813888,4.7361276365530438],[-74.266534573046258,4.7361282452987421],[-74.266534120692597,4.7361287346501566],[-74.266533659324978,4.7361292230996694],[-74.266533102435986,4.736129798388319],[-74.266532576181689,4.7361303302621112],[-74.266532117508348,4.7361307825388241],[-74.26653155069647,4.7361313288925366],[-74.266531019025393,4.736131829117217],[-74.266530517990248,4.736132290448511],[-74.266529961982457,4.7361327915841303],[-74.266529403267882,4.7361332827732054],[-74.266528842748102,4.7361337649197068],[-74.266528316469291,4.7361342063632721],[-74.266527757745379,4.7361346631887784],[-74.266527144948512,4.7361351534882763],[-74.266526581713336,4.736135594037612],[-74.2665260401034,4.7361360065476497],[-74.26652540927374,4.7361364769574203],[-74.266524864955258,4.7361368731907501],[-74.266524234119757,4.7361373218972975],[-74.266523631218035,4.7361377389455486],[-74.266523063460568,4.7361381225250643],[-74.266522485787036,4.7361385024900304],[-74.266521831508342,4.7361389231695883],[-74.266521230398538,4.7361393004280394],[-74.266520560793182,4.7361397084515326],[-74.266519941654082,4.7361400784805188],[-74.266519344140903,4.7361404231831523],[-74.266518708774214,4.7361407823648998],[-74.266518078812084,4.7361411279806882],[-74.266517406489072,4.7361414862682576],[-74.266516825188745,4.7361417875599106],[-74.266516099687507,4.7361421549050498],[-74.26651545169041,4.7361424724923848],[-74.266514855963521,4.736142756606232],[-74.266514174615054,4.7361430714897388],[-74.26651348785596,4.7361433773316959],[-74.266512796588501,4.7361436777491015],[-74.266512192741203,4.7361439320231504],[-74.266511457306777,4.7361442324526113],[-74.266510777748039,4.7361444994076107],[-74.266510165782549,4.7361447319806196],[-74.266509378966944,4.7361450206681432],[-74.266508811160108,4.7361452224827927],[-74.266508018030066,4.7361454930860232],[-74.266507387128726,4.7361456994394233],[-74.266506702148234,4.736145916659253],[-74.266505974804048,4.7361461356992454],[-74.266505302436812,4.7361463312123586],[-74.266504586804487,4.7361465285458344],[-74.2665039045188,4.7361467114014211],[-74.266503193388388,4.7361468906476825],[-74.266502470539209,4.7361470662799325],[-74.266501775627518,4.7361472238184357],[-74.266501048266576,4.7361473813658543],[-74.266500345238924,4.7361475253420897],[-74.26649960885986,4.7361476666144799],[-74.266498916643656,4.736147792501737],[-74.266498173049513,4.7361479184029642],[-74.266497471815015,4.7361480271109384],[-74.266496812039946,4.7361481231472817],[-74.26649605581953,4.7361482228271701],[-74.266495290583762,4.7361483161794293],[-74.266494583932186,4.7361483923339502],[-74.266493900713684,4.7361484594390308],[-74.266493147188058,4.7361485247546922],[-74.266492433319428,4.7361485783036334],[-74.266491685197053,4.7361486255317438],[-74.266490951493935,4.7361486628085929],[-74.266490283587927,4.7361486901202259],[-74.266489453434474,4.7361487129545807],[-74.266488806255751,4.7361487248873786],[-74.266488076148974,4.7361487287040198],[-74.266487345138643,4.7361487243822555],[-74.26648658888729,4.7361487101200437],[-74.266485884012184,4.7361486895136444],[-74.266485208880241,4.7361486616647674],[-74.266484430988967,4.7361486211836326],[-74.266483666615741,4.7361485716558605],[-74.266483012209619,4.7361485230022868],[-74.266482222592231,4.7361484517781065],[-74.266481501479021,4.7361483814395422],[-74.266480836249585,4.7361483074684303],[-74.266480095300665,4.7361482163363187],[-74.266479370574828,4.7361481197738966],[-74.266478655761887,4.736148015070115],[-74.266477925622695,4.7361478995188255],[-74.266477171144629,4.7361477767397817],[-74.266476531141009,4.7361476566423724],[-74.266476245392752,4.736147602462295],[-74.266475920884218,4.7361475428670001],[-74.266474849096767,4.7361473170841331],[-74.266473784516592,4.7361470777347492],[-74.266472707310896,4.7361468148769568],[-74.26647159494425,4.7361465239954272],[-74.26647053124951,4.7361462258661149],[-74.266469524339655,4.736145923199814],[-74.266468419166799,4.736145569015104],[-74.266467365370872,4.7361452111991218],[-74.266466248467466,4.7361448099938501],[-74.266465247846625,4.7361444313643908],[-74.266464238205458,4.736144028321192],[-74.266463183484618,4.736143583692412],[-74.266462175634615,4.736143138146482],[-74.26646116597631,4.7361426718021509],[-74.266460099517772,4.7361421539280775],[-74.266459143936359,4.7361416685785764],[-74.266458181137338,4.7361411588148332],[-74.266457194892993,4.7361406128854755],[-74.266456207741584,4.7361400461573639],[-74.266455274674215,4.7361394866488808],[-74.26645430734284,4.7361388828389108],[-74.266453364361908,4.7361383287589538],[-74.266452247348298,4.7361375215218064],[-74.266451971477053,4.7361373271721243],[-74.266451730767272,4.7361371626547362],[-74.26645124033297,4.7361368300053446],[-74.266450087276468,4.7361360661845602],[-74.266443345555132,4.7361312978294601],[-74.266316870534212,4.7360429611931956],[-74.26606391968636,4.7358662896556769],[-74.265558087788264,4.7355129941940755],[-74.265556909476913,4.7355121616515827],[-74.265555736570576,4.7355113173516754],[-74.265554707004242,4.7355105571129643],[-74.265553504335472,4.735509648615607],[-74.26555243328923,4.7355088250869235],[-74.26555140641409,4.7355080169194181],[-74.265550207335636,4.7355070523543219],[-74.265549181352839,4.7355062107273342],[-74.265548163478684,4.7355053555336521],[-74.265547031099914,4.735504385524643],[-74.265546023134206,4.7355035059120238],[-74.265544971886285,4.7355025648185949],[-74.265543961204727,4.7355016418002265],[-74.26554290093047,4.7355006536855146],[-74.265541938924471,4.7354997369840381],[-74.265540911096451,4.7354987380088849],[-74.265539968915633,4.7354978032159352],[-74.265538920338869,4.7354967400409134],[-74.265537936673198,4.7354957238720115],[-74.265537024229189,4.7354947583246805],[-74.265536064895798,4.7354937249674087],[-74.26553516145691,4.7354927277670518],[-74.265534207521199,4.7354916555232505],[-74.265533280628247,4.7354905896022208],[-74.265532378975237,4.7354895300045454],[-74.26553149895679,4.7354884767309589],[-74.26553063335821,4.7354874162191285],[-74.265529735292375,4.7354862887976541],[-74.265528847140374,4.7354851568520173],[-74.265528081609915,4.73548415690128],[-74.265527205165881,4.7354829887803094],[-74.265526347649825,4.7354818179413494],[-74.265525565870362,4.7354807275647017],[-74.265525151984775,4.7354801416890044],[-74.265524937376725,4.7354798351887277],[-74.265524725473199,4.7354795304962591],[-74.265523961714493,4.735478415698557],[-74.265523169094195,4.7354772348945966],[-74.265522285389196,4.7354758813935698],[-74.265521500868758,4.735474654467942],[-74.265520739785046,4.7354734320574954],[-74.265519943524396,4.7354721219392282],[-74.265519159879673,4.7354708000615933],[-74.265518432136091,4.7354695387570231],[-74.265517712500326,4.73546826117283],[-74.265516970308994,4.7354669040161044],[-74.265516266887161,4.7354655866381581],[-74.265515587804202,4.7354642764880399],[-74.265514896087439,4.7354629120831699],[-74.265514253959992,4.7354616001144105],[-74.265513602804987,4.7354602366028127],[-74.265512990419722,4.735458913774349],[-74.265512341948352,4.7354574743005786],[-74.265511747580618,4.735456115295082],[-74.265511195592381,4.7354548123448668],[-74.265510580454688,4.7354533104651164],[-74.265510047384595,4.7354519686247025],[-74.265509509793489,4.7354505743359789],[-74.265508983012722,4.7354491574367472],[-74.265508499517068,4.7354478128699489],[-74.265508001573664,4.7354463724509648],[-74.265507496399806,4.7354448596897809],[-74.265507069695659,4.7354435350022177],[-74.265506612303767,4.7354420574957858],[-74.265506187374001,4.7354406279085977],[-74.265505767840978,4.7354391558177484],[-74.265505395207072,4.7354377877089506],[-74.265504999097416,4.735436270396586],[-74.265504634551704,4.7354348127596433],[-74.265504305176094,4.7354334175099693],[-74.265503960441876,4.735431891140605],[-74.265503657199559,4.7354304723720135],[-74.265503358449706,4.7354290002483541],[-74.26550307953184,4.7354275353536597],[-74.265502806907961,4.7354260125819057],[-74.265502566757178,4.7354245784230278],[-74.265502329286818,4.7354230565459998],[-74.265502118875744,4.7354216024843563],[-74.265501921077032,4.735420123098824],[-74.265501738593684,4.7354186147714161],[-74.265501568726577,4.7354170955889634],[-74.265501423210765,4.7354156297537351],[-74.265501290302851,4.7354141223171666],[-74.265501228802876,4.7354133554851536],[-74.265501205284806,4.7354130498371889],[-74.265501188093907,4.7354128092973022],[-74.265501168193737,4.7354125497678661],[-74.26550115009708,4.7354122929507927],[-74.265501080385931,4.7354111598784057],[-74.265500998865662,4.7354096885999786],[-74.26550093991915,4.7354083638124385],[-74.265500891769989,4.7354069684863873],[-74.265500859846199,4.7354055758688451],[-74.26550084053099,4.7354041443628088],[-74.265500835649362,4.7354027562594165],[-74.265500846108594,4.7354014332616465],[-74.265500870961574,4.7354000062651727],[-74.265500913828234,4.73539852862279],[-74.265500962161212,4.735397266203047],[-74.265501034771745,4.7353957840310308],[-74.265501113735525,4.7353944637275882],[-74.265501219691757,4.7353929634605176],[-74.26550132839381,4.7353916178285154],[-74.265501451514822,4.7353902613409016],[-74.265501599845749,4.7353887999473905],[-74.265501748213083,4.7353874732949279],[-74.265501915500082,4.7353861131780803],[-74.265502102604458,4.7353847060321632],[-74.2655023095313,4.7353832708474908],[-74.265502519179591,4.7353818998675239],[-74.265502735155295,4.735380594899973],[-74.265502997053531,4.735379115389466],[-74.26550323287077,4.7353778529187345],[-74.265503514611794,4.735376420426638],[-74.265503786472436,4.7353751163481927],[-74.26550410516289,4.7353736594297891],[-74.265504401364836,4.7353723716222227],[-74.265504719190801,4.7353710512538107],[-74.265505073049681,4.7353696503926939],[-74.265505437728152,4.7353682612845693],[-74.26550577900943,4.7353670141583395],[-74.265505841144133,4.7353667934915515],[-74.265505932094527,4.7353664688221526],[-74.26550628689408,4.7353652135534743],[-74.265507009998046,4.735362645137176],[-74.265508450801974,4.7353575236791308],[-74.265514207711576,4.7353370514131541],[-74.265514388711452,4.7353364038831849],[-74.265514495873205,4.7353360303770407],[-74.265514584121448,4.735335712942816],[-74.265514685868666,4.7353353159262133],[-74.265515270168265,4.735332770155166],[-74.265515577802262,4.7353304243102263],[-74.265515679919545,4.7353280595307794],[-74.26551557742664,4.735325694806928],[-74.265515270328621,4.7353233491290379],[-74.265514759531058,4.7353210378700199],[-74.265514049546113,4.7353187809232979],[-74.265513146687582,4.7353165936603316],[-74.265512058171382,4.7353144950694031],[-74.265510790310884,4.7353124987134789],[-74.265509354828225,4.7353106208667937],[-74.265507760740931,4.7353088759956679],[-74.265506021572918,4.7353072767567159],[-74.265504149947006,4.7353058367110386],[-74.265502160287525,4.7353045648977767],[-74.265500067019232,4.7353034721646017],[-74.265497888171623,4.735302566645335],[-74.265495985220355,4.7353019504279406],[-74.265426619758117,4.7352823079231703],[-74.265423969576304,4.7352817000473015],[-74.26542163134809,4.7352813914108749],[-74.26541927424654,4.7352812880563206],[-74.265416917200653,4.7352813908827924],[-74.26541457823798,4.7352817007896091],[-74.265412275384634,4.7352822132504624],[-74.265410024864195,4.735282924643732],[-74.265407846505326,4.7352838295381359],[-74.265405753827025,4.735284922504297],[-74.265403763051452,4.7352861944946634],[-74.265401892203016,4.7352876346527779],[-74.26540015209568,4.7352892339326926],[-74.265398558950324,4.7352909787654154],[-74.265397122678621,4.7352928564880301],[-74.265395855895818,4.7352948526282743],[-74.265394766710003,4.7352969518107999],[-74.265393863229605,4.7352991395645443],[-74.265393470547806,4.7353003035088612],[-74.265363608821048,4.7353958873772681],[-74.265359447357781,4.7354064552850614],[-74.264380378181883,4.7347310796477897],[-74.264366747006193,4.7347216776756236],[-74.264363333813208,4.7347193608692599],[-74.264343796755881,4.7347061045444008],[-74.264343833978586,4.7347058218497065],[-74.26434402285831,4.7347049660614324],[-74.264344331325773,4.7347026197302053],[-74.264344368506897,4.7347017622813805],[-74.264344407619703,4.7347014652322974],[-74.264344394782526,4.7347011563286951],[-74.264344433848493,4.7347002554125526],[-74.264344331325773,4.7346978901955543],[-74.264344225645331,4.7346970863463484],[-74.264344213326339,4.7346967899117862],[-74.264344145855688,4.7346964794332083],[-74.264344022858324,4.7346955438643299],[-74.26434351294273,4.734693233506011],[-74.264343278183148,4.7346924866790294],[-74.264343219639656,4.7346922172803172],[-74.264343104718478,4.7346919348458298],[-74.264342803377644,4.7346909762076343],[-74.264341900458305,4.7346887899557668],[-74.264341550573647,4.7346881153226663],[-74.264341456038238,4.7346878829889789],[-74.264341303982391,4.7346876398556308],[-74.264340811379299,4.7346866900387754],[-74.264339544234502,4.7346846944431746],[-74.264339092740087,4.7346841041362024],[-74.264338974840797,4.7346839156181995],[-74.264338796789843,4.7346837171955594],[-74.264338108017228,4.7346828166587454],[-74.264336513519254,4.7346810719739914],[-74.264335995996134,4.7346805959491221],[-74.264335849654231,4.7346804328634899],[-74.264335634596179,4.7346802635284453],[-74.264334775129726,4.7346794729793427],[-74.264332173740129,4.7346775378409918],[-74.264227455590529,4.7346089578984154],[-74.264309475865844,4.7344674517587126],[-74.264310586963973,4.734465317420514],[-74.264311462961714,4.7344631982915582],[-74.264311486072245,4.7344631303748397],[-74.264312198549078,4.7344608738702565],[-74.264312688755481,4.7344586683316683],[-74.264312705290891,4.7344585622360658],[-74.264313016932135,4.7344562162813926],[-74.264313117406473,4.7344539952497406],[-74.264313114731578,4.7344538524248385],[-74.264313016932107,4.7344514876460702],[-74.264312736101417,4.734449318157651],[-74.264312725243187,4.734449262451891],[-74.264312709363978,4.7344491413149017],[-74.264312198549064,4.7344468300572267],[-74.2643115562052,4.7344447763216309],[-74.26431153679367,4.7344447256919366],[-74.264311488983978,4.7344445736582292],[-74.264310586963944,4.7344423865070544],[-74.264309612906544,4.7344405049521239],[-74.264309590393395,4.7344404673686773],[-74.264309496985646,4.7344402874893659],[-74.264308229840864,4.7344382909944178],[-74.26430696328417,4.7344366317902953],[-74.264306936559294,4.7344366009013372],[-74.264306793623561,4.7344364141092905],[-74.264305200024879,4.7344346685251741],[-74.26430368626724,4.7344332727763456],[-74.264303646927772,4.7344332407038028],[-74.264303460736045,4.7344330695306152],[-74.264299883168917,4.7344305245678697],[-74.264105178459531,4.7343145506100406],[-74.264022003000136,4.7342650104886035],[-74.264021857909029,4.734264924580768],[-74.264021719326806,4.7342648423486597],[-74.264019627503757,4.7342637496723707],[-74.264017443960114,4.7342628429503035],[-74.264016426482328,4.7342625216877776],[-74.263883592649663,4.7341711842921264],[-74.263718977225068,4.7340567442550627],[-74.263523815138896,4.7339199462305643],[-74.263521848254626,4.7339186905951776],[-74.263520381008917,4.7339179241706049],[-74.26352013531384,4.7339177794919767],[-74.263520009779342,4.7339177302566497],[-74.263519756431535,4.7339175979188512],[-74.263517576474953,4.7339166923015563],[-74.263516471541308,4.7339163425384188],[-74.263516159661478,4.7339162202172433],[-74.263515918386645,4.7339161674390704],[-74.263515326371191,4.7339159800384971],[-74.263513023207381,4.7339154683243043],[-74.263512261950652,4.7339153676041539],[-74.263511987809835,4.7339153076366358],[-74.26351167313716,4.7339152896996],[-74.263510684970058,4.7339151589575126],[-74.263508327847035,4.7339150555354248],[-74.263507896951225,4.7339150744488361],[-74.263507724233364,4.7339150646035195],[-74.263507423416982,4.7339150952336908],[-74.26350597162326,4.7339151589574611],[-74.263503632486604,4.7339154683242892],[-74.263503525173903,4.7339154921668927],[-74.263503476329888,4.7339155000420181],[-74.26350132932285,4.7339159800384989],[-74.26349959385368,4.7339165293956391],[-74.263499350391058,4.7339166002529467],[-74.263499079219116,4.7339166923015297],[-74.263496900161755,4.7339175979188468],[-74.263495803189613,4.7339181706825739],[-74.263495446320889,4.7339183293244211],[-74.263495230586528,4.7339184696566949],[-74.263494807439386,4.7339186905951358],[-74.263492818138999,4.7339199622365822],[-74.263492175541586,4.7339204569222977],[-74.263491866545522,4.7339206579200814],[-74.263491592141563,4.7339209060366256],[-74.26349094664981,4.733921402950477],[-74.263489207360962,4.7339230019450591],[-74.263488890404034,4.7339233489520627],[-74.263488698936001,4.7339235220777693],[-74.263488453643546,4.7339238271209902],[-74.263487613762308,4.7339247466298087],[-74.263486022390097,4.7339268496580686],[-74.263451727842252,4.7339770568685076],[-74.263257058659249,4.7338429429599413],[-74.263050231079646,4.733700452426671],[-74.263048444230236,4.7336993216664194],[-74.263046482507889,4.7336982942269259],[-74.263046350141096,4.7336982350028176],[-74.263044172450563,4.7336973224735317],[-74.263042702550734,4.7336968577690124],[-74.263042439204227,4.7336967578707032],[-74.263042289582529,4.733696727210309],[-74.263041922346801,4.7336966111097638],[-74.263039620082338,4.7336960984962007],[-74.263038501892751,4.7336959510379488],[-74.263038201627907,4.7336958895076986],[-74.263037958399039,4.7336958793661017],[-74.263037280945667,4.73369579002875],[-74.263034923822644,4.7336956866067004],[-74.263034150003747,4.7336957205720713],[-74.263033879749329,4.7336957093036016],[-74.263033573165714,4.7336957458913096],[-74.26303256759887,4.7336957900287322],[-74.263030228462227,4.7336960984961891],[-74.26302977750322,4.7336961988658741],[-74.263029584593326,4.7336962218877217],[-74.263029274163216,4.7336963108939143],[-74.263027925298488,4.7336966111097594],[-74.263025675194712,4.7336973224734944],[-74.263025518090373,4.7336973878310316],[-74.263025428586332,4.733697419144665],[-74.263023496137393,4.733698228990141],[-74.2630216965225,4.7336991686257148],[-74.263021514226608,4.7336992590414573],[-74.263021405299753,4.7336993244385637],[-74.263019414114595,4.7337005933077938],[-74.263018270100815,4.7337014739949765],[-74.263017942494116,4.7337016981844018],[-74.263017788367065,4.7337018448443411],[-74.263017542625448,4.7337020340217162],[-74.263015803336586,4.7337036330163382],[-74.263015100481866,4.7337044025074366],[-74.263014808841945,4.7337046800180174],[-74.263014620018239,4.733704928522882],[-74.263014209737932,4.7337053777010816],[-74.263012191742021,4.7337081237612404],[-74.262948467263399,4.7338073618870915],[-74.262741710314387,4.7336661618970117],[-74.262740014539972,4.7336650934693152],[-74.262738931957273,4.7336645282188172],[-74.262738359015231,4.7336641912791597],[-74.262738042082276,4.7336640635870602],[-74.262737921817546,4.733664000793059],[-74.26273574276027,4.7336630951757543],[-74.262735256198226,4.7336629411561706],[-74.262734753215483,4.7336627385047079],[-74.262734194687553,4.7336626051383988],[-74.262733492656537,4.7336623829127298],[-74.26273118949274,4.7336618711984686],[-74.262730971616364,4.7336618389785663],[-74.262730824887484,4.7336618229769352],[-74.262728850356098,4.7336615618316511],[-74.26272649413238,4.7336614584096806],[-74.262724137009272,4.733661561831644],[-74.262723145259059,4.7336616928558275],[-74.262631612361176,4.7335944870988138],[-74.262660657543378,4.7335514964039929],[-74.262661692582981,4.733549839953179],[-74.262662781662016,4.733547740036232],[-74.262662863297081,4.7335475525843069],[-74.262662922630213,4.7335473987078478],[-74.262663684581355,4.7335455537843432],[-74.262664392987446,4.7335432984400301],[-74.262664904062035,4.7335409861276601],[-74.262665188824002,4.7335388521918293],[-74.262665193788138,4.7335387823508492],[-74.26266521252947,4.7335386397964649],[-74.262665315052203,4.7335362745794924],[-74.262665242427019,4.7335345997413159],[-74.26266524551761,4.7335343339740676],[-74.262665225276876,4.7335342042348669],[-74.262665212529498,4.7335339102618272],[-74.262664904062007,4.7335315639305975],[-74.262664595954817,4.7335301703964774],[-74.262664548920313,4.73352986891393],[-74.262664490413059,4.7335296930429296],[-74.262664393247107,4.7335292535722617],[-74.262663684581341,4.733526996273909],[-74.262663215136939,4.7335258596013663],[-74.262663122419369,4.7335255808951011],[-74.262663021167825,4.7335253899410272],[-74.262662781662016,4.7335248100220353],[-74.262661692582967,4.7335227101050332],[-74.262661134544203,4.7335218318866801],[-74.262661005418011,4.7335215883626613],[-74.26266085557566,4.7335213928573969],[-74.262660424538936,4.7335207145094556],[-74.26265898832159,4.733518836725028],[-74.262658417415381,4.7335182116922807],[-74.262658256392697,4.7335180015994922],[-74.262658048162578,4.7335178074312614],[-74.262657394722922,4.7335170920402065],[-74.262655655434116,4.7335154930456254],[-74.262654951721032,4.7335149199288988],[-74.262611029615584,4.7334803940537267],[-74.262611834151954,4.7334796543561239],[-74.262613429103268,4.7334779095291406],[-74.262614863576445,4.7334760318125406],[-74.262616132166812,4.7334740347722732],[-74.262617221358752,4.7334719364981082],[-74.262618123944492,4.7334697487478739],[-74.262618833620039,4.7334674923221742],[-74.26261934317823,4.7334651816918205],[-74.262619651722588,4.7334628349431913],[-74.262619754751313,4.7334604710677066],[-74.262619652268711,4.7334581063428844],[-74.262619343378518,4.7334557597593125],[-74.262618833493448,4.7334534484973751],[-74.262618124421536,4.7334511924511906],[-74.262617220673192,4.7334490051840836],[-74.262616132168731,4.7334469065880764],[-74.262614864319701,4.7334449093219586],[-74.26261342884888,4.733443032373005],[-74.26261197812866,4.7334414330490535],[-74.262571063143241,4.7333997610508733],[-74.262570404951987,4.7333990260285352],[-74.2625546390138,4.7333814008581365],[-74.262551896356413,4.7333787384192636],[-74.262550023840021,4.7333772974609678],[-74.262548034191482,4.7333760265429792],[-74.262545941834745,4.7333749338001683],[-74.262543762996742,4.7333740282711529],[-74.262541513002418,4.7333733162819973],[-74.262539208979319,4.7333728041581882],[-74.262536870758183,4.7333724946074565],[-74.262534513663397,4.7333723921470527],[-74.262532156623166,4.7333724949634419],[-74.262529818566335,4.7333728039558691],[-74.262527515716727,4.7333733164069773],[-74.262525265199088,4.7333740277907204],[-74.26252308594087,4.7333749335805937],[-74.262520993263308,4.733376026538008],[-74.262519004289913,4.7333772976153705],[-74.262517131637694,4.7333787386706074],[-74.262516448561698,4.7333793338845727],[-74.262515916883828,4.7333798124029371],[-74.262504510629469,4.7333885229851642],[-74.26248161500429,4.7334018341144537],[-74.262481323007904,4.7334020060100288],[-74.262466125715477,4.7334110974121923],[-74.262429883037214,4.7333849881147483],[-74.262424660434675,4.733381223992688],[-74.261965481067648,4.7330405988325444],[-74.261963862825098,4.7330394869711485],[-74.261735149315939,4.7328942915034729],[-74.261727234014032,4.7328892665898508],[-74.261722701196859,4.7328863903040608],[-74.261435705768307,4.7327041916929264],[-74.261327912989628,4.7326304599463587],[-74.261320230185362,4.7326252079859294],[-74.261290577191048,4.7326049242038923],[-74.261283168450447,4.7325998566480312],[-74.261242521349573,4.7325720528856516],[-74.261234732165931,4.7325667258953414],[-74.2611895323639,4.7325358098226502],[-74.261161480486436,4.732516619816499],[-74.2611541537877,4.732511612825804],[-74.261153767031644,4.7325113425417937],[-74.260982233645294,4.7323902593313356],[-74.261010472626324,4.7323539767260394],[-74.261011055119369,4.7323532256791427],[-74.261011870101697,4.732352071590892],[-74.261013166924101,4.732350095780399],[-74.26101346309342,4.7323495251901369],[-74.261013584853245,4.7323493375895076],[-74.261013700380047,4.7323490680414162],[-74.261014256902385,4.7323479958634334],[-74.261015158922419,4.7323458096114361],[-74.261015329497155,4.7323452669718984],[-74.261015412231274,4.7323450739359894],[-74.261015481583456,4.732344783148573],[-74.261015868487505,4.7323435523131234],[-74.261016379302418,4.7323412419548543],[-74.261016444167524,4.7323407471212739],[-74.261016488381628,4.732340561735584],[-74.26101650704652,4.7323402674392003],[-74.261016686870519,4.7323388956236077],[-74.261016790292615,4.7323365313059558],[-74.261016771400946,4.7323360992619641],[-74.261016781991174,4.732335932281531],[-74.261016751902005,4.7323356533299101],[-74.261016686870562,4.7323341660889744],[-74.261016379302418,4.7323318197577704],[-74.261016299422863,4.7323314584715943],[-74.261016284516643,4.7323313202785871],[-74.26101621526989,4.7323310778572472],[-74.261015868487505,4.7323295093993849],[-74.261015158922419,4.7323272521011006],[-74.261015004748231,4.7323268622849035],[-74.261014917782077,4.7323266676423135],[-74.261014256902371,4.732325065849186],[-74.261013166924087,4.7323229668314859],[-74.261012992793155,4.7323226835705796],[-74.26101289465052,4.7323225378411928],[-74.261011899779305,4.7323209703365992],[-74.261010463561988,4.7323190925521716],[-74.261010300673789,4.7323189065207059],[-74.261010143492328,4.7323187276927206],[-74.260922231627745,4.732217349723066],[-74.260919213850613,4.7322143745937995],[-74.260918999851825,4.7322142098528035],[-74.260918905729952,4.7322141183927364],[-74.260918687563588,4.7322139694463701],[-74.260917342361424,4.7322129338798486],[-74.260915352161746,4.732211662238508],[-74.260915073210029,4.7322115094246495],[-74.260914865209415,4.7322114078760888],[-74.260913260338668,4.7322105695622438],[-74.260911080382016,4.7322096639449338],[-74.260910854121377,4.7322095876837604],[-74.260910686400422,4.7322095393390065],[-74.260908831177559,4.732208952581149],[-74.26090652801382,4.7322084399676063],[-74.260906368057547,4.7322084162808284],[-74.260906265270663,4.7322084052180173],[-74.260904188877191,4.7322081306007915],[-74.260901831406954,4.7322080322796225],[-74.260901747369644,4.7322080306326662],[-74.260899475530309,4.7322081306008155],[-74.260897132538901,4.732208440946799],[-74.260894833229926,4.7322089525811686],[-74.260893549328728,4.7322093584828258],[-74.260893196493271,4.7322094488325259],[-74.260893000205655,4.7322095320864594],[-74.260892583126179,4.7322096639449285],[-74.260890404068846,4.7322105695622172],[-74.260889754435169,4.7322109087563788],[-74.260889459660675,4.7322110337828613],[-74.260889149699025,4.7322112245081795],[-74.260888311346434,4.7322116622384645],[-74.260886322046048,4.7322129338798398],[-74.2608861243978,4.7322130860339007],[-74.260886002625568,4.7322131609626785],[-74.260885755109513,4.7322133703202214],[-74.260884450556873,4.7322143745937684],[-74.260882904063564,4.7322157821689483],[-74.260821515141558,4.7322761899234695],[-74.260731482400743,4.7322113804632746],[-74.260598840604402,4.7321121239837023],[-74.260469845983593,4.7320137246966958],[-74.260459569159636,4.7320053779822029],[-74.260415725645501,4.7319697609297737],[-74.260342044283036,4.7319099091976273],[-74.260323688630351,4.7318949966611026],[-74.260315484483769,4.7318883332093273],[-74.260287305493947,4.731865440982137],[-74.260286993557102,4.7318651914768157],[-74.260277162167512,4.7318574432904672],[-74.260165100569935,4.7317691287817842],[-74.260134914936032,4.731735074359638],[-74.260133272209032,4.7317333765116745],[-74.260113621239611,4.7317147639024615],[-74.26011243927725,4.7317137088924461],[-74.260111837037925,4.7317132153018404],[-74.260009741045351,4.7316321714474716],[-74.260019890703276,4.7316196278960874],[-74.260022315342979,4.7316160932402553],[-74.260023404539993,4.7316139940655599],[-74.260024307132085,4.7316118072226345],[-74.260025016814438,4.7316095507992211],[-74.260025527281314,4.7316072392658581],[-74.260025835834114,4.7316048934221913],[-74.260025937970042,4.7316025286425791],[-74.260025835496975,4.7316001648212191],[-74.260025526616516,4.7315978182360503],[-74.260025016741594,4.7315955069716908],[-74.260024307680112,4.731593250922252],[-74.260023404843764,4.7315910636510035],[-74.260022315448481,4.7315889641462832],[-74.260021047610536,4.7315869677792808],[-74.260019612150259,4.7315850899200731],[-74.260018017183995,4.7315833459397654],[-74.260016278037696,4.7315817466859933],[-74.26001607428536,4.7315815767307683],[-74.259971707770106,4.7315449659565623],[-74.259969931734446,4.7315436199172511],[-74.259968051180152,4.731542424019854],[-74.25996595883278,4.7315413312687999],[-74.259963779102293,4.7315404257314926],[-74.259961529116239,4.7315397137335369],[-74.259959226002181,4.7315392016006061],[-74.259956887788022,4.7315388920408177],[-74.259954530699531,4.7315387895713874],[-74.259952173664729,4.7315388923787607],[-74.259949835612574,4.7315392013622866],[-74.259947532766731,4.7315397138046933],[-74.259945282251977,4.7315404251799533],[-74.25994310299572,4.7315413309616616],[-74.259941010319224,4.7315424239112547],[-74.259939021345986,4.7315436949812382],[-74.259937149594293,4.7315451360293626],[-74.259935410384188,4.7315467352955949],[-74.259933816331525,4.7315484801163761],[-74.259933576645466,4.7315487713650937],[-74.259921067964981,4.7315641568572326],[-74.25830406531621,4.7302835242489509],[-74.258325714523124,4.7302570017125065],[-74.258328212154154,4.7302533775172551],[-74.258329301354394,4.7302512783450288],[-74.25833020395028,4.7302490915041071],[-74.258330913636982,4.7302468350822302],[-74.258331423207352,4.7302445235500787],[-74.258331731765452,4.7302421777068453],[-74.258331834808445,4.7302398129269534],[-74.258331732341503,4.7302374491050303],[-74.258331423467538,4.7302351025187459],[-74.258330913599309,4.7302327912527486],[-74.258330204544805,4.7302305352012706],[-74.258329300814282,4.7302283479277101],[-74.258328212327626,4.7302262484197728],[-74.258326944497057,4.7302242520491813],[-74.258325509044198,4.7302223741861198],[-74.25832391408521,4.7302206302015932],[-74.258322086593864,4.7302189577177094],[-74.258289426000928,4.7301919293857075],[-74.258287636448003,4.7301905697807802],[-74.258285740574465,4.7301893639351507],[-74.258283648233657,4.7301882711786929],[-74.258281469410818,4.7301873656355458],[-74.25827921852958,4.7301866545364453],[-74.258276915420822,4.7301861414933928],[-74.258274577211779,4.7301858319277068],[-74.258272220127864,4.7301857294523799],[-74.258269863097198,4.7301858322538299],[-74.258267525048552,4.730186141231477],[-74.258265222205949,4.7301866545725035],[-74.258262971693597,4.7301873659422675],[-74.258260792439089,4.7301882717186023],[-74.258258699763516,4.7301893637588108],[-74.258256710790988,4.7301906357283201],[-74.258254839038941,4.7301920758676639],[-74.258253099828124,4.7301936751297227],[-74.258251463423704,4.7301954724073534],[-74.258238533514159,4.7301854479629855],[-74.258225832574439,4.7301755156975283],[-74.258226676826894,4.730174272964522],[-74.258227766027559,4.7301721746967598],[-74.258228668623474,4.7301699869516343],[-74.258229378310375,4.7301677305298746],[-74.258229888782679,4.7301654199018035],[-74.258230196439456,4.7301630731545625],[-74.25823029948306,4.7301607092789828],[-74.258230197016246,4.7301583445527031],[-74.258229888142651,4.730155997966353],[-74.258229378274848,4.7301536867003042],[-74.258228669220756,4.7301514306487258],[-74.258227766392011,4.7301492433746768],[-74.258226677004672,4.7301471447711245],[-74.258225409174244,4.7301451474960707],[-74.258223973722082,4.7301432705370869],[-74.258222378763335,4.7301415256479995],[-74.258220639624696,4.7301399263893229],[-74.25821991207367,4.7301393351648491],[-74.258169463499911,4.7300997705905559],[-74.258166330723228,4.7300976490079751],[-74.258164237481495,4.7300965562513868],[-74.258162058659138,4.7300956507079128],[-74.258159808679665,4.7300949396081542],[-74.258157505571234,4.7300944265646327],[-74.258155167362801,4.7300941179028548],[-74.258152810279185,4.7300940154271007],[-74.258150453248575,4.7300941173238771],[-74.25814811520037,4.7300944272054446],[-74.258145811456387,4.7300949396418996],[-74.258143561845543,4.7300956510110739],[-74.258141382591177,4.730096556787017],[-74.258139289915889,4.7300976497311851],[-74.258137300943162,4.7300989207960518],[-74.258135429191299,4.7301003618393338],[-74.258133689980184,4.7301019601967829],[-74.258132095024649,4.7301037050138079],[-74.258131455265115,4.7301045009674976],[-74.258103182726515,4.7301409472406881],[-74.258100800348444,4.7301406277385736],[-74.2580984432647,4.7301405252626409],[-74.258096086234104,4.7301406280635501],[-74.25809374818553,4.7301409370406411],[-74.258091445342686,4.7301414494767764],[-74.258089194830276,4.7301421608459169],[-74.258087015575697,4.7301430666217437],[-74.258084922900167,4.7301441595657394],[-74.25808293392744,4.7301454315347673],[-74.258082649154076,4.7301456495460821],[-74.257947846777128,4.7300398875288323],[-74.257945176469988,4.7300380398286492],[-74.257925149310623,4.7300258965744462],[-74.25789180764643,4.72999911490475],[-74.257891629628077,4.7299989728241831],[-74.257891450948165,4.7299988330526848],[-74.257764261938235,4.7299001216108421],[-74.257464211268754,4.7296587330333608],[-74.257463742534313,4.7296583555528455],[-74.257463525339304,4.7296581875525678],[-74.257463305071681,4.7296580219416962],[-74.257254347967375,4.7294967932672769],[-74.257254277941129,4.729496738645862],[-74.25719173783601,4.7294474216172793],[-74.25719196835955,4.7294471206118294],[-74.257193236057617,4.7294451235812147],[-74.257194325260187,4.7294430244106245],[-74.257195227858716,4.7294408375710368],[-74.257195937548403,4.7294385811501192],[-74.257196448023436,4.7294362696183914],[-74.257196756585088,4.729433923775531],[-74.257196858730609,4.729431558995822],[-74.257196756267746,4.7294291951735108],[-74.257196447398016,4.7294268485865478],[-74.257195937534235,4.7294245373194768],[-74.257195228484278,4.72942228126663],[-74.257194325659754,4.7294200939910809],[-74.25719323627645,4.7294179944813601],[-74.257191968450584,4.7294159981084798],[-74.257190533002429,4.7294141202428728],[-74.257188938047918,4.7294123753512105],[-74.25718719891367,4.7294107769940705],[-74.257186746335265,4.7294104045385366],[-74.257027174426142,4.7292818720658598],[-74.257026932812494,4.7292816804161939],[-74.256828129345649,4.7291252603028715],[-74.256815680860811,4.7291154653985341],[-74.256638680357511,4.7289761996432063],[-74.256638438745284,4.7289760125148863],[-74.256177969080397,4.7286220532511072],[-74.255955979157946,4.7284504067629554],[-74.255694784755761,4.7282398752880841],[-74.255694553961192,4.7282396917738607],[-74.255420388660397,4.7280235975362892],[-74.255374489448258,4.7279830468446082],[-74.255428833735465,4.727911934612739],[-74.255464897398767,4.7278775763665113],[-74.255466992485083,4.7278753431032223],[-74.255468428769603,4.7278734644960281],[-74.255469696470243,4.7278714683727276],[-74.255470785675811,4.7278693692046527],[-74.255471688278007,4.727867182367044],[-74.255472397070534,4.7278649259479133],[-74.255472907550413,4.7278626144171856],[-74.255473216117423,4.7278602685747417],[-74.255473319170079,4.7278579037947663],[-74.255473216713497,4.7278555399718423],[-74.255472907850404,4.7278531933837238],[-74.255472397092291,4.7278508821152698],[-74.25547168804961,4.7278486260602968],[-74.25547078523266,4.7278464387821373],[-74.255469696758468,4.7278443392690734],[-74.255468428039066,4.7278423428929575],[-74.25546699169746,4.7278404650235801],[-74.255465398553596,4.7278387201271084],[-74.255463659427193,4.7278371217652717],[-74.255460219218591,4.7278346584219024],[-74.25542210395551,4.727811649165556],[-74.25542168295793,4.727811399685919],[-74.255419590628577,4.7278103069202739],[-74.255417411816694,4.7278094013676872],[-74.255415161847168,4.7278086902585716],[-74.255412858748301,4.7278081781098447],[-74.255410519646787,4.7278078685343354],[-74.255408162571015,4.7278077660489126],[-74.255405805547326,4.72780786793611],[-74.255403467505218,4.7278081778081704],[-74.255401164667688,4.7278086902351735],[-74.255398914159642,4.7278094015955139],[-74.255396734908402,4.7278103073627573],[-74.255394642235245,4.72781140029862],[-74.25539265326357,4.7278126713556112],[-74.255390781511721,4.7278141123915702],[-74.255389042299811,4.7278157116465209],[-74.255387449144891,4.7278174564569433],[-74.255385685789321,4.7278198126200923],[-74.255385474051536,4.7278201309892784],[-74.255378557967674,4.727830548442058],[-74.255309693379061,4.7277697116192812],[-74.255324587800786,4.7277476341401297],[-74.255325613126914,4.7277459925662342],[-74.255326702332724,4.7277438933983831],[-74.255327604935218,4.7277417065609608],[-74.255328313728143,4.7277394501419465],[-74.255328825109771,4.7277371386110643],[-74.255329133676952,4.7277347918643722],[-74.255329235829024,4.7277324279888768],[-74.255329133372712,4.7277300632617001],[-74.255328824510428,4.7277277175777233],[-74.255328313752898,4.7277254063091396],[-74.255327605611939,4.727723149349444],[-74.255326702795614,4.7277209620710936],[-74.255325613420922,4.7277188634623064],[-74.255324345603498,4.727716867085598],[-74.25532290926256,4.7277149892159107],[-74.255321315217969,4.7277132443193493],[-74.255319576092006,4.7277116450527643],[-74.255317704507078,4.7277102049776394],[-74.255316801207172,4.7277096562972547],[-74.255315704976681,4.7277089503175951],[-74.255292752631135,4.7276940876494979],[-74.255291592402983,4.7276933762604241],[-74.255289500074156,4.7276922834943687],[-74.255287321262784,4.7276913779413103],[-74.255285071293756,4.7276906668317507],[-74.255282768195343,4.7276901546826124],[-74.255280429995693,4.7276898451064069],[-74.255278072018911,4.7276897426207647],[-74.255275714995591,4.7276898445075028],[-74.255273376953809,4.7276901543791023],[-74.25527107411655,4.7276906668056462],[-74.255268823608731,4.7276913781655843],[-74.255266644357704,4.7276922839323676],[-74.255264551684618,4.7276933768678333],[-74.255262562713071,4.7276946479244621],[-74.255260690961265,4.7276960889600295],[-74.255258951749269,4.7276976882147261],[-74.255257358594264,4.7276994330248368],[-74.255256165588193,4.7277009670295218],[-74.255185324997981,4.7277991835122144],[-74.255174900556881,4.7278123844943662],[-74.255124883213924,4.7277729931984496],[-74.255091757996965,4.7277469071080942],[-74.254269509191658,4.7270926593345344],[-74.253982602069399,4.7268649582884539],[-74.253464152620069,4.7264534954368722],[-74.252595872260855,4.7257646169675311],[-74.251780313279284,4.7251185126548529],[-74.251831430038578,4.7250640019431618],[-74.251831991710333,4.7250633977363954],[-74.251832120102719,4.7250632455120654],[-74.251833016980115,4.7250622507223197],[-74.251834453197432,4.7250603729379179],[-74.251834729378302,4.7250599380999416],[-74.251834851264377,4.725059783602072],[-74.251834992995995,4.7250595230423258],[-74.251835721241491,4.7250583764430285],[-74.251836810320512,4.7250562774253284],[-74.251836973909036,4.7250558813260133],[-74.251837053907025,4.7250557342574799],[-74.251837144765901,4.725055467627751],[-74.251837713239794,4.725054091173436],[-74.251838421905632,4.7250518338750958],[-74.251838493646517,4.7250515092728333],[-74.251838540767622,4.7250513709936204],[-74.251838584206396,4.7250510995211012],[-74.251838932720545,4.725049522617458],[-74.25183924118798,4.7250471762861901],[-74.251839262896667,4.7250468189805535],[-74.251839266567742,4.7250465909930135],[-74.251839343710685,4.7250448119685942],[-74.251839241188023,4.7250424476508774],[-74.251839214016258,4.7250422104126661],[-74.251839189371836,4.7250420535158737],[-74.251838932720531,4.7250401013197276],[-74.25183841604715,4.7250377911403305],[-74.251838387499774,4.7250376758472736],[-74.251838368080286,4.7250376186815757],[-74.251837713239794,4.7250355336630419],[-74.251836807930573,4.7250333463665939],[-74.251835721241491,4.7250312474941598],[-74.251834513748236,4.7250293466478945],[-74.251834453197432,4.7250292509992065],[-74.251833016980115,4.7250273732147416],[-74.251831577220074,4.7250257935244013],[-74.251831549575073,4.7250257666878293],[-74.251831423381404,4.725025628529969],[-74.251829684092613,4.7250240295354287],[-74.251828084129343,4.7250227867257157],[-74.251827813031738,4.7250225882237178],[-74.251454760585318,4.7247535397865663],[-74.251452497634588,4.7247520736492952],[-74.251451378702598,4.7247514894197895],[-74.251451073095112,4.7247513041282927],[-74.251450853079106,4.7247512149751625],[-74.251450404912163,4.7247509809730825],[-74.251448225854901,4.7247500744564874],[-74.251447373265435,4.7247498049127845],[-74.25144707614794,4.7247496845172146],[-74.251446773145176,4.7247496151865089],[-74.251445975751139,4.7247493630926849],[-74.251443672587342,4.7247488504791333],[-74.251443102521463,4.7247487753031905],[-74.251442872169577,4.724748722595888],[-74.25144253834749,4.7247487009042768],[-74.251441333450714,4.7247485420116773],[-74.251438977226982,4.7247484385896881],[-74.251438693236324,4.7247484510501758],[-74.251438568621438,4.7247484429527091],[-74.251438305604452,4.7247484680580776],[-74.251436620103902,4.7247485420116409],[-74.25143427868835,4.7247488516075631],[-74.251431978702826,4.7247493630926911],[-74.251431284147287,4.7247495826743693],[-74.251430910915971,4.7247496737485264],[-74.251430523164217,4.7247498232569951],[-74.251429728599064,4.724750074456459],[-74.251427916008325,4.7247508285181299],[-74.251427680757814,4.7247509227861215],[-74.251427551453673,4.7247509845237259],[-74.251425456819319,4.724752073649328],[-74.251424634298033,4.7247525700546182],[-74.251364849152864,4.7247901073768626],[-74.250859377090507,4.7243907233219264],[-74.250701250269302,4.7242647227859091],[-74.250045881650053,4.7237424997007018],[-74.250031003700741,4.7237306443619085],[-74.250005283051564,4.723710149288272],[-74.250001986249657,4.7237078983918099],[-74.249999979579272,4.7237068462812584],[-74.24986928179419,4.723645142825764],[-74.249477410518011,4.7233333844322045],[-74.249477290902789,4.723333288575561],[-74.249415703444726,4.7232835755008722],[-74.249418324885426,4.7232811721157608],[-74.249420799360152,4.7232785833847544],[-74.249422235652617,4.723276705693908],[-74.249423504264257,4.723274708676545],[-74.249424592580354,4.7232726095174851],[-74.249425496097658,4.7232704226868076],[-74.249426204905916,4.7232681662729554],[-74.249426715403146,4.7232658547457298],[-74.24942702308779,4.7232635089052515],[-74.249427126160882,4.7232611441251366],[-74.249427022824605,4.7232587803004655],[-74.249426715787109,4.7232564337080216],[-74.249426204151419,4.7232541224341924],[-74.249425496034661,4.7232518663715819],[-74.249424593242807,4.7232496790843328],[-74.249423503892785,4.7232475795608062],[-74.2494222361005,4.7232455831721554],[-74.249420799784588,4.7232437052890317],[-74.249419205765122,4.7232419612820147],[-74.249417466663644,4.7232403619995429],[-74.249416952789147,4.7232399398170113],[-74.249412248607982,4.7232361736531585],[-74.249411391253233,4.7232354865947279],[-74.249408047576011,4.7232331986303899],[-74.249405954368058,4.7232321058458124],[-74.249403775577761,4.723231200273367],[-74.249401525628571,4.7232304891439183],[-74.249399222548391,4.7232299760701384],[-74.249396136230303,4.7232296124005479],[-74.249377847532941,4.7232285182037712],[-74.249286004799245,4.7231353415921165],[-74.249284159312609,4.7231336356277751],[-74.24928364363555,4.7231332134456183],[-74.249238936801206,4.7230974213178234],[-74.249220600599457,4.7230827408671203],[-74.249219747759611,4.7230820854579161],[-74.248940059992123,4.7228758693638202],[-74.248876086871022,4.7228072882961696],[-74.248873724779699,4.7228050434931799],[-74.248873210004305,4.7228046204061656],[-74.24884391483927,4.7227811681914806],[-74.248843517266849,4.7227808563048619],[-74.2488282986793,4.7227691312423961],[-74.248528471604786,4.7225381384008198],[-74.24857917667444,4.7224922478468079],[-74.248581778211786,4.7224895433364686],[-74.248583214504976,4.7224876656472867],[-74.248584481315035,4.7224856686318084],[-74.248585571435243,4.7224835694735505],[-74.248586474052985,4.7224813826440375],[-74.248587182863247,4.7224791262309749],[-74.248587693362794,4.7224768147042386],[-74.24858800105001,4.7224744688639655],[-74.248588105027267,4.7224721040835824],[-74.24858800169406,4.7224697402585898],[-74.248587693758466,4.7224673936658981],[-74.248587183027567,4.7224650823910581],[-74.248586473111629,4.7224628263278321],[-74.248585571224851,4.7224606390390749],[-74.248584480977286,4.7224585395142871],[-74.248582325965401,4.7224553424271418],[-74.248579190987897,4.7224513398467947],[-74.248593768421912,4.7224398434529844],[-74.24859444069574,4.722439297087611],[-74.248596179910933,4.7224376978493643],[-74.248597773071666,4.7224359530541475],[-74.248599209364727,4.7224340753649372],[-74.248600477076181,4.7224320792534842],[-74.248601566294909,4.7224299800954563],[-74.248602468912537,4.7224277932659176],[-74.248603178624066,4.7224255368526391],[-74.248603689123513,4.722423225325878],[-74.248603996810445,4.7224208785812714],[-74.248604099886535,4.7224185147053994],[-74.248603996553058,4.7224161499761417],[-74.248603689518973,4.7224138042874984],[-74.248603177886721,4.7224114930128778],[-74.248602468871965,4.7224092360451619],[-74.248601566985215,4.7224070487564171],[-74.248600476737892,4.7224049501359193],[-74.248598258612091,4.72240167348565],[-74.248564687296295,4.7223591351697332],[-74.248564201321628,4.7223585366403666],[-74.248562608207664,4.7223567926309515],[-74.248560869110335,4.7223551933461607],[-74.24855899755326,4.7223537523472041],[-74.248557007960883,4.7223524813865243],[-74.248554915658204,4.7223513885989643],[-74.248552735970392,4.7223504830238978],[-74.248550486024598,4.7223497709871998],[-74.24854818294807,4.722349258814778],[-74.248545844768529,4.722348949215041],[-74.248543487711331,4.7223488467055317],[-74.248541130704439,4.722348949473],[-74.248538792676399,4.7223492584171245],[-74.248536488949767,4.7223497717254466],[-74.248534239352637,4.7223504830629537],[-74.248532060108261,4.7223513879042143],[-74.248529967439623,4.7223524808192527],[-74.248526778089698,4.7223546456048497],[-74.248445926314503,4.7224183981613885],[-74.248434593114567,4.7224273345726422],[-74.248417013210428,4.7224126781658304],[-74.248415188510066,4.7224112840536012],[-74.248413254141184,4.7224100499306401],[-74.248411159547331,4.7224089566081027],[-74.248409106852975,4.7224081000630065],[-74.248408979106472,4.7224080560237214],[-74.248406730386222,4.7224073387277361],[-74.248404688060134,4.7224068795617038],[-74.24840460066082,4.7224068655478924],[-74.248404427222511,4.7224068270135362],[-74.248402088985173,4.7224065176467551],[-74.248400384119535,4.7224064434938917],[-74.248400127080288,4.7224064177655878],[-74.248399999501629,4.7224064267649615],[-74.248399731862079,4.7224064151240128],[-74.248397375638319,4.7224065176467791],[-74.248395849216692,4.722406719526429],[-74.248395553531026,4.7224067403841357],[-74.248395392188769,4.7224067799715073],[-74.248395036501634,4.7224068270135344],[-74.248392733337937,4.7224073387277645],[-74.248391418063832,4.7224077550735428],[-74.248391100695031,4.7224078329439578],[-74.248390910898124,4.7224079156151957],[-74.248390483234175,4.7224080509907589],[-74.248388304176828,4.7224089566081071],[-74.248387213124403,4.7224095262809778],[-74.248386897229949,4.722409663877416],[-74.248386693853277,4.7224097974088268],[-74.248386211454417,4.7224100492844672],[-74.248383065107134,4.7224121804800063],[-74.248366062118791,4.7224255507832869],[-74.248365557357388,4.7224257102686824],[-74.248363379014123,4.722426616013518],[-74.248361285443409,4.7224277080239858],[-74.248359296473396,4.7224289799652128],[-74.248357424720425,4.7224304209823682],[-74.248356730828348,4.7224310261326021],[-74.248352859068206,4.7224345173174251],[-74.248346344427119,4.7224293537499555],[-74.248345698280204,4.722428841872679],[-74.248345013516186,4.7224283288074478],[-74.248325064774647,4.7224135511390815],[-74.24815265034681,4.7222751680373669],[-74.247929815814487,4.7220982062225119],[-74.247683129134145,4.7219034489588045],[-74.24768405267136,4.7219020262620903],[-74.247685141892148,4.7218999271053645],[-74.247686044511852,4.7218977393726362],[-74.247686754225867,4.7218954829600923],[-74.247687264728299,4.7218931723382553],[-74.247687572418116,4.7218908255939551],[-74.247687675497303,4.7218884617180228],[-74.247687572167095,4.7218860969885412],[-74.247687264234813,4.7218837503952145],[-74.247686753507367,4.7218814391195449],[-74.247686044496319,4.7218791830550666],[-74.247685142613165,4.7218769957649798],[-74.247684052369394,4.7218748971428344],[-74.247682785485949,4.721872900750423],[-74.247681349177569,4.7218710228633514],[-74.24767975516535,4.7218692779477056],[-74.247678016071205,4.7218676786605442],[-74.247676884657409,4.7218667782513002],[-74.24759692201232,4.7218064590817708],[-74.247283878432086,4.7215572327117874],[-74.247180227242509,4.7214736551624723],[-74.246631672305924,4.7210313384490465],[-74.246329265594454,4.7207869452435816],[-74.245923310028019,4.7204588647011541],[-74.245923090957845,4.7204586884150377],[-74.245602191301529,4.7202048159213579],[-74.245598967553548,4.7202026246690103],[-74.245596875261739,4.7202015318721164],[-74.245594696485554,4.7202006262871059],[-74.24559244564837,4.7201999151448826],[-74.245590142580568,4.7201994020579239],[-74.245587804409425,4.7201990933522522],[-74.245585447359574,4.7201989908324435],[-74.245583090358906,4.7201990926853723],[-74.245580752336593,4.7201994025235869],[-74.245578448614225,4.7201999149176377],[-74.245576199020604,4.7202006262454761],[-74.245574019778871,4.7202015319816466],[-74.245571927111612,4.7202026248878282],[-74.245569938142239,4.7202038959167867],[-74.245568066388969,4.7202053369264947],[-74.245566327171929,4.7202069361573731],[-74.24556473310696,4.7202086809460519],[-74.245563296809877,4.72021055862918],[-74.245562019182856,4.720212572823856],[-74.245557820662327,4.7202198950866752],[-74.245169401312211,4.7199098081923836],[-74.244722067671873,4.7195513197204271],[-74.244713356282276,4.7195443378778732],[-74.244710000917834,4.7195420399449333],[-74.244707907727985,4.7195409471454708],[-74.244705728954955,4.7195400415575577],[-74.244703479022007,4.7195393304121049],[-74.244701175957232,4.7195388182264049],[-74.244698836886982,4.7195385086135175],[-74.244696479839419,4.7195384060906163],[-74.244694122840954,4.7195385088447539],[-74.244693117870639,4.7195386420194811],[-74.244692638964068,4.7195386453594805],[-74.244691797388498,4.7195386084201107],[-74.244690637327906,4.7195386593193689],[-74.244690095835722,4.7195386630958485],[-74.244689832412007,4.7195386946361459],[-74.244689440265404,4.7195387118421621],[-74.244687098144041,4.7195390217912623],[-74.244684797965036,4.7195395329231422],[-74.244683429200123,4.7195399663745361],[-74.24468309270668,4.7195400530230556],[-74.244682915668292,4.7195401289963259],[-74.244682548760579,4.7195402451862583],[-74.244680368803927,4.7195411508035487],[-74.244679605670527,4.7195415494308648],[-74.244679294635475,4.7195416829067094],[-74.244424111756828,4.7193389929910312],[-74.243123891106848,4.7183062498550639],[-74.242723048932817,4.7179851283326402],[-74.242719049807533,4.7179819244298002],[-74.242732740420976,4.7179670091939947],[-74.242733563127274,4.7179660703303226],[-74.242734999427782,4.7179641926527864],[-74.242736266247178,4.7179621956474094],[-74.242737356378711,4.7179600964977073],[-74.242738259009684,4.7179579096750812],[-74.242738967834967,4.7179556532671789],[-74.242739479252606,4.7179533417436668],[-74.242739786958111,4.7179509959050137],[-74.242739890053699,4.7179486311247745],[-74.242739786741495,4.7179462672978962],[-74.242739478827971,4.7179439207014831],[-74.242738968120094,4.7179416094212181],[-74.242738258227988,4.7179393533508911],[-74.242737356365566,4.7179371660534155],[-74.242736266142785,4.7179350665182689],[-74.2427349992807,4.7179330701158166],[-74.242733562993735,4.7179311922175593],[-74.242731969904312,4.7179294481936465],[-74.242730229929904,4.7179278488934049],[-74.242729580836084,4.7179273191254838],[-74.242611183257097,4.7178337563145014],[-74.242560495471423,4.7177928739155739],[-74.242560076267608,4.7177925421355527],[-74.242455482192085,4.7177115440362174],[-74.242455457442418,4.7177113778681345],[-74.242455438867353,4.717710949500816],[-74.242455130399875,4.7177086031696103],[-74.24245486520303,4.717707401598739],[-74.242454817385664,4.7177070805549972],[-74.242454745583132,4.7177068596171194],[-74.242454620484281,4.7177062928112239],[-74.242453910919181,4.7177040355128952],[-74.242453520171807,4.7177030890013354],[-74.242453422606999,4.7177027887924945],[-74.242453295929963,4.717702545817879],[-74.242453007999842,4.717701848361723],[-74.242451918920878,4.7176997493440354],[-74.242451467914236,4.7176990395683474],[-74.242451336371474,4.7176987872610274],[-74.242451155190437,4.7176985474164894],[-74.242450650876762,4.7176977537484266],[-74.242449215558779,4.7176958759639644],[-74.242448762344139,4.71769537980515],[-74.242448616288115,4.7176951864585153],[-74.242448391929656,4.7176949742921686],[-74.242447621060819,4.7176941303798925],[-74.242445882671277,4.717692531385266],[-74.242445338025206,4.7176920860189648],[-74.241428112504224,4.716879782104983],[-74.241428447264965,4.7168773148362808],[-74.241428550687019,4.7168749496193332],[-74.241428447264965,4.7168725853016831],[-74.241428297949412,4.7168714302656047],[-74.241428288583492,4.7168713747755024],[-74.241428139696822,4.716870238970408],[-74.241427628881908,4.716867928612106],[-74.241427450506293,4.716867345845027],[-74.241427395148989,4.7168671850511252],[-74.241426919316822,4.7168656713137374],[-74.241426013514001,4.7168634864886938],[-74.241425991629384,4.7168634373475289],[-74.241424927318505,4.7168613851448749],[-74.241424103452161,4.7168600876577944],[-74.241423943015405,4.7168598028992594],[-74.241423838315953,4.71685967010119],[-74.241423660173709,4.7168593895492661],[-74.241422223956405,4.7168575117648386],[-74.241421586016429,4.7168568133430471],[-74.241421359987172,4.7168565266533413],[-74.241421123376341,4.7168563068408957],[-74.241420630357752,4.716855767080081],[-74.241418891068889,4.7168541680854279],[-74.241418303611752,4.7168536870147539],[-74.241363642078753,4.7168102317917517],[-74.241364649418216,4.71680910441634],[-74.24136523032108,4.7168084321635266],[-74.241366666538411,4.716806554379092],[-74.241367068206671,4.7168059218013605],[-74.241367246515097,4.7168056871455697],[-74.24136740459339,4.7168053920340505],[-74.241367933683108,4.716804558783414],[-74.241369022762171,4.7168024588664403],[-74.241369181013027,4.7168020756913123],[-74.24136927335077,4.7168019033088306],[-74.241369383935506,4.7168015843521349],[-74.241369925681511,4.7168002726145701],[-74.241370635246568,4.7167980153162521],[-74.241370676063326,4.7167978468994933],[-74.24137070866486,4.7167976832536089],[-74.24137114606151,4.7167957049578657],[-74.241371424615963,4.7167936205724947],[-74.241371431509833,4.7167935273711485],[-74.24137145362964,4.716793358626675],[-74.24137155615233,4.7167909943090667],[-74.241371499457514,4.7167896863497374],[-74.241371505771212,4.7167893294428911],[-74.241371474343865,4.7167891069732804],[-74.241371453629625,4.716788629092],[-74.24137114606151,4.7167862827608031],[-74.241370950304685,4.7167853973748306],[-74.241370905350635,4.7167850791513652],[-74.24137081497031,4.7167847852725737],[-74.241370635246582,4.7167839724024549],[-74.241369925681525,4.7167817151041209],[-74.241369710598491,4.7167811943204923],[-74.241369643549646,4.7167809763058219],[-74.241369498761088,4.716780681395476],[-74.241369022762171,4.7167795288522321],[-74.241367933683108,4.7167774289352504],[-74.241367747439853,4.7167771259442111],[-74.24136762884568,4.7167769488541884],[-74.241366666538397,4.7167754333396195],[-74.241365276980332,4.7167736159349971],[-74.241365227342953,4.7167735584763015],[-74.241362281532787,4.7167705412004857],[-74.241245190859871,4.7166681701897524],[-74.241244806564865,4.7166678422607893],[-74.241244632263133,4.7166676962337917],[-74.241244461474523,4.7166675560140163],[-74.240730331398737,4.7162490800418864],[-74.240726815090383,4.7162466535602494],[-74.240726606908495,4.7162465448619368],[-74.24072650634885,4.7162464764094105],[-74.240726273291301,4.7162463706699009],[-74.240724722367958,4.7162455608839942],[-74.240722543310696,4.7162446552667268],[-74.240722291033805,4.7162445697639424],[-74.240722093622381,4.7162445129193413],[-74.24072029320692,4.7162439430036294],[-74.240717990942443,4.7162434312893904],[-74.240717813782226,4.7162434044293891],[-74.240717675965129,4.7162433896314724],[-74.240715651805829,4.7162431219225995],[-74.240713294314958,4.716243022979909],[-74.240713202892252,4.7162430212280002],[-74.240710938459017,4.716243121922556],[-74.240708596735473,4.7162434318713666],[-74.240706296158578,4.7162439430036232],[-74.240704720149381,4.7162444420837302],[-74.24070444474944,4.7162445138576503],[-74.240704318790819,4.7162445691833108],[-74.240704046954178,4.716244655266693],[-74.240701866997526,4.7162455608839853],[-74.240700841762788,4.7162460964214956],[-74.240700518774162,4.7162462382899166],[-74.240700299714035,4.7162463795639109],[-74.240699775174434,4.7162466535602405],[-74.240697784974742,4.716247925201646],[-74.24069717541586,4.7162483944536131],[-74.240696915168485,4.7162485622896249],[-74.240696661552533,4.7162487900370396],[-74.240695913485567,4.7162493659155489],[-74.240693724644615,4.7162514272235878],[-74.240653748348493,4.716293497535708],[-74.240653520254796,4.7162935483795581],[-74.240651270668053,4.7162942596912192],[-74.240649091431408,4.7162951654118457],[-74.240646998767389,4.7162962583031556],[-74.240643910350855,4.7162983443546382],[-74.240637238021151,4.7163035547153882],[-74.24057347433191,4.7162560877780599],[-74.240468722778715,4.7161715965618169],[-74.240469883391157,4.7161702624485642],[-74.240470229412452,4.7161698572389827],[-74.240471665715475,4.716167978661634],[-74.240472932538594,4.7161659825644637],[-74.240474021773096,4.7161638834182451],[-74.240474925310451,4.7161616965981148],[-74.240475634141532,4.7161594401921594],[-74.240476145565609,4.7161571286699857],[-74.240476452376768,4.7161547828322519],[-74.240476556381353,4.7161524180517018],[-74.240476453077235,4.7161500542241122],[-74.240476145172309,4.7161477076263001],[-74.240475634473384,4.7161453963439337],[-74.240474924590288,4.7161431393665598],[-74.240474021836249,4.7161409529701981],[-74.240472932524455,4.7161388534308841],[-74.240471665672132,4.7161368570238382],[-74.24047022939493,4.7161349791204277],[-74.240468636315256,4.7161332350909486],[-74.240466896350441,4.7161316357845244],[-74.240466282418851,4.7161311340396042],[-74.240452698471373,4.7161203624388488],[-74.240293254797592,4.7159939156636437],[-74.239818764494444,4.7156212859543425],[-74.239695411497792,4.7155212010224457],[-74.239691928154471,4.7155188009072644],[-74.239689835885571,4.7155177080915704],[-74.23968765622989,4.7155168024873353],[-74.239685406314578,4.7155160913249343],[-74.239683103266032,4.7155155782176195],[-74.239680765112524,4.7155152694913589],[-74.239678408078689,4.7155151669508673],[-74.239676051092232,4.7155152687832107],[-74.239673712180803,4.7155155786013463],[-74.239671409370104,4.715516090975294],[-74.239669158883373,4.715516802283954],[-74.239667314914797,4.7155175686603616],[-74.239666369252404,4.7155169033129978],[-74.239598733195137,4.7154692378341183],[-74.239599639437444,4.7154670464928197],[-74.239600348270713,4.7154647900876778],[-74.239600859697276,4.7154624785659811],[-74.239601166511179,4.7154601327285333],[-74.239601270518705,4.7154577679479219],[-74.239601167217728,4.7154554041200401],[-74.239600859316084,4.7154530575216969],[-74.239600348620627,4.7154507462385533],[-74.239599638741367,4.7154484901644143],[-74.239598735990768,4.7154463028624063],[-74.23959764668291,4.7154442042258387],[-74.239596379834154,4.7154422069127602],[-74.239594943560959,4.7154403299116794],[-74.239593350484839,4.7154385849756739],[-74.239591610523675,4.715436985666968],[-74.23959123278901,4.7154366737700384],[-74.239569255736455,4.7154188423951773],[-74.239565772393902,4.7154164413749804],[-74.239563679224304,4.7154153494633935],[-74.23956150047043,4.7154144438585588],[-74.239559250555388,4.7154137317914468],[-74.239556947507452,4.7154132195879628],[-74.239554609354144,4.7154129099569406],[-74.239552252320635,4.7154128074160422],[-74.239549894433338,4.7154129101524784],[-74.239547556423361,4.7154132190656579],[-74.239545253613059,4.7154137323434568],[-74.239543003126499,4.7154144436517393],[-74.239540823891048,4.7154153493688495],[-74.239538731227569,4.715416441352545],[-74.239536742260142,4.7154177132685762],[-74.239534870506361,4.7154191542622126],[-74.239532333792141,4.715421588337338],[-74.239528552717687,4.7154257200822283],[-74.239336296996711,4.7152806055606913],[-74.239335700495303,4.7152801412415508],[-74.239284545873431,4.7152392243849972],[-74.239291006099847,4.7152322750740723],[-74.239291945052017,4.7152312113932915],[-74.239293381356461,4.7152293328182919],[-74.239294648181399,4.7152273367231352],[-74.239295737418175,4.7152252375786521],[-74.239296640056835,4.7152230507601116],[-74.239297349792238,4.7152207943549813],[-74.23929786031826,4.7152184828337367],[-74.23929816803448,4.7152161369961263],[-74.239298271141692,4.7152137722157619],[-74.23929816784181,4.7152114083877414],[-74.23929786084264,4.7152090617890279],[-74.239297350148377,4.7152067505055708],[-74.239296640270311,4.7152044944310534],[-74.239295737521005,4.7152023071286226],[-74.239294648214283,4.7152002075872153],[-74.239293381367006,4.7151982111778095],[-74.239291945094919,4.7151963332717974],[-74.239290351118967,4.7151945892395659],[-74.239288612060463,4.7151929899297897],[-74.239288021569848,4.7151925071687009],[-74.239229971693561,4.7151463722152922],[-74.23922670201118,4.7151441429614698],[-74.239224608842747,4.715143050144504],[-74.239222430090138,4.7151421445385102],[-74.239220180176474,4.7151414333745727],[-74.239217877129633,4.7151409211699944],[-74.239215538977362,4.715140611537783],[-74.239213181043453,4.7151405089958729],[-74.239210824058333,4.7151406117308881],[-74.239208486049094,4.7151409206429467],[-74.239206183239403,4.7151414339196034],[-74.239203932753313,4.7151421452267703],[-74.239201753518188,4.7151430509427978],[-74.23919966085495,4.715144142925455],[-74.239197671887624,4.7151454148404994],[-74.239197396126201,4.7151456274162422],[-74.238691189475347,4.7147447727839387],[-74.238691304282213,4.7147423220918805],[-74.238691201885857,4.7147399582635288],[-74.238690893987666,4.7147376116645701],[-74.238690383295776,4.7147353003805881],[-74.238689673420183,4.7147330443053672],[-74.23868877067342,4.7147308570020314],[-74.238687681369456,4.7147287583637709],[-74.238686414524764,4.7147267619531892],[-74.238684978255307,4.7147248840458351],[-74.238683384281714,4.7147231391077637],[-74.238681645225753,4.7147215397964102],[-74.238680487691411,4.7147206194828337],[-74.238678730672433,4.7147192968928353],[-74.238556660707289,4.7146274885473325],[-74.238543133520025,4.7146163587889456],[-74.238500707466372,4.714581447090727],[-74.238223348408937,4.7143532304574105],[-74.238145709361476,4.7142893493430309],[-74.238006998372143,4.7141752138435926],[-74.238006569254793,4.7141748684983478],[-74.237753631672504,4.7139752374225381],[-74.237562634108727,4.7138258586633706],[-74.237303411049325,4.713619285609516],[-74.237243374489736,4.7135714445130867],[-74.237239851412724,4.7135686383611697],[-74.23722752244575,4.713558815924646],[-74.237068298855974,4.7134319333391126],[-74.236292053191903,4.7128235845852284],[-74.23626416536888,4.7128019807854864],[-74.236288383189461,4.7127849688989434],[-74.236290254042032,4.7127835279141195],[-74.236291993263194,4.7127819287060611],[-74.236293587335794,4.7127801839380519],[-74.236295023643819,4.7127783062733393],[-74.236296290473348,4.7127763101834272],[-74.236297379715666,4.7127742110433033],[-74.236298282360934,4.7127720242282409],[-74.236298992103883,4.7127697678258302],[-74.236299502638431,4.7127674563063309],[-74.236299810363747,4.7127651095652308],[-74.236299913481218,4.7127627456891306],[-74.236299810191895,4.7127603809558831],[-74.236299503204307,4.7127580352595251],[-74.236298992521924,4.7127557239733679],[-74.236298282655966,4.7127534669909092],[-74.236297379919563,4.7127512805883063],[-74.236296290625717,4.7127491810415538],[-74.23629502379174,4.7127471855304135],[-74.236288758931366,4.7127382094479078],[-74.236288444955733,4.7127367893714149],[-74.236287735390633,4.7127345320730951],[-74.236286832471293,4.7127323458211912],[-74.23628574339233,4.712730246803531],[-74.236284476247505,4.7127282503085191],[-74.236283040030216,4.71272637252412],[-74.236281414955272,4.7127246584162972],[-74.236280180186085,4.7127234506268456],[-74.236279709840687,4.7127230261467341],[-74.236232829081743,4.7126816402455569],[-74.236232348843757,4.7126812265574598],[-74.236230477354582,4.7126797858435072],[-74.236228488054209,4.7126785142021497],[-74.236226395331784,4.7126774215258234],[-74.236224216274536,4.7126765159085302],[-74.236221966170774,4.7126758045448094],[-74.236219663906311,4.7126752919312604],[-74.236217324769669,4.7126749825645078],[-74.236214967646617,4.712674880041738],[-74.236212611422829,4.7126749825644962],[-74.236210272286186,4.7126752919312587],[-74.236207969122432,4.7126758045448325],[-74.236205719918004,4.7126765159085613],[-74.236203539961352,4.712677421525866],[-74.23620144813826,4.7126785142021603],[-74.236199405777924,4.7126798236150131],[-74.236189167706215,4.7126870524954985],[-74.236188237357297,4.7126861973810428],[-74.23618636585114,4.7126847563465439],[-74.236184376307989,4.7126834844439571],[-74.236182283151678,4.7126823925216801],[-74.236180104410437,4.7126814869056979],[-74.236177854507375,4.7126807748271968],[-74.236175551470609,4.7126802626121274],[-74.236173213327575,4.7126799529693342],[-74.236170856303389,4.7126798504166301],[-74.236168498424391,4.7126799531412127],[-74.236166160421632,4.7126802620428325],[-74.236163857617399,4.7126807753093027],[-74.236161607135756,4.7126814866064297],[-74.236159427903914,4.7126823923129129],[-74.236157335243078,4.712683485190623],[-74.23615667915746,4.7126838778086677],[-74.23613243113185,4.7126988568204915],[-74.236023285240861,4.7126110230885487],[-74.235758832424793,4.712398206996343],[-74.235801863165406,4.7123644070917683],[-74.23580299721047,4.7123635212595074],[-74.235803722963382,4.7123629510893856],[-74.23580546225223,4.7123613520947787],[-74.235807055850884,4.7123596074099954],[-74.235808492068188,4.7123577296255892],[-74.235809759212984,4.712355734029984],[-74.235810849191296,4.7123536341129695],[-74.235811751211287,4.7123514478610851],[-74.235812460776387,4.7123491905627679],[-74.235812971591301,4.7123468802044313],[-74.235813279159444,4.7123445338732513],[-74.235813382581497,4.7123421686562583],[-74.235813279159444,4.7123398043386313],[-74.235812971591315,4.712337458007358],[-74.235812460776373,4.7123351476490019],[-74.235811751211301,4.7123328903506412],[-74.235810849191267,4.7123307040987843],[-74.235809759212984,4.7123286041818027],[-74.235808492068202,4.7123266085862143],[-74.23580705585087,4.7123247308017797],[-74.235805432574622,4.7123230157946185],[-74.235804250865428,4.7123218574677894],[-74.235803725661356,4.7123213835251221],[-74.23565612802787,4.7121903792826405],[-74.235655592931224,4.7121899170310879],[-74.235653721442077,4.712188476317233],[-74.235651732141633,4.7121872046758266],[-74.235649639419293,4.7121861119995696],[-74.235647460361946,4.7121852054829247],[-74.235645210258213,4.712184494119203],[-74.235642907094444,4.7121839815056097],[-74.235640568857136,4.7121836730381697],[-74.23563821173407,4.7121835696161192],[-74.235635855510253,4.7121836730381137],[-74.235633516373596,4.712183981505591],[-74.235631213209885,4.7121844941191542],[-74.235628964005443,4.7121852054829372],[-74.23562678404879,4.7121861119995545],[-74.235624692225699,4.7121872046758497],[-74.235622723609765,4.7121884610287283],[-74.235556031439117,4.7122352674166015],[-74.23527499084075,4.7120100974219525],[-74.232625318403336,4.7098990819968574],[-74.232595732116678,4.7098748794468284],[-74.232588952846214,4.7098693321432394],[-74.232588472349562,4.7098689488250356],[-74.232476807319287,4.7097817629125336],[-74.232466551090383,4.709743530839348],[-74.232465898182596,4.7097414399155424],[-74.232461465424251,4.7097290157815062],[-74.232459696457795,4.7097250992340296],[-74.232453367029208,4.7097136139921645],[-74.232453120614977,4.7097131760223281],[-74.232450955047497,4.7097099672412677],[-74.232442868343625,4.7096996538160507],[-74.232442329649757,4.7096989883177045],[-74.232439905077499,4.7096964450349752],[-74.232430271539755,4.7096875687263617],[-74.232429363224455,4.7096867692290605],[-74.232428606894629,4.7096861549920872],[-74.232180276198733,4.7094919266111797],[-74.232028943680746,4.7093735659373639],[-74.230594749847782,4.7082518334554138],[-74.230572564472226,4.7081660111525201],[-74.230571949335967,4.7081639678928777],[-74.230567780078957,4.7081518540248863],[-74.230567630791469,4.7081514295449383],[-74.230566076763012,4.7081479356787446],[-74.230560062996432,4.708136628502678],[-74.230559624127295,4.7081358361999763],[-74.230557767926584,4.7081330285165137],[-74.230550059837356,4.7081228113187485],[-74.23054921267601,4.7081217447228001],[-74.230547232368835,4.708119618725485],[-74.230538019713805,4.7081107397188999],[-74.230536668032769,4.7081095220368985],[-74.230536427014442,4.7081093205887852],[-74.229277252942822,4.7070739940696393],[-74.229276047851272,4.7070730587747223],[-74.229268668014555,4.7070676583458253],[-74.229266183187718,4.7070660413648104],[-74.229258174724919,4.707061465614216],[-74.229256828439816,4.7070607461565572],[-74.229137492385135,4.7070012484789014],[-74.229119357167932,4.7069771028964009],[-74.229118475425039,4.7069759916974165],[-74.22911549947149,4.7069729538802889],[-74.229022312136138,4.7068916970334378],[-74.229021956044079,4.7068913914558497],[-74.229020084567921,4.7068899504008144],[-74.229018095053917,4.7068886784766004],[-74.229016002827024,4.7068875865313666],[-74.229013823211261,4.7068866808920911],[-74.229011573333523,4.7068859687894111],[-74.229009270320404,4.7068854565497],[-74.229006932199198,4.7068851468819988],[-74.229004575194807,4.7068850443043528],[-74.229002217333459,4.7068851470040798],[-74.228999879346219,4.7068854567853746],[-74.228999526939447,4.7068855210677691],[-74.2289573751994,4.7068935586635732],[-74.228933173439273,4.706872227753272],[-74.22893270826539,4.7068718263429972],[-74.228930836789687,4.7068703861920786],[-74.228928847275895,4.7068691142674997],[-74.228926755049017,4.706868021417745],[-74.22892457543341,4.7068671157781772],[-74.228922325556013,4.7068664045795039],[-74.228920022542866,4.7068658914351946],[-74.228917684421901,4.7068655826715169],[-74.228915327417596,4.7068654800935139],[-74.228912969556291,4.7068655827929584],[-74.228910631568851,4.7068658916696959],[-74.228908328777521,4.7068664049116924],[-74.228906078306224,4.7068671161851565],[-74.228903899082113,4.7068680218687469],[-74.228901806426094,4.7068691138203391],[-74.228899817462093,4.7068703857061056],[-74.228897945707701,4.7068718266714562],[-74.228895029616481,4.7068746858145492],[-74.228891563034594,4.7068786374406182],[-74.228856371124593,4.7068610894677541],[-74.227915366401007,4.7061135738824129],[-74.227913575850764,4.7061122671674571],[-74.227902534874019,4.7061048855320928],[-74.227901059985854,4.7061039664249558],[-74.227898667789219,4.7061027352531202],[-74.227886575504982,4.7060972574825364],[-74.227884695921929,4.7060964894615012],[-74.227882408945973,4.7060957682051576],[-74.227869588210851,4.7060923408889233],[-74.227867322818653,4.70609183906718],[-74.22786523549216,4.7060915530827785],[-74.227852030746575,4.7060902688508355],[-74.227849820213024,4.7060901456437705],[-74.22781691512165,4.7060896589051096],[-74.227445979655769,4.7057932379063283],[-74.22727806108243,4.7056590516386194],[-74.227168087412778,4.7055719409539929],[-74.227089413237167,4.7055096240991974],[-74.227069875410336,4.7054941483988726],[-74.22705553102422,4.7054827879800776],[-74.227054449245429,4.7054819309309925],[-74.227054807874751,4.7054814624237951],[-74.227066784728223,4.7054644842316327],[-74.227068130865078,4.7054623760067793],[-74.227069220124889,4.7054602768801592],[-74.227070123691831,4.705458089171489],[-74.227070832556848,4.7054558327774636],[-74.2270713431177,4.7054535221676757],[-74.227071650871636,4.7054511754293316],[-74.227071754020059,4.7054488115530839],[-74.227071651665099,4.7054464468166941],[-74.227071342909397,4.7054441002107739],[-74.227071053302282,4.7054427872216769],[-74.227165864730026,4.7053229274024311],[-74.227168102928161,4.7053196271111721],[-74.227169191286109,4.7053175279846133],[-74.227170094852738,4.7053153411801185],[-74.227170804618666,4.7053130847858302],[-74.22717131427757,4.7053107732718935],[-74.227171622932644,4.7053084274375934],[-74.227171725179218,4.7053060626571872],[-74.227171622824102,4.70530369882517],[-74.227171314068201,4.7053013522192382],[-74.227170804323308,4.7052990409244737],[-74.227170094495023,4.7052967848353253],[-74.227169191796918,4.7052945975149001],[-74.227168102542308,4.70529249795214],[-74.227166835747767,4.7052905015183546],[-74.227165399528587,4.7052886235849334],[-74.227163805605301,4.7052868795226832],[-74.227162066598837,4.7052852801804121],[-74.22716027445972,4.7052838951699165],[-74.227075811617425,4.705224105281121],[-74.227073742782835,4.7052227782053659],[-74.227071650563644,4.7052216853497377],[-74.227069470955499,4.7052207797040637],[-74.227067221085093,4.705220068499127],[-74.227064918078725,4.7052195562527475],[-74.227062579963757,4.705219246578312],[-74.227060222965051,4.7052191439938094],[-74.227057865108804,4.7052192466868519],[-74.227055527126026,4.7052195564614721],[-74.22705322433832,4.7052200687929453],[-74.227050973870178,4.7052207800603556],[-74.227048794648525,4.7052216857380671],[-74.227046701994453,4.7052227785883849],[-74.227044713031304,4.7052240495646132],[-74.227042841277282,4.7052254905250006],[-74.227041102052411,4.7052270897103581],[-74.227039489049986,4.7052288588779945],[-74.226955006536755,4.7053303391708354],[-74.226846802426053,4.7052481972096132],[-74.2268440079078,4.7052463367486945],[-74.226841914787542,4.7052452438925565],[-74.226839736080919,4.705244338245965],[-74.226837486210655,4.7052436270402458],[-74.226835182303034,4.7052431147933556],[-74.226832844188039,4.7052428051181252],[-74.226830487189247,4.7052427025328729],[-74.226828130234225,4.705242805224926],[-74.226825792251233,4.7052431149987859],[-74.226823488561919,4.7052436273296694],[-74.226821238994745,4.7052443385961595],[-74.226819059772737,4.7052452442731969],[-74.226816967118239,4.7052463371228175],[-74.226814977253454,4.7052476090028881],[-74.226813106399987,4.7052490490581871],[-74.22681136717452,4.7052506482430045],[-74.226809773094161,4.705252392989796],[-74.226809029695517,4.7052533236794751],[-74.22680303842489,4.7052611625784806],[-74.226707464381846,4.7051818872467361],[-74.226709800562631,4.7051815801866139],[-74.226712104251831,4.7051810678560377],[-74.226714353818906,4.7051803565899402],[-74.2267165330409,4.7051794509132465],[-74.226718625695369,4.7051783580639039],[-74.22672061556014,4.7051770861841451],[-74.226722486413621,4.7051756461290424],[-74.226724225639089,4.7051740469445242],[-74.226725819719519,4.7051723021978313],[-74.226727255137646,4.7051704245523407],[-74.226728522883022,4.7051684275744448],[-74.226729612143444,4.7051663284482945],[-74.226730514809987,4.7051641416445635],[-74.226731224577136,4.7051618852506198],[-74.226731734237475,4.7051595737369487],[-74.226731931351509,4.7051582723993643],[-74.226733419640439,4.7051464844604212],[-74.226733633430868,4.7051430751834795],[-74.226733531077102,4.7051407104469956],[-74.226733223224258,4.7051383647449567],[-74.226732712579633,4.7051360534500111],[-74.226732003654078,4.7051337964558213],[-74.22673110005617,4.7051316091349662],[-74.226730011704646,4.7051295104755155],[-74.226728743108978,4.7051275140412869],[-74.226727307792615,4.7051256361068052],[-74.226725714771902,4.705123891138939],[-74.226723974865735,4.7051222927000271],[-74.226722103398913,4.7051208516384353],[-74.226720113894189,4.7051195806115507],[-74.226718021675836,4.7051184877548318],[-74.226715842969767,4.7051175821078211],[-74.226713592198692,4.7051168709019002],[-74.226711289192721,4.7051163577500752],[-74.226709709112967,4.7051161265865584],[-74.226672454441626,4.7051117920953685],[-74.226670316453252,4.7051116279699015],[-74.226669621522859,4.7051116027982758],[-74.226668645379462,4.705111585825601],[-74.22666558089665,4.7051117610130806],[-74.226664889593721,4.705111839835765],[-74.226663258237949,4.7051120771132604],[-74.226660946439864,4.7051126030099466],[-74.22663390019504,4.7050911794803749],[-74.226672982048683,4.7050371162567117],[-74.226674510200198,4.7050347529794276],[-74.226675599460592,4.7050326538533822],[-74.226676503028244,4.7050304661451383],[-74.226677211894184,4.7050282097515055],[-74.226677722456088,4.7050258991419724],[-74.226678030211204,4.7050235524037323],[-74.226678133360906,4.7050211885274535],[-74.226678031007381,4.7050188237909341],[-74.226677722253257,4.7050164771847713],[-74.226677212510239,4.7050141658895495],[-74.22667650268383,4.7050119097998273],[-74.226675599987658,4.7050097224786667],[-74.226674510735151,4.7050076238193865],[-74.226673242139867,4.7050056273849856],[-74.226671806823887,4.7050037494503121],[-74.226670213803629,4.7050020044823224],[-74.226668474799183,4.7050004060430997],[-74.226666969328349,4.7049992271514656],[-74.226652553037653,4.7049887366808214],[-74.226650197537765,4.7049872025792627],[-74.226648104418587,4.7049861097224719],[-74.226645925712987,4.7049852040752258],[-74.226643675843761,4.704984492868892],[-74.226641372838415,4.7049839806211091],[-74.226639033823048,4.7049836709453681],[-74.226636676825166,4.7049835683594914],[-74.226634319870939,4.7049836710508357],[-74.226631981888701,4.7049839808239957],[-74.226629678200069,4.7049844931542557],[-74.22662742863352,4.704985204420109],[-74.226625249412024,4.7049861100965362],[-74.226623156757938,4.7049872029455262],[-74.226621166893324,4.704988473920733],[-74.226619296040312,4.70498991487983],[-74.226617556815029,4.7049915140641536],[-74.226615962734741,4.7049932588105365],[-74.22661481655696,4.7049947303608173],[-74.226580308464435,4.7050422852208307],[-74.226501436036102,4.7050347466334879],[-74.226480465023201,4.7050272878891599],[-74.226415010286658,4.7049754445019873],[-74.225633041760588,4.7043633802882594],[-74.224847414814732,4.7037323354498293],[-74.224818537708771,4.7037091397941735],[-74.224818324058361,4.703708969829929],[-74.224776587489316,4.7036761324749596],[-74.224910461216083,4.7035881550219205],[-74.224913027795068,4.7035862436812677],[-74.224914767020962,4.7035846445011211],[-74.224916360201192,4.7035828997587217],[-74.224917795621167,4.7035810221168202],[-74.224919063369086,4.7035790251420098],[-74.224920152632691,4.7035769260185196],[-74.224921055303042,4.7035747392168918],[-74.224921764173374,4.7035724828247893],[-74.224922274739981,4.7035701713119922],[-74.224922583402062,4.7035678254783759],[-74.224922686557463,4.7035654606977824],[-74.224922583309038,4.703563096865226],[-74.224922275462916,4.7035607502577808],[-74.224921763924172,4.7035584389612781],[-74.224921055907643,4.7035561828691046],[-74.224920152317551,4.7035539955455103],[-74.224919063973758,4.7035518959786433],[-74.224917795386119,4.7035498995407163],[-74.224916360078069,4.7035480225064568],[-74.224914767065428,4.7035462775341212],[-74.224913027167048,4.7035446781860735],[-74.224912609780219,4.7035443346383472],[-74.22480164833658,4.7034546464935056],[-74.224798203866982,4.7034522779417074],[-74.224796111656516,4.7034511850789258],[-74.224793932957979,4.7034502794256188],[-74.22479168309539,4.7034495682130357],[-74.224789379194789,4.703449055054759],[-74.224787041086699,4.7034487462767389],[-74.224784684094061,4.7034486436843759],[-74.224782327144538,4.7034487463693004],[-74.22477998916618,4.7034490552318653],[-74.224777685481016,4.7034495675559089],[-74.224775435917451,4.7034502797199842],[-74.224773256697887,4.7034511844862772],[-74.224771164946603,4.7034522773295331],[-74.224770664772251,4.703452574047513],[-74.224616494376988,4.7035463650195792],[-74.224609292379355,4.703544502767298],[-74.224385586573405,4.7033684925607098],[-74.224355188807081,4.703344574665266],[-74.224348915436551,4.7033396375758265],[-74.224348737845929,4.7033394983502239],[-74.224344358468329,4.703336014080274],[-74.224251315186862,4.7032619972971261],[-74.223841495697513,4.7029359837275688],[-74.223024745476195,4.7022872098127158],[-74.222832935168668,4.7021348409079087],[-74.222790329698029,4.7021009953071466],[-74.222765405742905,4.7020811953083443],[-74.222588743910265,4.7019408576718407],[-74.222107048922012,4.7015582113778178],[-74.221305840019326,4.7009192230154948],[-74.22125556762029,4.7008789737003456],[-74.221248619974588,4.7008734109408223],[-74.220778353777774,4.7004969169230577],[-74.220633586549994,4.7003810164896098],[-74.220633254809414,4.7003807543090419],[-74.219836479284538,4.699763025280137],[-74.219809436248042,4.6997420581432161],[-74.219795646544654,4.6997313666387752],[-74.219748154386863,4.6996930473334837],[-74.219332499290275,4.6993576770981367],[-74.219332231554418,4.6993574637364484],[-74.219048205081251,4.699134182355686],[-74.218965282027256,4.6990689951233646],[-74.218891243847693,4.6990109075920055],[-74.21864224592457,4.6988155538410696],[-74.218641214657666,4.6988147835813585],[-74.218582660946595,4.6987731883225878],[-74.218526535466722,4.6987319117874975],[-74.21852491737306,4.698730809765979],[-74.218515556866308,4.6987249192026725],[-74.218494263156302,4.6987115189842159],[-74.218397887991088,4.6986508758247627],[-74.21803100212145,4.6984200136739487],[-74.218030154777068,4.6984195020076944],[-74.218029223609136,4.6984189867410127],[-74.217701825631906,4.6982461991097377],[-74.217686702576188,4.6982382198426587],[-74.217665117269263,4.6982268272154455],[-74.217657997885809,4.698223068542803],[-74.217545465128666,4.6981636791632644],[-74.217463922159453,4.6981206451510973],[-74.217462502440185,4.6981199482162452],[-74.21741587288507,4.6980987335157502],[-74.217300775506288,4.6980463674494315],[-74.217249163909997,4.6980228866414535],[-74.217247230419787,4.6980220966656203],[-74.217006180901222,4.6979343820475314],[-74.216552454291403,4.6977705247267911],[-74.216550920144712,4.6977700231428949],[-74.21645503287256,4.6977417486623185],[-74.216454643645534,4.6977416165587949],[-74.21632585018655,4.6976965566049529],[-74.216322997440841,4.6976957317340489],[-74.215955206097505,4.6976110641580267],[-74.215955162784539,4.6976110547587302],[-74.215777042017152,4.6975691706181673],[-74.215775508809955,4.6975688580323354],[-74.215592419234326,4.6975372906282251],[-74.215591434061736,4.6975371398041963],[-74.215579754446253,4.6975355686245619],[-74.215518591046973,4.6975273443139143],[-74.21549354179686,4.6975239753056774],[-74.21530377915623,4.6974984598566882],[-74.215303207705276,4.697498388529457],[-74.215233361062261,4.6974905122586117],[-74.215203265318536,4.6974871189159915],[-74.215076239470235,4.6974727953645088],[-74.215010262284281,4.6974653559918842],[-74.215008587604899,4.6974652197719617],[-74.214964670354604,4.697463025540995],[-74.214940114550373,4.6974617987162794],[-74.214814035765016,4.6974554997415039],[-74.21478533836536,4.6974541190905086],[-74.214795825587032,4.6972900677793916],[-74.214795881129291,4.6972883315009213],[-74.214795777916336,4.6972859667610534],[-74.214795470107504,4.697283621051894],[-74.214794959508467,4.6972813097462911],[-74.214794249728357,4.6972790527382582],[-74.214793347980887,4.6972768663038549],[-74.21479225877593,4.6972747667197483],[-74.214790990228451,4.6972727702618569],[-74.21478955405874,4.6972708923010398],[-74.214787961085477,4.6972691482083428],[-74.214786222126762,4.6972675488333637],[-74.214784350705145,4.6972661086422978],[-74.214782360342241,4.6972648366755969],[-74.214780269066523,4.6972637437812725],[-74.214778088596788,4.6972628380958845],[-74.214775839664739,4.6972621268497532],[-74.214773536692405,4.6972616145615644],[-74.21476926255373,4.6972612048479325],[-74.214203479837593,4.6972523443632515],[-74.214203058019422,4.6972523417330452],[-74.214200701989355,4.6972524443814416],[-74.214198362223215,4.6972527532083932],[-74.214196059450984,4.6972532664013276],[-74.214193809895178,4.697253977626775],[-74.214191629778824,4.6972548832644367],[-74.214189538028251,4.6972559760760602],[-74.214187548161547,4.6972572470160694],[-74.214185676400774,4.6972586879424174],[-74.214183938066185,4.6972602870961682],[-74.21418234487237,4.6972620318147129],[-74.214180908534118,4.6972639094355086],[-74.21417964076592,4.6972659063916904],[-74.21417855147871,4.6972680045951991],[-74.214177649683492,4.6972701922881965],[-74.214176939882719,4.6972724486707946],[-74.214176429284421,4.6972747601770832],[-74.214176124186992,4.6972770716430547],[-74.214176018284789,4.6972794011561003],[-74.214175725564445,4.697414726087878],[-74.214175670140548,4.6974170781986997],[-74.214175718379877,4.6974194890690821],[-74.214175599883632,4.6974450908999943],[-74.214175598243159,4.6974459237661437],[-74.214174853755452,4.6974459374766511],[-74.214173444103224,4.6974460010543391],[-74.214158696007004,4.6974470502266392],[-74.214123917250788,4.6974495257966824],[-74.214112475811675,4.6974491048229154],[-74.214111484356124,4.6974490869310275],[-74.214110154915375,4.6974491197464765],[-74.214026398747905,4.6974532552628467],[-74.213587478987407,4.697474929552711],[-74.213587028332284,4.6974749549611792],[-74.213443077634011,4.6974844845814552],[-74.213413539948249,4.6974864391184727],[-74.213410625147432,4.6974867932702455],[-74.213408321472272,4.6974873055563799],[-74.213406071914861,4.6974880167793787],[-74.213403892698054,4.697488922414415],[-74.213401800945505,4.6974900152237939],[-74.213399810175488,4.6974912870660255],[-74.213397939313751,4.6974927279901539],[-74.213396200075238,4.6974943262378694],[-74.213394606878936,4.6974960709546911],[-74.213393170538239,4.6974979494782731],[-74.213392367706859,4.6974992147588699],[-74.213389489824408,4.6974993844248552],[-74.213374784040553,4.6975001912184524],[-74.21337314328818,4.697498384734681],[-74.213371405233318,4.6974967853559457],[-74.213369533813704,4.6974953442566578],[-74.213367543452733,4.697494073190172],[-74.213365452178422,4.697492980291651],[-74.213363271709653,4.6974920746017714],[-74.213361022778159,4.6974913633510811],[-74.213358719805996,4.6974908510582152],[-74.213356379918878,4.697490541337106],[-74.213354023848126,4.6974904387051835],[-74.213352243752041,4.6974904969275366],[-74.213246388658831,4.6974975060184141],[-74.213006828025712,4.6975133653056673],[-74.212162753362634,4.6975604044226928],[-74.212105568805868,4.6975635913860785],[-74.211972860721374,4.6975709861799038],[-74.211972533546103,4.6975710070420718],[-74.211939446507472,4.6975732542921564],[-74.211918354083579,4.6975746871618336],[-74.211865277822383,4.6975782938160702],[-74.211520148713376,4.6976017383523212],[-74.211502101788298,4.6976028532126648],[-74.211457504080272,4.6976056081589057],[-74.211420191658902,4.6976079140717131],[-74.21141501453566,4.6976082342859762],[-74.211375403773872,4.6976106817095182],[-74.211352314019919,4.6976121077111186],[-74.211305046631395,4.6976150304567357],[-74.211302878079792,4.6976151629015126],[-74.211270950999833,4.6976172236103562],[-74.210856965185627,4.6976439274840178],[-74.210667216680321,4.6976543876823147],[-74.210194972931262,4.6976804231532325],[-74.209805142081507,4.6977053710709056],[-74.209660900080095,4.6977146033559523],[-74.209657918547407,4.6977147938253303],[-74.209325230692741,4.6977360853852934],[-74.208888467643916,4.6977591308639566],[-74.208204823775631,4.6978014117670925],[-74.207328771766598,4.6978562723889246],[-74.207315236788148,4.6978571204352173],[-74.207282753599259,4.6978593637354589],[-74.206947966735356,4.6978824930102965],[-74.206916676877441,4.6978846546843842],[-74.206871188692006,4.6978877983551968],[-74.206487805896003,4.6979094090509479],[-74.206395227672445,4.6979146277399639],[-74.206094385992344,4.697931195918752],[-74.205522786570683,4.697962673293298],[-74.205522472914424,4.697962692341318],[-74.20474692796607,4.6980144548194147],[-74.204607887676048,4.6980206177062351],[-74.204585522752026,4.6979584389652747],[-74.204642840913422,4.6979310669190957],[-74.204728030000368,4.6979251408344167],[-74.204730854677464,4.6979247930654298],[-74.204733158361165,4.6979242808077037],[-74.204735407028238,4.6979235696125698],[-74.204737587159656,4.6979226640041256],[-74.204739678927695,4.6979215712203564],[-74.20474166881398,4.6979202994025142],[-74.204743540596525,4.6979188585009473],[-74.204745278954917,4.6979172593701053],[-74.204746873075521,4.6979155146722755],[-74.204748308539536,4.6979136370703349],[-74.204749577237664,4.6979116410346986],[-74.204750665652881,4.697909541941061],[-74.204751569281271,4.697907354259085],[-74.204752277310547,4.697905097885573],[-74.204752788841944,4.6979027872895021],[-74.204753095767003,4.6979004405585574],[-74.20475319899036,4.6978980766828649],[-74.204753134656201,4.69789619935466],[-74.204749393374456,4.6978420700680834],[-74.204749047654772,4.6978392360351107],[-74.204748536186827,4.6978369247214014],[-74.204747827339574,4.697834668606423],[-74.204746924720823,4.6978324812540491],[-74.204745835544685,4.6978303825577692],[-74.204744567925587,4.6978283860806807],[-74.20474313178093,4.6978265080984727],[-74.204741537929436,4.6978247639823705],[-74.204739799892792,4.6978231645815391],[-74.204737927588042,4.6978217234588904],[-74.204735938142406,4.6978204523672185],[-74.20473384597851,4.6978193594425477],[-74.204731666420386,4.6978184537252954],[-74.204729416594517,4.6978177424466869],[-74.20472711362676,4.6978172301251542],[-74.204724774642898,4.6978169203748195],[-74.204722418571478,4.6978168177137665],[-74.204720061635911,4.6978169203304514],[-74.204717722764343,4.6978172300299121],[-74.204713730098732,4.6978182562417032],[-74.204526530069984,4.6978819860908567],[-74.204525970385305,4.6978821833315854],[-74.204523790253759,4.697883088939423],[-74.204521698485479,4.6978841817225012],[-74.20451970859888,4.6978854535397252],[-74.204517836815938,4.6978868944407015],[-74.204516098457091,4.6978884935710088],[-74.204514505237285,4.6978902382681502],[-74.204513068871378,4.6978921158698164],[-74.204511801073892,4.6978941119048443],[-74.20451071175664,4.6978962109983105],[-74.204509809028806,4.6978983986798202],[-74.204509548682864,4.6978991493015085],[-74.204482740966071,4.6979803789806533],[-74.204435270369984,4.6979813986384018],[-74.204431154109841,4.6979818045169557],[-74.204428850425714,4.6979823167737029],[-74.204426601758072,4.6979830279678403],[-74.204424421626058,4.6979839335753608],[-74.204422329857337,4.6979850263581868],[-74.204420339970241,4.6979862981751079],[-74.204418468186844,4.6979877390758515],[-74.204416729827372,4.6979893373015669],[-74.204415135705773,4.6979910819986728],[-74.204413700240835,4.6979929605042843],[-74.204412431541627,4.6979949565393202],[-74.204411343125201,4.6979970556324657],[-74.204410439495661,4.6979992433140261],[-74.204409731465205,4.6980014996872068],[-74.204409220833895,4.6980038102828852],[-74.204408913006361,4.6980061570139355],[-74.204408809781825,4.6980085208894851],[-74.204408912959991,4.6980108856318799],[-74.204409220734789,4.6980132322508315],[-74.204409722280886,4.6980155082986457],[-74.20441041670037,4.6980177327658819],[-74.204412758608143,4.6980242406324946],[-74.204414289046824,4.6980291995699668],[-74.204413139871505,4.6980292504202579],[-74.204269979667757,4.6980355966595706],[-74.204269235184313,4.6980356402016392],[-74.204220534729828,4.6980391496239369],[-74.204207393637645,4.698040096107861],[-74.204026785635051,4.6980531075090175],[-74.204018910893666,4.6980536741293966],[-74.204014164597695,4.6980540159140833],[-74.203949857064288,4.698058649489024],[-74.203788415402684,4.6980703036059568],[-74.203786482990793,4.6980704197071761],[-74.203774573987374,4.6980712773377844],[-74.203624372546798,4.6980820983237015],[-74.203611820909288,4.6980830030917353],[-74.203586926737913,4.6980847972160982],[-74.203575937970882,4.698085587758281],[-74.203567112328201,4.6980861183732578],[-74.203555694513014,4.6980868022845206],[-74.20321117716459,4.6981074663910531],[-74.203145864517737,4.6981113847668876],[-74.203145371500298,4.6981114146978546],[-74.203138779307068,4.6981118110675917],[-74.203051237608946,4.6981170591528505],[-74.203012280214807,4.6981193974683659],[-74.203000324315624,4.6981201158310739],[-74.202458114566156,4.6981553092070634],[-74.202451699416812,4.6981137034593994],[-74.202451653810584,4.6981134184826745],[-74.202451607655505,4.6981131393099993],[-74.20245109773991,4.6981108280523358],[-74.202450629679376,4.6981093396317606],[-74.20245054601159,4.6981090063546134],[-74.202450471828413,4.698108837669623],[-74.202450388174825,4.6981085716533357],[-74.202449485255485,4.6981063845020765],[-74.202448879882382,4.6981052177466722],[-74.202448714718273,4.6981048421803226],[-74.202448575062874,4.6981046302580163],[-74.202448396176507,4.698104285484396],[-74.202447129031725,4.6981022889895199],[-74.202446429245327,4.6981013740528104],[-74.202446211565956,4.6981010437317465],[-74.202446018044142,4.6981008364271739],[-74.202445692814422,4.6981004112050684],[-74.202444099215754,4.6980986665203304],[-74.202443345880624,4.6980979739506141],[-74.202443107334517,4.6980977184151005],[-74.202442876412832,4.698097542350915],[-74.20244235992692,4.698097067525687],[-74.20244048843773,4.6980956268118179],[-74.202439718565913,4.6980951346785522],[-74.202439489800312,4.6980949602582305],[-74.20243924414919,4.6980948314121767],[-74.202438499137372,4.698094355170408],[-74.202436406414932,4.6980932624941536],[-74.202435667236244,4.6980929552911199],[-74.202435461253899,4.698092847251595],[-74.202435212204506,4.698092766179685],[-74.202434227357671,4.6980923568768205],[-74.202431977253923,4.6980916455131592],[-74.202431320591359,4.6980914993602028],[-74.202431135607753,4.6980914391433295],[-74.202430882221378,4.6980914017925315],[-74.202429674090112,4.6980911328995125],[-74.202427335852789,4.6980908235327306],[-74.202426801733026,4.6980908003012773],[-74.202426635175328,4.6980907757495647],[-74.202426370941978,4.6980907815640931],[-74.202424978729766,4.698090721010022],[-74.202422087310865,4.6980908762107321],[-74.202135817014337,4.6981217728016818],[-74.202135285514998,4.6981218366535487],[-74.202133479676291,4.698122083967105],[-74.202131176512509,4.6981225965806512],[-74.202128927308124,4.6981233079443516],[-74.202126747351457,4.6981242135616599],[-74.202124655528365,4.69812530623798],[-74.2021233384109,4.6981261478123253],[-74.20212326015681,4.6981261942919783],[-74.202122665328702,4.6981265778793251],[-74.202120793839526,4.698128018593251],[-74.202120078361148,4.698128676700156],[-74.202119873846442,4.6981288365015006],[-74.202119695373,4.6981290289778714],[-74.202119055449984,4.698129617587858],[-74.20211746095201,4.6981313622726368],[-74.202117128339509,4.6981317974198014],[-74.202116953244655,4.698131986252525],[-74.202116744038676,4.6981323001892985],[-74.202116025634027,4.6981332400570075],[-74.202114757589896,4.6981352365520035],[-74.202114653249922,4.698135437649916],[-74.202114571232286,4.698135560726457],[-74.202114439109465,4.6981358503698774],[-74.202113668510947,4.6981373355696752],[-74.202112788099271,4.6981394685934834],[-74.202112769487343,4.6981395228988845],[-74.202112056925841,4.6981417791198687],[-74.202111658147771,4.6981435834502792],[-74.202111651343486,4.698143610918283],[-74.202111546110913,4.6981440903775589],[-74.202111274515673,4.6981464403060471],[-74.202111174769527,4.6981478796918372],[-74.202111127121597,4.6981488036020975],[-74.202110176326471,4.6981766978557342],[-74.201876787263217,4.6981895517554912],[-74.201877779341373,4.6981879898413075],[-74.201878867765728,4.6981858907518923],[-74.201879771403654,4.698183703977783],[-74.201880479442494,4.6981814476068831],[-74.201880990082117,4.6981791361085223],[-74.201881297918192,4.6981767893783957],[-74.20188140115124,4.6981744255029891],[-74.201881297981544,4.6981720607600517],[-74.201880990215258,4.6981697150440187],[-74.201880479657731,4.698167403727826],[-74.201879770819119,4.6981651467054437],[-74.20187886820888,4.6981629602534651],[-74.201877777237556,4.6981608588399286],[-74.201844174647121,4.6981024891395284],[-74.201842908838699,4.698100495369534],[-74.201841473602926,4.6980986200939334],[-74.201839879757614,4.6980968750667325],[-74.201838141726711,4.6980952756585603],[-74.201836270328471,4.6980938354320978],[-74.201834279985619,4.6980925634278838],[-74.201832187825303,4.6980914713987421],[-74.20183000826988,4.6980905656723122],[-74.201827758445802,4.6980898543843628],[-74.20182545547884,4.6980893411489015],[-74.201823116495248,4.6980890322931605],[-74.201820760423075,4.6980889296222861],[-74.20181840438724,4.698089032228955],[-74.201816064611705,4.6980893410145894],[-74.201813761826585,4.6980898541669536],[-74.201811512254437,4.6980905653528469],[-74.201809332118501,4.6980914709523267],[-74.201807240345175,4.6980925637274158],[-74.20180612102547,4.6980932493912118],[-74.201776160925576,4.6981126050810182],[-74.20175323870005,4.6980881630500066],[-74.201750928225479,4.6980859714229268],[-74.201749055926115,4.6980845311963835],[-74.201747066484756,4.6980832591916677],[-74.201744974324441,4.6980821662580441],[-74.201742794769274,4.6980812614356493],[-74.201740544945153,4.6980805492430093],[-74.201738241978475,4.6980800369116142],[-74.20173590299494,4.6980797280555633],[-74.201733546922796,4.6980796253844321],[-74.201731190886974,4.6980797279908018],[-74.201728851111426,4.6980800367761777],[-74.201726548326249,4.6980805499282612],[-74.201724298754058,4.6980812611138401],[-74.201722118617965,4.6980821667130339],[-74.201720026844569,4.6980832594878557],[-74.201718036952101,4.6980845312971891],[-74.201716165162537,4.6980859712865382],[-74.201713659012839,4.6980883726666294],[-74.201692889361027,4.6981109939747618],[-74.201692063917363,4.6981119364091155],[-74.201690532928751,4.6981139505722789],[-74.201673104947787,4.6981392507446946],[-74.201671931756437,4.6981411111119495],[-74.201671183004748,4.6981425038772029],[-74.201664501167613,4.6981558589604031],[-74.201602122979708,4.6981584952671902],[-74.201598565532535,4.6981588829435088],[-74.201596262746975,4.6981593960951349],[-74.2015940131744,4.6981601072803549],[-74.201591833037938,4.69816101287911],[-74.201589741264058,4.6981621056535836],[-74.201587751371136,4.698163377462576],[-74.201585879581216,4.6981648183558695],[-74.201584141214695,4.6981664165747139],[-74.201582547986803,4.6981681612653539],[-74.201581111612484,4.6981700397654809],[-74.201579843806073,4.698172035795408],[-74.201578754479485,4.6981741348845674],[-74.201577822913734,4.6981764012422689],[-74.201567314220455,4.6982059413780641],[-74.20141098771532,4.6982138764324395],[-74.201409234182009,4.6982061485410496],[-74.201408278206358,4.6982028923034349],[-74.20140737559737,4.6982007049465428],[-74.201406286430512,4.698198606244782],[-74.201405017918702,4.6981966097616255],[-74.201403581782046,4.6981947317722845],[-74.201401987937771,4.6981929876483415],[-74.201400249907607,4.6981913882390716],[-74.201398378509936,4.6981899480114411],[-74.201396388167552,4.6981886760059295],[-74.201394296007464,4.6981875830711468],[-74.20139211645224,4.6981866773433989],[-74.201389867529599,4.6981859660538134],[-74.201387563661442,4.6981854537214041],[-74.201385224677679,4.6981851448641931],[-74.201382868605194,4.6981850421918532],[-74.20138145173425,4.6981850786158503],[-74.201313578350209,4.6981886518304243],[-74.201310402040448,4.6981832428332035],[-74.20130818061557,4.6981800184708273],[-74.201288251615907,4.6981551436342581],[-74.201287890108148,4.6981547023969172],[-74.201286297165396,4.6981529573681966],[-74.201284558234434,4.6981513588631092],[-74.201282686836961,4.6981499177308166],[-74.201280696495047,4.6981486466293028],[-74.201277404583635,4.6981470276008146],[-74.201092621251519,4.6980712794970296],[-74.201091642349681,4.6980708998617962],[-74.20108939252637,4.6980701885713705],[-74.201087089560119,4.6980696762378269],[-74.201084750576698,4.698069366475246],[-74.201082394504624,4.698069263801913],[-74.201081573403115,4.6980692766077157],[-74.201031957731786,4.6980707883569499],[-74.201028083021626,4.6980711878425447],[-74.20102578023571,4.698071700087957],[-74.201023530662795,4.6980724112713457],[-74.201021351427272,4.6980733177724767],[-74.201019259652583,4.698074409640955],[-74.201017268857484,4.6980756814485085],[-74.201015397967922,4.6980771223401403],[-74.201013659600434,4.6980787214619006],[-74.201012065469968,4.6980804661514712],[-74.201010629094114,4.6980823437461412],[-74.201009361286339,4.6980843406794017],[-74.201008271958145,4.6980864397676738],[-74.201007369218942,4.6980886265406143],[-74.201006660276065,4.6980908829107921],[-74.201006149633571,4.6980931944085995],[-74.201005842695736,4.6980955402339823],[-74.201005738558578,4.6980979050138432],[-74.201005754041915,4.6980988192649189],[-74.20100757704418,4.6981530556267366],[-74.201007972490999,4.6981568518352761],[-74.20100848394695,4.6981591631519874],[-74.201009191881312,4.6981614192712478],[-74.201010095390302,4.6981636066285661],[-74.201011184555966,4.698165705330914],[-74.201012452165273,4.6981677018150423],[-74.201013888300864,4.6981695798052217],[-74.201015482144328,4.6981713248343731],[-74.201017220173398,4.6981729233402936],[-74.201019091570416,4.6981743644732719],[-74.201021081911932,4.6981756355756348],[-74.201023174071466,4.6981767285114957],[-74.201025353626221,4.6981776342404089],[-74.201027603449802,4.6981783455310353],[-74.201029906416395,4.6981788578648285],[-74.201032245400171,4.69817916762754],[-74.201034601472614,4.6981792703010319],[-74.201035510903253,4.698179254766722],[-74.201151256117427,4.6981753475409711],[-74.201204869747272,4.6982232138237254],[-74.201052112562081,4.6982265777996792],[-74.201048010719177,4.6982269836558066],[-74.201045707031483,4.6982274959014632],[-74.201043458359564,4.6982282079891089],[-74.201041278222107,4.6982291135861409],[-74.201039186446963,4.6982302054546849],[-74.201037196552846,4.698231477262155],[-74.201035324761548,4.6982329181539999],[-74.201033586393748,4.6982345172758233],[-74.201031993164307,4.6982362619652216],[-74.201030517141035,4.6982382019641307],[-74.200178818788984,4.6983365482669548],[-74.199858455255423,4.6983495108237925],[-74.199857994683967,4.6983495335122942],[-74.199513752712605,4.6983693809693374],[-74.19950471434845,4.6983699025272587],[-74.199487925617163,4.6983709933455318],[-74.199472134637546,4.6983720179744699],[-74.199175996076448,4.6983912392071945],[-74.198931282493973,4.6984005012752608],[-74.198929223902155,4.6984006589830978],[-74.19887731780895,4.6984066246883263],[-74.198864108148882,4.6984072780885127],[-74.198791678542946,4.6984108554687731],[-74.19869081517767,4.6984158376509004],[-74.19850343736374,4.6984250914093408],[-74.198503002029639,4.6984251168054652],[-74.198393730604138,4.6984322870171216],[-74.19811274875623,4.6984418923926219],[-74.198110783898443,4.6984420319957287],[-74.198038891284625,4.6984497726324124],[-74.197977949528124,4.6984563330581333],[-74.197691727039143,4.6984718976059767],[-74.197641861582596,4.6983324147092631],[-74.197641134031059,4.6983302491417662],[-74.197640205930711,4.6983279864475147],[-74.197639116851732,4.6983258874298386],[-74.197637849706922,4.6983238909348763],[-74.197636413489647,4.6983220140498085],[-74.197634819890979,4.6983202684656913],[-74.197633080602131,4.6983186694710604],[-74.197631209112927,4.6983172287572179],[-74.197629219812583,4.6983159571157618],[-74.197627127090158,4.69831486443959],[-74.19762494803291,4.6983139588221938],[-74.197622698828468,4.6983132474584632],[-74.197620395664657,4.6983127348448948],[-74.197618056528029,4.6983124263774201],[-74.197615700304297,4.6983123229554451],[-74.197614051846969,4.6983123859079532],[-74.197613342281869,4.6983124218808587],[-74.19748565743707,4.6983202675663458],[-74.197484009879119,4.6983203539012726],[-74.197483303911312,4.6983204132565524],[-74.197480963875364,4.6983207046368536],[-74.197478660711553,4.6983212172504745],[-74.197476410607806,4.6983219286141926],[-74.197474231550515,4.6983228342314884],[-74.19747213882809,4.6983239278070252],[-74.19747014952776,4.6983251994484592],[-74.197468278038542,4.6983266401623727],[-74.197466538749737,4.6983282391569965],[-74.197464945151069,4.6983299838417842],[-74.197463508933751,4.6983318616261656],[-74.197462241788955,4.6983338572217823],[-74.197461152709977,4.6983359562394327],[-74.197460249790652,4.6983381433906342],[-74.197459540225552,4.6983404006890312],[-74.197459030309943,4.6983427110473643],[-74.197458721842494,4.6983450573785834],[-74.197458619319761,4.6983474216962291],[-74.197458721842494,4.6983497869131652],[-74.197459030309929,4.6983521332443825],[-74.197459458387243,4.6983541000617359],[-74.197459539326246,4.6983544436027316],[-74.197492029254278,4.6984827569403222],[-74.196530701177153,4.6985350320442567],[-74.196468378032648,4.6985384202667886],[-74.195868972780829,4.6985710140260935],[-74.195844992423062,4.6985723166813251],[-74.195577053650737,4.6985882245531885],[-74.19557305537937,4.698491752893875],[-74.19557296140681,4.6984903557560775],[-74.19556901730931,4.6984480158828283],[-74.195568724011963,4.6984458302233367],[-74.195568212573548,4.6984435189021925],[-74.195567504656253,4.6984412627769716],[-74.195566601163648,4.6984390754122165],[-74.195565512013459,4.6984369757966213],[-74.195564244418918,4.6984349793022044],[-74.195562808297183,4.6984331022048078],[-74.19556121446638,4.698431357162872],[-74.195559475547356,4.6984297586431731],[-74.19555760416047,4.698428317495285],[-74.195555614728889,4.6984270454727008],[-74.195553522576873,4.6984259534245014],[-74.195551342126635,4.6984250476784579],[-74.195549093208641,4.6984243363698965],[-74.195546790244819,4.6984238240179437],[-74.195544451262194,4.6984235142368105],[-74.195542095189239,4.6984234115447032],[-74.195539738249508,4.6984235141304023],[-74.195537399371034,4.6984238237992608],[-74.195535096579533,4.6984243360266786],[-74.195532846999456,4.6984250471924769],[-74.195532271992548,4.698425264323439],[-74.195503955219536,4.6984363414471],[-74.194942744594499,4.6984754063965628],[-74.19488991710341,4.6984747886085705],[-74.194889602541551,4.6984747859485729],[-74.194887246502816,4.6984748885319023],[-74.194884906722521,4.69847519819875],[-74.194882603930438,4.6984757113283173],[-74.194880354349507,4.6984764224920506],[-74.194878175104208,4.698477328069921],[-74.194876083318434,4.6984784208245154],[-74.194874092510631,4.6984796926148453],[-74.194872221606815,4.6984811325860223],[-74.194870483223951,4.6984827316928213],[-74.194868889076972,4.6984844763687184],[-74.194867452683553,4.6984863539511954],[-74.194866184857332,4.6984883508737383],[-74.194865095509954,4.6984904499528302],[-74.194864192750856,4.6984926367183206],[-74.194863484689023,4.6984948930826542],[-74.194862973124629,4.6984972045766016],[-74.194862666166216,4.6984995513040486],[-74.194862562909435,4.6985019151790013],[-74.194862653413509,4.6985041388538811],[-74.194867085243985,4.6985582138375435],[-74.194867183651908,4.6985591931850896],[-74.194875102128734,4.6986260264442938],[-74.194802422703702,4.6986290084193483],[-74.194802064881628,4.6986290256613756],[-74.194577178902222,4.6986412526114245],[-74.194573521369676,4.6986414521730815],[-74.194543009182624,4.6986431103686694],[-74.19448516734856,4.698646256212168],[-74.194476383141065,4.6986467342556439],[-74.194207850107546,4.6986613349792794],[-74.194205601328548,4.6986614565328093],[-74.194118514110357,4.6986661929301912],[-74.194111055780553,4.6985833255600848],[-74.194110754507662,4.6985810538726156],[-74.194110244592082,4.6985787435142727],[-74.194109535026982,4.6985764862159289],[-74.194108632107657,4.6985742999640578],[-74.194107543028622,4.6985722000470718],[-74.194106275883868,4.6985702044514328],[-74.194104839666565,4.6985683266670062],[-74.194103246067897,4.6985665819822371],[-74.194101506779063,4.6985649829876621],[-74.194099635289888,4.698563542273706],[-74.194097645989487,4.6985622706323715],[-74.194095553267118,4.6985611779560337],[-74.194093374209757,4.6985602714394421],[-74.194091124106066,4.6985595600756955],[-74.194088821841603,4.6985590474621652],[-74.194086482704961,4.6985587389946817],[-74.194084024857816,4.6985586364719456],[-74.193995385878338,4.698559356828965],[-74.19399292893047,4.6985593163594155],[-74.193990623068757,4.6985594215801241],[-74.193988334294133,4.6985597255509326],[-74.193986032029699,4.6985602381645606],[-74.193983781925922,4.6985609495282654],[-74.193981602868618,4.6985618551455675],[-74.193979510146178,4.6985629487211522],[-74.193977520845849,4.6985642203625551],[-74.193975649356673,4.6985656610764401],[-74.193973910067868,4.698567260071127],[-74.193972316469186,4.6985690047558348],[-74.193970880251854,4.6985708825402863],[-74.193969613107114,4.6985728781358924],[-74.193968524028151,4.6985749780528359],[-74.193967621108797,4.6985771643047158],[-74.193966911543669,4.6985794216030774],[-74.193966400728769,4.6985817319614052],[-74.193966093160597,4.6985840782926473],[-74.193965990637921,4.6985864426103001],[-74.193966132730779,4.6985888051292939],[-74.193966286514865,4.6985903717483737],[-74.193966395332836,4.6985911550578017],[-74.193970294138467,4.6986179117190403],[-74.193878470812606,4.6986241168033125],[-74.193878435845264,4.6986240322309039],[-74.193877347601287,4.6986219335167272],[-74.193876079109756,4.6986199370192958],[-74.193874642991943,4.6986180590139854],[-74.193873049164921,4.6986163148724547],[-74.193871311150374,4.6986147154440356],[-74.193869439766516,4.6986132751958136],[-74.19386744943597,4.6986120031685177],[-74.193865357285787,4.6986109102108999],[-74.193863177738351,4.6986100044593764],[-74.193860927920014,4.6986092931455135],[-74.193858624956647,4.6986087807879908],[-74.193856285974135,4.6986084719054029],[-74.193853929900683,4.6986083692076983],[-74.193852070483373,4.6986084328194551],[-74.193587137040595,4.6986267521166756],[-74.193584300636786,4.6986270998427182],[-74.193581996941859,4.6986276129681794],[-74.193579748260333,4.6986283241276716],[-74.193577568111451,4.6986292297016234],[-74.193575476323105,4.6986303224523853],[-74.193573486413797,4.6986315942389192],[-74.193571614605673,4.6986330351111478],[-74.193569876219229,4.6986346333104416],[-74.193568282969878,4.6986363779833153],[-74.193566846572807,4.698638256467456],[-74.193565577841071,4.6986402524835773],[-74.193564489390823,4.6986423515606246],[-74.193563586627661,4.6986445392288587],[-74.193562877660128,4.6986467955920661],[-74.193562366992481,4.6986491061807021],[-74.193562059128297,4.698651452907793],[-74.193561955867168,4.6986538167827065],[-74.193561964086598,4.6986544669778594],[-74.193562023612841,4.6986571106943122],[-74.193561830179505,4.6986569682282653],[-74.193560382905332,4.6986558540844614],[-74.193558690440753,4.6986547647338837],[-74.19355858792234,4.6986547066586493],[-74.193558393604889,4.6986545824430594],[-74.193556301781854,4.6986534897667918],[-74.193555366443093,4.6986531011999588],[-74.193555045310347,4.698652941160014],[-74.19355476166767,4.6986528499586955],[-74.193554121825215,4.6986525841495475],[-74.193551872620773,4.6986518718864856],[-74.193551378046237,4.6986517620024868],[-74.193551164511206,4.6986516933432645],[-74.193550816402421,4.698651637217103],[-74.193549569457048,4.6986513601722004],[-74.193547229678558,4.6986510548126939],[-74.19354713995871,4.6986510456514843],[-74.193544874096617,4.6986509473834301],[-74.19354306372405,4.6986510089397564],[-74.193161195552975,4.698676743896657],[-74.193159778168578,4.698676811485198],[-74.19315958410975,4.6986768220284247],[-74.19315938982588,4.6986768361929148],[-74.193047168524771,4.698682765912694],[-74.193043247298434,4.6986303339935933],[-74.193042913367734,4.6986276527794795],[-74.193042401937475,4.6986253414562729],[-74.193041693126688,4.6986230853285011],[-74.193040790542966,4.6986208979601569],[-74.193039701400082,4.6986187992447297],[-74.193038433812234,4.6986168027455779],[-74.193036997696623,4.6986149247385383],[-74.193035403871662,4.6986131805949629],[-74.193033664957639,4.6986115811645464],[-74.193031793575443,4.6986101409140701],[-74.193029803246404,4.6986088688843122],[-74.193027711998752,4.6986077759240699],[-74.193025531551186,4.6986068710743405],[-74.193023282634954,4.6986061597575777],[-74.193020979672013,4.6986056464929149],[-74.193018640689786,4.6986053376076029],[-74.19301628371511,4.6986052349071583],[-74.193014208884335,4.6986053148299423],[-74.192631679026661,4.6986348621203584],[-74.192629058936973,4.6986351935292978],[-74.192626756142559,4.698635706651439],[-74.192624507459968,4.698636417807915],[-74.192622327309735,4.6986373233788772],[-74.192620235519811,4.698638416126836],[-74.192618244707361,4.6986396879108101],[-74.192616373798487,4.6986411287803618],[-74.192614635409953,4.6986427278817064],[-74.192613041256863,4.6986444725525418],[-74.192611605758316,4.6986463501303568],[-74.192610337023794,4.6986483461447586],[-74.192609248570676,4.698650445220423],[-74.192608344903135,4.6986526328875984],[-74.192607636833856,4.6986548892497675],[-74.192607126163139,4.6986572007420948],[-74.192606818295658,4.6986595465645742],[-74.192606715031459,4.6986619113437733],[-74.192606782042986,4.6986638239413825],[-74.192609138178142,4.6986972657523349],[-74.192464951506082,4.6987033563899487],[-74.192463820258908,4.698703407886474],[-74.192462315832159,4.6987035265978365],[-74.192460252761819,4.6987037409477095],[-74.191959361215552,4.698753038218352],[-74.191959331647013,4.6987530408629707],[-74.190789345255084,4.698847197512932],[-74.190788647144046,4.6988472461132362],[-74.189864527042914,4.6988974811717332],[-74.189700359282398,4.6989035592333561],[-74.189698809023582,4.6989036616695126],[-74.189620496077495,4.6989110968189793],[-74.189484318551479,4.6988755143384111],[-74.189482198566552,4.698875051673884],[-74.189479859584566,4.6988747418723271],[-74.189477503510531,4.69887463915975],[-74.189475462026806,4.6988747163537292],[-74.189250747856931,4.6988917859337205],[-74.189248094415873,4.6988921200482547],[-74.189244194550682,4.698893115410848],[-74.189104983679556,4.6989399373975083],[-74.189008219211374,4.6989440376355409],[-74.189007886625731,4.6989440530619193],[-74.18900694114626,4.6989441047586658],[-74.189006492291512,4.6989441301510366],[-74.187783189482928,4.6990106348498939],[-74.187646225611388,4.6990180790540599],[-74.187340045657422,4.6990204369621287],[-74.187338185338945,4.6990205150256159],[-74.186702894522924,4.6990694256988066],[-74.186437658128753,4.6990897942071683],[-74.186084757364767,4.6991168961797154],[-74.185655387498443,4.6991504403688387],[-74.18538518395566,4.6991715498760165],[-74.185251013556879,4.6991812060175651],[-74.185139074948268,4.6991892598863423],[-74.18512451152732,4.6991903075136783],[-74.185123149618676,4.699190248039697],[-74.185121306422317,4.6991903116257401],[-74.184788891059895,4.6992130971417634],[-74.184570483726674,4.6992277605993706],[-74.184229125412557,4.6992506810602821],[-74.183639116852348,4.6992953109743452],[-74.183184317814678,4.6993297120877591],[-74.182829043097342,4.6993235586958102],[-74.182828576211207,4.6993235551491184],[-74.182827902022311,4.6993235624854766],[-74.182772706979279,4.6993249426566512],[-74.18277203910236,4.6993249680781224],[-74.182755788360524,4.6993257771738648],[-74.182746210794349,4.699325094963906],[-74.182744296373173,4.6993250283342132],[-74.182742734386181,4.699325072881039],[-74.182600579775851,4.6993333235218238],[-74.182450950338136,4.6993225115628539],[-74.182450577179395,4.699322439274523],[-74.18244869873233,4.6993218454275754],[-74.182446395774093,4.6993213330322066],[-74.182444056793187,4.6993210232070037],[-74.182441699816764,4.6993209204708419],[-74.182439343772387,4.6993210230122537],[-74.182437004884122,4.6993213326373073],[-74.182434703878755,4.6993218249267006],[-74.182406210763531,4.6993186433415826],[-74.18225439521801,4.6992990906376058],[-74.182133122680554,4.6992785403874899],[-74.182130879243971,4.6992782558674779],[-74.182128620513225,4.6992781612542638],[-74.182126263567582,4.6992782637947554],[-74.182123924679303,4.6992785734187379],[-74.182121621874302,4.6992790865064178],[-74.182119372276873,4.6992797976293721],[-74.18211719211034,4.6992807031678971],[-74.182115100301445,4.6992817958847111],[-74.182113110368761,4.6992830676390334],[-74.182111238534659,4.6992845084810408],[-74.182109500119878,4.6992861066523863],[-74.182107905938821,4.6992878522042121],[-74.182106470410389,4.699289729761019],[-74.18210520254577,4.6992917257568889],[-74.182104114059854,4.6992938248168459],[-74.182103210358491,4.6992960124711063],[-74.182102502254565,4.6992982688234246],[-74.182101991548677,4.6993005803088037],[-74.182101918605909,4.6993010125785188],[-74.182093282100425,4.6993552777219003],[-74.182093004116027,4.6993587973265383],[-74.182084490276679,4.6993592218196465],[-74.182007043720219,4.6993630803566928],[-74.181931092447556,4.6993668645079572],[-74.181891360594577,4.6993688427526994],[-74.181885997758897,4.6993691103263497],[-74.181751962916678,4.6993757887972389],[-74.181740056519629,4.6993763810902598],[-74.181728118576459,4.6993769751963983],[-74.181680397448957,4.699379354327343],[-74.18167704367994,4.699379732828894],[-74.181674739972763,4.6993802450109534],[-74.181672491276046,4.699380957036646],[-74.18167031110859,4.6993818625737909],[-74.181668219298658,4.699382955289277],[-74.181666229364865,4.6993842270423105],[-74.181664357529399,4.6993856669788592],[-74.181662619113496,4.6993872660534857],[-74.181661024930932,4.6993890106999014],[-74.181659589401178,4.6993908891601501],[-74.18165832153511,4.6993928851552305],[-74.181657232146364,4.6993949842146359],[-74.181656329344776,4.6993971718682799],[-74.181655621239344,4.6993994282201053],[-74.181655109630441,4.6994017388010336],[-74.181654802627421,4.6994040855237245],[-74.181654699326046,4.699406449397733],[-74.181654742818026,4.6994079885217825],[-74.181659106749152,4.6994850520111324],[-74.181659115696249,4.6994863589454923],[-74.181656061571744,4.6994902336617974],[-74.181552463888579,4.6994969722357371],[-74.181546421520594,4.6994125904391781],[-74.181546079508735,4.6994098242149924],[-74.181545569016819,4.6994075128823933],[-74.1815448602419,4.6994052567420983],[-74.181543957692568,4.6994030693580511],[-74.181542868582397,4.6994009706240263],[-74.181541600123992,4.6993989741033584],[-74.181540164938269,4.6993970960718316],[-74.181538570238004,4.6993953509972304],[-74.18153683224898,4.6993937524417531],[-74.181534960887419,4.6993923112556653],[-74.181532970576342,4.6993910400969527],[-74.181530878442118,4.6993899471019658],[-74.181528698907243,4.6993890413115702],[-74.181526449097959,4.6993883299576842],[-74.181524146140106,4.6993878175592529],[-74.181521807159456,4.6993875086352741],[-74.181519451084199,4.6993874058958518],[-74.18151810991948,4.6993874386510601],[-74.181482255529673,4.6993892254851106],[-74.181480710672332,4.6993893025816238],[-74.181525107303514,4.6992746741357641],[-74.181525313625372,4.6992741260948501],[-74.181526022632497,4.6992718697429963],[-74.181526533340246,4.6992695582579511],[-74.181526840343793,4.6992672124396657],[-74.181526943645423,4.6992648476613654],[-74.181526840544109,4.6992624838181101],[-74.181526532844956,4.6992601371872658],[-74.181526022353211,4.6992578258545983],[-74.181525313578518,4.699255569714305],[-74.181524411029429,4.6992533823302436],[-74.181523321919599,4.6992512835961397],[-74.181522053461521,4.6992492870753972],[-74.181520618276181,4.6992474090438314],[-74.181519023576413,4.6992456648735166],[-74.181517285587688,4.6992440654136969],[-74.181515414226709,4.6992426251317063],[-74.181513423915973,4.699241353068718],[-74.181511331782332,4.6992402609779651],[-74.181509152247969,4.6992393551875171],[-74.181508246371408,4.699239041528136],[-74.181474921033754,4.6992281966234417],[-74.181471274144158,4.6992272856259216],[-74.181468935164034,4.6992269767016905],[-74.18146657908936,4.6992268739620684],[-74.181464223045083,4.6992269765001717],[-74.181461883255295,4.6992272861221425],[-74.181459580449797,4.6992277983033111],[-74.181457330851956,4.6992285103284566],[-74.181455150684698,4.6992294158649175],[-74.181453058874837,4.6992305085797641],[-74.181451068941087,4.6992317803322283],[-74.181449198006916,4.6992332202679998],[-74.181447459590856,4.6992348193420916],[-74.18144586450677,4.6992365639882321],[-74.181444428976775,4.6992384424480447],[-74.181443161110295,4.6992404384427759],[-74.181442072622502,4.6992425375017257],[-74.181441169820431,4.6992447251550349],[-74.1814409418823,4.6992453780987367],[-74.181430976759188,4.6992751927792487],[-74.181411652512651,4.699269979616961],[-74.181409327021342,4.6992694617956694],[-74.181406988040976,4.699269151966992],[-74.18140463196616,4.699269049227194],[-74.181402275921712,4.6992691517650407],[-74.181399936131797,4.6992694613867618],[-74.181397633326213,4.6992699744721058],[-74.181395383728059,4.6992706855926984],[-74.181393204461898,4.6992715911288538],[-74.181391112651838,4.699272683843537],[-74.181389121816522,4.699273955595908],[-74.18138725088221,4.6992753964358895],[-74.181385512465909,4.6992769955098028],[-74.181383917381609,4.6992787401558296],[-74.181382482752483,4.6992806177110618],[-74.181381213984466,4.6992826137057362],[-74.181380125496403,4.6992847127646158],[-74.181379222694105,4.6992869004179045],[-74.181378519992279,4.699289133256749],[-74.181369874764343,4.6993213848472353],[-74.181362025868012,4.6993506792349136],[-74.181357118167696,4.6993689939924499],[-74.181351803296522,4.6993888276353664],[-74.181031484115621,4.6994109428608031],[-74.181030850093649,4.6994109941221538],[-74.18078454557029,4.6994339034519053],[-74.180782060743468,4.699434076121749],[-74.180779851109207,4.6994343270326908],[-74.180398102390498,4.6994697000666354],[-74.180397594273515,4.6994697522273583],[-74.180048551199647,4.6995088214749803],[-74.17989000162224,4.6995261613034209],[-74.179621496434848,4.6994412904832394],[-74.179618066420545,4.6994404487178079],[-74.179615727283917,4.6994401402503527],[-74.179613371060213,4.6994400368283404],[-74.179610626329278,4.6994401771225975],[-74.179192523416177,4.699482982153965],[-74.178608666456711,4.6995298278393784],[-74.178608096286553,4.6995298800000125],[-74.17750384122921,4.6996421495656104],[-74.176531695681149,4.6997471328240241],[-74.176066211986011,4.6997974004297935],[-74.174517074903065,4.6999674109673135],[-74.174516784421996,4.6999674442421862],[-74.174480265651709,4.6999718527188854],[-74.17403379452395,4.700025751787047],[-74.173831979462264,4.7000444711754445],[-74.173297722811625,4.7000917350456044],[-74.172784914092446,4.7001209648107203],[-74.172249449652313,4.7001039406444125],[-74.171839166344398,4.7000376579116674],[-74.171383173194826,4.6999067921647653],[-74.171104163925975,4.6997948877239706],[-74.170999709468958,4.6997368985390731],[-74.170997376627597,4.6997357465075309],[-74.17089130608889,4.6996895906022154],[-74.17078671133757,4.6996426612798388],[-74.170753592903964,4.6996222484680059],[-74.170752958881906,4.6996218689541402],[-74.170751384169009,4.6996210253901225],[-74.170627871279166,4.6995600045906212],[-74.170625174212375,4.6995588498611678],[-74.170622924108599,4.6995581384973359],[-74.170620621844179,4.6995576258837461],[-74.170618282707522,4.6995573174163283],[-74.170615925584457,4.6995572139942938],[-74.170613569360668,4.6995573174163212],[-74.17061123022404,4.6995576258838074],[-74.170607971980274,4.6995584145892142],[-74.170576677371713,4.699568077804618],[-74.170575384146588,4.6995685139757972],[-74.170573204189964,4.699569419593141],[-74.1705711123669,4.699570512269351],[-74.170568536708572,4.6995722074914568],[-74.170473210370346,4.6996430560822082],[-74.170420701081554,4.6996590908513172],[-74.169698255860837,4.6992912181293587],[-74.169383943281304,4.6991311700946667],[-74.169362810339791,4.6991204080046751],[-74.169295922263373,4.6990863479393212],[-74.169016420383727,4.6989440222876819],[-74.169157482945806,4.6987027924206446],[-74.169198061358301,4.6986333905356261],[-74.169352534049153,4.6984156744751226],[-74.169353922703763,4.698413506667352],[-74.16935501212825,4.6984114076264074],[-74.169355914967312,4.6984092199878589],[-74.169356624012963,4.6984069636474741],[-74.169357134760546,4.6984046530748209],[-74.169357441804451,4.698402306356666],[-74.169357546048516,4.6983999424834195],[-74.16935744208692,4.6983975777332887],[-74.169357134428779,4.698395231096165],[-74.169356623977606,4.6983929197536991],[-74.169355915242704,4.6983906636001036],[-74.169355011831115,4.6983884761995069],[-74.169353922758646,4.6983863774455559],[-74.169352655237688,4.6983843809018087],[-74.169351219184989,4.6983825037488032],[-74.169349625418121,4.6983807586455226],[-74.169347886557489,4.698379160059087],[-74.169347598102846,4.6983789204556192],[-74.168767342319484,4.6979039856689182],[-74.168767048458264,4.6979037533003192],[-74.168765440348153,4.6979025878585396],[-74.168763371635563,4.6979012153905932],[-74.168761335411347,4.6979001567131391],[-74.168759191951807,4.6978992671551474],[-74.168756942159405,4.6978985557596493],[-74.16875463921491,4.6978980433187134],[-74.168752300243838,4.6978977334473573],[-74.168749944174692,4.697897631568936],[-74.168747587230811,4.69789773406408],[-74.168745248340173,4.6978980427389416],[-74.168742945528933,4.6978985557826194],[-74.168740695921485,4.6978992668625992],[-74.168738515741083,4.6979001723596134],[-74.168736423914567,4.6979012650366361],[-74.168734433960722,4.6979025367532268],[-74.168732563003346,4.6979039775597426],[-74.168730845293183,4.6979055910689365],[-74.16873006485207,4.6979063896744826],[-74.168729223136651,4.6979073085609437],[-74.168188856362448,4.6984957048592513],[-74.168182377214919,4.6984844549936824],[-74.168181111868748,4.6984824629953943],[-74.168179678349404,4.698480589707529],[-74.16817808475075,4.6984788450227848],[-74.168176345461916,4.6984772460281201],[-74.168174473972783,4.6984758053142386],[-74.168172484672354,4.6984745336728384],[-74.168168665251642,4.6984727044518069],[-74.168078130090208,4.6984378185031543],[-74.168069247382249,4.698432920196721],[-74.168069031049711,4.6984328035691325],[-74.16806543726689,4.6984311844213371],[-74.168063188374788,4.6984304730234792],[-74.168060885428986,4.6984299605802962],[-74.168058545555198,4.698429651611078],[-74.168056811285282,4.6984295759525265],[-74.168053900067378,4.6984284533104974],[-74.167720894070129,4.6982207787965606],[-74.167801537933428,4.6981288788317812],[-74.167801954281771,4.6981283922604398],[-74.167803390748119,4.6981265147321674],[-74.167804658651889,4.6981245187614418],[-74.167805747179301,4.6981224197228801],[-74.167806650022882,4.6981202320862527],[-74.167807359073265,4.6981179757473841],[-74.16780786982568,4.6981156642713851],[-74.167808177776109,4.698113318458021],[-74.167808281123939,4.6981109536806809],[-74.167808177167728,4.6981085898345034],[-74.167807869514903,4.6981062431965466],[-74.167807146259833,4.6981031767836967],[-74.167786923581602,4.6980353717175669],[-74.168111220960412,4.6976988558440924],[-74.168403466604587,4.6973937822494349],[-74.168675543952517,4.6971088907920731],[-74.168724099623546,4.6970580478954007],[-74.169261594773943,4.6964963029915943],[-74.169282561340708,4.696476037416133],[-74.169491009282979,4.6963010861508403],[-74.16949245573025,4.6962997783315332],[-74.169820265398201,4.6959812641675018],[-74.169820807020059,4.6959807224156416],[-74.170200396712076,4.6955904109666919],[-74.17031381480372,4.6956222781502914],[-74.177591638220349,4.6976802158278588],[-74.180057913752705,4.6983913500380732],[-74.180062535890642,4.6983924218664486],[-74.180066434185434,4.6983929376523452],[-74.180070361272172,4.6983931088930451],[-74.180074290111506,4.6983929374010076],[-74.180078187354326,4.6983924222768847],[-74.180082025961724,4.6983915689505285],[-74.180085775289427,4.6983903819479451],[-74.180089407398043,4.6983888721250056],[-74.180092895249572,4.6983870512415828],[-74.180096210904878,4.6983849319621145],[-74.180099330030657,4.698382530567768],[-74.180102228293961,4.6983798660525604],[-74.180104884967179,4.6983769574099679],[-74.180107277520619,4.6983738281552441],[-74.180109390635181,4.6983705008984389],[-74.180111205387021,4.6983670027714668],[-74.180112710062573,4.6983633581923545],[-74.180113892047473,4.6983595961008611],[-74.180114743234,4.6983557445316046],[-74.180114891786801,4.6983546132215279],[-74.180115093636445,4.6983542948757213],[-74.18011641730601,4.6983517436305409],[-74.180088476655342,4.6983109200848032],[-74.179518486512464,4.6976396307256687],[-74.178649898885638,4.6966300051430219],[-74.177966173224689,4.6958650591456275],[-74.177419508756813,4.695251025314608],[-74.176735611786114,4.6949514843199971],[-74.17628692590381,4.6949271036586531],[-74.175815592334502,4.6950294075983603],[-74.175804161893367,4.6950428327466946],[-74.175633446541696,4.6956923917804803],[-74.175952841792821,4.6957968584773875],[-74.175783057577831,4.6963441284941743],[-74.176330282650312,4.6965328162737654],[-74.176342539133842,4.6965351783962443],[-74.176264405326464,4.6968992084031509],[-74.17623466619699,4.6968923977542518],[-74.176225320682349,4.6969136077952109],[-74.176204515840411,4.6969993824741589],[-74.178190599064237,4.6977320476837692],[-74.176760289975547,4.6972795375575611],[-74.175125496012726,4.6968560641868438],[-74.174223144414583,4.6966277537413124],[-74.171450556598074,4.6958509908266963],[-74.170543388002272,4.6955951509026184],[-74.170255714549484,4.6955106446018293],[-74.170147507487442,4.6954824482045483],[-74.170130376956138,4.6955093002716879],[-74.170128387912797,4.6955105710877394],[-74.170126517865938,4.6955120118977582],[-74.170124839812203,4.6955135449216829],[-74.170123193328465,4.6955152588029092],[-74.169474850479403,4.6961570492871552],[-74.169298500526608,4.6963192980389117],[-74.169298111204128,4.6963196634304198],[-74.168891427682922,4.6967089180999491],[-74.16889026873838,4.6967100983730132],[-74.168609308874863,4.697013991476938],[-74.168575314917717,4.6970507623447837],[-74.168574742661718,4.6970514008605777],[-74.168428844183509,4.6972196011883014],[-74.168189434672314,4.6974872883761511],[-74.167854811228466,4.6978257236595411],[-74.167661979750264,4.6980156142976526],[-74.167660207096333,4.6980175370844766],[-74.167658771531151,4.6980194146124052],[-74.167657503627211,4.6980214114871144],[-74.167656414198234,4.6980235105255828],[-74.167655511354198,4.6980256972577168],[-74.167654802303375,4.6980279535964176],[-74.167654291550534,4.6980302650723367],[-74.16765398450093,4.6980326108855781],[-74.167653881152603,4.6980349756629103],[-74.167653984206936,4.6980373395092236],[-74.167654291859236,4.6980396861472702],[-74.167654802304511,4.6980419974911056],[-74.167655511033615,4.6980442536465761],[-74.167656414439506,4.6980464410495006],[-74.167657503506405,4.6980485398062433],[-74.167658383380129,4.6980499657852759],[-74.167679503665326,4.6980819294180529],[-74.167668190650502,4.6981199931813373],[-74.167625716154816,4.6981719753289619],[-74.167583242572562,4.69815179486947],[-74.167226557059891,4.6979452143002671],[-74.167226267478213,4.6979450488250247],[-74.16697052456999,4.6978011159288293],[-74.166970094694079,4.6978008794071151],[-74.166851946260266,4.6977371840239126],[-74.166851573940946,4.6977369870723438],[-74.166592699593352,4.6976025995804065],[-74.166294063520155,4.6974379175259502],[-74.166000023881963,4.6972705869680453],[-74.165824696552477,4.6971722847731705],[-74.16582074223345,4.6971704699412884],[-74.165781433766128,4.6971561545329399],[-74.165553660672842,4.69702847238612],[-74.165328330138252,4.6968974537545538],[-74.165326319254163,4.6968963970511863],[-74.16523360454714,4.6968525506047669],[-74.165137937365898,4.6967829385818485],[-74.16513558204143,4.6967814052377159],[-74.165133191643449,4.6967801758645358],[-74.165092332744905,4.6967616606222311],[-74.165090451363199,4.6967608917018593],[-74.165088201259422,4.6967601803381367],[-74.165085898095697,4.6967596677245638],[-74.165083559858374,4.6967593592571086],[-74.165081202735252,4.6967592558351097],[-74.165078846511506,4.6967593592571282],[-74.165076507374863,4.6967596677245362],[-74.165074204211123,4.696760180338166],[-74.165071955006681,4.6967608917018433],[-74.165069775949348,4.6967617973191587],[-74.165067683226923,4.6967628899954121],[-74.165065693926593,4.6967641616368043],[-74.165063822437389,4.69676560235074],[-74.165062083148598,4.6967672013453221],[-74.165060489549887,4.6967689469294278],[-74.165059167546517,4.6967706628359078],[-74.165052298249577,4.6967803799889021],[-74.164977148826679,4.6967349151417288],[-74.164973282770816,4.6967325752786824],[-74.164972841091128,4.6967323139892159],[-74.164972273219249,4.6967319939355292],[-74.164887278296746,4.6966854616887401],[-74.164805626611084,4.6966407611399239],[-74.164702786154308,4.6965844627733553],[-74.164477672406178,4.6964612238126113],[-74.163855705727187,4.6961186833638155],[-74.163736672993551,4.6960532795736976],[-74.163377336797737,4.6958558421125414],[-74.16301356988015,4.6956559753180986],[-74.163013064690546,4.6956556940072867],[-74.163012693236965,4.6956554893269002],[-74.163008336523106,4.6956530873413227],[-74.162039119381205,4.6951174828649052],[-74.162039210787015,4.6951153866339004],[-74.162039107752165,4.695113022786165],[-74.162038800120072,4.6951106761451245],[-74.162038288794179,4.69510836479669],[-74.162037579184869,4.6951061086350467],[-74.162036677602941,4.6951039212240584],[-74.162035587656092,4.6951018224580769],[-74.16203432016178,4.6950998259003409],[-74.162032884135158,4.6950979478273256],[-74.16203129039387,4.6950962036109116],[-74.162029551557723,4.6950946041013282],[-74.162027680246894,4.6950931637659448],[-74.162025690883567,4.6950918916460518],[-74.162025117606106,4.6950915688776869],[-74.161788026395271,4.6949618375482238],[-74.161431533432619,4.6947667680012817],[-74.16091498863932,4.694484122557574],[-74.160869044408926,4.694457522411243],[-74.160784147960328,4.6944083698603274],[-74.16078290406152,4.6944076926823408],[-74.160782537202991,4.6944075055344134],[-74.160678470409096,4.6943543008066069],[-74.16067799650925,4.6943540303576317],[-74.160664937381497,4.6943462828045721],[-74.160664274275163,4.6943459063400494],[-74.160609786930564,4.6943160569903561],[-74.160478600035802,4.6942441902632712],[-74.160478075583498,4.6942439107343192],[-74.160367673114351,4.6941865503860303],[-74.160349018692187,4.694089266706361],[-74.160347874754535,4.6940851136371631],[-74.16034697183521,4.6940829264859376],[-74.160345882756246,4.6940808274683086],[-74.160344615611507,4.6940788309732957],[-74.160343179394133,4.6940769540882163],[-74.160341585795493,4.6940752085041497],[-74.160339846506645,4.6940736095095543],[-74.160336590061547,4.6940712577823893],[-74.160215441489399,4.6939968038095481],[-74.160214838044283,4.6939964431813506],[-74.160212745321914,4.6939953505050713],[-74.160210566264595,4.6939944448877986],[-74.160208316160819,4.6939937335240893],[-74.160206012997008,4.6939932209104782],[-74.160203674759742,4.6939929115436865],[-74.160201317636677,4.6939928090210028],[-74.160198961412902,4.6939929115436732],[-74.16019662227626,4.6939932209104684],[-74.160194320011811,4.6939937335240662],[-74.160192069908064,4.6939944448877986],[-74.160189890850731,4.6939953505050687],[-74.160187798128305,4.6939964431813417],[-74.160186016571316,4.6939975700318728],[-74.160144939137552,4.6940258573075315],[-74.159544200104719,4.693685377578201],[-74.159563506750374,4.693670405664788],[-74.159564352113136,4.6936697230793456],[-74.159566090502608,4.693668124084704],[-74.159567684101305,4.6936663793999411],[-74.159569120318594,4.6936645016155332],[-74.159570388362667,4.6936625060199679],[-74.159571477441688,4.693660406102949],[-74.15957237946165,4.693658219851006],[-74.159573089026807,4.6936559625527128],[-74.159573599841721,4.6936536521943779],[-74.159573907409865,4.6936513058631659],[-74.159574010831861,4.693648940646149],[-74.15957390740985,4.6936465763285433],[-74.159573599841721,4.6936442299972745],[-74.159573089026793,4.6936419196389769],[-74.159572379461665,4.6936396623406376],[-74.159571477441702,4.693637476088738],[-74.159570388362681,4.6936353761717333],[-74.159569120318608,4.6936333805761006],[-74.159567684101333,4.6936315027916882],[-74.159566090502594,4.6936297581069679],[-74.159564352113122,4.6936281591122953],[-74.159562480623961,4.6936267183984084],[-74.159560384304243,4.693625385603184],[-74.159488139965674,4.6935844070948134],[-74.159069720491161,4.6933470805034521],[-74.159067730291497,4.6933460579742645],[-74.159065661850747,4.6933452036183558],[-74.159063412646333,4.6933444922545977],[-74.159061109482579,4.693343979640983],[-74.159058770345936,4.6933436711735519],[-74.159056414122148,4.6933435677515041],[-74.159054056999068,4.6933436711735581],[-74.159051718761759,4.6933439796410275],[-74.159049415598005,4.6933444922545569],[-74.159047165494258,4.6933452036183576],[-74.159044986436925,4.6933461092356596],[-74.159042894613819,4.6933472028111742],[-74.159040904414141,4.6933484744526277],[-74.159039032924952,4.6933499151665128],[-74.15903729453548,4.6933515141611704],[-74.159035700936755,4.6933532588458782],[-74.159034264719466,4.6933551366303252],[-74.159032996675421,4.6933571322259464],[-74.159032315888595,4.6933583921760826],[-74.159011841734909,4.6933987550029013],[-74.158455131835126,4.6930856127247171],[-74.158144614037312,4.6929052736262307],[-74.158144253487237,4.6929050674857624],[-74.157708295180697,4.6926610658344377],[-74.157705395488335,4.692659663586241],[-74.157543275445704,4.6925928574746978],[-74.157542853919423,4.6925926646592053],[-74.157390204557714,4.6925204597455323],[-74.157389735262157,4.6925202293783626],[-74.157286149736919,4.692463871107603],[-74.157228129119289,4.6924321153256834],[-74.157227825902581,4.692431946830796],[-74.157227657307033,4.692431852726104],[-74.157227399405457,4.6924317095084573],[-74.156948844379016,4.6922761821863892],[-74.15673563803918,4.6921394996382375],[-74.156677035516736,4.6921025024286092],[-74.156609005401265,4.6920595535056844],[-74.156637557077545,4.6920082768605047],[-74.15663936111757,4.6920043234408269],[-74.156640069783336,4.6920020661425035],[-74.156640580598264,4.6919997557841668],[-74.156640888166407,4.6919974094529699],[-74.156640991588446,4.6919950451352852],[-74.156640888166379,4.6919926808176653],[-74.15664058059825,4.6919903344864169],[-74.156640069783336,4.6919880232287978],[-74.15663936111757,4.6919857659304647],[-74.156638458198231,4.6919835796784826],[-74.156637369119281,4.6919814806609006],[-74.156636101075136,4.6919794841659623],[-74.156634665757139,4.6919776063815393],[-74.156633072158513,4.6919758616967586],[-74.156631332869665,4.6919742627021215],[-74.156629077369999,4.6919725575875351],[-74.156593561343712,4.6919485106153038],[-74.156591956053902,4.6919475033746822],[-74.156589863331462,4.6919464106983675],[-74.156587684274129,4.6919455050810468],[-74.156585434170452,4.6919447928180116],[-74.156583131006641,4.6919442811037833],[-74.156580792769319,4.6919439717370119],[-74.15657843564621,4.691943868314925],[-74.156576079422479,4.6919439717369888],[-74.156573740285836,4.6919442811037797],[-74.156571438021373,4.691944792818],[-74.156569187917626,4.691945505081045],[-74.15656700886035,4.6919464106983959],[-74.156564916137924,4.6919475033746654],[-74.156562926837566,4.6919487750160105],[-74.156561055348391,4.6919502157299551],[-74.156559316059543,4.6919518147245514],[-74.156557722460875,4.691953559409284],[-74.156555775428657,4.6919561962215734],[-74.156523666933637,4.6920056796184975],[-74.156498101905868,4.6919895394857232],[-74.156315178002998,4.6918609787012615],[-74.15631451700132,4.6918605281409205],[-74.156283476900896,4.6918400586718167],[-74.156307218103606,4.6918259968723133],[-74.156309088693419,4.6918247827875588],[-74.156310852263957,4.6918234176166909],[-74.156312591552791,4.6918218186220919],[-74.156314185151473,4.6918200730380102],[-74.156315621368776,4.6918181961529042],[-74.156316888513558,4.6918161996579704],[-74.156317978491856,4.691814100640296],[-74.15631888051189,4.6918119134891132],[-74.156319590076976,4.691809656190741],[-74.156320100891861,4.6918073458323839],[-74.156320408460005,4.6918049995012439],[-74.156320511882058,4.6918026351835715],[-74.156320408460033,4.6918002708659046],[-74.156320100891875,4.6917979236353045],[-74.156319590076947,4.6917956132769865],[-74.156318880511876,4.691793355978696],[-74.156317978491884,4.6917911697267849],[-74.156316888513558,4.6917890707091132],[-74.156315621368748,4.6917870742141776],[-74.156314185151459,4.6917851964297093],[-74.15631378315453,4.6917847269836344],[-74.156213629255546,4.6916703736888632],[-74.156210698364973,4.6916674994556571],[-74.156208826875769,4.6916660587416814],[-74.156206837575411,4.6916647871003265],[-74.156204745752333,4.6916636944240198],[-74.156202565795738,4.691662788806692],[-74.156200316591296,4.691662077442988],[-74.156198013427499,4.6916615648294346],[-74.156195674290871,4.6916612563619751],[-74.156193318067153,4.6916611529398988],[-74.156190960944045,4.6916612563619502],[-74.156188622706722,4.6916615648294364],[-74.156186319542982,4.6916620774430235],[-74.156184070338554,4.6916627888067266],[-74.156181890381873,4.6916636944240251],[-74.15617979855881,4.6916647871003274],[-74.15617797473368,4.6916659436284371],[-74.156124236644189,4.6917031000181222],[-74.156063302179632,4.6916547920350835],[-74.156060057425677,4.6916525833001517],[-74.156057965602585,4.6916514906238618],[-74.156055785645933,4.691650585006542],[-74.15605353644149,4.691649872743505],[-74.156051233277751,4.6916493610292882],[-74.156048895040442,4.6916490516624911],[-74.156046537917319,4.6916489491397186],[-74.156044181693574,4.6916490516624991],[-74.156041842556931,4.6916493610292802],[-74.156039539393163,4.6916498727435343],[-74.156037290188735,4.6916505850065837],[-74.156035110232082,4.6916514906238653],[-74.156033018409062,4.6916525833001304],[-74.156031029108618,4.6916538549415332],[-74.156029157619514,4.6916552956554352],[-74.156028793394057,4.6916556077201825],[-74.156019280365427,4.6916639084626732],[-74.155516402859675,4.6913000499573689],[-74.154935662051116,4.690820432517036],[-74.154509451749718,4.6904469593597655],[-74.154504992911015,4.6904430518054427],[-74.154487555945565,4.6904277723340337],[-74.154230616751747,4.6901649197840225],[-74.154230594912818,4.6901648973558796],[-74.153844029796829,4.6897663608840281],[-74.153500934906219,4.6894149180777926],[-74.153500876024296,4.6894148574529382],[-74.153500809172215,4.689414787971983],[-74.153387748935884,4.6892977822761388],[-74.153366954821081,4.6891749384726404],[-74.153366547428135,4.6891729986350672],[-74.153364885481025,4.6891663139743134],[-74.153364059004105,4.6891636016190272],[-74.153363585960676,4.6891623893328687],[-74.153360929363359,4.6891560338239922],[-74.153359410408427,4.6891529599411852],[-74.15335905247828,4.6891523555967902],[-74.153355465082583,4.6891464794265385],[-74.153353085476439,4.6891431690221062],[-74.153348615845914,4.6891378675186592],[-74.153347210205524,4.6891363260806695],[-74.153288701212546,4.6890768862893646],[-74.153285616537886,4.6890737557493178],[-74.153282539057898,4.6890706369004098],[-74.15327946607448,4.6890675189509299],[-74.153276388594406,4.6890643992027607],[-74.153273308416402,4.6890612767565631],[-74.153270234533636,4.6890581633036268],[-74.153267160650884,4.6890550462534373],[-74.153264081372228,4.689051926505309],[-74.153261007489448,4.689048813052362],[-74.153257931808056,4.6890456969014185],[-74.15325485522736,4.6890425807505567],[-74.153251781344565,4.6890394663982953],[-74.153248706562522,4.6890363529454193],[-74.15324563178045,4.6890332385931854],[-74.153242555199697,4.6890301233415972],[-74.153239482216279,4.6890270125866538],[-74.153236406534901,4.6890238982343941],[-74.153233331752801,4.6890207856808042],[-74.153230258769369,4.6890176749258332],[-74.153227185785951,4.68901456507023],[-74.153224112802548,4.6890114534159295],[-74.153221038020433,4.6890083417616299],[-74.153217963238362,4.689005231006715],[-74.153214892952889,4.6890021238490061],[-74.153211822667458,4.6889990157919881],[-74.15320874608669,4.6889959023391024],[-74.153205674002592,4.6889927951814174],[-74.153202604616467,4.6889896889230966],[-74.153199532532355,4.6889865808661177],[-74.153196461347548,4.6889834728090678],[-74.153193389263464,4.6889803647520827],[-74.152949755726581,4.6887338479887433],[-74.152946685441123,4.6887307408311028],[-74.15294361335701,4.6887276318747686],[-74.152940543970885,4.6887245265157285],[-74.152937476383372,4.6887214220560205],[-74.152934406097899,4.6887183148983818],[-74.152931335812454,4.6887152077407395],[-74.152928265527009,4.6887121014823485],[-74.15292519614087,4.6887089961233412],[-74.152922127654051,4.6887058907643455],[-74.152919060066552,4.6887027863046509],[-74.152915992479024,4.6886996809455788],[-74.152912923992204,4.6886965755866061],[-74.152909857304039,4.6886934729255234],[-74.15290833295316,4.6886919953393811],[-74.152906790615873,4.6886903675664753],[-74.15290500815955,4.6886886444653957],[-74.152903723028359,4.688687263106778],[-74.152900655440845,4.6886841577477734],[-74.15289758875268,4.6886810541873052],[-74.152894524762459,4.6886779515263202],[-74.152891458973599,4.68867484706659],[-74.152888391386114,4.6886717408082328],[-74.152885328295213,4.688668640845183],[-74.152882265204312,4.6886655372847423],[-74.152879198516104,4.688662431026442],[-74.152876131828009,4.688659325667424],[-74.152873071435053,4.6886562275029471],[-74.152870011042083,4.6886531257412338],[-74.152866944353931,4.6886500185835471],[-74.152863882162421,4.6886469159225248],[-74.152860819071506,4.6886438123621463],[-74.152857757779245,4.6886407106003514],[-74.152854713574129,4.6886376259257707],[-74.152632800463323,4.6884117953681121],[-74.152629771546657,4.6884087008009656],[-74.152626722844957,4.6884055837507512],[-74.152623670545893,4.6884024658012313],[-74.152620624542109,4.6883993523482594],[-74.152617575840395,4.6883962343987466],[-74.152614524440693,4.6883931164492489],[-74.152611477537619,4.6883900002983374],[-74.152608426137917,4.6883868796508201],[-74.152605376536869,4.6883837626006164],[-74.152602327835083,4.688380643751783],[-74.152599278234021,4.6883775249028785],[-74.152596228632973,4.6883744051547174],[-74.152593179031925,4.6883712854065527],[-74.152590125833626,4.6883681629603906],[-74.15258707533323,4.6883650432122712],[-74.152584028430084,4.6883619270613801],[-74.15258097882905,4.6883588046152047],[-74.152577924731375,4.6883556812697575],[-74.152574876928995,4.6883525624208771],[-74.152571824629931,4.688349438176135],[-74.152568771431618,4.6883463139313069],[-74.152565720931236,4.6883431923844867],[-74.152562671330188,4.6883400726362892],[-74.152559620829777,4.6883369492908527],[-74.152556568530755,4.6883338250460271],[-74.152553515332443,4.6883307008012487],[-74.152550463033378,4.6883275774557882],[-74.152547411633691,4.688324455009627],[-74.152544359334655,4.6883213298655342],[-74.152541305236952,4.6883182038221163],[-74.152538252937958,4.6883150804766585],[-74.152032476917213,4.6877974163178173],[-74.151783903404393,4.6875437130719542],[-74.151357773142649,4.6871100060220634],[-74.151356238899268,4.6871085617108204],[-74.151350950885586,4.6871039580812717],[-74.151350609143265,4.6871036658016285],[-74.151347575729957,4.6871014525700181],[-74.151341639305144,4.6870977239808225],[-74.151340812828209,4.6870972257564274],[-74.15133791251462,4.6870957706533796],[-74.151331473368771,4.6870930115333262],[-74.151330101902644,4.6870924674434447],[-74.151327500163944,4.6870916643489391],[-74.151320712081116,4.6870899367512777],[-74.151318706592974,4.6870895077746377],[-74.151240352024985,4.6870759799422839],[-74.151171290042058,4.6870045392767929],[-74.151153973385362,4.6869460215159755],[-74.151153460377884,4.6869444643515177],[-74.15115255793927,4.6869422778295862],[-74.151151468939005,4.6869401790452292],[-74.151150201490381,4.6869381824665393],[-74.151148765509518,4.6869363043698868],[-74.151148274236817,4.6869357347075642],[-74.151038718072485,4.6868118958218892],[-74.151037953676436,4.6868110666518401],[-74.151016040492237,4.6867882812969377],[-74.15101567632496,4.6867879105688832],[-74.150962425978719,4.6867346261949274],[-74.150833074823339,4.6866057116654289],[-74.150639004139606,4.686413538488936],[-74.150484698645201,4.6862589947926541],[-74.150335940981861,4.6861065430515829],[-74.150207493068962,4.6859766842085735],[-74.150207237071285,4.685976428316005],[-74.149937087032043,4.6857105083748944],[-74.149935531230597,4.685709091485168],[-74.14993483446213,4.6857085254604298],[-74.149858697617759,4.6856486310677807],[-74.1498253755463,4.6856149264289435],[-74.149750787057812,4.685518856824249],[-74.149750169584081,4.6855180900347788],[-74.149748226152596,4.6855160012836921],[-74.14967764413683,4.685447705273468],[-74.149640144923424,4.6854090653425455],[-74.149266703949735,4.6850284057788834],[-74.149258310322764,4.6849769535236199],[-74.149258254564742,4.6849766252710845],[-74.149257898433206,4.6849749210558418],[-74.149256270660317,4.6849682094154304],[-74.149255406411811,4.6849653450747013],[-74.14925499002571,4.6849642685861728],[-74.14925236220671,4.6849578842990107],[-74.149250786594493,4.6849546746186306],[-74.14925049881144,4.6849541853874026],[-74.149246932999532,4.6849482777409168],[-74.149244530010989,4.6849449079811869],[-74.149240102648577,4.6849396064777329],[-74.149238721289919,4.684938074932262],[-74.148275899912775,4.6839495887026557],[-74.148272852110367,4.6839464590618887],[-74.148269801609985,4.6839433276225231],[-74.148266757404883,4.6839402033777446],[-74.148263714099073,4.6839370773343241],[-74.14826066629665,4.6839339485929523],[-74.148257622091535,4.683930821650196],[-74.148254577886419,4.6839276965060312],[-74.148251537278597,4.6839245740599251],[-74.148248493972801,4.6839214480164717],[-74.148245450666963,4.6839183228723371],[-74.148242410958446,4.6839151995269042],[-74.148239369451289,4.6839120752820991],[-74.148236329742744,4.6839089528360169],[-74.148233293631549,4.683905832188465],[-74.148230253923003,4.6839027088430036],[-74.148227215113806,4.6838995854975272],[-74.148224179002611,4.6838964639507283],[-74.148221143790678,4.6838933433032732],[-74.148218110377456,4.683890225353661],[-74.14821507606483,4.6838871029075593],[-74.148212042651608,4.6838839831593289],[-74.148209011936316,4.6838808634111819],[-74.148205977623689,4.6838777418643769],[-74.148202946908427,4.683874623914801],[-74.148199920689763,4.6838715077639339],[-74.148196891773111,4.6838683871164637],[-74.148193865554376,4.6838652709655912],[-74.148190836637738,4.6838621485193519],[-74.148187809519754,4.6838590305698711],[-74.148184786898355,4.6838559135196896],[-74.148181811041695,4.683852845032848],[-74.147935492129193,4.6835957342558316],[-74.147932527064398,4.6835926001185051],[-74.147929538617262,4.6835894416994339],[-74.147926552868043,4.6835862859784161],[-74.147923568018186,4.6835831293580465],[-74.14792058047037,4.6835799691403777],[-74.147917592922497,4.6835768089226413],[-74.14791460717332,4.683573648705015],[-74.147911619625489,4.683570485789371],[-74.14790863207763,4.6835673246723522],[-74.147905644529828,4.6835641599580233],[-74.147902654284053,4.6835609934452105],[-74.147899667635485,4.6835578296301881],[-74.147896681886323,4.6835546667145946],[-74.147893694338507,4.6835514993023528],[-74.147890703193355,4.6835483291920958],[-74.147887712947565,4.6835451590818931],[-74.147884722701747,4.6835419898710287],[-74.147881733355277,4.6835388188614866],[-74.147878742210111,4.6835356487512012],[-74.147875754662294,4.6835324786410597],[-74.147872762617837,4.6835293040342485],[-74.147869770573436,4.6835261312260297],[-74.147866776730325,4.6835229548205879],[-74.147863784685825,4.6835197811130582],[-74.14786079264141,4.6835166056069459],[-74.147857798798341,4.6835134292014615],[-74.147854805854578,4.6835102527960313],[-74.147851810212813,4.6835070727933035],[-74.147848815470397,4.6835038963877871],[-74.147845821627271,4.6835007172843728],[-74.147842825086286,4.6834975372815784],[-74.147642406671693,4.6832848404231386],[-74.147639411029942,4.6832816604203265],[-74.147636412690233,4.6832784786189601],[-74.147633414350508,4.6832752968176088],[-74.147630417809523,4.6832721168148135],[-74.147627419469814,4.683268935013456],[-74.147624420230741,4.6832657523127317],[-74.147621421891074,4.6832625714105909],[-74.147618421752725,4.6832593878105477],[-74.147615421614375,4.6832562051098412],[-74.147612422375346,4.6832530224091551],[-74.147609418639718,4.6832498352117993],[-74.147606419400674,4.6832466543097206],[-74.147603418362991,4.6832434698103818],[-74.147600414627377,4.6832402844116459],[-74.147597410891748,4.6832370990129402],[-74.147594406256786,4.6832339127149858],[-74.147591403420506,4.6832307300142331],[-74.147588397886238,4.6832275419175851],[-74.147585389653941,4.6832243547202683],[-74.147582385918298,4.6832211702208708],[-74.14757938128335,4.6832179857215479],[-74.147576372151818,4.6832147967255864],[-74.147573362120909,4.6832116077295964],[-74.147570355687293,4.6832084250288784],[-74.147567345656427,4.6832052342342037],[-74.14756433292753,4.683202046137624],[-74.147561323796012,4.683198859839548],[-74.147558311067115,4.6831956708436397],[-74.147555300136958,4.6831924845456276],[-74.147552289206686,4.6831892973482558],[-74.147549245001642,4.683186077775316],[-74.147339028473354,4.6829653292865814],[-74.147335958187895,4.6829621294987325],[-74.147332921177323,4.6829589647844809],[-74.147329883267432,4.6829558000701503],[-74.147326848055556,4.682952638953183],[-74.147323814642277,4.6829494778362104],[-74.147320776732428,4.6829463140212946],[-74.147317737923217,4.6829431502062988],[-74.147314702711299,4.6829399926866095],[-74.147311669298034,4.6829368333682035],[-74.147308633186796,4.6829336749492114],[-74.147305597974935,4.6829305156309005],[-74.147302560964334,4.6829273563125202],[-74.147299525752487,4.6829241987927812],[-74.147296490540541,4.6829210421723966],[-74.14729345802661,4.6829178882500671],[-74.147290424613345,4.6829147334283041],[-74.147287388502136,4.6829115768079008],[-74.147284354189523,4.6829084219861743],[-74.147281321675607,4.6829052689630721],[-74.147278290061024,4.6829021168392968],[-74.147275253949772,4.6828989620175605],[-74.147272219637202,4.6828958098937559],[-74.147269190720507,4.6828926613673723],[-74.147266158206591,4.6828895092435419],[-74.147263124793284,4.6828863580191094],[-74.147260096775966,4.6828832103919282],[-74.147257064262078,4.6828800591674629],[-74.14725403264741,4.6828769088423599],[-74.147251002831467,4.6828737621144931],[-74.147247973914816,4.6828706135880864],[-74.147244943199553,4.6828674650615092],[-74.147162892653327,4.682782210230906],[-74.14716082241398,4.6827802730911623],[-74.147158950924791,4.6827788323772968],[-74.147156961624432,4.6827775607358966],[-74.147154868902007,4.6827764671603225],[-74.147152689844731,4.6827755615430275],[-74.147150440640274,4.6827748501792339],[-74.147148137476506,4.6827743375656858],[-74.147143777563244,4.6827739274748748],[-74.147122527482622,4.6827736630741716],[-74.147065553632331,4.682715673889307],[-74.14706515073604,4.6826911673635534],[-74.147064743343179,4.6826869036777561],[-74.14706423252828,4.6826845933194319],[-74.147063523862471,4.6826823360210792],[-74.147062620943188,4.6826801497692072],[-74.147061531864153,4.6826780507514716],[-74.14706026382008,4.6826760542565617],[-74.147058828502111,4.6826741764721822],[-74.147057565853956,4.6826727699324353],[-74.146684633189224,4.6822852763444862],[-74.146416204444208,4.6820075540054749],[-74.146126663214858,4.6817092650706043],[-74.146125116380944,4.6817077919810952],[-74.146119773508687,4.6817030930234216],[-74.146119330142923,4.6817027117108543],[-74.146116354286278,4.6817005344521689],[-74.146110342318408,4.6816967375145069],[-74.146109457385506,4.681696202417867],[-74.146106569662436,4.6816947527107233],[-74.146100036087773,4.6816919495239091],[-74.146098652930448,4.6816914009374591],[-74.146098043190079,4.6816911859994681],[-74.146051489784384,4.6816754388704931],[-74.145991747820844,4.6816137768543635],[-74.145980722132606,4.6815646630788263],[-74.145978186943751,4.6815533702918799],[-74.145977716598267,4.6815515653524891],[-74.145974522206387,4.6815408400377896],[-74.145974023082644,4.6815393273781352],[-74.145973214592104,4.6815373443730079],[-74.145968582184281,4.6815271586515017],[-74.145967399575781,4.681524855487722],[-74.145966810519809,4.681523879723362],[-74.14596083002823,4.6815144287479642],[-74.145958669856668,4.6815114762736947],[-74.145951407831149,4.6815028832515342],[-74.145950156874221,4.6815015027922007],[-74.14318978318191,4.6786577835300101],[-74.14318952867373,4.6786575209279553],[-74.143189284058153,4.6786572313462234],[-74.143146239807095,4.678594807604326],[-74.143144889025379,4.6785930143561814],[-74.143136358056438,4.6785826092001326],[-74.14313618988318,4.6785824059533567],[-74.143134865181807,4.6785809337631807],[-74.142589446145962,4.6780179761487464],[-74.142487497200193,4.6779127482747631],[-74.142421817912521,4.6778449573789249],[-74.142420184743671,4.6778434060484404],[-74.142416231323949,4.677839952651798],[-74.142410010713363,4.6778345189479635],[-74.142409637494708,4.6778341987893155],[-74.142406385546224,4.677831849760083],[-74.142394885015904,4.6778247783908711],[-74.142394275275507,4.6778244141654923],[-74.142390869542965,4.6778227486210104],[-74.142378360872613,4.677817687236562],[-74.142377494825482,4.6778173535880736],[-74.142376240271219,4.677816930007344],[-74.142341502158573,4.6778061444380707],[-74.142228576087845,4.6776895869049637],[-74.142203250279763,4.6776314808083139],[-74.142202558701072,4.6776300158126611],[-74.142198148425777,4.6776213463480794],[-74.142197482028109,4.677620116974925],[-74.142196506263673,4.6776185467586311],[-74.142191094143641,4.677610469048016],[-74.142189367445326,4.6776081658842079],[-74.142189133621571,4.6776078897923643],[-74.142182799696386,4.6776005180495357],[-74.142181707919448,4.6775993219512593],[-74.141999356884739,4.6774111064374333],[-74.141289982446722,4.6766789152998243],[-74.141288319600221,4.6766773387882035],[-74.141285672895407,4.6766750329264974],[-74.141243295941294,4.6766365455401999],[-74.141123010718303,4.676499197480064],[-74.141122452239344,4.6764985796458189],[-74.140794038713864,4.6761460597928899],[-74.140766612988756,4.6760744413824087],[-74.140764789163654,4.6760706075725436],[-74.140763522018901,4.6760686110775849],[-74.140762085801541,4.6760667332932124],[-74.140760377089649,4.6760648734951422],[-74.140588562512093,4.6758945427989573],[-74.140586938336469,4.6758930589176302],[-74.140586344783927,4.6758925732837344],[-74.140292242193183,4.6756588790541009],[-74.140291648640641,4.6756584212991781],[-74.140096075773215,4.6755116654311459],[-74.139923985103792,4.6753521859547149],[-74.139836169903262,4.6752550897506469],[-74.139835327238515,4.6752542003211897],[-74.139691236960942,4.6751086819202161],[-74.139390661949449,4.6747962187705792],[-74.139399984321741,4.6747683586729325],[-74.139400979871297,4.6747644349307649],[-74.139401288338746,4.6747620885995724],[-74.139401390861437,4.6747597242819294],[-74.13940128833876,4.6747573599642713],[-74.139400979871311,4.6747550127337618],[-74.139400469056341,4.6747527023754145],[-74.13939976039056,4.6747504450770414],[-74.139398857471249,4.6747482588251525],[-74.139397768392229,4.6747461598074755],[-74.139396501247518,4.6747441633125781],[-74.1393950650302,4.67474228552814],[-74.13939347143149,4.6747405408433522],[-74.139391732142684,4.6747389418487701],[-74.13938832910803,4.6747365010887512],[-74.139324336749723,4.6746977271764658],[-74.139323835083488,4.6746965128199882],[-74.139322746137651,4.6746944140156632],[-74.139321477843481,4.6746924174141329],[-74.139320042820515,4.6746905392917011],[-74.139318449181715,4.6746887950208906],[-74.139316709546151,4.6746871954523543],[-74.13931483833575,4.6746857550537833],[-74.139312849070848,4.6746844837712951],[-74.139310756172833,4.6746833906467673],[-74.139308564148635,4.67468248020133],[-74.139285222620927,4.6746739826627515],[-74.139285069851198,4.6746739344876831],[-74.139261593048019,4.674659709777842],[-74.139121257439996,4.6745306759500123],[-74.138847769109177,4.6742472042451473],[-74.138778893630985,4.6741752063207587],[-74.138284815991412,4.6736614686019466],[-74.138284628033091,4.6736612752477047],[-74.138102552190972,4.6734757010428467],[-74.137864519631805,4.6732326952327572],[-74.137176545461145,4.6725311844666999],[-74.137082994384627,4.6724305404371789],[-74.137082633756506,4.6724301591245947],[-74.136806123703565,4.6721440101380507],[-74.136737764436248,4.6720731129838144],[-74.136774328172692,4.6720328845101013],[-74.136775062918758,4.6720320427446156],[-74.136776499136062,4.6720301649601605],[-74.136777766280829,4.6720281684653004],[-74.136778855359864,4.6720260694476154],[-74.136779758279204,4.6720238831957399],[-74.136780466944955,4.6720216258973633],[-74.136780977759884,4.6720193146397424],[-74.136781286227347,4.6720169683084931],[-74.136781388750066,4.6720146039908235],[-74.136781286227347,4.6720122396731369],[-74.136780977759869,4.6720098933419738],[-74.13678046694497,4.6720075820842997],[-74.136779758279189,4.6720053256853209],[-74.136778855359864,4.6720031385341416],[-74.136777766280801,4.6720010395164548],[-74.136777179922888,4.6720000673493445],[-74.136658157348023,4.6718118851104657],[-74.13665604124327,4.6718089829982512],[-74.136654447644617,4.6718072374141322],[-74.136652708355754,4.6718056384195341],[-74.13665198350219,4.671805049363579],[-74.136628282768982,4.6717864558803095],[-74.136396485209559,4.6715438421746622],[-74.136316857437009,4.6714614840602975],[-74.136314830365109,4.671459591886725],[-74.136312958875905,4.6714581511728213],[-74.136310969575547,4.6714568795314353],[-74.136308876853136,4.6714557868551125],[-74.136306697795774,4.6714548812378078],[-74.136304447692055,4.6714541689748357],[-74.136302145427635,4.6714536572605727],[-74.136299806290992,4.6714533478937872],[-74.136297450067218,4.6714532444717385],[-74.13629509384343,4.6714533478938041],[-74.136292754706801,4.6714536572605692],[-74.136290451543033,4.6714541689748099],[-74.136288202338619,4.6714548812378451],[-74.136286023281272,4.6714557868551188],[-74.136283930558918,4.6714568795314655],[-74.136281941258517,4.671458151172776],[-74.136280069769398,4.6714595918867499],[-74.136278924932398,4.6714606126172251],[-74.136171026971297,4.6715624401545881],[-74.135866878953252,4.6712399207857445],[-74.134969064092857,4.6702878715612384],[-74.134918207764798,4.670233196059943],[-74.13491795718538,4.6702329311180169],[-74.134864272074552,4.6701767516690156],[-74.134864126388109,4.6701765981951331],[-74.134811902782644,4.6701212167893589],[-74.134810687889924,4.670120006010352],[-74.134805254806224,4.6701149565602398],[-74.134804883971128,4.6701145996784872],[-74.134782554307137,4.6700912315693444],[-74.134781090501448,4.6700898092111194],[-74.134709436655442,4.6700253362738948],[-74.134709236397825,4.6700251534372539],[-74.13470916632285,4.6700250889864616],[-74.13470905673428,4.6700249870025017],[-74.134412741452252,4.6697479706896674],[-74.134412391656511,4.6697476341767228],[-74.134293790158154,4.6696239317363633],[-74.13416100598748,4.6694626119653391],[-74.134052929433523,4.6693312779628222],[-74.134051460206408,4.669329646708011],[-74.133705294838876,4.6689751999172042],[-74.133329041849535,4.6685819595866827],[-74.133328816509845,4.668581727197175],[-74.132832322765935,4.6680750325075424],[-74.13238961696166,4.6676204769286285],[-74.132388909131976,4.6676197490149898],[-74.132388857646887,4.6676196957701324],[-74.131489170450536,4.6666930318124527],[-74.13131086081259,4.6665093242693221],[-74.131271889745136,4.666469117270557],[-74.13127151060705,4.6664687125742761],[-74.131251890863581,4.6664456837445369],[-74.131250743434734,4.6664444196083705],[-74.131207371210778,4.6663995664896571],[-74.130716538701975,4.6658919663982843],[-74.130642481849719,4.6658037403870107],[-74.130640095067605,4.6658012392489407],[-74.130596122091276,4.6657607024030616],[-74.130567261040483,4.665733210923773],[-74.130576021619106,4.6657229006401444],[-74.130577526231804,4.6657209414683543],[-74.130578591820779,4.6657192754426449],[-74.130578643125659,4.6657191837467389],[-74.130578794275877,4.665718945872726],[-74.130579883354841,4.6657168459557292],[-74.130580417291597,4.6657155531268515],[-74.130580547824763,4.6657152860061819],[-74.130580601137993,4.6657151079768679],[-74.13058078627418,4.6657146597038617],[-74.13058149493996,4.6657124024055836],[-74.130581730758664,4.6657113358241658],[-74.130581822648622,4.6657110289751778],[-74.130581855759871,4.6657107704578555],[-74.130582005754945,4.6657100920471617],[-74.130582313323089,4.665707745716003],[-74.130582349706998,4.6657069139480294],[-74.130582387206616,4.665706621168165],[-74.130582376024478,4.6657063123066571],[-74.130582416745071,4.6657053813982907],[-74.13058231332306,4.6657030161812836],[-74.130582235080368,4.6657024192949175],[-74.130582226426355,4.6657021802629925],[-74.130582162098079,4.6657018625380084],[-74.130582005754917,4.6657006698501284],[-74.130581494939946,4.6656983594917838],[-74.130581376414455,4.6656979819550708],[-74.130581344600358,4.6656978248213994],[-74.130581244109052,4.6656975605252722],[-74.130580786274209,4.665696102193432],[-74.130579883354841,4.6656939159415289],[-74.130579761774797,4.6656936729487706],[-74.130579683409607,4.6656935304154006],[-74.130578794275905,4.6656918160245873],[-74.130577528417533,4.6656898252457415],[-74.130576090913848,4.6656879426444711],[-74.130574700859057,4.665686404495025],[-74.130465827812657,4.6655747939939376],[-74.130463885200115,4.6655729886026354],[-74.130462577131681,4.6655719816225032],[-74.130462352631724,4.6655717873750486],[-74.13046222409379,4.6655717098461036],[-74.13046201371094,4.6655715478886606],[-74.130460024410567,4.6655702762473092],[-74.130458705891897,4.6655695878072079],[-74.130458418487478,4.6655694144563311],[-74.130458241706876,4.6655693454415825],[-74.13045793168817,4.6655691835710282],[-74.130455752630837,4.6655682779536969],[-74.130454453772472,4.6655678666399591],[-74.130454138698568,4.6655677436357417],[-74.130453931727217,4.6655677013221464],[-74.130453503426381,4.6655675656906865],[-74.130451200262641,4.6655670539764618],[-74.130449968431179,4.6655668910583383],[-74.130449637434324,4.6655668233887031],[-74.130449401155644,4.665566816032265],[-74.130448861125998,4.6655667446096691],[-74.130446504902224,4.6655666420869446],[-74.130445382648389,4.665566690917812],[-74.130445045289619,4.6655666804143081],[-74.130444785174461,4.6655667169147934],[-74.130444148678464,4.6655667446096354],[-74.130441809541821,4.6655670539764049],[-74.130440827232249,4.6655672723100734],[-74.130440495496146,4.665567318860683],[-74.130440218145907,4.6655674076890357],[-74.130439507277373,4.6655675656906537],[-74.130437257173639,4.6655682779537111],[-74.130436438286907,4.6655686182834293],[-74.130436120056757,4.6655687202045897],[-74.130435832882739,4.6655688698897233],[-74.130435078116292,4.6655691835710247],[-74.130432985393895,4.6655702762473465],[-74.130432325655406,4.6655706979788976],[-74.130432045915853,4.665570843788883],[-74.130431776635902,4.665571048934412],[-74.130430996093509,4.6655715478886775],[-74.13042912460439,4.6655729886025892],[-74.1304283923659,4.6655736280114448],[-74.130416060915664,4.665584791061451],[-74.130328361941778,4.6654941224562654],[-74.130209109597132,4.6653724938378565],[-74.130209088727113,4.6653724722731731],[-74.130209064529765,4.6653724474577309],[-74.130201948591164,4.6653651086627566],[-74.13014231615827,4.6653037385869371],[-74.129787050062589,4.6649381113909749],[-74.129620536624159,4.6647664958606025],[-74.129694246522561,4.6646997478572603],[-74.129696842911883,4.6646970473974765],[-74.129698278512791,4.6646951690408978],[-74.129699545565614,4.6646931731366745],[-74.129700635058612,4.664691074154403],[-74.129701537980026,4.6646888874679995],[-74.129702247121045,4.6646866302599088],[-74.129702757976304,4.6646843188080096],[-74.129703066040975,4.6646819730074593],[-74.129703168612323,4.6646796082316966],[-74.129703065691842,4.6646772443754738],[-74.129702758181963,4.664674897716357],[-74.129702247886627,4.6646725863403793],[-74.129701538412377,4.6646703292377678],[-74.129700635168064,4.6646681426856302],[-74.129699546266451,4.6646660438652381],[-74.129698278918951,4.6646640472451413],[-74.129696843040833,4.6646621700062072],[-74.129696011990347,4.6646612214478473],[-74.12963597649501,4.6645958678752137],[-74.129635221087327,4.6645940394183887],[-74.129634132186069,4.6645919405979326],[-74.129632864838854,4.6645899439776022],[-74.129631428961019,4.6645880667386042],[-74.12963009675984,4.6645865873879178],[-74.129589874074085,4.6645451042904158],[-74.12958787399603,4.6645432397535238],[-74.129586001931031,4.6645417993280649],[-74.129585535045862,4.664541500036413],[-74.129566165173486,4.6645230074482757],[-74.129564906903326,4.6645218789638294],[-74.129563034838426,4.6645204385383501],[-74.129561045619525,4.6645191663229264],[-74.129558952766644,4.6645180740726877],[-74.129556774305868,4.6645171681165483],[-74.129554523757022,4.664516456592164],[-74.129552221849835,4.6645159440195254],[-74.12954988300514,4.6645156349191703],[-74.12954752615012,4.6645155329069254],[-74.129545170211443,4.6645156352684127],[-74.129542831412294,4.6645159447154461],[-74.129540528679229,4.6645164567250301],[-74.129538278235188,4.6645171685829876],[-74.129536099907753,4.6645180739577379],[-74.12953400721571,4.6645191665181391],[-74.129532017282742,4.6645204381240779],[-74.129530092257795,4.664521924950761],[-74.129453791047027,4.6645868437117306],[-74.12933402322372,4.6644598070868684],[-74.129333656374769,4.6644594254954912],[-74.128800641358865,4.6639157035878123],[-74.128832542797355,4.6638874831966781],[-74.128835373504401,4.6638845720188602],[-74.128836810007286,4.6638826936639317],[-74.128838077061118,4.6638806977611669],[-74.128839166555437,4.6638785987801894],[-74.128840069478557,4.6638764120948206],[-74.128840778621509,4.663874154887603],[-74.128841289479055,4.6638718434362083],[-74.128841597546256,4.6638694976359476],[-74.12884170012039,4.6638671328601937],[-74.128841597202936,4.66386476900382],[-74.128841289696283,4.6638624223442182],[-74.128840778503132,4.663860110967593],[-74.128840069032449,4.6638578538639859],[-74.12883916669314,4.6638556673105835],[-74.128838076894084,4.6638535684888573],[-74.128836166874237,4.6638506893083642],[-74.128805640332502,4.6638104959044613],[-74.128804847134532,4.6638095003181279],[-74.128803253546238,4.663807755118027],[-74.128801515763897,4.6638061564264817],[-74.128799643702379,4.6638047150944875],[-74.128797654486917,4.6638034437812292],[-74.128795561637304,4.6638023515287168],[-74.128793383179712,4.6638014455700558],[-74.128791132633879,4.6638007340431749],[-74.12878883072959,4.663800221468013],[-74.128786490986315,4.6637999123651577],[-74.128784135034962,4.663799809445945],[-74.128781779098475,4.6637999118048743],[-74.128779439400049,4.6638002212493621],[-74.12877713757014,4.6638007341606569],[-74.128774887127534,4.6638014460161843],[-74.128772707899998,4.6638023513886377],[-74.128770615208865,4.6638034439467573],[-74.128768626177774,4.6638047155505182],[-74.128766755226536,4.6638061562514217],[-74.128765641317358,4.6638071483597692],[-74.128724639511589,4.6638457210376814],[-74.128476750446595,4.6635913686816854],[-74.128538026973075,4.6635340907202334],[-74.12854030793595,4.6635316796664936],[-74.128541744438905,4.6635298013121176],[-74.128543011492951,4.6635278054098679],[-74.128544100987625,4.6635257064292981],[-74.128545003911213,4.6635235197443263],[-74.128545713054763,4.6635212625372775],[-74.128546223913048,4.6635189510861546],[-74.128546531079806,4.6635166052860697],[-74.128546633654906,4.6635142405103096],[-74.128546531639756,4.6635118766537724],[-74.128546224134283,4.6635095299940295],[-74.128545712942341,4.6635072186171405],[-74.128545003472965,4.6635049615131843],[-74.128544100233725,4.6635027749594355],[-74.128543011337399,4.6635006761371907],[-74.128541743995228,4.6634986795147864],[-74.128540308122524,4.6634968022734],[-74.12853840537494,4.6634947514386669],[-74.12853785826033,4.6634942197446447],[-74.128537623798593,4.6634924292297013],[-74.128537112606679,4.6634901178527954],[-74.128536403137346,4.6634878607488526],[-74.128535500799487,4.6634856750993663],[-74.12853441100188,4.6634835753728074],[-74.128533144561132,4.6634815796546256],[-74.128531707787161,4.6634797015090408],[-74.128530275540939,4.6634781190721704],[-74.128489833987643,4.6634368520548017],[-74.12848793396509,4.6634350915028522],[-74.128486062806545,4.6634336510743033],[-74.128484073592588,4.6634323788557888],[-74.128481980744553,4.6634312866022469],[-74.128479801387215,4.6634303806427502],[-74.128477551744155,4.6634296691147288],[-74.128475249841273,4.6634291565385215],[-74.128472910099347,4.663428847434572],[-74.128470554149274,4.663428744514297],[-74.128468198214037,4.6634288477764558],[-74.128465858516705,4.6634291572199746],[-74.128463556687691,4.6634296692259083],[-74.128461306245924,4.6634303810804303],[-74.128459127019141,4.6634312864519059],[-74.128457034328562,4.6634323790091043],[-74.128455045297983,4.6634336506119896],[-74.128453173445806,4.6634350913121576],[-74.128451598114054,4.6634365283735617],[-74.128436178330048,4.6634517399707685],[-74.128434421874999,4.6634536463816882],[-74.12843298537183,4.6634555238315114],[-74.128431718317628,4.6634575206379454],[-74.128430629724065,4.6634596196182319],[-74.128429726800107,4.6634618053987582],[-74.128429016755049,4.6634640635100695],[-74.128428505896338,4.6634663740568252],[-74.128428443742678,4.6634668542494966],[-74.12839193472324,4.6635041804446384],[-74.127921724582492,4.6630189611822859],[-74.127963313460242,4.6629599321317503],[-74.127964649906247,4.6629578367515467],[-74.127965739401773,4.6629557377718243],[-74.12796664232647,4.6629535510875577],[-74.127967351471298,4.6629512938810684],[-74.127967862331104,4.6629489824302919],[-74.127968170400806,4.6629466366303385],[-74.127968272977768,4.6629442718546157],[-74.127968170063397,4.6629419079979542],[-74.127967862560112,4.6629395613379163],[-74.127967352271767,4.6629372499605006],[-74.127966641903541,4.662934992855976],[-74.127965739568111,4.6629328063012938],[-74.127964650674386,4.662930707478095],[-74.127963383334901,4.6629287108545938],[-74.12796194656363,4.6629268336120466],[-74.127960424185517,4.6629251607495519],[-74.127926673393901,4.6628910426856951],[-74.127924864409664,4.6628893716522422],[-74.127922993253691,4.6628879312221478],[-74.127921003141097,4.6628866599063219],[-74.127918911196758,4.6628855667467546],[-74.127916731841893,4.662884661689735],[-74.127914481299797,4.6628839501599444],[-74.127912179399104,4.6628834375819084],[-74.127909840560491,4.6628831284759675],[-74.127907483710999,4.6628830255538771],[-74.127905127777439,4.6628831279097946],[-74.127902788982922,4.6628834373512991],[-74.127900486254006,4.6628839502597659],[-74.127898236714614,4.6628846612081105],[-74.127896057488755,4.6628855665778879],[-74.127893964798972,4.6628866600377137],[-74.12789197486758,4.6628879316390446],[-74.127890103916968,4.6628893723377116],[-74.127888365465495,4.6628909712808477],[-74.127886772130111,4.6628927158074385],[-74.127885050852456,4.6628950101631181],[-74.127850987058466,4.6629458076482653],[-74.127455914454444,4.6625370139734681],[-74.127076720523007,4.66214702767265],[-74.126717174342147,4.6617757843028338],[-74.126709394864463,4.6617677518693839],[-74.126116838062757,4.6611667295509456],[-74.126110888325925,4.6611606946029687],[-74.1260930589455,4.6611426114608436],[-74.12609131936172,4.6611408436567014],[-74.126084206898568,4.661133631378358],[-74.126043498842918,4.6610923425293862],[-74.126035308379841,4.6610840361108563],[-74.125957973544317,4.6610055953378149],[-74.125822151869457,4.660867833124974],[-74.125821641995472,4.6608672432114862],[-74.12550519103263,4.6604844799600906],[-74.125503781564589,4.6604829126650964],[-74.123981194371112,4.6589174764503882],[-74.12110844551583,4.655978294299187],[-74.121108403885486,4.6559781937096858],[-74.121107315022897,4.6559760948751121],[-74.121106047715259,4.6559740982385316],[-74.12110461187757,4.6559722200769267],[-74.121103018325968,4.655970475762877],[-74.121101278777758,4.6559688770517207],[-74.121099408555139,4.6559674356984315],[-74.121097418474164,4.6559661643627415],[-74.12109534729052,4.6559650811284676],[-74.121094736885368,4.6559647952789902],[-74.121025003397691,4.6559089232236364],[-74.120672566280817,4.6556238615267223],[-74.120615926941284,4.6555646951313543],[-74.120613806134656,4.6555627057806337],[-74.120611935012903,4.6555612653304301],[-74.120609944933932,4.6555599939933296],[-74.120607853022463,4.6555589008114193],[-74.120605674600611,4.6555579957311446],[-74.120603424089055,4.6555572841775232],[-74.120601122217238,4.6555567715750898],[-74.12059878250453,4.6555564615402911],[-74.120596426581614,4.6555563594975933],[-74.120594070671103,4.6555564618288665],[-74.12059173099604,4.6555567712459549],[-74.120589455321905,4.6555572588080736],[-74.120080485877978,4.6550257159202433],[-74.119918060441563,4.6548582447119431],[-74.119513392101283,4.6544084055471737],[-74.119513421607095,4.6544082723239759],[-74.119513729175182,4.6544059250934726],[-74.119513831697915,4.6544035607757639],[-74.119513729175196,4.6544011964580987],[-74.119513568342583,4.6543999440473067],[-74.119513553927874,4.6543998595566176],[-74.119513421607095,4.6543988501269196],[-74.119512910792096,4.6543965397685385],[-74.11951274180781,4.654396002188582],[-74.119512703148757,4.654395818567715],[-74.119512594749565,4.6543955343606385],[-74.119512201227053,4.6543942824702436],[-74.119511299207005,4.6543920953190216],[-74.119511195551738,4.6543918826427166],[-74.119511059093568,4.654391632922338],[-74.119510209228707,4.6543899963013757],[-74.119509269378639,4.6543885161541807],[-74.119509101731936,4.6543882241993337],[-74.119509017977137,4.6543881202280062],[-74.119508942083982,4.6543880007057048],[-74.119507506766013,4.6543861229212755],[-74.119506457695962,4.6543849412964509],[-74.119331424770863,4.654198844711285],[-74.119330103101646,4.6541975326186362],[-74.119201015010049,4.6540779410332265],[-74.119201283512396,4.6540770855675513],[-74.119201793493488,4.6540747741223791],[-74.119202101588698,4.6540724274210925],[-74.119202205095277,4.6540700635500665],[-74.119202101310435,4.6540676987869851],[-74.119201793840347,4.654065353026489],[-74.119201282685978,4.654063041641785],[-74.119200574157347,4.6540607845273785],[-74.119199671860486,4.6540585979605726],[-74.119198582105227,4.6540564991229108],[-74.119197315707709,4.654054502482623],[-74.119195878977706,4.6540526243170177],[-74.11919489202478,4.6540515084576235],[-74.11917266267956,4.6540277192009123],[-74.119172187682651,4.6540272218588088],[-74.119139694167586,4.6539941694625666],[-74.119076331218679,4.6539278846118783],[-74.119074196901408,4.6539258807882176],[-74.119072326688311,4.6539244394293622],[-74.119070336616701,4.6539231680878039],[-74.119068244712452,4.6539220758054958],[-74.119066065396282,4.653921169816118],[-74.1190638157927,4.6539204582574216],[-74.119061513026068,4.6539199456499052],[-74.119059174220666,4.6539196365142024],[-74.11905681740204,4.6539195335620329],[-74.119054461496788,4.6539196367923914],[-74.119052122727638,4.6539199462042706],[-74.11904982002109,4.6539204581793481],[-74.119047570500996,4.653921170003704],[-74.119045391291024,4.6539220753460828],[-74.1190432995149,4.6539231678753499],[-74.119041308691152,4.6539244394519139],[-74.119039438647036,4.6539258801272858],[-74.119038136391211,4.6539270668393904],[-74.118905150859092,4.6538038703831086],[-74.118904790085551,4.653803526360818],[-74.118861903696441,4.653759157620228],[-74.118816677215221,4.653712369495782],[-74.118780536053279,4.6536749820368746],[-74.118743928010829,4.653637108084876],[-74.118698517675909,4.6535901318670279],[-74.118673099535869,4.6535638342260466],[-74.118637612747563,4.6535271213361069],[-74.118590890104343,4.6534787860105569],[-74.116859184399573,4.6516413271155992],[-74.116507787232663,4.6512684718057411],[-74.114650714537007,4.6492979667457792],[-74.114626827651534,4.6492727078865048],[-74.114677886427515,4.6492046354693288],[-74.114678418074504,4.6492038731602943],[-74.114679704104987,4.649201889255834],[-74.114680144763,4.6492010399612242],[-74.114680310108298,4.6492007758600797],[-74.114680420502268,4.6492005085198942],[-74.114680793183979,4.6491997902381774],[-74.114681696103332,4.6491976039863365],[-74.114681939114789,4.6491968309080951],[-74.114682049584914,4.6491965633834704],[-74.114682118859093,4.6491962590980158],[-74.114682405668461,4.6491953466879909],[-74.114682916483389,4.6491930363296454],[-74.114683003168167,4.6491923747876758],[-74.114683061265424,4.6491921195966839],[-74.114683079752055,4.6491917903318365],[-74.114683224051504,4.6491906890990613],[-74.114683326574209,4.6491883247814112],[-74.114683303806004,4.6491877997144089],[-74.114683316744305,4.6491875692704951],[-74.1146832793561,4.6491872358657362],[-74.114683224051504,4.64918596046377],[-74.11468291648336,4.6491836141325464],[-74.114682828678596,4.6491832170015481],[-74.114682808848301,4.6491830401668377],[-74.114682724882954,4.6491827475454288],[-74.114682405668475,4.6491813037741663],[-74.114681696103332,4.6491790464759211],[-74.114681587189168,4.6491787826519797],[-74.114681551837919,4.6491786594518825],[-74.114681440437778,4.6491784271745971],[-74.114680793183979,4.6491768593246521],[-74.114679704105001,4.6491747603070301],[-74.114679577322107,4.649174552481151],[-74.114679478438035,4.6491744049095924],[-74.114678436960276,4.6491727647113432],[-74.114676946402554,4.6491708235897606],[-74.114441867638632,4.6488928781832666],[-74.114440318066187,4.6488911950726326],[-74.114438629692899,4.6488896531194435],[-74.114438539103887,4.6488895737827596],[-74.114438427074603,4.6488894917141872],[-74.114436761247475,4.6488882093234825],[-74.114434770125001,4.6488869403154878],[-74.114434690730576,4.6488868921750903],[-74.114434588390793,4.6488868417214544],[-74.114432680123997,4.6488858441064735],[-74.114430498919774,4.6488849411967257],[-74.114430436204628,4.6488849168531647],[-74.114430380267294,4.6488849005680111],[-74.114428250962987,4.6488842271254915],[-74.114425947123465,4.6488837170660435],[-74.114425898440473,4.6488837078828471],[-74.114423609561868,4.6488834060444448],[-74.11442124160574,4.6488833041592885],[-74.114418896215057,4.6488834060444244],[-74.11441655754183,4.6488837151133655],[-74.11441425481398,4.6488842271254738],[-74.114412435861666,4.6488848024118736],[-74.114412256074047,4.6488848545104613],[-74.114412005609537,4.6488849384892461],[-74.114409826552219,4.6488858441064744],[-74.114408473620344,4.6488865510962114],[-74.114408196935045,4.6488866755626894],[-74.114408056819045,4.6488867689004474],[-74.114407733829793,4.6488869376820698],[-74.114405744529435,4.6488882093234611],[-74.114404780950736,4.6488889511077449],[-74.114404493880883,4.6488891423382253],[-74.114404315194065,4.6488893096575721],[-74.114403873040246,4.6488896500373702],[-74.114401246076909,4.6488921834977432],[-74.114387557106397,4.6489072927640134],[-74.114310487855974,4.6489381958837281],[-74.114304498686607,4.6489318634041288],[-74.114215242696275,4.648833953934008],[-74.114214548687826,4.6488332196707844],[-74.114148479225065,4.6487659641759862],[-74.11404576892356,4.6486614105159374],[-74.113730698139477,4.6483406735763397],[-74.113644686463459,4.6482531164013929],[-74.113547724775358,4.648153127326391],[-74.113302500938417,4.6479002405837031],[-74.113222495627099,4.6478180085298328],[-74.113213980992327,4.6478092588609048],[-74.113153432183225,4.6477470228126521],[-74.113137542167209,4.6477306899748188],[-74.112083900543993,4.6466477275937148],[-74.112083720283508,4.6466475440276893],[-74.111963852562027,4.6465266626783448],[-74.111856911344347,4.6464188172070946],[-74.111803596633564,4.6463650516323867],[-74.111803389106697,4.6463648409734155],[-74.111803351531961,4.6463648026692015],[-74.11149169095809,4.6460436494248682],[-74.111475210116069,4.6460266546672733],[-74.111441152259275,4.6459914727737575],[-74.110811401431846,4.6453377519722832],[-74.110855659623383,4.6452823364867166],[-74.110856038202471,4.6452818577082979],[-74.110857054809159,4.6452804305474986],[-74.110858359725441,4.6452784592335812],[-74.110858513765876,4.6452781741744031],[-74.110858608884158,4.6452779790217997],[-74.110859448804476,4.6452763602159486],[-74.110860349195661,4.6452741732150464],[-74.110860365620937,4.6452741276818692],[-74.110861060389581,4.6452719166656626],[-74.110861521021121,4.6452698547451527],[-74.110861533679383,4.6452697760291759],[-74.110861571204495,4.6452696063073748],[-74.110861878772639,4.6452672590768067],[-74.110861943988027,4.645265755118972],[-74.110861976135325,4.6452654400842812],[-74.1108619652735,4.6452652642457011],[-74.110861981295386,4.6452648947591646],[-74.110861878772624,4.6452625304414807],[-74.110861722994386,4.645261342063157],[-74.110861702478033,4.6452610099302696],[-74.110861648623668,4.6452607747146732],[-74.110861571204481,4.6452601841102883],[-74.110861060389595,4.6452578737519499],[-74.110860780735464,4.6452569841045701],[-74.110860711861349,4.6452566832881583],[-74.11086060111198,4.645256412678747],[-74.110860350824481,4.6452556164535892],[-74.110859448804476,4.6452534293023975],[-74.110859123713126,4.6452528027432036],[-74.110859030670582,4.6452525753993088],[-74.110858872206563,4.6452523180063725],[-74.110858359725427,4.6452513302847995],[-74.110857091681382,4.6452493346891082],[-74.110856803061651,4.6452489570964266],[-74.110856703684647,4.645248795678425],[-74.110856503752316,4.6452485655187763],[-74.110855656363384,4.6452474569046345],[-74.110854056469449,4.6452457176158646],[-74.110853790677481,4.6452454476582892],[-74.110417151983583,4.6448194122057531],[-74.110415682837456,4.6448180800904053],[-74.11041380847449,4.6448166428764894],[-74.110413702068115,4.6448165653322233],[-74.110413565258028,4.644816482065627],[-74.110411822047908,4.6448153677350854],[-74.110409831215279,4.6448143240436846],[-74.110409727897661,4.6448142779942287],[-74.110407550268164,4.6448133685421631],[-74.110405890210757,4.6448128435100529],[-74.110405644037698,4.6448127512263717],[-74.110405525074825,4.6448127280272331],[-74.110405301063736,4.6448126571784556],[-74.110402997899982,4.6448121445648933],[-74.110401561284959,4.6448119550422344],[-74.110401253556716,4.6448118950316388],[-74.11040106934,4.6448118901433393],[-74.110400659662673,4.6448118360974266],[-74.110398303438885,4.6448117326753966],[-74.110397109426629,4.6448117850643689],[-74.110396781944758,4.6448117763743655],[-74.110396543172357,4.6448118099095836],[-74.110395946315805,4.6448118360974284],[-74.11039360807851,4.6448121445648756],[-74.110392663455329,4.6448123548089892],[-74.11039235223501,4.6448123985193339],[-74.110392077166523,4.6448124852989388],[-74.110391304914728,4.6448126571784263],[-74.1103890557103,4.6448133685421595],[-74.11038835676824,4.6448136590228666],[-74.110388086307637,4.6448137443486655],[-74.110387799656735,4.6448138905586971],[-74.110386876652996,4.6448142741595051],[-74.110384783930613,4.6448153677350943],[-74.110384101440829,4.6448157764300904],[-74.110333569918893,4.6448470721810748],[-74.110147408239953,4.6446571901066553],[-74.110147273275373,4.6446570533495786],[-74.110147136578362,4.6446569167954586],[-74.109581428813399,4.6440961048127436],[-74.109580916991106,4.6440955849237282],[-74.109557181501259,4.6440707404958035],[-74.109556291923141,4.6440698525040087],[-74.109521389045284,4.6440365811277857],[-74.109521263404048,4.6440364558676546],[-74.109521185105436,4.6440363773456124],[-74.109512787784851,4.6440280481559757],[-74.109427012828647,4.6435310888773493],[-74.109426495136589,4.6435287373614651],[-74.109426259836511,4.6435279878650579],[-74.109426167518791,4.6435276075429011],[-74.109426025678374,4.6435272420059608],[-74.109425786470794,4.6435264800630218],[-74.109424882739432,4.6435242941284001],[-74.109424871047381,4.6435242682526878],[-74.109424844174953,4.6435242179195244],[-74.109423794472491,4.6435221947935039],[-74.109423340294214,4.6435214791968091],[-74.109423147436289,4.643521127982539],[-74.109422928266255,4.643520830011532],[-74.109422527327723,4.6435201982986039],[-74.109421025182868,4.6435182427421751],[-74.108850038949058,4.6428457920107595],[-74.109018942170394,4.642685055470964],[-74.10902014186604,4.6426839331170466],[-74.10902065178162,4.6426834267987882],[-74.10902225797075,4.6426816938051845],[-74.109023693288748,4.642679816020765],[-74.109024960433544,4.6426778204251899],[-74.109026050411828,4.6426757205081568],[-74.109026952431861,4.6426735342562413],[-74.109027661996947,4.6426712769579419],[-74.109028172811847,4.6426689665995564],[-74.109028480380005,4.6426666202683711],[-74.109028582902738,4.6426642550514066],[-74.10902848037999,4.6426618907337476],[-74.109028172811861,4.6426595444024708],[-74.109027661996933,4.6426572340441741],[-74.109026952431861,4.6426549767458098],[-74.109026050411842,4.6426527904939183],[-74.109024960433544,4.6426506905769642],[-74.109023693288734,4.6426486949813457],[-74.109022257970764,4.6426468171969155],[-74.109021939610784,4.6426464601660928],[-74.109020688653786,4.6426450509284427],[-74.108544216811282,4.6420952486183049],[-74.108607823506134,4.6420309728912379],[-74.109138592706401,4.6414935993298441],[-74.109356999224616,4.6412732507875196],[-74.109625703415574,4.6409912793101924],[-74.110018766197243,4.6405870112816618],[-74.110094526364193,4.6405127042613055],[-74.110083997987729,4.6404935677414043],[-74.109958765147908,4.6403625661358507],[-74.109642228203342,4.6400426339654386],[-74.109627924824011,4.6400503176334436],[-74.109320101692646,4.6403400118788509],[-74.108610319082374,4.641008839355516],[-74.108609321662811,4.6410085240242225],[-74.108607019398391,4.6410080114106771],[-74.108604680261749,4.6410077020438427],[-74.10860232403796,4.6410075995211972],[-74.1085999678142,4.6410077020438516],[-74.108597628677543,4.6410080114106531],[-74.108595326413138,4.6410085240241852],[-74.108593076309376,4.6410092353879708],[-74.108590897252029,4.6410101410052746],[-74.108588805428994,4.6410112336815441],[-74.10858681612865,4.6410125053229434],[-74.10858494463946,4.6410139460368427],[-74.108583685588599,4.6410150755853055],[-74.108197849076731,4.6413835303686479],[-74.108187672971951,4.6413729195614417],[-74.108187533258885,4.6413724755513686],[-74.108186631012288,4.6413702889693198],[-74.108185541309282,4.6413681901134387],[-74.108184274064257,4.6413661934522832],[-74.108182839191684,4.6413643152630284],[-74.108180321884433,4.6413616874478967],[-74.108179407981225,4.6413608817475245],[-74.108177536020875,4.6413594412632762],[-74.108175546905201,4.641358169889986],[-74.108174630311154,4.6413576626120063],[-74.108171246048911,4.6413561552744573],[-74.108168995594653,4.6413554436803581],[-74.108166693777704,4.6413549310366884],[-74.108164354117022,4.6413546218643509],[-74.108161998242693,4.6413545188753691],[-74.108159641475993,4.6413546220690574],[-74.108157302743265,4.641354931444595],[-74.108155000069274,4.6413554433839996],[-74.108152750577645,4.6413561551735789],[-74.108150571392031,4.6413570604824077],[-74.108148479635815,4.6413581538839184],[-74.108146489728639,4.6413594254300223],[-74.108144618793844,4.6413608660768713],[-74.10814354274639,4.6413619359221814],[-74.108141730406089,4.6413636822232531],[-74.108010369385468,4.641487451764533],[-74.107842668635712,4.6416456562518302],[-74.107718893369778,4.6415136629910574],[-74.107718530233782,4.6415132354068112],[-74.107620222847515,4.641397436230335],[-74.107620155617369,4.6413973608488002],[-74.107619663112359,4.6413968419586675],[-74.107618606013816,4.641395713641308],[-74.10761783583699,4.6413949507389844],[-74.107616970839317,4.641394155813158],[-74.106242308781901,4.6401307398952572],[-74.106230203497702,4.6401194782875281],[-74.106073503720921,4.6399737053630279],[-74.106072500594919,4.6399728182755595],[-74.106070628642456,4.6399713768812756],[-74.106068639534442,4.6399701055019626],[-74.10606601324065,4.6399687690381874],[-74.10585855103939,4.6398771518133497],[-74.105857990452918,4.6398769121937731],[-74.105584666780231,4.6397635123802781],[-74.105584637327453,4.6397634998763655],[-74.105584098287906,4.6397632684282826],[-74.105584069677519,4.6397632560329756],[-74.10507499277395,4.6395382305007811],[-74.105001466065502,4.6394623525144594],[-74.104904305806159,4.6393620873073402],[-74.104829413631919,4.6392856615486329],[-74.104305298647716,4.6387508130324138],[-74.103982432984793,4.6384118780719108],[-74.103722605441604,4.6381387602398165],[-74.103752311627758,4.638102896463602],[-74.103753702071614,4.6381010644126883],[-74.103754927071563,4.6380991291573705],[-74.103756022322543,4.6380970210607453],[-74.103756862818216,4.6380949935532323],[-74.103756878266452,4.6380949485510179],[-74.103756925241825,4.6380948348088724],[-74.103757633907676,4.6380925775105464],[-74.103758081001118,4.638090583005587],[-74.103758097309949,4.6380904815940722],[-74.103758144722562,4.6380902671521609],[-74.10375845229072,4.6380879208209631],[-74.103758522466975,4.6380863159192893],[-74.10375855148466,4.6380860316048462],[-74.103758541458646,4.63808588158816],[-74.103758555712687,4.6380855556039515],[-74.10375845229072,4.6380831912862854],[-74.103758267385203,4.6380817807062362],[-74.103758246315309,4.6380814654430056],[-74.103758201592242,4.6380812787941501],[-74.103758144722576,4.6380808449551036],[-74.103757633907662,4.6380785345967581],[-74.103757254410581,4.6380773257927332],[-74.103757179957427,4.6380770150673696],[-74.103757092759423,4.6380768108887631],[-74.103756925241811,4.6380762772984676],[-74.103756022322543,4.6380740910465317],[-74.103755506207548,4.6380730958950647],[-74.103755382595466,4.6380728064509826],[-74.103755246357963,4.6380725948639165],[-74.103754933243508,4.6380719911296078],[-74.103752905189069,4.6380689586694901],[-74.103671823932117,4.6379637877103548],[-74.103671040926216,4.6379627676376449],[-74.103670902184987,4.6379626022906164],[-74.103670371790187,4.6379619222050383],[-74.103668778191519,4.6379601775202266],[-74.103668415717152,4.6379598442837215],[-74.103668236787911,4.637959645814175],[-74.10366792302716,4.6379593913350101],[-74.103667038902699,4.6379585785256445],[-74.103665168312816,4.637957137811787],[-74.103664973876661,4.6379570067206686],[-74.103664746415859,4.6379568681181826],[-74.103663179012457,4.6379558661703557],[-74.103661343722905,4.6379549008909882],[-74.103661241982962,4.6379548547862859],[-74.103661086290074,4.6379547734941173],[-74.103658907232727,4.6379538678768109],[-74.103657776050071,4.6379535101136611],[-74.10365743351241,4.6379533772198798],[-74.103657184224915,4.6379533229350667],[-74.103656658028271,4.6379531565130314],[-74.103654354864531,4.6379526438994292],[-74.103653618612242,4.637952546487651],[-74.103653332370769,4.6379524841556883],[-74.103652999610944,4.6379524645890031],[-74.103652016627208,4.6379523345326845],[-74.103649660403448,4.6379522320099529],[-74.103649306244407,4.6379522474140851],[-74.103649142356005,4.6379522377771796],[-74.103648830475805,4.6379522681075303],[-74.103647303280411,4.6379523345326499],[-74.103644964927554,4.6379526439714338],[-74.103642661879292,4.6379531565130305],[-74.103640862087914,4.6379537257393268],[-74.103640664551492,4.6379537829782898],[-74.103640412674821,4.6379538678767869],[-74.103638233617573,4.6379547734940827],[-74.103636886001382,4.6379554771269129],[-74.103636605829749,4.6379556031476454],[-74.103636465029723,4.6379556969295095],[-74.103636140895162,4.637955866170369],[-74.103634151594775,4.6379571378117515],[-74.103633191105388,4.6379578775733012],[-74.103632903209245,4.6379580693306224],[-74.103632722679308,4.6379582383514748],[-74.103632281004934,4.6379585785256889],[-74.103630564199122,4.6379602009026302],[-74.10362987587186,4.637960903670324],[-74.103629659812142,4.6379611149327999],[-74.103628936797378,4.6379619120761344],[-74.103591344637948,4.638003411194858],[-74.103165447331065,4.6375725403384509],[-74.102974600641886,4.6373794652995182],[-74.102894614551118,4.6372980243886683],[-74.102863004303302,4.6372426165130971],[-74.102863888483014,4.6372416605729434],[-74.102865325001758,4.6372397831737526],[-74.102866592082066,4.6372377864117418],[-74.102867680712052,4.6372356874690155],[-74.102868583682294,4.637233500814971],[-74.102869293783414,4.6372312436316134],[-74.102869803806058,4.6372289321968889],[-74.10287011194842,4.6372265864055482],[-74.102870214606099,4.6372242216311585],[-74.102870111779779,4.6372218577684192],[-74.102869803470028,4.637219511094921],[-74.102869293282552,4.6372171996968072],[-74.102868583921676,4.6372149425644418],[-74.102867680795498,4.6372127559752272],[-74.102866592015815,4.6372106571107041],[-74.102865324793186,4.637208660439641],[-74.102863888140618,4.6372067831436183],[-74.102862228882714,4.6372049718701902],[-74.102576412204769,4.6369201687213275],[-74.102537068762615,4.6368809655632077],[-74.102226609229575,4.6365594255455544],[-74.102101369559094,4.6364297220125303],[-74.102084742801864,4.636412509049201],[-74.101981198591474,4.6363017002977207],[-74.102007673549252,4.6362754743882046],[-74.102009390355732,4.6362736069283716],[-74.102010826874803,4.6362717295308675],[-74.102012093955821,4.6362697327702937],[-74.102013182586859,4.6362676338289015],[-74.102014085558537,4.6362654471758118],[-74.102014795661418,4.6362631899932749],[-74.102015305686152,4.6362608785590478],[-74.102015613830929,4.6362585327680854],[-74.102015716491337,4.6362561679936691],[-74.10201561366803,4.6362538041307229],[-74.102015305361562,4.6362514574568241],[-74.10201479517751,4.6362491460579953],[-74.102014085820343,4.636246888924676],[-74.10201318269803,4.6362447023342819],[-74.102012093922383,4.6362426034683901],[-74.102010826703903,4.6362406067957656],[-74.102009390956752,4.636238729497868],[-74.102007889426588,4.6362370773754291],[-74.102007643457938,4.6362368281362576],[-74.102007603567955,4.6362367653145551],[-74.102006168249972,4.6362348875300627],[-74.102004666382157,4.6362332354754896],[-74.10178378929038,4.6360094535735126],[-74.101781958270678,4.6360077619487106],[-74.101780086781559,4.636006321234805],[-74.101778097481187,4.6360050495934324],[-74.101776005658081,4.6360039569171274],[-74.101773826600763,4.6360030504005314],[-74.101771576497015,4.6360023390368044],[-74.101769274232566,4.636001826423203],[-74.101766935095952,4.6360015179557097],[-74.101764578872178,4.6360014145337489],[-74.101762222648404,4.6360015179557212],[-74.101759884411067,4.6360018264231995],[-74.101757581247341,4.6360023390368221],[-74.101755332042885,4.636003050400503],[-74.101753152086232,4.6360039569171274],[-74.10175106026314,4.6360050495934226],[-74.101749070962782,4.6360063212348281],[-74.101747199473635,4.6360077619486955],[-74.101744238006091,4.6360107620870421],[-74.101744102134646,4.6360109171286661],[-74.101743966369796,4.6360110710816445],[-74.101721716784169,4.636036674508599],[-74.101681114276133,4.6359946385814705],[-74.101657781948774,4.6359675869436181],[-74.101655424212282,4.6359651752292192],[-74.10164415831548,4.6359550012215669],[-74.101633756738536,4.6359456076037713],[-74.101590516234637,4.6359008412088194],[-74.101530872533118,4.6358394215947172],[-74.101530200180306,4.6358386864134378],[-74.101529403452474,4.6358378526666479],[-74.101527332323712,4.6358357755368189],[-74.101420570872861,4.6357258331388822],[-74.101317037833994,4.6356195982868966],[-74.101075480441978,4.6353717379706936],[-74.101145693099085,4.6352789450354086],[-74.101147573801413,4.6352761050083373],[-74.101147894306692,4.6352754870233488],[-74.101148041474474,4.6352752558536707],[-74.10114817347997,4.6352749487329952],[-74.101148662880462,4.6352740050913717],[-74.101149565799773,4.6352718188394393],[-74.101149693852307,4.6352714114733011],[-74.101149768425614,4.6352712379730043],[-74.101149846260171,4.6352709266270509],[-74.101150275364887,4.6352695615410964],[-74.101150785280467,4.6352672511827748],[-74.101150824091462,4.635266994585197],[-74.101150847168114,4.6352667804397116],[-74.10115109374793,4.635264904851538],[-74.10115119402974,4.6352626372829242],[-74.101151192315598,4.6352625399416736],[-74.10115109374793,4.6352601753168834],[-74.10115088183413,4.6352585634130303],[-74.101150859747534,4.635258277020105],[-74.101150825758324,4.6352581368771091],[-74.101150785280467,4.6352578289856954],[-74.101150275364887,4.6352555186273587],[-74.101149904964842,4.6352543402952522],[-74.101149828965205,4.6352540269362246],[-74.101149740456805,4.6352538169552728],[-74.101149565799773,4.6352532613290593],[-74.101148662880448,4.6352510750771208],[-74.101148245596363,4.6352502704873526],[-74.101148130322144,4.6352499970059595],[-74.101147976388063,4.635249751411016],[-74.101147573801413,4.6352489751601027],[-74.101146306656659,4.6352469795645277],[-74.101145932133903,4.6352464898942189],[-74.101145807737652,4.6352462914254771],[-74.101145596045043,4.6352460504743318],[-74.101144870439384,4.6352451017801224],[-74.101142921435937,4.6352430061820593],[-74.100929660727374,4.6350367775422283],[-74.100929299223608,4.6350364331939193],[-74.100927918888303,4.6350351811287478],[-74.10092604077731,4.6350337350642405],[-74.10092598444642,4.635033699598055],[-74.100924058998089,4.6350324687735451],[-74.100922664331861,4.6350317399749716],[-74.100922382125987,4.6350315734093179],[-74.100922232909085,4.6350315145301515],[-74.100921966275649,4.6350313751978618],[-74.100919787218331,4.6350304695805695],[-74.100918766837253,4.6350301468610509],[-74.100918437713887,4.6350300169931105],[-74.10091816429599,4.6350299562932928],[-74.100917538013874,4.6350297582168407],[-74.100915234850135,4.6350292456033095],[-74.100914564986454,4.635029157232827],[-74.100914298118894,4.6350290979872195],[-74.100913958371009,4.6350290772062523],[-74.10091289661284,4.6350289371358215],[-74.100910540389066,4.6350288337137862],[-74.100910212629785,4.6350288480946871],[-74.100910065649416,4.63502883910449],[-74.100909772705464,4.6350288673969695],[-74.100908183266029,4.6350289371358375],[-74.100905844968864,4.6350292461732057],[-74.100903541864895,4.6350297582168505],[-74.100902750489453,4.6350300085079432],[-74.100902375306788,4.6350301008680335],[-74.100902029839915,4.6350302364302607],[-74.100901292660467,4.6350304695805544],[-74.100899114560562,4.635031377654327],[-74.100899049624189,4.6350314072225896],[-74.100897021780085,4.6350324687734581],[-74.100896287515639,4.6350329381450965],[-74.100895924487673,4.6350331395458824],[-74.100895629273708,4.6350333589199977],[-74.100895032479713,4.6350337404148538],[-74.10089316393254,4.6350351851148632],[-74.100893057403709,4.6350352718282224],[-74.100892955977173,4.6350353607221173],[-74.100817110864256,4.6351005346324259],[-74.100741608439336,4.6350211631083669],[-74.100741167716777,4.6350207109678134],[-74.100518705332306,4.6347975096343577],[-74.100518431861403,4.6347972324370801],[-74.100518404314386,4.6347972045146335],[-74.100518370988823,4.6347971705440907],[-74.098915945559199,4.6331376404068383],[-74.098913906951211,4.6331357356257516],[-74.098913172871832,4.6331351705151826],[-74.098912902813808,4.633134929934176],[-74.098912629131604,4.6331347519318786],[-74.09891203546205,4.633134294911855],[-74.098910046161677,4.6331330232704451],[-74.098909665789762,4.6331328245809438],[-74.098909486932925,4.6331327082528349],[-74.098909155426497,4.6331325579896632],[-74.098907954338557,4.6331319305941943],[-74.098905775432129,4.6331310254858886],[-74.098903526076796,4.6331303127138739],[-74.098902182765926,4.6331300142586072],[-74.098901853317059,4.6331299214858683],[-74.098901653842802,4.6331298967430286],[-74.098901222913057,4.6331298009995452],[-74.098898884675734,4.6331294916327765],[-74.098898119613992,4.6331294583565867],[-74.098897809493266,4.6331294198891015],[-74.098896809103735,4.6331290039367037],[-74.098894559585943,4.6331282923126684],[-74.09889225780222,4.6331277805427504],[-74.098889918172432,4.6331274704351673],[-74.098887562326567,4.633127368319335],[-74.098885205585617,4.6331274705776853],[-74.09888286687567,4.633127779922483],[-74.098880564221432,4.6331282918316381],[-74.098878315647653,4.63312900449605],[-74.098876135573946,4.6331299097764447],[-74.098874043827422,4.6331310022462837],[-74.098872053926428,4.6331322737665355],[-74.098870182994332,4.6331337152935061],[-74.098869518798338,4.6331343257228932],[-74.098845107043843,4.6331092164798529],[-74.098585135470643,4.6328443979502953],[-74.098584667713155,4.6328439313402265],[-74.098470534097842,4.6327331992399552],[-74.098357301512436,4.6326140859473997],[-74.098356997785388,4.6326137712564268],[-74.09776513458435,4.6320109553949909],[-74.097768022920661,4.6320062076836424],[-74.097768319416616,4.6320057953097171],[-74.097783067504807,4.6319815584693567],[-74.098357017166109,4.6312752375282624],[-74.098359477441591,4.6312716591002587],[-74.098360566977107,4.6312695592598105],[-74.098361469953744,4.6312673735153851],[-74.098362179162137,4.6312651163362091],[-74.098362689195241,4.631262804904269],[-74.098362997349966,4.6312604582101375],[-74.098363100021885,4.6312580943401986],[-74.098362997211467,4.6312557295720715],[-74.098362688919323,4.6312533838004182],[-74.09836217875079,4.6312510723985412],[-74.09836146941025,4.6312488152611868],[-74.098360566305573,4.6312466286657319],[-74.098359477548399,4.6312445297938272],[-74.098358210349048,4.63124253311421],[-74.098356774621678,4.6312406558085453],[-74.09835487385044,4.631238607601956],[-74.098062328241355,4.6309542630510485],[-74.098192713901227,4.6307985180385085],[-74.098194154024227,4.6307966352224801],[-74.098195421106297,4.6307946384684451],[-74.098196510641571,4.6307925395325595],[-74.098197413618109,4.6307903528839951],[-74.09819812192525,4.6307880957049425],[-74.098198632859834,4.630785784273078],[-74.09819894011369,4.6307834384833564],[-74.098199043687288,4.6307810737090866],[-74.098198940877523,4.6307787098451536],[-74.09819863258609,4.6307763631691614],[-74.098198122418481,4.6307740517671485],[-74.098197413078921,4.6307717946295313],[-74.098196510876619,4.6307696089381203],[-74.098195421219387,4.6307675091616565],[-74.098194154021385,4.6307655133860379],[-74.098192718295408,4.6307636351756765],[-74.098190690447822,4.6307614639861576],[-74.097575844156523,4.6301716444415773],[-74.097575400736346,4.6301712293757129],[-74.097574103823263,4.6301700483833095],[-74.097572232815082,4.6301686078701803],[-74.097570243749615,4.6301673364663429],[-74.097568151948181,4.6301662432146315],[-74.097565971830861,4.6301653380618903],[-74.097563722323699,4.6301646255291624],[-74.097561420550505,4.6301641137548355],[-74.097559080931077,4.6301638045470845],[-74.097556725095174,4.630163702426751],[-74.097554368363816,4.6301638046806541],[-74.097552029663007,4.6301641140210315],[-74.097549727017366,4.6301646259258415],[-74.097547477550336,4.6301653376817722],[-74.097545298385228,4.6301662438623383],[-74.097543205744103,4.6301673363283733],[-74.097541216750216,4.6301686078449542],[-74.097539344921884,4.6301700484641728],[-74.097537626308778,4.6301716672281659],[-74.097536858476971,4.6301724476696444],[-74.097536002328283,4.6301733818463955],[-74.097256617429878,4.6304773374176476],[-74.097255781108188,4.6304782914883038],[-74.097254344588151,4.6304801688765194],[-74.097253077503979,4.6304821656288393],[-74.097251988867626,4.6304842645633331],[-74.097251085888544,4.6304864503063543],[-74.097250376677451,4.6304887083888238],[-74.097249865739997,4.6304910189157509],[-74.097249558483185,4.6304933656094143],[-74.097249454906418,4.6304957294792342],[-74.097249558614223,4.6304980942476037],[-74.097249866001192,4.6305004409241439],[-74.097250377066757,4.6305027514225356],[-74.097251085501824,4.6305050094654341],[-74.097251988602125,4.6305071951580308],[-74.097253077354907,4.6305092940317341],[-74.097254344549839,4.6305112907133275],[-74.097255781174098,4.63051316892561],[-74.097257357485915,4.6305148961141542],[-74.097350174003694,4.6306081912036072],[-74.097338005012119,4.63062315245348],[-74.096955996885853,4.6310949055359476],[-74.096556174374669,4.6306834509709311],[-74.096650125254342,4.6306024954321217],[-74.096653219980453,4.6305993531330669],[-74.096654658885356,4.630597474693718],[-74.096655757796171,4.6305957517595804],[-74.096655793427416,4.6305956879308754],[-74.09665592603011,4.6305954790981225],[-74.096657015109145,4.6305933791811649],[-74.096657564952579,4.6305920478370926],[-74.096657690216375,4.6305917904475811],[-74.096657740020291,4.6305916239430571],[-74.096657918028427,4.6305911929292956],[-74.09665862669425,4.6305889356308993],[-74.09665886067063,4.6305878773820659],[-74.096658953413439,4.6305875673240999],[-74.096658987340362,4.6305873044690982],[-74.09665913750915,4.6305866252726018],[-74.096659445077265,4.6305842780420239],[-74.096659479482454,4.6305834915099036],[-74.096659517676883,4.6305831955915844],[-74.096659506645963,4.6305828705280252],[-74.096659548499289,4.630581913724396],[-74.096659445077293,4.6305795494067432],[-74.096659376084176,4.6305790230819444],[-74.096659368179047,4.6305787901302757],[-74.096659301712833,4.6305784557287488],[-74.096659137509164,4.6305772030755508],[-74.096658626694236,4.6305748927171466],[-74.096658536281609,4.6305746047277676],[-74.096658508848378,4.6305744667069284],[-74.09665841077171,4.6305742049437741],[-74.096657918028413,4.6305726354188277],[-74.096657009905897,4.6305704502305165],[-74.096656960737661,4.6305703397309284],[-74.096656921542063,4.6305702679327592],[-74.096655926030095,4.6305683492500274],[-74.096654766384248,4.6305665169959003],[-74.096654734642769,4.6305664729628759],[-74.096654658885342,4.6305663536543502],[-74.096653222668039,4.6305644758698925],[-74.09665198695194,4.6305630962632147],[-74.096539729643737,4.6304461177834897],[-74.09653763280545,4.6304441528753921],[-74.096537048731179,4.6304437030258851],[-74.09653679288374,4.630443472556224],[-74.096536475975043,4.6304432618934941],[-74.096535762215638,4.6304427121614751],[-74.096533772915222,4.6304414405201051],[-74.096533498743526,4.6304412902896361],[-74.096533225501446,4.6304411546981266],[-74.096531680192868,4.6304403478438445],[-74.096530247185541,4.6304397522853424],[-74.09652992610657,4.630439601097418],[-74.096529769589722,4.6304395537962453],[-74.096529501135535,4.6304394422265505],[-74.096527251931079,4.6304387299634664],[-74.096526465156643,4.6304385551588867],[-74.096526143007296,4.6304384578016453],[-74.096525795634761,4.6304384064052773],[-74.096524948767325,4.6304382182492239],[-74.09652261053003,4.6304379088824295],[-74.096522358163767,4.6304378978053418],[-74.096522233484492,4.6304378793580661],[-74.096521935857155,4.6304378792689649],[-74.096520254306242,4.6304378054604118],[-74.096518282196627,4.6304378777904764],[-74.096508748256483,4.6304385772707572],[-74.096503995668755,4.6304372706129078],[-74.09647841978088,4.6304129428490164],[-74.096475757143892,4.6304083215541239],[-74.096474493203218,4.6304063318867952],[-74.096473402400079,4.6304049057677794],[-74.096473230278391,4.630404656109774],[-74.096473140200217,4.6304045629669064],[-74.09647305968393,4.6304044576996537],[-74.09647146608522,4.6304027130148793],[-74.096470429511086,4.6304017600527043],[-74.096470137199574,4.6304014577959594],[-74.096469950307409,4.6304013195024236],[-74.096469726796428,4.6304011140202581],[-74.096467856206587,4.6303996733063535],[-74.096466896785671,4.6303990600056659],[-74.096466560597619,4.6303988112385097],[-74.09646629767802,4.6303986770317431],[-74.0964658669062,4.6303984016649693],[-74.096463774183775,4.6303973080893659],[-74.096462921973412,4.6303969539103482],[-74.096462597714378,4.6303967883929928],[-74.096462286091622,4.6303966896375783],[-74.096461595126442,4.630396402472063],[-74.096459345922028,4.6303956911083226],[-74.096458638158225,4.630395533581841],[-74.096458356294036,4.6303954442570756],[-74.096458023048712,4.6303953966773292],[-74.096457042758274,4.6303951784947275],[-74.096454704520937,4.6303948700272937],[-74.096454170151631,4.6303948465721323],[-74.096453951653785,4.6303948153756638],[-74.096453629921626,4.6303948228597713],[-74.096452348297191,4.6303947666053169],[-74.096449991174083,4.6303948700272466],[-74.09644964627941,4.6303949155268462],[-74.096449503548385,4.6303949188470463],[-74.096449239198265,4.6303949692302622],[-74.09644765293676,4.6303951784947417],[-74.096445350672326,4.6303956911083848],[-74.096445197380618,4.6303957395711226],[-74.096445134070493,4.6303957555394124],[-74.096443100568564,4.6303964024720523],[-74.09644096854052,4.6303972883133442],[-74.096440922543636,4.630397309911185],[-74.096438829688196,4.6303984016649755],[-74.096437304743233,4.6303993764715408],[-74.096437097312943,4.6303995018332991],[-74.096436840387781,4.630399673306365],[-74.096434968898663,4.6304011140202483],[-74.096433647432733,4.6304023106516192],[-74.096433226110477,4.6304027103769414],[-74.096356951339615,4.6304760329361825],[-74.096226739278649,4.6303345278105583],[-74.096226362551036,4.6303341272110927],[-74.09619863703719,4.6303051999636873],[-74.095681530433836,4.6297656449663505],[-74.095681124866942,4.6297652317069744],[-74.095518142975095,4.6296022981551612],[-74.095436278642808,4.6295204711812419],[-74.095436093760824,4.6295202805456297],[-74.095435963645514,4.6295201441017584],[-74.09541502130898,4.6294984909711889],[-74.095413076235673,4.6294966688899635],[-74.095409949541803,4.6294940766875703],[-74.095409411366731,4.6294936011798598],[-74.095367502991593,4.6294517053755735],[-74.09536579961653,4.6294501418660925],[-74.095365493189973,4.6294498886669855],[-74.095352343888806,4.6294391430797059],[-74.095391322553226,4.6294116809053243],[-74.095393490977898,4.6294137191658846],[-74.095395362881007,4.6294151605891463],[-74.095397351940505,4.62941643199912],[-74.095399443736397,4.6294175243530509],[-74.09540162384873,4.6294184304167567],[-74.09540387245012,4.6294191420520443],[-74.095406175120615,4.6294196538334251],[-74.09540851383548,4.6294199639526967],[-74.095410870569879,4.6294200660801286],[-74.095413226397881,4.629419963833473],[-74.095415565998451,4.6294196545001425],[-74.095417867741943,4.6294191426022246],[-74.095420117208832,4.6294184299487648],[-74.095422297275647,4.6294175246790319],[-74.0954243890166,4.6294164322192204],[-74.095426378012149,4.629415160708608],[-74.095428249842811,4.6294137191906044],[-74.095429629603615,4.6294124739204277],[-74.09544392015286,4.6293986584101834],[-74.095445873078106,4.6293965603608296],[-74.095447308699505,4.6293946829762573],[-74.095448576688028,4.6293926862270309],[-74.095449665328104,4.6293905872952621],[-74.095450568311307,4.6293884006501056],[-74.095451276625809,4.6293861434736998],[-74.095451787568294,4.6293838320436542],[-74.095452095731858,4.629381486254986],[-74.095452198413199,4.62937912148106],[-74.095452095612757,4.6293767576166269],[-74.095451787330987,4.6293744109392065],[-74.095451277173296,4.6293720995351038],[-74.095450567843841,4.6293698423946168],[-74.095449665651742,4.6293676566995803],[-74.095448576004756,4.6293655569187413],[-74.095447308816958,4.6293635611380726],[-74.095445873101042,4.6293616829219726],[-74.095444623953114,4.6293602903158471],[-74.095399579911913,4.6293134210547224],[-74.095397497107143,4.6293114705101193],[-74.095395626105514,4.6293100290868328],[-74.095393637046328,4.6293087576768626],[-74.095391545250791,4.6293076653228846],[-74.095389365138772,4.6293067592590962],[-74.095387115636527,4.6293060476237695],[-74.095385870121831,4.6293057709362975],[-74.095385975709064,4.6293056302766438],[-74.095386239783096,4.629305340469184],[-74.09538767510108,4.6293034626847751],[-74.09538807362037,4.629302835511468],[-74.095388253720557,4.6293025955882525],[-74.095388416998745,4.6293022951167426],[-74.095388943145153,4.6293014670891219],[-74.095390032224131,4.629299367172143],[-74.095390145247364,4.6292991052072221],[-74.095390228719552,4.6292988909205937],[-74.095390934244151,4.6292971809202657],[-74.095391402340383,4.6292956917928265],[-74.095391516929951,4.6292953794375524],[-74.095391549195327,4.6292952246116643],[-74.095391643809251,4.6292949236218996],[-74.095392154624207,4.6292926132635683],[-74.095392258331387,4.6292918218139123],[-74.095392326958361,4.6292914925066118],[-74.095392348065502,4.6292911370012684],[-74.095392462192351,4.6292902660330402],[-74.095392564715027,4.6292879017153181],[-74.095392551861622,4.6292877044793039],[-74.095392562277354,4.6292875290481001],[-74.095392475426607,4.6292865315818856],[-74.09539241093097,4.6292855418943546],[-74.095392214575241,4.6292835738766893],[-74.095392155884824,4.6292831910079046],[-74.095385308453075,4.6292406744462289],[-74.09539216093728,4.6292063627722655],[-74.095392276931975,4.6292057432505409],[-74.095392585399466,4.6292033969193644],[-74.095392627317409,4.6292024298644412],[-74.095392669538469,4.6292020738175665],[-74.095392656502383,4.6292017565622645],[-74.095392687922185,4.6292010317022996],[-74.095392585399424,4.6291986673846344],[-74.095392504183621,4.6291980496234952],[-74.095392492224022,4.6291977585660646],[-74.0953924174935,4.6291973902225276],[-74.095392276931975,4.629196321053473],[-74.09539176701638,4.6291940106950937],[-74.095391667827641,4.6291936951517521],[-74.095391633490607,4.6291935259058103],[-74.09539151776714,4.629193217772964],[-74.095391057451295,4.6291917533968023],[-74.095390150965883,4.6291895675940431],[-74.09539011352669,4.6291894835346232],[-74.095390072763834,4.6291894086512304],[-74.095389065452991,4.6291874672279443],[-74.095387970907836,4.6291857339647242],[-74.095387917991971,4.629185660119342],[-74.095387798308181,4.629185471632228],[-74.095386362990197,4.6291835938478476],[-74.095385460180751,4.6291826049352682],[-74.095385268036154,4.6291823660897684],[-74.095385120858609,4.6291822332511261],[-74.095384769391558,4.6291818482637428],[-74.095383030102681,4.6291802501685346],[-74.095382061734156,4.6291794718506472],[-74.095066147675141,4.6289373688639612],[-74.095063255464794,4.6289354340231199],[-74.095062623867051,4.6289351041043005],[-74.095062389795544,4.6289349536390754],[-74.095062086933098,4.628934823633629],[-74.095061163641716,4.6289343413468389],[-74.095058984584426,4.6289334357295644],[-74.095058487690011,4.6289332786378301],[-74.095058284710774,4.6289331915078353],[-74.095057965050842,4.6289331134070189],[-74.095056734480693,4.6289327243658027],[-74.095054432216202,4.6289322117522165],[-74.095054089889388,4.6289321666088217],[-74.095053945053934,4.628932131221851],[-74.095053663986903,4.6289321104440244],[-74.095052093079573,4.6289319032847969],[-74.095049736855842,4.6289317998627473],[-74.095049490096315,4.628931806280316],[-74.095047380632067,4.628931903284764],[-74.095045041952432,4.6289322121286087],[-74.09504273923099,4.6289327243657885],[-74.095041806614219,4.6289330193277411],[-74.095041418766073,4.6289331160618659],[-74.095041118844847,4.6289332368510179],[-74.095040490026562,4.6289334357295582],[-74.09503831096923,4.6289343413468504],[-74.095038090380683,4.6289344565230994],[-74.095037955368412,4.6289345108974294],[-74.095037646312235,4.6289346883852325],[-74.095036218246818,4.6289354340231199],[-74.095035071446759,4.6289361671042197],[-74.095034717586969,4.6289363703222755],[-74.09503454914136,4.6289365009829808],[-74.095034228946446,4.6289367056645201],[-74.09503235835659,4.6289381463784274],[-74.095031767438257,4.6289386584251355],[-74.094939193406617,4.6290212885521109],[-74.094907094425182,4.6289847715371408],[-74.094863922584935,4.6289188454837706],[-74.09486203917298,4.628916306009998],[-74.094860560897516,4.6289146773606484],[-74.094720523697603,4.6287724916995909],[-74.094720175522724,4.6287721278664034],[-74.094350027581925,4.6283510363938376],[-74.094348578360766,4.6283495126655003],[-74.094298062105281,4.6283003275238439],[-74.094217242059301,4.6282216372578278],[-74.093909628550477,4.6279219325030292],[-74.09390814869333,4.6279205905408292],[-74.093906277698451,4.6279191500177923],[-74.093904288645788,4.627917877699268],[-74.093902196856561,4.6279167853408802],[-74.093900016750723,4.6279158801767322],[-74.093897767254333,4.6279151676322963],[-74.093895465490988,4.6279146558459567],[-74.093893125880484,4.6279143466259933],[-74.093890770052482,4.6279142435891689],[-74.093888413327974,4.6279143467350954],[-74.09388607463292,4.6279146560633349],[-74.093883771991898,4.6279151679562629],[-74.093881522528235,4.6279158797005318],[-74.093879343365302,4.6279167858699157],[-74.093877250725072,4.6279178783251522],[-74.093875261730915,4.6279191498314756],[-74.093873389901006,4.627920590441148],[-74.093871652358601,4.627922189301934],[-74.093870058115741,4.6279239337534328],[-74.093868622493133,4.6279258120391198],[-74.093867355403958,4.6279278087856586],[-74.093866265860271,4.6279299077150728],[-74.093865362873942,4.6279320934539703],[-74.093865056476858,4.6279330710205207],[-74.093864889311391,4.6279333764067916],[-74.093864231648908,4.6279344121435049],[-74.09386314256993,4.6279365120604661],[-74.093863049407716,4.6279367376354585],[-74.093862991382991,4.6279368436379729],[-74.093862901443856,4.6279370959025874],[-74.093862239650591,4.6279386983123798],[-74.093861565344341,4.6279408434437528],[-74.093861548049247,4.6279408950235466],[-74.093861532810024,4.627940956121555],[-74.093861020169911,4.6279432659690221],[-74.093860759518122,4.6279451229662625],[-74.093855908551618,4.6279911840291152],[-74.093832352385434,4.6279675196687675],[-74.093830602151968,4.6279659091324197],[-74.093830294825736,4.6279656722101983],[-74.093818425298721,4.6279536722859058],[-74.093617217405367,4.6277460915552586],[-74.093076003367244,4.62718095401799],[-74.093003442545438,4.6271051861593264],[-74.093002705320743,4.6271044446409979],[-74.092754077043907,4.6268641331815443],[-74.092617541438756,4.6267054441105637],[-74.09261594171501,4.6267037395196908],[-74.092603025885353,4.6266911156226422],[-74.092515465746786,4.626605510944179],[-74.092393229110442,4.6264860134320598],[-74.092392752348673,4.6264855350618781],[-74.092252876149573,4.6263417770383155],[-74.092272806585825,4.6261408539840012],[-74.092272939744362,4.626138167442563],[-74.092272867487537,4.6261365004661439],[-74.092272872008635,4.6261361775702943],[-74.092272846616893,4.6261360189762808],[-74.0922728372216,4.626135802225547],[-74.092272528754137,4.6261334558943572],[-74.092272191878706,4.6261319295574017],[-74.092272132590409,4.6261315592495666],[-74.092272070046661,4.6261313775529427],[-74.092272018838571,4.626131145536009],[-74.092271309273471,4.6261288882376359],[-74.092270732208547,4.6261274909818848],[-74.092270610285823,4.6261271367825367],[-74.09227051347402,4.6261269613567304],[-74.092270406354132,4.6261267019857701],[-74.092269317275097,4.6261246020687938],[-74.092268508767035,4.626123328769018],[-74.092268350416177,4.6261230418326003],[-74.092268236871405,4.62612290056716],[-74.092268050130372,4.6261226064731771],[-74.092266614812345,4.6261207286887576],[-74.092265584807407,4.6261196010309362],[-74.092265420261114,4.6261193963124656],[-74.092265306484038,4.6261192963202147],[-74.092265021213734,4.6261189840039671],[-74.092263281924858,4.6261173850093877],[-74.092262070785168,4.6261164526472198],[-74.092261907055686,4.6261163087545984],[-74.092261794883782,4.6261162402521672],[-74.092261410435682,4.6261159442954929],[-74.092259421135338,4.6261146726541016],[-74.092257912454315,4.6261138767403658],[-74.092257803470631,4.6261138269618254],[-74.092257329312261,4.6261135790784778],[-74.0922551502549,4.6261126734611482],[-74.09225376874393,4.6261122365258531],[-74.092253564111374,4.6261121558624065],[-74.092253420117032,4.6261121262644442],[-74.092252901050529,4.6261119620974256],[-74.092250597886718,4.6261114494838855],[-74.092248983178919,4.6261112144633163],[-74.092001530986153,4.6260827407325165],[-74.091906836600003,4.6259849839998948],[-74.091249732479682,4.625306630389221],[-74.091232478191827,4.625090871145388],[-74.091232155239695,4.6250883366575088],[-74.091231870491427,4.6250870487731861],[-74.091231812795698,4.6250866853735699],[-74.091231741772319,4.6250864665911982],[-74.091231644424781,4.6250860262991322],[-74.091230935759015,4.6250837690008515],[-74.091230609982915,4.6250829801944908],[-74.091230504114151,4.6250826540732106],[-74.091230350531674,4.6250823519813009],[-74.091230032839675,4.6250815827489413],[-74.091228943760711,4.6250794837312608],[-74.091228685253157,4.6250790764305032],[-74.091228583308109,4.6250788759077599],[-74.091228378444569,4.6250785930273155],[-74.091227676615972,4.6250774872362941],[-74.091226240398598,4.6250756094518755],[-74.091226094905778,4.6250754453552707],[-74.09122599095798,4.6250753363623032],[-74.09122464679993,4.6250738647671161],[-74.091223104663641,4.6250724420026534],[-74.091223061429673,4.6250724065217899],[-74.091222908410415,4.6250722657725376],[-74.091221036921269,4.6250708250586028],[-74.091219924460177,4.6250701139283779],[-74.091219684845413,4.6250699388106096],[-74.091219509806848,4.625069848865202],[-74.09121904762091,4.6250695534171866],[-74.091215915609226,4.6250680009712646],[-74.091084519022402,4.6250131379554125],[-74.091034588112393,4.624981793793852],[-74.091033767494295,4.6249812984482404],[-74.09103167567126,4.62498020577193],[-74.091030743032917,4.6249798181669632],[-74.091030464296139,4.6249796749461103],[-74.091030199708115,4.6249795923609538],[-74.091029496613942,4.6249793001546537],[-74.09102724651018,4.6249785878916176],[-74.091026326259112,4.6249783833514719],[-74.09102603903321,4.6249782937003925],[-74.091025755628678,4.6249782565199791],[-74.091024944245746,4.6249780761773787],[-74.091022605109117,4.6249777668106073],[-74.091021730122307,4.6249777284047129],[-74.091021442603747,4.6249776906844824],[-74.091021149268428,4.6249777029092334],[-74.091020248885343,4.6249776633885391],[-74.09101681124227,4.6249778837182935],[-74.091002249309284,4.6249797569144437],[-74.091000991627212,4.6249799490132828],[-74.090998689437896,4.6249804611794119],[-74.090996494131502,4.6249811514527073],[-74.090991473037079,4.6249816769688659],[-74.090961191377886,4.6249815059117489],[-74.090938253220415,4.6249764262385584],[-74.090923301647223,4.6249699249892231],[-74.090698935806842,4.6247520939639264],[-74.090698523173415,4.624751649349796],[-74.090556132514564,4.6245927094289669],[-74.090551708879886,4.6245875493686475],[-74.090548645872332,4.624584485193199],[-74.090548595623275,4.624584456157895],[-74.090546720754489,4.6245830201903333],[-74.090545628253437,4.6245823218194007],[-74.090545123272634,4.6245819597914686],[-74.090544854137406,4.6245818269730519],[-74.090544731454145,4.6245817485489464],[-74.090542639631053,4.6245806558726299],[-74.090541629921617,4.6245802358201793],[-74.090541236483745,4.6245800416582696],[-74.090540964952567,4.6245799591842625],[-74.090540460573749,4.624579749355985],[-74.090538210470015,4.6245790379922882],[-74.090537088529459,4.6245787852266798],[-74.090537013907792,4.6245787720376308],[-74.09053590820551,4.6245785262780217],[-74.090533569068867,4.6245782169112095],[-74.090531212845178,4.6245781134891732],[-74.09052885662139,4.6245782169113001],[-74.090528387143323,4.6245782789958474],[-74.090390580366488,4.6244367665101507],[-74.090388621737475,4.6244349450167581],[-74.090387323116602,4.6244339448290237],[-74.090387109243167,4.6244337595849867],[-74.090386985486205,4.6244336847886682],[-74.090386751147591,4.6244335043028313],[-74.090384761847247,4.6244322326614649],[-74.090383439392483,4.6244315415979287],[-74.090383179254118,4.6244313843753098],[-74.090383016391755,4.6244313205541578],[-74.090382669124836,4.624431139085897],[-74.090380490067503,4.6244302334685985],[-74.090379205778063,4.6244298272819178],[-74.090378903814113,4.6244297089507445],[-74.089542947348505,4.6235613984361308],[-74.089539101739106,4.6235574014493217],[-74.089534723494424,4.623552852842125],[-74.089534207079126,4.6235521782352702],[-74.089532940829343,4.623550768436802],[-74.089528814933146,4.6235464829795747],[-74.089540183731657,4.6235347077601947],[-74.089541476069002,4.6235332698845824],[-74.089542911694267,4.6235313916074361],[-74.089544178787776,4.6235293948684459],[-74.089545947836868,4.6235257025387959],[-74.089576940637343,4.6234460973710085],[-74.089578211313992,4.6234428300756729],[-74.089590272829383,4.6234118536198006],[-74.089590497225174,4.6234112603883055],[-74.089591205552367,4.6234090032173389],[-74.089591716509659,4.6234066917911125],[-74.089592023788754,4.6234043451002202],[-74.089592127389977,4.6234019812309777],[-74.089592023708647,4.6233996164608699],[-74.089591716350057,4.6233972706848236],[-74.089591205314449,4.6233949592760446],[-74.089590496910773,4.6233927021292107],[-74.08958959384303,4.6233905155219279],[-74.089588505123686,4.623388416635918],[-74.089587237962959,4.6233864199400045],[-74.089585801373289,4.6233845426160265],[-74.089584236811973,4.6233828262614951],[-74.089582530760168,4.6233812509817653],[-74.089577896578021,4.6233773263533351],[-74.089303947287405,4.6231452568709033],[-74.089069898312843,4.6229184361527587],[-74.088890903648675,4.6227469971594086],[-74.088890466546829,4.6227465884181065],[-74.088448225311879,4.6223413666249806],[-74.088303635446096,4.6221813936047011],[-74.087909775878813,4.6217456213114225],[-74.088023708959795,4.6216277011576796],[-74.088025008506506,4.6216262560502219],[-74.088026444131899,4.6216243786803144],[-74.088027711226275,4.6216223819438511],[-74.088028800777636,4.6216202830230451],[-74.088029702872646,4.6216180963868201],[-74.088030412104288,4.6216158392172648],[-74.088030923065361,4.6216135277920536],[-74.088031230348832,4.6216111820060339],[-74.088031333954902,4.6216088172325058],[-74.088031230279086,4.6216064533664483],[-74.088030922926393,4.621604106685246],[-74.088030411897137,4.6216017952751605],[-74.088029702599002,4.6215995381267012],[-74.088028800439517,4.621597351517301],[-74.088027711727548,4.6215952526287403],[-74.088026444574339,4.6215932568342675],[-74.088025007992414,4.6215913786026759],[-74.088023707501989,4.6215899335337882],[-74.08790952314807,4.6214717581133593],[-74.08750953798976,4.6210577967427948],[-74.087197122034908,4.6207344648545909],[-74.087036437718638,4.6205681661348939],[-74.087034405431567,4.6205662680143904],[-74.087032534469841,4.6205648274728688],[-74.08703054544992,4.6205635560390084],[-74.087028452791557,4.6205624636599802],[-74.087026273618108,4.620561557570066],[-74.08702424585384,4.6205609064937327],[-74.086927526964473,4.620534017207615],[-74.086927198917536,4.6205339322067429],[-74.086924638530462,4.6205333417260119],[-74.086922299848354,4.6205330324828591],[-74.08691994404569,4.6205329294227457],[-74.08691758734453,4.6205330325454339],[-74.086915249571817,4.6205333418506882],[-74.086912946048287,4.6205338528166795],[-74.086910696600867,4.6205345654432239],[-74.086908518352772,4.6205354706869688],[-74.086906424822246,4.620536564026172],[-74.08690443583609,4.6205378355131668],[-74.086902564912634,4.6205392761046502],[-74.086900364149258,4.6205413506221902],[-74.086813982950304,4.6206323805640839],[-74.086726279892204,4.6205397586559602],[-74.08647649301804,4.6201641525112418],[-74.086507843132665,4.6201271995733002],[-74.086510630577521,4.6201239123690474],[-74.086512129288707,4.6201219617522185],[-74.086513396384674,4.6201199650183984],[-74.086514485036986,4.6201178660997986],[-74.086515387134767,4.6201156803697536],[-74.086516097270902,4.6201134232015857],[-74.086516607334602,4.6201111117773603],[-74.086516915523632,4.6201087650876085],[-74.086517018233366,4.6201064012185151],[-74.086516915463946,4.6201040364477333],[-74.086516608116938,4.6201016906700785],[-74.08651609709365,4.6200993792588401],[-74.086515387801782,4.620097122108703],[-74.086514485648834,4.6200949354972725],[-74.086513396042392,4.6200928366063554],[-74.086512128896075,4.620090839904778],[-74.086510693222394,4.6200889625742656],[-74.086509098934954,4.6200872172751835],[-74.086507360453453,4.6200856184762129],[-74.086505489494044,4.6200841779332045],[-74.086503500476439,4.6200829064978466],[-74.086501407820265,4.6200818132129315],[-74.086499228648975,4.6200809080257841],[-74.086496979184659,4.620080195457553],[-74.086494675649391,4.6200796836470008],[-74.086492337870169,4.6200793744024189],[-74.086489981167887,4.6200792722452242],[-74.08648836797731,4.6200793192897827],[-74.086478025537332,4.6200799406820492],[-74.086462612751248,4.6200758389242678],[-74.086427887547615,4.6200647995389073],[-74.08639905182315,4.6200520590698435],[-74.086398355804036,4.6200516389965927],[-74.086398316077251,4.6200516147267106],[-74.08637796324534,4.6200397756129314],[-74.086336892603313,4.6200157504482986],[-74.086324294017984,4.6200060069066522],[-74.086189821258472,4.619871135488868],[-74.086189800586411,4.6198711146759051],[-74.086189632049823,4.6198709433965597],[-74.085774102688333,4.6194458068876756],[-74.085707953929813,4.619378731323911],[-74.085682622947544,4.619352425222],[-74.085680747481831,4.6193506536992199],[-74.085660651997003,4.6193334184834756],[-74.085660095491448,4.6193328738452033],[-74.085638095734041,4.6193103147037737],[-74.085657048247029,4.6192919624074955],[-74.085658366734421,4.6192917878603952],[-74.085660670254839,4.6192912759941436],[-74.085662918798377,4.6192905642758477],[-74.08566509794548,4.619289658131625],[-74.085667190573062,4.6192885657003426],[-74.085669180459135,4.6192872942167975],[-74.085671050480627,4.6192858536285044],[-74.085672446460748,4.6192845920991967],[-74.085687886043601,4.6192696418589527],[-74.085689823649361,4.6192675592093311],[-74.085691259276203,4.6192656818440261],[-74.085692526372938,4.6192636851116635],[-74.08569361592761,4.619261586194269],[-74.085694518026813,4.619259399560903],[-74.085695227263471,4.6192571423935114],[-74.085695738230427,4.619254830969763],[-74.085696045520606,4.6192524851846004],[-74.085696148232913,4.6192501204112997],[-74.085696045466392,4.6192477565446284],[-74.085695738122368,4.6192454098622981],[-74.08569522710242,4.619243098450367],[-74.085694517813991,4.6192408412993666],[-74.085693615664638,4.6192386546868001],[-74.085692526963143,4.6192365557945703],[-74.085691259820692,4.619234559091403],[-74.085689823249623,4.6192326817592422],[-74.085688566928667,4.619231281901004],[-74.085648514299763,4.6191896352429289],[-74.08564643785985,4.6191876909990528],[-74.08564456780573,4.6191862504537653],[-74.085642577890923,4.6191849790159321],[-74.085640485238727,4.619183886632773],[-74.085638306071246,4.6191829805385947],[-74.085636057511849,4.6191822688719508],[-74.085633753980105,4.6191817570585663],[-74.085631416204208,4.619181447811112],[-74.085629059504953,4.6191813447467469],[-74.085626703709295,4.6191814469607815],[-74.085624365039209,4.619181757166114],[-74.085622062420313,4.6191822681279264],[-74.085619812975878,4.6191829807504208],[-74.085617633829003,4.6191838859901964],[-74.08561554120169,4.6191849793256123],[-74.085613551315802,4.6191862508090171],[-74.08561168129448,4.6191876913971601],[-74.085610285314402,4.6191889520220686],[-74.08559459879929,4.6192041419058292],[-74.085592661193417,4.6192062245551861],[-74.085591225566418,4.6192081019202433],[-74.08558995756826,4.6192100986524522],[-74.085588868914627,4.619212197569678],[-74.08558796681514,4.6192143842029418],[-74.085587257578183,4.6192166413701798],[-74.0855867466109,4.6192189527938448],[-74.085586674519291,4.6192195044241418],[-74.085550052825482,4.6192554340037608],[-74.08550103401906,4.6192274789379368],[-74.085500604240181,4.6192272251339892],[-74.085490407691125,4.619220597017315],[-74.085480624014622,4.619213342649946],[-74.085480079212033,4.6192128859642203],[-74.085431100607096,4.6191701246993606],[-74.085430627468398,4.6191696992792783],[-74.085407159993011,4.6191458973748309],[-74.085226987317412,4.6189617799173197],[-74.085123216701717,4.6188557415807905],[-74.084908167400272,4.6186359864382522],[-74.084489201161603,4.6182042691921126],[-74.084575596029055,4.6181280376656977],[-74.084578452872606,4.6181251031493256],[-74.084579888500073,4.6181232248819359],[-74.084581156499155,4.6181212281514501],[-74.084582245154081,4.6181191292356729],[-74.084583147255287,4.6181169435079781],[-74.084583856494348,4.6181146863416425],[-74.084584367464089,4.6181123749186401],[-74.084584674757423,4.6181100282296006],[-74.084584777473253,4.6181076643606316],[-74.084584674710541,4.6181052995894296],[-74.084584367370724,4.6181029538107587],[-74.084583856355167,4.6181006423979909],[-74.084583147071413,4.6180983852458066],[-74.084582244926921,4.6180961986317755],[-74.084581156230414,4.6180940997377196],[-74.08457965116726,4.6180917693442964],[-74.084561007443867,4.6180658936920063],[-74.084574177059594,4.6180529176552279],[-74.084575946322829,4.6180509986547333],[-74.084576911772047,4.618049736376725],[-74.084577085123229,4.6180495347497041],[-74.08457715895257,4.6180494132002226],[-74.084577382540147,4.6180491208703369],[-74.084578649684858,4.6180471243753818],[-74.084579238537899,4.6180459894596737],[-74.084579401066762,4.6180457218790529],[-74.084579481879686,4.6180455204590469],[-74.084579738763907,4.6180450253576844],[-74.084580640783855,4.6180428391058381],[-74.084580941481093,4.6180418825151852],[-74.084581062223918,4.6180415815730402],[-74.084581123886338,4.6180413022399751],[-74.084581350349026,4.6180405818074659],[-74.084581861163912,4.6180382705497829],[-74.084581960628697,4.6180375117671737],[-74.084582023858914,4.6180372253321904],[-74.084582041304557,4.6180368963189871],[-74.084582168732084,4.6180359242186029],[-74.084582271254732,4.6180335599009696],[-74.08458224739347,4.6180330096261208],[-74.084582260074413,4.618032770472019],[-74.084582222412848,4.6180324335378149],[-74.084582168732069,4.618031195583284],[-74.084581861163926,4.6180288492520498],[-74.084581781461665,4.6180284886274308],[-74.084581764509167,4.6180283369641719],[-74.084581688685944,4.6180280688499087],[-74.084581350349026,4.6180265379943366],[-74.084580640783869,4.6180242815953667],[-74.084580547252074,4.6180240455575134],[-74.084580488851856,4.6180239132018377],[-74.084579738763921,4.6180220944441608],[-74.084578650225978,4.6180200016138189],[-74.084577382540132,4.6180179989315864],[-74.084576114540482,4.6180163379214809],[-74.08457608739792,4.6180163064070525],[-74.084575946322843,4.6180161220465168],[-74.084574352724118,4.6180143764623427],[-74.084573175092316,4.6180132938204821],[-74.084573015792785,4.6180131290357123],[-74.084572912701617,4.6180130525947014],[-74.084572613435327,4.6180127774677846],[-74.084569432423052,4.6180104722141717],[-74.084196429357021,4.6177795237793644],[-74.084195750733244,4.6177791174124181],[-74.084193658010832,4.6177780247360776],[-74.084192686564464,4.6177776210025288],[-74.084192388645292,4.6177774695403953],[-74.084192122761294,4.6177773866856446],[-74.084191478953514,4.6177771191188119],[-74.084189229749114,4.6177764068557492],[-74.084188354211676,4.6177762123298871],[-74.084188061358134,4.6177761210708033],[-74.084187762188947,4.6177760807949841],[-74.084186926585303,4.617775895141552],[-74.084184588348009,4.6177755857747362],[-74.084183841762865,4.6177755530047984],[-74.08418356935691,4.6177755163319372],[-74.084183253889563,4.6177755272012257],[-74.084182232124235,4.6177754823526795],[-74.084179875900503,4.6177755857747496],[-74.084179284779736,4.6177756639544834],[-74.084179039519654,4.6177756724048109],[-74.084178712134459,4.6177757396907433],[-74.084177536763875,4.6177758951415226],[-74.084175234499398,4.6177764068557794],[-74.084174806447763,4.6177765424083077],[-74.084174599793144,4.6177765848810353],[-74.084174282099383,4.6177767084554295],[-74.084172985294956,4.6177771191187809],[-74.084170806237665,4.6177780247361113],[-74.084170537859805,4.617778164864685],[-74.084170375578992,4.6177782279875643],[-74.084170092171362,4.6177783975726312],[-74.084168713515268,4.6177791174124136],[-74.08416672421491,4.6177803890537632],[-74.084166585504548,4.6177804958874251],[-74.084166486191535,4.6177805553142024],[-74.084166285396023,4.6177807270287028],[-74.084164853625055,4.6177818297677211],[-74.084163041939107,4.6177835013661328],[-74.0841000876582,4.6178471509179593],[-74.083305119228328,4.6170273996833044],[-74.083366027201166,4.6169651894633859],[-74.083367452645803,4.6169636157782747],[-74.08336888539796,4.6169617358589283],[-74.083368918353472,4.6169616901860993],[-74.083370155108526,4.6169597414989951],[-74.08337118441429,4.6169577616719355],[-74.083371238295669,4.6169576402715453],[-74.083372147106829,4.6169554553301024],[-74.083372764736723,4.6169535091227649],[-74.083372787396641,4.6169534192248225],[-74.083372856671971,4.6169531989310535],[-74.08337336658758,4.6169508876734477],[-74.083373570094125,4.616949339718464],[-74.083373624754785,4.6169490548209069],[-74.083373628315073,4.6169488968657308],[-74.083373675055029,4.6169485413421638],[-74.083373777577705,4.616946177024543],[-74.083373719703246,4.616944842358059],[-74.08337372699657,4.6169445187845204],[-74.08337369661902,4.6169443100026015],[-74.083373675055029,4.6169438127068867],[-74.083373366587566,4.6169414663756614],[-74.083373120737761,4.6169403520300483],[-74.083373073718676,4.6169400288727154],[-74.083372996604211,4.6169397893788933],[-74.083372856671957,4.6169391551179917],[-74.083372147106829,4.6169368978196967],[-74.083371777018499,4.6169360017193606],[-74.083371683102712,4.6169357100456416],[-74.083371552880052,4.6169354590096745],[-74.083371244187504,4.6169347115677652],[-74.083370155108511,4.6169326125501362],[-74.083369723733909,4.6169319328825509],[-74.083369593851245,4.6169316825019262],[-74.083369409362575,4.6169314375635908],[-74.083368887963786,4.6169306160551287],[-74.083367452645774,4.6169287382706869],[-74.083366864300061,4.6169280583583037],[-74.083288937469575,4.6168409132237054],[-74.08328619260368,4.6168382484864692],[-74.083285814219536,4.6168379571979843],[-74.083285642023597,4.6168377942261687],[-74.083285341128459,4.6168375930019483],[-74.083284321114476,4.6168368077725228],[-74.083282332713452,4.616835536131159],[-74.083282025887385,4.6168353759276455],[-74.083281870194767,4.6168352718078367],[-74.083281563171937,4.6168351343293139],[-74.083280239991041,4.6168344434549109],[-74.083278060933679,4.6168335378375254],[-74.083277846030938,4.6168334698695173],[-74.083277728878571,4.6168334174110628],[-74.083277464146533,4.6168333490896005],[-74.083275811729251,4.6168328264737735],[-74.083273508565497,4.6168323138602601],[-74.083273334815203,4.6168322871662459],[-74.083273180834581,4.6168322704989535],[-74.083271170328189,4.6168320044934665],[-74.083268813952003,4.616831902105849],[-74.083266457880683,4.6168320044934656],[-74.083264429399577,4.6168322727739053],[-74.083264292797722,4.6168322875693661],[-74.08326411874404,4.6168323138602405],[-74.083261816479578,4.616832826473801],[-74.083260138213916,4.6168333572647713],[-74.083259898998875,4.6168334190476763],[-74.083259793671331,4.6168334662344108],[-74.083259567275149,4.6168335378375325],[-74.083257388217874,4.6168344434548949],[-74.083256033562463,4.616835150763146],[-74.083255758023199,4.6168352742046999],[-74.083255618962284,4.6168353672389459],[-74.083255295495448,4.6168355361311404],[-74.083251986323901,4.6168377971710974],[-74.083213904122132,4.6168681842440922],[-74.083179829008756,4.6168953743860346],[-74.08309493231836,4.6168134227814619],[-74.083011448591364,4.6167242670824766],[-74.082870476960153,4.6165637171144418],[-74.08250645536107,4.6161238820860602],[-74.08260643227527,4.6160473460645894],[-74.08260741310157,4.6160465591014859],[-74.082609151491098,4.6160449601068718],[-74.082609584151143,4.6160444864271728],[-74.082609743128529,4.6160443422130086],[-74.082609919730416,4.6160441190322583],[-74.082610745089752,4.6160432154221125],[-74.08261218130707,4.6160413376376743],[-74.082612427750689,4.6160409495195713],[-74.08261251742934,4.6160408361881204],[-74.082612636135821,4.6160406213389154],[-74.082613448451866,4.6160393420420665],[-74.082614537530816,4.6160372421250688],[-74.082614675228385,4.6160369210601733],[-74.082614740612769,4.6160367503997346],[-74.082615440450184,4.616035055873164],[-74.082616144661017,4.6160327969875201],[-74.082616170157465,4.6160327078856138],[-74.082616179121388,4.6160326628635611],[-74.082616659930849,4.6160304882164764],[-74.082616948878368,4.6160283054921907],[-74.082616952165722,4.6160282588575567],[-74.082616967499007,4.6160281418852671],[-74.08261707092106,4.6160257766683799],[-74.082616997324678,4.6160240941921051],[-74.082617000132828,4.6160238352206004],[-74.082616980439767,4.616023708187674],[-74.082616967498993,4.6160234123506694],[-74.082616659930835,4.6160210660194192],[-74.082616361823739,4.6160197177145639],[-74.082616315220449,4.6160194170931108],[-74.082616254903272,4.6160192341254014],[-74.08261614911595,4.6160187556611199],[-74.082615440450169,4.6160164983627805],[-74.082615006528727,4.616015447270188],[-74.08261491544296,4.6160151709680184],[-74.082614807537865,4.6160149652525666],[-74.08261453753083,4.6160143112115763],[-74.082613448451866,4.6160122121938709],[-74.082612959778288,4.6160114425937584],[-74.082612838658463,4.6160112116850271],[-74.08261268005414,4.6160110020629732],[-74.082612181307056,4.6160102165982702],[-74.082610745089752,4.6160083388138533],[-74.08261027724302,4.6160078263475022],[-74.082610141035175,4.6160076463260795],[-74.082609932638206,4.6160074488768723],[-74.082609151491098,4.6160065932297814],[-74.082607413101584,4.6160049951344719],[-74.082606896211587,4.6160045714364708],[-74.082511485382042,4.615928179044424],[-74.08245764011636,4.6158850659784081],[-74.082351063231201,4.6157997335289416],[-74.082321763886867,4.6157762744072253],[-74.082318419559385,4.6157739853811837],[-74.082318212066227,4.6157738712142438],[-74.082318003713098,4.6157737682547486],[-74.082316326836946,4.6157728927049302],[-74.08231432569103,4.6157720562027427],[-74.082314253594561,4.6157720310643242],[-74.082314147779613,4.6157719870876237],[-74.082311898575171,4.6157712748245201],[-74.082310534876811,4.615770971839626],[-74.082310201760336,4.6157708769560664],[-74.082309999903813,4.6157708529799528],[-74.082309595411445,4.6157707631102696],[-74.082307257174122,4.6157704537435231],[-74.082306276198224,4.6157704106854247],[-74.082305941977452,4.6157703709873159],[-74.082305647374369,4.6157703830843442],[-74.082304900950348,4.6157703503214282],[-74.08230254472663,4.6157704537434805],[-74.082301922860935,4.6157705360211221],[-74.082301655862736,4.6157705469846517],[-74.08230131135889,4.6157706169275725],[-74.082300206489322,4.615770763110322],[-74.082297903325497,4.6157712748245334],[-74.082297603990952,4.6157713696157918],[-74.082297451903059,4.6157714004934371],[-74.082297160101618,4.6157715101837233],[-74.08229565412104,4.6157719870875695],[-74.082293436449348,4.6157729103008229],[-74.082281731164841,4.6157784091243084],[-74.082272179753019,4.6157768382047619],[-74.08226898072563,4.6157765065183503],[-74.082268259759829,4.6157765181324839],[-74.082267804815245,4.6157764809998527],[-74.082265764563431,4.615776564047585],[-74.082265448591542,4.6157765835225968],[-74.082263110354234,4.6157768928893583],[-74.08226279188878,4.6157769637700072],[-74.082262577003078,4.6157769930803481],[-74.082102383871401,4.6155419818794128],[-74.081995255056782,4.6153850891847998],[-74.081899575350647,4.6152262629862557],[-74.081783746084255,4.6150381001528835],[-74.081733518935778,4.6149567748894897],[-74.081695231170713,4.6148826153099796],[-74.081609090061008,4.6147199438845092],[-74.081487040455073,4.6144783199960155],[-74.08138426806677,4.6142567789118702],[-74.081219887294836,4.6143077223254529],[-74.081219738043416,4.6143076043288573],[-74.08121959191061,4.6143074699138396],[-74.081217965016137,4.6143062065311033],[-74.081217720739517,4.6143060278549761],[-74.081135430503906,4.6142468924870572],[-74.081133792990087,4.614245672999493],[-74.081133532186669,4.6142454886385025],[-74.081131554577524,4.6142442169971059],[-74.081130372385161,4.6142436017091049],[-74.081129462754461,4.6142431243207653],[-74.0811272836971,4.6142422187034713],[-74.081126697106001,4.6142420298452906],[-74.081126583083702,4.6142419969265749],[-74.081125033593352,4.6142415064404343],[-74.081122830368926,4.6142410165386707],[-74.081122731003717,4.6142409965415085],[-74.081122589588645,4.6142409744441686],[-74.081120479878805,4.6142406956229287],[-74.081120393031924,4.6142406860380252],[-74.081120265452469,4.6142406775950811],[-74.0811181232785,4.6142405840335208],[-74.08111803596853,4.6142405821199706],[-74.081117903575603,4.6142405850232766],[-74.081115866842907,4.6142406740386122],[-74.081115679846874,4.614240686507328],[-74.081115432855597,4.6142407138888695],[-74.081113660125382,4.6142409487292033],[-74.081113331851171,4.6142409923663257],[-74.081112922600326,4.6142410827261253],[-74.081111594147828,4.6142413781680833],[-74.08111102857788,4.6142415041067748],[-74.081110157379513,4.6142417795557291],[-74.081109809486577,4.6142418898075048],[-74.081108779681529,4.6142422164337775],[-74.08110770169381,4.6142426288101657],[-74.081091217192224,4.6142494556616285],[-74.081051803597788,4.6141544053016821],[-74.08105025586454,4.6141512621710925],[-74.0810489887198,4.6141492665754544],[-74.081047553401845,4.6141473887910429],[-74.081045959803177,4.6141456441062942],[-74.081044220514315,4.6141440451116518],[-74.081042349924459,4.6141426043977836],[-74.081040360624115,4.6141413327563718],[-74.08103826790169,4.6141402391807711],[-74.081036088844357,4.6141393335634815],[-74.081033839639915,4.6141386221996994],[-74.081031536476189,4.6141381095861824],[-74.081029198238852,4.6141378011186855],[-74.081026842015063,4.6141376976966653],[-74.08102448579136,4.6141378011186536],[-74.081022147554009,4.614138109586138],[-74.081019844390255,4.6141386221996719],[-74.081017595185784,4.6141393335634779],[-74.081015416128523,4.6141402391807809],[-74.081013323406111,4.6141413327563239],[-74.081011334105753,4.6141426043977658],[-74.081009463515898,4.6141440451116651],[-74.081006715187669,4.6141467134001672],[-74.080994684956664,4.6141601726538921],[-74.080960104225355,4.6141988614883154],[-74.080959515169454,4.6141995323825693],[-74.080936693073909,4.6142250524442714],[-74.080923375863549,4.6142399520645458],[-74.080915477910295,4.6142337007690539],[-74.080915402173005,4.614233642754054],[-74.08091217702686,4.6142314478350954],[-74.080912144986939,4.6142314286539197],[-74.080912106927627,4.6142314082558915],[-74.080910084279566,4.6142303516016909],[-74.080910051740787,4.6142303367592614],[-74.080910017293604,4.6142303218727996],[-74.080907965393891,4.6142294695984605],[-74.080907906625953,4.614229446665588],[-74.08090776938873,4.6142293999204931],[-74.080905820755646,4.614228782921014],[-74.080905657433249,4.6142287353067628],[-74.080905404354539,4.6142286733543116],[-74.080903595739557,4.6142282712663132],[-74.080903356236263,4.6142282179006466],[-74.080903320158512,4.614228211490353],[-74.080903016465228,4.6142281715729663],[-74.080901364496768,4.6142279531802961],[-74.080900983230336,4.6142278958941665],[-74.08090056686811,4.6142278778099488],[-74.080899085267475,4.6142278136109836],[-74.080898626548077,4.6142277937183263],[-74.080898121866824,4.6142278154241847],[-74.080896861966082,4.6142278705931759],[-74.080896270768022,4.6142278959166534],[-74.08089560657173,4.614227983638024],[-74.080894647677738,4.6142281102460645],[-74.080893932112119,4.6142282052021191],[-74.080893108400872,4.6142283878767891],[-74.080892519906982,4.6142285190046861],[-74.080891628604562,4.6142287170529581],[-74.080891178898113,4.6142288644577301],[-74.080890516504795,4.6142290697394106],[-74.080889774804589,4.6142293111939088],[-74.080889380072207,4.6142294296604938],[-74.08088831753976,4.6142298718734791],[-74.080887200934441,4.6142303348859244],[-74.080886180759606,4.6142308702426869],[-74.080885108314348,4.614231427303161],[-74.080884128694734,4.6142320576124156],[-74.080883118433803,4.6142326996777872],[-74.080882192887614,4.6142334177048898],[-74.080881248415892,4.6142341402536307],[-74.080880394066142,4.6142349315295892],[-74.080879509075118,4.6142357390832496],[-74.080878681762513,4.6142366551539205],[-74.080877835524333,4.6142375802677957],[-74.080877548939071,4.614237929333072],[-74.080824514152965,4.6143024427533854],[-74.080821940480106,4.6143003769608981],[-74.080795220722777,4.6142789299287195],[-74.080760052734206,4.6142507020083885],[-74.080756682075162,4.6142483925493059],[-74.080754590252127,4.6142472998730595],[-74.080752411194794,4.6142463933564928],[-74.080750161990352,4.614245681992668],[-74.080747858826641,4.6142451702784353],[-74.080745520589261,4.6142448609116897],[-74.080743164365501,4.6142447574896091],[-74.080740807242393,4.6142448609116613],[-74.080738469005084,4.6142451702784086],[-74.080736166740678,4.6142456819926743],[-74.080733916636902,4.6142463933564519],[-74.080731737579569,4.6142472998730941],[-74.080729645756463,4.6142483925493298],[-74.080727656456133,4.6142496641907176],[-74.08072578496693,4.6142511049046249],[-74.080722665218772,4.6142541976731382],[-74.080696843884198,4.6142843249616883],[-74.080685093342353,4.6142980342269695],[-74.080624119307615,4.6143690375011994],[-74.080602135380204,4.6143946834679657],[-74.080580913178551,4.6144194391058537],[-74.080556242976158,4.6143996666114093],[-74.080553381333445,4.6143973706421875],[-74.080532282338908,4.6143804085291134],[-74.0804920655563,4.6143480823981431],[-74.08049157812377,4.6143476857971484],[-74.080458448898227,4.6143211099313293],[-74.080393056494302,4.6142686093089358],[-74.080309406953504,4.614201444341254],[-74.080306033596514,4.614199132184253],[-74.080303940874145,4.6141980395080013],[-74.080301761816784,4.6141971338907091],[-74.080299512612356,4.6141964225269136],[-74.080297209448617,4.6141959099133789],[-74.080294871211294,4.6141956005465961],[-74.080292514987534,4.6141954980238964],[-74.080290158763773,4.6141956005465454],[-74.080287820526436,4.6141959099133487],[-74.080285517362711,4.6141964225269216],[-74.080283268158254,4.6141971338907348],[-74.080281089100936,4.6141980395080111],[-74.08027899637851,4.6141991321842477],[-74.080277007078152,4.6142004038256568],[-74.080275136488282,4.6142018445395339],[-74.080273397199505,4.6142034435341754],[-74.080271803600766,4.614205188218965],[-74.080270607502456,4.6142067287575967],[-74.080198541229663,4.6143067180806616],[-74.080172356568909,4.6142829543948745],[-74.080174871073382,4.6142795765412856],[-74.080176626550056,4.6142769037561591],[-74.08017771562902,4.6142748047385576],[-74.080178617649025,4.6142726175872992],[-74.080179327214111,4.6142703602890034],[-74.080179838029039,4.6142680499306454],[-74.080180145597183,4.6142657035994112],[-74.080180248119916,4.6142633392817372],[-74.080180145597183,4.6142609749640702],[-74.080179838029025,4.6142586277335598],[-74.080179327214125,4.6142563173752009],[-74.08017861764904,4.6142540600768998],[-74.08017771562902,4.6142518738250073],[-74.080176626550028,4.6142497739080488],[-74.080175359405246,4.6142477783123823],[-74.080173923187942,4.6142459005279282],[-74.080170927546234,4.6142428455309812],[-74.080102876746309,4.6141836143823864],[-74.080102539500544,4.6141833257000089],[-74.080100668910674,4.6141818849860874],[-74.08009867961033,4.6141806133446703],[-74.080096586887905,4.6141795206684115],[-74.080094407830629,4.614178615051113],[-74.080092158626201,4.6141779027880476],[-74.080089855462404,4.6141773910738415],[-74.080087517225081,4.6141770817070151],[-74.080085161001364,4.6141769782849664],[-74.080082804777589,4.6141770817070071],[-74.080080466540238,4.6141773910738069],[-74.080078163376513,4.6141779027880583],[-74.08007591417207,4.6141786150511326],[-74.080073735114723,4.6141795206684604],[-74.080071642392326,4.6141806133446703],[-74.080069653091968,4.6141818849860945],[-74.080067782502113,4.614183325699984],[-74.08006604321325,4.6141849246945874],[-74.080064449614611,4.6141866693793734],[-74.080063922611899,4.6141873393743076],[-74.080063315569504,4.6141868528410699],[-74.080009126020272,4.6141433427411416],[-74.079964787644741,4.6141077439772564],[-74.079957717174864,4.6141020665571837],[-74.0799274675785,4.6140777785667115],[-74.079924094221553,4.6140754673090312],[-74.079922002398462,4.6140743746327226],[-74.079919823341115,4.6140734690154348],[-74.079917573237353,4.6140727567523871],[-74.079915270972947,4.6140722450381766],[-74.079912932735596,4.6140719356713671],[-74.079910575612502,4.6140718322493282],[-74.079908219388741,4.6140719356713555],[-74.079905881151404,4.6140722450381251],[-74.079903578886984,4.6140727567523969],[-74.079901328783251,4.614073469015409],[-74.079899149725904,4.6140743746327031],[-74.079897057902883,4.6140754673090276],[-74.079895068602468,4.6140767389504607],[-74.079893197113307,4.6140781796643511],[-74.079891458723807,4.6140797786588799],[-74.079889865125139,4.6140815233436951],[-74.079888863280345,4.6140827958844177],[-74.079869761827453,4.6141086286178306],[-74.079808333758166,4.614066173986898],[-74.079807915865089,4.6140658893971596],[-74.079780196186363,4.6140467298554091],[-74.079778377527802,4.6140455768650961],[-74.079776284899623,4.614044483560142],[-74.079774105755234,4.6140435783520735],[-74.07977185721785,4.6140428657624319],[-74.079769553706853,4.6140423539299125],[-74.079767215950284,4.6140420446630666],[-74.079764859268835,4.6140419424834613],[-74.079762503489263,4.6140420446780519],[-74.079762111219438,4.614042096554793],[-74.079178500496312,4.6135657762599456],[-74.079178179456207,4.6135655143261038],[-74.079178122911202,4.6135654718395935],[-74.079177810236828,4.6135652168178014],[-74.079165686157296,4.6135556718465045],[-74.07909090854038,4.6134967995804192],[-74.07906449955658,4.6134760089230253],[-74.078520852998437,4.6129902738696948],[-74.078520361611183,4.6129884423455225],[-74.078519458590492,4.6129862502975669],[-74.078518368117201,4.6129841559154485],[-74.078517101907053,4.6129821591990963],[-74.078515664466238,4.6129802818520638],[-74.078514137805399,4.6129786043578456],[-74.078512483172219,4.612977066127625],[-74.078511403398352,4.6129761389618897],[-74.078471907683095,4.6129424122322789],[-74.078471871952672,4.6129423817534407],[-74.078466681553934,4.6129379512506343],[-74.078403628459483,4.6128841008962569],[-74.078403605472531,4.6128840814011056],[-74.078403568048529,4.6128840503891784],[-74.078403156264073,4.6128837303655947],[-74.078401666513955,4.6128825718210562],[-74.077847332684328,4.6124321226880625],[-74.077847043952474,4.6124318856521018],[-74.077835006143573,4.6124219022572799],[-74.077763543421156,4.6123626292382784],[-74.077724838300739,4.612330527825061],[-74.077724680657028,4.6123304018381113],[-74.077722965649102,4.6123290886295862],[-74.077722882879442,4.6123290307979241],[-74.077720977297247,4.6123278153865455],[-74.077718885075711,4.6123267219432327],[-74.077716705529141,4.6123258165273828],[-74.077714456211311,4.6123251045473763],[-74.077712153777696,4.6123245923210172],[-74.077709814811584,4.6123242828623594],[-74.077708899932162,4.6123242431776035],[-74.077707931775564,4.6123241392476606],[-74.077647175376782,4.6122728032473654],[-74.077628265332123,4.6122568627641174],[-74.07762649276836,4.6122553186281374],[-74.07762464016497,4.6122538005724838],[-74.077592744809294,4.61222679033418],[-74.077590853535,4.6122253316338355],[-74.077588864234642,4.6122240599924389],[-74.077586772411536,4.6122229673161605],[-74.077584593354288,4.6122220616988647],[-74.077582343250512,4.6122213503351386],[-74.077580040986049,4.6122208377215328],[-74.077577702748712,4.6122205292540448],[-74.077575345625661,4.6122204258320592],[-74.077572989401901,4.6122205292540404],[-74.077570651164578,4.612220837721571],[-74.077568348900101,4.6122213503351635],[-74.077566098796396,4.6122220616988496],[-74.077563919739077,4.6122229673161943],[-74.077561827915972,4.6122240599924531],[-74.077559838615628,4.612225331633792],[-74.077557967126438,4.612226772347749],[-74.077556228736896,4.6122283713423489],[-74.077554635138256,4.6122301169264208],[-74.077554048780286,4.6122308426792777],[-74.077531277046745,4.6122600598539858],[-74.07750891540411,4.6122887518245195],[-74.07739246575585,4.6121992886077772],[-74.077392184301786,4.612199069631453],[-74.077389265757276,4.6121971152449488],[-74.077387173085583,4.6121960227029364],[-74.077384994439711,4.6121951172865971],[-74.077382745122264,4.612194404856389],[-74.077380441788691,4.6121938930791382],[-74.077378103795311,4.6121935837583603],[-74.077375747345897,4.6121934809535805],[-74.077373391347109,4.6121935837579509],[-74.077371052453415,4.61219389307821],[-74.077368749569416,4.6121944048551065],[-74.077366500252822,4.6121951172848341],[-74.077364321156125,4.6121960227007754],[-74.077362228934817,4.6121971152424361],[-74.077360239794672,4.612198387245547],[-74.077358368589614,4.6121998278858127],[-74.077356629722999,4.6122014267936668],[-74.07735503579957,4.6122031713435829],[-74.077354735490573,4.6122035365893472],[-74.077346045981017,4.6122143033112861],[-74.077321704177862,4.6122446203234757],[-74.077319344798113,4.6122480765985596],[-74.077318255229542,4.6122501755035561],[-74.077317352212276,4.6122523612224233],[-74.077316642956049,4.6122546192861913],[-74.077316132868177,4.6122569298000489],[-74.077315824652302,4.6122592764863173],[-74.077315721913223,4.6122616412589599],[-74.077315824651038,4.6122640051273169],[-74.077316132865661,4.6122663518137967],[-74.077316642952297,4.612268662327911],[-74.077317352207345,4.6122709203920937],[-74.077318255223446,4.6122731061114104],[-74.077319344790922,4.6122752050169584],[-74.077320611897676,4.6122772017354334],[-74.077322046630314,4.6122790799892881],[-74.077323640877893,4.6122808244051328],[-74.077325380221041,4.6122824232270352],[-74.077325827223234,4.6122827921859217],[-74.077359091036627,4.6123096031989554],[-74.077286397259684,4.6124006021626212],[-74.077286274493318,4.6124007823724469],[-74.077110129928514,4.6126080291373031],[-74.076314161569229,4.6130659351449195],[-74.076313237965508,4.6130664936238412],[-74.07620004799476,4.6131380356379506],[-74.07619941186249,4.6131384340783876],[-74.076198609319064,4.6131389305056754],[-74.076198519185056,4.6131389908681344],[-74.076197329742911,4.6131397748807697],[-74.075401435336033,4.6135911382704924],[-74.075399941974595,4.613591073512973],[-74.075397586195876,4.6135911756930525],[-74.075395247539603,4.6135914858646814],[-74.075392944931394,4.6135919967933248],[-74.075390695494363,4.6135927093835338],[-74.075388516351566,4.6135936154963053],[-74.075386423724922,4.613594707897442],[-74.075385209784869,4.6135954548544786],[-74.075355213654902,4.6136150150050712],[-74.07535256767892,4.6136169800642302],[-74.075350828327288,4.613618579784645],[-74.07534923497218,4.6136203241951392],[-74.075348649695243,4.6136210895433569],[-74.075330872738959,4.6136311924543811],[-74.075329967846017,4.6136302046352489],[-74.075328223998,4.6136286012869459],[-74.075326355781698,4.6136271679487493],[-74.075326330547682,4.6136271507667992],[-74.075324366801908,4.6136258955774556],[-74.075322335464378,4.6136248339104098],[-74.075322206590684,4.6136247742254959],[-74.075320213103495,4.6136239458707751],[-74.075319964368148,4.6136238554389548],[-74.075318057397013,4.6136232513534852],[-74.075317614900328,4.6136231328874198],[-74.075315807963534,4.6136227322721908],[-74.075315253716042,4.6136226355092429],[-74.075313583763545,4.6136224139479207],[-74.075313204351772,4.6136223633053728],[-74.075312789792491,4.6136223452178253],[-74.075311300082674,4.6136222810071814],[-74.075310848573551,4.6136222611109492],[-74.075310357410785,4.613622282812889],[-74.075309065066904,4.6136223388761941],[-74.07530849189348,4.6136223632907587],[-74.075307870054203,4.6136224455811305],[-74.075306799409205,4.6136225875545822],[-74.075306154138303,4.6136226734621273],[-74.075305752195703,4.6136227629875997],[-74.07530392182484,4.6136231654001758],[-74.075303850628742,4.6136231825818825],[-74.075301599389036,4.6136238933631146],[-74.075299521182387,4.6136247578777194],[-74.075299422048502,4.6136248030929679],[-74.075297855732614,4.6136256205849495],[-74.075297329421616,4.6136258954937928],[-74.075295666674933,4.6136269408717974],[-74.075260286662584,4.6136510325025943],[-74.075258089492721,4.6136526991402684],[-74.075256350140791,4.613654297956133],[-74.075254756785412,4.6136560423664017],[-74.075253321142398,4.6136579206152337],[-74.075252054026379,4.6136599164249974],[-74.075250965350818,4.6136620153266943],[-74.075250062325452,4.6136642019471781],[-74.075249352160114,4.6136664591044454],[-74.075248842965735,4.6136687705210804],[-74.075248533841233,4.6136711172063753],[-74.075248431996329,4.613673481074275],[-74.075248533826297,4.6136758458471308],[-74.075248782686472,4.6136777344065836],[-74.074857132150868,4.6138999160483589],[-74.074856707670904,4.6139001633619108],[-74.074235879644135,4.614271241756347],[-74.074235567692853,4.6142714366988375],[-74.074234205240529,4.6142722963016984],[-74.074218925062041,4.614282712986026],[-74.074216739603699,4.6142843714817188],[-74.074215000247904,4.6142859702950147],[-74.074213405987337,4.6142877156072801],[-74.07421197124151,4.6142895929496159],[-74.074210703220245,4.6142915896617831],[-74.074209613639454,4.6142936885618608],[-74.07420871241257,4.6142958751809546],[-74.074208002243282,4.6142981323371295],[-74.074207492143898,4.6143004437529429],[-74.074207183916897,4.6143027895334638],[-74.074207081167259,4.6143051543054936],[-74.074207118535156,4.6143060141776138],[-74.074202233126456,4.6143088455646426],[-74.074198607036209,4.6143028310918517],[-74.07419618638356,4.6142994353938613],[-74.074194593040318,4.6142976909710427],[-74.074192853699287,4.6142960921416325],[-74.074190982779882,4.614294650661626],[-74.074188993800263,4.6142933791914853],[-74.07418690027869,4.6142922867744005],[-74.074184722041878,4.6142913806448309],[-74.074182472608015,4.6142906689417984],[-74.074180169100273,4.6142901570911548],[-74.07417783134531,4.6142898478058978],[-74.074176211859026,4.6142897772620648],[-74.074164938955008,4.6142659506718289],[-74.074163929321855,4.6142640200685117],[-74.074162740411708,4.6142621391998198],[-74.07416265919062,4.6142620269305734],[-74.074161225959742,4.6142601466885012],[-74.074160197329164,4.614259020535366],[-74.074159959806522,4.6142587299202598],[-74.074159816452436,4.6142586035484401],[-74.074159632361088,4.6142584020037241],[-74.074157893971559,4.6142568030090878],[-74.074156946887996,4.6142560739231602],[-74.074156659219128,4.6142558203326116],[-74.074156435484724,4.6142556802335646],[-74.074156022482427,4.6142553622952107],[-74.074154033182012,4.6142540906538372],[-74.074153208272577,4.6142536594028032],[-74.074152930054225,4.6142534851867332],[-74.074152654111501,4.6142533696952306],[-74.074151941358977,4.6142529970782311],[-74.074149762301644,4.6142520914609415],[-74.074149099012899,4.6142518817641465],[-74.074148871256611,4.6142517864403318],[-74.07414857422205,4.6142517158530811],[-74.074147512197882,4.6142513800972162],[-74.074145209933462,4.6142508674836042],[-74.074144747564517,4.6142508064864893],[-74.074144590517207,4.6142507691657384],[-74.074144320839338,4.6142507501915526],[-74.074142871696154,4.6142505590161251],[-74.074140514573045,4.6142504555941377],[-74.074140201611073,4.6142504648382756],[-74.074138158349285,4.6142505590161376],[-74.074135820259301,4.6142508678412781],[-74.074133517847542,4.6142513800972074],[-74.074131267598773,4.6142520915853282],[-74.074129088686448,4.6142529970782284],[-74.07412697061288,4.6142541057657631],[-74.073779756817856,4.6144562815651824],[-74.073777781119631,4.6144575469782554],[-74.07377592449734,4.6144589819457771],[-74.07377589634558,4.6144590046971734],[-74.073774182932112,4.6144605776935883],[-74.073772593408947,4.614462325555146],[-74.073772566693719,4.6144623562096516],[-74.073771154015489,4.6144642001627405],[-74.073769889885,4.6144661987702085],[-74.073769868548311,4.6144662341362128],[-74.073768797791715,4.6144682956753895],[-74.073767897253887,4.6144704830387671],[-74.07376788274766,4.6144705205482586],[-74.073767185307275,4.6144727392255875],[-74.073766676396033,4.614475050752274],[-74.073766669436026,4.6144750859173449],[-74.073766366924218,4.6144773968144648],[-74.073766264700552,4.6144797611581465],[-74.073766264031661,4.6144797922179359],[-74.073766366924232,4.6144821254497899],[-74.073766675283323,4.6144844717906786],[-74.073766679249701,4.6144844976320654],[-74.073767185307304,4.6144867821393882],[-74.073767898673722,4.6144890498599489],[-74.073768797791715,4.6144912265888873],[-74.073769896529782,4.6144933427526951],[-74.073780851392115,4.6145122863698393],[-74.073708814180705,4.6145548148157092],[-74.073706925223064,4.6145560383379634],[-74.073705145311891,4.6145574146893482],[-74.073703405954305,4.6145590135013119],[-74.073701812593072,4.6145607588124298],[-74.073700865407474,4.6145619579232724],[-74.073656260243084,4.6146218592231261],[-74.073653361352214,4.614625657722625],[-74.073582120236722,4.6146859741619037],[-74.073580397017679,4.6146875620814072],[-74.073578817141922,4.6146892932616552],[-74.073577665776597,4.6146907861509003],[-74.07357737889285,4.6146911701614739],[-74.073449547054466,4.6148677050852722],[-74.073449294490217,4.6148680427611701],[-74.073412685725287,4.6149075938128119],[-74.073352015406712,4.6149679109829123],[-74.073289402041055,4.6150301633610447],[-74.073287720357925,4.6150319963887645],[-74.073286285608191,4.6150338737292476],[-74.073285017583004,4.6150358704397085],[-74.073283927998361,4.6150379693382932],[-74.073283025866459,4.6150401559561534],[-74.073282316594742,4.6150424131114232],[-74.073281805590611,4.6150447245265029],[-74.073281668600387,4.6150455899509977],[-74.07327707940911,4.6150777553503248],[-74.073276806317352,4.6150816004777484],[-74.073276909042178,4.6150839643464572],[-74.073277216343556,4.6150863110344824],[-74.073277727320388,4.6150886215513509],[-74.073278437466655,4.615090879619359],[-74.07327933867154,4.6150930653436646],[-74.073280428231456,4.6150951642552398],[-74.073280933809656,4.6150960061715178],[-74.073324455913905,4.6151656935148182],[-74.073326653966618,4.6151687265858143],[-74.073328248210927,4.6151704710104999],[-74.073329986650933,4.6151720698420311],[-74.073331857570906,4.61517351041996],[-74.073333846551435,4.6151747827967622],[-74.073335940074301,4.6151758752164094],[-74.073338118312705,4.6151767804441866],[-74.073340367748457,4.6151774930542153],[-74.073342671258544,4.6151780049075697],[-74.073345009016023,4.6151783141955667],[-74.073347365700315,4.6151784163965122],[-74.073349721484547,4.6151783142232015],[-74.073352060146888,4.6151780049626092],[-74.073354363662872,4.6151774931362599],[-74.073356612205728,4.6151767805526305],[-74.073357597610936,4.6151763740001064],[-74.073422578589089,4.6152687417590856],[-74.073423954551799,4.6152705341079363],[-74.073425548150496,4.6152722796920411],[-74.073427287439287,4.6152738786866392],[-74.073429158029143,4.6152753194005145],[-74.073431147329529,4.6152765910418916],[-74.073433240051941,4.6152776837182428],[-74.073435419109259,4.6152785893355244],[-74.07343766831373,4.615279300699247],[-74.07343997147747,4.6152798133128083],[-74.07344230971475,4.6152801217802661],[-74.073444665938538,4.6152802252023193],[-74.073447022162313,4.6152801217802475],[-74.073449360399636,4.6152798133128208],[-74.073451663563404,4.615279300699231],[-74.073453912767818,4.615278589335496],[-74.07345609182515,4.6152776837182028],[-74.073458184547505,4.6152765910418916],[-74.073458589242478,4.6152763509228993],[-74.07537577387285,4.6141206105777783],[-74.075376693879264,4.6141200305150791],[-74.075514726323533,4.614029011030115],[-74.075515280413512,4.6140286600461113],[-74.075516156154976,4.6140281697206564],[-74.075516501321445,4.6140279743905008],[-74.075517940566655,4.6140270791269549],[-74.075537605210684,4.6140139745684658],[-74.075541949925665,4.6140110869422752],[-74.075542040830669,4.6140110271097665],[-74.07554248209982,4.614010761987112],[-74.075931491638144,4.613779193929969],[-74.075931788707749,4.6137790121782585],[-74.075932718073886,4.6137784320400721],[-74.075932741747721,4.6137784170976461],[-74.075933131025522,4.6137781636177584],[-74.076021320455865,4.6137183776241582],[-74.076022273109388,4.6137177934414586],[-74.076413907176033,4.6134983903384796],[-74.076414242169363,4.6134982000290847],[-74.076415682761038,4.6134973042062066],[-74.076416234244007,4.6134969315460079],[-74.076432450177464,4.6134861197584973],[-74.076432917787074,4.6134858204500002],[-74.076525706394705,4.6134239831088353],[-74.076921356615699,4.6132200381732513],[-74.076922993588326,4.613219675081476],[-74.076923105339063,4.6132196443350324],[-74.076925243923895,4.6132189624864743],[-74.076927423964833,4.6132180581775399],[-74.07692951658801,4.6132169648675649],[-74.076930546677772,4.6132163363724743],[-74.076930865708221,4.6132161319985006],[-74.076937923355189,4.6132114796961972],[-74.076954225257211,4.613203094347381],[-74.076955388080634,4.6132024576273958],[-74.076958502432888,4.6132003514151485],[-74.076977364813487,4.6131855242925308],[-74.076977846392211,4.6131851629855527],[-74.077020039215,4.613157350059077],[-74.077023598567479,4.6131545452540106],[-74.077026642329869,4.6131511879586844],[-74.077028373809426,4.6131484836491854],[-74.077477181027064,4.6129598385257848],[-74.077478391514532,4.612959332207474],[-74.077479009534073,4.6129590506004599],[-74.077479471284491,4.612958872901654],[-74.077480176950303,4.6129584736131957],[-74.077481458202669,4.6129578204470869],[-74.07748243639935,4.612957195144233],[-74.077482929091701,4.6129569163630126],[-74.077483185918666,4.6129567160210954],[-74.077483447503056,4.6129565488058057],[-74.077485318992217,4.6129551080918301],[-74.077485719769896,4.6129547394510082],[-74.077486061686429,4.6129544727336667],[-74.077486427337504,4.6129540886206257],[-74.077487057381731,4.612953509097272],[-74.077488648066364,4.6129517616194464],[-74.077488797738084,4.6129515924252722],[-74.07748893506097,4.6129514238802551],[-74.077510597268656,4.6129246222491007],[-74.077510879690735,4.6129242695098087],[-74.077511982092233,4.6129227082164626],[-74.077513299299682,4.6129207402339771],[-74.077513348054481,4.6129206587858169],[-74.077513394656819,4.6129205644372764],[-74.077514392275347,4.6129186432808211],[-74.077515093207936,4.612916943711534],[-74.077515209305474,4.612916696231582],[-74.077515240567237,4.6129165864055661],[-74.077515294295381,4.6129164561295957],[-74.077516003860467,4.6129141997306506],[-74.077516293070502,4.6129128888490767],[-74.07751640788436,4.6129124854956505],[-74.07751643678543,4.6129122374427327],[-74.077516513776061,4.6129118884729623],[-74.077516822243496,4.6129095421417352],[-74.077516864583245,4.6129085657271611],[-74.077516914545285,4.6129081369116598],[-74.077516898507128,4.61290778339513],[-74.077516924766186,4.6129071778240851],[-74.077516822243496,4.6129048135064048],[-74.07751673296066,4.6129041343841424],[-74.077516716130475,4.6129037634096983],[-74.077910705906703,4.6132255794529575],[-74.07791243083382,4.6132268771378691],[-74.07792411509709,4.6132349580518124],[-74.077925940059089,4.6132361155685127],[-74.077927801069634,4.6132370985531583],[-74.07794060374043,4.6132432379110497],[-74.077943014492504,4.6132442534505183],[-74.077944578101693,4.6132447716195877],[-74.077958192766658,4.6132488202102655],[-74.077961181197679,4.6132495264750135],[-74.077962356382798,4.613249708240736],[-74.077976418950598,4.6132515602599558],[-74.077979938197274,4.613251790856892],[-74.077980665478165,4.6132517809090068],[-74.077994165042597,4.6132514161389464],[-74.077994850609869,4.6132514010888901],[-74.077995105530064,4.6132513754103917],[-74.077996520622875,4.613251313297507],[-74.077998819169537,4.6132510052478573],[-74.077998858313862,4.6132509999522195],[-74.077999047574792,4.6132509697556703],[-74.077999142079364,4.6132509523094853],[-74.078013040235049,4.6132483375781197],[-74.078013071113602,4.613248331035944],[-74.078017162374721,4.6132472227146417],[-74.078030614626215,4.6132424147093225],[-74.078032882911174,4.613241425251613],[-74.078034411506806,4.6132406999252646],[-74.078034996816641,4.6132403814492111],[-74.078046869407288,4.6132338727682543],[-74.078047428473113,4.6132335580366277],[-74.078048697400192,4.6132327743626682],[-74.078081236219134,4.6132114424975157],[-74.0780830673624,4.6132101299142354],[-74.078098446181713,4.6131981033768268],[-74.078099206008289,4.6131974869887653],[-74.078101753764926,4.6131950403773212],[-74.078114931427777,4.6131806208895689],[-74.078115716460786,4.6131797235894076],[-74.078117686695364,4.6131770506247367],[-74.078119937242334,4.6131735588578087],[-74.078122077861323,4.6131702495967666],[-74.078179289736909,4.613217481147192],[-74.078177043008964,4.6132197916632132],[-74.078176876284289,4.6132199951333108],[-74.078166871902738,4.6132321970073669],[-74.078164416093799,4.6132357310559486],[-74.07815642502861,4.6132494358924285],[-74.078154597367018,4.6132532439466383],[-74.078148895389759,4.6132679715563434],[-74.078148691715555,4.6132685168559311],[-74.078147663431849,4.613272101544613],[-74.078144358688277,4.6132875489834957],[-74.078144166730226,4.6132885328737006],[-74.07814377200117,4.6132923011368661],[-74.078141945284031,4.6133450504876947],[-74.078141929063008,4.6133459927794895],[-74.078142021890216,4.6133482372786547],[-74.078146372104982,4.6134008356039429],[-74.078146520806769,4.613402214677703],[-74.078150433911489,4.6134313488528775],[-74.078150603341044,4.6134324358342269],[-74.078151113431232,4.6134347472519845],[-74.078151488338008,4.613435929185755],[-74.078151822690032,4.613437004410863],[-74.078152001131116,4.6134374212979665],[-74.078152296730536,4.6134381519807466],[-74.078152725710169,4.6134391910334331],[-74.078153082592209,4.6134398792135682],[-74.078153504361893,4.6134406912842376],[-74.07815381438067,4.6134412899376382],[-74.078154116288388,4.6134417656047972],[-74.078154832755885,4.6134428941838985],[-74.078155081491801,4.6134432857502388],[-74.078155330227617,4.6134436113019017],[-74.078156317961287,4.6134449035610201],[-74.078156517130168,4.6134451640023233],[-74.078156717200301,4.6134453828452893],[-74.078157973496261,4.6134467583007908],[-74.078158246564882,4.61344703411533],[-74.078159777731699,4.6134484412214087],[-74.078159922827552,4.6134485633032174],[-74.078161695423731,4.6134499204031254],[-74.078161726491601,4.613449941533581],[-74.07816175537566,4.6134499589256279],[-74.078163654764381,4.6134511848965936],[-74.078163710639799,4.6134512192603241],[-74.078165802362534,4.6134523134743519],[-74.078165965482683,4.6134523867233792],[-74.078167983841453,4.6134532139651458],[-74.078168019603183,4.6134532256010727],[-74.078170232707961,4.6134539265595649],[-74.078170269617914,4.613453936501644],[-74.078172442971564,4.6134544216282638],[-74.078172534648814,4.6134544408322498],[-74.078172572361339,4.6134544474725034],[-74.078174872530539,4.6134547507807833],[-74.078174911906586,4.6134547542480711],[-74.078177228964506,4.6134548562244833],[-74.078177272855712,4.6134548566233224],[-74.0781810905969,4.6134545797773434],[-74.078181153005062,4.6134545729940122],[-74.078200056824514,4.6134518184104785],[-74.078200861968469,4.6134516878495937],[-74.078203164761078,4.6134511764505124],[-74.078205414481729,4.6134504645017573],[-74.078207594480034,4.6134495595920972],[-74.078209686675237,4.6134484666712385],[-74.078211676121271,4.6134471951495026],[-74.078213555810891,4.6134457548177998],[-74.078214986664989,4.6134444433115434],[-74.078215030832638,4.6134443980724873],[-74.078215294200433,4.6134441558231822],[-74.078216887799101,4.6134424111384424],[-74.078217666118974,4.613441393522967],[-74.078217831363915,4.6134412051234843],[-74.078217928528332,4.6134410504354939],[-74.078218324016404,4.6134405333540114],[-74.07821959116113,4.6134385368590953],[-74.078219988925198,4.6134377702353895],[-74.078220124198637,4.6134375548768602],[-74.078220230458257,4.6134373047207857],[-74.078220680240179,4.6134364378413508],[-74.078221583159518,4.6134342515895117],[-74.078221741259398,4.6134337479971741],[-74.078221809492931,4.6134335873619863],[-74.078221875653625,4.6134333199141304],[-74.078222291825256,4.6134319942911493],[-74.07822280264017,4.6134296830334822],[-74.078222842208504,4.6134294025595768],[-74.078222853125084,4.6134293013074057],[-74.078223103913089,4.6134274050507731],[-74.078223208100582,4.6134251090554503],[-74.078223277864112,4.6134113965873613],[-74.078224093052924,4.613406847860027],[-74.078257176005522,4.6133604677433251],[-74.078386820994993,4.6134018607073877],[-74.078806068745052,4.613785661679044],[-74.078799145763909,4.6137985975273281],[-74.078797567453762,4.6138021390575252],[-74.078796857888619,4.6138043963558841],[-74.078796347073691,4.6138067067142243],[-74.078796039505562,4.6138090539447765],[-74.078795936083552,4.6138114182624594],[-74.078796039505534,4.6138137825800731],[-74.078796347073691,4.6138161289112869],[-74.078796857888605,4.6138184392696289],[-74.078797567453748,4.6138206965679327],[-74.078798469473725,4.6138228837191644],[-74.078799558552745,4.6138249827368139],[-74.078800825697499,4.6138269783325097],[-74.078802261914802,4.6138288561168945],[-74.078803855513456,4.6138306017009656],[-74.07880559390297,4.6138322006955228],[-74.078807576008771,4.6138337178518505],[-74.078917224050599,4.6139099452877925],[-74.078919102734346,4.6139111395874961],[-74.078921194557424,4.6139122322637984],[-74.078923373614757,4.6139131378810641],[-74.078925623718519,4.6139138501441437],[-74.078927925982939,4.6139143618583986],[-74.078930264220261,4.6139146712251371],[-74.078932621343341,4.6139147746472169],[-74.078934977567144,4.6139146712251646],[-74.078937315804467,4.613914361858364],[-74.078939618968207,4.6139138501440966],[-74.078941868172606,4.6139131378810623],[-74.078944047229953,4.6139122322638064],[-74.078946139053045,4.6139111395874792],[-74.07894812835336,4.613909867946175],[-74.07894999984255,4.6139084272321682],[-74.078951739131384,4.6139068282376225],[-74.078953331830746,4.6139050835528304],[-74.078953638499584,4.6139047103341868],[-74.078955409264637,4.6139025141897232],[-74.079505742196204,4.6143600451800131],[-74.079494789353021,4.6143757086720818],[-74.079493506919775,4.6143777267507557],[-74.079492417840726,4.6143798257683626],[-74.079491514921415,4.6143820120203438],[-74.079490805356301,4.6143842693186805],[-74.079490295440735,4.6143865796769532],[-74.079489986973272,4.6143889269075506],[-74.079489884450552,4.6143912912251652],[-74.079489986973272,4.6143936555428304],[-74.079490295440721,4.6143960018740398],[-74.079490805356329,4.6143983122323746],[-74.079491514921401,4.6144005695306838],[-74.079492417840754,4.6144027566819146],[-74.079493506919761,4.614404855699636],[-74.079494774064528,4.6144068512952225],[-74.079496210281803,4.6144087290796838],[-74.079497802981152,4.6144104746637318],[-74.079499604323246,4.6144121258190172],[-74.079611251557978,4.614504984417521],[-74.0796130645912,4.6145063666755517],[-74.079614986442451,4.6145075915522069],[-74.079617079164848,4.6145086842284595],[-74.079619258222124,4.6145095898457562],[-74.079621507426566,4.6145103021088172],[-74.079623810590363,4.6145108138230855],[-74.079626148827657,4.6145111231898648],[-74.079628505051389,4.6145112266118806],[-74.079630861275177,4.6145111231898976],[-74.079633199512472,4.6145108138230677],[-74.079635502676268,4.6145103021087959],[-74.079637751880682,4.6145095898457678],[-74.079639930938015,4.6145086842284613],[-74.079642023660426,4.6145075915521785],[-74.079644012061436,4.6145063199108201],[-74.07964588355064,4.614504879196903],[-74.079647622839488,4.6145032802022508],[-74.079649216438142,4.6145015355175412],[-74.07965019130323,4.6145002971510118],[-74.079655853434872,4.6144926664034545],[-74.080181926254838,4.6149169728401045],[-74.080218092671984,4.6149495954501756],[-74.080295010335618,4.6150237587824465],[-74.080295085896225,4.6150238342288237],[-74.08029531210272,4.6150240413937498],[-74.080296140682663,4.6150247879507296],[-74.080296411027547,4.6150250243755577],[-74.080296545348091,4.6150251330328658],[-74.08029815034007,4.6150263684217387],[-74.080298282155098,4.6150264655629556],[-74.080298349286593,4.6150265106550501],[-74.080300207680438,4.6150276987887802],[-74.080300239729439,4.6150277184012589],[-74.080300270135069,4.6150277369230821],[-74.080302304618343,4.6150287992056249],[-74.080302331356464,4.6150288124411745],[-74.080302364198587,4.6150288278430391],[-74.080304508814152,4.615029721075155],[-74.08030454293187,4.6150297340328796],[-74.080304655844614,4.6150297713367401],[-74.080306757993156,4.6150304345419659],[-74.080306793195888,4.6150304440125058],[-74.080309061236051,4.615030948928589],[-74.080309095444079,4.6150309550200133],[-74.08031140016287,4.6150312607092294],[-74.080311434198052,4.6150312637043038],[-74.080313756989099,4.6150313654813706],[-74.080313789814298,4.6150313650097443],[-74.080316146472953,4.6150312676788872],[-74.080317447368245,4.6150310960608056],[-74.080317684118086,4.6150310790421409],[-74.080317842829132,4.615031043890383],[-74.080318484710276,4.615030959211448],[-74.080320787874015,4.6150304465978813],[-74.080321367927056,4.6150302631424971],[-74.080321528046682,4.6150302276787905],[-74.080321761934044,4.6150301385285317],[-74.080323037078472,4.6150297352341703],[-74.080325211536518,4.6150288275111393],[-74.080327307958797,4.6150277369405401],[-74.080328413542532,4.6150270302066634],[-74.080328642292542,4.6150269021423345],[-74.080328780525377,4.615026795616382],[-74.080329297259169,4.6150264652992261],[-74.080331168748359,4.615025024585278],[-74.080331635413671,4.6150245955620903],[-74.080331760811788,4.615024498926882],[-74.080331921524277,4.6150243325296954],[-74.080332908037221,4.6150234255906986],[-74.08033449654684,4.6150216672264675],[-74.080342868688774,4.6150116498090696],[-74.080368596199548,4.6149808627903788],[-74.080372444823652,4.6149803906096309],[-74.080403909487899,4.6150072520445784],[-74.080409741287951,4.6150122320597404],[-74.080409892693055,4.6150123604712245],[-74.080411728843771,4.6150139029980304],[-74.080411756661604,4.61501392643898],[-74.080423118199647,4.6150235708023226],[-74.080423193567739,4.6150236351932143],[-74.080423344963961,4.6150237598801418],[-74.080425020198504,4.6150251208127857],[-74.080429323100233,4.6150286899052597],[-74.080437936882618,4.6150359285010714],[-74.080439810964521,4.6150373644089235],[-74.080441779169533,4.6150386231143425],[-74.080441810160266,4.6150386410555031],[-74.080443870669797,4.6150397172416353],[-74.080443903746598,4.6150397327268013],[-74.080446049260075,4.6150406246273636],[-74.080446083111511,4.6150406369974624],[-74.080448298350376,4.6150413377390125],[-74.080448332402753,4.6150413469013731],[-74.080450601631711,4.615041851636402],[-74.080450634577815,4.6150418574925967],[-74.080452939657746,4.615042161951405],[-74.080452973161798,4.6150421662285339],[-74.080455329150084,4.6150422753807501],[-74.080457685373872,4.6150421719587253],[-74.080460023611181,4.6150418634912471],[-74.080461369488347,4.6150415639403262],[-74.08046186642872,4.6150414843855732],[-74.080462157938783,4.6150413884554595],[-74.080462326774921,4.6150413508777088],[-74.080464575979349,4.6150406395139445],[-74.080465116744662,4.6150404147716655],[-74.080465833994282,4.6150401787391226],[-74.080466446470069,4.6150398621371362],[-74.080466755036696,4.6150397338966567],[-74.080468846859702,4.6150386403210542],[-74.080469002171256,4.6150385410396115],[-74.080469544452697,4.6150382607225504],[-74.080470210966141,4.6150377683290369],[-74.080470836160146,4.6150373686797153],[-74.080472706677,4.6150359266407461],[-74.080472730342024,4.6150359071146516],[-74.080472903990952,4.6150357788297223],[-74.080473212240392,4.615035464323852],[-74.080474392079495,4.6150343802325029],[-74.080475832928911,4.6150327975178618],[-74.080476027422989,4.6150325728141448],[-74.080476495667099,4.6150320144465793],[-74.080604518429297,4.6148822651715591],[-74.080604613535229,4.6148821532086028],[-74.080604705930099,4.6148820386056757],[-74.080606096621793,4.614880226585905],[-74.080606141783193,4.6148801618196478],[-74.08060740415921,4.6148781699383159],[-74.080608500781608,4.6148760680761303],[-74.080609398789875,4.6148738822898556],[-74.080610112366728,4.6148716236265859],[-74.080610620278051,4.6148693132353706],[-74.080610930749799,4.6148669669370506],[-74.080611031219064,4.614864601274391],[-74.080610930749785,4.6148622383017281],[-74.080610619083217,4.6148598889681498],[-74.080610112366728,4.6148575807129015],[-74.08060939602241,4.6148553200220608],[-74.08060849357544,4.6148531332708007],[-74.080607404232822,4.6148510343638272],[-74.080606136171426,4.6148490382462555],[-74.080604760232262,4.6148472349375167],[-74.080604700389628,4.614847159839254],[-74.080603106335474,4.6148454158166015],[-74.080601339907716,4.6148437924176733],[-74.08058978719157,4.6148341255033252],[-74.080623283854493,4.6147937536689909],[-74.080648952739111,4.6147807878485745],[-74.080720654574634,4.614750979269358],[-74.080720943556443,4.6147508595989466],[-74.080721030013635,4.614750823583063],[-74.080721253211138,4.6147507294426617],[-74.08079261839633,4.6147199370846614],[-74.080792654980954,4.6147199219976338],[-74.080822932649681,4.614707448252565],[-74.080823674473109,4.6147071619104443],[-74.080824674671831,4.6147067646666819],[-74.08094648990928,4.6146566783368881],[-74.080947495290758,4.6146562703760976],[-74.080947535815255,4.6146562540233651],[-74.080947566761765,4.6146562413560881],[-74.080952986692651,4.6146540026519265],[-74.080954708613632,4.6146532933359783],[-74.080966969650035,4.6146482427010858],[-74.080967405838322,4.6146480582195473],[-74.080971008194311,4.6146464986081099],[-74.080971213386107,4.6146464112418855],[-74.080971253139396,4.614646394299692],[-74.080971346549248,4.6146463549055747],[-74.080988354068964,4.6146392735045394],[-74.080990302119019,4.6146388404686798],[-74.080992551553805,4.6146381278608324],[-74.080993414017101,4.6146377959745708],[-74.081000070394509,4.6146351038088937],[-74.081001735840317,4.6146343631702411],[-74.081011582679295,4.6146295833138362],[-74.081012055513938,4.6146293785934001],[-74.081029705456487,4.6146220518662355],[-74.081085250956434,4.6145988980790609],[-74.081096132759541,4.6145986342880185],[-74.081103352421565,4.6146008398652612],[-74.08110638953508,4.6146031331818111],[-74.081119228585692,4.6146150317098202],[-74.081119518937768,4.6146153041892486],[-74.081134895558932,4.6146299865846494],[-74.081136133925369,4.6146311314216275],[-74.081157262597571,4.6146511602229365],[-74.081157786902281,4.6146517636680313],[-74.081158277932133,4.6146522906707714],[-74.081158702412139,4.6146527142514699],[-74.081158845499345,4.6146528932681026],[-74.081160373614637,4.6146555738832191],[-74.081162796136937,4.6146654073452602],[-74.081161271334778,4.6146766479349921],[-74.081141295994513,4.6147043868637523],[-74.081139795479501,4.6147067109499202],[-74.081138705918363,4.6147088107649257],[-74.081137803810932,4.6147109964884931],[-74.081137094564355,4.6147132536516073],[-74.081136584487098,4.6147155650723626],[-74.081136276282677,4.6147179117601826],[-74.081136173555876,4.6147202756288648],[-74.081136276306694,4.6147226404007746],[-74.081136584534917,4.6147249861811934],[-74.081137094635707,4.6147272975966951],[-74.081137803905207,4.6147295547525191],[-74.08113870603492,4.6147317413711635],[-74.081139794716151,4.6147338402707492],[-74.081141062739121,4.6147358369822333],[-74.081142498387933,4.614737714323863],[-74.081145590480702,4.6147408531704901],[-74.081170246166494,4.6147620977275299],[-74.0811703174831,4.6147621616635659],[-74.081170341362011,4.6147621820960545],[-74.081170514455906,4.6147623269926319],[-74.08117067320434,4.6147624535780789],[-74.08117223511762,4.6147636561758576],[-74.081172386229582,4.6147637674161199],[-74.081172469039217,4.6147638229765144],[-74.081174300419406,4.6147649938912769],[-74.081174377895309,4.6147650410045351],[-74.081176406207618,4.6147660999384703],[-74.081176433935426,4.6147661139077591],[-74.081176468192282,4.6147661299710094],[-74.081178611327971,4.6147670225853394],[-74.081178647007164,4.6147670359811874],[-74.081178778001302,4.6147670787355928],[-74.081180860323769,4.6147677365088198],[-74.081180897387199,4.6147677464945591],[-74.081183163742168,4.6147682510363301],[-74.081183199483235,4.6147682570089454],[-74.081185537282664,4.6147685703133714],[-74.081186353112514,4.6147686061090383],[-74.081186683255808,4.6147686430725443],[-74.081187021052017,4.6147686354158006],[-74.081187894405772,4.6147686737353757],[-74.081190223602775,4.6147685671599845],[-74.081190249656856,4.6147685644577656],[-74.081192588866827,4.614768260946593],[-74.081194432906301,4.6147678549695863],[-74.081194502053506,4.6147678357109303],[-74.08119489113129,4.6147677492323051],[-74.08119714123508,4.6147670369692078],[-74.081198252503427,4.6147665751255618],[-74.081198480061815,4.6147664986396109],[-74.081198646662656,4.6147664113128029],[-74.081199320292342,4.6147661313519626],[-74.081201412115419,4.6147650386757038],[-74.081202080602367,4.6147646113517293],[-74.081202260931178,4.6147645168291511],[-74.081202454174161,4.6147643725495557],[-74.081203401415763,4.6147637670343],[-74.081205272904981,4.6147623263204274],[-74.081205678404004,4.6147619595689591],[-74.081205795250639,4.6147618458596371],[-74.081207011294495,4.6147607273257716],[-74.081208656508707,4.6147589009399699],[-74.081234181295628,4.6147280287757395],[-74.081308233416564,4.6147530542462141],[-74.081312166323343,4.6147540597521486],[-74.081312312018113,4.6147540790287067],[-74.081312392782422,4.6147540944815164],[-74.081314504560666,4.614754369118935],[-74.081316664340306,4.61475446765313],[-74.081316728364968,4.6147544667286668],[-74.08131686078444,4.6147544725409455],[-74.0813192170082,4.6147543691189039],[-74.081320601349859,4.6147541860302503],[-74.081320941155198,4.6147541614025354],[-74.081321137266414,4.6147541151516505],[-74.081321556144829,4.6147540597521184],[-74.081325115255723,4.6147531768479295],[-74.081379007094881,4.614735838512674],[-74.081488400963451,4.6149306440309328],[-74.081488418668485,4.6149306760313822],[-74.081509616458945,4.6149679891843682],[-74.081651090678051,4.6152351683234736],[-74.081651552106493,4.6152360039038562],[-74.081651966670805,4.6152366993163394],[-74.081753327637273,4.6154013167198276],[-74.08175364577032,4.6154018222276019],[-74.081868058130425,4.615578778239211],[-74.081868373679058,4.615579279640623],[-74.08211517522976,4.6159799365818444],[-74.082081230699984,4.6160209162663772],[-74.082079839313096,4.6160227486510204],[-74.082078822178886,4.6160243553958722],[-74.082078732279413,4.6160244903314469],[-74.082078609040536,4.6160246920859631],[-74.082077519961544,4.6160267920029403],[-74.082076967056835,4.6160281307591999],[-74.082076830163672,4.61602841374419],[-74.082076777962783,4.6160285886154586],[-74.082076617042219,4.6160289782548469],[-74.082075907477119,4.616031235553149],[-74.082075679548609,4.6160322682662018],[-74.082075582858636,4.616032592174335],[-74.082075546504981,4.6160328710687901],[-74.082075397561482,4.6160335459114989],[-74.082075089094076,4.6160358922427278],[-74.082075057388053,4.6160366234275134],[-74.082075019222913,4.6160369162190875],[-74.082075029812842,4.6160372593498655],[-74.082074986571342,4.6160382565603681],[-74.082075089094062,4.6160406217773371],[-74.0820751472355,4.6160410640253779],[-74.082075153739623,4.6160412747685475],[-74.082075219736126,4.6160416154953161],[-74.082075397561482,4.6160429681085891],[-74.082075907477133,4.6160452784668777],[-74.082075964151414,4.6160454587615547],[-74.082075988277751,4.6160455541407206],[-74.082076617042219,4.6160475357652482],[-74.082077485670325,4.6160496492793914],[-74.082171298019958,4.6162530998918854],[-74.082172421819791,4.6162552728625865],[-74.082173298353567,4.6162566532944753],[-74.082173481369253,4.616256978334758],[-74.082173591942166,4.6162571156601322],[-74.082173688964531,4.6162572684582699],[-74.082175125181834,4.6162591462427001],[-74.082175987776068,4.6162600911511564],[-74.082176272979709,4.6162604453580309],[-74.082176477379349,4.6162606274754863],[-74.082176717881154,4.6162608909274523],[-74.082178457170002,4.6162624899219935],[-74.082179269937356,4.6162631156084233],[-74.082179596396585,4.6162634064793435],[-74.08217988083058,4.6162635858875918],[-74.082180328659206,4.6162639306360314],[-74.082182317959564,4.6162652022773196],[-74.082183051108714,4.6162655855574153],[-74.082183361251126,4.6162657811813528],[-74.082183687083685,4.6162659180361407],[-74.082184409782656,4.6162662958529657],[-74.082186588839988,4.6162672014702775],[-74.082187212028245,4.6162673985682146],[-74.082187465171188,4.6162675048922175],[-74.082187795784463,4.6162675831948299],[-74.082188838044345,4.6162679128339876],[-74.082191141208156,4.6162684254475446],[-74.082191617019532,4.6162684882180711],[-74.082191796564956,4.6162685307416824],[-74.082192089294267,4.6162685505220473],[-74.082193479445493,4.6162687339149731],[-74.082195835669253,4.6162688373370564],[-74.082196137735068,4.6162688240835212],[-74.082196237413086,4.6162688252779729],[-74.082198192792291,4.6162687339149979],[-74.082200531029628,4.6162684254475161],[-74.082200667472122,4.6162683960637914],[-74.082200710744928,4.6162683854328268],[-74.082202833294104,4.6162679128339841],[-74.082204965822726,4.6162672399138183],[-74.082205080800264,4.6162671957340295],[-74.082209017108312,4.6162653945871277],[-74.082317336000727,4.6162047006465485],[-74.082377582370484,4.6162790824048745],[-74.082377623686639,4.6162791334068096],[-74.082377935232685,4.6162795263295324],[-74.082463935140751,4.6163903783862601],[-74.082547449203233,4.616498016085659],[-74.082547989038474,4.6164986879846435],[-74.082878521533303,4.6168977569406628],[-74.082879945474502,4.6168995438476692],[-74.082880688086135,4.6169003803293949],[-74.082881574894088,4.6169013605954001],[-74.083006274704474,4.6170393455022616],[-74.082935074793838,4.617095266633271],[-74.082933940748688,4.6170961524655407],[-74.082933214995805,4.6170967226357043],[-74.082931476606319,4.6170983216303334],[-74.082930758101313,4.6170991137008839],[-74.082929883007623,4.6171000663151203],[-74.082928446790319,4.6171019440994909],[-74.082928076101823,4.6171025300164938],[-74.08292717964558,4.6171039405944097],[-74.082926090566559,4.6171060396121408],[-74.082925971802368,4.6171063292602597],[-74.082925187647248,4.6171082258640181],[-74.082924500906302,4.6171104155844302],[-74.082924483784538,4.6171104840685153],[-74.082923968166511,4.6171127944199952],[-74.082923763964686,4.6171143522053377],[-74.082923701714606,4.6171146844269666],[-74.082923697325754,4.6171148605706804],[-74.082923660598382,4.6171151407511921],[-74.082923557176372,4.6171175050688635],[-74.082923604486538,4.6171185866205349],[-74.082923593538666,4.6171190260064359],[-74.082923637973408,4.6171193521595786],[-74.082923660598397,4.6171198693865039],[-74.082923968166526,4.6171222157177612],[-74.082924124422291,4.6171229227201049],[-74.082924179798084,4.6171233291813323],[-74.08292430530139,4.6171237411344137],[-74.08292447898144,4.6171245269754371],[-74.082925187647263,4.6171267833743785],[-74.082925357420095,4.6171271946169297],[-74.082925445457377,4.617127483591152],[-74.082925642814658,4.6171278859313469],[-74.082926090566531,4.6171289705256644],[-74.082927179645566,4.6171310695433396],[-74.082927289027367,4.6171312419640014],[-74.082927358057077,4.6171313826906042],[-74.082927551796089,4.6171316561714866],[-74.082928440495081,4.6171330570450708],[-74.082929868582283,4.6171349266089123],[-74.082966403515584,4.617178763426744],[-74.082968011564461,4.6171805250612667],[-74.082969495876625,4.6171818903519926],[-74.08296963294255,4.6171820225454834],[-74.082969752866575,4.6171821199534397],[-74.08297162144315,4.6171835647697703],[-74.082973145756057,4.6171845391723148],[-74.082973362575416,4.6171846941654131],[-74.082973467802944,4.6171847450377621],[-74.082973610743522,4.6171848364111305],[-74.082975702566543,4.617185929087392],[-74.082977239565722,4.6171865684993429],[-74.082977493469045,4.6171866912490893],[-74.082977626783261,4.6171867295869564],[-74.082977881623862,4.6171868356040555],[-74.082980131727652,4.6171875469678216],[-74.082981626223656,4.6171878797267016],[-74.082981903068799,4.6171879593404483],[-74.082982062829558,4.6171879769397339],[-74.082982433992058,4.6171880595813457],[-74.082984772229381,4.6171883680488275],[-74.082986169878922,4.6171884293726837],[-74.082986463793503,4.617188461750299],[-74.082986650160123,4.6171884504456377],[-74.082987129352489,4.6171884714709046],[-74.082989485576249,4.6171883680487946],[-74.082990742771855,4.6171882021956909],[-74.082991043689589,4.6171881839426074],[-74.082991251580836,4.6171881350720438],[-74.082991823813586,4.6171880595813386],[-74.082994126977312,4.6171875469677826],[-74.082995208762952,4.6171872048276654],[-74.082995510248864,4.6171871339551274],[-74.082995737079472,4.6171870377351274],[-74.08299637618174,4.6171868356040209],[-74.082999734695875,4.6171853419983959],[-74.083093433721928,4.6171357887851201],[-74.083183772872033,4.6172357524181065],[-74.083348804064329,4.617418348575173],[-74.083349557491459,4.6174191506925117],[-74.083460080945727,4.6175318824715035],[-74.083460187024329,4.6175319939112462],[-74.083460208481711,4.6175320173664476],[-74.083471237431155,4.6175441921687206],[-74.083386874694597,4.6176072700323951],[-74.08338565132668,4.6176082417270443],[-74.083383912037846,4.6176098407216264],[-74.083383558032182,4.6176102282899452],[-74.083383422897043,4.6176103488249725],[-74.083383253528183,4.6176105616634162],[-74.083382318439192,4.6176115854064035],[-74.083380883121194,4.6176134631908257],[-74.083380640877905,4.6176138448659074],[-74.083380543303022,4.6176139674839023],[-74.083380417224419,4.6176141972511164],[-74.083379615976469,4.6176154596857506],[-74.083378526897434,4.617617558703464],[-74.083378387472379,4.6176178962953474],[-74.083378318605384,4.6176180217994229],[-74.083378233260035,4.6176182696920627],[-74.083377623978151,4.6176197449553937],[-74.08337691441298,4.6176220022536842],[-74.083376854067623,4.6176222756703611],[-74.083376813161181,4.6176223944864452],[-74.083376771982557,4.6176226475865292],[-74.0833764044974,4.6176243126120324],[-74.083376096029937,4.6176266598424993],[-74.083376087610361,4.6176268540095311],[-74.083376076776261,4.6176269593229549],[-74.083375993507275,4.6176290241601992],[-74.083376096029951,4.6176313884778546],[-74.083376111468922,4.6176315059132467],[-74.083376116833236,4.6176315828262284],[-74.083376404497386,4.6176337348091137],[-74.083376917511757,4.6176360446019062],[-74.083376939354821,4.6176361331135514],[-74.083377623978151,4.6176383024657097],[-74.08337852387325,4.617640484186631],[-74.083379615976469,4.6176425886346131],[-74.083380762808886,4.6176443955672406],[-74.083380820349404,4.6176444909764145],[-74.083380886586198,4.6176445822491816],[-74.083382318439178,4.6176464620146564],[-74.083383763526896,4.6176480579843773],[-74.083481497763543,4.6177476637805057],[-74.083483385150089,4.6177494119058933],[-74.083484827985828,4.6177505226329369],[-74.083485027704086,4.6177506940416775],[-74.083485128566934,4.6177507540269227],[-74.083485256639221,4.6177508526197881],[-74.083487245939637,4.6177521242612087],[-74.083488788848129,4.6177529308720393],[-74.08348902652456,4.6177530722231319],[-74.083489146886521,4.6177531180494853],[-74.083489337762643,4.6177532178367979],[-74.08349151681999,4.6177541234540733],[-74.083493115876976,4.6177546291934961],[-74.083493374595221,4.6177547276972328],[-74.083493510343189,4.6177547539526973],[-74.083493766024432,4.6177548348178759],[-74.083496069188172,4.6177553474314266],[-74.083497672115882,4.6177555588945731],[-74.08349794249979,4.6177556111904003],[-74.083498088849723,4.6177556138713998],[-74.083498407425495,4.6177556558988959],[-74.083500763649283,4.6177557593208887],[-74.083502314405962,4.6177556912793447],[-74.083502594279096,4.6177556964063173],[-74.08350274999853,4.617755672167128],[-74.083503120772377,4.6177556558989021],[-74.0835054590097,4.6177553474314292],[-74.083506906061174,4.6177550252364457],[-74.083507191477423,4.6177549808086429],[-74.083507355339222,4.6177549252018641],[-74.08350776127412,4.6177548348178679],[-74.083510011377854,4.6177541234541177],[-74.083511317425845,4.6177535806599481],[-74.083511597263609,4.6177534856964177],[-74.083511760685326,4.6177533964410351],[-74.083512190435201,4.6177532178367846],[-74.083514282258292,4.617752124261199],[-74.083515681053512,4.6177512559928022],[-74.0836098279363,4.6176887570431413],[-74.08390948976843,4.6179953718335502],[-74.083812367752131,4.6181185900974766],[-74.083810159211467,4.6181218544400879],[-74.083809988407168,4.6181221836367161],[-74.083809901357782,4.6181223151114752],[-74.083809784022975,4.6181225775530708],[-74.083809070132403,4.6181239534577117],[-74.083808168112427,4.618126140608914],[-74.083808113797176,4.6181263133300776],[-74.083808082853778,4.6181263948595914],[-74.083807458547298,4.6181283970080091],[-74.083806947237704,4.6181307116204486],[-74.083806640164227,4.6181330545968713],[-74.083806558288686,4.6181349427626079],[-74.083806543352097,4.6181351637302779],[-74.083806537641564,4.6181354189145365],[-74.083806640164241,4.6181377832321671],[-74.083806840347862,4.6181393103640058],[-74.083806862844909,4.6181396189306021],[-74.083806902063174,4.6181397811686864],[-74.083806947732398,4.618140129563356],[-74.083807458547298,4.6181424408210603],[-74.083807832768272,4.6181436313084614],[-74.083807912495502,4.6181439611239412],[-74.083808004678758,4.6181441781972934],[-74.083808168112441,4.6181446981193375],[-74.083809070132403,4.6181468843712601],[-74.083809531549434,4.6181477736754459],[-74.083809658652584,4.6181480729781539],[-74.083809812423581,4.6181483150133849],[-74.083810159211424,4.6181489833889593],[-74.083812054604351,4.6181518434195832],[-74.084052180799048,4.6184686249888145],[-74.084052988754351,4.6184696393623783],[-74.084054582353076,4.6184713840472424],[-74.08405468454464,4.6184714780444596],[-74.084054754648875,4.6184715498240738],[-74.084056320742548,4.618472983041789],[-74.084057413081354,4.6184738239484524],[-74.08405771611281,4.6184740823690218],[-74.084057895195741,4.6184741950908439],[-74.084058192231709,4.6184744237557194],[-74.084060181532081,4.6184756953970876],[-74.084060751826016,4.6184759931655206],[-74.084061014039904,4.6184761582131459],[-74.084061372023555,4.6184763169902014],[-74.084062274254492,4.6184767880733357],[-74.08406445539002,4.6184776898722397],[-74.08406457738198,4.6184777340674072],[-74.08406832900765,4.6184787896582957],[-74.08413263723034,4.6184918692034724],[-74.084174254147626,4.6185165832277546],[-74.084174378794998,4.6185166567417033],[-74.084174508274302,4.618516725943806],[-74.084176597871632,4.6185178232390589],[-74.084177879168976,4.6185183557468266],[-74.084178202580048,4.6185185126605113],[-74.084178401906101,4.6185185729966696],[-74.084178776928951,4.6185187288563325],[-74.084181026133393,4.6185194411193571],[-74.084181942248151,4.6185196446606946],[-74.08418227071769,4.6185197440886157],[-74.084182581186965,4.6185197866193537],[-74.084183329297147,4.6185199528336085],[-74.084185667534484,4.6185202622003745],[-74.084186234552874,4.6185202870886135],[-74.084186481819344,4.6185203209612649],[-74.084186833008786,4.6185203133567532],[-74.08418802375823,4.6185203656224321],[-74.084190379982033,4.6185202622003674],[-74.08419061188215,4.6185202315300034],[-74.08419073125367,4.6185202289451572],[-74.084190999953179,4.6185201802049685],[-74.08419271911869,4.6185199528335943],[-74.084194912888293,4.6185194678413035],[-74.084195020008835,4.6185194371731022],[-74.084197271486872,4.618518728856337],[-74.084198584730714,4.6185181830715312],[-74.084198924456373,4.6185180639545047],[-74.084199102093763,4.6185179680551913],[-74.084199450544176,4.6185178232390616],[-74.084201542367225,4.6185167305627592],[-74.084202346484616,4.6185162165383655],[-74.084202664651997,4.6185160447725506],[-74.08420291676704,4.6185158519907281],[-74.08420353166764,4.6185154589213937],[-74.084205403156773,4.61851401820741],[-74.084206041833767,4.6185134626883277],[-74.084281969924405,4.6184453590345207],[-74.084623638129543,4.6187979558546344],[-74.084623830682546,4.6187981584616127],[-74.084623928015588,4.6187982588391385],[-74.084704948769343,4.6188827839315776],[-74.084705296644856,4.6188831393220857],[-74.084739782606917,4.6189178164471318],[-74.084739850037849,4.6189178879738604],[-74.084739877248538,4.6189179157081064],[-74.084740094398938,4.6189181391251575],[-74.085007182465745,4.6191937703127133],[-74.085007287088672,4.6191938732160045],[-74.085007408649986,4.6191940083252625],[-74.085286680115843,4.6194867894276594],[-74.085238185453363,4.619502152385949],[-74.08523646050709,4.6195017120054631],[-74.085234122730284,4.6195014027567556],[-74.085231766030049,4.6195013005953358],[-74.085229410233254,4.6195014028081092],[-74.085227071561945,4.6195017121077964],[-74.085224768941757,4.6195022239726526],[-74.0852225194959,4.6195029356895416],[-74.085220340347561,4.619503841832449],[-74.0852182477187,4.6195049342623102],[-74.085216257831206,4.6195062057445941],[-74.085214387808236,4.6195076463316598],[-74.085212990925626,4.6195089078601317],[-74.085198724708249,4.6195227222631692],[-74.08519678890282,4.6195248049114337],[-74.085195352372949,4.6195266822757137],[-74.085194085274338,4.6195286790071899],[-74.085192996619043,4.619530777923825],[-74.085192094517936,4.6195329645565417],[-74.085191384378192,4.619535221723428],[-74.085190874310641,4.6195375331467261],[-74.085190566117447,4.6195398789316489],[-74.085190464304688,4.6195422437048776],[-74.08519056616835,4.6195446075715996],[-74.085190873510768,4.6195469542541714],[-74.085191384529338,4.6195492656664605],[-74.08519209471774,4.6195515228179476],[-74.085192995964704,4.6195537094310986],[-74.085194085566471,4.6195558083240931],[-74.085195352708098,4.6195578050280561],[-74.085196788377289,4.6195596823612854],[-74.085198044697847,4.6195610822203568],[-74.085238107234986,4.6196027406593911],[-74.085240184576222,4.6196046858087545],[-74.085242055531879,4.6196061263550785],[-74.085244044545917,4.6196073977940131],[-74.085246137198709,4.6196084901782983],[-74.085248316367029,4.6196093962737192],[-74.085250565828602,4.6196101079415968],[-74.085252868460259,4.6196106197562106],[-74.085255207138573,4.6196109290048906],[-74.085257562937997,4.6196110320705088],[-74.085259919636371,4.6196109289533629],[-74.085262257406782,4.619610619653586],[-74.085264560928536,4.6196101086929016],[-74.085266810374662,4.6196093960715459],[-74.085268988622062,4.6196084908328672],[-74.085271082152389,4.619607397498493],[-74.085273071138829,4.6196061260160626],[-74.085274942063151,4.6196046854288326],[-74.085276352464064,4.6196034103354924],[-74.085292012859284,4.6195882231721459],[-74.085293934245186,4.6195861549927439],[-74.085295370774929,4.619584276723951],[-74.085295513165818,4.6195840524533773],[-74.085361294148228,4.6195640067798287],[-74.085468968863452,4.619670331273575],[-74.085469034497663,4.6196704004481646],[-74.085469385883385,4.6196707562062169],[-74.085469452711564,4.619670824896482],[-74.086172305510345,4.6203961608480721],[-74.086172414814044,4.6203962749248193],[-74.086172569185067,4.6203964325461024],[-74.086172646985915,4.6203965136041916],[-74.086172703795597,4.6203965702117848],[-74.086173898706733,4.6203978539325155],[-74.086178517890687,4.6204027691702754],[-74.086099674876621,4.620500540750176],[-74.086099373833861,4.6205009186898591],[-74.086098281810209,4.6205024471302965],[-74.086096974195968,4.6205044166456037],[-74.086096879709743,4.6205045987519977],[-74.086096833177251,4.6205046769369549],[-74.086095885116919,4.620506515663271],[-74.086094987040013,4.6205087037249291],[-74.086094948774374,4.6205088035510613],[-74.086094273531842,4.6205109592134734],[-74.086093800522022,4.620513099416482],[-74.086093779153558,4.6205131870749403],[-74.086093766018493,4.6205132707834515],[-74.08609345514877,4.620515616802324],[-74.086093374691899,4.620517472250925],[-74.086093358783188,4.6205177040887886],[-74.086093352626108,4.6205179811200221],[-74.08609345514877,4.6205203454376722],[-74.086093664387036,4.6205219416442755],[-74.086093685483334,4.6205222286968182],[-74.086093721018884,4.620522373669055],[-74.086093762716928,4.6205226917689171],[-74.086094273531828,4.620525003026513],[-74.086094690691624,4.6205263295840737],[-74.086094765631444,4.6205266353115597],[-74.086094843781481,4.6205268164060351],[-74.086094983096913,4.6205272594255646],[-74.086095885116919,4.6205294465767546],[-74.086096441927538,4.620530519736068],[-74.086096563321718,4.6205308010387034],[-74.086096687151368,4.6205309923639852],[-74.086096974195968,4.6205315455944422],[-74.086098242240027,4.6205335420893201],[-74.086098861415252,4.6205343517501944],[-74.086099028523208,4.6205346099433671],[-74.086099212530115,4.6205348108835009],[-74.086099677558025,4.6205354189744714],[-74.086101291841075,4.6205371447734755],[-74.086101911670852,4.6205377584118095],[-74.086102097378983,4.6205379514949696],[-74.086102997203142,4.6205387780022376],[-74.08626262803989,4.6206860006538761],[-74.086551969348463,4.6209670007405528],[-74.087631710620911,4.6220745916815975],[-74.087633659265933,4.6220764037031206],[-74.087634958282933,4.6220774037153003],[-74.087635178433032,4.6220775943386263],[-74.087635306014448,4.6220776714067764],[-74.08763553075508,4.6220778444171149],[-74.087637519156146,4.6220791160583978],[-74.087638834273193,4.622079802722495],[-74.087639104604847,4.6220799660216967],[-74.08763927419372,4.6220800324188147],[-74.087639611878558,4.6220802087347188],[-74.087641790935891,4.6220811143520137],[-74.087643074525801,4.6220815203174883],[-74.087643375818033,4.6220816382788232],[-74.087643580978835,4.6220816804951532],[-74.087644040140262,4.622081825715731],[-74.087646343304073,4.6220823383292986],[-74.087647554228639,4.6220824980781625],[-74.08764786859328,4.6220825627655957],[-74.087648102605868,4.6220825704217949],[-74.087648681541381,4.6220826467967653],[-74.08765103776517,4.6220827502188104],[-74.08765213118707,4.6220827022251267],[-74.087652453046246,4.6220827127553621],[-74.087652713949325,4.6220826766458512],[-74.087653393988859,4.6220826467967706],[-74.08765573312553,4.6220823383292844],[-74.087656677219229,4.622082128120903],[-74.08765699664194,4.6220820839121473],[-74.087657279321363,4.6220819940591014],[-74.087658035389978,4.622081825715731],[-74.087660285493769,4.6220811143520244],[-74.087661061447093,4.6220807918654385],[-74.087661368026716,4.6220806944154349],[-74.087661660462075,4.6220805429144862],[-74.087662464551016,4.6220802087346966],[-74.087664556374122,4.6220791160583943],[-74.08766516226919,4.6220787287457874],[-74.087665440825333,4.6220785844351306],[-74.087665726451661,4.6220783680974584],[-74.087666545674495,4.6220778444170785],[-74.08766841716367,4.6220764037031223],[-74.087668870317373,4.6220759868861281],[-74.087669097294793,4.622075814970021],[-74.087669345341141,4.6220755499527755],[-74.087670155553198,4.6220748047085465],[-74.087671749151852,4.6220730591244514],[-74.0876722314581,4.622072466277765],[-74.087703562035898,4.6220327769733407],[-74.08777903160582,4.6221135754370426],[-74.087779185717594,4.6221137404369204],[-74.087807388868995,4.6221477606414325],[-74.087810004268334,4.6221504898124621],[-74.087841164853586,4.6221787605522753],[-74.087841562835763,4.6221791558620566],[-74.088078315411977,4.6224216853675761],[-74.08807856055958,4.6224219297937417],[-74.08809390759194,4.6224397148680092],[-74.088182248303085,4.6225420805848074],[-74.088505976215217,4.6229440968021906],[-74.088506295255812,4.6229444847464514],[-74.088507693985093,4.6229460329042693],[-74.089247856846143,4.6237040158589906],[-74.089248038897367,4.6237042003352773],[-74.089289021148971,4.6237453765267196],[-74.089510161182602,4.623967553751033],[-74.089510554840288,4.6239679568354655],[-74.089510600373075,4.6239680046664953],[-74.089510619751451,4.6239680253036015],[-74.089995956975301,4.6244787587310325],[-74.089997127958412,4.6244800119016229],[-74.089997226784988,4.624480115690182],[-74.089997325441601,4.6244802163647867],[-74.089999241657139,4.624482149503705],[-74.090006118297438,4.6244893560170635],[-74.090006202772955,4.6244894439059427],[-74.090006334908011,4.6244895818307938],[-74.090218522448538,4.6247133750359835],[-74.090220730499027,4.6247154576232212],[-74.090222602379342,4.6247168990603909],[-74.090224591416515,4.6247181704851501],[-74.090226684091917,4.6247192628545593],[-74.090228863282135,4.6247201689344806],[-74.090231079546427,4.6247208689059427],[-74.090581923885111,4.6250769028458336],[-74.090658735183311,4.6251548383004941],[-74.09083293401072,4.6253547276756093],[-74.090835907650941,4.6253576512346743],[-74.090836125427785,4.6253578188841074],[-74.09083622633527,4.6253579166041074],[-74.090836458216117,4.625358075071988],[-74.090837779140116,4.6253590919486296],[-74.090839768440503,4.6253603635899818],[-74.090839931769736,4.6253604489060276],[-74.090840013377587,4.6253604978965424],[-74.090841860263581,4.6253614562663001],[-74.090844042614691,4.6253623566219524],[-74.090844178915518,4.6253624091914682],[-74.090846289424661,4.6253630741466205],[-74.09084860788856,4.6253635896086651],[-74.090991587613217,4.6253887050007387],[-74.090993910440602,4.6253890096951169],[-74.090996253655518,4.625389108966611],[-74.090998606700268,4.6253890078964677],[-74.091000935588198,4.6253886970604396],[-74.091003248101387,4.6253881868154352],[-74.091005455586412,4.625387486590566],[-74.091005495333434,4.6253874711763787],[-74.091007676363105,4.6253865698344043],[-74.091009705720111,4.6253855095826308],[-74.091009765975656,4.6253854730634023],[-74.091011757486569,4.6253842046174265],[-74.091013550234194,4.6253828285932705],[-74.09101362673465,4.625382761631327],[-74.091015368264593,4.6253811649089327],[-74.091016874004609,4.6253795246019465],[-74.091016959375651,4.625379418453643],[-74.09101839718123,4.6253775424397245],[-74.091019414770969,4.6253759398622334],[-74.091019583714797,4.6253757008702294],[-74.091019661098855,4.6253755453072563],[-74.091020753405004,4.6253734469271031],[-74.091021466542117,4.6253717201977382],[-74.091021587855352,4.6253714637173369],[-74.091021650445484,4.6253712590480385],[-74.091022365889458,4.6253690033768997],[-74.091022825564878,4.625366943109797],[-74.091112152817558,4.6254536469111081],[-74.091102850948317,4.6255408481918971],[-74.091102633979332,4.6255426669605697],[-74.091102586315259,4.6255431975605514],[-74.091102471077491,4.6255455615018555],[-74.09110257372474,4.6255479252965896],[-74.091102878497068,4.6255502720987751],[-74.091101878389097,4.625560580237666],[-74.091101752643723,4.6255631930869425],[-74.091101830263923,4.6255649675516981],[-74.091101826892768,4.6255652759266361],[-74.091101849886343,4.6255654161373965],[-74.091101856065791,4.62556555740459],[-74.091102163633877,4.6255679037358473],[-74.091102528768971,4.625569555843545],[-74.091102586899069,4.6255699103106087],[-74.091102641938122,4.6255700678939666],[-74.091102674448834,4.6255702149935116],[-74.091103384013934,4.6255724713925277],[-74.091104020076699,4.6255740136703345],[-74.091104135433554,4.625574343950845],[-74.091104215090482,4.6255744865252488],[-74.091104286033953,4.6255746585437256],[-74.091105375112917,4.62557675756136],[-74.091106284073931,4.6255781897072019],[-74.09110642601064,4.6255784437534597],[-74.091106513786926,4.6255785516397063],[-74.091106642257657,4.6255787540563071],[-74.091108078475031,4.6255806309413865],[-74.091109246003612,4.6255819098201254],[-74.091109389869274,4.6255820866460393],[-74.091109474153171,4.6255821597288564],[-74.091109672073685,4.6255823765255428],[-74.091111411362505,4.6255839755201222],[-74.091112815045108,4.6255850566256749],[-74.091112940905816,4.6255851595222435],[-74.091113281952332,4.6255854162340002],[-74.091115271252704,4.625586687875435],[-74.091116842145837,4.6255875080881612],[-74.091116965952466,4.6255875775125803],[-74.091117363975115,4.6255877805516672],[-74.091119543032448,4.6255886861689515],[-74.091121180965089,4.6255892042036608],[-74.091121348532297,4.6255892628911877],[-74.091121792236876,4.625589397532746],[-74.091124095400602,4.625589910146326],[-74.091125955639555,4.6255901728810809],[-74.091268313027072,4.6256052270295314],[-74.091300079315104,4.6256360615871985],[-74.091451324234342,4.6257903918529877],[-74.0914608567481,4.6258001157147932],[-74.091545990571234,4.6258869893219154],[-74.091784263384241,4.6261301165593762],[-74.091783570985953,4.6262121636455031],[-74.09178357158045,4.6262122016050018],[-74.091783671679053,4.6262146421920818],[-74.091783939092068,4.6262166762459342],[-74.091783960767188,4.6262168787730493],[-74.091783982164728,4.6262169879913548],[-74.091784490062111,4.6262192997809475],[-74.091785084380646,4.6262211904521262],[-74.09178514998932,4.6262214183759749],[-74.091785202765649,4.626221555632017],[-74.091786102546536,4.6262237433311446],[-74.091787006614965,4.6262254857719087],[-74.091787103836424,4.6262256849772943],[-74.091787196363242,4.6262258390645554],[-74.091788458770338,4.6262278388437812],[-74.091789682547997,4.6262294398762647],[-74.091789763474054,4.6262295513865093],[-74.091789894088308,4.6262297166282158],[-74.091791487686976,4.6262314613129547],[-74.091793004121229,4.6262328554287953],[-74.091793050975809,4.6262329007616456],[-74.09179322697581,4.6262330603075403],[-74.091795098464942,4.6262345010214547],[-74.091796863485683,4.6262356294516174],[-74.091797087765357,4.6262357726628496],[-74.091799199373483,4.6262368230710287],[-74.091800835240264,4.6262375641123787],[-74.091801098087601,4.6262376660856699],[-74.091801359415513,4.6262377693363845],[-74.091913236465558,4.6262813059089964],[-74.091973131823366,4.6263259329526942],[-74.092794313393341,4.6271817981721517],[-74.092794335476071,4.6271818221834211],[-74.093032421533977,4.6274334342149297],[-74.093032559298337,4.6274335788054319],[-74.093032697681082,4.6274337219232073],[-74.093781706425531,4.6282023158252761],[-74.094804350301516,4.629251825304439],[-74.094780497176345,4.62926724427924],[-74.094777760285353,4.629269268661858],[-74.094777098991798,4.6292698766142504],[-74.094776899092082,4.6292700314514876],[-74.094776725595693,4.6292702198915769],[-74.094776020996491,4.6292708676564924],[-74.094774427397851,4.6292726123412793],[-74.094773958854375,4.6292732249391255],[-74.094773816184031,4.6292733798980059],[-74.094773679220182,4.6292735905472568],[-74.094772991180534,4.6292744901256819],[-74.094771724035809,4.6292764866206504],[-74.094771438980359,4.6292770360172977],[-74.094771335120996,4.6292771957521488],[-74.094771228829828,4.6292774410472939],[-74.09477063495676,4.6292785856382643],[-74.094769732037491,4.6292807718901763],[-74.094769591408436,4.6292812198329205],[-74.094769525447958,4.6292813720542814],[-74.09476945956807,4.6292816397812677],[-74.09476902337164,4.6292830291885565],[-74.094768512556726,4.6292853404461543],[-74.094768471078325,4.6292856568707137],[-74.094768437890494,4.6292857917415215],[-74.094768417915859,4.6292860624287355],[-74.094768204988611,4.6292876867774027],[-74.094768101566586,4.6292900510950785],[-74.094768109760352,4.6292902384115822],[-74.094768108359844,4.6292903306897406],[-74.094768204988597,4.6292924154126966],[-74.094768516483995,4.6292947613713231],[-74.094768532268716,4.6292948618684546],[-74.094769023371683,4.6292970730015552],[-74.09476969006343,4.6292991957548981],[-74.094769708351706,4.629299258658377],[-74.094769734994415,4.6292993280381358],[-74.09477063495676,4.6293015165517852],[-74.094771526730611,4.6293032352966801],[-74.094771605006002,4.6293033957428484],[-74.094771724035795,4.6293036155694312],[-74.094774158803332,4.629307162492645],[-74.094869331308374,4.6294246512957669],[-74.094788435245221,4.6294793479191148],[-74.094786165349191,4.6294810635003758],[-74.094785148195356,4.6294819986086857],[-74.094784938005333,4.6294821680855707],[-74.094784822305996,4.6294822982111672],[-74.094784426060357,4.6294826624949383],[-74.094782832461689,4.6294844071797225],[-74.094782126712616,4.6294853299124012],[-74.094781952911433,4.6294855253844958],[-74.094781840608491,4.6294857039796522],[-74.094781396244386,4.6294862849641598],[-74.094780129099632,4.6294882814591141],[-74.094779700864066,4.6294891068116026],[-74.094779561491336,4.6294893284557954],[-74.094779460525288,4.6294895700243792],[-74.094779040020612,4.6294903804767671],[-74.094778137101272,4.629492567627989],[-74.09477792383818,4.6294932466598819],[-74.094777829052859,4.6294934734406041],[-74.094777759480479,4.6294937699763867],[-74.094777428435506,4.6294948240269838],[-74.094776917620607,4.6294971352846543],[-74.094776851401107,4.6294976404503823],[-74.094776802907617,4.6294978471423907],[-74.094776781797052,4.6294981714353103],[-74.094776610052463,4.6294994816158406],[-74.094776506630396,4.6295018459335049],[-74.094776521085748,4.6295021763956878],[-74.094776511078834,4.629502330118842],[-74.09477654064213,4.6295026234712759],[-74.094776610052449,4.6295042102511621],[-74.094776917620592,4.6295065565824061],[-74.094776953263349,4.6295067178533396],[-74.094776966239834,4.6295067988965402],[-74.094777428435506,4.629508867840082],[-74.094778139539585,4.6295111298432428],[-74.094779040020597,4.6295133113903439],[-74.09477995866304,4.6295150819198687],[-74.094780023249072,4.6295152139485838],[-74.094780129099661,4.6295154104079153],[-74.094781396244386,4.6295174069028251],[-74.09478240537824,4.629518726296399],[-74.094782544811849,4.6295189315255456],[-74.094782633000108,4.6295190239009445],[-74.094782832461689,4.6295192846872579],[-74.094785646703244,4.6295221807364975],[-74.094881539054271,4.6296071552594347],[-74.09496790112307,4.6296969734882216],[-74.094969979580853,4.6296989188701128],[-74.09497072955476,4.6296994962166576],[-74.094971011571445,4.6296997477560575],[-74.09497129006057,4.6296999277064916],[-74.094971851070056,4.6297003595839916],[-74.094973840370386,4.6297016312253865],[-74.094974290955022,4.629701866784675],[-74.094974512406679,4.6297020098793569],[-74.094974865427645,4.629702167110918],[-74.094975932193435,4.6297027248009774],[-74.094978112150088,4.6297036304182519],[-74.094978245786066,4.6297036726837604],[-74.094978321296068,4.6297037013520805],[-74.094980361354544,4.6297043417820056],[-74.09498209983569,4.6297047288657343],[-74.094982344471134,4.6297047891804128],[-74.09498266361895,4.6297048543956167],[-74.094985002755593,4.6297051628630728],[-74.094986138496949,4.6297052127142697],[-74.09498648629021,4.6297052510159888],[-74.094986745409486,4.629705239353588],[-74.094987358979367,4.6297052662850362],[-74.094989715203155,4.629705162863055],[-74.094990373399639,4.6297050760651457],[-74.094990650173912,4.6297050636080925],[-74.094990991367666,4.6297049945722604],[-74.094992054339798,4.6297048543956123],[-74.094994736251465,4.6297042367814409],[-74.095126683701054,4.6296666847132713],[-74.095260954249682,4.6298050467311205],[-74.095248428223982,4.6298408369916917],[-74.095247339681961,4.6298449844372493],[-74.095247316091488,4.6298451158126595],[-74.095247004045973,4.6298474616910594],[-74.095246941577372,4.629848889776726],[-74.095246905440547,4.6298492495809915],[-74.095246917053302,4.6298494504183338],[-74.095246900623891,4.6298498260086989],[-74.095247004045959,4.6298521903263739],[-74.095247131857278,4.6298531653550441],[-74.095247152973158,4.6298535305436053],[-74.095247219611878,4.6298538348045799],[-74.095247311614102,4.6298545366576302],[-74.095247822429002,4.6298568479152324],[-74.095248011305486,4.6298574495395899],[-74.095248070402548,4.6298577193664441],[-74.095248199218801,4.6298580480959437],[-74.095248531094782,4.6298591052136384],[-74.095249434014121,4.6298612914655584],[-74.095249581732077,4.6298615761672206],[-74.095249634915064,4.6298617118861873],[-74.095249782035083,4.62986196221771],[-74.0952505230931,4.6298633904831297],[-74.095251791929485,4.6298653859771708],[-74.095251807397844,4.6298654089813791],[-74.095253226455185,4.6298672647625017],[-74.095254534258345,4.629868718602844],[-74.09583175171251,4.630465594461687],[-74.095833775708115,4.6304674839872497],[-74.095834750330965,4.6304682342736063],[-74.095835016717956,4.6304684688194344],[-74.095835224135669,4.6304685990189496],[-74.095835647197291,4.6304689247012254],[-74.095837636497663,4.630470196342543],[-74.095838700579378,4.6304707815782082],[-74.09597565631509,4.6305421009451644],[-74.096116902136117,4.6306878040274189],[-74.096056417334424,4.6306858468802927],[-74.096055788262106,4.6306855186321174],[-74.096053609046308,4.6306846125704713],[-74.096051359539032,4.6306839000329694],[-74.09604905686399,4.6306833891580403],[-74.096046718144677,4.6306830790408737],[-74.096044362307282,4.6306829769156215],[-74.096042005573935,4.6306830791644362],[-74.09603966687078,4.6306833884997936],[-74.096037364222369,4.630683900399756],[-74.096035114752155,4.6306846130551325],[-74.096032934682256,4.6306855183267697],[-74.096030842938518,4.6306866107883691],[-74.096028853940467,4.6306878823006192],[-74.096026982107702,4.6306893229158534],[-74.096025496002198,4.6306906730899415],[-74.096009995111231,4.6307058252136883],[-74.096008149428613,4.6307078183617465],[-74.096006713806062,4.6307096966516434],[-74.096005446717996,4.6307116934018016],[-74.096004357176383,4.6307137923343902],[-74.09600345419318,4.6307159780758234],[-74.096002745879105,4.6307182352527176],[-74.096002234937458,4.6307205466830492],[-74.096001927676397,4.6307228933761797],[-74.096001824095495,4.6307252572458353],[-74.096001926897998,4.6307276220144047],[-74.096002235182141,4.6307299677871399],[-74.096002745342602,4.6307322791907941],[-74.09600345467517,4.6307345363305448],[-74.096004356870736,4.6307367229291483],[-74.096005446521445,4.6307388218047292],[-74.096006713713294,4.6307408184885404],[-74.096008149433501,4.6307426967033782],[-74.096009512143866,4.6307442059615465],[-74.096049800343167,4.6307856241240524],[-74.096051769595093,4.6307874580135948],[-74.096053641503147,4.6307888994350304],[-74.096055630567633,4.6307901708430581],[-74.096057722368585,4.6307912631949639],[-74.096059902485948,4.6307921692566874],[-74.09606215109234,4.6307928808898131],[-74.096064453767767,4.6307933926689744],[-74.096066792487392,4.6307937018817826],[-74.096069149226466,4.630793804911252],[-74.096071505058916,4.6307937026623938],[-74.096073844663664,4.6307933933268526],[-74.096076146411178,4.6307928814268777],[-74.096078395881662,4.6307921687713511],[-74.096080575951831,4.6307912634994954],[-74.096082667695811,4.6307901710377992],[-74.096084656694032,4.6307888986210939],[-74.096086528526911,4.6307874580057096],[-74.096088014632485,4.6307861087358226],[-74.096098075792355,4.6307762740975944],[-74.096204944582709,4.6307776910475846],[-74.096213396874489,4.6307856367213347],[-74.096213691912766,4.6307859337738906],[-74.097476663989397,4.6320860711521652],[-74.097478050440429,4.6320875528039949],[-74.098142091710272,4.6327696726897294],[-74.098514069183466,4.6331517768536123],[-74.09847960218822,4.633185664234194],[-74.098478131369248,4.6331858587044978],[-74.098475829615737,4.6331863697080671],[-74.098473580140123,4.6331870823711627],[-74.098471400065719,4.633187987650353],[-74.098469308318414,4.6331890810233238],[-74.098467319317805,4.6331903525424059],[-74.098465447483434,4.6331917931639897],[-74.098463460302369,4.6331936452500866],[-74.098448678601429,4.6332088715583417],[-74.098447333994244,4.6332103619013685],[-74.098445898373129,4.6332122401960829],[-74.098444630386282,4.6332142369504679],[-74.098443541749276,4.6332163358866314],[-74.098442638770436,4.6332185216310187],[-74.098441929560423,4.6332207788102053],[-74.098441419526182,4.6332230902420832],[-74.098441110469651,4.633225436936045],[-74.09844100869897,4.6332278008058569],[-74.098441110608732,4.6332301655739379],[-74.098441418902041,4.6332325113453674],[-74.098441929072237,4.6332348227470339],[-74.098442638415051,4.6332370798842097],[-74.098443541522556,4.6332392664794204],[-74.098444631184321,4.6332413653510347],[-74.098445898387453,4.6332433620303437],[-74.098447334119101,4.6332452393357171],[-74.098448624738097,4.6332466762463103],[-74.098488442768257,4.6332879242693839],[-74.098490484134786,4.6332898313989048],[-74.098492356054336,4.6332912728137545],[-74.098494345130163,4.6332925442147941],[-74.098496436942213,4.6332936365593769],[-74.098498617070334,4.6332945426134282],[-74.098500866588253,4.6332952542386909],[-74.098503168372247,4.6332957660098701],[-74.098505508002461,4.6332960761187936],[-74.098507863848809,4.6332961782358639],[-74.098510220590398,4.6332960759787944],[-74.098512559301071,4.6332957666352153],[-74.098514861956104,4.6332952547272708],[-74.098517110530778,4.6332945420640606],[-74.098519290605395,4.6332936367847344],[-74.098521382352985,4.6332925443159088],[-74.09852337225503,4.6332912727966313],[-74.098525243188305,4.6332898321749845],[-74.098526826625644,4.6332883870402233],[-74.098542244602626,4.6332731652329811],[-74.098543992953481,4.6332712661296362],[-74.098545429475735,4.6332693887389844],[-74.098546696561172,4.6332673919844156],[-74.098547786099175,4.6332652930480966],[-74.098548689077745,4.63326310639928],[-74.09854939828746,4.6332608492199743],[-74.098549811000368,4.6332589772856396],[-74.098584714113173,4.633224344796993],[-74.099116016784933,4.6337701113363092],[-74.099666196573978,4.6343349107635907],[-74.099643065180501,4.6344059084827158],[-74.099627466950551,4.6344210091415343],[-74.099625529344621,4.6344230927327299],[-74.099624093724188,4.6344249701254441],[-74.099622826639688,4.6344269668818887],[-74.099621737103149,4.6344290658197878],[-74.099620834126426,4.6344312524699287],[-74.099620124918943,4.6344335096501785],[-74.099619614887715,4.6344358210827998],[-74.099619306735775,4.6344381668729291],[-74.099619204067622,4.6344405316471313],[-74.099619305981491,4.6344428955105892],[-74.099619615180472,4.6344452421857127],[-74.099620124454177,4.6344475535864138],[-74.099620834703202,4.6344498107223293],[-74.099621736914571,4.634451996411638],[-74.099622826581665,4.6344540961856371],[-74.099624093790297,4.6344560919584161],[-74.099625529527501,4.6344579701656183],[-74.099626784100209,4.6344593690941309],[-74.099666842009668,4.6345010248851057],[-74.099668919433697,4.6345029690867161],[-74.099670790457552,4.6345044104983826],[-74.099672780440159,4.6345056818959947],[-74.099674872257566,4.6345067742370682],[-74.099677050588383,4.6345076802874976],[-74.099679301012571,4.6345083928132427],[-74.099681603702592,4.6345089045804686],[-74.099683942436002,4.6345092137811932],[-74.099686298286514,4.6345093158942925],[-74.099688655031969,4.6345092136333044],[-74.099690993746052,4.6345089042857799],[-74.099693296404169,4.6345083923740358],[-74.099695546783977,4.6345076806113239],[-74.099697725058334,4.6345067744241657],[-74.099699817708824,4.6345056819518353],[-74.099701806710925,4.6345044104293134],[-74.099703677644982,4.6345029698045686],[-74.099705071827501,4.6345017100567674],[-74.099720638514967,4.6344866392394506],[-74.099722576120769,4.6344845547437288],[-74.099724012642341,4.6344826773507464],[-74.099725279726584,4.6344806805941161],[-74.099726369262953,4.6344785816561149],[-74.099727272239406,4.6344763959101298],[-74.099727981446549,4.6344741378254355],[-74.099728491477535,4.6344718272970251],[-74.099728799629091,4.6344694806025872],[-74.099728902296818,4.6344671158284072],[-74.099728799481383,4.6344647519649573],[-74.099728491183271,4.6344624052899164],[-74.099728338851833,4.6344617162103594],[-74.099742452286364,4.6344131917090703],[-74.100612765535814,4.635306629897662],[-74.100508885596284,4.6354155773501011],[-74.100507710662271,4.6354168938746483],[-74.100506274444939,4.6354187716590776],[-74.100506046041971,4.6354191313653343],[-74.100505937444282,4.6354192673071264],[-74.100505799809994,4.6354195191501999],[-74.100505007300228,4.6354207672546419],[-74.100503918221193,4.6354228662723447],[-74.100503756526862,4.6354232579462975],[-74.100503672602102,4.6354234115116402],[-74.100503579315557,4.6354236872071199],[-74.100503015301854,4.6354250534235666],[-74.10050230573674,4.6354273107218402],[-74.10050221664082,4.6354277144034395],[-74.100502158896049,4.6354278850600625],[-74.100502112955226,4.6354281841888945],[-74.100501795821174,4.6354296210802266],[-74.100501487353711,4.6354319674114421],[-74.100501469820657,4.6354323717487143],[-74.100501441978608,4.6354325530328726],[-74.100501448600809,4.6354328611078808],[-74.100501384831006,4.635434331729094],[-74.100501487353696,4.6354366960467326],[-74.100501539576058,4.6354370934238949],[-74.100501543471538,4.635437274647086],[-74.100501602769242,4.6354375742816636],[-74.100501795821145,4.6354390432773114],[-74.10050230573674,4.6354413536356285],[-74.100502427127338,4.635441739808507],[-74.100502460313834,4.6354419075015887],[-74.100502564306851,4.6354421762097715],[-74.10050301530184,4.6354436109339314],[-74.100503918221179,4.6354457971859171],[-74.100504104932554,4.6354461570408843],[-74.100504164854144,4.6354463118725784],[-74.100504310080467,4.635446552429169],[-74.100505007300214,4.6354478962035754],[-74.100506274444953,4.6354498926984693],[-74.100506522158057,4.6354502165713667],[-74.1005066056846,4.6354503549268449],[-74.100506787379572,4.6354505633356853],[-74.100507710662256,4.6354517704828977],[-74.100509709972883,4.6354539145975444],[-74.100825742650514,4.6357579458271152],[-74.100827076108644,4.6357591452684117],[-74.100828948242636,4.6357605840905203],[-74.100829025218005,4.6357606400224327],[-74.100830935998871,4.6357618576236828],[-74.100832396614592,4.6357626202572559],[-74.100832687621349,4.6357627908597845],[-74.10083282977169,4.6357628464222307],[-74.100833028721226,4.6357629503000188],[-74.100835207778573,4.6357638559173084],[-74.100836286004309,4.6357641973626871],[-74.100836643548149,4.6357643371160835],[-74.10083691336024,4.6357643960295176],[-74.100837456983001,4.6357645681803454],[-74.100839760146769,4.6357650798946173],[-74.100840483854071,4.6357651756466609],[-74.100840793163272,4.6357652431842995],[-74.100841148463502,4.6357652635795716],[-74.100842098384035,4.6357653892613166],[-74.100844454607852,4.6357654926834568],[-74.100844842853647,4.6357654756486424],[-74.100845033566046,4.6357654865960551],[-74.100845373880389,4.6357654523491307],[-74.100846811730918,4.6357653892613602],[-74.100849149594893,4.6357650761591387],[-74.100849258996689,4.6357650585606294],[-74.100849398442591,4.6357650246888493],[-74.100851453132009,4.6357645681803419],[-74.100853071107423,4.6357640558107063],[-74.100853366483079,4.6357639778882325],[-74.100853491812316,4.6357639225846805],[-74.100853702336437,4.6357638559172978],[-74.10085588139377,4.6357629503000082],[-74.100856894561417,4.6357624210658299],[-74.100857252360655,4.6357622631810376],[-74.100857487974878,4.635762111092756],[-74.100857973216876,4.6357618576236899],[-74.100859963416539,4.6357605859823439],[-74.100860547078526,4.6357601364504122],[-74.100860820876704,4.6357599597144281],[-74.100861091330515,4.6357597172716645],[-74.100861834006409,4.6357591452683744],[-74.100863983912987,4.6357571245504001],[-74.100950680917393,4.635666262689373],[-74.101780074943179,4.6365180068273357],[-74.101780761999578,4.6365187144984086],[-74.103424231030516,4.6382120914852125],[-74.10342589208598,4.6382136640193385],[-74.103461112880453,4.6382442963678638],[-74.103461645443474,4.6382448209431617],[-74.103461670587663,4.6382448462363826],[-74.104037460804236,4.6388361602663997],[-74.104038839165938,4.6388376319917555],[-74.104574192737857,4.6393899232912457],[-74.104574215094743,4.639389946330204],[-74.104574263232053,4.6393899935863505],[-74.104684123679135,4.6395053321855801],[-74.104684361618254,4.6395055799573637],[-74.104707324529301,4.6395290829931293],[-74.104880038925728,4.6397166030733663],[-74.104837931384083,4.6397558390965283],[-74.104835617070719,4.6397582799186887],[-74.104834181453427,4.6397601582260322],[-74.1048329143742,4.639762154087137],[-74.104831825746203,4.6397642539370363],[-74.104830922778845,4.6397664396890992],[-74.104830212681478,4.6397686968742349],[-74.104829702663423,4.6397710083102233],[-74.104829394526519,4.639773355006481],[-74.104829291874992,4.6397757188766615],[-74.10482939470829,4.6397780836431988],[-74.104829702124349,4.6397804294113039],[-74.104830213221362,4.6397827408077665],[-74.104830922591049,4.6397849979379915],[-74.104831825726549,4.6397871845244723],[-74.104832499661242,4.6397884846777222],[-74.104819810540818,4.6398030797967564],[-74.104819639749309,4.6398032781754948],[-74.104819471541362,4.6398034756499751],[-74.104818035324044,4.6398053534344008],[-74.104817208272863,4.6398066559372282],[-74.10481704537635,4.6398068822439713],[-74.104816976871803,4.6398070203651409],[-74.104816768179234,4.6398073490299971],[-74.104815679100284,4.6398094489469415],[-74.104815214923448,4.6398105728651613],[-74.104815072239958,4.6398108605484261],[-74.1048150039761,4.6398110836350792],[-74.104814776180945,4.6398116351988508],[-74.104814066615816,4.6398138924972452],[-74.104813865139604,4.6398148053587063],[-74.104813772858719,4.6398151069330469],[-74.104813732900638,4.6398154045154545],[-74.104813556700236,4.6398162028555232],[-74.104813248232787,4.6398185491868507],[-74.104813218479762,4.6398192355941976],[-74.104813181878995,4.6398195081733888],[-74.104813192017545,4.6398198460817994],[-74.104813145710054,4.6398209144037619],[-74.104813248232773,4.6398232787213889],[-74.104813308842438,4.6398237397437869],[-74.104813315058422,4.6398239469161195],[-74.104813378957942,4.6398242730711949],[-74.104813556700265,4.6398256250526373],[-74.104814066615859,4.6398279354109579],[-74.104814145871856,4.6398281875434844],[-74.104814168845991,4.6398283048078541],[-74.104814257264209,4.6398285419096421],[-74.104814776180902,4.6398301927092849],[-74.104815683151742,4.6398323774400687],[-74.104815721886524,4.6398324649147913],[-74.104816768179262,4.6398344788781571],[-74.104817857161663,4.6398361938901811],[-74.104817931319388,4.6398363167495651],[-74.104818035324044,4.6398364744737988],[-74.104819471541347,4.6398383522582094],[-74.104820734231623,4.6398397606133166],[-74.105321823404097,4.6403603855403057],[-74.105306863241495,4.6403767879370204],[-74.10530609739844,4.6403776657967146],[-74.105304661181123,4.6403795435811119],[-74.105304384322665,4.6403799795988068],[-74.105304242079896,4.6403801627745036],[-74.105304073835384,4.6403804685777699],[-74.105303394036355,4.6403815391767793],[-74.105302304957377,4.640383639093753],[-74.105302231049535,4.6403838180478481],[-74.105302187511384,4.6403839087607039],[-74.105301402038023,4.640385825345664],[-74.105300789325725,4.6403877745318027],[-74.105300737635019,4.6403879278746656],[-74.10530069840172,4.6403880837819251],[-74.105300182557343,4.6403903930023267],[-74.105300000963013,4.6403917742839322],[-74.105299934231908,4.6403921243077653],[-74.105299927812766,4.6403923306947252],[-74.105299874089866,4.6403927393334907],[-74.105299771567147,4.640395103651155],[-74.105299812323494,4.6403960439069012],[-74.105299801395006,4.6403963952797413],[-74.105299841128698,4.6403967084480655],[-74.10529987408988,4.6403974688681293],[-74.105300182557343,4.6403998151994115],[-74.105300306622567,4.6404003773221607],[-74.105300339231334,4.6404006343338642],[-74.105300438700098,4.6404009757475313],[-74.105300692472952,4.6404021255577135],[-74.105301402038023,4.640404382856091],[-74.105301501514845,4.6404046237207242],[-74.10530154033188,4.6404047343644343],[-74.105302304957348,4.6404065691079701],[-74.105303343578669,4.6404085717345529],[-74.105303358121503,4.6404086011163139],[-74.105303397311374,4.6404086667783488],[-74.105304661181123,4.6404106646205534],[-74.105305596445902,4.6404118874338316],[-74.10530576355626,4.6404121327046601],[-74.105305872631718,4.6404122485334112],[-74.105306097398454,4.640412542404964],[-74.105308693371725,4.6404152432962888],[-74.105533738291356,4.6406190258474185],[-74.105534763518477,4.6406199575450549],[-74.105535488371999,4.6406206113522002],[-74.105537359861216,4.6406220520661021],[-74.105538035308925,4.6406224838396986],[-74.105538120008816,4.6406225438865309],[-74.105539349161546,4.6406233237074908],[-74.105541441883986,4.6406244163837664],[-74.105541712880751,4.6406245290101449],[-74.105541826620396,4.6406245916738129],[-74.105542088506567,4.6406246851204083],[-74.105543620941305,4.640625322001104],[-74.105545814994898,4.6406260158109571],[-74.105545870964079,4.640626029785083],[-74.105548173309487,4.640626545978404],[-74.105549980112357,4.6406267830329906],[-74.105550511546809,4.6406268553451335],[-74.105552867770598,4.6406269578678989],[-74.105554218552285,4.6406269102037871],[-74.105555224893692,4.6406268652376799],[-74.105625603157705,4.6406233394048453],[-74.105628946818385,4.6406229612807461],[-74.105629841561466,4.6406227621383556],[-74.105630140823578,4.6406227213500983],[-74.105630419945797,4.6406226334077649],[-74.105631249982125,4.6406224486671146],[-74.105633499186567,4.6406217373034],[-74.10563423590753,4.6406214311218363],[-74.1056345087556,4.6406213451562124],[-74.105634786810185,4.6406212021663897],[-74.1056356782439,4.6406208316861335],[-74.105637770966311,4.6406197390098551],[-74.105638342601964,4.640619373597163],[-74.105638581395937,4.6406192507971316],[-74.105638846221225,4.640619051663311],[-74.105639760266683,4.6406184673684505],[-74.105641631755873,4.6406170266545539],[-74.10564204611066,4.6406166455253075],[-74.105642241657733,4.640616498484845],[-74.105642475859895,4.6406162502360591],[-74.105643370145387,4.6406154276599407],[-74.105644963744055,4.640613682075819],[-74.105645384018629,4.6406131675054656],[-74.105673242203068,4.6405781763417409],[-74.105678473900696,4.6405834905567298],[-74.105687020348896,4.6405927608369728],[-74.105687644039833,4.6405934155324697],[-74.105921277345573,4.6408306862372513],[-74.10592196293085,4.6408313828584893],[-74.105971862444648,4.6408820998387492],[-74.105998244628651,4.6409090408171298],[-74.105998720435693,4.6409095262796054],[-74.106269721416012,4.6411866754229729],[-74.106270455080917,4.6411878320054694],[-74.106271889948061,4.6411897092942977],[-74.10627277501699,4.6411907148508007],[-74.106299089755595,4.6412191948820176],[-74.10631631289138,4.6413042860621587],[-74.106317297527497,4.64130787234095],[-74.106317365311412,4.6413080304308965],[-74.10631740302567,4.6413081646401313],[-74.10631830594501,4.6413103508920504],[-74.106318619368068,4.6413109552214014],[-74.106318763019132,4.6413112902534852],[-74.106318979744799,4.641311650084889],[-74.106319395023988,4.6413124508089973],[-74.106320662831124,4.6413144460030429],[-74.106320682672035,4.6413144751736679],[-74.106322098386087,4.6413163241890851],[-74.106323018031858,4.6413173693716852],[-74.106641943659213,4.6416611690256362],[-74.106635679549072,4.6416672269700054],[-74.106633731129548,4.6416693205278552],[-74.10663229641446,4.6416711988387007],[-74.106631028435643,4.6416731947029586],[-74.106629938908824,4.6416752936511809],[-74.106629036845902,4.6416774803097427],[-74.106628327653624,4.6416797374964887],[-74.106627816738865,4.641682048933645],[-74.106627508607048,4.6416843947262478],[-74.106627406862572,4.6416867595007751],[-74.106627508800884,4.6416891233626352],[-74.106627816223764,4.6416914700341083],[-74.106628327328039,4.6416937814291037],[-74.106629036705357,4.6416960385572983],[-74.106629938947592,4.6416982251413916],[-74.106631027745308,4.641700323999693],[-74.10663229588782,4.6417023206636356],[-74.106633731658206,4.6417041979517135],[-74.106634967330351,4.6417055769732851],[-74.106694978820769,4.6417681147568359],[-74.106697076113633,4.6417700797354735],[-74.106698947170827,4.6417715202237053],[-74.106700937186318,4.6417727925053924],[-74.106703029035813,4.6417738848252252],[-74.106705207397809,4.6417747908535825],[-74.106707457851925,4.6417755015480031],[-74.106709760570453,4.6417760141964255],[-74.106712099330679,4.6417763233736222],[-74.106714455206244,4.6417764263674481],[-74.106716811974593,4.6417763240828691],[-74.106719150709395,4.6417760147120681],[-74.106721453385802,4.6417755018729805],[-74.10672370288016,4.6417747900880038],[-74.106725882068929,4.6417738847835439],[-74.106727973828626,4.6417727922906309],[-74.106729963739511,4.6417715207485353],[-74.106731834678271,4.6417700801053865],[-74.106733235170978,4.6417688149178682],[-74.106737737753633,4.6417644528218487],[-74.107058222883495,4.6421099695307877],[-74.10710349069555,4.6421664308788007],[-74.107103668002239,4.642166649614496],[-74.107103844866515,4.6421668652087282],[-74.107105438465169,4.6421686098934982],[-74.10710655344397,4.6421696349360886],[-74.107106788624307,4.6421698782405469],[-74.107106937966677,4.6421699884425074],[-74.107107177754003,4.6421702088881416],[-74.107109049243206,4.6421716496019982],[-74.107110095282039,4.6421723182724461],[-74.107110401680146,4.6421725443681074],[-74.10711062995027,4.6421726600540287],[-74.10711103854355,4.6421729212433664],[-74.107113130366656,4.642174014819008],[-74.107114090628073,4.6421744139041383],[-74.107114406944774,4.6421745742114586],[-74.107114685334608,4.6421746610644838],[-74.107115309423932,4.6421749204363136],[-74.10711755952768,4.642175631800038],[-74.10711838833646,4.6421758163394937],[-74.107118693435282,4.6421759115252543],[-74.107119010132678,4.6421759547862944],[-74.107119861792157,4.6421761444136065],[-74.107122200928799,4.6421764528810261],[-74.107122872179659,4.6421764823443512],[-74.107123142376196,4.6421765192533497],[-74.107123477275522,4.642176508903888],[-74.107124557152517,4.6421765563030668],[-74.107126913376291,4.6421764528810074],[-74.107127409949172,4.642176387371614],[-74.107127630490723,4.6421763805561591],[-74.107127956997999,4.6421763152032476],[-74.107129251613614,4.6421761444135816],[-74.107131554777368,4.6421756317999963],[-74.107131871011703,4.6421755317835141],[-74.107132033416548,4.6421754992768998],[-74.107132323835316,4.6421753885673986],[-74.107133803981796,4.6421749204362923],[-74.107135983938448,4.6421740148189965],[-74.107136226454358,4.6421738946402336],[-74.107136434663502,4.6421737791863027],[-74.107138075761554,4.6421729212433354],[-74.107140064693127,4.6421716489696188],[-74.107140100244777,4.642171624992395],[-74.107140173996072,4.6421715657421032],[-74.107141936551102,4.6421702088881549],[-74.107143542855539,4.6421687422535003],[-74.107162838710778,4.6421496469280665],[-74.1071784942947,4.6421656771423283],[-74.107203076092475,4.6421908466691777],[-74.107303720517081,4.6422938333730066],[-74.107305019303823,4.6422957992878473],[-74.107306455077207,4.6422976765744357],[-74.107307916975785,4.6422992888972185],[-74.107331965211969,4.6423237548888352],[-74.10733383538286,4.6423254865632053],[-74.107335707344049,4.642326927049691],[-74.107336678281044,4.6423275471084517],[-74.107357240758731,4.6423486969171979],[-74.107357405564827,4.642348857474464],[-74.107451107737376,4.6424448079956449],[-74.107489088150714,4.6424836971326409],[-74.107732325127003,4.6427327481580578],[-74.107739511258217,4.6427431736384577],[-74.10773214382786,4.6427504645001978],[-74.10773111640556,4.6427506001906984],[-74.107728814628018,4.6427511121286713],[-74.107726564230347,4.6427518239169139],[-74.107724385039845,4.6427527292244175],[-74.107722293278826,4.6427538217203113],[-74.107720304268241,4.6427550941694804],[-74.107718432427703,4.6427565348152031],[-74.107716880530674,4.6427579474137239],[-74.107701449927504,4.6427731314367353],[-74.10769966913422,4.642775062214521],[-74.107698233518477,4.6427769405275079],[-74.107696965540768,4.6427789363936141],[-74.107695876916679,4.6427810353433419],[-74.107694974855647,4.6427832220032057],[-74.107694264764419,4.6427854791909819],[-74.107693753852359,4.642787790628824],[-74.107693446624864,4.6427901364217359],[-74.107693343982575,4.6427925011963591],[-74.107693446825849,4.6427948650579314],[-74.107693754252765,4.6427972117288379],[-74.107694265361289,4.6427995231229637],[-74.107694974743126,4.6428017802500365],[-74.107695876990064,4.6428039668326218],[-74.107696965792613,4.6428060656891654],[-74.107698233940098,4.6428080623511532],[-74.107699668814305,4.6428099396369555],[-74.107701450673105,4.6428118702622436],[-74.107742383683075,4.6428521464699362],[-74.107743934799345,4.6428535598397804],[-74.107745805861526,4.6428550003251621],[-74.107747794980597,4.642856271699551],[-74.107749886834952,4.6428573649204816],[-74.107752066102819,4.6428582700411987],[-74.107754316561397,4.6428589816366026],[-74.107756618382965,4.6428594942815469],[-74.10775895804845,4.6428598034552575],[-74.107761313927696,4.6428599064454774],[-74.107763670699441,4.6428598032531276],[-74.107766009437341,4.6428594938788246],[-74.107768311215253,4.6428589819407211],[-74.107770561613236,4.6428582701522947],[-74.107772740803952,4.642857364844704],[-74.107774832565212,4.6428562723486086],[-74.107776821575968,4.6428550008036202],[-74.10777869341662,4.6428535592534219],[-74.10778024531372,4.6428521457505569],[-74.107795688533898,4.6428369490648791],[-74.107797469327124,4.6428350191912218],[-74.107798904942769,4.6428331417823294],[-74.10780017292025,4.6428311450117112],[-74.107801261544111,4.6428290460618467],[-74.107802163604859,4.6428268594018638],[-74.107802873695789,4.6428246022139685],[-74.107803397220749,4.6428221903970872],[-74.10781165324677,4.6428139716745864],[-74.108255804685442,4.6432687385329894],[-74.10826645297702,4.643288152629383],[-74.108266588191427,4.6432884023890537],[-74.108266718634098,4.6432886534486695],[-74.108267985778866,4.6432906499436344],[-74.108269422025728,4.6432925283181108],[-74.108270974226059,4.6432942310439751],[-74.108271279096172,4.6432945314176024],[-74.108272715347567,4.6432959109304779],[-74.108430286470011,4.6434549731589332],[-74.10845969509603,4.643509175134354],[-74.1084981443462,4.6435910342846256],[-74.108520902132909,4.6436169010669479],[-74.108553201019532,4.6436731124490844],[-74.108585270170622,4.6437723183458903],[-74.108623641103662,4.6438967523982422],[-74.108659694165084,4.6440654823580214],[-74.108716232597317,4.6443125273510386],[-74.108736436064376,4.6444159225268322],[-74.108739355906877,4.6444518298268971],[-74.108755302030175,4.6448049774699625],[-74.108749522088118,4.644923496567384],[-74.10872458862201,4.6450001478737679],[-74.108680635191959,4.6451210397593083],[-74.10859881474623,4.6452868431449916],[-74.108581676737742,4.645313683814849],[-74.108556892080372,4.6453521669051172],[-74.108516885723915,4.6454025061654107],[-74.108478296661474,4.6454442245759759],[-74.108417554850732,4.6455096802789919],[-74.108300349924235,4.645630528323192],[-74.108339797360216,4.6456800248990744],[-74.108502770490233,4.6455318113283957],[-74.108620297775389,4.6454260462191064],[-74.108695328215589,4.6453433302102551],[-74.108856110806911,4.6451671083717638],[-74.109045077333647,4.6449898208637173],[-74.109223807950798,4.6448470883465482],[-74.109321543752515,4.6447882793912578],[-74.10940381714714,4.6447594200535161],[-74.109474180140296,4.644743747891666],[-74.109536200427613,4.6447328761781241],[-74.109542178830907,4.6447412461979445],[-74.109548342031189,4.6447504906768975],[-74.109572442400165,4.6447483536017113],[-74.109572957915873,4.6447483038412676],[-74.10964473893668,4.6447405452128523],[-74.109718809189644,4.6447536561337994],[-74.109797866484016,4.6447754201590232],[-74.109821995191552,4.6447820621134221],[-74.109886722093563,4.6448139451072858],[-74.109997648448882,4.6449289329412267],[-74.110103025767302,4.6450626293741841],[-74.110103519683349,4.6450632388561157],[-74.110104930219933,4.645064797820976],[-74.110113335859836,4.6450733961393507],[-74.110075929760271,4.6451151630344292],[-74.110074967485716,4.6451162314289958],[-74.110074350550789,4.6451169203096461],[-74.110072915232806,4.6451187980941819],[-74.110072391970718,4.6451196257452052],[-74.11007164808801,4.6451207945890403],[-74.110070558109712,4.6451228936067039],[-74.110070362908644,4.6451233666257181],[-74.110069656089664,4.645125079858623],[-74.110068951800912,4.6451273390358061],[-74.110068940322506,4.6451273792628971],[-74.110068435709692,4.6451296484146063],[-74.110068217925189,4.6451313098174607],[-74.110068170728212,4.6451315655253875],[-74.110068167491661,4.6451316945573797],[-74.110068128141577,4.6451319947458094],[-74.110068025618816,4.6451343590634986],[-74.110068073157777,4.6451354553783641],[-74.110068063999549,4.6451358204905961],[-74.110068101060065,4.6451360988441266],[-74.110068128141535,4.6451367233811833],[-74.110068435709692,4.6451390697123589],[-74.110068588879997,4.6451397627541811],[-74.110068625734883,4.6451400395631772],[-74.110068719701601,4.6451403546757737],[-74.110068946524606,4.6451413809700188],[-74.110069656089706,4.6451436373690598],[-74.11006980959354,4.6451440095737562],[-74.110069847343951,4.6451441161745946],[-74.110070558109697,4.6451458245202648],[-74.110071654985816,4.6451479202301567],[-74.110071677804854,4.6451479592440315],[-74.110072915232806,4.6451499200328721],[-74.110074098762695,4.6451514605294424],[-74.110074350550804,4.645151797817312],[-74.110075971129092,4.6451535164217717],[-74.110077033255976,4.6451545444611435],[-74.110077678317751,4.6451551468769106],[-74.110458522870218,4.6454976545847808],[-74.110459189340062,4.6454982346558804],[-74.110461060829252,4.6454996753698223],[-74.110461778283764,4.6455001339957844],[-74.110462043454874,4.6455003359534803],[-74.110462337933399,4.6455004917465343],[-74.11046305012961,4.6455009470111577],[-74.110465141952687,4.6455020396873987],[-74.110465709489134,4.6455022754585746],[-74.110465955223759,4.6455024054637599],[-74.110466298034154,4.645502519957299],[-74.110467321909312,4.645502945304762],[-74.11046957111374,4.6455036566685308],[-74.110469962009972,4.645503743670055],[-74.110470152774482,4.6455038073824957],[-74.110470489178439,4.6455038610015702],[-74.110471874277522,4.6455041692820771],[-74.110474212514873,4.6455044777494754],[-74.110474523355592,4.6455044976831781],[-74.110474774117833,4.6455045024000494],[-74.110476568738591,4.645504581171541],[-74.110478937109548,4.6455044763929036],[-74.110478990108817,4.6455044692738419],[-74.110481264098993,4.6455041692820869],[-74.110483308554606,4.6455037200449771],[-74.110483402290427,4.6455036933863374],[-74.110483567262804,4.6455036566685246],[-74.110485816467175,4.6455029453047292],[-74.110487170750773,4.6455023824638273],[-74.110487489567674,4.6455022715579801],[-74.110487656360206,4.6455021806443044],[-74.110487995524522,4.645502039687428],[-74.11049008824692,4.6455009470111515],[-74.110491064319717,4.6455003230659155],[-74.110491375297613,4.6455001535610005],[-74.110491581222163,4.6454999926408975],[-74.110492077547292,4.6454996753697664],[-74.110493948137147,4.6454982346558928],[-74.11049486254214,4.6454974282861379],[-74.11052115887162,4.6454731836382051],[-74.110615347327595,4.6455674680818282],[-74.110950147705097,4.6459098601245863],[-74.110996352857612,4.6459571126369346],[-74.111054912140304,4.6460170013827433],[-74.111224705454418,4.6461906451685726],[-74.11142503403795,4.6463955150671721],[-74.112368358262287,4.6473543995686271],[-74.112368422401545,4.6473544677728746],[-74.112626252869404,4.6476191603487962],[-74.112627635750115,4.647620636574409],[-74.11338871927201,4.6484050781751582],[-74.113388746923505,4.6484051053175177],[-74.113772563837884,4.6488064994102238],[-74.113773219087975,4.6488071613311641],[-74.113773545360488,4.6488074796313699],[-74.113853300085367,4.6488855762239192],[-74.113896708961164,4.6489318031964073],[-74.113927622063358,4.6489643341383839],[-74.113957387889513,4.6489973679344088],[-74.11398668421046,4.6490313503743144],[-74.114016081489936,4.6490656149522467],[-74.114016512317718,4.6490661050657769],[-74.114046728809242,4.6490996551953918],[-74.114047712137989,4.6491006905789147],[-74.114080323232244,4.6491332711628726],[-74.114082021287743,4.6491348282958898],[-74.114083892379355,4.6491362696682881],[-74.114085881527359,4.6491375410243654],[-74.114087973409909,4.6491386333218134],[-74.114090268068594,4.6491395809191616],[-74.114104475803103,4.6491446244203622],[-74.11410511753725,4.6491453315571638],[-74.114191276300687,4.6492332069818003],[-74.114272840374596,4.6493194910503099],[-74.114274467517077,4.6493223921418698],[-74.114260128253733,4.6493430285215211],[-74.114258729656598,4.6493449444137251],[-74.114257468807111,4.6493469310161348],[-74.114256379728076,4.6493490309330685],[-74.114255476808751,4.6493512171849671],[-74.114254865256825,4.6493531737564266],[-74.114254767243665,4.6493534744833198],[-74.114254257328056,4.6493557848416485],[-74.114254037052575,4.6493574603481607],[-74.114254007288594,4.649357643394592],[-74.114253948860593,4.6493581311728462],[-74.114253846337874,4.6493604963898525],[-74.114253906102064,4.6493618746364493],[-74.114253898918633,4.6493621926810045],[-74.114253928626766,4.6493623940874453],[-74.114253948860579,4.6493628607075603],[-74.114254257328071,4.6493652070387679],[-74.114254517271419,4.6493663848068865],[-74.114254563048405,4.6493666951521035],[-74.114254633219545,4.6493669101521968],[-74.114254767243651,4.6493675173970814],[-74.114255476808708,4.6493697746954021],[-74.114255912271844,4.6493708290886788],[-74.114255975146278,4.6493710217319943],[-74.114256052631376,4.6493711689433033],[-74.114256379728076,4.6493719609473008],[-74.114257468807125,4.6493740608642682],[-74.114258091939547,4.6493750427491269],[-74.114258735951864,4.6493760564599382],[-74.114260172169168,4.6493779342443693],[-74.114260843063391,4.6493786833796289],[-74.114261752278011,4.6493796906203126],[-74.114402829375194,4.6495362203525072],[-74.114402933372062,4.6495366822384758],[-74.114403641880841,4.6495389402625227],[-74.114404545058321,4.6495411259315684],[-74.114405633891096,4.6495432247772035],[-74.11440690116828,4.6495452214264246],[-74.114408336975217,4.6495470996023096],[-74.114409930495881,4.6495488439320631],[-74.114411670013283,4.6495504426603294],[-74.114413542007924,4.6495518840318049],[-74.114415531157661,4.6495531553869345],[-74.11441762304193,4.6495542476833434],[-74.114419801437549,4.6495551536874418],[-74.114419928536407,4.6495551939523976],[-74.114533016001687,4.6496806388234857],[-74.114533699800418,4.6496813733006004],[-74.114534640760994,4.6496823520589681],[-74.114536355768152,4.6496839753352956],[-74.114537016905899,4.6496844846920862],[-74.114538226358036,4.649685416049218],[-74.114540215658366,4.6496866876905214],[-74.114540745181785,4.6496869641713907],[-74.114540809741854,4.6496870023576236],[-74.114542308380805,4.6496877803668584],[-74.114544487438053,4.6496886859841604],[-74.114544873488271,4.6496888082359948],[-74.114544969584443,4.6496888446440234],[-74.114546736642509,4.6496893982472045],[-74.114549039806292,4.6496899099614506],[-74.114549285259216,4.6496899424243043],[-74.114549380022353,4.6496899606346052],[-74.114551378942934,4.6496902193282086],[-74.11455373516668,4.6496903218509482],[-74.114553847621195,4.6496903169578774],[-74.114553915577261,4.6496903181574849],[-74.11455609139044,4.6496902193282414],[-74.114558438344218,4.6496899085033832],[-74.114558494777768,4.6496898954865031],[-74.11456073279156,4.6496893982472089],[-74.114562843239355,4.6496887330313124],[-74.114562883992136,4.6496887172916583],[-74.114562982895265,4.6496886859841728],[-74.114565161952598,4.6496877803668228],[-74.114566978497677,4.6496868352952578],[-74.114567027359271,4.6496868059605356],[-74.114567253775675,4.6496866876905285],[-74.114569243076062,4.6496854160491683],[-74.114570735729515,4.6496842691710008],[-74.114570759007393,4.6496842490516244],[-74.114571114565251,4.6496839753352726],[-74.114572823277115,4.6496823448643774],[-74.114574012094636,4.6496811116311889],[-74.114574450079559,4.6496806341267014],[-74.114591653361018,4.6496610376841021],[-74.114690411552886,4.6497635773959418],[-74.116079813665706,4.6512423617362684],[-74.116734474969405,4.6519391358652218],[-74.116784386323033,4.6519922576505754],[-74.116913425269217,4.6521295933543847],[-74.116934316014934,4.6521518300603795],[-74.116942384612855,4.6521604178361216],[-74.116969954126688,4.6521897638483569],[-74.117199838064082,4.6524344281438053],[-74.117200315762233,4.6524349236785092],[-74.11766207014459,4.6529020140464228],[-74.117773448533555,4.653013060507754],[-74.118084455589951,4.6533299226407703],[-74.118151730172528,4.6534011720163448],[-74.11851707537717,4.653788109369712],[-74.1185166780228,4.6537899098730424],[-74.118516369925416,4.6537922565740599],[-74.118516266416577,4.6537946204450069],[-74.118516370199103,4.6537969852082135],[-74.118516677666847,4.6537993318733673],[-74.118517188818757,4.6538016423542761],[-74.118517897344987,4.6538039003737079],[-74.118518800540656,4.6538060860370951],[-74.118519889392218,4.6538081848758832],[-74.118521156688672,4.6538101815173469],[-74.11852259251512,4.653812059684439],[-74.118523976048024,4.6538135905997251],[-74.118703545208362,4.653997800609595],[-74.118764529473154,4.6540604385533912],[-74.119152065184949,4.6544887238118609],[-74.119152966508182,4.6544896723791638],[-74.120415111488342,4.6557558295811567],[-74.120455542233827,4.6557973575230571],[-74.12051385528008,4.6558572536062046],[-74.121621519115706,4.6569949922794711],[-74.121466854038545,4.6571354223922583],[-74.12146428315009,4.6571380996436442],[-74.121463979906281,4.6571384963687033],[-74.121463849494191,4.6571386358604485],[-74.121463682028732,4.6571388860731009],[-74.121462847832078,4.6571399774281135],[-74.121461580687352,4.6571419730236689],[-74.121461458834546,4.6571422077813498],[-74.121461407643935,4.6571422942629734],[-74.121460490708984,4.6571440729406568],[-74.121459590610087,4.657146260074569],[-74.121459577520696,4.6571462942264938],[-74.121458879123921,4.657148516490901],[-74.121458478136432,4.6571503301120432],[-74.121458426436035,4.6571505397714814],[-74.121458368308993,4.6571508268492368],[-74.121458060740835,4.6571531731804976],[-74.121457999822923,4.6571545785678286],[-74.121457964829034,4.6571549139574397],[-74.121457976540754,4.6571551156917383],[-74.121457958218187,4.6571555383974443],[-74.121458060740835,4.6571579027150838],[-74.121458200031881,4.6571589653185832],[-74.121458219789005,4.6571593056340044],[-74.121458279871945,4.657159574390767],[-74.121458368308993,4.6571602490462833],[-74.121458879123907,4.6571625594046635],[-74.121459114833797,4.6571633092548783],[-74.121459179548935,4.6571635987318114],[-74.121459300489207,4.6571638998696985],[-74.121459588689035,4.6571648167029815],[-74.121460490708998,4.6571670029548518],[-74.121460738260737,4.6571674798800755],[-74.121460818990684,4.6571676808953066],[-74.121460985735098,4.6571679566561937],[-74.121461580687352,4.6571691028718938],[-74.121462847832063,4.6571710984674946],[-74.121463028101033,4.6571713343080834],[-74.121463095208085,4.6571714452893263],[-74.121463267084266,4.6571716469628983],[-74.121464283150104,4.6571729762518972],[-74.121465948662177,4.6571747931387808],[-74.124500235211627,4.6601965054177423],[-74.125076716370828,4.660832285375542],[-74.12507744394189,4.6608330899885644],[-74.125078009794507,4.660833685627491],[-74.125369240214951,4.6611359304692446],[-74.125371298746401,4.6611378551279667],[-74.12537228772652,4.6611386164668653],[-74.125372561675889,4.6611388579298794],[-74.12537277185946,4.6611389891631241],[-74.125373170235605,4.661139295841914],[-74.125375159535949,4.6611405674832689],[-74.125376015494041,4.6611410144060015],[-74.125376317234341,4.661141202804914],[-74.125376606717211,4.6611413231022247],[-74.125377252258374,4.6611416601595534],[-74.12537943131565,4.6611425657769123],[-74.125380127051258,4.6611427860097434],[-74.125380405752807,4.6611429018267749],[-74.125380738690097,4.6611429796220456],[-74.125381681419427,4.6611432780399094],[-74.125383983683875,4.6611437897541359],[-74.125384495442603,4.6611438574377342],[-74.12538471710883,4.6611439092330285],[-74.125385053001793,4.6611439311788052],[-74.125386322820461,4.6611440991209463],[-74.125388679044249,4.6611442025430057],[-74.125388994484183,4.6611441886973362],[-74.125389135178082,4.6611441978896622],[-74.125389412117073,4.6611441703661587],[-74.125391035268024,4.6611440991209152],[-74.125393374404652,4.6611437897541697],[-74.125393540891679,4.6611437596368281],[-74.125393708024347,4.6611437284477795],[-74.125602614803498,4.661104048096063],[-74.125946110675983,4.6614394270792152],[-74.126173188208426,4.6616729063824964],[-74.126424104411882,4.6619322891381367],[-74.126589987154901,4.6621015778080341],[-74.12680541004417,4.6623291691990829],[-74.126806123906462,4.6623298953092531],[-74.126962356623821,4.6624829874834939],[-74.127297901049317,4.6628242138753686],[-74.127591548146682,4.6631283709367679],[-74.127674779295489,4.6632157881763288],[-74.12763531738446,4.6632746533780365],[-74.127634337806427,4.6632762296586954],[-74.127633248309394,4.6632783286378734],[-74.12763234538329,4.6632805153217562],[-74.127631636237069,4.663282772527924],[-74.127631125375927,4.6632850839784412],[-74.127630817304947,4.6632874297782445],[-74.12763071472682,4.6632897945538963],[-74.12763081764011,4.6632921584106111],[-74.127631125142457,4.6632945050708061],[-74.127631636331273,4.6632968164484137],[-74.127632345797551,4.6632990735533069],[-74.127633248132412,4.6633012601083133],[-74.127634337025739,4.6633033589320538],[-74.127635604364983,4.6633053555560906],[-74.127637041136154,4.6633072327992595],[-74.127638444537055,4.6633087853978523],[-74.127670819914371,4.663341924206617],[-74.127672748777769,4.6633437155051682],[-74.12767461993451,4.6633451568402293],[-74.127676609146718,4.6633464281567827],[-74.127678701993318,4.6633475213170055],[-74.127680881349335,4.6633484263747684],[-74.1276831309914,4.6633491379053131],[-74.127685432893458,4.6633496504841379],[-74.127687772634772,4.6633499595907093],[-74.127690128584504,4.6633500625136195],[-74.127692484519699,4.663349960158393],[-74.12769482421713,4.6633496507174845],[-74.127697126046428,4.66334913780973],[-74.127699376488806,4.6633484268619192],[-74.127701555716257,4.6633475205884931],[-74.127703648407731,4.6633464280335577],[-74.127705637439476,4.6633451564327988],[-74.127707509292989,4.6633437157345963],[-74.127709247745983,4.6633421167918279],[-74.127710841082774,4.663340372265715],[-74.127712722772557,4.6633378364484317],[-74.127744618268977,4.6632891524957465],[-74.127894841111669,4.6634469934109255],[-74.127895682065002,4.6634478388795628],[-74.128128119847645,4.6636714686569372],[-74.128130503906675,4.6636739254929447],[-74.128172265952884,4.6637169513167747],[-74.128117908155161,4.6637693961201121],[-74.12811655806955,4.6637698239556142],[-74.128114379742541,4.6637707293260036],[-74.128112287050456,4.6637718218821504],[-74.12811029711699,4.6637730934841084],[-74.128108426164474,4.6637745341833288],[-74.128106687711337,4.6637761331270209],[-74.128105093473266,4.6637778776541481],[-74.128103657869943,4.6637797560075347],[-74.128102342151109,4.6637818360132242],[-74.128092502327135,4.6637992193513522],[-74.128091468704412,4.6638012396523214],[-74.128090606330275,4.6638033377115278],[-74.128089897184978,4.6638055949180837],[-74.128089386325016,4.6638079063689153],[-74.12808907915668,4.6638102530731116],[-74.128088976579932,4.6638126169444618],[-74.128089078593689,4.6638149817053884],[-74.128089386097699,4.6638173274609933],[-74.128089897288419,4.6638196388382172],[-74.128090606756686,4.6638218959426547],[-74.128091509994917,4.6638240824969399],[-74.128092598890419,4.6638261813199025],[-74.128093866231907,4.6638281779430981],[-74.128095302104185,4.6638300560896875],[-74.128096895690732,4.6638318003870838],[-74.128098634372833,4.6638333990803256],[-74.128100505531734,4.6638348404142453],[-74.128102578568559,4.6638361605561469],[-74.128152821531131,4.6638647873605388],[-74.128154833260865,4.6638658244579565],[-74.128156925192144,4.6638666897309102],[-74.128159175737551,4.6638674012598429],[-74.128161477641655,4.6638679138370778],[-74.128163816483593,4.6638682229420612],[-74.12816617333641,4.66386832586329],[-74.128168529273125,4.6638682226020993],[-74.128170868070782,4.6638679131597298],[-74.128173170802739,4.6638674011546675],[-74.128175421246212,4.6638666893010416],[-74.128177599573448,4.6638657839305298],[-74.128179692265675,4.6638646913741146],[-74.128181682199269,4.6638634197719648],[-74.128183553151857,4.6638619790725819],[-74.12818529160505,4.6638603801286935],[-74.128186885843093,4.6638586356014251],[-74.128188321446387,4.6638567572478538],[-74.12818963626377,4.6638546772420497],[-74.128199476987405,4.6638372939025254],[-74.128200509708648,4.6638352736015269],[-74.128201372983725,4.6638331755421083],[-74.128202082128681,4.6638309183353845],[-74.128202466849999,4.6638291757040733],[-74.128242442122527,4.6637905470632965],[-74.1283509543576,4.6639036239714748],[-74.128352230663609,4.6639049369358379],[-74.128621158185652,4.6641817119540248],[-74.128802950302912,4.6643675058760445],[-74.128802984626105,4.6643675490980003],[-74.128803971426109,4.6643691147429021],[-74.128805407643412,4.6643709925273509],[-74.128806958973939,4.664372694943939],[-74.128808699397581,4.6643743771422219],[-74.12892192252292,4.6644890604052769],[-74.128922031298345,4.6644891657165211],[-74.128922098594956,4.6644892310003279],[-74.129136730448522,4.6647084415001725],[-74.129136971108167,4.6647086847416324],[-74.129287120950323,4.6648582048037293],[-74.129224165596099,4.6649197241620568],[-74.129222679327484,4.6649189474700599],[-74.129220500865969,4.664918042417181],[-74.129218250316157,4.6649173308916998],[-74.129215948407904,4.6649168183179865],[-74.129213608660692,4.6649165083122641],[-74.12921125270563,4.6649164062988842],[-74.129208896765533,4.6649165086592568],[-74.129206557063611,4.6649168181052048],[-74.129204255230391,4.6649173310179357],[-74.129202004784617,4.6649180419705107],[-74.129199826455519,4.6649189473442423],[-74.129197732860476,4.6649200399036896],[-74.129195743827154,4.6649213124129609],[-74.129193872873884,4.6649227531150279],[-74.129192134420407,4.664924352061333],[-74.129190540182478,4.6649260965908486],[-74.129189285718311,4.6649277172050034],[-74.129175623699766,4.6649468181218463],[-74.129174174605225,4.6649490726709368],[-74.129173086011562,4.66495117165233],[-74.129172183088087,4.6649533574336939],[-74.129171473043897,4.66495561464132],[-74.129170962186677,4.6649579260928489],[-74.129170655021483,4.664960272797452],[-74.12917055244823,4.6649626366688066],[-74.129170654465796,4.6649650014294251],[-74.129170961973955,4.6649673471844828],[-74.129171473169038,4.6649696585607945],[-74.129172182641952,4.6649719156639584],[-74.129173085885029,4.6649741022167754],[-74.129174174785533,4.6649762010379456],[-74.12917544213218,4.6649781976590781],[-74.129176878009631,4.6649800758032578],[-74.129178471601449,4.6649818200981459],[-74.129180210288837,4.6649834187885881],[-74.129181825475911,4.6649846774678885],[-74.129252118262414,4.6650352927984127],[-74.129254363459296,4.6650367467619178],[-74.1292564563133,4.6650378399173107],[-74.129258635676621,4.665038745874309],[-74.12926088532555,4.6650394564953883],[-74.129263188135482,4.6650399690688804],[-74.12926552698184,4.665040279074451],[-74.129267882937299,4.6650403810877137],[-74.129270239779117,4.6650402787270275],[-74.129272578580114,4.6650399692809446],[-74.129274880413689,4.6650394563679907],[-74.129277130859762,4.6650387454151749],[-74.129279310090425,4.6650378400410908],[-74.129281402784386,4.6650367474815173],[-74.129283391817978,4.6650354758763344],[-74.129285263672628,4.6650340351739699],[-74.129287002126134,4.6650324362273752],[-74.129288595462697,4.6650306907934116],[-74.129289849025625,4.6650290710834623],[-74.129303513746478,4.6650099701643137],[-74.129304962840706,4.6650077156149461],[-74.129306052335338,4.6650056166332723],[-74.129306955258414,4.6650034299474559],[-74.129307664400926,4.6650011727397382],[-74.129308175257719,4.6649988612881126],[-74.129308483323854,4.6649965154877586],[-74.129308585896538,4.6649941507120785],[-74.129308482977322,4.6649917868557784],[-74.129308175468623,4.6649894401965444],[-74.129307664273057,4.6649871288203277],[-74.129306954799688,4.6649848717173095],[-74.12930605245748,4.6649826851646017],[-74.129305500795866,4.6649816235464865],[-74.129353625737238,4.6649345986372568],[-74.129453714494886,4.6650291448885994],[-74.129737776044522,4.6653270249135899],[-74.129836216973217,4.665428426797428],[-74.129937357474219,4.6655326092155338],[-74.129939279139435,4.6655344050296819],[-74.13008744674552,4.6656599683535251],[-74.130075166605792,4.6656709022090253],[-74.130074621050724,4.6656714077080084],[-74.130073461620896,4.6656725327612696],[-74.13007183834462,4.6656742486677363],[-74.130071616600944,4.6656745427691888],[-74.130070402127302,4.665676126452138],[-74.13006914263309,4.6656781188403142],[-74.130068045903556,4.6656802219646991],[-74.130067383212364,4.6656818265486404],[-74.130067289005055,4.6656820386675344],[-74.130067142984188,4.6656824082166359],[-74.130066433419117,4.6656846655149691],[-74.130066171348062,4.6656858529233327],[-74.130066068782682,4.6656862049405206],[-74.130066037222548,4.6656864606277715],[-74.130065923503523,4.6656869758733714],[-74.13006561503606,4.665689322204547],[-74.130065577704059,4.665690183460419],[-74.130065536880835,4.665690514193475],[-74.13006554923868,4.6656908401609982],[-74.13006551251334,4.6656916874215106],[-74.130065615036074,4.6656940517391448],[-74.130065693669309,4.6656946498562846],[-74.130065701372018,4.6656948530324431],[-74.130065756191783,4.6656951254283747],[-74.130065923503537,4.6656963980703532],[-74.130066433419103,4.6656987084286703],[-74.130066557007154,4.6656991027999597],[-74.130067142984203,4.6657009657270132],[-74.130068045903542,4.6657031519789438],[-74.13006913498252,4.6657052518959627],[-74.130070402127316,4.6657072474915111],[-74.130071838344634,4.6657091252759582],[-74.130072942712104,4.6657103483539544],[-74.130073428345995,4.6657108735580186],[-74.130302580507163,4.6659532738776726],[-74.130303021671182,4.6659537297250928],[-74.130607145842191,4.6662606948468834],[-74.130608942248841,4.6662623513264991],[-74.13061041902921,4.6662634881848275],[-74.130610608786981,4.6662636420250561],[-74.130610813738016,4.6662637920404331],[-74.13061280303836,4.6662650636818066],[-74.130614245929749,4.6662658173847573],[-74.130614511496077,4.6662659756995524],[-74.130614655674265,4.6662660314172015],[-74.130614894861466,4.6662661563580929],[-74.130617073918799,4.666267061975371],[-74.130618447641751,4.666267496822976],[-74.130618753663541,4.6662676150850979],[-74.130618941521206,4.6662676531589584],[-74.130619324022504,4.6662677742384968],[-74.130621627186301,4.6662682859527242],[-74.130622884602673,4.6662684523185876],[-74.130623210958618,4.6662685184624149],[-74.130623438018759,4.666268525539782],[-74.130623965423624,4.6662685953194822],[-74.130626321647412,4.6662686978421668],[-74.130627425530903,4.6662686498289663],[-74.130627756670222,4.6662686601504344],[-74.130628016851432,4.6662686241095344],[-74.130628678770449,4.6662685953195027],[-74.130631017007758,4.6662682859527376],[-74.130631942592956,4.6662680803073231],[-74.130632261573922,4.6662680361213766],[-74.13063254472975,4.6662679465252284],[-74.13063332017154,4.666267774238448],[-74.130635569376011,4.6662670619753621],[-74.130636301714702,4.6662667577406225],[-74.130636597605317,4.6662666641149606],[-74.130636893018902,4.6662665120956808],[-74.130637749332607,4.6662661563581151],[-74.13063984115567,4.6662650636818244],[-74.130640392265093,4.6662647113903999],[-74.130640641500605,4.6662645831342777],[-74.130640919767615,4.6662643741893941],[-74.130641830456042,4.6662637920404206],[-74.130643701945203,4.6662623513265586],[-74.130644278355746,4.6662618522698844],[-74.130653886047128,4.666253289407968],[-74.130770379164431,4.666390049377938],[-74.130771407613722,4.6663911896335213],[-74.130982071155969,4.6666118503278904],[-74.131030879490709,4.6666629744285339],[-74.131032203573383,4.6666642702023484],[-74.131097847648576,4.6667242253997987],[-74.13192501944242,4.6675846261892051],[-74.131925276328772,4.6675848911317992],[-74.132401653208476,4.6680670966577393],[-74.133003949084028,4.668695716689184],[-74.133518995591743,4.6692267600857349],[-74.133799346324395,4.6695244035678103],[-74.133995300066559,4.6697453394060648],[-74.13418703304086,4.6699642372156784],[-74.134188710476479,4.6699659878220379],[-74.134422576388971,4.6701891215579607],[-74.134712903982404,4.6704724830029436],[-74.134967915202935,4.6707220668634024],[-74.134908609944361,4.6708300331795716],[-74.134906882346655,4.6708338490030057],[-74.134906172781569,4.6708361063013051],[-74.134905661966656,4.670838416659655],[-74.134905354398512,4.6708407638901885],[-74.134905250976473,4.6708431282078173],[-74.134905354398541,4.6708454925255598],[-74.13490566196667,4.670847838856738],[-74.134906172781569,4.6708501492151173],[-74.134906882346669,4.6708524065133927],[-74.134907784366675,4.6708545936646102],[-74.134908873445738,4.6708566926822783],[-74.134910141489812,4.6708586882779413],[-74.134911576807781,4.6708605660623403],[-74.134912863737597,4.6708619977829926],[-74.134970002163797,4.6709212163411227],[-74.134996131066544,4.6709490044930391],[-74.134997660813383,4.6709505081595335],[-74.135007190929045,4.6709591560402899],[-74.135007948158247,4.6709598170420206],[-74.135010584071139,4.6709617757653987],[-74.135021355251268,4.6709688057658267],[-74.135022579228632,4.6709695593977099],[-74.135023198861504,4.6709699074353725],[-74.135076534954052,4.6709989600340114],[-74.136154483942178,4.6720953703052031],[-74.136163934917619,4.6721317442846368],[-74.136164616603693,4.6721339728047155],[-74.136169314662069,4.6721472575899661],[-74.136170195098373,4.6721494186608341],[-74.136171203238391,4.6721513998672561],[-74.136178046179836,4.6721635847817149],[-74.136178186474055,4.6721638311959302],[-74.136180665904973,4.6721674338800439],[-74.136189486455578,4.672178262616824],[-74.136189710386759,4.6721785342120583],[-74.136191033289492,4.6721800037043026],[-74.136643567646502,4.6726471763261728],[-74.136644626148538,4.6726482105465355],[-74.136652021273719,4.6726550534879836],[-74.136652971857117,4.6726558934547944],[-74.136654295659142,4.6726569393663624],[-74.13666238865828,4.6726629324484454],[-74.136663601843708,4.6726637796098016],[-74.136902133526561,4.672820968512962],[-74.138431203137472,4.6743992436302557],[-74.13850824805715,4.6745682694101696],[-74.138509299364614,4.67457033785091],[-74.138517109976561,4.6745841982022682],[-74.138519658655269,4.674587917798239],[-74.138529628539445,4.6746001458800581],[-74.138529844376748,4.6746004066834974],[-74.138531169078149,4.6746018779743581],[-74.138900272117397,4.6749828553969319],[-74.138893348970299,4.6749893712298256],[-74.138893086715427,4.6749896181290334],[-74.138890874244325,4.6749919631951791],[-74.138889439548777,4.6749938415699095],[-74.138888171602716,4.6749958374901919],[-74.138887082121727,4.6749979364859815],[-74.138886179216072,4.6750001231833158],[-74.138885470094621,4.675002380399806],[-74.138884959262398,4.6750046918574251],[-74.138884652125512,4.6750070376609711],[-74.138884548682569,4.6750094024370972],[-74.138884652536987,4.6750117662907842],[-74.138884960082237,4.6750141129447202],[-74.138885470415417,4.6750164243128793],[-74.138886179028432,4.6750186814051915],[-74.138887552871196,4.675021802958236],[-74.138854580748074,4.6750516597870257],[-74.138854276134879,4.6750519356278328],[-74.138851690557971,4.6750546252680909],[-74.138850254960886,4.6750565036428435],[-74.138848987014612,4.6750584995629882],[-74.138847897533395,4.6750605985587148],[-74.138846994627542,4.6750627852560616],[-74.138846286407173,4.6750650424724212],[-74.138845775574822,4.6750673539299994],[-74.138845467536427,4.6750696997335783],[-74.138845364093314,4.6750720645096617],[-74.138845467947647,4.6750744283634145],[-74.138845775492811,4.6750767750173878],[-74.13884628582592,4.6750790863855762],[-74.13884699443885,4.6750813434779221],[-74.138847897725057,4.675083530017111],[-74.138848986670126,4.6750856288220985],[-74.138850254963685,4.6750876254245153],[-74.138851689986168,4.6750895026435826],[-74.13885293659591,4.6750908924567947],[-74.138923032035962,4.6751638504579907],[-74.138923824341973,4.6751646425629163],[-74.139003810914147,4.6752412802246095],[-74.139005103470666,4.6752424430520572],[-74.139008615129313,4.6752449494872845],[-74.139059336281719,4.6752753560278686],[-74.139059685100378,4.675275562179583],[-74.139061777999672,4.6752766544005491],[-74.139063957406933,4.675277560326303],[-74.139066206196858,4.6752782718196144],[-74.139068509948345,4.6752787843601977],[-74.139070848832503,4.6752790934281832],[-74.139073204823234,4.6752791963123315],[-74.139075560796073,4.6752790939184425],[-74.139077900527539,4.6752787844392572],[-74.139080203288216,4.6752782714938865],[-74.139082452855234,4.6752775605096391],[-74.139084631203019,4.6752766542009114],[-74.139086724812927,4.6752755616120849],[-74.139088713857106,4.6752742899793631],[-74.139090584817041,4.6752728492512405],[-74.139092324174285,4.6752712502806792],[-74.139093918410509,4.6752695057292346],[-74.139095353106114,4.6752676282583927],[-74.139096621052019,4.6752656314334926],[-74.139097727654061,4.6752634944549341],[-74.13912179451323,4.6752115044778666],[-74.140534153528336,4.6766692997484336],[-74.140535810978861,4.6766708717633501],[-74.140547537238987,4.6766810907597671],[-74.140547887974591,4.6766813911333456],[-74.140551219063454,4.6766837887259323],[-74.140564490358869,4.676691886221656],[-74.140565019160235,4.6766922009843404],[-74.140568571482319,4.676693924984729],[-74.140583010997133,4.6766996698539334],[-74.140583730454722,4.6766999441471953],[-74.14058737540698,4.6767009918573628],[-74.140602570352314,4.6767042204234981],[-74.140603477768224,4.6767043966906039],[-74.140604820456076,4.6767045999374393],[-74.140797416567466,4.6767287467343595],[-74.140809355966951,4.6767411699691293],[-74.140925453047188,4.6768619741008903],[-74.140927536776331,4.6768639256297275],[-74.140927756210942,4.6768641081921229],[-74.141039484384635,4.6769561762865983],[-74.142739718363245,4.6787163905490496],[-74.142740924354143,4.6787175641643248],[-74.142820873184689,4.6787906502683843],[-74.142945708077931,4.6789047679407956],[-74.142922819432556,4.6789871665246148],[-74.142922237571156,4.6789897394849929],[-74.142921930002998,4.6789920858161729],[-74.142921826581016,4.678994450133847],[-74.142921930002998,4.6789968144515157],[-74.142922237571156,4.6789991607827286],[-74.14292274838607,4.6790014711410484],[-74.142923457951198,4.6790037284393868],[-74.142924359971147,4.6790059155906434],[-74.142925449949516,4.6790080146082875],[-74.142926717094269,4.6790100111031672],[-74.142928153311559,4.6790118879882723],[-74.142929746910212,4.67901363357241],[-74.142931485299741,4.6790152325670089],[-74.142933349594358,4.6790166678849658],[-74.143050292037273,4.6790988875036827],[-74.14305228943158,4.6791001645410359],[-74.143054382153977,4.6791012572172948],[-74.143056561211267,4.6791021628346092],[-74.143058810415681,4.6791028750977155],[-74.143061113579506,4.679103386811911],[-74.14306345271612,4.6791036961787089],[-74.143065808939852,4.6791037996007621],[-74.143068239807405,4.6791036889841511],[-74.143118573063632,4.6790991303206724],[-74.143328896611223,4.6792980972294682],[-74.143624645860655,4.6796147961859171],[-74.143624821228414,4.6796149823455924],[-74.143660067458086,4.6796520164274584],[-74.143747310689776,4.6797424063870041],[-74.143785330428599,4.6797820017380571],[-74.143898646805027,4.6799049444577436],[-74.143899098264725,4.6799054228970256],[-74.143945161539918,4.6799530258115256],[-74.143946003305345,4.6799538585837741],[-74.144068427116139,4.6800697749002529],[-74.144259962926924,4.6802627496262552],[-74.144384452480423,4.6804011849667653],[-74.144384658425224,4.680401410696641],[-74.1445253456681,4.6805543485044403],[-74.144599019928762,4.6806414811195376],[-74.144708739916368,4.6807695077066853],[-74.144710258871314,4.6807711390768656],[-74.144899421371164,4.6809582511224477],[-74.144899807180295,4.6809586252404216],[-74.145010598260427,4.6810639493418424],[-74.145086599067255,4.6811457040110955],[-74.145410164347595,4.6814966833254044],[-74.145410921576726,4.6814974729300607],[-74.145569690588715,4.6816563138877854],[-74.145571402897872,4.6816578850034478],[-74.145573256400596,4.6816593140261675],[-74.145642727230026,4.6817082011725937],[-74.145826294148065,4.6819007406267223],[-74.145826590025052,4.6819010472955291],[-74.146011178573019,4.6820886611628305],[-74.146164605612,4.6822436197473012],[-74.14633367635804,4.6824178013405726],[-74.14633411882447,4.6824182465049251],[-74.146442532996431,4.6825248719253967],[-74.146562657240793,4.6826564679217491],[-74.146562884769224,4.6826567143360123],[-74.14673820940078,4.6828440727957918],[-74.146738937851623,4.6828448210317655],[-74.146951873030503,4.6830554728318932],[-74.147144318955085,4.6832546834569735],[-74.147144761421515,4.6832551304199699],[-74.14720684701831,4.6833164830693219],[-74.147212062186881,4.6833217270161924],[-74.147260921454347,4.6833708255032471],[-74.147205509726433,4.6834260654605933],[-74.147203854973881,4.6834278712992852],[-74.147202418756564,4.6834297490837304],[-74.147201151611782,4.6834317455786199],[-74.147200062532818,4.683433844596335],[-74.147199159613436,4.6834360308482177],[-74.147198450048379,4.6834382881465189],[-74.147197939233465,4.6834405994042116],[-74.147197631665335,4.6834429457354192],[-74.147197529142588,4.6834453100530506],[-74.147197631665321,4.683447674370746],[-74.147197939233465,4.6834500207020104],[-74.147198450048393,4.6834523319596544],[-74.14719915961345,4.6834545883585843],[-74.147200062532818,4.6834567755098835],[-74.147201151611782,4.6834588745275711],[-74.147202418756578,4.6834608710224392],[-74.147203854973867,4.6834627479075595],[-74.147204560941688,4.6834635590960358],[-74.147497079826337,4.6837864004220959],[-74.147499706746018,4.683788932913],[-74.147501578235207,4.6837903736268904],[-74.14750356753558,4.6837916452682764],[-74.147505659358643,4.6837927388439047],[-74.147507839315253,4.6837936444612058],[-74.14751080887666,4.6837945383873487],[-74.147609984313306,4.6838182921805034],[-74.147651281268509,4.6839043554637225],[-74.147650984712968,4.6839056997787649],[-74.147650675799326,4.6839080464896821],[-74.147650573286143,4.6839104103617428],[-74.147650676270459,4.6839127751174319],[-74.147650984750371,4.6839151208620988],[-74.147651494217769,4.6839174322228798],[-74.147652203769482,4.6839196902094482],[-74.147653107094484,4.6839218758318539],[-74.147654196079657,4.6839239755263833],[-74.147655462611525,4.6839259712076604],[-74.147656899478221,4.6839278493117398],[-74.147658479637684,4.683929579999238],[-74.147719616750564,4.6839910098530222],[-74.147721369949096,4.6839926229629514],[-74.147723241201305,4.6839940633380719],[-74.147724088956821,4.6839946054779418],[-74.147856120663377,4.6841310377172842],[-74.147856639572225,4.6841315593240624],[-74.147995782679175,4.6842677310709675],[-74.148204402011473,4.6845181302076151],[-74.148267270018422,4.6846075551945985],[-74.148268671162185,4.6846093781203635],[-74.148326944532826,4.6846787653128219],[-74.14838582764375,4.6847480077144992],[-74.148492808296439,4.6848738660361446],[-74.148494338942541,4.6848755216880384],[-74.148496001788985,4.6848770442402587],[-74.148497873278188,4.684878484954158],[-74.148499862578547,4.6848797565955733],[-74.148501954401638,4.6848808492718401],[-74.148504134358262,4.6848817548892168],[-74.148506340395272,4.6848824554609765],[-74.148508597693564,4.6848829635779454],[-74.148634505783363,4.6849056725400064],[-74.148663089258491,4.6849388392996172],[-74.148687685177379,4.6849673776672098],[-74.148669079601319,4.6849860209704239],[-74.148666991165186,4.6849849305873033],[-74.148664810814481,4.6849840246923957],[-74.148662561984224,4.6849833132306866],[-74.148660258194369,4.6849828007223993],[-74.148657919274157,4.6849824916870313],[-74.148655563250003,4.6849823888356408],[-74.14865320724661,4.6849824912622555],[-74.148650867487632,4.6849828007737342],[-74.148648564702768,4.6849833137508119],[-74.148646315114959,4.6849840247659422],[-74.148644135848684,4.6849849302001862],[-74.148642044027994,4.6849860228173288],[-74.148640131579839,4.6849872411150431],[-74.14863832730407,4.6849886140384651],[-74.148620324326046,4.6850035577542517],[-74.148618512868708,4.6850052173440071],[-74.148616919535968,4.6850069619165904],[-74.148615483044026,4.685008840310843],[-74.148614216009435,4.68501083624788],[-74.148613126542529,4.6850129352580172],[-74.148612223654865,4.6850151219671101],[-74.148611514555057,4.6850173791924883],[-74.148611004649382,4.6850196906561079],[-74.148610695738412,4.685022036463022],[-74.14861059322844,4.6850244012393647],[-74.14861069621611,4.6850267650905559],[-74.148611004699845,4.685029111738956],[-74.148611514171265,4.685031423098919],[-74.148612223727113,4.6850336801800072],[-74.148613127056649,4.685035866705376],[-74.148614216046354,4.6850379654939482],[-74.148616658043707,4.6850415218897226],[-74.148671265972013,4.6851088637824461],[-74.148671527382788,4.6851091802637379],[-74.148673120167075,4.6851109245121325],[-74.148674859849635,4.6851125240562403],[-74.148676731106775,4.6851139644286786],[-74.148678720417962,4.6851152356835231],[-74.14868081246,4.6851163287791442],[-74.148682992811118,4.6851172346740109],[-74.148685241641743,4.6851179452313305],[-74.148687544530844,4.6851184586438972],[-74.148689884352819,4.6851187676791035],[-74.148692240377414,4.685118870530383],[-74.148694596381205,4.6851187671993326],[-74.148696935239371,4.6851184585921128],[-74.148699238925943,4.6851179456147456],[-74.148701487612811,4.6851172345995558],[-74.148703667780651,4.6851163282607269],[-74.148705759601654,4.6851152356433827],[-74.148709304190831,4.6851127864158002],[-74.148727491046131,4.6850979412486939],[-74.148727807378023,4.6850976789671277],[-74.148729546736902,4.6850960790686695],[-74.148731140069557,4.6850943344958029],[-74.148732576561457,4.6850924570056947],[-74.148733843595735,4.6850904601641314],[-74.148734933062386,4.6850883611537855],[-74.14873583594985,4.6850861753488529],[-74.148736545049331,4.6850839181233832],[-74.148737054954637,4.6850816066596828],[-74.148737363865109,4.6850792599484175],[-74.148737466374769,4.6850768960764055],[-74.148737363386545,4.6850745313208986],[-74.148737054902483,4.6850721855768587],[-74.148736545430609,4.6850698742170298],[-74.148735835874334,4.6850676171360268],[-74.1487349325444,4.6850654306108721],[-74.148734161777426,4.6850639458153163],[-74.148753881255331,4.6850441891935137],[-74.148784007344219,4.6850791448691966],[-74.148794293383858,4.685091348363926],[-74.148819823210488,4.6851213072995401],[-74.148821343880215,4.6851229484638051],[-74.148822994324874,4.6851244593944372],[-74.148824865582313,4.6851258997665139],[-74.148826854893898,4.6851271719252399],[-74.148828946936121,4.6851282641161083],[-74.148831127287451,4.68512917001049],[-74.148833376118375,4.6851298814716156],[-74.148835679007504,4.6851303939794136],[-74.148836968017093,4.6851305642268564],[-74.14888799738317,4.6851865297346249],[-74.148907706025796,4.6852081467386082],[-74.148928502848094,4.685244191566281],[-74.148936448358356,4.6852579610861103],[-74.14894864226595,4.6852790933555362],[-74.148949903115522,4.685281074562015],[-74.148951329440251,4.6852829379572745],[-74.148952309701301,4.6852840477207636],[-74.149005296856885,4.6853407985391105],[-74.149007260076928,4.6853426988065845],[-74.149240778938747,4.6855469843059456],[-74.149241168345213,4.6855473179544171],[-74.14924241210754,4.6855482748331259],[-74.149243412153737,4.6855493836971611],[-74.149565158105531,4.6858798153013312],[-74.149574835710027,4.6858897546085494],[-74.149628788737544,4.6859451645377685],[-74.149669708789972,4.6859871889576779],[-74.149707452436928,4.6860259515364913],[-74.149745863380858,4.6860653993987507],[-74.149783631309489,4.6861041880578727],[-74.149826449830755,4.6861481595100427],[-74.149862325585815,4.6861850056335834],[-74.149900101608338,4.6862238005879968],[-74.149945459815058,4.6862703836713608],[-74.149982455226095,4.6863083404575736],[-74.149983863564387,4.6863098243390162],[-74.150022239434733,4.6863492371276472],[-74.150061861765479,4.6863899269536438],[-74.150099671062918,4.6864287569816003],[-74.150137453380708,4.6864675582313513],[-74.150175275268666,4.6865064035477584],[-74.15021371948751,4.6865458855842217],[-74.150351762723602,4.6866876538122391],[-74.150368576448599,4.6867049216948411],[-74.150381903502023,4.6867186084770642],[-74.150441409843154,4.6867797201080714],[-74.150444458544868,4.6867828515474335],[-74.150447508145916,4.68678598298676],[-74.150450555049005,4.686789111728161],[-74.150453608247375,4.6867922485635072],[-74.150456665042981,4.6867953853987592],[-74.150459718241393,4.6867985195360653],[-74.150462773238345,4.6868016563714239],[-74.150465830933257,4.6868047950053455],[-74.150468890426893,4.6868079345386588],[-74.150471949920515,4.6868110740718842],[-74.150475013011402,4.6868142163031488],[-74.150478077900914,4.6868173594336699],[-74.150481142790454,4.6868205007655268],[-74.15048420947862,4.6868236447954859],[-74.150487277066134,4.6868267879259538],[-74.150490348250898,4.6868299364524777],[-74.150493424831652,4.6868330858783347],[-74.15049649781507,4.6868362299081117],[-74.150499570798488,4.6868393748373922],[-74.150502650077215,4.6868425260617368],[-74.15050573295315,4.686845677286275],[-74.150508811332543,4.6868488249134064],[-74.150511895107854,4.6868519752385662],[-74.150514983379765,4.6868551291609215],[-74.150518072550994,4.6868582812846986],[-74.150521161722196,4.6868614307105565],[-74.150524251792774,4.686864581934989],[-74.150527347259228,4.6868677367567377],[-74.150530445423669,4.6868708915784731],[-74.150533541789457,4.6868740428028772],[-74.150536697510503,4.6868772533826206],[-74.150653550021246,4.6869946364933703],[-74.15065378204639,4.6869948676191395],[-74.150771978144235,4.6871107632511526],[-74.150773548360505,4.6871121868780001],[-74.150778773421592,4.6871165413953291],[-74.150782058645063,4.6871188868272142],[-74.15078781250746,4.6871223779954603],[-74.150788284651554,4.6871226576845659],[-74.150791412493646,4.6871242090151348],[-74.15079761961438,4.6871268017605452],[-74.150798764451395,4.687127248723578],[-74.150801448028332,4.6871280734019694],[-74.150807971710464,4.6871297119667243],[-74.150809895360325,4.6871301211582175],[-74.15083509346475,4.6871344711789433],[-74.151928376793137,4.6882004780696462],[-74.153335434482699,4.6896715162275395],[-74.153336074800009,4.6896721763299158],[-74.153337973268847,4.6896741323554094],[-74.153341013876627,4.6896772637947652],[-74.153344057182437,4.6896804006300563],[-74.153347099588913,4.6896835311701146],[-74.153350137498805,4.6896866626095015],[-74.153353182603254,4.6896897994447606],[-74.153356225009745,4.6896929335820596],[-74.153707409369403,4.6900547128547867],[-74.153840171786428,4.690191479053599],[-74.153844228628188,4.6901956600017911],[-74.153848290865852,4.6901998436479442],[-74.153852351304891,4.6902040272940999],[-74.15385641534121,4.6902082109402414],[-74.153860477578917,4.6902123954857409],[-74.153864542514597,4.6902165827291595],[-74.153868613745473,4.6902207735699388],[-74.153872682278404,4.6902249608133566],[-74.153876755307962,4.6902291534527336],[-74.153880831934814,4.6902333469914339],[-74.153884907662288,4.6902375405301688],[-74.153888988785738,4.6902417367668106],[-74.153893072607119,4.6902459339027462],[-74.153897153730611,4.6902501274414901],[-74.15390123845134,4.6902543245774497],[-74.153905331265989,4.6902585271094077],[-74.153909422281956,4.6902627242453772],[-74.153913517794592,4.6902669258779994],[-74.153917615105783,4.6902711275105959],[-74.15392171511499,4.6902753282438603],[-74.153925816922865,4.6902795289771149],[-74.153929922328004,4.6902837324083855],[-74.153934032229742,4.6902879376382796],[-74.153938144829439,4.6902921419688228],[-74.153942260127167,4.6902963454000854],[-74.153946376324114,4.690300548831341],[-74.1539504988164,4.6903047549605352],[-74.153954624006644,4.6903089583917872],[-74.153958750096166,4.6903131627223198],[-74.153962881581663,4.6903173688515576],[-74.153967013966479,4.6903215704841523],[-74.153967226206461,4.6903217836235154],[-74.154181140747028,4.690534542535187],[-74.154181566126354,4.6905349562232921],[-74.154400074403867,4.6907429658152848],[-74.154400507877071,4.6907433696109004],[-74.154623501073658,4.6909465291590315],[-74.154623943540116,4.690946923961433],[-74.154851317334348,4.6911451372383599],[-74.154851720230681,4.6911454816787188],[-74.155083413468731,4.6913386920270916],[-74.155083873022292,4.6913390661450185],[-74.15531967616208,4.6915271035929766],[-74.155320143809533,4.6915274678184851],[-74.155559992999216,4.6917102784067071],[-74.155560468740561,4.6917106327395883],[-74.155602429308587,4.6917411854074649],[-74.155874306953649,4.6919584022584839],[-74.155874949968876,4.6919589004829199],[-74.156090292632868,4.6921205931908956],[-74.15609297441118,4.6921223675532833],[-74.156093382703418,4.6921225995783251],[-74.15636799338813,4.6922753233475731],[-74.156369275821362,4.6922772937621442],[-74.156370711139346,4.6922791715466339],[-74.156372305637376,4.692280916231427],[-74.156374044026833,4.692282515225938],[-74.156377515409972,4.6922849973548448],[-74.156428071698059,4.6923154250169166],[-74.156428461104554,4.6923156543440427],[-74.156430553826965,4.6923167470203015],[-74.156432732884284,4.6923176535369553],[-74.15643498298806,4.6923183649006468],[-74.15643728525248,4.6923188775142775],[-74.156439624389122,4.6923191859817379],[-74.156441980612897,4.692319289403744],[-74.156444337735905,4.6923191859817619],[-74.15644631624447,4.6923189251783555],[-74.156466430481288,4.6923301136439104],[-74.156559480635508,4.6923889167151787],[-74.156559985155113,4.6923892269813479],[-74.156818306419666,4.6925446523139733],[-74.156818693128173,4.6925448807417052],[-74.156820588898995,4.6925458807878702],[-74.157059432646619,4.6926599813730725],[-74.158805694826881,4.6936313633968023],[-74.15932886913194,4.6939551040448677],[-74.159329593086198,4.6939555366188097],[-74.159750783371905,4.6941971412851053],[-74.159775476057334,4.6942676301471069],[-74.159775576781385,4.6942679125342117],[-74.15977647970071,4.6942700996854336],[-74.159777568779745,4.6942721987030751],[-74.159778836823818,4.6942741942987061],[-74.159780272141802,4.6942760720831078],[-74.159781865740456,4.694277817667281],[-74.15978360502929,4.6942794166617965],[-74.159786918131715,4.6942818025631841],[-74.159977711102414,4.6943984203508711],[-74.15997825878955,4.6943987468048221],[-74.159980351511976,4.6943998394810471],[-74.159982530569252,4.6944007450983722],[-74.159984780672985,4.6944014564621153],[-74.159987083836825,4.6944019690756882],[-74.159989422074133,4.6944022784424861],[-74.159991779197227,4.6944023809651334],[-74.159994703792492,4.6944022217851469],[-74.160072431297607,4.6943937366816595],[-74.160197486524723,4.6944835573703791],[-74.160199215921011,4.694484844300173],[-74.160201267274601,4.6944861743975048],[-74.160203431043414,4.6944873848849529],[-74.160228010414286,4.6945019916736292],[-74.160230207458071,4.6945031455038038],[-74.160232386515361,4.6945040511211475],[-74.160234636619109,4.694504762484832],[-74.160236939782905,4.6945052750984946],[-74.160239278020228,4.694505584465186],[-74.160241635143322,4.6945056869879194],[-74.160243991367054,4.6945055844652401],[-74.160246330503668,4.6945052750984813],[-74.160248633667493,4.6945047624848586],[-74.160250882871921,4.6945040511211005],[-74.160253697749894,4.6945028379356657],[-74.160314119600883,4.6944726189162589],[-74.160315576502597,4.6944718338081417],[-74.160317566702275,4.694470562166801],[-74.160318952203184,4.6944694950646912],[-74.160370451974572,4.6944989077576471],[-74.160409704897887,4.6944270196751301],[-74.160413884519755,4.6944288088035595],[-74.160424628720534,4.6944329800026132],[-74.160424659377924,4.6944330867072939],[-74.160690225516078,4.6945781422268045],[-74.160690558123548,4.6945783203358031],[-74.160723401502764,4.6945956673713507],[-74.160722072227628,4.6945970936231252],[-74.16073282312334,4.6946044832476685],[-74.16065260434624,4.6946986439031919],[-74.160420404776588,4.6949719551301978],[-74.161254919185851,4.6956885518400755],[-74.16140306869363,4.6958137544235772],[-74.161940705149249,4.6952684860923526],[-74.161952648485268,4.695275647667704],[-74.161952978565438,4.6952772898504538],[-74.161954392561483,4.6952758491172064],[-74.161980362971377,4.6952892396737873],[-74.161994349649305,4.695296826929872],[-74.162087849566831,4.6953475481638636],[-74.162184033219333,4.6954023737116604],[-74.162184656072299,4.6954027181772773],[-74.162334994094763,4.6954832393602546],[-74.162380927533434,4.6955090327660383],[-74.162383397315566,4.6955104196734849],[-74.162554304457856,4.6956063847837921],[-74.162554646982514,4.6956065773595936],[-74.162554948043322,4.695606743715496],[-74.162555545657739,4.6956070719063199],[-74.162744892071927,4.6957107348999561],[-74.162835722724196,4.695764212686897],[-74.162836025589186,4.6957643907984714],[-74.162836521348851,4.6957646701689084],[-74.162923231394785,4.6958124874824563],[-74.162923601862616,4.6958126972364909],[-74.163089952779742,4.6959070205474083],[-74.163328092503448,4.6960418606296974],[-74.163469978089509,4.6961213770115835],[-74.163611048674213,4.6961989374471234],[-74.163813219182543,4.6963083002194415],[-74.163813897020177,4.6963086654758008],[-74.16391805250862,4.6963658997713695],[-74.164074608405798,4.6964550848746489],[-74.164246596104846,4.6965536312233764],[-74.164384812856198,4.6966350559594643],[-74.164454890383354,4.6966775442561151],[-74.164455355498973,4.6966778200119483],[-74.164456029733586,4.6966781979284509],[-74.164520101705975,4.6967128999747052],[-74.164617780066109,4.6967672827849727],[-74.164669774543356,4.6967962322165864],[-74.164670076506482,4.6967963985714478],[-74.164819603164773,4.6968781202268675],[-74.165103941413307,4.6970327084995036],[-74.165381980401193,4.6971868959344407],[-74.165516119420616,4.6972722574044772],[-74.16551708210514,4.6972728423699435],[-74.16551842606664,4.6972735710722047],[-74.165781610326107,4.6974067559323469],[-74.165868412105524,4.6974554859473239],[-74.165897871864018,4.6974765934692551],[-74.165900102816778,4.6974780373655598],[-74.165902646509863,4.6974793356286826],[-74.165943153624909,4.6974973878289266],[-74.165943883097512,4.697497776433055],[-74.166589752638387,4.6978603002771777],[-74.166589915728437,4.6978603891739423],[-74.166590077650682,4.6978604710005074],[-74.166592749309345,4.6978617558588196],[-74.166594018348448,4.6978623167040299],[-74.16665662268278,4.6978889161244206],[-74.166684851256846,4.6979050888950686],[-74.166824212149166,4.6979851004596256],[-74.166825092802526,4.6979855841513212],[-74.167023842271902,4.6980900667634646],[-74.167128878581323,4.6981520815271471],[-74.167129118350857,4.6981522207596997],[-74.167221941545208,4.6982055150333162],[-74.167367923316306,4.6982897813050881],[-74.167369913569871,4.6982908219064132],[-74.167442506944496,4.6983250281451143],[-74.167442542424737,4.6983250460370156],[-74.167443087098889,4.6983253402426826],[-74.167520605691365,4.6983688912114294],[-74.167520924051345,4.6983690710758221],[-74.167533921053561,4.6983763663762454],[-74.167964691905638,4.6986181610126438],[-74.168037029675332,4.6986832893347472],[-74.168037142137521,4.6986834663550514],[-74.168038578187421,4.6986853435107516],[-74.168040171951773,4.6986870886171346],[-74.168041909908922,4.6986886872069302],[-74.168043782142945,4.698690128429825],[-74.168045772428414,4.6986913996275916],[-74.16804700191966,4.6986920704640225],[-74.168047356162958,4.6986922512794864],[-74.16814466429723,4.6987511009090515],[-74.168449844802922,4.698936476737595],[-74.168494506187741,4.6989635757155055],[-74.168584638420157,4.699018267308614],[-74.168668130993467,4.6990689292599415],[-74.168792291807392,4.6991442662337954],[-74.168895177021867,4.6992066960822187],[-74.168895643042163,4.6992069718349123],[-74.168913632880049,4.6992173971369038],[-74.168913818945185,4.6992175069460069],[-74.168914097404311,4.6992176750568078],[-74.169037236476697,4.6992923803411033],[-74.169037264131688,4.6992923971994562],[-74.169037545460299,4.6992925697324024],[-74.169045259301669,4.69929773109987],[-74.169046267966905,4.699298373929949],[-74.169161962955954,4.6993685763860764],[-74.169162437089057,4.6993688575632246],[-74.169164468812141,4.6993699207615647],[-74.169432983471964,4.6994963582126497],[-74.169506724411036,4.699537423959061],[-74.169506921116181,4.6995375347228032],[-74.169507088456996,4.6995376295014459],[-74.16963868480687,4.6996117797712706],[-74.169638827145207,4.6996118583961488],[-74.169638967866049,4.699611931203143],[-74.169640831324017,4.6996128484096085],[-74.169642937242969,4.6996138244784804],[-74.169648595019865,4.6996164781871475],[-74.169649183630909,4.6996167654076739],[-74.169653818621796,4.6996193465045852],[-74.169655460945364,4.6996201900062085],[-74.169952324181409,4.6997598471904674],[-74.170017333264937,4.6997952204940177],[-74.170017969644221,4.6997955559075395],[-74.170180018873822,4.6998782133909938],[-74.170201397029359,4.6998891164945249],[-74.170207493999811,4.699892226500876],[-74.170282044881688,4.6999302535562242],[-74.170307346771608,4.6999431600791688],[-74.170475219920988,4.7000287855576861],[-74.170499713274836,4.7000412789129076],[-74.170501275367968,4.7000420130020357],[-74.170593588934665,4.7000818869614056],[-74.171130497620069,4.7003137951864273],[-74.171131942520844,4.7003143692273808],[-74.171133596525195,4.7003149143024885],[-74.171527996758982,4.7004306903080835],[-74.171529995064674,4.7004311946419346],[-74.172062989164004,4.7005442794007415],[-74.172103138049422,4.7005527979522865],[-74.172104037595659,4.7005529723614448],[-74.172106395504713,4.7005532822188005],[-74.17214107981475,4.7005563024173833],[-74.172559941483613,4.7005927739980464],[-74.172562279535612,4.7005928758658193],[-74.172564426481244,4.7005927905681251],[-74.173345780568638,4.7005303568845909],[-74.173450237625346,4.7005220102243035],[-74.173450929834502,4.7005219468274788],[-74.173514177619595,4.7005152489562718],[-74.17391820883482,4.7004724655647223],[-74.174061959102843,4.7004572433539282],[-74.174250537920784,4.7004372736091113],[-74.174348931993578,4.7004307950506492],[-74.174379470415516,4.7004287832442389],[-74.174947132434241,4.7003914023365567],[-74.174948598871069,4.7003912646768216],[-74.175839689636888,4.7002834455711575],[-74.176704899250069,4.7001932259287562],[-74.17671474247328,4.700192199947641],[-74.176948458850987,4.7001678299247152],[-74.179354029325111,4.6999169704798698],[-74.17935433317912,4.6999169426919867],[-74.179354598313964,4.6999169218700629],[-74.179354735924818,4.6999169094701365],[-74.180719629438727,4.6997881552376466],[-74.180721396964046,4.69978823293002],[-74.180723928766199,4.6997881140909392],[-74.181085803580956,4.6997539779783901],[-74.181162555251134,4.6997744156633283],[-74.181164720302931,4.6997748973369635],[-74.181192704457771,4.6997799310690782],[-74.181194287217551,4.6997801650491251],[-74.181206773799303,4.6997816344269099],[-74.181210290654946,4.6997824513687529],[-74.18120375187894,4.6997974883553759],[-74.181190825872903,4.6998271985732467],[-74.181190197882586,4.6998287730652493],[-74.181189489775193,4.6998310294166421],[-74.181188979065951,4.6998333409014501],[-74.181188671159845,4.69983568762399],[-74.181188567856907,4.6998380514979772],[-74.18118867095734,4.6998404162455589],[-74.181188978655555,4.6998427619722332],[-74.181189490047956,4.6998450733049513],[-74.181190197920913,4.6998473294457002],[-74.18119110137107,4.6998495168300671],[-74.181192190481056,4.6998516164689557],[-74.181193458037995,4.6998536129903581],[-74.181194893223619,4.6998554901182237],[-74.181196487924154,4.6998572351935746],[-74.181198226814899,4.6998588337497589],[-74.181200098177058,4.6998602749367446],[-74.181202088488902,4.6998615460963267],[-74.18120478996002,4.6998629148152355],[-74.181247773292682,4.6998817415171272],[-74.18130040590745,4.6999046452040503],[-74.181301917517828,4.6999052499603637],[-74.181304166427239,4.6999059613150536],[-74.181306469386683,4.6999064737141705],[-74.181308809270419,4.6999067835430139],[-74.181311165347253,4.699906885378768],[-74.181313521393861,4.6999067828411931],[-74.181315860284769,4.6999064741241403],[-74.181318163993822,4.6999059610388754],[-74.18132041269277,4.6999052499186451],[-74.181322592862315,4.6999043443825723],[-74.181324684674337,4.6999032516680996],[-74.181326674610219,4.6999019799159552],[-74.181328546447617,4.699900539076034],[-74.181330284865538,4.699898940002238],[-74.181331879050092,4.6998971953565087],[-74.181333314581835,4.6998953178012162],[-74.181334582449622,4.699893320902464],[-74.181336333182941,4.6998896735713291],[-74.181355212393399,4.6998414440644396],[-74.181381598091534,4.6997828310555008],[-74.181452016140042,4.6997769719434563],[-74.181452070847911,4.6997769677342394],[-74.181983558334153,4.6997393972687629],[-74.182233586895322,4.6997232609998605],[-74.182433736522427,4.6997106526981858],[-74.182450915809767,4.6997139209123446],[-74.182461764488011,4.6997292896083041],[-74.182461523070501,4.699747739878041],[-74.182461521435968,4.699747920405084],[-74.18246152038283,4.6997480959979452],[-74.182461622905521,4.6997504603156104],[-74.182461827543662,4.6997520168781186],[-74.182461855442469,4.6997523904353793],[-74.182461901213642,4.6997525772424567],[-74.182461931372984,4.6997528066467815],[-74.182462441288564,4.699755117904469],[-74.18246281455238,4.699756304873933],[-74.182462922179099,4.6997567441334374],[-74.18246303578411,4.6997570083852187],[-74.182463150853664,4.6997573743034309],[-74.182464053773018,4.6997595614546803],[-74.182464518175308,4.6997604565124744],[-74.182464692576573,4.6997608621798124],[-74.182464878890528,4.6997611517307298],[-74.182465142852024,4.6997616604723431],[-74.182466409996763,4.6997636569672805],[-74.182466919791622,4.6997643234993403],[-74.182467118114232,4.6997646317128856],[-74.182467354700762,4.6997648921219355],[-74.182467846214081,4.6997655347517231],[-74.182469439812735,4.6997672794364185],[-74.182469948470981,4.6997677470654207],[-74.182470132316453,4.6997679494227045],[-74.182470386722031,4.6997681499663173],[-74.182471179101569,4.699768878431037],[-74.182473050590772,4.699770319145018],[-74.182473515533673,4.6997706163553632],[-74.182473652574117,4.69977072438199],[-74.182473878070866,4.6997708481038076],[-74.182475039891102,4.699771590786364],[-74.182477132613542,4.6997726834626929],[-74.182477506198722,4.6997728387248747],[-74.182477584195709,4.6997728762108286],[-74.182479311670875,4.6997735890799541],[-74.182481561774637,4.6997743004436909],[-74.182481805586221,4.6997743552567322],[-74.182483864938376,4.6997748130572434],[-74.182486203896389,4.6997751182062988],[-74.182486231614973,4.6997751211536283],[-74.182488560298793,4.6997752249467624],[-74.182490714164572,4.6997751389397058],[-74.182495888576753,4.6997747241018093],[-74.182497949034072,4.6997748135314943],[-74.182498305056924,4.6997748125735788],[-74.182544944882224,4.6997741960434345],[-74.182549284696407,4.6997737857383175],[-74.182551587502843,4.699773273553487],[-74.182553837101324,4.6997725624291089],[-74.182556016367286,4.6997716559850691],[-74.182558108177105,4.6997705641712342],[-74.182560099011624,4.6997692924154997],[-74.182561969944729,4.6997678515725108],[-74.182563708359453,4.6997662524956487],[-74.182565303441891,4.699764507847016],[-74.182566738068701,4.6997626302894844],[-74.182568006834018,4.6997606333883342],[-74.182569095319195,4.6997585343277128],[-74.182569998118481,4.6997563475773037],[-74.18257070712265,4.6997540912244515],[-74.182571217827274,4.6997517797387776],[-74.182571518531248,4.6997495207345379],[-74.182571628151805,4.6997472436729835],[-74.182572031501195,4.6996840904282662],[-74.182572386600839,4.699647829472438],[-74.182754575324694,4.699634021494834],[-74.182754662809202,4.6996340167041994],[-74.182754775788197,4.6996340103792091],[-74.182762733125728,4.6996334165380516],[-74.183181566062757,4.6996030232790416],[-74.183313588452521,4.6995934643564556],[-74.18331364149924,4.6995934609884378],[-74.183479206854429,4.6995823788447098],[-74.183479277749214,4.6995823743746783],[-74.184570282824907,4.6995178179903458],[-74.184598205587534,4.6995162040344614],[-74.184619090876282,4.6995149953841517],[-74.184620184266052,4.6995332585992857],[-74.184620547068974,4.6995363422302301],[-74.18462105757105,4.6995386535603414],[-74.184621766356088,4.6995409106015531],[-74.184622669816306,4.6995430970769076],[-74.184623758935928,4.6995451967102637],[-74.184625026501919,4.6995471932252642],[-74.184626461695942,4.6995490703459177],[-74.184628056404122,4.6995508154132635],[-74.184629794400365,4.6995524139607925],[-74.184631666669873,4.699553855138344],[-74.184633656085509,4.699555126288157],[-74.184635748224864,4.6995562192736866],[-74.184637928665381,4.6995571250541532],[-74.184640177576796,4.6995578363980259],[-74.184642480537278,4.699558348786109],[-74.184644819519775,4.6995586586038689],[-74.184647175595671,4.6995587604284266],[-74.18464864474744,4.6995587213173726],[-74.184728538321707,4.6995543611241741],[-74.184731765003946,4.6995539889576916],[-74.184734068709233,4.6995534767655371],[-74.184736317403221,4.6995527647300541],[-74.184738497567011,4.6995518591834218],[-74.184740589372467,4.699550766458807],[-74.184742579300931,4.6995494946970719],[-74.184744451130328,4.6995480547524293],[-74.184746189539453,4.6995464556703421],[-74.184747783714514,4.6995447110169533],[-74.18474921923611,4.6995428325505708],[-74.184750487093552,4.699540836550038],[-74.184751576473175,4.6995387374860647],[-74.184752479265171,4.6995365498285873],[-74.18475318826205,4.699534293473663],[-74.18475369895944,4.6995319828908642],[-74.184754006853467,4.6995296361669805],[-74.184754110144368,4.6995272722927135],[-74.184754081111279,4.6995260243535926],[-74.184753581918002,4.6995151474264629],[-74.18475359259098,4.6995142123714517],[-74.18475364947416,4.6995094216593225],[-74.184758040933858,4.6995092938023042],[-74.184758820939678,4.6995092694459091],[-74.184760067837004,4.6995092087490988],[-74.184842370313376,4.6995029981604919],[-74.184842966323359,4.6995029588944188],[-74.186099952605801,4.6994361403776574],[-74.186198274480759,4.6994309135321997],[-74.186198538847876,4.6994327166789578],[-74.186198664262278,4.6994335585691145],[-74.186210398646153,4.6995153458728334],[-74.186211060030502,4.6995199550219802],[-74.186616564978451,4.7023439180786584],[-74.186616700308548,4.7023447599671124],[-74.186617210819406,4.702347071295403],[-74.186617919613752,4.7023493274298538],[-74.186618823084032,4.7023515148065469],[-74.186619912213985,4.7023536135320949],[-74.18662117979089,4.7023556100429929],[-74.186622614996182,4.70235748806342],[-74.186624208814308,4.7023592322216512],[-74.18662594772357,4.7023608316680159],[-74.186627819103208,4.7023622719356348],[-74.186629809431892,4.7023635439835374],[-74.186631901582658,4.702364636962753],[-74.186634080231642,4.7023655418325703],[-74.186636330956674,4.7023662531694175],[-74.186638633927899,4.7023667664549116],[-74.186640972019021,4.7023670753615434],[-74.18664332900596,4.7023671780832625],[-74.186643910361084,4.7023671716620257],[-74.189682802320021,4.7023016837461462],[-74.189686916813699,4.7023012788585206],[-74.189689219622466,4.7023007657457105],[-74.189691470122568,4.7023000545982283],[-74.189693648485431,4.7022991490363584],[-74.189695740290887,4.7022980562969705],[-74.189697731119111,4.7022967845211454],[-74.189699602043703,4.7022953436591965],[-74.18970134134922,4.7022937445647761],[-74.189702935517815,4.7022919999003152],[-74.189704370130201,4.7022901223285185],[-74.189705638879431,4.7022881263192007],[-74.189706727346731,4.7022860272479905],[-74.189707631027815,4.7022838395844895],[-74.189708339109885,4.7022815832251696],[-74.189708849792524,4.7022792717349269],[-74.189709158572356,4.7022769259134956],[-74.189709260945293,4.7022745611349572],[-74.189709158717065,4.7022721972936106],[-74.189708850087726,4.7022698506673812],[-74.189708648926995,4.7022688206944254],[-74.189077644204787,4.6993446226955555],[-74.189075737409439,4.6993358322341585],[-74.189075526336453,4.6993348049753809],[-74.189064261409627,4.6992826029541108],[-74.189062813719417,4.6992758959421028],[-74.189063249079425,4.6992760269969258],[-74.189080114160021,4.6992843412075143],[-74.189095365400007,4.6992953532232153],[-74.18910858093173,4.6993087583604476],[-74.189119385744988,4.6993241813918782],[-74.189127485940304,4.6993411946276753],[-74.189132964538118,4.6993604193133169],[-74.189139041666238,4.6993912968007008],[-74.189140159046175,4.6993953207870733],[-74.189141062520264,4.6993975081605672],[-74.189142151652874,4.6993996068822623],[-74.189143419231272,4.6994016033887007],[-74.189144854437004,4.6994034814041044],[-74.189146449155672,4.6994052255565233],[-74.189148187161749,4.6994068249969034],[-74.189150059439712,4.6994082652578495],[-74.189152048862965,4.69940953729889],[-74.189154141008615,4.6994106302706919],[-74.189156321453993,4.6994115351325663],[-74.189158570369202,4.6994122464618195],[-74.189160873332298,4.699412759739185],[-74.189163212315833,4.6994130686374458],[-74.189165568391672,4.6994131713509901],[-74.189167925336179,4.6994130687867566],[-74.189170264221232,4.6994127591391699],[-74.189170806801854,4.6994126577698578],[-74.189247735936689,4.699397417819358],[-74.189251746647258,4.6993962958359408],[-74.189253925903103,4.6993953902754297],[-74.189256017700728,4.6993942975374638],[-74.189258008521648,4.6993930257629009],[-74.189259879439575,4.699391584902223],[-74.189261617837772,4.6993899858090904],[-74.189263212902333,4.6993882411454777],[-74.189264647510157,4.6993863635745177],[-74.189265916255493,4.6993843666616675],[-74.18926700471981,4.6993822675909973],[-74.189267908398904,4.6993800808322694],[-74.189268616479666,4.6993778244731974],[-74.189269127161921,4.699375512983111],[-74.189269435040842,4.6993731671618786],[-74.189269538316367,4.6993708023829939],[-74.189269435189019,4.6993684385414873],[-74.189269127463945,4.699366091914694],[-74.189269025527565,4.699365546634005],[-74.189266018081852,4.6993502679482724],[-74.189314071742757,4.6993421359496663],[-74.189314575567806,4.6993420436295636],[-74.189507068881525,4.6993049533294684],[-74.189507942234471,4.6993047696148764],[-74.189543106087115,4.6992967780305275],[-74.18954750168129,4.6992957789692662],[-74.189550774232004,4.6992948135479091],[-74.189552954388432,4.6992939079863785],[-74.189555046185276,4.6992928152475058],[-74.189557036104034,4.699291543472266],[-74.18955890792239,4.6992901026105978],[-74.189560646319634,4.6992885035166987],[-74.189562240481905,4.6992867588526641],[-74.189563675990044,4.6992848812808798],[-74.189564943832963,4.699282884367646],[-74.189566033197764,4.6992807862007417],[-74.18956693597427,4.6992785985374299],[-74.189567644955332,4.6992763421779937],[-74.189568155636479,4.699274030687663],[-74.189568463514405,4.6992716848663214],[-74.189568566788907,4.6992693200873923],[-74.189568317436894,4.6992656459289561],[-74.18956115885004,4.699213110471427],[-74.189561474986547,4.6992116834244264],[-74.189561781963178,4.6992093376032251],[-74.189561885237708,4.6992069728242898],[-74.189561782109337,4.6992046089828916],[-74.18956147438341,4.6992022623561613],[-74.189561217301417,4.6992009791861484],[-74.189557475064746,4.6991844038438995],[-74.190596224511168,4.6991103035915724],[-74.190781570442283,4.6990970832792485],[-74.190823957423248,4.6990943779387795],[-74.1913688911702,4.6990596114979963],[-74.191374536605551,4.6990593924770412],[-74.191419155587454,4.6990573136416645],[-74.191419201327008,4.6990573119197814],[-74.191463615022627,4.6990559887383725],[-74.191508006795758,4.699055464816861],[-74.191508324045017,4.6990554588953337],[-74.191510359415531,4.6990553068569856],[-74.191512704076501,4.6990550509119444],[-74.191514479028243,4.6990546697690156],[-74.191515006564657,4.6990545429670769],[-74.191538207808222,4.6990488051239803],[-74.191671211309156,4.6990403177742746],[-74.191671339126202,4.6990403101335243],[-74.191671469384644,4.6990403029744137],[-74.191733728792897,4.6990369304405553],[-74.191778152436328,4.6990367252555041],[-74.191779040151758,4.6990367062446907],[-74.191823968314722,4.6990350185082859],[-74.191824068347842,4.699035015167734],[-74.19186910130324,4.6990336985659509],[-74.191870305027351,4.6990336366941703],[-74.191915012031828,4.6990303253253716],[-74.191959734868391,4.6990285229197672],[-74.192005047021496,4.699026891869134],[-74.192050456382631,4.6990250958067259],[-74.192095814439782,4.6990231688625332],[-74.192096000941518,4.6990231604273074],[-74.192096189431268,4.6990231505928914],[-74.192141420882848,4.6990205991531466],[-74.192186677141706,4.6990182277463086],[-74.19223211211029,4.6990157999610922],[-74.192277509107939,4.6990129460253112],[-74.192277637244587,4.6990129370545874],[-74.192277765518924,4.6990129274587513],[-74.19232305441642,4.699009650284137],[-74.192368408721592,4.6990062039081124],[-74.192413608596809,4.6990024522829072],[-74.192458699993807,4.6989988287202156],[-74.192503805337807,4.6989951167771737],[-74.192548827170285,4.6989913018632103],[-74.192549058272419,4.6989912813002803],[-74.192549290296228,4.6989912586442344],[-74.192593515370802,4.6989867428752534],[-74.192637853747073,4.6989843566509899],[-74.192727890459096,4.6989798356868278],[-74.192728934375424,4.698979762553618],[-74.192778206343803,4.6989753049165648],[-74.192779044373964,4.6989752497835422],[-74.192872792827956,4.6989757576504703],[-74.192898739229776,4.6989758980451048],[-74.192914998460182,4.6990432969498643],[-74.192915870515733,4.6990461932998517],[-74.192916773099668,4.6990483806683763],[-74.192917862242879,4.699050479383911],[-74.19291913073252,4.6990524758831542],[-74.192920565947432,4.6990543538905447],[-74.192922159773133,4.6990560980343314],[-74.192923898688051,4.6990576974649931],[-74.192925770071241,4.6990591377157287],[-74.192927760401403,4.6990604097456936],[-74.192928049750876,4.6990605607170366],[-74.192937704177311,4.6991010856235356],[-74.192938593370542,4.6991040570281086],[-74.192939495954619,4.699106244396563],[-74.192940585097972,4.6991083431120861],[-74.192941853587811,4.6991103396112592],[-74.19294328880288,4.6991122176186204],[-74.192944883530274,4.6991139626664742],[-74.192946621543911,4.6991155611929427],[-74.192948492927414,4.6991170023479105],[-74.192950483257647,4.6991182734734931],[-74.192952503088279,4.6991193285099069],[-74.19295294370076,4.6991213765460449],[-74.192953964653739,4.6991249287725143],[-74.19295414550237,4.6991253666641093],[-74.192954224421797,4.6991256286898535],[-74.192954407547859,4.6991260011586871],[-74.19295486757305,4.6991271150244058],[-74.192955956652014,4.6991292149414088],[-74.192956093521161,4.6991294303403706],[-74.192956184138453,4.6991296146512589],[-74.192956419721128,4.6991299437005232],[-74.192957224696087,4.6991312105369651],[-74.192958663810231,4.6991330855854834],[-74.192958774160132,4.6991332221107678],[-74.192960253612782,4.6991348330062124],[-74.192961805557545,4.6991362597682889],[-74.192961913726691,4.699136363452511],[-74.192961994818191,4.6991364293020181],[-74.192963864390762,4.6991378727147204],[-74.192965331344553,4.6991388104509708],[-74.192965528242269,4.6991389436376334],[-74.192965853691135,4.6991391443560948],[-74.192967946413532,4.6991402370323643],[-74.192969281036554,4.6991407922531616],[-74.192969512281522,4.6991409057428672],[-74.192969661844856,4.6991409506744564],[-74.192970125470865,4.6991411435489683],[-74.192972375574612,4.6991418549127859],[-74.192973518602827,4.6991421093157522],[-74.192973766133676,4.6991421836786023],[-74.192973970188902,4.6991422098249833],[-74.192974678738366,4.6991423675263118],[-74.192977016975718,4.6991426759937722],[-74.192977916275069,4.6991427154518117],[-74.192978171778307,4.6991427481903658],[-74.192978438032469,4.6991427383446371],[-74.192979374098783,4.6991427794158298],[-74.192982610583655,4.6991425841590502],[-74.193056408655522,4.6991336539674027],[-74.193057287000968,4.699133544152037],[-74.19305749255625,4.6991335083334],[-74.19305874646389,4.6991333338363956],[-74.193061049627701,4.6991328221221016],[-74.193061607754132,4.6991326453783548],[-74.19306177385748,4.6991326105465294],[-74.193062001353425,4.6991325207359464],[-74.193063298832143,4.6991321098590264],[-74.193065478788753,4.6991312042417137],[-74.193065920278954,4.699130973626704],[-74.193066037059239,4.6991309275243038],[-74.193066213816508,4.6991308202956246],[-74.193067570611845,4.6991301115655295],[-74.193069559912175,4.6991288399240831],[-74.193069952121704,4.6991285455302032],[-74.193070110041972,4.6991284164219937],[-74.193071431401378,4.6991273992101839],[-74.193073170690241,4.6991258002155885],[-74.193073413621775,4.6991255428451018],[-74.193073555983318,4.6991253783935782],[-74.193074764288866,4.6991240555307803],[-74.193076200506184,4.6991221777463501],[-74.193076319892185,4.6991219999423546],[-74.193076436364052,4.6991218063957234],[-74.193077468550285,4.6991201812514642],[-74.193078557376424,4.6991180820888747],[-74.193078588549625,4.6991180183191181],[-74.193078659265836,4.6991178358943895],[-74.193079459649283,4.6991158959818859],[-74.193080152042825,4.6991137102749541],[-74.193080169660078,4.6991136387647989],[-74.193080680029283,4.6991113283252206],[-74.193080920811354,4.6991094907779534],[-74.193080973130805,4.6991092016867091],[-74.193080981439934,4.6991089810342412],[-74.193081091019479,4.6991066167770281],[-74.19308101394499,4.6991046189491739],[-74.193080990491097,4.6991042523804145],[-74.193078399753929,4.6990680569253787],[-74.193078572761635,4.6990677837948125],[-74.193082084241354,4.6990641011021337],[-74.193087667877364,4.6990622081980309],[-74.193103661099812,4.6990611544670911],[-74.193259353688731,4.6990508980022128],[-74.193260041787511,4.6990530903532592],[-74.193260944372369,4.6990552768169849],[-74.193262033516746,4.6990573764362642],[-74.193263302007395,4.6990593729347969],[-74.193264737223046,4.6990612500371958],[-74.193266331951079,4.6990629950842591],[-74.193268069965427,4.6990645945142537],[-74.193269941349342,4.699066034764031],[-74.193271931680115,4.6990673067930171],[-74.193274023830682,4.6990683988480635],[-74.193276203378858,4.6990693046014007],[-74.193278452296795,4.6990700159172976],[-74.193280756162764,4.699070529180843],[-74.193283095146626,4.6990708380653006],[-74.19328545122157,4.6990709407649645],[-74.193287074496013,4.6990708916627408],[-74.193309567686057,4.6990695350836829],[-74.193312639334508,4.6990691719463911],[-74.193314943031098,4.69906865882181],[-74.193317191714328,4.6990679476631581],[-74.193319371864916,4.6990670420899532],[-74.193321463654968,4.6990659493399098],[-74.193323453565995,4.6990646775541185],[-74.193325325375795,4.6990632366825551],[-74.193327063763803,4.6990616384837969],[-74.193328657915984,4.6990598938113566],[-74.19333009341328,4.6990580153278101],[-74.193331361245086,4.6990560193122759],[-74.193332450597921,4.699053920235416],[-74.193333353362362,4.6990517325675603],[-74.193334062331033,4.699049476204519],[-74.19333457299966,4.6990471656160642],[-74.193334735020969,4.6990459319130888],[-74.193839216046086,4.699012698111753],[-74.193896075625574,4.6990103787350375],[-74.193924556130781,4.6990338580780326],[-74.193924575743949,4.6990338745007447],[-74.193959392586422,4.6990635426872034],[-74.193959427119069,4.6990635707529256],[-74.193961336646325,4.6990650474141002],[-74.193962194526748,4.699065595806065],[-74.193962707439212,4.6990659706697846],[-74.19396309062131,4.6990661686258992],[-74.193963325946683,4.6990663190554578],[-74.19396541866908,4.6990674117317655],[-74.193965818727889,4.6990675779963524],[-74.193966318565145,4.6990678362179326],[-74.193966939086749,4.6990680436180901],[-74.193967597726427,4.6990683173490781],[-74.193969849885093,4.6990690225237914],[-74.193970173483891,4.6990691246674148],[-74.193970619024071,4.6990692003568828],[-74.193972150993929,4.699069541326323],[-74.193974180377523,4.6990698072130881],[-74.193974489231266,4.6990698497938075],[-74.193976846354346,4.699069953215834],[-74.1939782483974,4.6990699019545339],[-74.193979202578078,4.6990698587870483],[-74.19410945119597,4.6990630761102752],[-74.194112743808034,4.6990627001835215],[-74.194113776467475,4.6990624702554564],[-74.194114012472639,4.6990624371983545],[-74.194114213661322,4.69906237291152],[-74.194115046072454,4.6990621875699636],[-74.194117296176216,4.6990614762062295],[-74.194118214996294,4.6990610943441853],[-74.194118399929906,4.6990610352513427],[-74.194118570350497,4.6990609466587721],[-74.194119475233521,4.6990605705889736],[-74.194121567955975,4.6990594779126269],[-74.194122317987464,4.6990589984621192],[-74.194122486706988,4.6990589107538367],[-74.194122654294361,4.6990587834811555],[-74.194123557256319,4.6990582062713164],[-74.194125428745494,4.6990567655573532],[-74.194125986027359,4.6990562532268854],[-74.194126154817894,4.6990561250404319],[-74.194126332860648,4.6990559343698202],[-74.194127168034342,4.6990551665627809],[-74.19412876163301,4.6990534209786565],[-74.194129133167223,4.6990529354483321],[-74.194129298363563,4.6990527585352284],[-74.194129478759152,4.6990524838200685],[-74.194130197850313,4.6990515440935754],[-74.194131464995039,4.6990495475985936],[-74.194131683830378,4.6990491258300375],[-74.194131826589285,4.699048908429865],[-74.194131983655879,4.6990485479665942],[-74.194132554074059,4.6990474485809539],[-74.194133456993399,4.6990452614297258],[-74.194133563879305,4.6990449213998504],[-74.194133666504669,4.6990446858775758],[-74.194133768607173,4.6990442701108739],[-74.194134166558499,4.6990430041314255],[-74.194134677373441,4.6990406937730596],[-74.194134712295863,4.6990404273618056],[-74.194134764991077,4.6990402127841993],[-74.194134793853962,4.6990398051831335],[-74.19413498494157,4.6990383474418636],[-74.194135087464289,4.699035983124209],[-74.194135078742704,4.6990357819934125],[-74.194135090334939,4.6990356182887778],[-74.194135057271311,4.6990352868326646],[-74.194134984941542,4.6990336188065509],[-74.194134677373413,4.6990312724752821],[-74.194134628402082,4.699031036125036],[-74.1941353865531,4.6990304552486872],[-74.194137124939004,4.699028856143646],[-74.194138719990391,4.6990271114691637],[-74.194140155485528,4.6990252338883582],[-74.19414142331479,4.6990232369671148],[-74.194142512665181,4.6990211378890621],[-74.194143415427149,4.699018951124498],[-74.194144123491796,4.6990166947608776],[-74.194144635058919,4.6990143832674471],[-74.194144942019932,4.6990120365402515],[-74.194145045279129,4.6990096726653414],[-74.194144942135267,4.6990073079206161],[-74.19414463439432,4.6990049622006396],[-74.194144335813149,4.6990034981780786],[-74.194139058407558,4.6989808398487796],[-74.194334196484633,4.6989694192390585],[-74.195188204887529,4.6989194320197081],[-74.19518864382681,4.6989194030077588],[-74.195220395221455,4.6989170247463692],[-74.19523163912811,4.6989433327449985],[-74.19523307361456,4.6989462063892216],[-74.195234341209186,4.6989482028842176],[-74.195235776429911,4.6989500808867142],[-74.195237371162364,4.6989518250249338],[-74.195239109180775,4.6989534244498143],[-74.195240981469752,4.6989548655984033],[-74.195242970902171,4.6989561367175199],[-74.195245063055509,4.6989572296709046],[-74.195247243507012,4.6989581354178922],[-74.19524949242647,4.6989588467273782],[-74.195251795391869,4.6989593590802832],[-74.195254134376214,4.6989596688623267],[-74.19525649045076,4.6989597706509985],[-74.195258847392367,4.6989596680662942],[-74.195261186272901,4.6989593593025862],[-74.195262866279123,4.6989590063392477],[-74.195402754851258,4.6989249572536851],[-74.195403866734011,4.6989282424116157],[-74.195404062415363,4.6989288039529642],[-74.1954045827014,4.6989301304828013],[-74.195413868207822,4.6989520673912351],[-74.195415339663668,4.6989550269379565],[-74.19541660816013,4.6989570234324542],[-74.19541804338138,4.6989589014345974],[-74.195419638114274,4.6989606455723294],[-74.195421376133169,4.6989622449967596],[-74.195423247521205,4.6989636861449711],[-74.195425237855247,4.6989649572634651],[-74.195427330008883,4.6989660502162556],[-74.195429509559347,4.6989669559628027],[-74.195431758478961,4.6989676672717131],[-74.195434062345839,4.6989681796238285],[-74.195436382408744,4.6989685264851184],[-74.195436774524069,4.6989687642514175],[-74.195439366913618,4.6989698679712406],[-74.195441615833246,4.69897057928008],[-74.195443919700125,4.6989710916321581],[-74.195446258684584,4.6989714014136075],[-74.195448614759229,4.6989715032016974],[-74.195450970799456,4.6989714006163856],[-74.19545336375765,4.698971081895615],[-74.195464715571362,4.6989690262944936],[-74.195490117957121,4.6989875385782076],[-74.195492488695649,4.6989890836369685],[-74.195494580849399,4.698990176589545],[-74.195496761301186,4.6989910814314655],[-74.195499010220942,4.6989917927401219],[-74.195501313186782,4.6989923059964731],[-74.195503652171155,4.6989926148734433],[-74.195506008246042,4.6989927175655977],[-74.195508365187678,4.6989926149799617],[-74.195510704068028,4.6989923053112062],[-74.195512391284637,4.6989919514416689],[-74.195572245671727,4.6989773647884299],[-74.195575110830134,4.6989764943601466],[-74.195577290977354,4.6989755887799811],[-74.195579382763583,4.6989744969275753],[-74.195581372670105,4.6989732251353953],[-74.195583244474861,4.698971784257961],[-74.195584982857255,4.6989701851493919],[-74.195586577003496,4.6989684404718499],[-74.195588012494611,4.6989665628881507],[-74.195589280319581,4.6989645659643715],[-74.195590369665453,4.6989624668841516],[-74.195591272422789,4.6989602801178343],[-74.195591981384055,4.6989580237526827],[-74.195592492045023,4.6989557122584662],[-74.195592799902613,4.6989533664349423],[-74.195592903156793,4.698951001655602],[-74.195592799106919,4.6989486378156959],[-74.195592492262293,4.698946291192013],[-74.195591965491019,4.6989439210935844],[-74.195584174099295,4.6989150063045617],[-74.195583480612342,4.6989128080526834],[-74.195582578020534,4.6989106215921419],[-74.195581488869522,4.6989085219765965],[-74.195580220372719,4.6989065254824087],[-74.195578785151127,4.6989046474806306],[-74.195577190418007,4.698902903343261],[-74.195575452398927,4.6989013039191514],[-74.195573581010905,4.6988998636757149],[-74.195571590676579,4.698898591653367],[-74.195569515649623,4.6988975077411252],[-74.195557312582068,4.698891787355385],[-74.195796782855609,4.6988738487253876],[-74.195995096544934,4.6988589925566995],[-74.196061794469315,4.6988539975832442],[-74.197620212356682,4.6987372560019072],[-74.197655702148893,4.6988073907485539],[-74.197656392828193,4.698808668685146],[-74.19765765997299,4.6988106642807592],[-74.197659096190279,4.6988125420651832],[-74.197660689788933,4.6988142876493599],[-74.197662429077809,4.6988158866439091],[-74.197664300566998,4.6988173273578155],[-74.197666289867342,4.6988185989991811],[-74.197668382589754,4.6988196916754976],[-74.19767056164703,4.6988205972927686],[-74.197672811750778,4.698821308656572],[-74.197675114914603,4.6988218212701334],[-74.197677453151925,4.6988221297375574],[-74.197679810274948,4.698822233159615],[-74.197682191679746,4.6988221279389393],[-74.197771965603678,4.6988141644422088],[-74.197774279559312,4.6988138577733656],[-74.197776582723051,4.6988133460591737],[-74.197778831927494,4.6988126337961242],[-74.197781011884132,4.6988117281788204],[-74.197783103707252,4.6988106355024843],[-74.197785093007624,4.6988093638611153],[-74.197786964496771,4.698807923147184],[-74.197788703785562,4.6988063241525921],[-74.197790297384316,4.6988045794678586],[-74.197791733601605,4.6988027016834266],[-74.19779300074633,4.6988007051884253],[-74.197794090724628,4.6987986061708122],[-74.197794992744676,4.6987964199189065],[-74.197795702309733,4.6987941626205565],[-74.197796213124718,4.6987918522622252],[-74.197796520692862,4.6987895050317263],[-74.197796624114844,4.6987871407140851],[-74.197796520692833,4.6987847763963613],[-74.197796213124704,4.6987824300651573],[-74.197795641155878,4.6987798930776234],[-74.197780512972813,4.6987252476321526],[-74.19888399144611,4.6986425833249656],[-74.198944136741545,4.6986429770758322],[-74.199023134034405,4.6986430437940543],[-74.199068256009156,4.6986429590615773],[-74.199068709373435,4.6986429544609667],[-74.199136333551593,4.6986416856800366],[-74.199136859019731,4.6986416702151876],[-74.199181901393601,4.6986399459815678],[-74.199182166380425,4.6986399350835981],[-74.199249712700237,4.6986366840654226],[-74.199250259797097,4.6986366514148283],[-74.199272783569498,4.6986351083514473],[-74.199295301923641,4.6986335065084548],[-74.199344371998336,4.6986300163543762],[-74.199344917290503,4.6986299719480176],[-74.199430599213329,4.6986221247698987],[-74.199430924585229,4.6986220939665984],[-74.199525111045517,4.6986123164037199],[-74.199610165527673,4.6986038037438203],[-74.199610514332988,4.6986037675104448],[-74.199698163473315,4.698593843667326],[-74.199698462780376,4.698594235179554],[-74.199700056621651,4.6985959802117643],[-74.199701794648931,4.6985975787210439],[-74.199703666044471,4.6985990198575873],[-74.199705656384921,4.6986002909636593],[-74.199707748543773,4.6986013839034744],[-74.199709928098272,4.6986022896365727],[-74.199712177020743,4.6986030009315174],[-74.199714480889142,4.6986035132694566],[-74.199716819873885,4.698603823036569],[-74.199719175947664,4.6986039257145142],[-74.199721264296841,4.6986038448651541],[-74.199804610223111,4.698597368075065],[-74.199807217690264,4.6985970375458113],[-74.199809520478851,4.6985965253043203],[-74.199811770054637,4.6985958132204955],[-74.19981395019488,4.6985949076271938],[-74.199816041972909,4.6985938148579525],[-74.199818031870521,4.6985925439582541],[-74.199819903665315,4.6985911030695808],[-74.199821642036852,4.6985895039507088],[-74.199823235270173,4.698587759263944],[-74.199824671650248,4.6985858816716455],[-74.199825652019385,4.6985843369441609],[-74.199941221853635,4.6985769782103421],[-74.200230282597005,4.6985589868496866],[-74.200527014684027,4.6985421949349409],[-74.200794156878601,4.6985283878173707],[-74.201148097799631,4.6985074012938375],[-74.201274239654552,4.6985025851830393],[-74.201271971462504,4.698551050081246],[-74.201271941943261,4.6985523224456509],[-74.201272045110827,4.6985546862844174],[-74.201272352875492,4.698557032904997],[-74.201272863431313,4.698559344221648],[-74.201273572268292,4.698561600340426],[-74.201274474877337,4.6985637876974735],[-74.201275564044423,4.6985658863993427],[-74.20127683255653,4.6985678828827888],[-74.20127826869367,4.6985697608722967],[-74.20127986163736,4.6985715059009294],[-74.201281600569445,4.6985731044060151],[-74.201283471968026,4.6985745455382579],[-74.201285462311333,4.6985758175440679],[-74.20128755357095,4.6985769095749585],[-74.201289734028592,4.6985778153028788],[-74.201291982952426,4.69857852659272],[-74.201294285920639,4.6985790398298608],[-74.201297713715547,4.6985794217428802],[-74.201335527191347,4.6985812028413463],[-74.201336795356625,4.6985812324581726],[-74.20133915139435,4.6985811307574066],[-74.201341491171618,4.6985808210690481],[-74.201343793958742,4.6985803079181876],[-74.201346043532951,4.6985795967337269],[-74.201348222769724,4.6985786911358947],[-74.201350314545209,4.6985775983621139],[-74.201352305341203,4.6985763274579115],[-74.201354176231348,4.6985748865653987],[-74.201355914599247,4.6985732874428123],[-74.201357508729927,4.6985715427524619],[-74.201358945105824,4.6985696651570814],[-74.201360212913414,4.6985676682232418],[-74.201361302241253,4.6985655691344927],[-74.20136220497993,4.6985633823611126],[-74.201362913922097,4.6985611259905875],[-74.201363424563723,4.6985588144925945],[-74.201363806117399,4.6985553762516741],[-74.20136395966378,4.6985520917834318],[-74.201406109225857,4.6985528972654338],[-74.201406622980159,4.6985529016956304],[-74.201408979918952,4.6985527990901055],[-74.201411318794754,4.6985524894016146],[-74.201413621581906,4.6985519771549047],[-74.201415871155945,4.6985512659702247],[-74.201418051293828,4.698550360372014],[-74.201420143069143,4.698549267598005],[-74.201422132963415,4.6985479957894656],[-74.201424004754685,4.6985465548966321],[-74.201425743122343,4.6985449557738788],[-74.201427336351514,4.698543211083531],[-74.201428772727127,4.6985413334880359],[-74.201430040534618,4.6985393374583584],[-74.2014311298622,4.6985372383694788],[-74.201432032600465,4.6985350506917287],[-74.201432741542376,4.6985327943211113],[-74.201433252183733,4.6985304828230943],[-74.201433550127803,4.6985282545590108],[-74.201433662396369,4.6985260082418643],[-74.201433915033817,4.6984968634922053],[-74.201445459996407,4.6984964959579703],[-74.201446458795488,4.6984972652996735],[-74.201448449138695,4.6984985364007255],[-74.201450540398483,4.6984996293354175],[-74.201452720856082,4.6985005350628359],[-74.201454969779803,4.6985012463521745],[-74.201457272747689,4.6985017586844835],[-74.201459612634068,4.6985020684455971],[-74.201461968707562,4.698502171117636],[-74.201463450473554,4.6985021301604224],[-74.201486083347248,4.6985008836188777],[-74.201511427370775,4.6984994882881281],[-74.201545219401723,4.6984976266399636],[-74.201553136535964,4.6984971902599595],[-74.201552809500996,4.6985133077718366],[-74.201551694380996,4.6985683540075138],[-74.201551689070399,4.698568904731073],[-74.20155179314041,4.6985712694739137],[-74.201552100004477,4.6985736151902051],[-74.201552611462603,4.6985759265064591],[-74.201553319399267,4.6985781835293832],[-74.201554222910417,4.698580369981574],[-74.201555312078469,4.6985824695873299],[-74.201556579690092,4.6985844660703773],[-74.20155801582797,4.6985863440593088],[-74.201559609673552,4.6985880881828157],[-74.201561347705109,4.6985896875916451],[-74.201563220005482,4.698591127818645],[-74.201565209448006,4.6985923998237702],[-74.2015673016096,4.6985934927579693],[-74.201569481166132,4.6985943975808357],[-74.201571730991759,4.6985951097739607],[-74.201574033960057,4.6985956221058833],[-74.201576311654406,4.6985959255474583],[-74.201578608241988,4.6985960336555372],[-74.201664525027581,4.6985964198718841],[-74.201666942355033,4.69859631725474],[-74.201669281230835,4.6985960075653921],[-74.201671584017916,4.6985954953178251],[-74.201673833591784,4.6985947841322941],[-74.201676013729482,4.698593878533293],[-74.201678105504485,4.6985927857585308],[-74.20168009539843,4.6985915139492604],[-74.201681967189245,4.6985900730557573],[-74.201683705556434,4.6985884739323334],[-74.201685298785009,4.698586729241419],[-74.20168673516001,4.698584851645415],[-74.201688002966847,4.6985828556153182],[-74.201689092293662,4.6985807565260176],[-74.201689995031174,4.6985785688479753],[-74.201690703972318,4.6985763124771314],[-74.201691214612822,4.6985740009789367],[-74.201691520650854,4.6985716759525591],[-74.201691625690927,4.698569332875862],[-74.201691640218669,4.6985597481294077],[-74.201702476815356,4.6985597642851449],[-74.201704853583223,4.6985596616750955],[-74.201707193360193,4.6985593519854847],[-74.201709496147089,4.6985588397377791],[-74.201711745720843,4.6985581285521656],[-74.201713924957033,4.6985572229531574],[-74.201716016731865,4.6985561301783223],[-74.201718007526978,4.6985548583687988],[-74.20171987841627,4.6985534174753081],[-74.201721616783274,4.6985518183518336],[-74.201723210913016,4.6985500736606882],[-74.201724647287818,4.6985481960645812],[-74.201725915094499,4.698546200034408],[-74.201727004421144,4.698544100945055],[-74.201727907158499,4.6985419132669541],[-74.201728616099444,4.6985396568961111],[-74.201729126740005,4.6985373463021505],[-74.201729430977664,4.6985350348407087],[-74.201729537822629,4.6985327053282671],[-74.201729654197962,4.6984874691868157],[-74.202000103092828,4.6984725740427278],[-74.202248926771077,4.6984588691136944],[-74.202249189954145,4.6984588527890887],[-74.202414001952334,4.6984481551779487],[-74.203018242859002,4.698408933599894],[-74.203286172278496,4.6983928637180181],[-74.203594740937064,4.6983743556094542],[-74.203595064507653,4.6983743338476307],[-74.204286307017412,4.6983245340403181],[-74.20463270915009,4.6983091791438341],[-74.20463303632684,4.69830916280665],[-74.204723328868383,4.6983039330110028],[-74.204947237126206,4.6982899440982546],[-74.205725117358028,4.6982413451282046],[-74.206015927578235,4.6982253296766165],[-74.206037145370857,4.6982241619232683],[-74.20641122150063,4.6982035614926847],[-74.206888998858219,4.6981766286639512],[-74.206889339553669,4.6981766068973432],[-74.206923471254385,4.6981742484621529],[-74.206926759232445,4.698174020870959],[-74.206931952579438,4.698173661801671],[-74.206960011254694,4.6981717240900887],[-74.206990384493125,4.6981696258853116],[-74.206990903647522,4.6981695896166533],[-74.206991284000253,4.6981695633211338],[-74.207038597355947,4.6981662963172619],[-74.207753185027073,4.6981196366371751],[-74.208222589420188,4.6980902402271161],[-74.208904867180664,4.6980480427527009],[-74.209341800756505,4.6980249899922342],[-74.209342101794292,4.6980249718491622],[-74.209698836738099,4.6980021402069694],[-74.209803323813574,4.6979954538441744],[-74.210212036367039,4.6979692959853114],[-74.210874100096234,4.6979327993745459],[-74.211320993797429,4.6979039712865314],[-74.211349097411244,4.6979022332594322],[-74.211357126571755,4.6979657664730929],[-74.211357322282524,4.6979670651280037],[-74.21135783309748,4.6979693754863741],[-74.211358015229891,4.6979699556289338],[-74.211358079356046,4.69797025803976],[-74.211358225187865,4.6979706244036947],[-74.211358541763275,4.6979716327847019],[-74.2113594446826,4.6979738190366209],[-74.211359668924729,4.6979742514109866],[-74.211359777419375,4.6979745239751018],[-74.211359994186637,4.6979748785675577],[-74.211360533761564,4.6979759189535466],[-74.211361801805637,4.6979779145491456],[-74.211362043113539,4.6979782302452282],[-74.211362172221101,4.6979784414420953],[-74.211362428815548,4.6979787348478581],[-74.211363237123635,4.6979797923335713],[-74.211364830722317,4.6979815370184204],[-74.211365079173547,4.6979817654290814],[-74.211365194822406,4.69798189766904],[-74.211365437580568,4.6979820949263384],[-74.211366570011137,4.697983136012974],[-74.211368441500298,4.6979845767269142],[-74.211368677554375,4.6979847276222673],[-74.211368761369101,4.6979847881900278],[-74.21137043080067,4.6979858483683223],[-74.211372523523082,4.6979869410445447],[-74.21137272417262,4.6979870245174205],[-74.211372760731876,4.6979870423390322],[-74.2113747025804,4.6979878475611585],[-74.211376952684162,4.697988558924945],[-74.211377084301702,4.6979885876344074],[-74.21137925584793,4.697989071538502],[-74.211381601032429,4.6979893777478772],[-74.211383951208333,4.6979894834280334],[-74.211386198815347,4.6979893892355413],[-74.211452717103569,4.6979838232238578],[-74.21145516582321,4.6979835047350393],[-74.21145668993087,4.6979831659782807],[-74.211456922406356,4.6979831275098283],[-74.211457041684838,4.6979830877954836],[-74.211457468087644,4.6979829930208119],[-74.211459718191406,4.6979822807576852],[-74.211460736003019,4.6979818577546917],[-74.211460966486968,4.6979817810139375],[-74.21146115048245,4.6979816854968393],[-74.211461897248725,4.6979813751404338],[-74.211463989971108,4.6979802824641324],[-74.211464581281874,4.6979799044743356],[-74.211464749466785,4.6979798171648728],[-74.211464952497508,4.6979796671782443],[-74.211465979271509,4.6979790108227295],[-74.211467850760627,4.6979775701088329],[-74.211468174048804,4.6979772804335935],[-74.211468332596212,4.6979771271390094],[-74.211469590049475,4.6979759711142135],[-74.211471166491052,4.6979742455770763],[-74.211471182585015,4.6979742256659698],[-74.211472619865503,4.6979723486450418],[-74.21147342658108,4.6979710781681403],[-74.211473642194804,4.6979707759557146],[-74.211473728656529,4.6979706024368646],[-74.211473887010243,4.6979703530494294],[-74.211474976089193,4.6979682531324363],[-74.211475348052787,4.6979673524915899],[-74.211475543137809,4.6979669609780021],[-74.211475649978865,4.6979666214334976],[-74.21147587900856,4.6979660668806025],[-74.21147658857366,4.6979638095821965],[-74.211476715000501,4.6979632367592448],[-74.211476822489047,4.6979628951570476],[-74.211476888500812,4.6979624506529234],[-74.211477098489226,4.6979614992238856],[-74.211477406956703,4.6979591528926674],[-74.211477418793564,4.697958879814065],[-74.211477448609287,4.697958679043623],[-74.211477444653482,4.6979582832212907],[-74.211477509479437,4.6979567876756807],[-74.211477406035698,4.6979544169839391],[-74.211474074368795,4.6979163042272587],[-74.211827253444184,4.697888849094725],[-74.212254500100073,4.697857247525306],[-74.212681591306904,4.697833694760825],[-74.213063644214515,4.6978126253803101],[-74.213462712167996,4.6977906172644399],[-74.213761176166699,4.6977741572901532],[-74.213953855805713,4.6977635314466673],[-74.214036263021569,4.697758986412004],[-74.214068053818423,4.6977594513460748],[-74.214088366956716,4.6977652538440013],[-74.214110082472047,4.6978001796145898],[-74.214112310834409,4.6978032590132868],[-74.214112652517045,4.6978036332829998],[-74.214112798033881,4.6978038288496995],[-74.214113056222317,4.6978040754906658],[-74.214113904433063,4.6978050045973694],[-74.214115642822591,4.6978066035919595],[-74.214115951185633,4.6978068409766802],[-74.214116087205554,4.6978069709131214],[-74.214116354094543,4.6978071511449073],[-74.214117514311795,4.6978080443059032],[-74.214119504511459,4.6978093159472625],[-74.214119748421297,4.6978094433550064],[-74.214119856903352,4.6978095166135709],[-74.214120096329424,4.6978096250868813],[-74.214121596334564,4.6978104086235337],[-74.214123776291217,4.6978113142408171],[-74.214123936598241,4.6978113649416802],[-74.214124001508338,4.6978113898252296],[-74.214126025495645,4.6978120256046099],[-74.214128329598694,4.6978125346178423],[-74.214128399930985,4.6978125484627977],[-74.214130621031302,4.6978128430883208],[-74.214132930688734,4.6978129501283137],[-74.214197247785393,4.6978131724514753],[-74.214199649394288,4.6978130688181254],[-74.214201614742564,4.6978128138062392],[-74.214201687071409,4.6978128001048649],[-74.214201988530931,4.697812760350657],[-74.214204291694656,4.6978122477371018],[-74.214205653688722,4.6978118169745562],[-74.214205867132009,4.6978117640723953],[-74.214205997260564,4.6978117083119093],[-74.214206540899127,4.697811536373381],[-74.214208720855765,4.6978106307560852],[-74.214209670281988,4.6978101344094538],[-74.214209893548642,4.6978100387389192],[-74.214210078921411,4.6978099207785098],[-74.214210812678786,4.6978095371804178],[-74.214212801979187,4.6978082655390949],[-74.21421338300695,4.6978078182509959],[-74.214213589247009,4.6978076870118857],[-74.214213813855736,4.6978074865740425],[-74.214214673468334,4.6978068248251628],[-74.214216412757182,4.6978052267299404],[-74.214216705293566,4.6978049062935696],[-74.21421685759303,4.6978047703835699],[-74.214217077752267,4.6978044983125811],[-74.214218006355821,4.6978034811457938],[-74.214219442573139,4.6978016033614027],[-74.214219523600917,4.6978014757526863],[-74.214219613126929,4.6978013651171624],[-74.214219783693721,4.6978010661388492],[-74.214220709717935,4.6977996077657567],[-74.214221779532267,4.6977975580228728],[-74.21422180115519,4.6977975092951318],[-74.214222701716267,4.6977953215969235],[-74.214223156100715,4.6977938760899756],[-74.214223312847579,4.6977934552784264],[-74.214223354028263,4.6977932464344914],[-74.214223411281338,4.6977930642985521],[-74.214223922096252,4.6977907539402093],[-74.214224073981114,4.6977895952630604],[-74.214224160295032,4.697789157530285],[-74.214224169958428,4.6977888630852132],[-74.214224229664396,4.6977884076090026],[-74.214224333086449,4.6977860432913729],[-74.214224303695119,4.6977847795641532],[-74.214222536719348,4.6977467563919557],[-74.214232317769188,4.6977462988121506],[-74.21450908805916,4.6977436369543142],[-74.214953914320688,4.6977772564118716],[-74.215171597032921,4.6978018597441977],[-74.215172825980233,4.6978019700938836],[-74.215318683758966,4.6978117218482982],[-74.215447455725069,4.697821711996105],[-74.215745058926515,4.6978823787364945],[-74.215745747668095,4.6978825099699639],[-74.215748085905361,4.6978828193367601],[-74.215749407169838,4.6978828768049219],[-74.215749709942543,4.6978829114823375],[-74.215749918152298,4.6978828990300139],[-74.21575044302844,4.6978829218593878],[-74.215752799252215,4.697882819336705],[-74.215754077589551,4.6978826502678679],[-74.215754382874934,4.6978826320097786],[-74.215754592347537,4.6978825821876313],[-74.215755138388886,4.6978825099699435],[-74.215757441552583,4.6978819982556601],[-74.215758630718696,4.6978816216785146],[-74.215758937111218,4.6978815488043359],[-74.215759147631985,4.6978814579858232],[-74.215759690757054,4.697881285992592],[-74.215761870713706,4.6978803803753149],[-74.215762938534439,4.6978798225928129],[-74.215763235474981,4.6978796944928689],[-74.215763436560962,4.6978795624456913],[-74.215763962536826,4.6978792876990871],[-74.215767148665805,4.6978771248789144],[-74.215779607050706,4.6978672884046171],[-74.216417219953897,4.6980322209850085],[-74.216417305918242,4.6980322452399292],[-74.216417494101421,4.6980323019539707],[-74.216418842815074,4.6980327036248131],[-74.216419696745945,4.6980329720108243],[-74.216783892603004,4.6981616595665061],[-74.216784155452672,4.6981617542550786],[-74.216784450669536,4.6981618654540904],[-74.216830707001932,4.6981797364657583],[-74.21683117337983,4.6981799154964143],[-74.21684591178996,4.6981856091685046],[-74.216909627552468,4.6982102211650911],[-74.21695917322721,4.6982552258980048],[-74.216959939449623,4.6982558958929843],[-74.216961810938798,4.698257336606857],[-74.216963800239171,4.6982586082482607],[-74.216965631258844,4.6982595777174305],[-74.217467975466647,4.6985011976721633],[-74.217867082899517,4.6987308197716127],[-74.218415264652691,4.699108702304839],[-74.220585463648192,4.7008285684836943],[-74.220588703905534,4.7008307736214139],[-74.22059079662786,4.7008318662976434],[-74.220592975685207,4.7008327719149348],[-74.220595225788998,4.7008334841780632],[-74.220597528952723,4.7008339958922614],[-74.220600315052479,4.7008343403325812],[-74.220696304174737,4.700841153076837],[-74.221295034005195,4.7013653855228066],[-74.221295233719772,4.7013655588000658],[-74.221295432016532,4.7013657266024644],[-74.221295919848657,4.701366130172099],[-74.221800778068371,4.7017713519759967],[-74.222220910817498,4.7021054344737507],[-74.222221076870369,4.702105565518047],[-74.222221242706709,4.7021056943119408],[-74.222639130334571,4.7024275120728367],[-74.222639160009848,4.7024275351505693],[-74.222842086415071,4.7025868932397845],[-74.223120699903632,4.7028076107741414],[-74.223428240641013,4.7030523435042655],[-74.223489695403032,4.7031003321501315],[-74.223492166842419,4.7031051669271289],[-74.223492809945185,4.7031063515769622],[-74.223494082525718,4.7031083447606417],[-74.223494185201517,4.7031084952550515],[-74.223495513307213,4.7031102249570269],[-74.223496404041398,4.7031112006426374],[-74.223496654290955,4.7031115051304333],[-74.223496819451441,4.7031116556713632],[-74.22349710690591,4.7031119705410971],[-74.22349884619473,4.7031135695357236],[-74.223499531519622,4.7031141274139943],[-74.223696643637908,4.7032693577385736],[-74.223696673578544,4.7032693815326816],[-74.223878590520982,4.7034152677963279],[-74.224204605637553,4.7036721863288147],[-74.224207788058919,4.7036743453947478],[-74.224207912549545,4.7036744103952568],[-74.224207989378357,4.7036744561159693],[-74.224209880781345,4.7036754380710937],[-74.224211380024869,4.7036760617761963],[-74.224211672060363,4.7036761995983456],[-74.224211810715005,4.7036762409490116],[-74.224212059838621,4.7036763445877261],[-74.224214309942383,4.7036770559514309],[-74.224215227029788,4.703677259788404],[-74.224215576837452,4.7036773641107157],[-74.224215898320281,4.7036774089932374],[-74.22421661220686,4.7036775676656699],[-74.224219612383493,4.7036779270087097],[-74.224303519058125,4.7036832166984599],[-74.224348871317616,4.7037228288874466],[-74.224348739958288,4.7037239484452975],[-74.224217315766111,4.7038067815874269],[-74.224214318407988,4.7038089715424132],[-74.224212579179664,4.7038105698165547],[-74.224210985095823,4.7038123145576227],[-74.22420954967366,4.7038141931024535],[-74.224208281923055,4.7038161891716888],[-74.224207192656948,4.7038182882941326],[-74.224206289984068,4.7038204750949282],[-74.224205580209869,4.7038227314865662],[-74.224205070542013,4.7038250429987123],[-74.22420476187763,4.7038273897363814],[-74.22420465962098,4.7038297536124318],[-74.224204761965879,4.7038321183496512],[-74.224205070710937,4.7038344640529317],[-74.224205580444874,4.7038367753503563],[-74.224206289360907,4.7038390323474477],[-74.224207192949038,4.7038412187677485],[-74.224208282192535,4.7038433183355792],[-74.224209549877386,4.7038453147749717],[-74.22421098518447,4.7038471927150249],[-74.224212579097212,4.7038489367844782],[-74.224214318093502,4.7038505361345031],[-74.224214927495439,4.7038510342784212],[-74.22432588858328,4.7039390613070609],[-74.224329140137399,4.7039412761698589],[-74.22433123234849,4.7039423681297539],[-74.224333411949374,4.7039432737842706],[-74.224335661813328,4.7039439859025727],[-74.224337964813728,4.7039444981581582],[-74.224340302923551,4.7039448078419595],[-74.224342659917824,4.7039449104358111],[-74.224345017770489,4.7039448077521087],[-74.224347355750524,4.7039444979866296],[-74.224349658536354,4.7039439856641847],[-74.224351909003417,4.7039432744055238],[-74.224354088224885,4.7039423687362385],[-74.224356180879667,4.7039412758939338],[-74.224357274951643,4.70394060647717],[-74.224506495776879,4.7038444310467922],[-74.224518751418358,4.7038457948652308],[-74.224636741350295,4.7039436130828838],[-74.224637905156243,4.7039445252811785],[-74.224794448737299,4.7040604820210365],[-74.224857055648258,4.7041107698614013],[-74.224879628719464,4.7041289027384812],[-74.225264951399396,4.704438406422657],[-74.22545409032675,4.7045903302609222],[-74.225454357164935,4.7045905427160131],[-74.225584563927754,4.7046924573832802],[-74.225771900115589,4.7048390895181784],[-74.225799267197715,4.7048605103012839],[-74.226183612701192,4.7051613449822831],[-74.226236956835891,4.7052030980263337],[-74.226300669018798,4.7052535636408175],[-74.226342137158738,4.7052864118068198],[-74.226348139221201,4.7052911644567974],[-74.226372357518528,4.7053103486377914],[-74.226480374835432,4.7053959071795939],[-74.226532805910793,4.7054374370315886],[-74.226539747319748,4.7054429337220034],[-74.226568822811615,4.7054659664836747],[-74.226589385611504,4.7054822522364663],[-74.22694894449117,4.705767053017313],[-74.226982268720832,4.705793560998055],[-74.227193074324958,4.7059612453401183],[-74.227236265312655,4.7059956005559824],[-74.227323330958285,4.7060651767064572],[-74.227320245432963,4.7061177413407584],[-74.227320207661393,4.7061185093618274],[-74.227320148306148,4.7061201056584059],[-74.227320250828853,4.7061224708753668],[-74.227320558397011,4.7061248172065993],[-74.227321069211939,4.7061271275648977],[-74.227321778777011,4.7061293848633134],[-74.22732268169635,4.7061315711151819],[-74.227323770775328,4.7061336710321564],[-74.227325037920124,4.7061356666277749],[-74.227326474137442,4.7061375444121873],[-74.227328067736096,4.706139289096968],[-74.227329807024958,4.706140888091598],[-74.227331683910037,4.7061423207116304],[-74.227332007665993,4.7061425482400621],[-74.227333648029372,4.7061436301244779],[-74.227624113761792,4.7063414494983435],[-74.227625778406875,4.7063424963092348],[-74.22762769036558,4.7063435044492055],[-74.22773664108594,4.7063954596410431],[-74.227763577267098,4.7064169845128294],[-74.227943704038864,4.7065609281795542],[-74.227963712546725,4.7065770421910518],[-74.227974281582689,4.706585553940033],[-74.228010361807648,4.7066146141263046],[-74.228148649080879,4.7067259964212695],[-74.228203892243258,4.7067704880347137],[-74.228214224194019,4.706778809927064],[-74.228235141413961,4.7067956562206623],[-74.228503756002553,4.7070120018465031],[-74.228554678376085,4.7070530155056778],[-74.228554946117868,4.7070532297678875],[-74.228563426381527,4.7070598836135158],[-74.228601772825854,4.7070899750874968],[-74.228551564276643,4.7071324485419526],[-74.228549850283997,4.7071340287351431],[-74.228548279633699,4.7071357508731415],[-74.228546843315385,4.7071376285224611],[-74.228545576473024,4.7071396245990158],[-74.228544487215274,4.7071417237277986],[-74.228543584552156,4.7071439105336736],[-74.228542874789042,4.7071461669291841],[-74.228542365133521,4.7071484784438979],[-74.22854205648261,4.7071508251829091],[-74.228541953339089,4.7071531890590741],[-74.22854205660083,4.7071555537947596],[-74.228542364460822,4.70715789949565],[-74.228542874211726,4.7071602107891177],[-74.228543584046662,4.7071624677808295],[-74.22854448675163,4.7071646550991701],[-74.228545576013147,4.70716675375514],[-74.228546843716444,4.7071687501858506],[-74.228548279943269,4.7071706281160282],[-74.22854853688797,4.7071709300981945],[-74.228562302772247,4.707186908896019],[-74.228546730419239,4.7071992668937579],[-74.228546123929647,4.7071997625846143],[-74.228544384703611,4.7072013617736923],[-74.228542790623408,4.7072031065244122],[-74.228541355206303,4.7072049841735319],[-74.228540087462491,4.707206980250251],[-74.22853899820457,4.7072090793790009],[-74.228538095541353,4.7072112661849106],[-74.228537385778168,4.7072135225804672],[-74.228536876122618,4.7072158340951233],[-74.228536567471664,4.7072181808340892],[-74.228536465229482,4.707220544710081],[-74.228536567589842,4.7072229094459734],[-74.228536876351171,4.7072252551466338],[-74.228537386102133,4.7072275664400918],[-74.228538095937097,4.7072298234318435],[-74.228538998642151,4.7072320107502028],[-74.228540087903824,4.7072341094061532],[-74.228542237367307,4.7072372993283835],[-74.22862885131822,4.707347975618787],[-74.228629405785242,4.7073486600574013],[-74.228630998815561,4.7073504041161556],[-74.228632738731861,4.7073520034541856],[-74.228634610208317,4.7073534436059123],[-74.228636599723032,4.7073547155312125],[-74.228638691950962,4.7073558083818163],[-74.22864087066641,4.7073567140224304],[-74.228643121446481,4.7073574252218116],[-74.228645424461121,4.7073579383669122],[-74.228647762583591,4.7073582471314737],[-74.22865011958956,4.7073583497102947],[-74.228652202548801,4.707358258827357],[-74.228702975005248,4.7074227971019429],[-74.228703485295355,4.7074234272917685],[-74.228705079227581,4.7074251722544496],[-74.228706818242713,4.7074267706881576],[-74.228708689719696,4.7074282117439745],[-74.228710679234737,4.7074294836690882],[-74.228712771463009,4.7074305765194113],[-74.228714951080121,4.7074314821595964],[-74.228717200959196,4.7074321933588799],[-74.228719503973906,4.7074327055994392],[-74.228721842096874,4.7074330152680606],[-74.228724200004422,4.7074331178464872],[-74.228726556966322,4.7074330151477906],[-74.228728894955566,4.7074327053673626],[-74.228731197749084,4.7074321930301686],[-74.2287334482224,4.7074314817571974],[-74.228735627448458,4.7074305760740929],[-74.22873772010621,4.7074294832186476],[-74.22874088602326,4.7074273366143924],[-74.228820693672631,4.7073645464131531],[-74.22886080658094,4.707404274587681],[-74.228862410971416,4.7074057395832671],[-74.22886428246062,4.7074071802972224],[-74.228866271760978,4.7074084519385808],[-74.228868364483361,4.7074095446149009],[-74.228870543540722,4.7074104502321585],[-74.22887279364447,4.7074111615958714],[-74.22887509680821,4.7074116742094549],[-74.228877435045533,4.7074119826769323],[-74.228879792168627,4.707412086098997],[-74.228882658308024,4.707411933214213],[-74.228914414268786,4.7074085364748184],[-74.228928381639406,4.7074195198949988],[-74.228929078614016,4.7074200783739872],[-74.229269170091541,4.7076877131674522],[-74.229269376598708,4.7076883695119687],[-74.229270279306618,4.7076905568292879],[-74.229271368571233,4.707692655483946],[-74.229272635376176,4.7076946519134308],[-74.229274071606042,4.7076965298420141],[-74.229275665540285,4.7076982748033096],[-74.229277404557337,4.707699873235514],[-74.229278005852791,4.7077003650463434],[-74.229320411839481,4.7077340357366468],[-74.229323671540001,4.7077362569032344],[-74.229325763769893,4.7077373488474006],[-74.229327943388697,4.7077382544855686],[-74.229330193269519,4.7077389665871294],[-74.229332496285636,4.7077394788256424],[-74.229334762044573,4.7077397789079143],[-74.229547208736633,4.707911655898271],[-74.229547889523417,4.707912188296941],[-74.229620164438984,4.7079669345264756],[-74.229869060808454,4.7081666020071413],[-74.230040234169422,4.7083021091550599],[-74.230202941312626,4.7084351134898208],[-74.230203236290237,4.7084353509107721],[-74.230406663836433,4.7085969473912428],[-74.230650738041092,4.7087924618027408],[-74.230652492618376,4.7087940778844359],[-74.230653123043155,4.7087945931960018],[-74.230993013716528,4.7090636910365182],[-74.230996244081368,4.7090658889796799],[-74.230998335904403,4.7090669816559672],[-74.231000515861041,4.7090678872732514],[-74.231002765065497,4.7090685986369909],[-74.231004168007914,4.7090689107017178],[-74.231880463812317,4.709753109518438],[-74.231881517817712,4.7097538919286572],[-74.23200069237798,4.7098379659494576],[-74.232005026210956,4.7098409867722086],[-74.232005894056698,4.7098416324853947],[-74.232006120685867,4.7098418105511817],[-74.232006453435005,4.7098420668579823],[-74.232461124581206,4.7102103428331414],[-74.232463979928667,4.7102209818129168],[-74.232464631037828,4.7102230700387002],[-74.232469059299589,4.7102354851795774],[-74.232470827366726,4.7102393963311702],[-74.232477147802101,4.7102508725798087],[-74.232477397813611,4.7102513159455404],[-74.232479556186519,4.7102545166327143],[-74.232487633897165,4.7102648255613158],[-74.232488177986937,4.7102654982542456],[-74.232490591767359,4.7102680316444037],[-74.232500212714612,4.7102769061543688],[-74.232501131821707,4.7102777164435059],[-74.232501876460375,4.7102783207879737],[-74.2343208668145,4.7117026121858867],[-74.23432975121699,4.7117105720853054],[-74.234410363747259,4.7117994197075062],[-74.234412978975755,4.7118019396078497],[-74.234414845069011,4.7118033758251743],[-74.234416828074089,4.7118046447685495],[-74.234420002680949,4.7118064856808415],[-74.234426367183033,4.7118112925571909],[-74.234450729817283,4.7118310173875857],[-74.234451024794893,4.7118312530099704],[-74.234570264106353,4.7119250702858206],[-74.234658690845862,4.7119955060877858],[-74.234760146063849,4.7120763578377565],[-74.234874385144735,4.7121667055290759],[-74.23496780761819,4.7122416901019681],[-74.235065473992393,4.7123204059620267],[-74.235123429002996,4.7123682921630197],[-74.235124087306758,4.7123688254610157],[-74.235349416042652,4.7125459937026948],[-74.235350211942702,4.7125466232281763],[-74.235393238207337,4.7125798882513088],[-74.235460542569953,4.7126364124405935],[-74.235461211665552,4.712636957429754],[-74.235698703732169,4.7128238284570543],[-74.235864947009631,4.7129564478818438],[-74.235868255615443,4.7129587078781388],[-74.235870348337841,4.7129598005544349],[-74.235872527395188,4.7129607061717431],[-74.235874777498964,4.7129614175354488],[-74.235877080662689,4.7129619301490315],[-74.235877986280002,4.712962074939866],[-74.235940744569675,4.7129709872213814],[-74.235964876078128,4.7129898828768901],[-74.237492242633706,4.7141895161962744],[-74.236946728453333,4.7148417857739968],[-74.237400302106607,4.7152227238542901],[-74.236944230917047,4.7159450723598617],[-74.237092422246235,4.7160860555897024],[-74.237245819701627,4.7164712179141812],[-74.237261327940288,4.7164699935359922],[-74.238087476306646,4.7154232350660799],[-74.238080268348796,4.7151841250358553],[-74.238064860971164,4.7145961200870969],[-74.238065465773033,4.7145962674804114],[-74.238079560378736,4.714609170147444],[-74.238133537481204,4.7146535825387872],[-74.238173007464425,4.7146860596511244],[-74.238378162727045,4.7148548675495583],[-74.238379090375275,4.7148555971085901],[-74.23840528608909,4.714875298552279],[-74.23840705733582,4.7149071206202446],[-74.238407425819062,4.7149103190602002],[-74.238407936510171,4.7149126303444389],[-74.238408646385281,4.7149148873242925],[-74.238409549131404,4.7149170746279818],[-74.238410638434885,4.7149191732666065],[-74.238411905279136,4.71492116967773],[-74.238413341548323,4.7149230475857262],[-74.238414599253858,4.7149244236442778],[-74.238416967877114,4.7149489069029178],[-74.23841725265406,4.7149509966912175],[-74.238417718681873,4.7149531053031124],[-74.238417744418953,4.714953234063481],[-74.238417765345233,4.7149533072825349],[-74.23841847213474,4.7149555643478775],[-74.238419103074648,4.7149570926804421],[-74.238419204893077,4.7149573812533356],[-74.238419275071735,4.7149575093108052],[-74.238419375054079,4.7149577514990844],[-74.238420464133071,4.7149598505167516],[-74.238421149338308,4.7149609293505765],[-74.238421318114007,4.7149612373214067],[-74.238421461234509,4.7149614204211359],[-74.238421732177187,4.7149618470117103],[-74.238423167495128,4.7149637238968198],[-74.238423820793514,4.7149644390982246],[-74.238424026063356,4.7149647017080669],[-74.238424246280189,4.7149649049017768],[-74.23842476199313,4.7149654694808874],[-74.238426500382644,4.7149670684754739],[-74.238427258563817,4.7149676835806105],[-74.239237428150105,4.7156012142921631],[-74.239230926733541,4.7156468937938669],[-74.239230655270475,4.7156507285983231],[-74.239230678689765,4.7156512641873745],[-74.239230664886961,4.7156515075203327],[-74.239230704514185,4.7156518547805675],[-74.239230758692528,4.715653093815277],[-74.239231066260658,4.7156554401465787],[-74.239231164207084,4.7156558831472282],[-74.239231188834424,4.7156560989606424],[-74.239231284134263,4.7156564255643385],[-74.239231577075586,4.7156577505048691],[-74.239232286640686,4.7156600078031534],[-74.239232432678406,4.7156603617590553],[-74.23923248328741,4.7156605352018994],[-74.239232618504062,4.7156608121500758],[-74.239233188660705,4.7156621940550698],[-74.239234278639003,4.7156642939721065],[-74.239234450971679,4.7156645653746772],[-74.239234510800998,4.7156646879158917],[-74.239234661969888,4.7156648976706039],[-74.239235545783799,4.7156662895676833],[-74.239236982001088,4.7156681673520904],[-74.239237154565004,4.715668356276483],[-74.239237216951153,4.7156684330903236],[-74.239238575599742,4.715669912036879],[-74.23924031488859,4.7156715110314957],[-74.239240508045455,4.7156716708841984],[-74.239240703981125,4.7156718313611217],[-74.239338761874322,4.715751310574567],[-74.239339370715356,4.7157519769722702],[-74.239341110004176,4.7157535759668017],[-74.23934145354518,4.7157538610519021],[-74.239729181130926,4.7160694841125057],[-74.240000718010847,4.716287401933708],[-74.241997573080496,4.7178764001048377],[-74.242171317696418,4.7180132253291402],[-74.242171362879972,4.718013261077953],[-74.242353409551754,4.7181579659839024],[-74.242595069064151,4.7183514708449374],[-74.242728678777482,4.7184571719450688],[-74.242973809860942,4.7186526499268862],[-74.243080909481833,4.7187369764244957],[-74.243252648117164,4.7188745778884478],[-74.243469576560443,4.7190485686405177],[-74.243804905022714,4.7193158185889788],[-74.244000584483231,4.719471754023381],[-74.244195466722942,4.7196268321964965],[-74.244195507930399,4.7196268651836428],[-74.244447495128213,4.7198297897174681],[-74.244511490235368,4.7198812152076606],[-74.244625514042681,4.7199728299947949],[-74.244771623934312,4.7200905513632305],[-74.245060896731786,4.7203200339165949],[-74.245532920858253,4.7206961275930146],[-74.245812538524703,4.7209202729016448],[-74.246132398656854,4.7211753073528655],[-74.246484777628297,4.7214563021280762],[-74.24693650786007,4.7218158496155489],[-74.247408136300706,4.7221912351875357],[-74.247423690655381,4.7222046250042062],[-74.247423805691042,4.7222047233928661],[-74.247423918527161,4.7222048179300788],[-74.247424414261445,4.7222052260771115],[-74.247756285747172,4.7224713984086737],[-74.247756330053249,4.7224714341070397],[-74.247920794301962,4.7226045545521469],[-74.24792320156034,4.7226062929394592],[-74.248124677742936,4.7227356016706068],[-74.248125723117028,4.7227362580564085],[-74.248230029370717,4.7228032151127906],[-74.248254312736762,4.7228225679098967],[-74.24825475758054,4.7228229276831151],[-74.248254872883095,4.722823020759142],[-74.248389634286553,4.7229304801080554],[-74.248615956483974,4.7231097313365265],[-74.248806675591212,4.723261090894403],[-74.249720979169126,4.7239878747122619],[-74.249893125485102,4.7241247164309774],[-74.250452368021968,4.7245682665771351],[-74.25086918486862,4.7248997519337097],[-74.251025719866149,4.7250245139534917],[-74.251123255831203,4.7251023344058316],[-74.251123882075476,4.72510283978509],[-74.251284866891837,4.7252299944678304],[-74.251284908179215,4.7252300272083883],[-74.251451949079836,4.7253630144512755],[-74.251599069913439,4.7254785972179061],[-74.251599158977172,4.7254786675293561],[-74.251756483703033,4.7256034709144021],[-74.251756511972346,4.7256034934118798],[-74.251976796763699,4.7257793630121174],[-74.252157108442759,4.7259214776280896],[-74.252308638208149,4.7260424173565871],[-74.252409325326795,4.7261225003930898],[-74.252499370756752,4.7261941222132213],[-74.252738530849953,4.7263828197816435],[-74.25304984071019,4.7266306553944508],[-74.253238495642208,4.7267803980729761],[-74.253449982257536,4.7269477726533555],[-74.253529566592817,4.7270109350125074],[-74.253807444457649,4.7272336629576124],[-74.253936927109081,4.7273374421325567],[-74.25394028822322,4.7273397358918885],[-74.253940434980208,4.7273398237385171],[-74.253942376839149,4.7273408333128728],[-74.253944012031084,4.7273415126190965],[-74.253944269300177,4.7273416337512844],[-74.253944383358046,4.7273416668790667],[-74.253944556795815,4.7273417389301651],[-74.253946806000258,4.7273424511932669],[-74.253947987578357,4.727342713714866],[-74.253948341250023,4.7273428164378073],[-74.253948592163454,4.727342848040907],[-74.253949109164012,4.7273429629074748],[-74.253951448300654,4.7273432722742736],[-74.253952230489972,4.7273433062954826],[-74.253952548238416,4.7273433463165055],[-74.253952894847984,4.7273433351916152],[-74.25395380542372,4.7273433747969813],[-74.253956161647494,4.7273432722742807],[-74.253956580327412,4.727343216901029],[-74.253956786282785,4.7273432102905497],[-74.25395713294516,4.7273431438135054],[-74.253958500784151,4.727342962907465],[-74.25396080290551,4.727342445721967],[-74.253960949634305,4.72734240854827],[-74.253961106510999,4.7273423553796068],[-74.253963053152347,4.7273417389301713],[-74.253964668080471,4.7273410680421106],[-74.253964938359843,4.7273409703490321],[-74.253965045344685,4.7273409113155926],[-74.253965233109,4.7273408333128746],[-74.253967325831411,4.7273397406365776],[-74.253968650716686,4.7273389215757584],[-74.25403222416135,4.7272970268726775],[-74.254048451924717,4.727308203601905],[-74.254049296068274,4.7273088365574072],[-74.254050481473755,4.7273097071003711],[-74.254697685035381,4.7278126015593083],[-74.254697686725152,4.7278188240199146],[-74.25469779027074,4.7278211846000584],[-74.254697977883438,4.7278226141869659],[-74.254698006384061,4.7278229850237263],[-74.254698052131431,4.727823179947932],[-74.254698097838912,4.7278235282333014],[-74.254698608653825,4.7278258385916567],[-74.254698874824328,4.7278266853444624],[-74.254698959882575,4.7278270477675264],[-74.254699089449787,4.7278273681199803],[-74.254699318218883,4.7278280958899757],[-74.254700220238902,4.727830282141853],[-74.254700436696581,4.7278306991622463],[-74.254700524582105,4.7278309164574841],[-74.254700715488383,4.7278312362735289],[-74.2547013102172,4.7278323820588106],[-74.25470258241721,4.7278343746171529],[-74.254702665802569,4.7278344979962093],[-74.254704013579314,4.7278362554389171],[-74.254705143464818,4.7278374924467697],[-74.254705326234571,4.7278377130078031],[-74.25470542421813,4.7278377998177978],[-74.254705607177968,4.727838000123711],[-74.254707346466816,4.7278395991182594],[-74.254708450319896,4.7278404804171261],[-74.254755150415477,4.7278757986488564],[-74.254815391532773,4.7279213587995894],[-74.254816241700937,4.7279234190320425],[-74.254817331074477,4.7279255176416903],[-74.254818598890864,4.7279275140193304],[-74.254820035230949,4.7279293918900969],[-74.254821628373506,4.7279311367881034],[-74.254823368400281,4.7279327360556511],[-74.254824035543081,4.7279332793713085],[-74.254916558638925,4.7280062655322741],[-74.254948871535859,4.7280315533386661],[-74.254969556004852,4.7280497028375379],[-74.254969976129587,4.7280500644513195],[-74.254970546807968,4.7280505318300579],[-74.254999991119973,4.7280739792067612],[-74.254976740507317,4.7281019670249451],[-74.25497645937115,4.7281023107322904],[-74.254942973715174,4.728143985995418],[-74.254940607630274,4.728147448275057],[-74.254939518422461,4.7281495465380257],[-74.254938614917137,4.7281517342795034],[-74.25493790522124,4.7281539906984369],[-74.254937395640539,4.728156301324284],[-74.254937087071838,4.7281586480708215],[-74.254936984918487,4.7281610119462467],[-74.254937087373548,4.7281633766735913],[-74.25493739533367,4.7281657232622036],[-74.254937906090291,4.7281680345310715],[-74.254938615131607,4.7281702905866601],[-74.254939517947392,4.7281724778655061],[-74.254940607321714,4.7281745764749115],[-74.254941875138911,4.7281765728522673],[-74.254943311479892,4.7281784507227247],[-74.25494575841789,4.7281810156050232],[-74.254956374390559,4.7281907739377402],[-74.254957259722147,4.7281915523163001],[-74.254959131307885,4.728192993296628],[-74.254961120928527,4.7281942651420108],[-74.254963213258137,4.7281953570046573],[-74.254965392972309,4.7281962634628094],[-74.254967642942731,4.7281969745732875],[-74.254969946042607,4.7281974867234364],[-74.254972284243905,4.7281977963006048],[-74.254974641321056,4.728197898787446],[-74.25497699834591,4.7281977959974286],[-74.254979336389809,4.728197487031041],[-74.254981640130296,4.728196974605142],[-74.25498388973871,4.7281962632463577],[-74.254986068991727,4.7281953574803461],[-74.254988161666674,4.7281942645456905],[-74.254990150640197,4.7281929934898104],[-74.254992022393907,4.7281915524548781],[-74.254993761607693,4.7281899532007863],[-74.254995355665812,4.728188208391086],[-74.254995615176554,4.7281878927227119],[-74.25503390619491,4.7281406849867746],[-74.255087295907643,4.7281733410741911],[-74.255101710427226,4.7281844074788335],[-74.255053915586529,4.7282468112415676],[-74.255051938761881,4.7282497760548807],[-74.255050849554507,4.7282518752223481],[-74.255049946950535,4.7282540620594311],[-74.25504923725488,4.7282563184784392],[-74.255048727674719,4.7282586300086926],[-74.255048419106402,4.7282609767552195],[-74.255048316052026,4.7282633406308765],[-74.255048418507528,4.7282657053581598],[-74.255048727369172,4.7282680510421615],[-74.25504923722491,4.728270362311175],[-74.255049947168288,4.7282726192707116],[-74.255050849984571,4.7282748065493969],[-74.255051938458024,4.7282769051588414],[-74.255053207177085,4.7282789015357372],[-74.255054642617225,4.7282807794061403],[-74.255057085047838,4.7282833388633545],[-74.255058416665548,4.7282845638532445],[-74.255059307406881,4.7282853476560724],[-74.255059686057152,4.7282856613523352],[-74.255078448997097,4.7283008832052245],[-74.255081931554287,4.7283032823340569],[-74.255084023884663,4.7283043751006391],[-74.25508620269774,4.7283052806542525],[-74.255088452668602,4.7283059917643255],[-74.255090756670512,4.7283065048181445],[-74.255093094872194,4.7283068143948599],[-74.2550954519497,4.7283069168813219],[-74.255097808974924,4.7283068140908329],[-74.255100147018879,4.7283065042196979],[-74.255102449858285,4.7283059917936443],[-74.255104700368264,4.7283052804342587],[-74.255106879621408,4.7283043746678706],[-74.255108972296753,4.7283032826371425],[-74.255110961270091,4.7283020106766021],[-74.255112833023816,4.7283005696413358],[-74.255114572237787,4.7282989712912729],[-74.255116165394497,4.7282972264814962],[-74.255116457344215,4.7282968719197305],[-74.255149132991278,4.7282564357519492],[-74.255183184587651,4.7282143488759933],[-74.255213346498451,4.7282382038998625],[-74.255219298565081,4.7282433098790584],[-74.255241166743247,4.7282622946419268],[-74.255241479582693,4.7282625622354866],[-74.255243358381222,4.7282640077347731],[-74.255259709237507,4.7282754863850771],[-74.255299990639941,4.7283061744383321],[-74.255300242409774,4.72830731560465],[-74.255300952354006,4.7283095725639024],[-74.255301855170885,4.7283117589379451],[-74.255302943645376,4.7283138584512203],[-74.255304212365218,4.7283158548276791],[-74.25530564870742,4.7283177326972927],[-74.255307241852051,4.7283194775940931],[-74.255308980979351,4.7283210759562779],[-74.255311861358038,4.7283231921913842],[-74.255317648116034,4.7283268802643255],[-74.255318628044407,4.7283274768530985],[-74.255320721276561,4.7283285696187125],[-74.255322900090022,4.7283294751715799],[-74.255325150061154,4.7283301862809335],[-74.255327453161925,4.7283306993341636],[-74.255329791363806,4.7283310089100965],[-74.255332148441369,4.728331111395689],[-74.255334505466607,4.7283310086043802],[-74.25533684131814,4.728330702807173],[-74.255356543748945,4.7283457660227368],[-74.255874258871074,4.7287350189940245],[-74.255874291666899,4.7287350438786309],[-74.256104135199266,4.7289211534563629],[-74.256200564551108,4.7289992377934515],[-74.256200861158888,4.7289994746444242],[-74.256492486263625,4.7292289234241425],[-74.256492588595421,4.7292290049659371],[-74.256492667026649,4.7292290682509499],[-74.256492821976451,4.7292291937510278],[-74.256999963645242,4.7296414594732354],[-74.257000146384271,4.7296416078016073],[-74.257000326185107,4.7296417492510781],[-74.257000800402182,4.7296421074137101],[-74.257416846743638,4.7299654109389442],[-74.25768863856571,4.7301782771753142],[-74.25768882896331,4.7301784264055353],[-74.257688932640804,4.7301785077658494],[-74.257943640482807,4.7303790231496254],[-74.257940589649408,4.7303835572167907],[-74.257871044106381,4.7304769826264383],[-74.257869291650366,4.7304796516817662],[-74.257868202448364,4.7304817508533672],[-74.257867299850759,4.7304839376937515],[-74.257866590162337,4.7304861941152163],[-74.257866080590262,4.7304885056470649],[-74.257865772030513,4.7304908514900834],[-74.257865668985929,4.7304932162699682],[-74.257865771451335,4.7304955800920192],[-74.257866080323936,4.7304979266785621],[-74.257866590190815,4.7305002379449244],[-74.257867300145534,4.7305024939966804],[-74.257868202973668,4.730504681271106],[-74.257869291459414,4.7305067807798205],[-74.257870560190653,4.7305087771509555],[-74.257871994741564,4.7305106550152027],[-74.257873589700338,4.7305123999050727],[-74.257875328838921,4.7305139982602613],[-74.25787653059993,4.7305149528914967],[-74.257902917645765,4.7305347222262224],[-74.257905577115253,4.7305364804032202],[-74.257907669456571,4.7305375731607908],[-74.257909848280079,4.7305384787051121],[-74.257912098260988,4.7305391907098855],[-74.257914401370456,4.7305397028498524],[-74.257916739580608,4.7305400124166823],[-74.257919096665688,4.730540114893163],[-74.257921454599028,4.7305400120926242],[-74.257923792649066,4.7305397031160785],[-74.257926095493346,4.7305391906804761],[-74.257928346007219,4.730538479311722],[-74.257930524361896,4.730537573536612],[-74.257932617940185,4.7305364805928134],[-74.257934606914262,4.7305352086242305],[-74.257936478667915,4.7305337684856976],[-74.257938217880337,4.7305321692244009],[-74.257939877714932,4.7305303457165282],[-74.257979762921423,4.730481912732114],[-74.258010355059184,4.7305020071778676],[-74.257996555305823,4.7305199902387782],[-74.257994564071524,4.7305229758627849],[-74.25799347486965,4.7305250741302407],[-74.257992571371233,4.730527261875344],[-74.257991862584547,4.7305295182966827],[-74.257991352111503,4.7305318298288404],[-74.257991043552195,4.7305341756719237],[-74.257990941409361,4.730536540451558],[-74.257991300390884,4.7305409479320941],[-74.258000687551558,4.730598142666409],[-74.258000739007514,4.7305984455946231],[-74.258001248874976,4.7306007568608255],[-74.258001958830462,4.7306030138167197],[-74.258002861658909,4.7306052001866759],[-74.258003951046604,4.7306072996948512],[-74.258005218877017,4.7306092960659898],[-74.258006654329904,4.7306111739297139],[-74.258008248387895,4.7306129188194888],[-74.258009987527046,4.7306145171743204],[-74.258011859125475,4.7306159581458269],[-74.258013848758395,4.7306172299818998],[-74.258015941100126,4.7306183227391303],[-74.258018120825369,4.7306192282827988],[-74.258020370806435,4.7306199393829136],[-74.2580226739165,4.7306204524268018],[-74.258025012126694,4.7306207610889714],[-74.258027369212286,4.7306208644694179],[-74.258031752437475,4.7306205052226522],[-74.258033531647939,4.730620211764605],[-74.258033843505217,4.7306201592336778],[-74.258036146349667,4.7306196467976775],[-74.258038396863682,4.7306189354286463],[-74.258040576119811,4.7306180296529234],[-74.258042668796804,4.7306169367090485],[-74.258044657770881,4.7306156647401449],[-74.258046529524506,4.7306142246013199],[-74.258048268736829,4.7306126253397469],[-74.258049862792376,4.7306108805231322],[-74.258050752144598,4.7306097571466585],[-74.258102135407981,4.7305412726187068],[-74.258102623618726,4.730540854974759],[-74.25810354534228,4.7305401454114904],[-74.258104780990465,4.7305390094329205],[-74.258105167552245,4.7305386787454085],[-74.2581052839314,4.7305385458067883],[-74.258106878229768,4.730536801732093],[-74.25810778016421,4.7305356629241544],[-74.258118071816284,4.7305219253812183],[-74.258119470156345,4.7305230192581611],[-74.258122575888194,4.7305251182402932],[-74.258124668229797,4.7305262109972102],[-74.258126847954884,4.7305271165405101],[-74.258129097935992,4.7305278285446128],[-74.25813140104556,4.7305283406838772],[-74.258133739255726,4.7305286502499566],[-74.258134217883651,4.7305286709241017],[-74.25813586590877,4.7305299735952007],[-74.258149028470413,4.7305403678405717],[-74.258156252553576,4.7305460739181671],[-74.258209516759578,4.7305881444856226],[-74.258218428537006,4.7305951839694167],[-74.258232944321563,4.7306066494592347],[-74.25874826534762,4.7310136827249671],[-74.259148346038074,4.7313307667517179],[-74.259185111167895,4.7313599037013185],[-74.259354690635817,4.7314944574749642],[-74.259537625715495,4.7316396070299414],[-74.259623892247063,4.7317080581773077],[-74.259654788366788,4.731732676936848],[-74.259828139350546,4.7318708115385286],[-74.259912230573747,4.7319378217610151],[-74.259982830845374,4.7319934630126967],[-74.260107271627248,4.7320915371410424],[-74.260304025278501,4.7322513656715808],[-74.260304076137018,4.7322514080680751],[-74.260304386812251,4.7322516750295387],[-74.26035879552208,4.7322997427512012],[-74.260359074503285,4.732301007651718],[-74.260359784468264,4.7323032646046386],[-74.260360687306644,4.7323054518753302],[-74.260361776703903,4.7323075504750527],[-74.260363044544192,4.7323095468414369],[-74.260364480006899,4.7323114246997529],[-74.260366714205361,4.7323137906707631],[-74.260368031421294,4.7323150274094772],[-74.260369130439514,4.7323160055750622],[-74.260371001145728,4.7323174456357524],[-74.260372990787687,4.7323187174645698],[-74.26037329124982,4.7323188745458973],[-74.260420022156055,4.7323856239347073],[-74.260421427406925,4.7323874572154621],[-74.260422446568199,4.732388573001546],[-74.260422664902961,4.7323888385882906],[-74.260422796297206,4.7323889558876564],[-74.260423021005565,4.7323892019002187],[-74.260424760294441,4.7323908008948399],[-74.260425506320928,4.732391375202555],[-74.260425768887274,4.7323916096029546],[-74.260426033372255,4.7323917809384231],[-74.260426631783602,4.7323922416087081],[-74.260428621083975,4.7323935132501029],[-74.260429067981391,4.7323937467813764],[-74.260429261076936,4.7323938718701255],[-74.260429583836171,4.7323940163470812],[-74.260430713806358,4.7323946068256832],[-74.260432893762953,4.7323955124430155],[-74.260433057363073,4.7323955711344734],[-74.260433217663177,4.7323956280415951],[-74.260538870728055,4.7324326860357111],[-74.2606454459616,4.7325080001711477],[-74.260718369884174,4.7325595333830783],[-74.260904925497712,4.7326913648253912],[-74.260905264472711,4.7326916016629479],[-74.260977019619816,4.7327406808770984],[-74.260989595906494,4.732749282891282],[-74.260991190705909,4.7327503739623404],[-74.261000532318192,4.7327567649084967],[-74.261011563389943,4.7327643102016381],[-74.261220045822455,4.7329069132239256],[-74.261276905091705,4.7329458039590602],[-74.261277678596102,4.7329463128762788],[-74.26134309521494,4.7329878428027108],[-74.261492125369855,4.733082458853854],[-74.261492275725629,4.7330825570581174],[-74.261492299185619,4.733082572619745],[-74.261499400676755,4.7330874436306569],[-74.26150108061033,4.7330885453001947],[-74.261755361772018,4.733262099388158],[-74.261783392839021,4.7332845853500176],[-74.26190021661705,4.7334439256535648],[-74.261901285216069,4.7334452892687313],[-74.26190287881478,4.733447033953504],[-74.261903010173739,4.7334471547168286],[-74.261903081718671,4.7334472284838407],[-74.2619046181036,4.7334486329481615],[-74.261906377593192,4.7334499874422828],[-74.261906435981032,4.7334500342574763],[-74.261906490906199,4.7334500714241541],[-74.261908479792453,4.7334513453034148],[-74.261909980190055,4.7334521296901073],[-74.261910200492167,4.7334522598326636],[-74.261910312981342,4.7334523036687148],[-74.261910571615559,4.7334524388790271],[-74.261912751572183,4.7334533444963105],[-74.261913982533414,4.7334537336610749],[-74.261914275377535,4.7334538477799128],[-74.261914483596541,4.7334538920707896],[-74.261915001675931,4.7334540558600597],[-74.261917303940379,4.7334545684736247],[-74.261918249997024,4.733454693232396],[-74.261918553032004,4.7334547576917663],[-74.261955762030254,4.7335219863198876],[-74.261972357780536,4.7335519676791415],[-74.262000688896478,4.73360425144672],[-74.262043745596316,4.7336836974519922],[-74.262044042286675,4.7336842309116545],[-74.262075877025964,4.733739944666727],[-74.262077164713432,4.73374197719634],[-74.262078601085079,4.7337438550505393],[-74.262080195160365,4.7337455999301463],[-74.262081933415445,4.7337471991784401],[-74.262083805931695,4.7337486392336583],[-74.262085795580774,4.7337499110572345],[-74.262087887937994,4.7337510038014692],[-74.262090067677988,4.7337519093316107],[-74.262092317673165,4.7337526213222274],[-74.262094620795878,4.7337531334477019],[-74.26209695901818,4.7337534429999231],[-74.262099316114245,4.7337535454617239],[-74.262101673155897,4.7337534426467522],[-74.262104011214262,4.7337531336557719],[-74.262108209480658,4.7337520365206354],[-74.262151498021538,4.7337369113563748],[-74.262151754083405,4.7337371916219899],[-74.262153493239737,4.7337387899655816],[-74.262155364854991,4.7337402309251422],[-74.262157354504154,4.7337415027485168],[-74.262159446861475,4.7337425954925125],[-74.262161626601525,4.7337435010224453],[-74.262163876596489,4.733744212108526],[-74.262166179719486,4.7337447251380125],[-74.262168517941518,4.7337450337857501],[-74.262170875037782,4.7337451371515522],[-74.262173232079391,4.733745034336347],[-74.262175570137458,4.733744724440851],[-74.262177873889939,4.733744211990647],[-74.26218012350779,4.7337435006081421],[-74.262183986288861,4.7337417343778947],[-74.262185590481636,4.7337408423071219],[-74.262220460013395,4.7337213380373866],[-74.262220812393736,4.733721137188069],[-74.262221203524874,4.7337209064864521],[-74.262223885558072,4.733719291589737],[-74.262239225205491,4.7337303263213526],[-74.26223967597204,4.7337306436113726],[-74.262241161692529,4.7337316668857579],[-74.262242947595752,4.7337327967876872],[-74.262245039953186,4.7337338895314458],[-74.262247219693307,4.7337347950611193],[-74.262247981158438,4.733735036680951],[-74.26268339592194,4.7340301633614086],[-74.262683774536512,4.7340304115743006],[-74.262685310840453,4.7340313758758024],[-74.262685464162232,4.7340314751825252],[-74.262685495867629,4.7340314941050314],[-74.262803601451878,4.7340984548954639],[-74.262805590405591,4.7340994759101296],[-74.262807508333395,4.7341002682973441],[-74.262807564941397,4.7341002931189768],[-74.262807657357769,4.7341003250119513],[-74.26280990625213,4.7341010407304998],[-74.26281151739191,4.7341013993207621],[-74.262811772025984,4.7341014704990823],[-74.262811901964923,4.7341014849149348],[-74.262812209415841,4.7341015533440496],[-74.262814548552512,4.7341018618115198],[-74.262815790533594,4.7341019163259785],[-74.262816114267025,4.7341019522420584],[-74.262816341487721,4.7341019405091105],[-74.262816904776273,4.7341019652335792],[-74.262819261899381,4.7341018618115154],[-74.262820160553758,4.7341017433038708],[-74.262820477336476,4.7341017269461512],[-74.262820775961671,4.7341016621485563],[-74.262821601036009,4.7341015533440345],[-74.262823904199763,4.7341010407305255],[-74.262824481988559,4.73410085799122],[-74.262824746863714,4.7341008005169272],[-74.262825083046394,4.7341006678925615],[-74.262826153404191,4.7341003293667887],[-74.262828333360829,4.7340994237494973],[-74.262828630423499,4.7340992684493148],[-74.26282881092996,4.7340991972394049],[-74.262829125080842,4.7340990098494284],[-74.26283042518395,4.734098330173846],[-74.262832412901503,4.7340970543442591],[-74.262832559572871,4.7340969546566214],[-74.262832759985329,4.734096793250437],[-74.262834286872817,4.7340956178185909],[-74.262835901145749,4.7340941409684527],[-74.262836022327363,4.7340940155149145],[-74.262837619760305,4.7340922741392326],[-74.262838748457156,4.7340908281423086],[-74.262868162909115,4.7340503890662813],[-74.263273556113248,4.7343302633103681],[-74.263319927288876,4.7343622776506615],[-74.26332014185293,4.7343624240901123],[-74.263797023426349,4.7346849230917289],[-74.263798617308439,4.734685921917225],[-74.263800709671045,4.7346870146560391],[-74.263800966588576,4.7346871203902614],[-74.263807452192594,4.7346915225988964],[-74.263842322455488,4.7347151833359646],[-74.263866168815923,4.7347313639344399],[-74.263880193913067,4.7347408806571059],[-74.263891580232837,4.7347486057620012],[-74.263920356160583,4.7347681327596893],[-74.263959850377475,4.734794931079831],[-74.263979670507851,4.7348083682000235],[-74.263948354837964,4.7348824156607945],[-74.263947837322789,4.7348837332976883],[-74.263947128657037,4.7348859905960605],[-74.263947008770202,4.7348865328306786],[-74.263946928102129,4.7348867795008029],[-74.263946875291339,4.734887136540558],[-74.263946617842123,4.7348883009543794],[-74.263946309374646,4.7348906472855772],[-74.263946290033886,4.7348910933104147],[-74.263946256283845,4.7348913214855468],[-74.263946264403017,4.7348916843942011],[-74.263946206851912,4.7348930116032912],[-74.26394630937466,4.734895376820301],[-74.263946354730223,4.7348957218134284],[-74.263946358979311,4.7348959117382163],[-74.263946423285617,4.7348962432744059],[-74.263946617842095,4.7348977231514828],[-74.263947128657023,4.7349000335098452],[-74.263947206634896,4.7349002818912211],[-74.263947233254981,4.7349004191329804],[-74.263947331290225,4.734900678953224],[-74.263947837322803,4.7349022908081659],[-74.263948740242128,4.7349044770600335],[-74.26394882886953,4.7349046479476975],[-74.263948857859432,4.7349047129675848],[-74.26394982932112,4.7349065769770453],[-74.263951097365236,4.7349085725726541],[-74.263951173210771,4.7349086722029305],[-74.263952533582525,4.7349104503570683],[-74.263954128841078,4.7349121926775579],[-74.263955866470056,4.7349137940364141],[-74.263957630740151,4.7349151523868471],[-74.263957737959146,4.7349152347503454],[-74.263959727259575,4.7349165063916967],[-74.263961589167252,4.7349174900608046],[-74.264171836342456,4.7350182854587155],[-74.26417424704384,4.7350192998009302],[-74.264176012853241,4.7350198587622465],[-74.264176165825859,4.7350199117418832],[-74.264176497147574,4.7350200120639805],[-74.264178800311342,4.735020523778199],[-74.264180566551104,4.735020757375473],[-74.264180708334408,4.7350207802871891],[-74.264181139447984,4.7350208331449819],[-74.264183495671759,4.7350209365670448],[-74.264185175964144,4.7350208628418953],[-74.264185332414542,4.7350208607898105],[-74.264185852794796,4.7350208331449766],[-74.264188191931453,4.7350205237782106],[-74.264189700069565,4.7350201887018581],[-74.264189903591046,4.7350201571589716],[-74.264190022649302,4.7350201170314783],[-74.264190495095249,4.7350200120639743],[-74.264192744299692,4.7350192998009115],[-74.264194020989635,4.7350187694268433],[-74.264194286863599,4.7350186798164371],[-74.264194451989425,4.7350185903770097],[-74.264194924256287,4.7350183941836237],[-74.264197016978699,4.7350173015073063],[-74.264198046128044,4.735016643633398],[-74.264198354102248,4.7350164768210226],[-74.264198555395865,4.7350163180887739],[-74.264199006279028,4.7350160298659913],[-74.264200877768232,4.7350145891520041],[-74.264201660738493,4.7350138693376058],[-74.264201986220954,4.735013612674928],[-74.264202205451113,4.7350133685625124],[-74.26420261705708,4.7350129901574274],[-74.264204210655734,4.7350112454726485],[-74.264204776266666,4.7350105059638219],[-74.264205076873679,4.7350101712384518],[-74.264205280688302,4.7350098464570456],[-74.264205646873023,4.7350093676882583],[-74.264206914017819,4.7350073711933067],[-74.264207297697922,4.735006632324132],[-74.264207535568175,4.7350062532746566],[-74.264207689549295,4.7350058777192743],[-74.264208003996131,4.7350052721756368],[-74.264208906016151,4.7350030859237613],[-74.264209141954524,4.7350023353466817],[-74.264209290315449,4.7350019734988598],[-74.264209372642171,4.7350016014734218],[-74.264209615581251,4.7350008286254468],[-74.264210126396151,4.7349985182670329],[-74.26421029035491,4.7349974566938888],[-74.264212522797337,4.7349809592100991],[-74.264442860428389,4.7351316342238574],[-74.264442990957789,4.7351317231331151],[-74.26444312326673,4.7351318095810262],[-74.264444358945369,4.7351326053827592],[-74.264805938707724,4.7353752469150185],[-74.264806862088975,4.7353758392758625],[-74.264874062046644,4.735417040466813],[-74.264874562716855,4.7354173588795589],[-74.265238856560401,4.7356752269072038],[-74.265238794753003,4.7356755057723579],[-74.265238570403639,4.7356762194820536],[-74.265238059588725,4.7356785298403743],[-74.265237965621836,4.7356792466813173],[-74.26523790123187,4.7356795371986458],[-74.265237881905676,4.7356798853231865],[-74.265237752020568,4.7356808761715596],[-74.265237648598543,4.7356832413885481],[-74.265237669308846,4.7356837148443836],[-74.265237656514913,4.7356839453023927],[-74.265237695057067,4.7356843034712606],[-74.265237752020582,4.7356856057062036],[-74.265238059588725,4.7356879520374049],[-74.265238114306754,4.7356881995209319],[-74.265238128869612,4.735688334852],[-74.265238205412388,4.7356886115815664],[-74.265238570403625,4.7356902623957922],[-74.265239282997911,4.7356925188507359],[-74.265239307165857,4.7356925894147768],[-74.26524018198873,4.7356947059459706],[-74.265241092537948,4.7356964601805212],[-74.265241159435391,4.7356965967017848],[-74.265241271967099,4.7356968058629958],[-74.265242539111853,4.7356988014585575],[-74.265243487381255,4.7357000412748782],[-74.265243631488815,4.7357002541192657],[-74.265243728936568,4.73570035709671],[-74.265243975329128,4.7357006792430152],[-74.265245568927782,4.7357024239277798],[-74.265246459926132,4.7357032430565758],[-74.265246666003961,4.7357034608282937],[-74.265246844523091,4.7357035966312777],[-74.265247308216644,4.7357040229224348],[-74.265250179753792,4.7357061337189919],[-74.265309223512531,4.7357437907036335],[-74.265310237366947,4.7357444397183981],[-74.265310435838614,4.7357445545983987],[-74.265311222135139,4.735745047296156],[-74.265313314857565,4.73574614087177],[-74.265313750467669,4.7357463218368396],[-74.265314131375035,4.7357465249226829],[-74.265314686376115,4.7357467106404192],[-74.265315494814217,4.7357470464890614],[-74.265317744018645,4.735747757852808],[-74.265317958606772,4.7357478056135625],[-74.265318321035437,4.7357479268915643],[-74.265318943073282,4.7357480247256047],[-74.265320047182371,4.7357482704663498],[-74.265322387341996,4.7357485723874451],[-74.265322685390117,4.7357486133166722],[-74.265323073455406,4.7357486090829006],[-74.265324743442108,4.7357486823558377],[-74.265327101399166,4.7357485720263899],[-74.265329438802482,4.735748270466388],[-74.265331741966293,4.7357477578528213],[-74.26533399207004,4.7357470464890596],[-74.265335686291067,4.7357463424706436],[-74.265424227372421,4.7358064466712726],[-74.265424459312953,4.7358066017546072],[-74.265424666289547,4.7358067431000297],[-74.265830170949386,4.736093789984138],[-74.265842468151746,4.7361292615386343],[-74.265842520518717,4.736129417007465],[-74.265842589264025,4.7361296360739251],[-74.265843492183365,4.7361318223258175],[-74.265843766707192,4.7361323514245521],[-74.265843891475384,4.7361326459162738],[-74.265844129460987,4.7361330505717936],[-74.265844581262385,4.7361339213434102],[-74.265845396062758,4.7361352042207052],[-74.26584566967577,4.7361356694547849],[-74.265844024988141,4.736143473130749],[-74.265838626475571,4.7361593143670921],[-74.265832361356388,4.7361770385975603],[-74.265789666430877,4.7362709484936492],[-74.265788859340446,4.7362729273276765],[-74.265788149672829,4.7362751837561214],[-74.265787639222424,4.7362774952928408],[-74.265787331589308,4.7362798420421122],[-74.265787228571313,4.7362822059174743],[-74.265787331065411,4.7362845706411569],[-74.265787639066261,4.7362869163186252],[-74.265788149865571,4.7362892275772488],[-74.265788858951126,4.7362914845238144],[-74.265789761811945,4.736293671786278],[-74.265790851231912,4.7362957703763495],[-74.265792118193744,4.73629776673185],[-74.265793554580682,4.7362996445775529],[-74.265795148671018,4.7363013894478092],[-74.265796887842228,4.7363029886858712],[-74.265798758570341,4.7363044296351324],[-74.265800749134385,4.7363057005428626],[-74.265804233380408,4.7363073978748131],[-74.265862197624969,4.7363306407578287],[-74.265862984600588,4.7363309416762958],[-74.26586523550894,4.7363316536538749],[-74.265867538642581,4.7363321657662718],[-74.265869876874717,4.7363324753053124],[-74.265872233979579,4.7363325777538412],[-74.265874591029132,4.7363324758300465],[-74.265876929093665,4.7363321659217652],[-74.265879231950066,4.7363316534592119],[-74.26588148247329,4.7363309420643791],[-74.265883661735842,4.7363300362637943],[-74.265885754416686,4.736328944200487],[-74.265887744292854,4.7363276722089269],[-74.265889616044063,4.7363262311448562],[-74.265891355251625,4.7363246327683051],[-74.265892948397948,4.7363228879344286],[-74.265894384670247,4.736321010210828],[-74.265895652354502,4.7363190131651534],[-74.265896740639135,4.7363169148864799],[-74.265897648622285,4.7363147135663661],[-74.265933879025127,4.7362145105741638],[-74.265943574826579,4.7361870876659555],[-74.265944543055184,4.7361843473649925],[-74.265945105025679,4.7361825630226555],[-74.265945237563955,4.736182086264777],[-74.266080805810589,4.736267734251089],[-74.266080842987492,4.7362677581688413],[-74.266081325068697,4.7362680692440646],[-74.266081362162893,4.7362680925468013],[-74.266139458215676,4.7363066843710433],[-74.266372778770375,4.7364616480207875],[-74.266365678471729,4.7364840857091322],[-74.266351618371132,4.7365119221761853],[-74.266344908581672,4.736508580801198],[-74.266344190993109,4.7365082138502617],[-74.266343833101885,4.7365080367046986],[-74.266343611335913,4.7365079282488924],[-74.26634310650013,4.7365076715647705],[-74.266342496191754,4.736507368790007],[-74.266341645190906,4.7365069657033301],[-74.266341384662923,4.7365068455022072],[-74.266340949248914,4.736506649387465],[-74.266340173074596,4.7365062942084117],[-74.266338650476996,4.7365056055455188],[-74.266333081138313,4.7365030750185264],[-74.266331889368601,4.7365024812169958],[-74.266329114633919,4.7365012882950204],[-74.266326864625981,4.7365005763187771],[-74.266324561491516,4.7365000642079513],[-74.266322223258626,4.7364997546704544],[-74.266319866153225,4.7364996522234453],[-74.266317508202093,4.7364997550533818],[-74.266315170137005,4.7365000640588457],[-74.266312867280419,4.7365005765228281],[-74.266310616757167,4.7365012879191255],[-74.266308438396067,4.7365021937207281],[-74.266306345715705,4.7365032866896604],[-74.266304354938256,4.7365045577783631],[-74.266302484088811,4.7365059988432474],[-74.266300743980693,4.7365075981253506],[-74.266299150834797,4.736509342055812],[-74.266297714563208,4.7365112197802581],[-74.266296447781173,4.73651321682636],[-74.266295656780514,4.7365146937685507],[-74.266291028081213,4.7365240238185029],[-74.266289826417875,4.7365268329106351],[-74.266289116751651,4.7365290893395304],[-74.266288606302766,4.7365314008764949],[-74.26628829867127,4.7365337476259883],[-74.266288196556346,4.7365361115010467],[-74.266288299052221,4.7365384762245926],[-74.266288606153537,4.7365408219019107],[-74.266289116954681,4.7365431331601391],[-74.26628982694352,4.7365453901058725],[-74.266290729806244,4.7365475773675945],[-74.266291818326778,4.7365496759569883],[-74.266293086191851,4.736551672311216],[-74.266294521679242,4.7365535501560334],[-74.266296115771425,4.7365552950250853],[-74.266297854944398,4.7365568942618159],[-74.266299726575554,4.7365583352094189],[-74.26630171623988,4.7365596061158621],[-74.26630318658637,4.7365603987879128],[-74.266309122899997,4.7365633632802],[-74.266312090605936,4.7365648446221567],[-74.266313461772768,4.7365655297092868],[-74.266313802535791,4.7365656987208196],[-74.266314266799512,4.7365659165310232],[-74.266314803187612,4.7365661894840283],[-74.266315038477074,4.7365663087877339],[-74.266315287288521,4.7365664335135893],[-74.266315539705701,4.7365665591427941],[-74.266316017494844,4.7365667950353423],[-74.266316294250899,4.7365669278922518],[-74.266316965865329,4.7365672785783284],[-74.266318902266789,4.7365682465578747],[-74.266326663196963,4.736572122088976],[-74.266328640165156,4.7365731090478196],[-74.266329039525218,4.7365733078853252],[-74.266329394712088,4.7365734841273905],[-74.26632971834843,4.7365736504306994],[-74.266331002971924,4.7365742912305855],[-74.266336025174141,4.736576797490776],[-74.266346070480949,4.7365818136279163],[-74.266346259793025,4.7365819049107936],[-74.266346742993107,4.7365821507491876],[-74.266346915177735,4.7365822366109223],[-74.266347126126092,4.7365823405481686],[-74.266347591295357,4.7365825737312184],[-74.266348042040718,4.736582799683795],[-74.26634831248775,4.7365829343510919],[-74.266348702832445,4.7365831268609542],[-74.266349240117009,4.7365833817276179],[-74.266349935156498,4.736583693522249],[-74.266350310170068,4.7365838570986813],[-74.266351124197286,4.7365841950855874],[-74.266351508221319,4.7365843469035767],[-74.266352223079863,4.7365846179991804],[-74.266352656680667,4.7365847752294465],[-74.266353504946835,4.7365850652789945],[-74.266353906992379,4.7365851953888045],[-74.266354849901475,4.7365854826996001],[-74.266355260957013,4.7365855992424066],[-74.266356191236184,4.7365858467673121],[-74.266356611301958,4.7365859506474211],[-74.266357374808607,4.7365861267779694],[-74.266357800279181,4.7365862179963552],[-74.266358799048362,4.7365864139573306],[-74.266359245246946,4.7365864925097769],[-74.266360212456178,4.736586644168578],[-74.266360652340509,4.7365867055410185],[-74.266361482528339,4.7365868075005793],[-74.266361926915849,4.7365868553072428],[-74.266363030216482,4.7365869508620566],[-74.26636348090868,4.7365869805809835],[-74.266364401217587,4.7365870246404729],[-74.266364856412437,4.7365870389850135],[-74.266365760488654,4.7365870532069874],[-74.26636626976115,4.73658705125934],[-74.266367217994812,4.7365870302014308],[-74.266367677687697,4.7365870119898164],[-74.266368714244905,4.7365869520227868],[-74.266369176636957,4.7365869157244607],[-74.266370165412056,4.7365868205026507],[-74.266370618790205,4.7365867833024211],[-74.266390771648616,4.7365967339920036],[-74.266390802660879,4.7365967503720121],[-74.26639152674322,4.7365971587572542],[-74.266429168783048,4.7366193203989457],[-74.266429824275804,4.7366200499921307],[-74.266432529993295,4.7366226708265051],[-74.266432848247689,4.736622933891641],[-74.266434236662477,4.7366240675079352],[-74.26643761923512,4.7366264213880491],[-74.266439244661925,4.7366273786005433],[-74.266440989964835,4.7366283140770351],[-74.2664446337794,4.7366300972707789],[-74.266473390347798,4.7366441748326586],[-74.266476001012407,4.7366452873159473],[-74.266478251020956,4.7366459992916878],[-74.266480554156004,4.7366465114020091],[-74.2664819205106,4.7366466922319619],[-74.266832822420966,4.7368205456977863],[-74.266837597469348,4.7368238260872593],[-74.266168662462945,4.738238469472619],[-74.266420888123605,4.7383701556841507],[-74.266777663547771,4.7385205620900042],[-74.267216111022648,4.7393306201540355],[-74.267250555941843,4.7393765212361902],[-74.269042136282167,4.7391812367401469],[-74.26939867622815,4.7385986594691447],[-74.269663165806833,4.7387834706525762],[-74.269746048861663,4.7388517343979801],[-74.269747816108776,4.7388530719117696],[-74.269749687367707,4.7388542598447385],[-74.269749712362398,4.7388542749595794],[-74.269751778521709,4.7388553534918794],[-74.269753582382947,4.738856102868187],[-74.269753745388229,4.7388561751615956],[-74.269753958478333,4.7388562591091503],[-74.269756208582123,4.7388569704728782],[-74.269757767527778,4.7388573174463469],[-74.269758033880109,4.7388573928013384],[-74.269758177631473,4.7388574087228834],[-74.269758511745863,4.7388574830864654],[-74.269760849983172,4.7388577915538797],[-74.269762148532735,4.7388578485295705],[-74.269762465273629,4.7388578836109376],[-74.269762679196859,4.7388578718131766],[-74.26976320710628,4.7388578949759506],[-74.26976556422936,4.7388577915539072],[-74.269766591263831,4.7388576560643765],[-74.269766916999984,4.7388576381001304],[-74.26976718818706,4.7388575773163994],[-74.269767902466711,4.7388574830864076],[-74.269770205630408,4.7388569704728818],[-74.269770960840404,4.7388567317154715],[-74.269771267547526,4.7388566629702709],[-74.269771580680157,4.7388565357549366],[-74.269772455734199,4.7388562591091627],[-74.269774634791531,4.7388553534918367],[-74.269775139865217,4.738855089776969],[-74.269775398166615,4.7388549848377188],[-74.269775720800496,4.7388547864523698],[-74.269776727513957,4.7388542608155371],[-74.269778716814287,4.7388529891741964],[-74.269779007644203,4.7388527653943884],[-74.269779196110377,4.7388526495078418],[-74.269779482268959,4.7388524001932089],[-74.269780589202782,4.7388515484602189],[-74.269782328491587,4.7388499494656537],[-74.26978245803231,4.7388498075703325],[-74.269782557712603,4.7388497207242306],[-74.269782744694652,4.7388494935683161],[-74.269783922090298,4.7388482038815534],[-74.269785390950133,4.7388462788808052],[-74.26978943899833,4.7388404526581409],[-74.270142096447842,4.7390866398573959],[-74.270411558085684,4.7393170118482963],[-74.270414500713798,4.7393191834339694],[-74.270815360196238,4.7395750743750664],[-74.270857359008772,4.7396297233310225],[-74.270872995822003,4.7396560741578764],[-74.27087551978299,4.7396596328300067],[-74.270875610827517,4.7396597456531762],[-74.27087711009051,4.7396613798688509],[-74.270878670438933,4.7396628143567137],[-74.270878796118083,4.7396629349117658],[-74.270878849742871,4.7396629783493589],[-74.270880720868533,4.7396644195773954],[-74.270882240590808,4.7396653910453796],[-74.270882466206288,4.7396655516294111],[-74.270882572122829,4.7396656029741155],[-74.270882710168891,4.7396656912187147],[-74.270884802891317,4.7396667847943785],[-74.270886254790227,4.739667388204337],[-74.270886522572326,4.7396675180158097],[-74.270886672545146,4.7396675618234596],[-74.270886981948564,4.7396676904116823],[-74.27088923205234,4.7396684017753943],[-74.270890559594207,4.7396686972454551],[-74.270890849606886,4.7396687819592502],[-74.270891041618341,4.7396688045292397],[-74.270891535216137,4.7396689143889335],[-74.27089387435278,4.7396692228563921],[-74.270895033231795,4.739669273723246],[-74.270895326641451,4.7396693082120356],[-74.270895556252725,4.739669296680284],[-74.270896230576554,4.739669326278432],[-74.270898587699591,4.7396692228563664],[-74.270899548206927,4.7396690961920447],[-74.270899828824639,4.7396690820985405],[-74.270900086303087,4.7396690252320157],[-74.270900926836234,4.7396689143889423],[-74.270903230000044,4.7396684017754014],[-74.270903973625281,4.7396681666804401],[-74.270904230603662,4.7396681099243461],[-74.270904507099743,4.7396679980240917],[-74.270905480103792,4.7396676904116397],[-74.270908409210634,4.7396664192351192],[-74.27093745232628,4.7396517220698273],[-74.271412670460506,4.7399675450043732],[-74.271413985538061,4.7399683839492281],[-74.271635560567532,4.7401131414533832],[-74.27188026227337,4.7402822645645823],[-74.271882082691931,4.7402834184451246],[-74.271883413358694,4.7402841135268465],[-74.271883722976639,4.7402842951952877],[-74.271883887762868,4.7402843613346883],[-74.27188417451498,4.7402845111213896],[-74.271886354471619,4.7402854167386481],[-74.27188712499003,4.7402856606437478],[-74.271887446884151,4.740285789840744],[-74.271887790283131,4.7402858712401184],[-74.271888604575395,4.7402861290016762],[-74.271890907739106,4.7402866407159783],[-74.27189119908347,4.7402866792631091],[-74.27189135135238,4.7402867153569748],[-74.27189168149998,4.7402867430905227],[-74.271893245976457,4.7402869500827665],[-74.271895350123117,4.7402870468325675],[-74.271895431094947,4.7402870459578272],[-74.271895603099551,4.740287053504769],[-74.271897960222631,4.7402869500827851],[-74.271898990015032,4.7402868138333352],[-74.271899354084042,4.7402867900875441],[-74.271899641106302,4.740286727688936],[-74.271900298459968,4.7402866407160236],[-74.271903275635154,4.7402859379963367],[-74.271940743085381,4.7402748152893031],[-74.271943972366529,4.7402770956863094],[-74.271959030066512,4.7402877296617305],[-74.271969033673315,4.7402947939692668],[-74.272022342371102,4.7403324395396194],[-74.272048204258894,4.7403507027830978],[-74.272300206723983,4.7405286581664523],[-74.272300591684967,4.7405289248270899],[-74.272306085699555,4.740532664376901],[-74.272325066826951,4.7405455869311179],[-74.272338583690441,4.7405547880130436],[-74.272384096387555,4.7405857710439072],[-74.272390968865651,4.7405904497742553],[-74.272495061270462,4.740661314089758],[-74.272718866320275,4.7408136692351261],[-74.273197425899042,4.7411394552396997],[-74.274587522668483,4.7420840287207788],[-74.276074782002084,4.7431089773071395],[-74.276155391722625,4.7431645289101949],[-74.2762422014425,4.7432243542588672],[-74.276266275638363,4.7432409466982479],[-74.276401330169605,4.7433337543103207],[-74.276408049449159,4.743338370645418],[-74.276414294512165,4.7433426633768665],[-74.276560704155088,4.7434432754284623],[-74.276591906037183,4.7434647137641344],[-74.276601363338997,4.7434712120645575],[-74.276921082451182,4.7436908986499802],[-74.277836773349165,4.7443200955543983],[-74.277880834205945,4.74435036964785],[-74.277919916672602,4.74437722420934],[-74.277952273531255,4.7443994570255521],[-74.278177031594979,4.7445538944251986],[-74.279464186078059,4.7454390647735059],[-74.280047859907185,4.7458420079632742],[-74.280105610298591,4.7458818770508175],[-74.280095496967192,4.7458947464236916],[-74.280067510503386,4.7459303669422335],[-74.280065329204788,4.7459335959394089],[-74.280064240048858,4.7459356951432516],[-74.280063337504075,4.7459378820096294],[-74.280062627874798,4.7459401384505746],[-74.280062117466485,4.7459424499955203],[-74.280061809878873,4.7459447967487192],[-74.280061706008027,4.7459471606238433],[-74.280061809454722,4.7459495253424233],[-74.280062117509061,4.7459518710106074],[-74.280062628363808,4.7459541822558506],[-74.280063337506235,4.7459564391848117],[-74.280064239523583,4.745958626425935],[-74.280065329903408,4.7459607249901614],[-74.280066596923902,4.7459627213165154],[-74.280068033369176,4.7459645991296373],[-74.280069626615784,4.7459663439643727],[-74.280071365843398,4.7459679431636683],[-74.280072007778344,4.745968466565949],[-74.280100323037502,4.74599085780895],[-74.280103542502815,4.7459930470827381],[-74.280105634923729,4.7459941397693628],[-74.280107814723877,4.7459950452398445],[-74.280110064774931,4.7459957562648407],[-74.28011236794967,4.7459962692321742],[-74.280114706218839,4.7459965787212743],[-74.280117063356641,4.7459966811198093],[-74.280119420434531,4.7459965782418791],[-74.280121052792651,4.7459964394045615],[-74.280124357908363,4.7459986946670645],[-74.280126449427968,4.7459997873538855],[-74.28012862922813,4.7460006928243397],[-74.28013087927927,4.7460014038492568],[-74.280133182454009,4.7460019168165459],[-74.280135520723249,4.7460022263056016],[-74.280137877861037,4.7460023287040594],[-74.280140234938912,4.7460022258259684],[-74.280142573027717,4.7460019167727507],[-74.280144876804769,4.7460014042616603],[-74.280147126440994,4.7460006928200871],[-74.280149306614248,4.7459997869740551],[-74.280151398398004,4.7459986948678612],[-74.280153388273334,4.7459974228354147],[-74.280155260018859,4.745995982637643],[-74.280156999215109,4.7459943833216434],[-74.280158593246867,4.7459926384556796],[-74.280159114958124,4.7459919953439877],[-74.280196454268378,4.7459444750825206],[-74.280241969550801,4.7459757695446081],[-74.280388850916367,4.7460767631110716],[-74.280520057783434,4.7461669792656807],[-74.280579963813764,4.7462081697658993],[-74.281182936243326,4.746616150447557],[-74.281553404975213,4.7468724503102973],[-74.282898469879527,4.7478029971569482],[-74.283264118022984,4.7480611892716906],[-74.28326479509785,4.7480616511677978],[-74.283928247324738,4.7485006097996596],[-74.28396785657506,4.7485271835044385],[-74.28397666033392,4.7485330895751332],[-74.28472839626393,4.7490550548179291],[-74.28474960836563,4.7490696375391916],[-74.285981215442931,4.7499163552698533],[-74.286327395605596,4.7501526005232577],[-74.287400373914352,4.7508848347088133],[-74.287912223115498,4.7512389043179297],[-74.288184768455878,4.751427438410027],[-74.288262879178717,4.7514814944560548],[-74.288454732753991,4.7516142676647535],[-74.289401285583864,4.75225957869407],[-74.289409039129069,4.7522648646629975],[-74.289410738601958,4.7522660361147144],[-74.289613310375771,4.7524055969840795],[-74.290338970684672,4.7529055403596328],[-74.290423252096033,4.7529636997644555],[-74.290413622976502,4.75297384718675],[-74.290412494827436,4.7529751144607895],[-74.29041105859099,4.7529769922331795],[-74.290409790049068,4.7529789884171922],[-74.290408701816403,4.7529810876358072],[-74.290407798395222,4.752983274514488],[-74.290407088793827,4.7529855309645006],[-74.290406579317519,4.7529878425150391],[-74.290406270861325,4.7529901883669003],[-74.290406167927415,4.7529925531456296],[-74.290406270509763,4.7529949169565695],[-74.29040657860331,4.7529972635223166],[-74.29040708859695,4.7529995747579443],[-74.290407798682097,4.753001831673723],[-74.290408701642974,4.7530040188987677],[-74.290409790262586,4.7530061174449649],[-74.290411058227122,4.7530081137497664],[-74.290412494714857,4.7530099915390673],[-74.290414088003345,4.7530117363476752],[-74.290415827272042,4.7530133355187667],[-74.290417884721606,4.7530149047496293],[-74.290436284150331,4.7530276035893708],[-74.290436677238873,4.7530278747582209],[-74.290439340503482,4.7530297114749276],[-74.290439600465234,4.7530308906030587],[-74.290440309648901,4.7530331466147739],[-74.290441212609906,4.753035333839736],[-74.290442302131069,4.7530374323855833],[-74.290443570096016,4.7530394295945948],[-74.290445005682528,4.7530413073841249],[-74.290447075948748,4.7530435186645539],[-74.290466662548127,4.7530622235034077],[-74.290467925740856,4.7530633562021745],[-74.290469796563627,4.7530647961755461],[-74.29047178631798,4.7530660679121013],[-74.290473878775671,4.7530671605653625],[-74.290476058610508,4.7530680660013482],[-74.290478308694247,4.7530687778952156],[-74.290480611898829,4.7530692908264811],[-74.290482950194772,4.7530695993748342],[-74.29048530735686,4.7530697026410857],[-74.290487664455654,4.7530695997266896],[-74.290490002561981,4.7530692906375709],[-74.290492306353102,4.7530687780913459],[-74.2904945559998,4.7530680666156373],[-74.290496736179961,4.7530671607367037],[-74.290498828867953,4.753066067694478],[-74.29050081784159,4.7530647965370365],[-74.290502689582581,4.7530633554072601],[-74.290504893740618,4.7530612784511872],[-74.290528545725834,4.7530363522253731],[-74.290689195372309,4.7531469220681988],[-74.291192631970361,4.7534934262907731],[-74.291885309115898,4.7539701801187935],[-74.292416459731967,4.7543299824527177],[-74.292442899440346,4.754347892021471],[-74.292463029899224,4.7543615280233471],[-74.29256704780191,4.7544319912365314],[-74.292886563109079,4.7546484334841743],[-74.293135904190123,4.7548176188889153],[-74.294462763914765,4.7557409987969299],[-74.294625452766738,4.7558542129981181],[-74.295716223198369,4.7566045444761684],[-74.295933407634394,4.7567539429407333],[-74.295935760779599,4.7567555617966306],[-74.295926601747766,4.7567642071013312],[-74.29592505275383,4.7567657946399464],[-74.295923905682997,4.7567670709717804],[-74.295861508245281,4.7568375737478608],[-74.295861014462645,4.7568381472309813],[-74.29585957823393,4.7568400250141947],[-74.295858310603265,4.7568420221116332],[-74.295857221480574,4.7568441213384132],[-74.29585631897379,4.7568463082231593],[-74.295855609387004,4.7568485646778855],[-74.295855099025118,4.7568508753275012],[-74.295854790586617,4.7568532220851081],[-74.295854688572746,4.7568555868632778],[-74.295854790273395,4.756857950672571],[-74.295855099288957,4.7568602972343941],[-74.295855609303999,4.7568626084647896],[-74.295856318509493,4.7568648644696561],[-74.295857221492795,4.756867051686358],[-74.295858311036824,4.7568691511266232],[-74.295859579024139,4.7568711474201351],[-74.295861014633175,4.7568730251971383],[-74.295863775595691,4.7568758737726657],[-74.295888715122601,4.7568980872411162],[-74.295889286761806,4.7568985826165031],[-74.29589115850753,4.7569000234779679],[-74.295893147381079,4.756901295198114],[-74.295895240759776,4.7569023878335699],[-74.29589742061323,4.7569032932514297],[-74.295899669812968,4.7569040051269891],[-74.29590197393496,4.7569045180389953],[-74.295904312245241,4.7569048256639368],[-74.295906668519237,4.7569049298155557],[-74.295909026530524,4.7569048259775215],[-74.295911364646742,4.7569045177738678],[-74.295913668445635,4.7569040052091376],[-74.295915917196865,4.7569032937158049],[-74.295918097380977,4.7569023878195491],[-74.295920190071257,4.7569012956652141],[-74.295922179946075,4.7569000235875967],[-74.295924050784009,4.7568985833479029],[-74.29592689020032,4.756895813479237],[-74.295940479268495,4.7568804586682569],[-74.295958283607334,4.756863379827502],[-74.295977705327687,4.7568500605547976],[-74.29599981143339,4.7568397219086211],[-74.29600312819251,4.7568385588302045],[-74.296020549871628,4.7568342967603821],[-74.296037593871887,4.7568329095811439],[-74.296049555649304,4.7568338426407788],[-74.296050528462786,4.7568345106101093],[-74.296053267488503,4.7568363952074924],[-74.296054644214081,4.7568373424775201],[-74.29608187669443,4.7568560808886531],[-74.297385863867802,4.7577533883207517],[-74.29752742521751,4.7578503311259652],[-74.297587777663495,4.7578916609728941],[-74.297605557022905,4.7579038362158483],[-74.298936912728635,4.7588155607657248],[-74.299442385803786,4.7591571909268007],[-74.299399212369806,4.7592157103571431],[-74.299397528485883,4.7592182854427163],[-74.299396439370753,4.7592203846746166],[-74.299395536872609,4.7592225715635053],[-74.299394827295444,4.759224828021317],[-74.299394316042694,4.7592271386731655],[-74.299394008516956,4.7592294854314199],[-74.29939390651522,4.7592318502093933],[-74.299394009130054,4.7592342140171517],[-74.299394316356171,4.7592365605771949],[-74.299394827286392,4.7592388718038832],[-74.299395536506054,4.7592411278043505],[-74.299396439503781,4.7592433150155253],[-74.299397529062304,4.7592454144494214],[-74.299398797064157,4.7592474107355986],[-74.299400232687688,4.7592492885044031],[-74.29940182691432,4.759251033289968],[-74.29940356621897,4.7592526324363762],[-74.299404864557857,4.7592536593029005],[-74.299419398513578,4.7592644465364353],[-74.299441148953846,4.7592805776659723],[-74.299443703146537,4.759282257936551],[-74.299445796537739,4.7592833505606267],[-74.299447976402931,4.7592842559665502],[-74.299450225613299,4.7592849669256401],[-74.299452529745409,4.7592854798252411],[-74.299454868065069,4.7592857883419439],[-74.299457224346867,4.7592858915767247],[-74.299459581464021,4.7592857886307849],[-74.299461920487218,4.7592854795101527],[-74.299464224290745,4.7592849669333956],[-74.299466473045712,4.7592842563325872],[-74.299468653232012,4.7592833504250311],[-74.299470745922932,4.7592822573555749],[-74.299472735797664,4.7592809861721079],[-74.299474606633666,4.7592795450185852],[-74.299476345815478,4.7592779465592585],[-74.299477939825636,4.7592762016500796],[-74.299478967898935,4.7592748927961503],[-74.299511850044468,4.7592302830090825],[-74.299513267323221,4.7592283582010921],[-74.299518005704385,4.759221932524123],[-74.29952471367946,4.7592128321959857],[-74.300421930049225,4.7598192245463622],[-74.301214313816914,4.7603842364021505],[-74.301373876256079,4.7604980141917812],[-74.301451833547233,4.7605536014730632],[-74.301542498978819,4.7606182502158463],[-74.301601993975368,4.7606630117830555],[-74.301628908145346,4.7606832620520452],[-74.301631593160664,4.7606852813838882],[-74.30164449530109,4.760694989364219],[-74.301647247938604,4.7606970620276634],[-74.302840796631983,4.7615950445159445],[-74.303436934691064,4.7620505022299309],[-74.303621981328916,4.7621918811717627],[-74.303690664371445,4.7622443559144489],[-74.30370996093886,4.7622590987007554],[-74.303725633878557,4.7622710746161383],[-74.304071011207412,4.7625349450732433],[-74.304124179148218,4.7625755658905717],[-74.304318286630746,4.7627215155930038],[-74.305374253233424,4.7635154935527453],[-74.306199390809482,4.7641445887395752],[-74.306133948661952,4.7642307540887243],[-74.306132039541865,4.7642336313007432],[-74.30613095044049,4.7642357305424277],[-74.306130047958234,4.7642379174391625],[-74.306129338398989,4.764240173902806],[-74.306128827166319,4.7642424854627388],[-74.306128519662138,4.7642448322226389],[-74.306128416781817,4.7642471960962318],[-74.306128519421407,4.7642495608057835],[-74.306128827574355,4.7642519064567033],[-74.306129338531321,4.7642542176768217],[-74.30613004777878,4.7642564745730267],[-74.306130950804658,4.7642586617737619],[-74.306132039489995,4.7642607602913767],[-74.306133306619458,4.76426275746807],[-74.306134743173047,4.7642646352208295],[-74.306136337428015,4.7642663799891505],[-74.306138076760334,4.7642679782126933],[-74.306139118155187,4.764268812535037],[-74.306175278870782,4.7642963237760414],[-74.306178098175295,4.7642982019732099],[-74.30618019159165,4.7642992945753342],[-74.306182371480759,4.7643001999586776],[-74.306184620713864,4.7643009117988528],[-74.306186923965342,4.764301424675069],[-74.306189262304002,4.7643017331679562],[-74.306191619504204,4.7643018363784186],[-74.306193976635981,4.7643017325043653],[-74.306196315672238,4.7643014242645538],[-74.306198619486253,4.7643009116647264],[-74.306200868249007,4.7643002001372556],[-74.306203048441276,4.7642992951125036],[-74.306205141135379,4.7642982020224611],[-74.306207130109399,4.7642969308199143],[-74.306209001845005,4.7642954896480232],[-74.306210741022525,4.7642938911720139],[-74.306212335927313,4.7642921462475067],[-74.30621316757545,4.7642910996961447],[-74.306250678338785,4.7642414746258117],[-74.306256677575661,4.7642345257999867],[-74.306262294332129,4.7642294390544366],[-74.306264390467476,4.7642278495025829],[-74.306273348619371,4.7642224568963458],[-74.306282419107845,4.7642187670488392],[-74.306290484226508,4.7642168761878523],[-74.306294389145492,4.7642170159593817],[-74.306334500822061,4.7642475968789393],[-74.306338656430626,4.7642507641621368],[-74.306339820433934,4.7642516517970037],[-74.306476603011149,4.7643559371249973],[-74.30673840381867,4.7645555355363944],[-74.307049557355811,4.7647928528836374],[-74.30712827332556,4.764852889275117],[-74.307157818866671,4.7648754235962398],[-74.307349169322336,4.7650213687715635],[-74.30774337439361,4.7653220277061559],[-74.307956049600577,4.7654842348095361],[-74.307956517545136,4.7654845837123192],[-74.308156778729725,4.7656305952878961],[-74.308440522187794,4.7658374706710447],[-74.308507443374836,4.7658862622722964],[-74.309038720776371,4.7662899002608103],[-74.309082993526559,4.7663230324422114],[-74.310057471149818,4.7670522930710728],[-74.310137690385361,4.7671126622667259],[-74.310171458367876,4.7671380743072289],[-74.310223489846621,4.7671772327459925],[-74.310232606265046,4.7671840914822203],[-74.310235242642221,4.7671860755264994],[-74.310237067548584,4.7671874476348632],[-74.310525340696259,4.7674043872128671],[-74.310944759542622,4.7677200225592449],[-74.310996416094696,4.7677590978663495],[-74.31101686791402,4.7677745670943912],[-74.311048108717628,4.7677981993817138],[-74.311469265138825,4.7681167754758418],[-74.312143577953307,4.7686303448214238],[-74.312696722485626,4.7690611148127795],[-74.312879894927221,4.7692149077206807],[-74.313045507449601,4.7693855482631724],[-74.313363670478836,4.7697269774828142],[-74.313381245367907,4.7697458387436091],[-74.313398886985581,4.7697647687075948],[-74.313408620354764,4.7697752136362626],[-74.313721505859931,4.7701109754305699],[-74.314088151252477,4.7705138075857647],[-74.314366941412132,4.7708201124006653],[-74.314389584555954,4.7708456121515495],[-74.314506089915284,4.7709768164794282],[-74.315082743311621,4.7716262158244556],[-74.315083035480058,4.7716265394623685],[-74.315185818647748,4.7717385998776436],[-74.315171988171556,4.7717539578523489],[-74.315171373652163,4.7717546643225237],[-74.315114212437408,4.7718227244620683],[-74.315112759114015,4.7718246230884587],[-74.315111491514941,4.7718266193148606],[-74.315110401529282,4.7718287185698598],[-74.315109499067276,4.7718309054769499],[-74.315108790432561,4.7718331619479715],[-74.315108279225896,4.771835473512966],[-74.315107970848544,4.7718378193710747],[-74.315107867999444,4.7718401841483145],[-74.315107970671733,4.7718425479501336],[-74.315108278859881,4.7718448944991589],[-74.315108789853397,4.7718472057102952],[-74.315109499138728,4.7718494625949193],[-74.315110401302093,4.7718516497817776],[-74.315111491829896,4.7718537482821297],[-74.315112758999163,4.7718557445355918],[-74.315114194691589,4.7718576222675582],[-74.315115770050156,4.7718593471246784],[-74.315117486881789,4.7718609308621645],[-74.315120253226596,4.7718633009764808],[-74.315119938548079,4.7718656721571531],[-74.315119836600431,4.7718680369341042],[-74.31511993927279,4.7718704007359074],[-74.315120247460996,4.7718727472848936],[-74.315120758454597,4.771875058496053],[-74.315121466838548,4.7718773153810066],[-74.315122369903392,4.7718795025675158],[-74.315123459529872,4.7718816010681353],[-74.315124726699224,4.7718835973215503],[-74.315126163293442,4.7718854759574914],[-74.315127719716301,4.771887182735151],[-74.31512941581029,4.7718887511067241],[-74.315129584423332,4.7718888939275601],[-74.315143262808704,4.771900455176179],[-74.315145156273886,4.7719019131549247],[-74.315147145224572,4.7719031848150602],[-74.315149237775941,4.7719042773881215],[-74.31515141679877,4.7719051836456341],[-74.315153666965912,4.7719058945499819],[-74.315155970248199,4.7719064073944955],[-74.31515830951659,4.7719067158549571],[-74.315160666742656,4.771906819033374],[-74.315163023897782,4.7719067160316415],[-74.315165362953778,4.7719064068559689],[-74.315167665883322,4.771905894225613],[-74.315169916462906,4.7719051835719171],[-74.31517209486239,4.7719042776145555],[-74.315174187563741,4.7719031854013529],[-74.315176177442325,4.7719019132681959],[-74.315178049178144,4.7719004729763874],[-74.31517977033009,4.7718988925703352],[-74.315181348108482,4.7718971693347054],[-74.315183587198263,4.7718945026863882],[-74.315184279198974,4.7718936795348323],[-74.315199168020555,4.7718759519302232],[-74.315207568436364,4.7718659483801789],[-74.315211485295166,4.7718616147365536],[-74.315357636099492,4.7720181929205641],[-74.315360838788237,4.7720216254017345],[-74.315361020984838,4.7720218213758274],[-74.31536104797155,4.7720218503652054],[-74.315361156707908,4.7720219693222665],[-74.315463274362685,4.7721352323525394],[-74.315465947036415,4.7721378159123118],[-74.315467818863112,4.7721392567158887],[-74.315469808716458,4.772140528374651],[-74.315471901269063,4.7721416209467007],[-74.315474080293015,4.7721425272031279],[-74.315476330461209,4.7721432381063922],[-74.315478633744448,4.7721437509497369],[-74.315480973013777,4.7721440594090678],[-74.315483330240639,4.7721441625862919],[-74.315485686495052,4.7721440595837361],[-74.31548802645338,4.772143751310975],[-74.315490329383408,4.7721432386794556],[-74.315492579061655,4.7721425271206757],[-74.315494758362817,4.772141621162012],[-74.315496851064268,4.772140528947757],[-74.315498840041485,4.7721392568140262],[-74.315500712678599,4.7721378165210266],[-74.315501469635905,4.772137153407547],[-74.315528617075216,4.7721125208415298],[-74.315791806459828,4.7723992921280791],[-74.316395004840317,4.7730709258550847],[-74.31704921506315,4.77379618417784],[-74.317333043195418,4.7741060947762852],[-74.317340306341791,4.7741342295360303],[-74.317340794941671,4.7741362744695568],[-74.317340861491516,4.7741365235817854],[-74.317341565660655,4.7741387826787323],[-74.317342189252045,4.7741402940951119],[-74.317342245544694,4.7741404454246039],[-74.317342467680689,4.7741409689306282],[-74.317343557658987,4.7741430688476072],[-74.317344201933395,4.7741440834997437],[-74.317344335916189,4.7741443318374603],[-74.317344456840118,4.77414448494621],[-74.317344824803783,4.7741450644432053],[-74.3173462610211,4.7741469422277234],[-74.31734704882723,4.7741478199659912],[-74.317347844727223,4.7741486959056427],[-74.317850925657282,4.7746995852126819],[-74.318069937420518,4.7750107832907229],[-74.318070036985219,4.7750109238978444],[-74.318070138052676,4.7750110647170416],[-74.31812428089782,4.7750859512135273],[-74.318125456124832,4.7750874613173853],[-74.318127049904874,4.7750892058468004],[-74.318127084464209,4.7750892417699919],[-74.318128789012349,4.775090804996708],[-74.318130114719793,4.7750918255557302],[-74.318130374734793,4.7750920469432794],[-74.31813050445048,4.7750921255790733],[-74.318130660501524,4.7750922457106402],[-74.318132650701216,4.7750935173520235],[-74.318133729147064,4.7750940804425994],[-74.318134072230819,4.7750942884255538],[-74.318134318069227,4.7750943879374033],[-74.318134743423613,4.7750946100283329],[-74.31813692248096,4.7750955165449129],[-74.31813776160584,4.7750957818317987],[-74.318138080181029,4.775095910786491],[-74.318138400932725,4.7750959839531548],[-74.318139172584708,4.7750962279086622],[-74.318141475748448,4.7750967396229065],[-74.318142041965643,4.7750968145089869],[-74.318142295749794,4.7750968723996765],[-74.318142652176448,4.7750968952135739],[-74.31814381488509,4.7750970489896902],[-74.318146172008184,4.7750971524117212],[-74.318146467732134,4.7750971394364399],[-74.318146610774392,4.7750971485921658],[-74.318146902733716,4.7750971203501402],[-74.318148529131278,4.7750970489897],[-74.318150868131298,4.7750967382013743],[-74.31815091423158,4.7750967308784009],[-74.318150987188801,4.7750967132012114],[-74.318153171431661,4.7750962279087075],[-74.318154818980901,4.7750957070408226],[-74.318155096622178,4.7750956341371316],[-74.318155213726101,4.7750955822432752],[-74.318155421535423,4.7750955165449387],[-74.31815760059277,4.7750946100283169],[-74.31815868317625,4.775094044777374],[-74.318159049716257,4.7750938823474209],[-74.318159273360592,4.7750937366235746],[-74.318159693315167,4.7750935173520386],[-74.318161682615525,4.7750922457106393],[-74.318162352260074,4.7750917304509821],[-74.318162672394422,4.7750915218554271],[-74.318162942512146,4.7750912762800866],[-74.31816355500402,4.7750908049966956],[-74.318165294292839,4.7750892060021384],[-74.318165659596971,4.7750888060642156],[-74.318165871706498,4.7750886132265116],[-74.318166116782692,4.7750883055335569],[-74.31816688789155,4.7750874613174101],[-74.318168565795574,4.7750852305946871],[-74.31819047649131,4.7750527589651997],[-74.318194276713811,4.7750570197094451],[-74.318249012205058,4.7751183707315201],[-74.318364438494967,4.7752477534368838],[-74.318409435822304,4.7752981902660068],[-74.318532812164662,4.7754364856274272],[-74.318544818310599,4.7754499409894935],[-74.318682701462777,4.7756044905119177],[-74.318745294156031,4.7756746484033838],[-74.31883113286618,4.775771413426531],[-74.318874160949363,4.7758199118609737],[-74.318875768113685,4.7758222067652198],[-74.318875899615122,4.7758223893180647],[-74.318876033130735,4.7758225681757578],[-74.318876906194376,4.77582372278024],[-74.318911828636118,4.7758720005482678],[-74.318933741954069,4.7759162713643715],[-74.318958716085447,4.7759667258707035],[-74.318959517068024,4.775968224953667],[-74.318960785112097,4.7759702205492838],[-74.318960902645983,4.775970374219197],[-74.31896098549187,4.7759705124668166],[-74.318961217996161,4.7759707865242582],[-74.318962221329386,4.7759720983337797],[-74.318963813795307,4.7759738439856614],[-74.318963844091925,4.7759738755261347],[-74.318965554216902,4.7759754420130811],[-74.318966955522285,4.775976520769083],[-74.318967207377156,4.7759767344435238],[-74.318967323422783,4.775976803987052],[-74.318967425706077,4.775976882727007],[-74.318969415905755,4.7759781543683761],[-74.318970665541258,4.7759788068424838],[-74.318970993853043,4.7759790035922292],[-74.318971193116113,4.7759790823059491],[-74.318971508628181,4.7759792470446909],[-74.318973687685485,4.7759801526620125],[-74.318974770051412,4.7759804952814484],[-74.318975099475537,4.7759806254118864],[-74.318975356056669,4.7759806807795355],[-74.318975937789261,4.7759808649250539],[-74.318978240953001,4.7759813766393151],[-74.318979118790381,4.7759814927393069],[-74.318979414497818,4.7759815565499588],[-74.318979710799908,4.7759815710365885],[-74.318980580089644,4.7759816860060473],[-74.318982937212752,4.7759817894281076],[-74.31898359096806,4.7759817607436759],[-74.318983823575564,4.775981772116201],[-74.318984125555119,4.7759817372879754],[-74.318985294335832,4.7759816860060704],[-74.318987632573169,4.7759813766392547],[-74.318988042762655,4.7759812855039092],[-74.318988208850229,4.7759812663484702],[-74.318988487184981,4.775981186762646],[-74.318989935736909,4.7759808649250539],[-74.318992185840656,4.7759801526620045],[-74.318992451164888,4.7759800480731061],[-74.318992640856237,4.7759799638729676],[-74.318994357703389,4.7759792515413286],[-74.318996442601687,4.7759781635856413],[-74.319007907308006,4.7759715336965867],[-74.319030359052704,4.7759973157636191],[-74.319060662244723,4.7760321132097889],[-74.319037675188937,4.7760548013045669],[-74.319037612303703,4.7760548679965487],[-74.319035951348027,4.7760566714782895],[-74.319034735821191,4.7760582607206743],[-74.319034642403878,4.7760583766314717],[-74.319034515130738,4.7760585492627126],[-74.319033247086594,4.7760605457576348],[-74.319032358143517,4.7760622590467952],[-74.319032269336617,4.776062419762428],[-74.31903215800763,4.7760626447753021],[-74.319031255088305,4.776064831027143],[-74.319030697841896,4.7760666037628665],[-74.319030626709363,4.7760668104815407],[-74.319030545523205,4.776067088325564],[-74.319030034708305,4.7760693986838554],[-74.319029802066439,4.7760711741083384],[-74.319029756472233,4.776071417118648],[-74.319029754995299,4.7760715333356609],[-74.319029727140148,4.7760717459144217],[-74.3190296246174,4.7760741102321012],[-74.319029700119358,4.7760758514128669],[-74.319029696889558,4.7760761055589853],[-74.319029716373336,4.7760762262526129],[-74.319029727140133,4.7760764745497495],[-74.319030034708291,4.776078820880941],[-74.319030407196152,4.7760805056015325],[-74.319030444139699,4.7760807344508418],[-74.319030482029518,4.7760808440645262],[-74.319030545523219,4.7760811312393043],[-74.319031255088305,4.7760833885375948],[-74.319031909610842,4.7760849739946467],[-74.319031981479142,4.7760851636992117],[-74.319032158007644,4.776085575688831],[-74.319033247086622,4.7760876747064707],[-74.319034159888048,4.7760891112358443],[-74.319034251362623,4.7760892653082356],[-74.319034515130738,4.7760896703021452],[-74.319035951348042,4.7760915480865433],[-74.319037083857097,4.7760927886058191],[-74.319037192782801,4.7760929155671006],[-74.319037544946681,4.7760932936706189],[-74.319039284235515,4.7760948917659078],[-74.319040565203295,4.7760958784989436],[-74.319040718792593,4.7760960047653018],[-74.319041155724705,4.776096333379181],[-74.319043145924383,4.7760976050205191],[-74.319044722440083,4.7760984435263767],[-74.319045236170496,4.7760987017753314],[-74.31909958893975,4.7761255544684049],[-74.319174085351406,4.7761623586551538],[-74.31918023921466,4.77616942423432],[-74.319181401579002,4.7761706762782472],[-74.31938860975616,4.7763803236317646],[-74.319429882241323,4.7764220831455466],[-74.31944443446784,4.776436806322498],[-74.319445748268265,4.7764380501738097],[-74.31972182442054,4.7766823520628314],[-74.319788988246586,4.7767417859652266],[-74.319815244773523,4.7767650198731237],[-74.319817321382487,4.7767668566739339],[-74.319818662207354,4.7767680453527577],[-74.319834313872107,4.77678189548398],[-74.319861804204507,4.7768070189377756],[-74.319881013264165,4.776824575434544],[-74.320044198781616,4.7769737061921695],[-74.320185958898492,4.777103261906027],[-74.320199686494277,4.7771158087106018],[-74.320249491411644,4.7771613243185334],[-74.320346486313952,4.7772499681961289],[-74.320437079013701,4.7773324777574935],[-74.320568885173159,4.7774525254989104],[-74.320569680469177,4.7774532215268364],[-74.32057155141932,4.7774546623152672],[-74.320573542198559,4.7774559339575502],[-74.320575634775011,4.7774570265125824],[-74.320577813821643,4.7774579318471542],[-74.320580064012148,4.7774586436367246],[-74.320582367316263,4.7774591564617497],[-74.320584706605132,4.7774594649026465],[-74.32058706294859,4.7774595680616452],[-74.320589420120612,4.7774594641360828],[-74.320591759192254,4.7774591558454942],[-74.32059406303658,4.7774586431959198],[-74.320596312726067,4.777457932524217],[-74.32059849203614,4.7774570265489578],[-74.32060058474417,4.7774559334146076],[-74.320602574627728,4.7774546621699967],[-74.320604446365977,4.7774532218633494],[-74.32060690100316,4.7774508770517325],[-74.320609052768958,4.77744854681624],[-74.320611708252343,4.7774508373670352],[-74.320628900775702,4.7774655496326899],[-74.320646054527316,4.7774802293569101],[-74.32064626912917,4.7774804119490684],[-74.320688866446531,4.7775159366757318],[-74.320853204521811,4.7776758858378159],[-74.320854546263106,4.7776771070688167],[-74.320881438234025,4.777699980795366],[-74.321011946913274,4.7778109895368841],[-74.321147142302308,4.7779276484505013],[-74.321200332302354,4.7779735452975407],[-74.321200584775283,4.7779737595265095],[-74.321201419727899,4.7779744356449223],[-74.321251298989438,4.7780131463009266],[-74.321274544102835,4.7780311873882244],[-74.321275117036706,4.7780316941191412],[-74.321328968440667,4.7780814902046274],[-74.321328290207461,4.7780823972234296],[-74.321326491939118,4.7780851252266627],[-74.321325402865327,4.7780872244904176],[-74.321324500416239,4.7780894114046992],[-74.321323790895363,4.7780916678813625],[-74.321323280607572,4.7780939794493751],[-74.321322972250059,4.7780963262132428],[-74.32132286942209,4.7780986900856455],[-74.321322972117983,4.7781010547892731],[-74.321323280330631,4.7781034004295435],[-74.321323790449014,4.7781057116347316],[-74.321324500663167,4.778107968510831],[-74.321325402854995,4.7781101556877594],[-74.321326492510607,4.7781122541766745],[-74.32132776061141,4.7781142513207717],[-74.321329196333963,4.7781161290378948],[-74.321330789757837,4.7781178737670382],[-74.321332529160131,4.7781194728522429],[-74.321332959261895,4.7781198262799318],[-74.321390664894977,4.7781664083650686],[-74.321392262441762,4.7781687840787539],[-74.321411641096716,4.7781975691972054],[-74.321417838780121,4.7782068194320573],[-74.32141692779777,4.7782078162929054],[-74.321415491599467,4.7782096941271233],[-74.321414224008677,4.7782116912687584],[-74.321413134934687,4.7782137896283094],[-74.321412231584304,4.7782159765430405],[-74.321411522063642,4.7782182330197598],[-74.321411012677473,4.7782205445875192],[-74.32141070341882,4.7782228913517057],[-74.321410601492573,4.7782252552237994],[-74.321410704188793,4.7782276199274003],[-74.321411012401825,4.7782299655676086],[-74.321411522520606,4.778232276772683],[-74.321412267925069,4.7782346313003821],[-74.321413347951989,4.7782375400438957],[-74.321414068804955,4.7782392914132954],[-74.321415327266152,4.7782420680657873],[-74.321416164380466,4.7782437579016275],[-74.321417634656967,4.7782464829337545],[-74.321417996355478,4.7782471320912423],[-74.321418609678503,4.7782481446871961],[-74.321420292663362,4.7782507945868833],[-74.321421396568965,4.778252402940895],[-74.321423283237792,4.7782549487738226],[-74.321424269833329,4.7782562017803327],[-74.321424507906727,4.7782564811237815],[-74.321426590140049,4.7782589039025636],[-74.321427931964408,4.7782603539197206],[-74.321430197134021,4.7782626301370614],[-74.321431648898255,4.7782639860680627],[-74.321434079869562,4.7782660940268791],[-74.321434381936385,4.7782663525487497],[-74.321435634358181,4.7782673441184436],[-74.321438213998761,4.7782692684518047],[-74.321439847768488,4.7782703946262703],[-74.321442554438534,4.7782721190645434],[-74.321443529984052,4.7782727128414058],[-74.321444259375937,4.7782731195161725],[-74.321447067831585,4.7782746323123941],[-74.321448832216277,4.7782755016196017],[-74.321451720820875,4.7782767955470771],[-74.321453498674757,4.778277517448875],[-74.321456439483967,4.7782785916132511],[-74.321458281295151,4.7782791905076873],[-74.321461252673018,4.7782800394908724],[-74.321463112463675,4.778280500021312],[-74.321466089171096,4.778281125640925],[-74.321466941070327,4.7782812899200726],[-74.321467914657632,4.7782814442086741],[-74.321470875064051,4.7782818564196496],[-74.321471870273285,4.778281976337194],[-74.321473912962801,4.7782821845032455],[-74.321474232076028,4.778282215135822],[-74.32147627655948,4.778282397980905],[-74.321476633531972,4.7782824276957383],[-74.321478682513245,4.7782825843145371],[-74.321478975481782,4.7782826050091431],[-74.321481025356462,4.7782827390201632],[-74.321481381424647,4.7782827605966611],[-74.321483435796878,4.7782828674771292],[-74.321483730565674,4.7782828809366835],[-74.321485785831612,4.7782829661136921],[-74.321486115755178,4.7782829777522027],[-74.321488171011836,4.7782830367044848],[-74.32148851355366,4.7782830438169661],[-74.321490569702746,4.7782830774486529],[-74.321490864468089,4.778283080960966],[-74.321492991821302,4.7782830919597901],[-74.321493274866612,4.7782830909547842],[-74.321495330998118,4.7782830748500746],[-74.321495649197459,4.7782830702153065],[-74.321497706221777,4.7782830296941334],[-74.321498036138308,4.7782830214380585],[-74.321500091350785,4.7782829555972066],[-74.321500397829155,4.7782829437322683],[-74.321502452132265,4.7782828552842833],[-74.321502794665449,4.778282837980691],[-74.321504845353601,4.7782827233093537],[-74.321505143716934,4.7782827051171726],[-74.321507190791081,4.7782825669353528],[-74.321508847542134,4.7782824044763297],[-74.321529175416586,4.7782797702551409],[-74.321709090643168,4.778412404740485],[-74.321709896714225,4.7784129759699256],[-74.321727721178007,4.7784251369546062],[-74.321729478435003,4.7784262404769295],[-74.321780678589633,4.7784554780955464],[-74.321861603657936,4.7785016905513844],[-74.32187346062338,4.778508461328177],[-74.322006876896026,4.7785971561696199],[-74.322090236394928,4.7786586119979972],[-74.322090840177253,4.7786590727022906],[-74.322504352197754,4.7789822924079806],[-74.322504438325382,4.7789823600817201],[-74.322593600576056,4.7790527880438711],[-74.32270542805864,4.7791415691299983],[-74.322849322819991,4.7792560415878551],[-74.322980713091937,4.7793608445829117],[-74.322981067621129,4.7793611315825624],[-74.322981234894499,4.7793612672107004],[-74.323052746923793,4.7794186750710939],[-74.323052801102449,4.7794187186531998],[-74.323053014352965,4.7794188906345827],[-74.323156693181161,4.7795028103390811],[-74.323221462646842,4.7795550700277563],[-74.323224889785834,4.7795574244959376],[-74.323226880804569,4.7795584570616132],[-74.323228382841165,4.7795596689890774],[-74.323228879462675,4.7795600494363892],[-74.32322960312176,4.7795605799669261],[-74.32323158202297,4.7795620556531855],[-74.32323455594377,4.7795636313842804],[-74.323235602419174,4.7795639941982424],[-74.323236515552694,4.7795643736969113],[-74.323237727838816,4.779564768499319],[-74.323238762059177,4.7795650967518819],[-74.323257334624103,4.779570908434299],[-74.323493828785786,4.7797599839640297],[-74.323503016626347,4.7797767137995146],[-74.323503282713844,4.7797771857476539],[-74.323504550823728,4.7797791819828488],[-74.323505986555645,4.7797810596948365],[-74.323507579988828,4.7797828044183612],[-74.323509319400273,4.7797844034975352],[-74.323511191264174,4.7797858442769376],[-74.323513181153928,4.7797871159102412],[-74.323515273741833,4.7797882084556607],[-74.323517452799663,4.779789114684565],[-74.323519703000173,4.7797898255595541],[-74.323522006313794,4.7797903383741662],[-74.323524345611432,4.7797906468045319],[-74.323526702864228,4.7797907499527241],[-74.323529060043512,4.7797906469209632],[-74.32353139912118,4.7797903386199909],[-74.323531709185175,4.7797902688777461],[-74.323677159814949,4.7799065564178926],[-74.323798740351165,4.7800037573431604],[-74.323799681691924,4.7800044768261758],[-74.323880722572767,4.7800636448628948],[-74.323880708294311,4.7800638607768402],[-74.323880549747486,4.7800650667495264],[-74.323880447224823,4.7800674310671791],[-74.323880457111727,4.7800676590733771],[-74.32388045603517,4.7800677525653112],[-74.3238805497475,4.780069795384823],[-74.323880783002153,4.7800715696161911],[-74.323880813980267,4.7800718533698001],[-74.323880858214977,4.7800721417160199],[-74.323881368130557,4.7800744529736807],[-74.323881702122762,4.7800755150603438],[-74.323881784798232,4.7800758534741465],[-74.323881883639345,4.7800760922784526],[-74.3238820776957,4.7800767093726799],[-74.323882980614968,4.780078896523885],[-74.323883294516079,4.7800795010166475],[-74.323883359248939,4.7800796574138946],[-74.323883473749348,4.7800798461738081],[-74.323884070593365,4.7800809955415398],[-74.323885337738076,4.780082992036518],[-74.323885489735062,4.7800831809497355],[-74.323886773955394,4.7800848689216231],[-74.323888367554105,4.7800866145057181],[-74.323890106842896,4.7800882135002878],[-74.323891213908382,4.7800890777488272],[-74.323891973835472,4.7800896614088177],[-74.324540285403316,4.7805802349424438],[-74.324540956267455,4.7805807263054634],[-74.324732381830913,4.7807165237427416],[-74.325433187022142,4.7812198645628827],[-74.325433212596693,4.7812198830261678],[-74.325881252840659,4.7815450091952121],[-74.32629443363885,4.7818393767737906],[-74.326295884761123,4.7818403418917192],[-74.3265290809383,4.7819847820329615],[-74.326529770703189,4.7819851949407362],[-74.326530481162422,4.7819855925006323],[-74.326843056272935,4.7821541937334144],[-74.326844567682798,4.7821549482683645],[-74.327046821543547,4.7822482233693773],[-74.327176258776404,4.7823067076946595],[-74.327176285705576,4.7823067200422713],[-74.327254978738992,4.7823465741962563],[-74.327255307818049,4.7823467377541862],[-74.327306382555975,4.7823717446700549],[-74.327356737833242,4.7823963991682596],[-74.327357287796943,4.7823966612140101],[-74.327592873923294,4.7825054943037237],[-74.327593221930158,4.7825056515244455],[-74.327819927105409,4.7826065172933117],[-74.327820293141798,4.7826066772202793],[-74.32792473035812,4.7826513023168866],[-74.328041471238038,4.7827011831969912],[-74.328207025759994,4.7827724952312725],[-74.328372319231732,4.7828447152340576],[-74.328410155256705,4.7828610194287871],[-74.328410928987452,4.7828618664723663],[-74.328412667516332,4.7828634655382452],[-74.32841453939848,4.7828649063031152],[-74.328416529305699,4.7828661779211599],[-74.328418949181952,4.782867420444143],[-74.328630661979489,4.7829630410702997],[-74.328652551276434,4.782972930583373],[-74.328665834155132,4.7829789311541111],[-74.328667119797018,4.7829795076246464],[-74.328668630812913,4.7829801328445836],[-74.328678661448507,4.782983927216935],[-74.328678953549684,4.782984035625506],[-74.328681207371531,4.7829847482899499],[-74.328691560348332,4.7829875297304536],[-74.328693860069691,4.7829880416239092],[-74.328695738735419,4.7829883058941878],[-74.328705954974666,4.7829893791662217],[-74.328772364326994,4.7830177965986485],[-74.32880582473291,4.7830321779153451],[-74.328806044265761,4.7830322685524269],[-74.328806241021468,4.7830323497444347],[-74.328855249784937,4.7830534409141459],[-74.328863836378048,4.7830571543371017],[-74.328884033058699,4.7830725341143259],[-74.328885067391894,4.7830733259732607],[-74.328885925345162,4.7830739375122642],[-74.328887904701986,4.7830752334025561],[-74.328889997475343,4.7830763153197671],[-74.328890345512974,4.7830764771977243],[-74.328892162031849,4.783077264384052],[-74.328950029684776,4.7831033742598503],[-74.328951716443385,4.7831046954647753],[-74.328954829831773,4.7831068004311756],[-74.328955316701837,4.7831070760631995],[-74.328980507587872,4.7831209767220813],[-74.328982438793332,4.7831219445158668],[-74.329024995772912,4.7831411669188286],[-74.329101955120166,4.7831762452987183],[-74.329170265665212,4.7832073841095291],[-74.329718949427146,4.7834532425782532],[-74.330101333613172,4.7836266029100063],[-74.330101596872822,4.7836267212758825],[-74.330159722071585,4.7836523321510134],[-74.330167808314258,4.7836560313622751],[-74.330168062558656,4.7836561470185988],[-74.330499309466731,4.7838035717350431],[-74.330588345886696,4.7838425439046066],[-74.330590401623198,4.7838438661322327],[-74.330592935105059,4.7838451601500909],[-74.330640353367471,4.7838663131349444],[-74.330699881518498,4.783892863179604],[-74.330699921548714,4.7838928823141496],[-74.330700007133984,4.7838929232677003],[-74.330706149208069,4.7838956680811666],[-74.330732704750446,4.7839075505930309],[-74.330797220481301,4.7839365328073384],[-74.330799661740372,4.7839381983360116],[-74.330802070805916,4.7839394372369144],[-74.330811775368076,4.7839438258206517],[-74.330817566189552,4.783946444332928],[-74.330818639054513,4.7839469015106584],[-74.330824317072526,4.7839491791444972],[-74.330834147969171,4.7839539339216417],[-74.330834780879186,4.7839542302971028],[-74.330841705883373,4.7839573620306979],[-74.330858997207002,4.783965181424839],[-74.33085936685211,4.7839653458702198],[-74.330891333818968,4.7839792312877449],[-74.330919171989052,4.7839923911763602],[-74.330919586715467,4.7839925827339354],[-74.33098547118378,4.7840223766574201],[-74.331381233741112,4.7842047082472012],[-74.331439229724339,4.7842316709809278],[-74.331508305183377,4.7842660801068488],[-74.331567423096331,4.784296967968265],[-74.331568737612514,4.7842976095317429],[-74.331575466382802,4.7843006729198247],[-74.331575922889741,4.7843009035973152],[-74.331586443419525,4.7843064089691953],[-74.331587482994266,4.7843069448942037],[-74.331589072290527,4.7843076989571367],[-74.331590709307605,4.7843084223536616],[-74.331654133119045,4.7843364946348776],[-74.331654159310276,4.7843365062419032],[-74.331654263005419,4.784336552290565],[-74.331654404397995,4.7843366158488587],[-74.331689486829347,4.7843525912225955],[-74.331689759105146,4.784352713201649],[-74.331725935642936,4.784368706741664],[-74.331727591809667,4.7843693744026536],[-74.331728731355696,4.7843697619232115],[-74.331730991489309,4.7843704744449989],[-74.331745409722799,4.7843768465143217],[-74.331745937624845,4.7843770713448226],[-74.331747595418548,4.7843777509791092],[-74.3317498469778,4.7843784625960115],[-74.331752135784711,4.7843790239337247],[-74.33179269687659,4.7843899413305495],[-74.331792931341212,4.7843900108162591],[-74.331801927589169,4.7843928422579971],[-74.331805120735694,4.784393638662519],[-74.331850302422453,4.7844020164754166],[-74.33185275081803,4.7844023447303003],[-74.331854824132748,4.7844024361984889],[-74.331858179844588,4.7844030585356103],[-74.33186062636679,4.7844033873065905],[-74.33186304554043,4.7844034900483265],[-74.331905092023163,4.7844033028014294],[-74.331906660463289,4.7844032502050933],[-74.331953102121446,4.7844003207740124],[-74.331959734015868,4.7844001672252769],[-74.332089396564569,4.7844209341498338],[-74.332120899740133,4.7844383419183449],[-74.33215341491713,4.7844622503031387],[-74.332182226582688,4.7844898107125013],[-74.332202057863327,4.784516356221876],[-74.33222928231207,4.7845615049000259],[-74.332229750428894,4.7845622525798666],[-74.332273852644008,4.7846302908835563],[-74.332275880063136,4.7846330274375104],[-74.332310695677279,4.784673950218207],[-74.332312223304697,4.784675600896878],[-74.332313882491917,4.7846771204033773],[-74.332315754386798,4.7846785611568654],[-74.332317744306053,4.7846798327627909],[-74.332319836921741,4.7846809252796492],[-74.332322016005151,4.784681830574713],[-74.332324266229747,4.7846825423236838],[-74.33232656956497,4.7846830551074682],[-74.332328908881635,4.7846833635065886],[-74.332331266150987,4.7846834666235036],[-74.33233362334407,4.7846833635606583],[-74.332335962432694,4.7846830552290376],[-74.332338265388685,4.7846825425396107],[-74.332340515086941,4.7846818309245265],[-74.332342694401959,4.784680924911803],[-74.33234478711114,4.7846798326459199],[-74.332346776991457,4.7846785613674472],[-74.332348720813727,4.7846770595103187],[-74.332363834731424,4.7846640455667391],[-74.332364109565233,4.7846637714623093],[-74.33236551262037,4.7846625103495004],[-74.332365784744866,4.7846622226816216],[-74.332367039922559,4.7846608440651925],[-74.332367306626793,4.7846605247489356],[-74.332368486924821,4.7846589806739379],[-74.332368729280503,4.7846586342377799],[-74.332369768921524,4.7846569970724921],[-74.332369981521751,4.7846566280400484],[-74.332370874199825,4.784654908638398],[-74.332371053440909,4.7846545224366679],[-74.332371793750397,4.7846527289393732],[-74.332371938732592,4.7846523300902115],[-74.332372521270358,4.7846504769679825],[-74.332372629292053,4.7846500727068104],[-74.332373051356143,4.7846481662908218],[-74.332373129632074,4.7846477656579287],[-74.332373499253194,4.7846454261028963],[-74.332373602042978,4.7846430622312379],[-74.332373499307138,4.7846406975316818],[-74.332373191052739,4.7846383509946531],[-74.332372680891808,4.7846360398003487],[-74.332371970634583,4.7846337838426933],[-74.332371068398871,4.7846315966830195],[-74.332369978698864,4.7846294973100782],[-74.332368710554533,4.7846275010933859],[-74.332367213464877,4.7846255510810956],[-74.332352191850504,4.7846078432941992],[-74.332427899346754,4.7845232868167518],[-74.332439125582198,4.7845107472665775],[-74.332443457447624,4.7845121274202294],[-74.332499899267788,4.7845313308628183],[-74.332589513262491,4.7845618211399721],[-74.332601313625545,4.7845661148695262],[-74.332614290526536,4.7845708838209067],[-74.332626208119891,4.7845752977778497],[-74.332639338312532,4.7845801986990395],[-74.332651039556126,4.7845845919373362],[-74.332664440234694,4.7845896482964196],[-74.332675608674862,4.7845938780549435],[-74.332689602589909,4.7845991973430184],[-74.332697993352269,4.7846023945244136],[-74.332714834381065,4.7846088150893253],[-74.333066765985478,4.7847430253423173],[-74.33313298156267,4.7847683091952602],[-74.333165983889572,4.7847809606537206],[-74.333220912099719,4.7848021793741315],[-74.333264717887417,4.7848192994475465],[-74.333317041711254,4.7848400615582278],[-74.333362557986305,4.7848584632796785],[-74.333413546018647,4.7848795423858936],[-74.333459699140676,4.7848991140232631],[-74.333509499340522,4.7849208464687019],[-74.333555331957328,4.7849414880029251],[-74.333658290397338,4.7849903665513711],[-74.333738981355097,4.7850313255408174],[-74.333739173424078,4.7850327913303197],[-74.333739684238992,4.7850351016886838],[-74.33374039380405,4.7850373589869859],[-74.333741296723403,4.7850395452389227],[-74.333742385802438,4.7850416442565225],[-74.333743653846497,4.7850436407514394],[-74.333745090063815,4.7850455185359344],[-74.333746683662454,4.7850472632207151],[-74.333748422951317,4.7850488622152598],[-74.33375120005779,4.7850508371265157],[-74.3337494679635,4.7850525053688591],[-74.33371373609998,4.785086931416866],[-74.333711752195498,4.7850890601120692],[-74.333710315978223,4.7850909369971513],[-74.333709047934164,4.7850929334921526],[-74.333707958855186,4.7850950325098234],[-74.333707055935861,4.7850972196610018],[-74.333706346370761,4.7850994760599832],[-74.333705835555804,4.7851017873177089],[-74.333705527987675,4.7851041336488773],[-74.33370542456565,4.7851064979666322],[-74.333705527987618,4.7851088622842592],[-74.333705835555804,4.785111208615473],[-74.333706346370775,4.7851135198731134],[-74.333707055935832,4.7851157771714528],[-74.333707958855186,4.7851179634233123],[-74.333709047934178,4.7851200624410044],[-74.333710315978237,4.7851220589359489],[-74.333711752195526,4.7851239367203711],[-74.333712734255244,4.7851250473831097],[-74.333733883611785,4.7851476905135693],[-74.333737155345418,4.7851511870776644],[-74.333787940061356,4.7852055403035179],[-74.33379028819121,4.7852077688235184],[-74.333792159680385,4.7852092095374736],[-74.333794149880077,4.7852104811787965],[-74.333796241703141,4.7852115747544515],[-74.333798421659765,4.785212480371821],[-74.333800671763512,4.7852131917354717],[-74.333802974927309,4.7852137043490242],[-74.333805314063937,4.7852140128164713],[-74.33380767118706,4.7852141162385484],[-74.333810028310083,4.7852140128164979],[-74.33381236654742,4.7852137043490472],[-74.333814670610522,4.7852131917355161],[-74.333816920714298,4.7852124803717446],[-74.333819099771546,4.7852115747544728],[-74.333821192493986,4.785210481178833],[-74.333823182693649,4.785209209537415],[-74.333825054182853,4.7852077688235282],[-74.33382546787098,4.7852074135913014],[-74.333870979861757,4.7851675097728137],[-74.333881766330421,4.7851580417103525],[-74.333914868918569,4.7851290099200021],[-74.333947792773586,4.7851478952860971],[-74.334073613465605,4.7852263447691064],[-74.334196505355507,4.7853093864426786],[-74.334316236720255,4.7853968657602595],[-74.334432746246662,4.7854887357230096],[-74.334545864420406,4.7855848706988358],[-74.334565888247283,4.7856028803985096],[-74.334584039181053,4.7856192060950633],[-74.334604061205354,4.7856372112727046],[-74.334715662525994,4.7857435463555085],[-74.334738085113045,4.7857665998030283],[-74.334738413750387,4.7857669421063651],[-74.334848073479733,4.7858837280516706],[-74.335212195486406,4.7863466846518907],[-74.335204729314725,4.7863531417841587],[-74.335183462147029,4.7863715356179402],[-74.335180403552727,4.7863746445742574],[-74.335178967335395,4.7863765223586849],[-74.335177700190684,4.786378518853672],[-74.335176610212287,4.7863806178712958],[-74.335175708192352,4.7863828041231695],[-74.335174998627195,4.7863850614214964],[-74.335174487812296,4.7863873717798571],[-74.335174179344847,4.7863897181110806],[-74.33517407682217,4.7863920833280789],[-74.335174179344847,4.7863944476457334],[-74.335174487812282,4.7863967939769259],[-74.33517499862721,4.7863991043352749],[-74.335175708192367,4.7864013616336081],[-74.335176610212329,4.7864035478854801],[-74.33517770019067,4.7864056478025025],[-74.33518007799816,4.7864091245814961],[-74.33520858560766,4.7864445470782648],[-74.335222491824453,4.7864618221554061],[-74.335222150082132,4.7864648690585403],[-74.335221981009553,4.7864679006731539],[-74.335222083532301,4.786470265890105],[-74.335222391999764,4.7864726122213348],[-74.335222901915344,4.7864749225796528],[-74.335223611480444,4.786477179878017],[-74.335224514399783,4.7864793661298846],[-74.335225604378067,4.7864814651475971],[-74.335226871522877,4.7864834616425567],[-74.335228326625938,4.7864853628093185],[-74.335231670305262,4.786489341410002],[-74.335236261344335,4.7864947975969052],[-74.335237072532806,4.7864957616701203],[-74.335267346410873,4.7865317471424742],[-74.335268917526477,4.7865334603509666],[-74.335270629835648,4.7865350323659444],[-74.335272501324809,4.7865364730798134],[-74.335274491524487,4.7865377447212252],[-74.335276584246898,4.7865388373974627],[-74.335278763304217,4.7865397430147771],[-74.335281013408007,4.7865404543785237],[-74.335283316571747,4.786540966992086],[-74.33528565570839,4.7865412763589354],[-74.335288012831484,4.7865413788815596],[-74.335290369954578,4.7865412763589044],[-74.335292709091206,4.7865409669921082],[-74.33529501225496,4.7865404543785122],[-74.335297262358694,4.7865397430147958],[-74.335299442315375,4.7865388373974866],[-74.335301534138466,4.7865377447212376],[-74.335303524338116,4.7865364730798348],[-74.33530531758629,4.7865350926204648],[-74.33531479733999,4.7865463035691054],[-74.335315418771515,4.7865470338186187],[-74.335335846195477,4.7865710408564643],[-74.335284987367004,4.7866156235913193],[-74.335282066052557,4.7866186133936459],[-74.335280628975752,4.7866204912557695],[-74.335279361411992,4.7866224875169792],[-74.335278272369706,4.7866245868008406],[-74.335277369054651,4.7866267737315686],[-74.335276659572898,4.7866290302202001],[-74.335276149327626,4.7866313417959008],[-74.335275841015246,4.7866336876588464],[-74.335275738235865,4.7866360524346101],[-74.335275840981964,4.7866384162286755],[-74.335276149247449,4.7866407627637075],[-74.335276659419833,4.7866430739551049],[-74.335277369689209,4.7866453308133332],[-74.3352782719369,4.7866475179683761],[-74.335279361648688,4.7866496164316441],[-74.335280629805567,4.7866516135464678],[-74.335282065583542,4.786653491230922],[-74.33528241549169,4.7866539016500518],[-74.335228844897614,4.7867008602721448],[-74.33522592268109,4.786703850074602],[-74.33522448650541,4.7867057279363028],[-74.335223218040269,4.7867077251020316],[-74.335222128997358,4.7867098234815035],[-74.335221226583414,4.7867120104118737],[-74.335220517101433,4.7867142669004163],[-74.33522000595444,4.7867165784764332],[-74.335219698543696,4.7867189252433135],[-74.335219594862323,4.7867212891151336],[-74.335219698510002,4.7867236538131541],[-74.335220005873595,4.7867259994442639],[-74.335220516947302,4.7867283106353726],[-74.335221226315184,4.7867305674939908],[-74.335222129464256,4.7867327546487441],[-74.335223218274919,4.7867348540167969],[-74.335224486431457,4.7867368502274248],[-74.335225923110954,4.7867387279115921],[-74.335226272117325,4.7867391374268458],[-74.335273715802231,4.7867936206457404],[-74.335276699730201,4.7867965548704916],[-74.335278570735397,4.7867979956154958],[-74.335280560665979,4.7867992672121291],[-74.33528120080598,4.7867996015610057],[-74.335285497198285,4.7868048991241379],[-74.335285756928016,4.7868052146260069],[-74.335287351308196,4.7868069593190272],[-74.335289089862556,4.7868085583658759],[-74.33529096176926,4.7868099991104707],[-74.335292951699884,4.7868112707071004],[-74.335295044326458,4.7868123632141346],[-74.33529722342054,4.7868132694034413],[-74.335299473654402,4.7868139802377518],[-74.33530177699852,4.7868144930109606],[-74.3353041163233,4.7868148013994247],[-74.335306473600141,4.7868149054099796],[-74.33530882989777,4.7868148014325831],[-74.335311169893146,4.7868144930901231],[-74.3353134728534,4.7868139803904972],[-74.335315722554867,4.7868132687654725],[-74.335317901872443,4.7868123636474156],[-74.335319994582392,4.7868112704681431],[-74.335322616193309,4.7868095413688234],[-74.335428559526122,4.7867304658822132],[-74.335433450332744,4.7867271271826688],[-74.335437387980278,4.7867252655596104],[-74.335441568352607,4.7867240458959026],[-74.335445895908165,4.7867234944523638],[-74.335450243552145,4.7867236293627542],[-74.33545452023894,4.7867244470441817],[-74.335458618689984,4.7867259249296863],[-74.335462443342635,4.7867280332134658],[-74.335466526203305,4.7867312075662323],[-74.335489673195809,4.7867531108658676],[-74.335521736817199,4.7867910268098894],[-74.335541968524183,4.7868175648250348],[-74.335542734196778,4.7868185230913394],[-74.335543114766594,4.7868189678620379],[-74.335559123805311,4.7868372883119257],[-74.335561676708764,4.7868398419887486],[-74.335579974518353,4.7868558646603914],[-74.335580373980648,4.7868562090470306],[-74.335582842787062,4.7868580574036734],[-74.335603102942287,4.7868714948535116],[-74.33560449597455,4.7868723588363133],[-74.335606237883042,4.7868732841796273],[-74.335619088253381,4.7868795218418185],[-74.335676209689268,4.7869567451577737],[-74.335771850790238,4.7871267089305434],[-74.335782710103956,4.7872056091516511],[-74.335782866585973,4.7872066100970549],[-74.335783377400887,4.7872089204554102],[-74.335784086965973,4.787211177753707],[-74.335784989885312,4.7872133640056118],[-74.335786078964347,4.7872154639226023],[-74.3357873461091,4.7872174595182182],[-74.335788782326389,4.7872193373026608],[-74.335790376824377,4.787221081987453],[-74.335792116113211,4.7872226809819969],[-74.335793987602429,4.7872241216958962],[-74.335795977802093,4.7872253933373043],[-74.33579806962517,4.787226486013628],[-74.335800249581837,4.7872273925302142],[-74.335802499685599,4.787228103893951],[-74.335804802849339,4.7872286156082371],[-74.335807141985981,4.7872289249749915],[-74.335809499109061,4.787229028397042],[-74.335811856232112,4.7872289249749587],[-74.335814195368727,4.7872286156082096],[-74.33581819105666,4.787227588582363],[-74.335870984462588,4.7872096122909733],[-74.33615630078188,4.7875873273351077],[-74.336156722275987,4.7875878940536865],[-74.33686466008551,4.7885776892237439],[-74.336864433552961,4.7885782376625334],[-74.336863724074817,4.7885804941525043],[-74.3368632129324,4.7885828057293489],[-74.336862905526786,4.7885851524966405],[-74.33686280185114,4.7885875163682998],[-74.336862905505072,4.7885898810656196],[-74.3368632128754,4.7885922266954992],[-74.336863723956284,4.7885945378848938],[-74.336864433331712,4.7885967947412604],[-74.336865336488643,4.788598981893335],[-74.336866425307434,4.7886010812581654],[-74.3368676934723,4.7886030774652157],[-74.336869130160267,4.7886049551454235],[-74.336871830099156,4.7886077493038952],[-74.336881367761421,4.7886162958162171],[-74.336881999872048,4.7886168453891749],[-74.336883871786938,4.7886182861288944],[-74.336885861725676,4.7886195577203887],[-74.336887954360165,4.7886206502220645],[-74.336890133461566,4.7886215555014813],[-74.336890362747482,4.7886216280227787],[-74.336917128422712,4.7886517981420509],[-74.336919946897979,4.7886545437722345],[-74.336921818387168,4.7886559844861365],[-74.33692380858686,4.7886572561275358],[-74.336925901309257,4.7886583497031143],[-74.33692808036659,4.7886592553204164],[-74.336930330470352,4.7886599666842118],[-74.336932633634063,4.7886604792977616],[-74.336934972770734,4.7886607877652176],[-74.336937329893829,4.7886608911872566],[-74.336939687016908,4.7886607877651945],[-74.336942026153523,4.7886604792977154],[-74.336944329317291,4.7886599666842082],[-74.336946579421053,4.7886592553204252],[-74.336948759377691,4.7886583497031001],[-74.336950851200811,4.7886572561275313],[-74.336952841400489,4.7886559844861214],[-74.336954712889622,4.788654543772255],[-74.336955666171022,4.788653702906136],[-74.336958234634764,4.7886513259979475],[-74.337075954176669,4.7887852662057071],[-74.337076177259604,4.7887855345754389],[-74.337097717528593,4.7888119687363115],[-74.337097939382076,4.7888122372283597],[-74.337098719457444,4.7888131303777604],[-74.33713029026454,4.7888476783292813],[-74.337130724347631,4.7888481618933412],[-74.337259615438867,4.7889962231972376],[-74.337293480309825,4.7890479459060131],[-74.337295367986798,4.7890504900880924],[-74.337296509226462,4.789051770722681],[-74.337451367086885,4.7892147359713384],[-74.3376417157925,4.7894470236612499],[-74.337736832588661,4.7895645425696696],[-74.33773711047921,4.7895648807147895],[-74.337738704077864,4.7895666253995426],[-74.337740444266046,4.7895682243941149],[-74.337742315755222,4.7895696651080186],[-74.337744305055594,4.7895709367493842],[-74.337746397777991,4.7895720294257043],[-74.337748577734629,4.7895729350429459],[-74.33775082783842,4.7895736464067618],[-74.337753131002145,4.789574159020253],[-74.337755470138774,4.7895744683870927],[-74.337757827261868,4.7895745709097763],[-74.337760184384976,4.7895744683870651],[-74.337762522622256,4.7895741590202787],[-74.337764826685373,4.7895736464067182],[-74.33776707678912,4.7895729350429432],[-74.337769255846453,4.7895720294256927],[-74.337771348568822,4.7895709367493948],[-74.337774174238675,4.7895690535690125],[-74.337803232233327,4.7895469329446394],[-74.337855751741515,4.7896145907408174],[-74.337856589010315,4.7896156735245698],[-74.3378572014486,4.7896164577333646],[-74.33785879594663,4.7896182024181986],[-74.337860535235436,4.7896198014127425],[-74.337862406724639,4.7896212421266613],[-74.337864396024955,4.7896225137680783],[-74.337866488747395,4.7896236064443016],[-74.337868668704033,4.7896245120616259],[-74.337870918807809,4.7896252234254195],[-74.337873221971549,4.7896257360389551],[-74.337875546719076,4.7896260436070808],[-74.337877913734673,4.7896262009884722],[-74.337939946271462,4.7896317614966408],[-74.338087878452754,4.7897901123239359],[-74.33809022748197,4.7897923435418841],[-74.33809301268235,4.7897943975934201],[-74.338433625511342,4.790013519208574],[-74.338677436214667,4.7901981958900794],[-74.338679009128924,4.7901993011568855],[-74.33891225729478,4.7903511642748731],[-74.338912589144613,4.7903513774142024],[-74.339097887257637,4.7904682227303406],[-74.339097171397313,4.7904704890219501],[-74.339096660582342,4.7904728002795522],[-74.339096353014213,4.790475146610814],[-74.339096249592217,4.7904775109284561],[-74.339096353014199,4.7904798752460627],[-74.339096660582328,4.7904822215773351],[-74.339097171397313,4.7904845328350092],[-74.339097880962413,4.7904867901333299],[-74.339098783881752,4.790488976385193],[-74.33909987296073,4.7904910754029579],[-74.339101140105484,4.7904930718978518],[-74.339102576322745,4.7904949496822518],[-74.339104170820789,4.7904966943670049],[-74.339105910109623,4.7904982933616003],[-74.339107693465209,4.7904996720223147],[-74.339402537996691,4.7907085440641088],[-74.339526370145805,4.7907977855894082],[-74.339546633670153,4.7908883167424952],[-74.33954760763595,4.7908916514286375],[-74.339548510555289,4.7908938385798896],[-74.339549599634267,4.7908959375975151],[-74.339550867678369,4.7908979340924391],[-74.339552303895672,4.790899810977538],[-74.339553897494312,4.7909015565616437],[-74.339555636783189,4.7909031555562356],[-74.339557504675028,4.7909045935721908],[-74.339725275001399,4.7910224821019813],[-74.339726413543133,4.7910232402304676],[-74.339771271593648,4.7910514852936039],[-74.339814852587295,4.7911054704983904],[-74.339944045310816,4.7913300238141874],[-74.340015311531062,4.7914874770149822],[-74.340149068093609,4.7920679090599059],[-74.340149625965239,4.7920699634076378],[-74.340235846610298,4.7923440479171449],[-74.340236223836087,4.7923451618656623],[-74.340237259628296,4.7923476320060416],[-74.340296926409067,4.7924722093951724],[-74.340297794225762,4.7924738711588208],[-74.340422127541899,4.7926931948647074],[-74.340424274186262,4.7926963997706187],[-74.340553509974413,4.7928624820020458],[-74.340554110616239,4.7928632269113285],[-74.340554315334757,4.792863468279716],[-74.340705084922959,4.793039510252509],[-74.340708214097404,4.7930426134978177],[-74.340709625271273,4.7930437234306646],[-74.341866998740457,4.793893471955367],[-74.342156217577354,4.7941290214881045],[-74.342633366096706,4.794678474239249],[-74.343599129023062,4.7958308487819945],[-74.343600715328606,4.7958325835087479],[-74.343602445808628,4.7958341734919143],[-74.343604316855604,4.7958356142114669],[-74.34360630772872,4.7958368857808669],[-74.343608399493888,4.7958379782603267],[-74.343610579528161,4.7958388844203972],[-74.343612828897719,4.7958395952253658],[-74.343615132277023,4.795840107968437],[-74.3436174716349,4.7958404163265653],[-74.343619828942465,4.7958405203066361],[-74.343622186169526,4.7958404162986161],[-74.343624525288647,4.7958401079266615],[-74.343626828271042,4.7958395951978385],[-74.343629077991793,4.7958388844487709],[-74.343631258225983,4.795837978398926],[-74.343633350046915,4.7958368860983649],[-74.34363483796605,4.7958359577107226],[-74.343658863246802,4.7958198771967986],[-74.344089590937003,4.7963626288416101],[-74.344089756881786,4.7963628340520792],[-74.344216696480316,4.7965196220254631],[-74.344216971549756,4.796519956507673],[-74.344218565975638,4.7965217020811686],[-74.344220305476725,4.7965233011019892],[-74.344222176526884,4.7965247418196189],[-74.344224165600238,4.7965260133877674],[-74.34422625827024,4.7965271067690534],[-74.344228438307084,4.7965280120226543],[-74.344230688581263,4.7965287237294332],[-74.344232991963267,4.7965292364702359],[-74.344235331323674,4.7965295448260594],[-74.344237687731777,4.7965296478999084],[-74.344240044961296,4.7965295447939154],[-74.344242384082378,4.7965292364197554],[-74.34424468796793,4.7965287236884171],[-74.344246937689746,4.7965280120330336],[-74.344249117925543,4.7965271068853239],[-74.34425121064848,4.7965260136782275],[-74.34425319963654,4.7965247423652295],[-74.344255124539089,4.796523256759059],[-74.34427908325506,4.7965028772247358],[-74.34431117677353,4.7965364195062694],[-74.344561827910155,4.7967983856961895],[-74.344801575410074,4.7970557577027932],[-74.344857282557314,4.7971155596132569],[-74.344982848577985,4.797248940254403],[-74.345111423103916,4.7973855154730423],[-74.345242206975115,4.7975356090253687],[-74.345242625427673,4.7975360790952948],[-74.345330532882755,4.7976323530692424],[-74.345342582204836,4.7976455510672276],[-74.345434641705737,4.7977648720972121],[-74.345446396152553,4.7977801057793998],[-74.345527520752512,4.7979029433711773],[-74.345534245659152,4.79791716983115],[-74.345554313923017,4.7979596249867704],[-74.345572319789269,4.797997720435478],[-74.345591632160492,4.7980481671511619],[-74.345597293587772,4.7980629601171909],[-74.345601615906318,4.7980742494614477],[-74.345614963662157,4.7981091174960051],[-74.345615104430564,4.7981094845849679],[-74.345615359799098,4.7981101509509516],[-74.34562201743465,4.7981275415682081],[-74.345653853945649,4.7982320828784282],[-74.345666525517615,4.7982828450853594],[-74.345668821479848,4.7982920463007765],[-74.345669126548941,4.798293022820781],[-74.345669458889333,4.7982945835053323],[-74.345669626922032,4.798295516672904],[-74.345674145866241,4.798325561040433],[-74.345680001317078,4.7983639858992735],[-74.345684981934184,4.798396679672841],[-74.345686931333347,4.7984094511853064],[-74.345686970198486,4.7984097152245244],[-74.345708793264237,4.7985529254511672],[-74.345708710478249,4.7985533016708395],[-74.345708401297188,4.7985556475363484],[-74.345708299455609,4.7985580123106333],[-74.345708569579756,4.7985618391856333],[-74.345709865812381,4.7985709639283565],[-74.34570995801414,4.7985716158896317],[-74.345711020131475,4.7985790976182257],[-74.345712587544327,4.7985901357449334],[-74.345713401081881,4.7985958686626038],[-74.345715310179941,4.7986093129869349],[-74.345719286567899,4.7986373256134724],[-74.345719428440532,4.7986382117679147],[-74.345719476322614,4.7986384821336472],[-74.345721107750876,4.7986472432175642],[-74.345740763497432,4.7987528328627649],[-74.345756083219513,4.7988351205003381],[-74.345762819422291,4.7988713141128905],[-74.345763832064819,4.7988767521516245],[-74.345765070540565,4.7988833991454962],[-74.345768630603459,4.7989025308431019],[-74.345772426434394,4.7989229194195984],[-74.345776633286107,4.7989455188384831],[-74.345777234911154,4.7989487532691069],[-74.345784776380981,4.7989902665385893],[-74.345809019671563,4.7991237320161835],[-74.345814893494833,4.7991560691437476],[-74.345815397373343,4.7991583025570002],[-74.345816086027838,4.7991604843527709],[-74.345816989228354,4.7991626714899711],[-74.345818078993275,4.799164769932875],[-74.345819288577957,4.7991666829479387],[-74.34584219008228,4.7991997558096093],[-74.34585128768272,4.7992164699549731],[-74.345874009411489,4.799276232280028],[-74.345882525098858,4.7992986328672531],[-74.345888754172961,4.7993150126458382],[-74.34590767153216,4.7993671414933194],[-74.345920443781637,4.7994055274562299],[-74.345928456482611,4.7994296280907953],[-74.345930594421361,4.7994369951212645],[-74.345930773386414,4.7994375814792569],[-74.345931307583712,4.7994392515203286],[-74.34593174825153,4.799440345095908],[-74.345932198811894,4.7994414440674653],[-74.345932615197924,4.7994422858329049],[-74.345932787497532,4.7994426360960105],[-74.345933821611055,4.7994457271985809],[-74.345933909153374,4.7994459885057141],[-74.345934861260233,4.799448757990155],[-74.345935708679335,4.7994512200550714],[-74.345957779482987,4.7995153458604873],[-74.34597830178808,4.7995753197464701],[-74.345984114634589,4.7995923010443304],[-74.345986426777486,4.7995990552263912],[-74.345986591925083,4.799599523586803],[-74.345987686390401,4.7996021130601951],[-74.34598791374053,4.7996025886305356],[-74.346025745518986,4.7996807845058669],[-74.346044511513611,4.7997215283202657],[-74.346047660231491,4.7997283653681624],[-74.346050088082563,4.7997336373632162],[-74.34605771988987,4.7997502101070575],[-74.346065558301461,4.7997672249702967],[-74.346068614091678,4.7997738594923423],[-74.346069743556342,4.7997760456357543],[-74.346070668121698,4.7997775382647569],[-74.34607440420443,4.7997831551262582],[-74.346074688721927,4.7997836280189219],[-74.346094404707969,4.7998175084550025],[-74.34609563260733,4.7998194354186801],[-74.34609702513049,4.7998213469316475],[-74.346125384780365,4.7998622848576753],[-74.346125496547714,4.7998624445931029],[-74.346125613072104,4.7998626062157035],[-74.346129963704186,4.7998686855834398],[-74.346134033151998,4.7998759206334665],[-74.346134215368878,4.7998762397782464],[-74.34614529974192,4.7998951804177006],[-74.346147602438037,4.7998985172680779],[-74.346215197657386,4.7999822574101723],[-74.346215640422287,4.7999828188621132],[-74.346215683370247,4.7999828756992464],[-74.346311113898111,4.8001085031938002],[-74.346311844297091,4.8001094368735542],[-74.346346860751567,4.8001549033559572],[-74.346347017732157,4.800155107962305],[-74.346347183131982,4.8001553279551157],[-74.346363386948141,4.8001772430437919],[-74.346485485689669,4.8003398199110476],[-74.346532822882352,4.800403086599724],[-74.34657341012398,4.8004573319760375],[-74.346573581487377,4.8004575579825088],[-74.346916370995643,4.8009058169971723],[-74.346892430848968,4.8009231382893747],[-74.346890867317384,4.8009243597061353],[-74.346889127250122,4.8009259582839379],[-74.346887533275066,4.8009277042043204],[-74.346886097104672,4.8009295811853567],[-74.346884829551641,4.8009315774668],[-74.346883739624104,4.8009336767679303],[-74.346882837231945,4.8009358637117714],[-74.346882127776752,4.8009381202101578],[-74.346881617562943,4.800940431792025],[-74.346881309286758,4.8009427776573936],[-74.346881206547877,4.8009451424317824],[-74.346881309338642,4.8009475062208447],[-74.3468816176525,4.8009498527471273],[-74.346882127876711,4.8009521639261541],[-74.346882837299034,4.8009544198645022],[-74.346883739604394,4.800956607904511],[-74.346884830277105,4.800958706344888],[-74.346886320374551,4.8009610180413977],[-74.34717432227113,4.8013613563690383],[-74.347194026367859,4.8014010236606071],[-74.34720819842515,4.8014433499593201],[-74.347216421543152,4.8014872403281199],[-74.347218478533335,4.8015305561932431],[-74.347187362144325,4.8016975684339158],[-74.34718731267229,4.8016978424551215],[-74.347187004396972,4.8017001883205834],[-74.3471869016592,4.8017025530949562],[-74.347187003549777,4.8017049168841615],[-74.347187312766664,4.8017072634098223],[-74.347187822091072,4.8017095745888581],[-74.347188531515698,4.801711831430981],[-74.347189434724228,4.8017140185658524],[-74.347190524497748,4.8017161170058618],[-74.347191791816726,4.8017181140946228],[-74.347193228560641,4.8017199908450214],[-74.347194822105081,4.8017217364105607],[-74.347196561626518,4.8017233354224853],[-74.347198433598663,4.8017247761302322],[-74.347200422692652,4.8017260476883443],[-74.347202515382847,4.8017271401549069],[-74.347204695440311,4.8017280463020207],[-74.347206945733987,4.8017287570934393],[-74.34720928158994,4.8017292761402262],[-74.347262809637783,4.8017386035907794],[-74.347265115660406,4.8017389047139325],[-74.347267438731294,4.8017390041723278],[-74.347269795977624,4.8017389010548825],[-74.347272135114352,4.801738592669488],[-74.347274438112876,4.8017380799274596],[-74.347276687847781,4.8017373682613833],[-74.347278868095145,4.8017364631034853],[-74.347280960828186,4.8017353698866341],[-74.347282949824702,4.8017340985644896],[-74.347284821566163,4.8017326572810877],[-74.347286561634405,4.801731058702214],[-74.34728815561013,4.8017293127809157],[-74.34728959178095,4.801727435799064],[-74.347290858432643,4.8017254395171793],[-74.347291948359995,4.8017233402154744],[-74.347292851653179,4.8017211532708668],[-74.347293561107662,4.8017188967720683],[-74.347294071320874,4.8017165860943436],[-74.347294323030937,4.8017148162877641],[-74.347311302626878,4.8015586087351974],[-74.347518192250575,4.8018523470969665],[-74.347519561350083,4.8018541298265678],[-74.347521154895631,4.8018558753912517],[-74.347522895319585,4.8018574744019142],[-74.347524767292754,4.8018589151087001],[-74.347526756387708,4.8018601866658122],[-74.34752884907877,4.8018612791313089],[-74.347531029137031,4.8018621852773036],[-74.347533278530335,4.8018628969722466],[-74.347535581931979,4.8018634087963648],[-74.34753792131184,4.8018637180440216],[-74.347540278639599,4.8018638211051172],[-74.347542635886285,4.8018637179867376],[-74.347544975023268,4.8018634096003563],[-74.347547278021935,4.8018628968574308],[-74.347549527756925,4.8018621851904726],[-74.34755170800392,4.8018612791273876],[-74.347553800737202,4.8018601868139408],[-74.34755573025393,4.8018589562079228],[-74.347589022995081,4.8018357046630218],[-74.347655916772922,4.8019288249515348],[-74.347936062090113,4.802319464093646],[-74.348369888116736,4.8029184395014184],[-74.348369980186646,4.802918565853135],[-74.348370073377424,4.8029186922025175],[-74.34841856123515,4.8029840351360003],[-74.348418676448787,4.8029841891973275],[-74.348418792297551,4.8029843418430902],[-74.348470914144556,4.8030525422869568],[-74.348471663003664,4.8030534782202015],[-74.348472470376123,4.8030544005935161],[-74.348478097639884,4.8030605384964566],[-74.348480623700667,4.8030629593409619],[-74.348482490874218,4.803064397104297],[-74.348484485079268,4.8030656702867933],[-74.348491107653601,4.8030695028029431],[-74.348491310238927,4.8030696188791868],[-74.348491515045126,4.8030697339046435],[-74.348519636754915,4.8030853673398735],[-74.348549907755157,4.8031036385162009],[-74.348587319039112,4.8031279513598211],[-74.348617065182125,4.8031472675506111],[-74.348648083159688,4.803168304431499],[-74.348715374178582,4.8032223983076294],[-74.348737419986008,4.803240088642764],[-74.348737842698668,4.8032404387948109],[-74.348833800291018,4.8033277314744112],[-74.348796403579158,4.8033692614470826],[-74.348795744641365,4.803370006477885],[-74.348778063158761,4.8033896291263325],[-74.348777414546007,4.8033903752656792],[-74.348775978328717,4.8033922530500917],[-74.348775574122158,4.8033928894604143],[-74.348775409339467,4.803393105268448],[-74.348775261641961,4.8033933814504959],[-74.348774710284601,4.8033942495450663],[-74.348773621205595,4.8033963485627025],[-74.348773439509216,4.8033967886878024],[-74.348773346987912,4.8033969616949461],[-74.348773244101281,4.803397262026551],[-74.348772718286284,4.8033985357139235],[-74.348772008721198,4.8034007921129556],[-74.348771961352995,4.8034010064373911],[-74.348771935031621,4.803401100100654],[-74.34877149790627,4.8034031033705729],[-74.348771200490305,4.8034053722543595],[-74.34877119480592,4.8034054099466381],[-74.348771192047693,4.8034054497155685],[-74.348771086916059,4.8034078140194962],[-74.348771161355174,4.8034095157617553],[-74.348771159225862,4.8034097829617783],[-74.34877117851137,4.8034099079678123],[-74.348771190338141,4.8034101783371366],[-74.348771497906256,4.8034125246683752],[-74.348771777094612,4.8034137878972842],[-74.34877182602834,4.8034141050786081],[-74.348771892241686,4.8034143088973646],[-74.348772008721198,4.8034148359260103],[-74.34877271828627,4.8034170923249979],[-74.348773085243735,4.8034179812100595],[-74.348773177227343,4.8034182643550265],[-74.348773303307794,4.8034185094289246],[-74.348773621205623,4.8034192794761834],[-74.348774710284601,4.8034213784938933],[-74.348775073646621,4.80342195059578],[-74.348775177857249,4.8034221531594321],[-74.348775352311009,4.8034223893439512],[-74.348775978328717,4.8034233749888369],[-74.348777414546021,4.8034252518739793],[-74.348777687560869,4.8034255509269377],[-74.348777776146733,4.8034256708590828],[-74.348777968966402,4.8034258591708108],[-74.34877900814466,4.8034269974580432],[-74.348780747433509,4.8034285964525898],[-74.348780904805906,4.8034287264888524],[-74.348781054518355,4.8034288495489754],[-74.348809989706695,4.8034524887641821],[-74.348815971632632,4.8034581545041686],[-74.348817175211835,4.8034592287659139],[-74.348887474046862,4.8035181836533525],[-74.34896895976766,4.8035864794377297],[-74.349055983130185,4.8036581358350015],[-74.349056082003599,4.8036582158143659],[-74.349113727924447,4.8037059917712854],[-74.349115526360421,4.8037073593072543],[-74.349117170646892,4.8037084058125377],[-74.349117300551484,4.8037084926370817],[-74.349117433475399,4.8037085666921087],[-74.349119523846923,4.803709664269709],[-74.349120930935783,4.8037102488153236],[-74.349121227023346,4.8037103917312072],[-74.349121393850965,4.8037104411237115],[-74.349121703803561,4.8037105698870102],[-74.349123953907267,4.8037112821500267],[-74.349125078192969,4.8037115319425414],[-74.34912540957761,4.8037116300551617],[-74.349125665942935,4.8037116625281335],[-74.349126257071077,4.8037117938642737],[-74.349128596207706,4.8037121032310139],[-74.349129432260938,4.8037121395950377],[-74.349129737018714,4.8037121781976939],[-74.349130056393577,4.8037121667416223],[-74.349130953330814,4.8037122057537758],[-74.349133310453851,4.8037121032310584],[-74.349133862250525,4.8037120302240863],[-74.349134096233783,4.8037120218310303],[-74.349134427995494,4.8037119553717007],[-74.349135648691174,4.8037117938642586],[-74.34913795275429,4.8037112821500036],[-74.349138235542796,4.8037111926342515],[-74.349138373279473,4.8037111650424897],[-74.349138643008885,4.8037110636521829],[-74.349140202858052,4.8037105698869427],[-74.349142380923027,4.8037096616132215],[-74.349142455374775,4.8037096283279501],[-74.349142548664233,4.8037095772048319],[-74.349144474637711,4.8037085715933596],[-74.349146235793611,4.8037074528460053],[-74.349146313515462,4.8037073966393686],[-74.349146464837403,4.803707299951979],[-74.349148336326593,4.8037058592380539],[-74.349149622420256,4.8037047036352725],[-74.349213364423804,4.8036436873365043],[-74.349583936909895,4.8039504302386522],[-74.349788923838034,4.804120107331193],[-74.350041841889905,4.8043259967105465],[-74.3501344626128,4.8044013960292977],[-74.350191007600728,4.8044481444943727],[-74.350313041135792,4.8045490358733209],[-74.350328973219646,4.8045622087033868],[-74.350368856634404,4.8045951832573595],[-74.350378319578752,4.8046030061490752],[-74.350380104992112,4.804604361878031],[-74.350381996716393,4.8046055656427509],[-74.350384089420089,4.8046066580987041],[-74.350386269490215,4.8046075633304817],[-74.350389293304147,4.804608431148492],[-74.350401238853507,4.804614004063275],[-74.350427166932477,4.8046357257180619],[-74.350606942986673,4.804786335608731],[-74.351122793557693,4.8052184932998783],[-74.351147246469864,4.8052391222230497],[-74.351199027080298,4.8052827644440326],[-74.351285402590932,4.8053553980482144],[-74.351371854710322,4.8054279493186156],[-74.351510315440237,4.8055438306980962],[-74.351700819967661,4.8057029878795614],[-74.351925722253782,4.8058914918210833],[-74.351926020733131,4.8058917376693362],[-74.352061416243586,4.8060019565562149],[-74.353534982165328,4.8072291684397941],[-74.354731080070181,4.8082434450334874]]]},"properties":{"FID":0,"REGIS_AUTO":"R065020","NOMBRE_PRO":"Regiotram de Occidente (Bogotá [Mártires, Puente Aranda y Fontibón], Funza, Mosquera, Madrid y Facatativá","TITULAR":"REGIOTRAM DE OCCIDENTE (CONCESIONARIA FÉRREA DE OCCIDENTE S.A.S)"}}]}