{"type":"FeatureCollection","features":[{"type":"Feature","id":0,"geometry":{"type":"LineString","coordinates":[[-74.081034063189321,4.6145908628014309],[-74.081079567352731,4.6145719118389508],[-74.081099871772864,4.6145714161742131],[-74.081115834155824,4.6145762903279159],[-74.081123770304529,4.6145822840588124],[-74.081178907033788,4.6146333899904031],[-74.081185752741717,4.6146453955837501],[-74.081190320206289,4.6146639375465472],[-74.081187187693999,4.6146870408923917],[-74.081163249729954,4.6147202852857854],[-74.081187892726604,4.614741543694195],[-74.081259070423087,4.6146554764556509],[-74.081264515538095,4.6146479218153145],[-74.081268594403326,4.6146395460680489],[-74.081271188059432,4.614630595187041],[-74.081272217200706,4.6146213296142067],[-74.081271654792133,4.6146120242601532],[-74.081236824138642,4.6145333168582399],[-74.081332293989206,4.6145925487008528],[-74.081355929563884,4.6146394822981662],[-74.08151188676446,4.6149172061003041],[-74.081742959565346,4.6153240993502642],[-74.082055243878898,4.615831050362063],[-74.082000657267542,4.6158641647576601],[-74.082051518988109,4.6159485854512656],[-74.082107041722949,4.6160170956691013],[-74.082055139070803,4.6160723222555236],[-74.082043524103455,4.6160634709371573],[-74.08200268656006,4.6161105550356947],[-74.082040008080568,4.6161476134489625],[-74.081958615940593,4.61623848090737],[-74.082069787337062,4.6163313637569177],[-74.082161667728897,4.6162198725085224],[-74.082165148208091,4.6162153455065607],[-74.082180144446042,4.6162076877053382],[-74.082191842269324,4.6162073476074053],[-74.082197741658021,4.6162085141291866],[-74.082204985684299,4.6162124930481285],[-74.082226607932867,4.6162422881320646],[-74.082326238589545,4.6163707881972869],[-74.082425565068121,4.616295317366145],[-74.082758211747745,4.6167060365999779],[-74.082914553123288,4.6168857924856104],[-74.083026909201621,4.6170114889898111],[-74.082896524235537,4.6170078854100867],[-74.082894309649987,4.6170892733837219],[-74.083101514668883,4.6170949526594365],[-74.083187677507397,4.6171913460618841],[-74.083525795133596,4.6175640295760525],[-74.083825439387056,4.6178707004026558],[-74.083738892235786,4.61795515111874],[-74.083761709513965,4.6179727488022957],[-74.083765413573161,4.6179772052122985],[-74.083781720451015,4.6179973368309382],[-74.08378627887241,4.618002245388567],[-74.083791870111142,4.618009134377246],[-74.08379369780701,4.6180112576823511],[-74.083797409131563,4.6180219791559765],[-74.083803442047,4.6180377050638661],[-74.083812250787844,4.6180605406369946],[-74.083819597691516,4.6180770044505151],[-74.083832481792214,4.6181037628864683],[-74.08383370236011,4.618139188339133],[-74.083725342695885,4.6183029020711874],[-74.083746815333029,4.6183172080762702],[-74.083814016657641,4.6184093404540567],[-74.083918858233673,4.6184782190433253],[-74.084022756492175,4.618474837783439],[-74.084047365409958,4.6184909559889311],[-74.084058653957072,4.618473415876486],[-74.084089212491065,4.6184621008593965],[-74.084123590526147,4.6184640647021276],[-74.084148577903989,4.6184742560489545],[-74.084173493327825,4.6184997736514868],[-74.084258612824001,4.6185917991092706],[-74.084363818735767,4.6184909114017971],[-74.085119766743645,4.6192710433852389],[-74.085053476476546,4.619280324128896],[-74.085064686742683,4.6193609324450513],[-74.085189882678222,4.6193434019435724],[-74.085268619825527,4.6194246570078246],[-74.08516871872709,4.6195462010515218],[-74.085177808564282,4.6195552910830351],[-74.085181512560268,4.6195522796887758],[-74.085200434614421,4.6195492012105621],[-74.085245388043617,4.6195864962976234],[-74.085264522996511,4.6196026868648401],[-74.085261296668335,4.6196074707029924],[-74.085276886172011,4.6196202809957461],[-74.085288944415481,4.6196086025969159],[-74.085366735316043,4.6195259115810279],[-74.085642956328627,4.6198109706658341],[-74.085670356983158,4.6199552277790694],[-74.085765178149785,4.6199371006802439],[-74.086284925989517,4.6204734735748847],[-74.086634983043183,4.6208798536464402],[-74.087701845775257,4.6219912566160666],[-74.087830950276654,4.6221295491421062],[-74.088226302879562,4.6225345513831684],[-74.088333881965553,4.6226266628129],[-74.088343960557168,4.6226969565207643],[-74.088332232009435,4.6226986495692692],[-74.08833727948327,4.6227381967978127],[-74.088340282880509,4.6227716092152962],[-74.088456294040853,4.6227552918624815],[-74.088490320867265,4.6227606068728031],[-74.089555458555935,4.6238490827365757],[-74.089499391984432,4.6239966020415144],[-74.089575178627712,4.6240256037987688],[-74.08961798329392,4.6239129766289011],[-74.089936230923129,4.6242381955126053],[-74.090013280153258,4.6245196535423707],[-74.090169516569475,4.624476591121276],[-74.090305884128213,4.6246159447148205],[-74.090949078454898,4.6252439347809657],[-74.090948613482269,4.6252472427572604],[-74.090971892745287,4.6252724581062372],[-74.090966361867643,4.6253188674211305],[-74.091000523993927,4.6253228348850328],[-74.091003353367967,4.6252969281467733],[-74.091168415052337,4.6254580857549161],[-74.091159932612655,4.6255493597752402],[-74.091278233908938,4.6255653113283524],[-74.091922652042882,4.626194490536979],[-74.091922261028799,4.6262004499503053],[-74.091919601446349,4.6262426831075016],[-74.091977256958089,4.6262478057540566],[-74.092046072789728,4.6263149946048161],[-74.092167219452918,4.6264639175552675],[-74.092529025468934,4.6268516710184988],[-74.092607129879056,4.6269360270437883],[-74.092602598560575,4.6269397926887406],[-74.093052028457848,4.627414755692886],[-74.093801037635259,4.628183350173396],[-74.094846843439385,4.629256629510107],[-74.094847795169571,4.6292576694436072],[-74.094769734947988,4.6293074952318012],[-74.094715221865528,4.6293432927779401],[-74.094671128310566,4.6292812201825821],[-74.094642258683237,4.6293043838859331],[-74.094800789083735,4.6295036556506757],[-74.094762645778644,4.6295287005507966],[-74.09471122408425,4.6295713545015875],[-74.094721630067497,4.6295842479043596],[-74.09480464104719,4.6295812128230125],[-74.094826549091167,4.6296140043862168],[-74.094875872937266,4.6295809108468484],[-74.094892048296785,4.6295798596410185],[-74.094960488078087,4.6296498895521525],[-74.094987361831997,4.6296781630536303],[-74.095134810245582,4.6296361722691906],[-74.095380926177313,4.6298897889517558],[-74.09591859292803,4.630443294426783],[-74.095844473226776,4.6305073124745313],[-74.095816778897088,4.6305341874838577],[-74.095818595874817,4.6305374302933595],[-74.095902633095534,4.6306245819169201],[-74.095887332148479,4.6306347123980345],[-74.095884967370651,4.6306373910264176],[-74.095896781110142,4.6306497634921193],[-74.095943525951839,4.6306984810852061],[-74.095953721067985,4.6307107450748823],[-74.095957753137625,4.6307081604510447],[-74.095977223119675,4.630694551882387],[-74.096058342176349,4.6307819079372265],[-74.096060373579704,4.6307824378097333],[-74.096116269839811,4.6308400083482653],[-74.096217252977922,4.6307507520723528],[-74.097497402387333,4.6320686063073877],[-74.097696535190593,4.6322731610415282],[-74.097625575325353,4.6323414005025167],[-74.097681468262365,4.6324001320481205],[-74.09775277239919,4.6323318093752439],[-74.0981614317989,4.632750715630463],[-74.098411975085966,4.6330080803675306],[-74.098363731702534,4.6331316268389076],[-74.098439523304705,4.6331614234273708],[-74.098474373451992,4.6330721778329558],[-74.0991353548403,4.6337511519649768],[-74.099879750133951,4.634515328732757],[-74.09978751823283,4.6346123641224626],[-74.099846210705635,4.6346685398228251],[-74.099936396848108,4.6345734813124846],[-74.100651592603157,4.6353076784791547],[-74.100580758717342,4.6353704254474302],[-74.100511669783884,4.6354380429659168],[-74.100512213630324,4.635478178038797],[-74.10050724692411,4.6355075013595428],[-74.100560414704319,4.6355575079749212],[-74.100633755174087,4.6356396910877802],[-74.100698284154149,4.6356928244248099],[-74.100728830171818,4.6357253948622095],[-74.100780419369315,4.6356763614719227],[-74.100796942653261,4.6356727183664486],[-74.100822958816536,4.6356989840991591],[-74.100854587821019,4.6356670609086885],[-74.100923939924755,4.6355999823172462],[-74.101718893465403,4.6364163594222578],[-74.101681087584794,4.6364556222425675],[-74.101739140498026,4.6365124633753618],[-74.101775592756113,4.6364745878101283],[-74.101944919190828,4.636648475370813],[-74.101872614489295,4.6367122263013894],[-74.101857091962913,4.63672737764725],[-74.101897315954304,4.6367688714305872],[-74.101912822258853,4.6367537363620031],[-74.101977718457476,4.6366821597848773],[-74.102675035277898,4.6373982674477796],[-74.102717259075916,4.6375119666503792],[-74.102765321784034,4.6374909849405492],[-74.103317202350354,4.6380577340562663],[-74.103219808090799,4.6381539218302077],[-74.103341511806249,4.6382844527288327],[-74.103349764896549,4.6383194546497934],[-74.103338226507319,4.6383518944803388],[-74.103319620157066,4.6383738789368358],[-74.103381124403754,4.6384601569029087],[-74.103408667411287,4.6384846066268519],[-74.103430938075078,4.638458288580054],[-74.103485037261109,4.6384340601270448],[-74.103583166779956,4.638530072528269],[-74.103684128202246,4.6384345465279191],[-74.10405819980906,4.6388186942966119],[-74.104068177006013,4.6388289885862175],[-74.104275954485516,4.6392656430891366],[-74.104423066178086,4.6391951067441335],[-74.105140146029967,4.6399348751231289],[-74.105552274949616,4.6403994679954286],[-74.105529151631302,4.6404234837683687],[-74.105587206978711,4.6404803245747726],[-74.105606354145806,4.6404604308029214],[-74.10570706790844,4.6405739647063875],[-74.106281196799614,4.6411584512905657],[-74.106393983353954,4.6413909393332453],[-74.106455438154228,4.641354040971021],[-74.106517215245461,4.6414409950654232],[-74.10662109426346,4.6415490757147522],[-74.106571455528638,4.6416023542740916],[-74.106631467004632,4.6416648902547104],[-74.106695295641515,4.6416262790108958],[-74.107051173707134,4.6419965537777665],[-74.107658167893163,4.642618056655297],[-74.107619536496969,4.6426580197578744],[-74.107704773476442,4.6427455569259148],[-74.107689290606572,4.6427608802146603],[-74.107729794656166,4.642802086072062],[-74.107745214444762,4.6427869129005899],[-74.107781028392964,4.6427438535552321],[-74.108277701933844,4.6432523996455899],[-74.108286839162261,4.6432598362910573],[-74.108331593369527,4.6432960573716278],[-74.108817025772638,4.6436893131013255],[-74.109378989437118,4.6442389455205193],[-74.10937352581729,4.6441939979529439],[-74.109370886236221,4.6441782232919833],[-74.109370862785894,4.644177829013981],[-74.109366049655208,4.6441280325076955],[-74.10935777212417,4.6440786973557682],[-74.109346064451998,4.6440300659115481],[-74.109327025533887,4.6439714891985719],[-74.109303015384626,4.6439147792045423],[-74.109274219682618,4.6438603609461859],[-74.109240849340182,4.6438086395442539],[-74.10915690908638,4.6437039748804372],[-74.108396139345473,4.6429233323958776],[-74.107925709665949,4.6424393227960099],[-74.108152166780684,4.6422177245247145],[-74.108137907765411,4.6421896969639214],[-74.108130915341789,4.6421778471909683],[-74.108123452475169,4.6421662361761529],[-74.108113053196149,4.6421515180799409],[-74.10809501638181,4.642129202303197],[-74.108080902122694,4.6421139960401874],[-74.108018974369813,4.6420502828561299],[-74.107831258992576,4.6418614403002953],[-74.107919278784109,4.6417762848854611],[-74.10815555245766,4.6420221456654165],[-74.108465757444975,4.6417220658302121],[-74.108149986235063,4.6413931694491639],[-74.107842809021975,4.6416829760578668],[-74.107834085257409,4.6416911351165995],[-74.107599576972987,4.6414149526394048],[-74.106066894368496,4.6400063112772347],[-74.105888824207341,4.6399276018961819],[-74.105869686464956,4.6399121009843576],[-74.105845342915543,4.6398917549883256],[-74.105488226158869,4.6397438422128623],[-74.10528216139123,4.6396614044122133],[-74.105170296590373,4.6396151171780025],[-74.105143799474504,4.6396047457806189],[-74.105080512843656,4.6395803590157971],[-74.105069481848048,4.6395877928743907],[-74.104718116201127,4.6392261910367427],[-74.10436904922895,4.6388681699984931],[-74.103678955604849,4.6381560156224459],[-74.103682396415579,4.6381519442912742],[-74.103818197470844,4.6379888595956151],[-74.103708667870279,4.6379103134919202],[-74.103659182665723,4.637971350825902],[-74.103584901479422,4.6380577260302225],[-74.102879276649162,4.6373257489449422],[-74.102825976787074,4.6372699838665925],[-74.102823556277514,4.6372259983133555],[-74.102831319455078,4.637221700753793],[-74.102815695341278,4.6371170853031156],[-74.102607678424633,4.6369007781470417],[-74.1025609723565,4.6369538899339853],[-74.10193814629362,4.6363061924393785],[-74.101718189926657,4.636081951009956],[-74.101037573966735,4.6353769503533293],[-74.101125857828322,4.6352642106857793],[-74.101017353687027,4.6351592835864608],[-74.101053865206623,4.6351156620688378],[-74.100951073816219,4.6350301557320854],[-74.100938279443653,4.6350202051280709],[-74.100812208508884,4.6351404644543592],[-74.098896527842342,4.6331565192383835],[-74.098852079768093,4.6331935810208931],[-74.098276827368011,4.6325924561600802],[-74.097697250128476,4.6319961454876619],[-74.096938599799586,4.6312090750278729],[-74.097049913143707,4.6310638795284138],[-74.096985622878549,4.6310142545653123],[-74.096917324092644,4.6311033436606861],[-74.0964050732657,4.6305687962416133],[-74.096491216808019,4.6304889487662839],[-74.096443682438718,4.6304394661838737],[-74.096430654489168,4.6304520671914702],[-74.096372591774625,4.6305348999435409],[-74.095598572457121,4.6297271884335887],[-74.095532146001943,4.6296585204245915],[-74.095615324716249,4.6295885102165819],[-74.095385922128571,4.6293670323784859],[-74.095415198961817,4.6293386616160035],[-74.095404874168565,4.6293292588589914],[-74.095365526980956,4.6292879021269089],[-74.09535783644148,4.6292401565468042],[-74.095362311416181,4.6292177530509822],[-74.095404609625163,4.6291307410555262],[-74.095160271490428,4.6288894862521124],[-74.095105115654363,4.628952679020494],[-74.09508184519045,4.6289296196864811],[-74.09504971510394,4.6289601934060638],[-74.09502010339969,4.6289310102379062],[-74.094951692862097,4.6288748940483222],[-74.094674567588825,4.6287643904908382],[-74.094283606079941,4.6283673425344896],[-74.094164027319295,4.6282406948915638],[-74.09422531187306,4.6281900990930946],[-74.094159159537782,4.6281158224121297],[-74.09400987100058,4.6280774270843965],[-74.093887646249783,4.6279479779017185],[-74.093875657041806,4.6280616807328236],[-74.093760927274886,4.6279451611836953],[-74.093210882664593,4.6273789830952419],[-74.092373687414067,4.6265158423681196],[-74.092126158740811,4.6262600886558261],[-74.092129869248964,4.6262228056711896],[-74.092063579895978,4.6262156666024969],[-74.090998570707868,4.625163084872546],[-74.091003152515668,4.6251605436730063],[-74.091007635172332,4.6251571705097581],[-74.091014767357521,4.6251490930732242],[-74.091020066399054,4.6251388688387012],[-74.091023524903036,4.6251167873212395],[-74.091033517735923,4.6250212268412181],[-74.091030721927837,4.6250111239387417],[-74.091020222473119,4.6250047125783667],[-74.090988724551721,4.6250088350255281],[-74.090957554592634,4.62500844314751],[-74.090943729682635,4.6250064810563636],[-74.090926252920951,4.6250009831804482],[-74.090897950448493,4.6249884210359777],[-74.090872827382157,4.6249686406246866],[-74.090536869255743,4.6246118096130235],[-74.090533640981775,4.6246080441238187],[-74.090532289158546,4.6246092215608536],[-74.090532361258497,4.6246093065647127],[-74.090530113631473,4.6246115040803515],[-74.090527429718634,4.6246087405570684],[-74.090520445311128,4.6246155103532232],[-74.090511483479432,4.6246153802971355],[-74.090215848040842,4.6243336604113932],[-74.090192101838539,4.6242994580080623],[-74.088759212251944,4.6227765727765844],[-74.088803980006148,4.6227309821560612],[-74.08884460481903,4.6226858111990294],[-74.088800237961209,4.6226077301238675],[-74.088734431187575,4.6225467625572625],[-74.08844952032284,4.6222792014375154],[-74.088414456221443,4.6220979383666263],[-74.088278813025894,4.6221262182305018],[-74.08829905216831,4.6222052926403343],[-74.088277107372548,4.6222103516870705],[-74.088261647910386,4.622222437127224],[-74.087591773336982,4.6214643544423977],[-74.086755048249486,4.6206318955689261],[-74.086505903535425,4.6202572555800403],[-74.086532332411451,4.6202233598762934],[-74.086610775487642,4.6201223799407067],[-74.0866113071976,4.6201214159388249],[-74.086611673081364,4.6201203777856295],[-74.086611860522183,4.6201192944191769],[-74.086611865915472,4.6201181929688628],[-74.086611687459225,4.6201171059898911],[-74.086611332363617,4.6201160642287089],[-74.086610807838824,4.6201150966231479],[-74.086610131909666,4.620114230302331],[-74.086609318996025,4.620113488778121],[-74.08660839613492,4.6201128937536193],[-74.086607386758359,4.6201124615061326],[-74.086606319705709,4.6201122046956353],[-74.086536422551035,4.6201112090390835],[-74.086515004037196,4.6201095544232462],[-74.086498264673708,4.6201074638697532],[-74.086498284498731,4.6201073137539526],[-74.086495047298484,4.6201070623966798],[-74.086492480608143,4.6201067459205207],[-74.0864006509387,4.6200796738292684],[-74.086318685843764,4.620033880566595],[-74.08629362255347,4.6200136026179059],[-74.085994856018345,4.6197139484867078],[-74.085643773046016,4.619354841835011],[-74.085576995415465,4.619302012774738],[-74.08554860670462,4.619285811469088],[-74.085603859866609,4.6192129414945819],[-74.08563862325596,4.6191789589141274],[-74.085573166672916,4.6191117802378781],[-74.085538291529701,4.6191455512077786],[-74.085453992032924,4.6192260177122373],[-74.085411053748089,4.6191885345189361],[-74.085445911127607,4.6191774834543597],[-74.08542147270542,4.6190998776027383],[-74.085344367950114,4.6191243255911782],[-74.084516415130366,4.6182732568189282],[-74.084541751834834,4.6182482903611204],[-74.084456864909825,4.6181615442994293],[-74.084537208043329,4.6180823385593213],[-74.084532334808017,4.617957154890739],[-74.08452854696516,4.617864551713506],[-74.084360451496238,4.6177110936556653],[-74.084329065318897,4.617684845438375],[-74.084320410091024,4.6176952649884377],[-74.084261265429177,4.6177667802458542],[-74.084184645583605,4.6177857479820261],[-74.084155451301399,4.6177726104317083],[-74.084092637402392,4.617709256824809],[-74.084083133035691,4.6176996097273886],[-74.084049964795653,4.6177325142800347],[-74.083976916019012,4.6177992404128263],[-74.083668578449576,4.6174804212163574],[-74.083291834356856,4.6170920265925606],[-74.083053729992031,4.6168406789708323],[-74.082828486249028,4.6165959163609775],[-74.082509394061532,4.6162058298152466],[-74.082594360477316,4.6161310680407937],[-74.082520095782613,4.6160407261261396],[-74.082508556277901,4.6159983719135882],[-74.082512166337438,4.6159664515305128],[-74.082518572067585,4.6159473560614117],[-74.082528771920053,4.61592701261669],[-74.08253461716636,4.6159185880172027],[-74.082606584265122,4.6158297010001395],[-74.082425313911713,4.615681907170381],[-74.082349988669407,4.6157420081752534],[-74.082303024747716,4.6157991989092464],[-74.082247966174862,4.6158719782013566],[-74.082232950120712,4.6158800646474374],[-74.082178200595081,4.6158061936804939],[-74.082077016260769,4.6156648252615264],[-74.081981852108441,4.6155239830984076],[-74.081833975162681,4.6152874434722575],[-74.081725038404073,4.6150969962987967],[-74.081623744067173,4.6149132319192487],[-74.081299686532532,4.6143251387762048],[-74.081230004566052,4.6143482460921073],[-74.081118051393616,4.6142677051419172],[-74.081071685688656,4.6142869183614339],[-74.081089391211137,4.614330260075695],[-74.081062805362436,4.6143400213390819],[-74.081055291032513,4.6143433112590131],[-74.081025688820205,4.6143551578765285],[-74.080964966397772,4.614307415091365],[-74.080898665429189,4.6142549319308657],[-74.080883433157638,4.6142748675329361],[-74.080840300258842,4.6143258726690606],[-74.080819730018078,4.6143331814044428],[-74.080845764739124,4.6144120543575715],[-74.080845548459806,4.6144147835682991],[-74.080842574488187,4.614424293313605],[-74.080833817401668,4.614432635620898],[-74.080818601279148,4.6144380488958863],[-74.080809592730049,4.6144415015960947],[-74.08071730557819,4.614479865592215],[-74.080693909124619,4.6144893184573572],[-74.080689205684294,4.6144918984768957],[-74.080662070085964,4.6145026318616802],[-74.080625594302319,4.6145201005926095],[-74.080613333263756,4.6145247099179914],[-74.080611856165476,4.6145239141310235],[-74.080338967166881,4.6146352006506737],[-74.080327329707771,4.6146248409136783],[-74.080295817744144,4.6146243310069224],[-74.080177493868817,4.6145274743603224],[-74.0799806656849,4.6143640344789096],[-74.079825849722155,4.6142352909993356],[-74.079823337987435,4.6142218131607713],[-74.079829402220327,4.6142050544549544],[-74.079874027567172,4.6141445052798673],[-74.079764859354526,4.614069070748938],[-74.079721955318789,4.6141270245402035],[-74.079696668089483,4.6141294083816486],[-74.079472290787365,4.6139464280958258],[-74.079115805872689,4.613649899178399],[-74.079161119767889,4.6135865593427221],[-74.079047138291145,4.6134968221329329],[-74.079007757961364,4.613543204314305],[-74.078981264011063,4.6135401559383409],[-74.078459259384417,4.6131097899276483],[-74.078447451629316,4.6130854368552621],[-74.078451039330687,4.6130576320083101],[-74.078494988812253,4.6129977313096369],[-74.078386154348323,4.6129048008637952],[-74.078319485260508,4.6129917757414161],[-74.078158355076923,4.6128589760665317],[-74.078014821184439,4.6127425000554885],[-74.078017750130272,4.6127390663854859],[-74.077938990220204,4.6126718870010102],[-74.077935236663407,4.6126763958966617],[-74.077782870936915,4.6125503793649774],[-74.077783342258726,4.6125155145681402],[-74.077830030552576,4.6124529697040026],[-74.077707458143664,4.6123513098470701],[-74.077663241876394,4.6124112774171495],[-74.077644602060104,4.6124214997497317],[-74.077619772699961,4.6124164925854387],[-74.077375748197184,4.6122206098292065],[-74.077342797994163,4.6122616492531003],[-74.07739712047875,4.6123054332775375],[-74.077307531634432,4.6124175786431838],[-74.077335670247663,4.6124401176917571],[-74.077349532724853,4.6124575925959777],[-74.077344205637957,4.612492593038076],[-74.077247303401734,4.6126129911337008],[-74.077189585076297,4.6126812810405475],[-74.077182764680657,4.6126861064395843],[-74.077169128395823,4.6126943727377467],[-74.077081189627478,4.6127463669409545],[-74.076981777474387,4.6128047618362098],[-74.07689006168539,4.6128583322263861],[-74.076763949186713,4.6129314781840076],[-74.076748982698575,4.6129400094356861],[-74.076416327689202,4.6131313566325831],[-74.076384992402993,4.6131495784450181],[-74.076365643310581,4.6131485918111315],[-74.076353815778702,4.6131370654473907],[-74.076325800672947,4.6130918851326497],[-74.076212832307277,4.6131620006683702],[-74.076236337739047,4.6132001671453642],[-74.076240237272415,4.6132147211292729],[-74.076236059215802,4.6132269609675705],[-74.076110717110396,4.6133073141662679],[-74.076109568965308,4.6133055055425531],[-74.076030978367982,4.6133509605622161],[-74.076032063428158,4.6133526244962137],[-74.075896532137634,4.6134308289932742],[-74.075816626160389,4.6132977441104126],[-74.075368743762311,4.6135641392775053],[-74.075399942795798,4.6136182017787721],[-74.075369945764081,4.613637762834264],[-74.075387077801452,4.6136642148785603],[-74.075341181482244,4.6136942604636371],[-74.075310887242438,4.6136493984199962],[-74.07527546847723,4.6136734810082993],[-74.075285464719613,4.6136882167828466],[-74.07520075293948,4.6137425185626428],[-74.074250077369925,4.6142943722560874],[-74.074249398752016,4.6142947357858759],[-74.07423411767202,4.6143051542791689],[-74.074251689479055,4.6143311876565321],[-74.074184400841474,4.6143703467109791],[-74.07414051471882,4.6142775850251487],[-74.073793300072808,4.6144797609407142],[-74.073817723737861,4.6145219932820281],[-74.073599528154659,4.6147067319372868],[-74.073469840166652,4.6148857566942798],[-74.073432160028389,4.6149264685460354],[-74.073308470793862,4.6150494441306638],[-74.073369078969208,4.6151395011703551],[-74.073654659579958,4.6149749091909156],[-74.07406023930605,4.6147399876376802],[-74.074070760982664,4.6147475178838446],[-74.074138960855123,4.6146951233536342],[-74.07414124904507,4.614695295183517],[-74.074172038326878,4.6146752937849786],[-74.074174674368592,4.6146793333532461],[-74.074216718993313,4.6146502047976856],[-74.074219997612047,4.6146523028136874],[-74.074264178095262,4.6146282167016199],[-74.074261016640776,4.614624790253953],[-74.074523036270762,4.6144729449778161],[-74.074632139663166,4.6144094601041701],[-74.074851868542652,4.6142831215207583],[-74.075283654904425,4.614033512450642],[-74.075299844378378,4.614026698519984],[-74.075343523535096,4.6140604384871331],[-74.075361555897032,4.6140868588836046],[-74.075385494961353,4.6140703317730543],[-74.075502982239001,4.6140044784000205],[-74.075527557555574,4.6139881375744451],[-74.075502580448443,4.6139503174216783],[-74.075498871093274,4.6139320114494016],[-74.075516999151816,4.6138991461361885],[-74.075846947505511,4.6137080570872451],[-74.075863514564801,4.6137062240880029],[-74.075879846393121,4.6137103206532002],[-74.075894097300733,4.6137201478303327],[-74.075900786104242,4.6137300654211648],[-74.075918006484471,4.613755699051584],[-74.076007145899112,4.6136952677775085],[-74.07599168828105,4.6136765367567047],[-74.075982756362166,4.6136609663155728],[-74.075980848527266,4.6136425256072595],[-74.075989758883921,4.6136264361299988],[-74.076129967518497,4.6135447147602759],[-74.076330833404526,4.6134294363033845],[-74.076336219957824,4.6134374096199755],[-74.076353913543585,4.6134266989927131],[-74.076370398575122,4.6134307141589463],[-74.076381581737579,4.6134456018442824],[-74.07640072351488,4.6134747053064951],[-74.076512019260832,4.6134005592262239],[-74.07649274049669,4.6133711202674732],[-74.076489955754951,4.6133608671884474],[-74.076492211522165,4.6133436400722907],[-74.076504294141415,4.6133283192570964],[-74.076684974470268,4.61322378026472],[-74.076849898789035,4.6131296923307676],[-74.076860502490931,4.613127306768793],[-74.076879905647502,4.6131383827840997],[-74.076916033523048,4.6131934743293517],[-74.077005224151335,4.6131346815400631],[-74.076973509518055,4.6130863696201718],[-74.076981989979075,4.6130521830634281],[-74.077331252393165,4.6128494611848794],[-74.077351567582213,4.6128461640726659],[-74.077364962339558,4.6128512001820079],[-74.077467955887997,4.6129343334816877],[-74.07748991399454,4.6129071842655476],[-74.077465158519303,4.6128846949606777],[-74.0774934314381,4.6128497388301026],[-74.077927813667529,4.6132045477368404],[-74.077939497930586,4.6132126286505457],[-74.077952301502293,4.6132187698168217],[-74.077965907154635,4.6132228175030283],[-74.077979976931644,4.613224672235118],[-74.077994162964004,4.6132242869891718],[-74.078008112876333,4.6132216726171489],[-74.078021480601819,4.6132168933253812],[-74.078033935394387,4.6132100675788585],[-74.078066472860158,4.6131887366724431],[-74.078081851190419,4.6131767093274165],[-74.078095029651422,4.6131622900819851],[-74.078105641448857,4.61314587773761],[-74.078113394589437,4.6131279271629655],[-74.078222899553651,4.6132183282922385],[-74.078209596720598,4.6132267808979233],[-74.07819779441293,4.6132372392631158],[-74.078187790932716,4.6132494411374827],[-74.078179838620002,4.6132630772465655],[-74.07817413664317,4.613277804856506],[-74.078170830998943,4.6132932522955024],[-74.078169006086227,4.6133460016463976],[-74.078173354500549,4.6133986017801778],[-74.078177268507545,4.6134277332422791],[-74.078196195837435,4.6134249768850806],[-74.078196277832603,4.6134089081876866],[-74.078198591240849,4.6133960344179163],[-74.078304154974688,4.6132480339090032],[-74.078316965751966,4.6132471766079357],[-74.078867849004212,4.6137008223377372],[-74.078874684769033,4.6137222463498571],[-74.07887103486938,4.6137356247296708],[-74.078850487194089,4.6137632984854324],[-74.078839832146514,4.6137798672864889],[-74.078951596639229,4.6138641135586917],[-74.078965823203617,4.6138466368207087],[-74.078975984388975,4.6138330802778222],[-74.078989885625873,4.6138217637046308],[-74.07900769545742,4.6138201747932763],[-74.079019910554493,4.6138260871508443],[-74.079575317021764,4.6142855542666084],[-74.079580071893403,4.6143034161977878],[-74.079568179514993,4.6143307517363592],[-74.079564071791509,4.6143387295772991],[-74.079551852245842,4.6143575582657528],[-74.07965773645472,4.6144360882943039],[-74.079669554971034,4.6144217721156897],[-74.079672426236669,4.6144179287864553],[-74.079707137471715,4.614405674365428],[-74.079734440774075,4.6144164518552495],[-74.079820119702177,4.6144878848921573],[-74.080032517360621,4.6146648215994546],[-74.080283173716765,4.6148693359524495],[-74.080281137871992,4.6148707919006249],[-74.080282560908174,4.6148743168981179],[-74.080236864885478,4.6149300461258154],[-74.080313789507443,4.6150042418047867],[-74.080354747854514,4.6149552270981369],[-74.080380981386099,4.6149520293498325],[-74.080440541266285,4.6150028821133526],[-74.080455329398191,4.6150151463136186],[-74.080584016332125,4.6148646060716336],[-74.080551740012424,4.6148375962591173],[-74.080606617562822,4.6147714963359876],[-74.080608004534682,4.6147710948159837],[-74.08063768065729,4.6147561229179193],[-74.080710600724416,4.6147258100981885],[-74.080782120291161,4.6146949519780582],[-74.080937274459515,4.6146311729249749],[-74.081034063189321,4.6145908628014309]]},"properties":{"FID":0,"Entity":"LWPolyline","Handle":" ","Layer":"_LINEA_DE_OBRA_CIVIL","LyrFrzn":0,"LyrOn":0,"Color":1,"Linetype":"DASHED","Elevation":0,"LineWt":30,"RefName":" ","DocUpdate":null,"DocId":0,"GlobalWidt":0,"Shape_Leng":13043.0752051,"InLine_FID":1,"MaxSimpTol":0.001,"MinSimpTol":0.001}},{"type":"Feature","id":1,"geometry":{"type":"LineString","coordinates":[[-74.352129134028715,4.8058098106551732],[-74.352104756370053,4.8057903853573398],[-74.352088430815812,4.8058100594541973],[-74.351656418841699,4.8054501754166221],[-74.351410655974831,4.8052451374744445],[-74.351164232800372,4.8050386202716409],[-74.350713852216813,4.804663423273861],[-74.350646919211229,4.8046085276962245],[-74.350629901871088,4.8046205155243458],[-74.350467289871887,4.8045252470822968],[-74.350057501195522,4.8041517108249057],[-74.35001424994168,4.8041072367639526],[-74.350001988627156,4.8040964452777022],[-74.349990456538634,4.8040855323242475],[-74.349865354819897,4.8039806641075931],[-74.349728360311545,4.8038667359529086],[-74.349715045603944,4.8038546653030592],[-74.349681979116596,4.8038264463892748],[-74.34963532121786,4.8038044363651711],[-74.349487271512928,4.8036839871705244],[-74.34949399413297,4.8036761587149055],[-74.34943956360145,4.803630531572594],[-74.349408412862914,4.8036026781200727],[-74.349339239636308,4.8035446924110659],[-74.34929518184471,4.803512044999481],[-74.349281480499428,4.8034978747196595],[-74.349193878804456,4.8034372512721815],[-74.349040604384101,4.8033143570272738],[-74.349074546253533,4.8032494729566757],[-74.348774574092829,4.8029773812138634],[-74.348534314649271,4.8027133518152745],[-74.348308057975586,4.8024365661906945],[-74.348166689430144,4.8022452244653593],[-74.348079540650403,4.8021551984038933],[-74.348064753767318,4.8021655665938701],[-74.347940779816454,4.8020340379892659],[-74.347493201229938,4.8014461208941741],[-74.347429234556557,4.8012903233581827],[-74.347369571523572,4.8011944219596936],[-74.347308647012639,4.8011136390725557],[-74.347198917241258,4.8010006644480843],[-74.347007612707642,4.8007035286961708],[-74.346792529352783,4.8004024676695654],[-74.346567998622021,4.8001118567135252],[-74.346346990610684,4.7998503626147411],[-74.346239718077086,4.7995195952844769],[-74.346146896264159,4.7991807532084501],[-74.346031896415084,4.7986553436618067],[-74.345938476693675,4.7983060101285906],[-74.34579457077794,4.7979565056050024],[-74.345607499763801,4.7976240386487508],[-74.345490929805507,4.79747409603777],[-74.34548761273993,4.797470096733309],[-74.34547876656103,4.7974577113474357],[-74.345422955084388,4.7973848524016942],[-74.345364661825769,4.7973139911098475],[-74.345304005895585,4.7972454348852951],[-74.345241856076242,4.7971786498520927],[-74.34517869538351,4.7971132325043984],[-74.34514757074318,4.7970817390235521],[-74.345141324561141,4.797074564976838],[-74.344891284303074,4.7968103244754401],[-74.344649906950877,4.7965457241890013],[-74.344071002865761,4.7958805058560081],[-74.344111020452914,4.7958268654702687],[-74.344231263027041,4.7957138249056532],[-74.34414713632188,4.7956237572811009],[-74.344024612022366,4.7957293581713865],[-74.344014362734782,4.7956923854943474],[-74.343853662464781,4.7955747955989727],[-74.343684346459014,4.7954064327805677],[-74.34371333958596,4.7953764494868389],[-74.34331546367352,4.7949844400066253],[-74.343142485609334,4.7947909571067919],[-74.343103506359654,4.7948256737285755],[-74.343068740208409,4.7947897830577313],[-74.342914804525847,4.7946390261225975],[-74.342721812014645,4.7944104858785623],[-74.342517271413058,4.7941892477220422],[-74.342370277282939,4.7940390648968094],[-74.34225403524556,4.7939460343204896],[-74.342087703990558,4.7937594392812946],[-74.341839893297973,4.7935531222601444],[-74.341633926790635,4.7933919531566644],[-74.341325206195009,4.7931291029509779],[-74.34127335597644,4.7931820026070264],[-74.341083419788689,4.7930509564898527],[-74.341078175377362,4.7930466432088545],[-74.340937610170229,4.7929346993593596],[-74.340940566409529,4.7929311072582959],[-74.340831909248251,4.7928305162864318],[-74.340819539415605,4.7928414675617619],[-74.340800741290366,4.7928614597574937],[-74.340782674864926,4.7928430715145645],[-74.340753929690152,4.7928096905286433],[-74.340724685320168,4.7927768269912878],[-74.340696257382007,4.7927432505524044],[-74.340668665714844,4.7927089810989933],[-74.340641924748553,4.7926740367115599],[-74.340614583580489,4.7926394904444267],[-74.340591063463634,4.7926022171554665],[-74.340568493260108,4.7925644117735429],[-74.340545340893698,4.7925270316341377],[-74.340523116794998,4.7924890904727278],[-74.340501831789382,4.7924506099883271],[-74.340479892458973,4.7924124317898746],[-74.340460507285627,4.7923729033975135],[-74.340442100895899,4.7923329080109429],[-74.340421356546031,4.7922938630343328],[-74.340413604033387,4.7922745701339196],[-74.340411614440285,4.7922435806530137],[-74.340366718343873,4.7920664462028544],[-74.340328256863756,4.7918613665071881],[-74.340296697623245,4.7916962088520423],[-74.340213276070074,4.7913349291717831],[-74.340195180984566,4.7912790958032918],[-74.3401475660296,4.7911815766525772],[-74.340041318173675,4.7910273534784986],[-74.339836684125089,4.7907688574064169],[-74.339711242240654,4.7906550455124979],[-74.339436116642702,4.7904448115163083],[-74.339175262057509,4.7902613210380842],[-74.339049068792164,4.7902097538547075],[-74.338320054240199,4.7896579870476144],[-74.338267960473217,4.7896176445223686],[-74.338044100523931,4.7894773648621785],[-74.337915740646039,4.78938107899104],[-74.337885465678482,4.7893563109718276],[-74.337851180584252,4.7893276867467574],[-74.337817182019748,4.7892987223950776],[-74.337783470887146,4.7892694197251515],[-74.337750052596405,4.7892397823521264],[-74.337716930754269,4.7892098129875489],[-74.337684106263268,4.7891795143440099],[-74.337651585434443,4.7891488891320346],[-74.33761936917054,4.7891179409685742],[-74.337586195052779,4.7890879607652215],[-74.337554586114635,4.7890563630822092],[-74.337523292562096,4.7890244514866573],[-74.33749231710047,4.7889922286904376],[-74.3374616624358,4.7889596992140513],[-74.33743000392505,4.7889280870746331],[-74.33739998814788,4.7888949388132636],[-74.337370303987896,4.7888614920064692],[-74.337340951446819,4.7888277511757043],[-74.337311935933869,4.7887937181275966],[-74.337283252040464,4.7887593928642431],[-74.337254859198794,4.788724766358107],[-74.337226719561301,4.788689872082589],[-74.337198796181269,4.7886547417020946],[-74.337171054815514,4.7886194050714854],[-74.337143454011496,4.7885838974741173],[-74.337115960426516,4.7885482460515076],[-74.337088530804451,4.7885124842791367],[-74.337061129098643,4.7884766402038563],[-74.337004562066042,4.7884062033610162],[-74.336949739708544,4.7883344193529576],[-74.33689563289181,4.7882620852559201],[-74.336785989136203,4.7881185172137544],[-74.336731882354172,4.7880461831014642],[-74.336622238668454,4.7879026159327696],[-74.336566700863074,4.7878313819721621],[-74.335634728447346,4.7866110542388904],[-74.335580622809729,4.7865387200190543],[-74.335306513546769,4.7861797992563657],[-74.335251629334891,4.7861079744184716],[-74.335223947436944,4.7860720182294401],[-74.335195938351234,4.7860361363146655],[-74.335167545339175,4.7860004661485913],[-74.335138797274908,4.785965083681277],[-74.335109695061277,4.7859299925294874],[-74.335080244108511,4.7858951972127342],[-74.335050445319055,4.7858607004433926],[-74.335020302299995,4.7858265058373561],[-74.334989818658414,4.7857926170103493],[-74.334958996198537,4.7857590375788748],[-74.33492783942846,4.7857257702540208],[-74.334896351053899,4.7856928186520333],[-74.334864534681856,4.7856601863885455],[-74.33483239211624,4.7856278761758402],[-74.334799927865475,4.7855958916293311],[-74.334767144635251,4.7855642363651656],[-74.334734046032267,4.7855329130948112],[-74.3347006347621,4.7855019254344002],[-74.334667517235147,4.7854706021675568],[-74.334633486040261,4.7854402884377523],[-74.334599152097269,4.7854103193570552],[-74.334564519914309,4.7853806976365503],[-74.334529593098097,4.7853514259877441],[-74.334494374354534,4.7853225089310936],[-74.334458867290024,4.7852939482737886],[-74.334423076412691,4.7852657467269273],[-74.334387551326131,4.785237187880897],[-74.334351194627573,4.7852097090757617],[-74.334314034267649,4.7851833274825584],[-74.334277142404062,4.7851565922062109],[-74.334239983859661,4.7851302295981633],[-74.334202564044304,4.7851042432735751],[-74.334164885663299,4.785078635944287],[-74.334126952322933,4.785053409417392],[-74.334088282044306,4.7850293280048293],[-74.334049858621242,4.7850048757354999],[-74.334011191960641,4.7849808133071283],[-74.333972286569576,4.784957140717939],[-74.333932690223833,4.7849346430673698],[-74.333893326307049,4.784911764618168],[-74.333853734479845,4.7848892841426904],[-74.333813920151712,4.7848672043517233],[-74.333773886929322,4.7848455279569011],[-74.3337336375169,4.7848242549570035],[-74.333693178225715,4.7848033889669326],[-74.333652510859594,4.7847829326988922],[-74.333611640827357,4.7847628870550851],[-74.333570188933422,4.7847440732792554],[-74.33352893430559,4.7847248597275831],[-74.333487488732032,4.7847060622214315],[-74.333445856721141,4.7846876843763182],[-74.333404043682108,4.7846697279988097],[-74.333376262810674,4.7846581272026487],[-74.333402172859564,4.7845837924171457],[-74.33300380675378,4.7844440536065793],[-74.332880246561089,4.7844103730230048],[-74.332596873422133,4.7843353767453216],[-74.332814133582318,4.7834476709053373],[-74.332739096612372,4.7834291888086033],[-74.332645912582706,4.7837089552756584],[-74.332449105908694,4.7839081467216369],[-74.332195401211379,4.7840320077908043],[-74.332062889730395,4.7840513818966217],[-74.331961766455805,4.7840478565463433],[-74.331828415627484,4.7840156407486267],[-74.331506558289988,4.7839091796990303],[-74.331117809281992,4.7837619956205062],[-74.33091582658237,4.7836878004307692],[-74.330518920020296,4.7835409174345367],[-74.330374672044442,4.783486676680976],[-74.330037430150782,4.7833619809113515],[-74.329538290828694,4.7831737724362471],[-74.329292348935624,4.7830608500970682],[-74.329119221821472,4.7829981726384272],[-74.329130474982634,4.7829728563081559],[-74.329081076049675,4.7829507607575525],[-74.329069694992583,4.7829763728394061],[-74.328926763386548,4.7829124408301471],[-74.328948830484549,4.7828586740405248],[-74.328917473432966,4.7828435910130658],[-74.328957947805137,4.782731020030428],[-74.328974838127564,4.7826800331429391],[-74.328881651105817,4.7826614514731869],[-74.328853354913548,4.7827293637627033],[-74.328664990420535,4.7827958426691906],[-74.328488392672497,4.7827175789365866],[-74.327994175820294,4.7824892709192808],[-74.327801375027647,4.7823784744821456],[-74.327588535156522,4.7822663469419284],[-74.327098420398073,4.7820629953661831],[-74.326708580259591,4.7818546315107966],[-74.326496372783893,4.7817255043899838],[-74.326125283982492,4.7814759534478695],[-74.325856610007833,4.7812873546483612],[-74.325620584397811,4.7811101561545],[-74.325381234576383,4.7809282618508266],[-74.324950703197757,4.7806083230772991],[-74.324570280242824,4.7803180377758174],[-74.324165082175455,4.7800104890671147],[-74.323729893284479,4.779685250139865],[-74.32328057075587,4.779330298933151],[-74.323017967742345,4.7791394812186541],[-74.322846577073378,4.7790025052285792],[-74.322566128859307,4.7787786018229177],[-74.322272606792069,4.7785449727101152],[-74.321956670279405,4.7782962134983107],[-74.321765428928003,4.7781463697950652],[-74.32180481969192,4.7780741014221908],[-74.321813351378651,4.7780250383905081],[-74.32178347038554,4.7780025175398153],[-74.321656398213108,4.7780609424895326],[-74.321466793520784,4.7779123867376221],[-74.321030038328189,4.7775553803079251],[-74.320257331583321,4.7768424901727728],[-74.320092042257997,4.7766834156400027],[-74.319979643416801,4.7765929568122472],[-74.319915322153776,4.7765320822805704],[-74.319666939263527,4.7763133026561597],[-74.319571066614444,4.7762162889902084],[-74.319428465637458,4.7760760500447006],[-74.319339439840306,4.7759831177397487],[-74.31927589507599,4.7758998379670725],[-74.3192580244569,4.7758714022677644],[-74.319220331455995,4.7758989170776207],[-74.319144792739806,4.7758215574386789],[-74.319162143376445,4.7757860142025139],[-74.319128637470641,4.7757234304595073],[-74.318787805195882,4.7753736103861071],[-74.318536572220367,4.7751118463784925],[-74.318484794208942,4.7750891250740084],[-74.318469631227444,4.775085751940046],[-74.318070416620515,4.7746216594745707],[-74.31785659932909,4.7744043066430075],[-74.317709139991962,4.7742523764161238],[-74.317604082458686,4.7741396995857208],[-74.317468414719272,4.7739958134331149],[-74.317470580928713,4.7739935410772967],[-74.317449358195759,4.7739628529828488],[-74.3174780813967,4.7739021735393514],[-74.317368487407691,4.7738499632826166],[-74.317267241143455,4.7737372145261308],[-74.317280635552507,4.773725110329563],[-74.316527206979146,4.7728860898328227],[-74.316476349858689,4.7728564754775631],[-74.316449868427355,4.7728832989644907],[-74.316168552882829,4.7725727267842553],[-74.316147445028761,4.7725298504636724],[-74.31616998278264,4.772505638165824],[-74.316359840919262,4.7723466922543922],[-74.316335496679869,4.7723081251451998],[-74.316264837362851,4.7723670937300815],[-74.316169869086778,4.7722600143657701],[-74.316246399652385,4.7721890346603972],[-74.316181437094798,4.7720857411069408],[-74.316090073898266,4.7721700408561869],[-74.31602940872078,4.7721016390688895],[-74.315900350552923,4.7722181033312348],[-74.315378921080679,4.7716401134737501],[-74.315738103491483,4.7713391485940342],[-74.315706805655481,4.7713000358653952],[-74.315342668784183,4.7716000963374734],[-74.313556475300842,4.7696182740276116],[-74.313421370876739,4.7694717462234442],[-74.313294565077001,4.7693363890602933],[-74.313214867212778,4.7692548142703535],[-74.313133666315451,4.7691746959072141],[-74.313061386056646,4.7691060066238924],[-74.313003212546477,4.7690523256703514],[-74.312919426477592,4.7689775525730633],[-74.312828799504302,4.7688997180424337],[-74.31274081548942,4.7688272161500382],[-74.31264906161762,4.7687541566787637],[-74.312584568711699,4.7687040371706049],[-74.312451798485142,4.768602811934028],[-74.312315111918167,4.7684996238702784],[-74.312194665708219,4.7684087377416162],[-74.312060814580406,4.7683041867797762],[-74.312000376013117,4.7682585800894852],[-74.311960450804634,4.7682263807683096],[-74.311937127505843,4.7682042207358082],[-74.311903844351718,4.7681734497460528],[-74.311864836209296,4.7681501918165683],[-74.31182923177758,4.7681216045929231],[-74.311793135691318,4.7680945240974673],[-74.311758933522896,4.7680649597485054],[-74.311721572430073,4.7680395399736124],[-74.311685784495936,4.7680120542408924],[-74.311649706657789,4.7679855904631037],[-74.311613102343543,4.7679589568543692],[-74.311544312650028,4.7679010508788791],[-74.311512444106867,4.767868421955832],[-74.311504165398532,4.7678625233182865],[-74.311474808658986,4.7678419767844655],[-74.311439900575152,4.7678146625550903],[-74.311404674651598,4.7677857297362731],[-74.311370108639693,4.7677570318087525],[-74.311338982383091,4.767728294728137],[-74.311299830021966,4.7676995947402405],[-74.311263551873751,4.767672454592673],[-74.311225082482849,4.7676481962858528],[-74.311190044664841,4.7676210267746688],[-74.311160534397217,4.7675942315705129],[-74.311155094308063,4.7675912546584911],[-74.311117663308153,4.7675668874761756],[-74.311083290002216,4.7675375456062605],[-74.311048291249421,4.7675085765183631],[-74.311012263701159,4.7674814055250589],[-74.310974819863432,4.7674563601142745],[-74.310945393523212,4.7674324767152481],[-74.310904053394708,4.7674008438991899],[-74.310867872496601,4.7673733112300534],[-74.310832504404914,4.7673449951597062],[-74.310803843919928,4.7673254213845118],[-74.310785708584135,4.7673121885991714],[-74.310759557403543,4.7672919881950735],[-74.310723881270832,4.7672643576820866],[-74.310692619768133,4.7672407190548522],[-74.310653756193275,4.7672128581188478],[-74.310614618377841,4.7671843552209756],[-74.310578787282864,4.7671569273153889],[-74.310542581452296,4.7671302302087382],[-74.310507635152291,4.7671016426873551],[-74.310472196865192,4.7670735816330385],[-74.31043619454006,4.7670462297385674],[-74.310417120667992,4.7670351169384837],[-74.310397846790579,4.7670243189017576],[-74.310357616245284,4.7670004355194218],[-74.310310952674328,4.766958698018823],[-74.31023812466907,4.766905486582365],[-74.310078251211621,4.7667814292322372],[-74.309777952592242,4.7665584292756638],[-74.309593313171504,4.7664208355758593],[-74.309347226435477,4.7662334663988561],[-74.309129730812217,4.7660683748568111],[-74.308552897753785,4.7656331017608862],[-74.308523264567043,4.7656101678330272],[-74.308487152520783,4.7655831124749843],[-74.308451290956384,4.7655557242485562],[-74.308415469039005,4.7655282835573578],[-74.308380135562501,4.7655004755545241],[-74.30834491371921,4.7654722370656959],[-74.308308850340993,4.765445116571585],[-74.308273219447869,4.765417422604366],[-74.308236682147083,4.7653909316577323],[-74.308200755730809,4.7653636320602235],[-74.308164649115085,4.7653365676389852],[-74.308128630724525,4.7653091577436655],[-74.308092973093238,4.7652823337114674],[-74.30805685542434,4.7652545349965774],[-74.308020595636748,4.7652276370096427],[-74.307984701672694,4.7652002921740095],[-74.307948638322969,4.7651731734680256],[-74.307912302872225,4.7651464147624312],[-74.307876446759195,4.7651190210758259],[-74.307840219434809,4.7650921194505287],[-74.307804765174211,4.7650641884713005],[-74.307768642371741,4.7650371475447573],[-74.307733058398441,4.7650094680002093],[-74.307697067147998,4.7649822515914462],[-74.307660958770299,4.7649551925679523],[-74.307588958263125,4.7649007832580121],[-74.307480726827649,4.7648193601621101],[-74.307444858133977,4.7647919827326737],[-74.307408924570368,4.7647646903270715],[-74.307373077505744,4.7647372821401808],[-74.30733714756353,4.7647100204755199],[-74.307301223019337,4.7646827190177978],[-74.307265184949884,4.7646555640925277],[-74.307229118052163,4.7646284507726655],[-74.307192906995297,4.7646015255931893],[-74.307157027515586,4.7645741734714901],[-74.307120872326635,4.7645471741166636],[-74.307084706329604,4.7645201928494414],[-74.307012702308526,4.7644657907096146],[-74.306976586774994,4.764438738883972],[-74.306940820844289,4.76441125287581],[-74.30690479181375,4.7643840888840865],[-74.306869033087267,4.7643565648889004],[-74.306833031091188,4.7643293610948643],[-74.306797160645644,4.7643019854380411],[-74.306761174874396,4.7642747635485385],[-74.306725706440446,4.7642473298784012],[-74.306689360272799,4.7642205873838028],[-74.306653450194091,4.7641932641814106],[-74.306617462631792,4.7641660440929865],[-74.30658139037763,4.7641389361638504],[-74.306545555991534,4.7641115116485606],[-74.306512263054955,4.7640825580184645],[-74.306484378240441,4.7640418286041637],[-74.306447086534277,4.7640205718922646],[-74.306455169697799,4.7640105658381735],[-74.306520855477018,4.7639416951108089],[-74.30652036507847,4.7639415858538774],[-74.306575628867648,4.7638836868430374],[-74.306514130970214,4.7638271198691022],[-74.306467606768607,4.7639110597959169],[-74.306456592206317,4.7639236621661407],[-74.306442468589324,4.7639331746749356],[-74.306426832853916,4.7639385478029386],[-74.306406207261034,4.7639393811985427],[-74.306368334703748,4.763930676354807],[-74.30633324049829,4.7639172193939006],[-74.306302114839355,4.7639000516735361],[-74.30625226441073,4.7638639143556771],[-74.306243605845111,4.7638757201552595],[-74.306117534530856,4.7637789567947255],[-74.306080519864238,4.7637531025097868],[-74.306043598905447,4.7637271252068025],[-74.306007831335549,4.7636999140536398],[-74.305971427558987,4.7636732474982715],[-74.305962690764431,4.7636665296451977],[-74.305935695934878,4.7636456854608538],[-74.305900094059851,4.7636179551785673],[-74.305863991227071,4.7635908870079984],[-74.3058274433007,4.7635644122038032],[-74.305791268371564,4.763537374799248],[-74.305754716847503,4.763510907226423],[-74.305718770800397,4.7634836291980704],[-74.305682592297856,4.7634566641325105],[-74.305646718337982,4.7634292938375644],[-74.305609801014242,4.7634033056566683],[-74.305573559449371,4.7633764238013372],[-74.305537153903828,4.7633497590303282],[-74.305501294371567,4.7633223706363674],[-74.305465409638032,4.7632950889561849],[-74.30542953388732,4.7632677041807421],[-74.305393613095021,4.7632403971880342],[-74.305357560746842,4.7632132294989935],[-74.305287877773367,4.763160573501759],[-74.305253183249448,4.7631343385945231],[-74.305213501000964,4.7631045170751154],[-74.305174832092163,4.7630751889655158],[-74.3051415477224,4.7630500351279235],[-74.305069781957002,4.7629955856653288],[-74.305035088594721,4.7629673504346135],[-74.304999556822551,4.7629387790797901],[-74.304964389304502,4.7629104680408645],[-74.304928580464207,4.7628835932400602],[-74.304892441420179,4.7628558232896374],[-74.304856772998875,4.7628283244715162],[-74.30482151899578,4.7628001292035913],[-74.304786263225964,4.7627720352158702],[-74.304751371433369,4.7627433587368415],[-74.304715349690042,4.7627159070511143],[-74.304680814232782,4.7626908205207226],[-74.30464483653526,4.762665725421753],[-74.304612821773588,4.7626417865161663],[-74.30457046691059,4.7626091588923236],[-74.304534888436834,4.7625809962703372],[-74.304497761945328,4.7625546156278826],[-74.304461297063767,4.7625281732725506],[-74.3044252718297,4.7625010037130568],[-74.304388727575414,4.7624743931800149],[-74.304354278837224,4.7624497985424377],[-74.304318398028983,4.7624232203413763],[-74.304282212427196,4.7623962660500041],[-74.30424292556269,4.7623679346258028],[-74.30420827676204,4.7623434557966764],[-74.304170170602276,4.7623147134267816],[-74.304137490346335,4.7622898776510576],[-74.304101041366266,4.7622623627702758],[-74.304062318471168,4.7622330490794997],[-74.304026790630004,4.7622052372807149],[-74.303992520231404,4.762180143391344],[-74.303969346558461,4.7621620831089242],[-74.303922593926018,4.762127000811132],[-74.303882468144707,4.7620966964584666],[-74.303850170201088,4.7620721625782982],[-74.303810853968741,4.7620421220103326],[-74.303777782421705,4.7620169517538571],[-74.303744166859076,4.7619875712542967],[-74.303716885485088,4.7619666348311442],[-74.303670057944501,4.7619284327047726],[-74.303670683159154,4.7619107841824171],[-74.302881108024522,4.7613123750218262],[-74.301816835350209,4.7604864041746913],[-74.301839676664414,4.7603914958647016],[-74.301859077086377,4.7603097173038771],[-74.301806404385246,4.7602971411906196],[-74.301791425583701,4.7603602788764769],[-74.30178790391318,4.7603689016209545],[-74.301783851460996,4.7603751769753888],[-74.301778906355082,4.7603806170474936],[-74.301773991425762,4.7603846029952344],[-74.301768003689858,4.7603881443769147],[-74.301760768182632,4.7603909518735019],[-74.301754503910558,4.7603923049390628],[-74.30174663304679,4.7603927252903881],[-74.301742017764482,4.7603923270935908],[-74.301737443791296,4.7603914496042723],[-74.301729344720968,4.7603886127409787],[-74.301721773351247,4.7603841750945026],[-74.301678317204079,4.7603513993311193],[-74.301582893832233,4.7602799689990398],[-74.301541666664733,4.7602493989927712],[-74.301454974942274,4.7601856830958322],[-74.301406818197009,4.7601506191556862],[-74.301096529515846,4.7599302010258349],[-74.300994456068054,4.7598597349413758],[-74.300925063886439,4.7598123016086342],[-74.299696968422822,4.7589733656908431],[-74.299698448838868,4.7589687568991241],[-74.299766625323272,4.7588686722628459],[-74.299701866437687,4.7588210636752963],[-74.29961808638528,4.7589423664148267],[-74.298619048051435,4.7582921995092242],[-74.29787490952549,4.7577781859925672],[-74.297755672605732,4.7576971228687182],[-74.29773680974958,4.7576565059206652],[-74.297690639214849,4.7576529089102673],[-74.297442565375817,4.7574842529722527],[-74.296944458086841,4.757145874358887],[-74.296758882316595,4.7570187870159586],[-74.296681724773464,4.7569614590329747],[-74.296646583353095,4.7569395572073336],[-74.296606040912678,4.7569123452372022],[-74.29656481448859,4.7568828202814739],[-74.296470135663355,4.7568196614907698],[-74.296346842981649,4.7567334647768975],[-74.296262366012627,4.7566755585082179],[-74.296208860145086,4.7566380958629066],[-74.296295266001238,4.7565072486938922],[-74.296271667831704,4.7564910113357728],[-74.29621084291982,4.7565800409503334],[-74.296159823997272,4.7565396982181376],[-74.296115372036212,4.7565089190882466],[-74.296090381035725,4.7565578469641796],[-74.296049472425324,4.756529848333737],[-74.296015889718731,4.7564884537817056],[-74.29600732143129,4.7565009991480265],[-74.295798025279424,4.7563577501592187],[-74.295366793490942,4.7560641716844279],[-74.294860583487676,4.7557162084329985],[-74.294875512690879,4.755694348585461],[-74.294821092606639,4.7556845143047823],[-74.294785718948219,4.7556574977267818],[-74.294749297387227,4.7556346756235195],[-74.294710424891292,4.7556088031807553],[-74.294672583733075,4.7555833879865981],[-74.29463546365541,4.7555578604296977],[-74.294598549241485,4.7555327921905421],[-74.294561236067082,4.7555066117851137],[-74.294524160998549,4.7554808653668781],[-74.294487258946063,4.7554549470748482],[-74.294450308255662,4.7554291391206895],[-74.294412669114038,4.7554039987550043],[-74.294375132779464,4.7553790048515259],[-74.294340028800775,4.7553552906698906],[-74.294264104318501,4.7553023822291838],[-74.294226726401973,4.7552766286546202],[-74.29419807003795,4.7552556560851089],[-74.294189512406206,4.7552504427706346],[-74.294159354636975,4.7552304617851613],[-74.294116625189972,4.755201884851874],[-74.294080131093494,4.755171788539152],[-74.294044578365018,4.7551484669490298],[-74.294005195196945,4.7551208728356746],[-74.293970876007819,4.755098934433855],[-74.293929338683284,4.7550718582526814],[-74.293892139337061,4.7550463306777537],[-74.293783266412575,4.7549732611970059],[-74.293754994565603,4.754953889099256],[-74.293736800643941,4.7549415095074501],[-74.293670566680888,4.7548959300251017],[-74.293643760799043,4.7548775142126116],[-74.293556455109325,4.7548176768894663],[-74.293519834542764,4.7547923426318457],[-74.293450908666273,4.7547455106101024],[-74.293431270118901,4.7547311745557055],[-74.293411541459221,4.7547169217246203],[-74.293358027816154,4.7546824737828848],[-74.293296337328286,4.7546382438638739],[-74.293272865692146,4.7546226737303217],[-74.293261310548843,4.7546132653868494],[-74.293259272981373,4.7546118969136097],[-74.293225983644589,4.7545855035642752],[-74.293187854898477,4.7545566990537491],[-74.293145210018011,4.7545389320403979],[-74.293126386874391,4.7545205191338233],[-74.293117768986647,4.7545011969239974],[-74.293078746617851,4.7544741524557974],[-74.293033150438745,4.7544616855607948],[-74.293015214674355,4.754450381985694],[-74.292644652466251,4.7541921028856793],[-74.292477374730368,4.7540769055746379],[-74.290650095366388,4.7528197100061007],[-74.290794941838584,4.7526927863563415],[-74.290746737464033,4.7526460000809401],[-74.290605277661797,4.752799840094946],[-74.288978387289802,4.7516805053930611],[-74.288941357764671,4.7516549865230058],[-74.288904393122195,4.75162940252123],[-74.288867475331344,4.7516037425416604],[-74.288534464963362,4.7513714283223933],[-74.288497294754734,4.7513455821128527],[-74.288460068684344,4.7513198064537043],[-74.288422790359348,4.7512941067697332],[-74.288385519280581,4.7512685137888724],[-74.280320945177181,4.7457361098582371],[-74.280360881775053,4.7456870035845924],[-74.280406358450662,4.7456324318896765],[-74.28041858848151,4.745639007993919],[-74.280443932198864,4.7456099941628853],[-74.280366967377418,4.7455555922916091],[-74.280244006095643,4.7456834442252962],[-74.27578497390941,4.7426242903248683],[-74.275767161886222,4.7426339805122302],[-74.273568629369009,4.7411256966988189],[-74.273494074976881,4.741074635628034],[-74.273419197953217,4.7410237500748131],[-74.273344056038852,4.7409732281175216],[-74.273268674478373,4.7409230914521538],[-74.273193242556488,4.7408733273647901],[-74.273042544679541,4.740774092110807],[-74.272967439124614,4.740724463550217],[-74.272892641775641,4.740674570837597],[-74.272818093111567,4.7406243054735784],[-74.272743731834012,4.7405736493894466],[-74.272701889265733,4.7405449948287872],[-74.272670545328282,4.7404179528334298],[-74.272591797865459,4.7404375079967735],[-74.272601319977639,4.7404761027372739],[-74.27254777534867,4.7404394176490587],[-74.272530048614385,4.7404382235471374],[-74.272143197136273,4.740173178524163],[-74.272178976001697,4.7400628942093244],[-74.272261560393844,4.7397625774747558],[-74.27215533682444,4.7397350912883187],[-74.272172710407872,4.7396146134352497],[-74.272210591242981,4.7394592418225345],[-74.272235776980878,4.7393483618401389],[-74.272257450759795,4.7392367358926135],[-74.272410100930998,4.7383783833799615],[-74.272442780147188,4.738207983715764],[-74.272480042179225,4.7380385340835547],[-74.272539146340108,4.7377860217375849],[-74.272574047265337,4.7376248688356624],[-74.272603563095004,4.7374626377142812],[-74.2726809221503,4.7369931798844158],[-74.272707020868708,4.7368470969446852],[-74.27273704975633,4.7367017779341474],[-74.272812456112845,4.7363601853722859],[-74.272814579619975,4.7363533500554995],[-74.272817817345214,4.7363469701924892],[-74.27282207739924,4.7363412248610111],[-74.272827237242737,4.7363362804872837],[-74.272833152695,4.7363322727573447],[-74.272839654331932,4.7363293192783713],[-74.272846556495153,4.7363275032985674],[-74.272853666305778,4.7363268737047131],[-74.272860778258163,4.7363274522581174],[-74.272867694045885,4.7363292191201092],[-74.272868580272288,4.7363266560769519],[-74.272760092798677,4.7362985321621629],[-74.272759392269805,4.7363011530281431],[-74.272763987908817,4.7363028192642993],[-74.272768239437482,4.7363052415943789],[-74.272772020644155,4.7363083477097581],[-74.272775225142581,4.7363120490188564],[-74.272777759161102,4.7363162406491544],[-74.272779554161815,4.7363208014433891],[-74.272780554223388,4.7363256011979145],[-74.27278073226573,4.7363305006577692],[-74.272780084644296,4.7363353605614442],[-74.272700969350922,4.7366937615307414],[-74.272670737022125,4.7368400626698115],[-74.272644460101645,4.7369871313483127],[-74.272567101022588,4.7374565909837356],[-74.272537808382523,4.7376176030414747],[-74.27250317030996,4.7377775459112748],[-74.272444064333754,4.7380300582552515],[-74.272406588041264,4.7382004864013973],[-74.272373719804165,4.738371869998443],[-74.272221069589392,4.7392302243136903],[-74.272199619021947,4.7393406963077176],[-74.272174692553634,4.7394504331778995],[-74.272062015144186,4.739912595932199],[-74.27203274831632,4.7399796690369174],[-74.272022100899989,4.7400233444085718],[-74.27201128067496,4.7400743826579967],[-74.271961023134452,4.7400399284142951],[-74.27192335324861,4.7400150942108636],[-74.271886031151567,4.7399897462637606],[-74.271849465900672,4.7399632912356671],[-74.27181238707999,4.7399375869208171],[-74.271774322564909,4.7399133297645646],[-74.271699800932069,4.7398624565733884],[-74.271626421782372,4.7398099082848519],[-74.271551923597173,4.7397590007066093],[-74.271478290385247,4.7397068214279638],[-74.271403698517204,4.7396560513129025],[-74.271329373357602,4.7396048922645448],[-74.271292056700162,4.7395795026838226],[-74.271254945452881,4.7395537350450407],[-74.271217279190438,4.7395287832403667],[-74.27117989944955,4.7395034099483251],[-74.271142775596189,4.7394776603926987],[-74.271105812121746,4.7394516666283701],[-74.271068574746266,4.7394260798746908],[-74.271031477929085,4.7394002832813991],[-74.270993851327972,4.7393752771945294],[-74.270956628374961,4.7393496633013203],[-74.270919335147838,4.7393241579419385],[-74.270882254573678,4.7392983884646283],[-74.270807947505801,4.7392471895621338],[-74.270803507401851,4.7392538645553648],[-74.270729681474634,4.7392019384502531],[-74.270656048371421,4.7391497229061841],[-74.270435579972997,4.7389930417398602],[-74.270398827450663,4.7389669755321684],[-74.270362028080839,4.738940985296872],[-74.270325178257977,4.7389150710349925],[-74.27028827978485,4.7388892327459349],[-74.270251330858187,4.738863468621636],[-74.270214333281203,4.7388377804702744],[-74.27014006235494,4.7387865453091154],[-74.270065636465233,4.738735532641102],[-74.268576924504345,4.7377155560676396],[-74.268580613223975,4.7377101382761442],[-74.268542682288896,4.7376856873732418],[-74.268505331604601,4.7376603844548573],[-74.268468155717173,4.7376348210469512],[-74.26843015811599,4.7376104696291579],[-74.26839223079493,4.7375860114821],[-74.268355202681548,4.7375602346115295],[-74.268317682621088,4.7375351795080123],[-74.268280281495421,4.7375099471262407],[-74.26824223705502,4.7374856644374299],[-74.268205290042374,4.7374597663593816],[-74.268168851200031,4.7374331211852505],[-74.268130891462079,4.7374087136728527],[-74.268094277829903,4.7373823253645915],[-74.268056626241204,4.7373574638030256],[-74.267981642028161,4.7373072721568219],[-74.267907502969933,4.7372558377574547],[-74.267834201859273,4.7372031732675488],[-74.267759610516975,4.7371524027339476],[-74.267684583098358,4.7371022743664994],[-74.267610388221115,4.7370509231444613],[-74.267536946596138,4.7369984630319344],[-74.26746246161585,4.736947536894931],[-74.267388218116324,4.7368962561965153],[-74.267314437746023,4.7368442971354332],[-74.267240545675548,4.7367925533207069],[-74.267204166410636,4.7367659677599532],[-74.267166412210329,4.7367414009776967],[-74.267129324758656,4.7367158555549773],[-74.267092408501654,4.7366900604956719],[-74.267055612982915,4.7366640899664905],[-74.267018521935313,4.7366385499642281],[-74.266980455965935,4.7366143178486073],[-74.266943148641062,4.7365889461016213],[-74.266906026927373,4.7365633048194571],[-74.266868838542209,4.7365377630267398],[-74.266832145716378,4.7365115012712726],[-74.266794596931035,4.7364864804513074],[-74.266756680534257,4.7364619896510867],[-74.266719575052718,4.7364363266506047],[-74.266644064835774,4.7363868801395084],[-74.266608366884739,4.7363663287707132],[-74.266660372490563,4.7362612074507489],[-74.266618562915426,4.7362393428974787],[-74.266648399681102,4.7361784824035231],[-74.266662658031848,4.736187018738792],[-74.266678599700981,4.736154141168222],[-74.266580520678104,4.7361032286157281],[-74.2665654683166,4.7361381786029071],[-74.266552774481099,4.7361618748026268],[-74.266566092970749,4.7361680746787256],[-74.26655306099795,4.7361946339931542],[-74.266538736367977,4.7361876476484808],[-74.266500761347729,4.7362658657389272],[-74.266380846744084,4.7361919066403786],[-74.26598000977954,4.7359235574430434],[-74.265980634309088,4.7359197917563955],[-74.265889187133311,4.7358404008025046],[-74.26586267435647,4.73582056038624],[-74.265873764208635,4.7358051245361095],[-74.265438463788485,4.7355063347066135],[-74.265366595910251,4.7354725785190439],[-74.265316473435135,4.7354819769826362],[-74.265303016767589,4.7354713514611779],[-74.265230608010441,4.7354172811485347],[-74.265214726267274,4.7354051659923746],[-74.265204105597604,4.7353889474910407],[-74.2651640534705,4.7353659221481248],[-74.265162905058943,4.7353455937333013],[-74.264939415402637,4.7351938236919908],[-74.264367424268045,4.7348035511067348],[-74.26425535196168,4.7347293815099842],[-74.264222467847915,4.7347074140175351],[-74.264191917077952,4.7346877102681644],[-74.264167204485318,4.7346714774652456],[-74.264165601040006,4.7346617041927255],[-74.264050770190707,4.7345927440894222],[-74.263967958632975,4.7345408259683053],[-74.2640913742365,4.7343378779903214],[-74.264008198290639,4.73428833738304],[-74.264007105112498,4.7342890023402706],[-74.263868265693048,4.7341935354176439],[-74.263703520487141,4.7340790045931387],[-74.263508328484349,4.7339421854193118],[-74.263458733136062,4.7340147925674261],[-74.263034923648505,4.7337228164816567],[-74.262943437007564,4.7338652913208916],[-74.262563380413098,4.733598426552529],[-74.262572550802872,4.7335845050692749],[-74.262617353066204,4.7335198300003292],[-74.262577483699161,4.7334884893843236],[-74.262583155146743,4.7334853327546549],[-74.262576177022453,4.7334726617191816],[-74.262745713804335,4.7333745700276051],[-74.262645208248145,4.7333141424602143],[-74.262573207901781,4.7333707801251252],[-74.262519536971709,4.7334111426643606],[-74.262420244000609,4.7334704534948333],[-74.262419044947436,4.7334695549380523],[-74.262418381799165,4.7334705191022257],[-74.26237721258623,4.7334388397078424],[-74.262356970892867,4.7334261803516258],[-74.262320743309317,4.7333991983920072],[-74.262293877203405,4.7333820536514501],[-74.262259086705768,4.7333596262787214],[-74.262237034023514,4.7333429929906821],[-74.262230407033343,4.7333389896016227],[-74.262227336633501,4.7333376574785708],[-74.262199596638936,4.733318735107777],[-74.262193501092497,4.7333133678876429],[-74.262177657885559,4.7333000381679096],[-74.262160538013219,4.7332854472857173],[-74.262150204658568,4.7332782092886623],[-74.262132864825546,4.7332669101272931],[-74.262084637249728,4.7332325639991577],[-74.262078376969512,4.7332280052687654],[-74.262068893056522,4.7332221072209144],[-74.262060671858848,4.7332158471150452],[-74.262054398964381,4.7332113055694984],[-74.261994977268188,4.7331698202345072],[-74.261961955372826,4.7331477938850375],[-74.261906183674611,4.7331076857268863],[-74.261852021087563,4.7330682209991561],[-74.261829383375257,4.7330513473084483],[-74.26181260218199,4.733039229595553],[-74.261769060446852,4.7330068508638181],[-74.261762949660493,4.7330017757335572],[-74.261757619003745,4.7329984013895245],[-74.261751423439591,4.7329931381866865],[-74.261737850142737,4.732984201860198],[-74.261720803150283,4.7329724622143283],[-74.261715478464907,4.7329678073753003],[-74.261684698605762,4.7329470156929467],[-74.261668486526432,4.7329362162986781],[-74.261579446610099,4.7328763253877817],[-74.261527157894406,4.7328398958798248],[-74.261417987392676,4.7327816877808013],[-74.261301155818487,4.7327014555890257],[-74.261123696392829,4.7325787580173611],[-74.260939514408491,4.7324516726917674],[-74.260943166177483,4.7324461428151254],[-74.260948511684205,4.7324374799838518],[-74.260952030253705,4.7324327188000863],[-74.260964647912019,4.7324136120539437],[-74.260944851572717,4.7323942046264422],[-74.260989747701657,4.732336530747137],[-74.260901830914904,4.7322351572547596],[-74.260792489627022,4.732342668964086],[-74.2606704494019,4.7322494133609769],[-74.260518327637186,4.7321272135204024],[-74.260481831974161,4.7320982827558629],[-74.260442821024043,4.7320674925024049],[-74.260377342444528,4.7320160187838827],[-74.260305530640366,4.7319601147414723],[-74.260306402072501,4.73195597189887],[-74.260242469317149,4.7319043729645518],[-74.260182456814405,4.7318570440131467],[-74.260158088817818,4.731837695643045],[-74.260098433201918,4.7317901224278085],[-74.259947432462027,4.7316661325408917],[-74.259808717666147,4.7315571716147549],[-74.259748028217246,4.7315129753072318],[-74.25974377258909,4.7315118351968248],[-74.259528081595278,4.7313374726560191],[-74.25951665716407,4.7313283801781472],[-74.25945941290442,4.7312674840756497],[-74.259373993072131,4.7311999876259208],[-74.259298045604368,4.7311391714785049],[-74.259300314551325,4.7311365592552006],[-74.259271276758,4.7311107128506871],[-74.259177315660551,4.7310293791610993],[-74.259104245741995,4.7309699765659365],[-74.25906359736355,4.7309434992803965],[-74.259035829761061,4.7309217128535357],[-74.258963062521914,4.7308684621377708],[-74.258855910112857,4.730780354105411],[-74.258752292656595,4.7306948974513654],[-74.258683539812012,4.7306439145501944],[-74.258626167635128,4.7306001594737657],[-74.258567949474781,4.7305544250937075],[-74.258510941374254,4.7305103317025035],[-74.258407021594834,4.7304266176643006],[-74.25825536446672,4.7303030598091151],[-74.258251040785794,4.7303001445595898],[-74.258335737451546,4.7301936886696678],[-74.258225082917846,4.7301000878031889],[-74.258188477144301,4.7301498105216666],[-74.258159861124795,4.7301860100118835],[-74.258156521481723,4.7301890909399456],[-74.258152712974237,4.730191566107111],[-74.258148574392635,4.730193361324285],[-74.258148430186694,4.7301934065770466],[-74.258144139981567,4.7301944494534629],[-74.258139615237141,4.7301947761828043],[-74.258135057842694,4.7301943270284745],[-74.258130721993538,4.7301931471392482],[-74.258126600479784,4.7301912401343094],[-74.258094469561797,4.7301664036857058],[-74.258083281946199,4.7301805878866787],[-74.258041187074596,4.7301475610458885],[-74.258049692899235,4.7301359132110417],[-74.258009285425999,4.7301030704061269],[-74.257998585539937,4.7301141382495802],[-74.257934680541936,4.7300640058591261],[-74.257905151047339,4.7301021932359069],[-74.257864061553022,4.7300670265403193],[-74.257723416572475,4.7299541572706101],[-74.257581697475402,4.729842292026202],[-74.257440836304525,4.7297295999946201],[-74.257301198763869,4.7296151189026823],[-74.257148712536221,4.7295047086693698],[-74.257076699641345,4.729449973584658],[-74.257081396525805,4.7294390881720689],[-74.25664480307276,4.7290806087709774],[-74.256440407740499,4.728920769910733],[-74.255414825236315,4.7281074376866998],[-74.255286466412215,4.728001115505311],[-74.255379271988289,4.7278809061400215],[-74.255501468267113,4.727736660062309],[-74.255459580981466,4.7277036547021023],[-74.255430602163969,4.7276888134810919],[-74.255259142396213,4.7277313244823098],[-74.25521394063253,4.7278248889831493],[-74.255158270806788,4.7278949270934172],[-74.255079681993465,4.7278298319632617],[-74.253132026893951,4.7262619060419526],[-74.251895768360384,4.7252853984006666],[-74.251761441947934,4.7251796033244311],[-74.251847037858681,4.725070209889461],[-74.25181057881926,4.7250442727750546],[-74.251512503924317,4.7249835422698245],[-74.251332947832424,4.7248421252713859],[-74.250217810023742,4.723957043520115],[-74.249167032786133,4.7231210837962863],[-74.248586108133637,4.722658071808838],[-74.248461888631127,4.7225594935184381],[-74.248482765281196,4.7225429685488578],[-74.248471703190333,4.722529017865897],[-74.248485445615444,4.7225050034008458],[-74.248476762030805,4.7224977638753742],[-74.248604827969643,4.7223955947878862],[-74.248570955502288,4.7223526468968915],[-74.24838184900149,4.7225019434434712],[-74.248338448531058,4.7224707375616024],[-74.24827552312756,4.7224105589685195],[-74.247613998672136,4.7218865561779158],[-74.246544096699836,4.7210477754656637],[-74.245847460977885,4.7204901031446012],[-74.245608022195654,4.7203062510510607],[-74.245308222675007,4.7200573867647799],[-74.244691795769,4.7195657387533325],[-74.244678991718729,4.7195828512723361],[-74.243372875913209,4.718548307780341],[-74.242388491248192,4.7177638484770759],[-74.242428499044564,4.7177133136842624],[-74.241392362210618,4.7168860590072352],[-74.241399331421661,4.7168707637666634],[-74.24132391342178,4.7168137235703442],[-74.241343289208046,4.7167927735011643],[-74.240712727757725,4.7162706716900091],[-74.24064220628695,4.7163463098119696],[-74.239681748053385,4.715571737497644],[-74.239670564917404,4.7155826152743021],[-74.238710683649828,4.7148150027293791],[-74.238701014523315,4.7148248383806113],[-74.238505903598721,4.7146789017324178],[-74.238437230987174,4.7146422480909465],[-74.238420208098091,4.7146337226327111],[-74.238177531797135,4.7144410588226213],[-74.238158370218486,4.7143980201627533],[-74.236364966216883,4.7129868282314016],[-74.23638806900874,4.7129575750231698],[-74.236329850035773,4.7129113584630566],[-74.236375157955734,4.7128531759945327],[-74.236363230811563,4.7128424771784614],[-74.236355972558655,4.7128315801567702],[-74.236353338455856,4.7128219209757107],[-74.236352530392253,4.7128119376362552],[-74.236355355021331,4.7127953212957214],[-74.236364144129382,4.7127761426010917],[-74.23638152822933,4.7127641312696955],[-74.236283171853415,4.7126269996544554],[-74.236111899829211,4.7127478683374244],[-74.236080137364652,4.7127271724316904],[-74.236045240156628,4.7126990112994509],[-74.235854429971667,4.712554035058468],[-74.235832652056558,4.7125351310068018],[-74.235683475002133,4.7124230266569906],[-74.235674796038793,4.7124191491643916],[-74.234564658270685,4.7115369648570979],[-74.234376927195399,4.7113898632772528],[-74.234369623288316,4.7113962475087527],[-74.23435807211699,4.7113858171497274],[-74.234335626178662,4.7113700041125925],[-74.234125158138809,4.7111990502182346],[-74.233990348824491,4.7110783359763619],[-74.233778277164632,4.71091001657084],[-74.233707725099322,4.7108537313049768],[-74.233209006850032,4.71046598316003],[-74.233066663026563,4.7103550079689454],[-74.233001984302248,4.7102911667496654],[-74.232924995057147,4.7102431653674834],[-74.232781156434328,4.7101341148092475],[-74.232719735154319,4.7100660786681319],[-74.232647478417562,4.710011988416297],[-74.23250421026728,4.7099022024699071],[-74.231896442401592,4.7094111580616866],[-74.230619848136669,4.708390905749221],[-74.230526667674511,4.7083097612511926],[-74.230388358834759,4.7081729088034683],[-74.230192791855131,4.7080190146034386],[-74.229380783112902,4.7074306216979975],[-74.229343841918052,4.7074551554198338],[-74.229029803125002,4.7071918214781778],[-74.22905087335397,4.7071700204223355],[-74.228400162005201,4.7066464271275459],[-74.228401951480038,4.7066437843596951],[-74.228016798228268,4.7063419663585879],[-74.228012797148025,4.7063416308222568],[-74.227939282550594,4.7062859378945419],[-74.227927659262861,4.7062998160663492],[-74.226963453324103,4.7055394162079445],[-74.226963769744145,4.7055396657282902],[-74.226984652375506,4.7055129869509376],[-74.227005650524504,4.705487006271917],[-74.226636926455058,4.7051824628750047],[-74.226688467135943,4.7051145014259115],[-74.226618307362003,4.7050665421539586],[-74.226613670439534,4.7050727394472309],[-74.226610448083832,4.7050764911958547],[-74.226608853094874,4.7050782024831168],[-74.226607548254322,4.7050795393258689],[-74.22660622537947,4.7050808400002655],[-74.226604590694677,4.7050823758608056],[-74.226603294830468,4.7050835390749919],[-74.2266014366283,4.7050851328589243],[-74.226600218243377,4.7050861314729557],[-74.226598752927316,4.7050872856803219],[-74.226597595807377,4.7050881649129099],[-74.226597401147188,4.7050882915573471],[-74.226544121545444,4.7050872702483115],[-74.226497385694657,4.7050782371981823],[-74.226487464948534,4.7050748753053195],[-74.226429767901365,4.7050525006664428],[-74.226404154910909,4.7050316962701855],[-74.22638730377281,4.7050152686458047],[-74.226325856340821,4.7049548741859093],[-74.225381367252865,4.7042088751731628],[-74.224616455956337,4.7036038054513725],[-74.224318861951332,4.7033672332128686],[-74.2240746413555,4.7031748755736942],[-74.222996801060475,4.7023277256709388],[-74.222983596299144,4.7023261097217555],[-74.221397203943766,4.70109198425512],[-74.220506406502906,4.7003870027224828],[-74.219657328011223,4.6997104392309437],[-74.218884527530662,4.699102036599383],[-74.218463338075964,4.6987886144417539],[-74.218465341947692,4.6987852907127072],[-74.218310894851328,4.6986763557852509],[-74.218155374158457,4.698575566121117],[-74.218001068676628,4.6984802074366527],[-74.217767246530642,4.6983425025103491],[-74.217451454259418,4.6981752440623801],[-74.217426196277458,4.6981332169945285],[-74.217244059791014,4.6980503512799423],[-74.217099702717093,4.6979972712156419],[-74.21700427029117,4.6979625459784069],[-74.216316950436422,4.6977221739460102],[-74.215949097684486,4.6976374919077646],[-74.215829071415726,4.6976092697311964],[-74.215469021608016,4.6975480508193286],[-74.215412253452854,4.6975510742916908],[-74.215367187159814,4.6975450361088527],[-74.215322083066908,4.6975392773611038],[-74.215276920483632,4.6975340015213565],[-74.215231822674241,4.6975281053119833],[-74.21518652333701,4.6975240810528112],[-74.21514127528539,4.6975195973931214],[-74.215096019131565,4.6975151607560059],[-74.215084409007616,4.6975140417073167],[-74.215038094927522,4.6975061426874936],[-74.214107843087092,4.6974772059814658],[-74.214008771275459,4.6975209521954024],[-74.21365595555406,4.6975243472086134],[-74.212877473907483,4.6975681695191467],[-74.212821019414022,4.6974684391346564],[-74.21281399851074,4.6973675434516684],[-74.212757481143299,4.6973717286924783],[-74.212783149959918,4.697573478014613],[-74.212605909046388,4.6975834561260363],[-74.21210382208352,4.6976154860783774],[-74.212104588504502,4.697626444311628],[-74.211884730148469,4.6976396588381695],[-74.211884122517006,4.697629503597752],[-74.209864145308444,4.6977583647211132],[-74.209860961618105,4.6976902475589606],[-74.209936190548007,4.6976483657085719],[-74.209884991636045,4.6975989695669726],[-74.209809986872642,4.6975868480131791],[-74.209649678628679,4.6975996454053908],[-74.209565191312777,4.6976223160895678],[-74.209515500882858,4.6976668806640864],[-74.209594067537395,4.6977070386835553],[-74.209641027461444,4.6977034216046984],[-74.209650522610488,4.6977068109534903],[-74.209656938014703,4.6977153463879882],[-74.209661489329562,4.6977709115226949],[-74.207608838886387,4.6978935109102782],[-74.206619839086613,4.6979610547125334],[-74.206389100623767,4.6979791527805084],[-74.206343948621466,4.6979822954507151],[-74.206298922598194,4.6979843185635692],[-74.206253941780332,4.6979871030910276],[-74.206208980850434,4.6979902113536172],[-74.206163965673383,4.6979924062739791],[-74.206118984854882,4.6979951944100042],[-74.206073993182628,4.6979977781719375],[-74.206029010554673,4.6980005337474742],[-74.205984096634552,4.6980044251161965],[-74.205939161018662,4.6980079692324006],[-74.205894232633256,4.6980116254783999],[-74.205849282550503,4.6980149254288062],[-74.20575922687668,4.6980189010526416],[-74.205669183865268,4.6980231244425026],[-74.205579527793773,4.698033791836469],[-74.205489571562453,4.6980394240964989],[-74.205399600867409,4.6980448320796535],[-74.205309662718335,4.6980507898635127],[-74.205219710102824,4.6980565089016117],[-74.205129806303887,4.6980630363690503],[-74.205039877187104,4.6980691297624881],[-74.204949929990448,4.6980749391955392],[-74.204859975554854,4.6980806021206964],[-74.204770062711077,4.6980869975148316],[-74.204679672519106,4.6980853980121235],[-74.204589699096772,4.698090759771965],[-74.20459052088205,4.6981044797580731],[-74.204448935300007,4.69811595406882],[-74.202443841045067,4.6982401962783467],[-74.202424978044164,4.6981178497126823],[-74.202138174969718,4.6981488011891397],[-74.202134878050543,4.6982458863080181],[-74.200575103077469,4.6983426664429446],[-74.200498578226075,4.6983533299642088],[-74.200453840848155,4.6983569116741011],[-74.200409040368626,4.6983604445597082],[-74.200364082792973,4.6983624600438247],[-74.200274294571699,4.6983707556904593],[-74.200184291230229,4.6983756005298636],[-74.2000942716233,4.6983802156666945],[-74.200004197776494,4.6983839192604897],[-74.199914389685446,4.6983920285773113],[-74.199824427920362,4.6983975732963321],[-74.199734415539353,4.6984023131798471],[-74.199644356146152,4.6984062373755577],[-74.199554379916023,4.6984115577943548],[-74.199464356680068,4.6984160986975443],[-74.1993742683606,4.6984195634758184],[-74.199284340934398,4.6984256742151755],[-74.199194632263385,4.6984354600065759],[-74.199149450702251,4.6984348945608359],[-74.199104433655506,4.698437063706443],[-74.199059375033258,4.6984385727126359],[-74.1990142964993,4.6984396060541629],[-74.198969561290994,4.6984453977939031],[-74.198924768048386,4.6984491729373445],[-74.198879980056461,4.6984520419618825],[-74.198835262589512,4.6984561968951057],[-74.198790376908164,4.698457065604849],[-74.198745268585668,4.6984526333054628],[-74.198700478760159,4.6984553305005425],[-74.198655665706255,4.6984592231900582],[-74.198610679146029,4.6984604970350707],[-74.198565732695201,4.6984643879333721],[-74.198475658744599,4.6984676283252513],[-74.198430647128845,4.6984699620102877],[-74.198385532485048,4.698470687853268],[-74.198340396422054,4.6984726489797817],[-74.198295128500845,4.6984730709964833],[-74.198249942134737,4.6984760286716938],[-74.198204723182769,4.6984781851340038],[-74.198159497000617,4.6984802294606345],[-74.198114258152984,4.6984820024945684],[-74.198069122202398,4.6984846291731568],[-74.198024159602753,4.6984889884702401],[-74.197979115464989,4.6984909097680436],[-74.197934190610823,4.6984946342295677],[-74.19788927660052,4.6984985250788558],[-74.197844369824395,4.6985025569957548],[-74.197799314802168,4.698504087623407],[-74.197754337517381,4.6985069258620378],[-74.197709345773532,4.6985095452580969],[-74.197664391987303,4.698512763295688],[-74.197619244765747,4.6985127566064193],[-74.197567347933514,4.6985097614391274],[-74.195474862106096,4.6986386567935847],[-74.195444388216288,4.6985088414967739],[-74.195477482226252,4.6984830233688424],[-74.19551426358899,4.6984628438714511],[-74.195553786004879,4.69844882585351],[-74.195552255640507,4.6984278697105379],[-74.195360173677585,4.6984419931131232],[-74.195334380296771,4.6984566164940693],[-74.195311448415595,4.6984754371820152],[-74.19529205393377,4.698497908861917],[-74.195276762770575,4.698523369485903],[-74.195265351564686,4.6985528102120639],[-74.195264392825592,4.6985544055708965],[-74.195263174474192,4.6985558128778528],[-74.195261734358965,4.6985569905283358],[-74.195260115737355,4.6985579023428468],[-74.19525836547416,4.6985585248014479],[-74.195256534039771,4.6985588361922712],[-74.195244570055053,4.6985598239071207],[-74.195242864754476,4.6985598296209243],[-74.195241179237769,4.6985595658480177],[-74.195239556769323,4.6985590380069233],[-74.195238037010341,4.6985582641770884],[-74.195236657818469,4.6985572570124008],[-74.195235451646482,4.6985560472537955],[-74.195209561197458,4.6985293564930748],[-74.195180392353279,4.6985063196835801],[-74.195148453526812,4.6984873382512191],[-74.195114301790099,4.6984727430779243],[-74.195078530255245,4.6984627890778601],[-74.194895661488658,4.6984763410859234],[-74.194897612775122,4.6985028297080635],[-74.194936528387302,4.6985036008580376],[-74.194974985204084,4.6985096224876362],[-74.195012285584539,4.6985207843889745],[-74.195047748095703,4.6985368823039328],[-74.195040640190939,4.698665575382055],[-74.194931489405292,4.6986724411855079],[-74.194875107098952,4.6986773013809326],[-74.194785118127541,4.6986824041544963],[-74.194695224962629,4.6986891111403528],[-74.194515268704734,4.6986996855830707],[-74.194335156980429,4.6987076628367621],[-74.194154987407217,4.698714683297232],[-74.194065030961212,4.6987203285566412],[-74.194047207058773,4.6987242399499811],[-74.194022473148976,4.698725323826479],[-74.193942843310126,4.6987264946432923],[-74.193869814686465,4.6987272447509358],[-74.193649317918059,4.6987438646964268],[-74.193649008982405,4.6987397356835565],[-74.193611227751802,4.6987421763704145],[-74.193611569201849,4.6987467105073426],[-74.193553989836019,4.6987510535322006],[-74.193553653691396,4.6987458972313929],[-74.193550138571283,4.698746123893156],[-74.193544872609777,4.6986780774992853],[-74.193161200153114,4.6987039031444455],[-74.193068517974794,4.6987087981530768],[-74.193052593720395,4.6986559404478898],[-74.193095260884263,4.6986362737469385],[-74.193140416807353,4.6986233563759283],[-74.192782641655313,4.6986522322645987],[-74.19278369810344,4.6986528307409774],[-74.192810682947098,4.6986702215224874],[-74.192835431215201,4.6986906873157945],[-74.192840367629714,4.6986953907027011],[-74.192824238359321,4.698711202460971],[-74.192823644171895,4.6987153732218587],[-74.192464954565125,4.6987304982119502],[-74.191961750702049,4.6987800628651168],[-74.190771621980531,4.6988758352365814],[-74.189691694960175,4.6989661620168839],[-74.189691793888841,4.698964805540724],[-74.189688960495559,4.6989332655837117],[-74.189660513355619,4.6989358365836962],[-74.189656828180858,4.6988871710010596],[-74.189112257369374,4.6989286937362822],[-74.189115978632429,4.6989778168961243],[-74.189073497580537,4.6989784386248363],[-74.189024765261465,4.6989810019935581],[-74.188786231181254,4.6989988441048842],[-74.188645283662666,4.6990074430364457],[-74.188504146199591,4.6990118532205338],[-74.18843618105717,4.6990119580870502],[-74.18804038277699,4.699032774800564],[-74.18780468281345,4.6990417412600545],[-74.186722824794074,4.699111344281464],[-74.186221972296252,4.6991472566385948],[-74.185875106536301,4.6991787913814518],[-74.185593381341434,4.6991996793966901],[-74.185255026532516,4.6992241462579978],[-74.184900710399958,4.6992560650955033],[-74.18489907374915,4.6992335046978955],[-74.184473798855961,4.6992578832843641],[-74.184475506798108,4.6992870143666954],[-74.184368048728203,4.6992956488939752],[-74.18412156198815,4.6993074209249208],[-74.18368645134727,4.6993409159512565],[-74.183357683080501,4.6993668417942667],[-74.18302450314286,4.6993890080420799],[-74.18295413958775,4.6993835078432076],[-74.182703662848738,4.6993787546712618],[-74.18265560802655,4.6993797349562954],[-74.18259498387475,4.6993842511649184],[-74.182443252381361,4.6993904612924391],[-74.182032809437445,4.6994147113661429],[-74.182034862363508,4.6994732721727139],[-74.181893839658755,4.6994746877479212],[-74.181683951939618,4.6994985458307781],[-74.181660512931117,4.6995283426331484],[-74.181535600003869,4.6995387391147956],[-74.181404665697002,4.69950902141135],[-74.181469422153697,4.6993139997505518],[-74.181405438077562,4.6992956138765747],[-74.181371352535734,4.6994222002396056],[-74.181344043395455,4.6994165578151481],[-74.179887289957932,4.6995537486982562],[-74.179465468589825,4.6995415119525896],[-74.17656341393274,4.6998431551360724],[-74.174516224986107,4.7000515078964122],[-74.172992566256752,4.7002240340595929],[-74.172556621012134,4.700213681458564],[-74.172072978283992,4.7001678482321445],[-74.171378045472892,4.7000160040856738],[-74.170841882431063,4.6998457986437288],[-74.170467346508588,4.6996588777322428],[-74.170418405554813,4.69974776681702],[-74.170265104737382,4.6996799171614763],[-74.169566879558758,4.6992687741518653],[-74.169535057563891,4.6993248472191373],[-74.169254400647162,4.6991664495642125],[-74.169276636523648,4.6991267891415243],[-74.16878251503006,4.6988661738459925],[-74.168526888729417,4.6987326609600153],[-74.168487568346578,4.6987105666282103],[-74.168428871204611,4.6986806073470673],[-74.168349114877387,4.6986384435595143],[-74.168185799244554,4.698544622127403],[-74.168153887658136,4.6985636321063478],[-74.168138291820398,4.6985547411748403],[-74.16813069902912,4.6985683375195961],[-74.168028227504109,4.6985115133020621],[-74.168036923209513,4.6984955411995379],[-74.166903631444825,4.6978521261831894],[-74.166819484701193,4.6978079163311603],[-74.166740790980896,4.6977638251394707],[-74.166701205779702,4.6977422118296754],[-74.166623479795831,4.697702873540754],[-74.166606488903426,4.697695191811353],[-74.166567224506792,4.6976729960787464],[-74.166530130428228,4.6976573761908282],[-74.166492015858054,4.6976330931653933],[-74.166445587000766,4.6976119943607015],[-74.166405412488203,4.6975914518089086],[-74.166370939263544,4.697574272552095],[-74.166331627121778,4.6975521627211414],[-74.166295777525903,4.6975345350993294],[-74.166256273451282,4.6975127743511784],[-74.166219613524774,4.6974947796796336],[-74.166180180642783,4.6974728896020208],[-74.166140805434651,4.6974508955194247],[-74.166101038243852,4.6974296122700547],[-74.166061463894152,4.6974079799311763],[-74.166021824666458,4.6973864642539169],[-74.165982289069518,4.697364761369502],[-74.165943085986498,4.6973424543631976],[-74.16590370718859,4.6973204675018065],[-74.16586423918244,4.6972986407118364],[-74.165824652231592,4.69727703096844],[-74.165785095921038,4.6972553651517721],[-74.165745671175699,4.6972334596747061],[-74.165706022055133,4.6972119629707016],[-74.165666840616169,4.6971896179648169],[-74.165626660743044,4.6971690835064912],[-74.165548484408006,4.6971240525358349],[-74.165469622333575,4.6970802668740665],[-74.165390697190773,4.6970365960582052],[-74.165311985622111,4.6969925363540241],[-74.165233183050489,4.6969486421404225],[-74.16515436336735,4.6969047786663127],[-74.165075909547497,4.6968602522796914],[-74.16503899085204,4.6968410277187589],[-74.165059226161659,4.6968173911011917],[-74.162005965619898,4.6951301334347573],[-74.162010554978238,4.6951213430084762],[-74.160736769793701,4.6944202290244021],[-74.160651315281967,4.6943697164448617],[-74.160465641729772,4.6942680012135574],[-74.16034359674903,4.6942045920906423],[-74.160284619751508,4.6941953633945559],[-74.160020396278313,4.694030491461012],[-74.159498847981325,4.6937359412278346],[-74.159422428044209,4.6936665699027271],[-74.159447974509192,4.693623987573198],[-74.159177564377202,4.6934709253920763],[-74.159155302005118,4.6935109788834266],[-74.157734104294775,4.6927158140312262],[-74.157561535996464,4.6926314736803434],[-74.15734566832738,4.6925293622605642],[-74.157278879258115,4.6924914974843368],[-74.156764063249042,4.6922040585757374],[-74.156516989423082,4.6920603097724678],[-74.15621290437484,4.6918560754427459],[-74.15599836745146,4.6917214716647155],[-74.155481588512146,4.6913361397722637],[-74.155140849369104,4.6910577404312379],[-74.154842296849623,4.6907992491071244],[-74.154493552886834,4.6904726534236305],[-74.154150728240978,4.6901219363018498],[-74.153571660779917,4.6895270879450281],[-74.15301834713857,4.6889544632855289],[-74.150777518966876,4.6866390519436143],[-74.150638123473584,4.6864994051966082],[-74.149099910880963,4.684922255660859],[-74.149090566766205,4.684928395965926],[-74.148755030127532,4.6845960942598781],[-74.148596644704469,4.684436285659622],[-74.148424374598434,4.684266036382831],[-74.148235178068447,4.6840778192647994],[-74.148197961188956,4.6840399099052146],[-74.148181590879744,4.6840228418375931],[-74.14814911462534,4.6839914891351704],[-74.148120108840416,4.683964559956646],[-74.148116140998127,4.6839615770443999],[-74.148087178341896,4.6839332868762202],[-74.148082863465348,4.6839299820650631],[-74.148016196856034,4.6838688792560612],[-74.147950343155699,4.6838069850888635],[-74.147887547307818,4.6837422411321166],[-74.147880892716529,4.6837486461128064],[-74.14784933933079,4.683716362769756],[-74.147825397245541,4.6836909278906944],[-74.147818022048668,4.6836836688455801],[-74.147807762367322,4.6836732965569601],[-74.147567413471151,4.6834208748861874],[-74.1461967382116,4.6819969829892134],[-74.145711639296835,4.6814938298810915],[-74.144728944970296,4.680484942004127],[-74.143889018745369,4.679614521329329],[-74.142729733577937,4.6784079274235628],[-74.142455717860088,4.6780992662884024],[-74.141596796045178,4.6772176283478935],[-74.141101829837183,4.6767124914466534],[-74.140978864439859,4.6765639961450978],[-74.140793117658291,4.6763260025552507],[-74.140713571114432,4.6762249197953469],[-74.140655240097331,4.6762840478467043],[-74.140434919673353,4.6760644400582416],[-74.140496501387005,4.6760022452221852],[-74.140496519630474,4.6759744096980622],[-74.140282775579678,4.6758097325876484],[-74.140111973078277,4.6756776627505126],[-74.140027459140171,4.6756112289365124],[-74.139329043507345,4.6748902096906511],[-74.139253960104952,4.6748150546993044],[-74.138971781438514,4.6745252775269401],[-74.138693295991501,4.6742400268821847],[-74.13790411430017,4.6734275685666304],[-74.137477784278374,4.6729895345256534],[-74.137093274701471,4.6725947569806099],[-74.136580676938777,4.6720706349832248],[-74.136469389188761,4.6719182963600394],[-74.135198373456163,4.6705705063301508],[-74.135242921286746,4.6704918929078163],[-74.135185246635615,4.6704324176455163],[-74.135136584831741,4.6705049851937321],[-74.134970863381213,4.6703292554162452],[-74.135026561152571,4.6702629849087831],[-74.134970539489302,4.6702033865064534],[-74.134914775031703,4.6702697763838179],[-74.134792254299285,4.6701398553095652],[-74.134381750145238,4.6697560512134775],[-74.134310003557161,4.6696818801898425],[-74.13443602259585,4.6697407440965115],[-74.134470256526271,4.6696669605672136],[-74.134236183606816,4.6695576250847965],[-74.134234422095957,4.6695526822750919],[-74.134110683086959,4.6694229203329529],[-74.134005002937442,4.6693237478739977],[-74.132644551600876,4.667921949443345],[-74.132331472605316,4.6675990253614748],[-74.132415011321498,4.6675127314804339],[-74.132375605845468,4.6674722197136713],[-74.132290132814731,4.6675564627684603],[-74.131291480576039,4.6665282412553921],[-74.130839580217938,4.6660633939988658],[-74.1309114585369,4.6659821815867604],[-74.130790756153814,4.6658746322467533],[-74.130789434878821,4.6657790505030183],[-74.1307137464606,4.6656994860943728],[-74.130676765861892,4.6656620468860677],[-74.13060222591983,4.6655853888270356],[-74.130499915093125,4.6655485568167103],[-74.130459691400205,4.6655070737715043],[-74.130392553471125,4.6654391200096681],[-74.130273442948393,4.6654767934423882],[-74.129392479028837,4.6645782743374111],[-74.129261516777518,4.6644438313315941],[-74.129352099748729,4.6643553651377365],[-74.129311903227673,4.6643138567011908],[-74.129222446959147,4.6644037244860233],[-74.128698755346093,4.6638661167501239],[-74.128692955658096,4.6638044812745205],[-74.128643385647237,4.6638092759150158],[-74.127227088002343,4.6623422481948804],[-74.126953577582299,4.6620618936821021],[-74.126876482198654,4.6619823217069163],[-74.126965493294378,4.6618933061053864],[-74.126927873090608,4.6618544903777126],[-74.126831026652184,4.6619486466179776],[-74.126675795185349,4.6617794920013189],[-74.126651925493135,4.6618013960391806],[-74.126141274856323,4.6612788837491479],[-74.126060742752699,4.661128821017706],[-74.126019242158847,4.6611486065516798],[-74.125484429860819,4.6605018614332581],[-74.124110218590516,4.6590889761291816],[-74.124132729219298,4.6590954621512743],[-74.124155389301166,4.6590174929119037],[-74.12399496499269,4.6589704776476486],[-74.123961866207253,4.6589364488690492],[-74.123286715711245,4.6582456876746674],[-74.123301599615559,4.6581109247253325],[-74.123218160046193,4.6581139722509137],[-74.123211753751605,4.6581689926537635],[-74.122661300128755,4.657605809908004],[-74.12274796703575,4.6575877434722344],[-74.122755007826711,4.6575604600070504],[-74.122715983301148,4.6575122085714771],[-74.122592031105242,4.6575349400134449],[-74.121078955442883,4.6559868686126258],[-74.120582998789629,4.6555894895417609],[-74.120017390700937,4.6550090802888153],[-74.119481636237907,4.6544137675722679],[-74.119486792685137,4.6544035612283121],[-74.119311760987898,4.6542174647640868],[-74.118749787014877,4.65369683270759],[-74.117039538309129,4.6519194761430693],[-74.115113129537804,4.6499541823633583],[-74.114619375059632,4.6494370809067922],[-74.114568353102172,4.649096645382798],[-74.11458277972848,4.649082208224816],[-74.11442125791848,4.648910474067617],[-74.114403379508602,4.6489302048943877],[-74.114374204496031,4.6489419046788409],[-74.114201739067227,4.6487633902992522],[-74.114139984275454,4.6488247020892182],[-74.112702423326382,4.6473304180993384],[-74.11191628838273,4.6465201067950144],[-74.11195216275803,4.6463864770038592],[-74.111751032810844,4.6463497700194329],[-74.111421738661491,4.6460103460453333],[-74.11067891561791,4.6452392583738282],[-74.110649037506505,4.645207534783605],[-74.110128134117048,4.6446762155872525],[-74.109477486258868,4.6440501808597068],[-74.109437540295588,4.644077604959894],[-74.109453670211337,4.6441814660191838],[-74.109459272617457,4.6442261495213417],[-74.109462241569773,4.6442710863494936],[-74.109462449283001,4.6443205737896056],[-74.109735797537141,4.6445879223501976],[-74.110466660009436,4.645337407640544],[-74.110826185923329,4.6457320369464483],[-74.111632776355293,4.6465602701202755],[-74.111502082746995,4.6469646294830067],[-74.111581517111901,4.6469873238211896],[-74.11169680124928,4.6466260121432006],[-74.112646991340924,4.6476016938775064],[-74.113917137656728,4.6489108220046464],[-74.114305015867799,4.6493113079285742],[-74.114297537115817,4.649448598797802],[-74.114323634107393,4.6494500298608363],[-74.114306428225447,4.6495386983182723],[-74.114341105427599,4.6496133979063439],[-74.114410477439662,4.6496504275630981],[-74.114456349058173,4.6495315934488879],[-74.114462712900504,4.6494804091905664],[-74.114517491018674,4.6495392280383276],[-74.11524460750357,4.6502947274739492],[-74.115021446502396,4.6505092018405856],[-74.115077555007915,4.6505679771643571],[-74.115300953931325,4.6503532730728976],[-74.115634749653566,4.6507000957882827],[-74.115836724865801,4.6509082478455426],[-74.115613522397794,4.6511227639967112],[-74.115669631000983,4.6511815392714668],[-74.115893307509609,4.6509665618791374],[-74.116795856826087,4.6518967084168672],[-74.116578211239769,4.6521057968920996],[-74.11663432000077,4.6521645720870337],[-74.116852324272287,4.6519551381285238],[-74.118200509011203,4.6533630388359617],[-74.118383290479528,4.6535384461975191],[-74.119039503505519,4.6542020804942199],[-74.118815142377883,4.6544238177160393],[-74.118871462392732,4.6544823883392743],[-74.118925284788773,4.6544293528504452],[-74.119243443564272,4.6544083269446883],[-74.11945088447473,4.6546181107835922],[-74.119611773923765,4.6548094440078183],[-74.119669098061337,4.6548682496260589],[-74.119428454639987,4.6549990940659915],[-74.11941242352475,4.6550099521598831],[-74.119457809975685,4.6550774073212029],[-74.119470569619352,4.6550687649795304],[-74.119728073432626,4.6549287516248823],[-74.120207905762271,4.6554209889242397],[-74.121674383532365,4.656983582962881],[-74.121484995793921,4.6571555384011569],[-74.121649729488496,4.6573195245803172],[-74.121681575124143,4.6573215120613396],[-74.1217347993896,4.6573311848261376],[-74.121786513511978,4.657347026880287],[-74.121836000066992,4.6573688194264795],[-74.121882572268163,4.6573962604691381],[-74.121926403189036,4.6574298075784348],[-74.12226331842119,4.6577756429365627],[-74.124208702500212,4.6597988161855524],[-74.124935477299189,4.6605505939356586],[-74.125469702230163,4.661101683497999],[-74.125611397183107,4.6610747688055305],[-74.126638912246847,4.6620780251206124],[-74.12660559961887,4.6621093888908414],[-74.12664123692457,4.6621469875740678],[-74.126663143831763,4.6621277405342649],[-74.126773846621916,4.6622416504123141],[-74.127112955947709,4.6626036070296095],[-74.127174594952635,4.6626124594779981],[-74.128202409356064,4.6636558122680229],[-74.128037513063518,4.6636799077107653],[-74.128049203002561,4.6637604464460312],[-74.128272865671491,4.663727332602102],[-74.128854743733868,4.6643180030749054],[-74.128826118060459,4.6643535553654401],[-74.129046021353389,4.6645761367442908],[-74.128953644456203,4.6646603238397892],[-74.128962896762715,4.6646818294398447],[-74.128965541010828,4.664705102543877],[-74.128960690318081,4.6647298429864268],[-74.128955660172906,4.6647408632651581],[-74.128971906070902,4.6647576171127865],[-74.128975161489379,4.6647575282518696],[-74.128982718555335,4.6647428091637675],[-74.128987761007949,4.664727531396955],[-74.128990654523179,4.6647083435553016],[-74.129085361534564,4.6646159560093414],[-74.129125539972819,4.6646566234523945],[-74.130181776984969,4.6656912029502138],[-74.130067990002729,4.6657857551771782],[-74.13006700951486,4.6657871894846847],[-74.130066272383431,4.665788763037539],[-74.13006580023621,4.665790436044599],[-74.130065602082666,4.6657921632896215],[-74.130065685129708,4.6657938995567063],[-74.130066047571532,4.6657956014391333],[-74.130066676786569,4.6657972201051612],[-74.130081824275749,4.6658288191449708],[-74.130081800843925,4.6658288390415219],[-74.130103658779589,4.6658537276053851],[-74.13016124813943,4.6659162978543591],[-74.130169075511418,4.6659248863941531],[-74.130178651602264,4.6659365838170013],[-74.13018615665456,4.6659497174378393],[-74.130191379740893,4.665963920123124],[-74.130194178429122,4.665978795796204],[-74.130190851271976,4.6659838384728971],[-74.130182052971819,4.6659840344639134],[-74.130181969050852,4.6659947613836197],[-74.130190242819566,4.6659947607627386],[-74.130200593567452,4.6660004661756451],[-74.130221420456266,4.6659771605690201],[-74.13054708998169,4.6663173479338154],[-74.130642893473393,4.666399600251002],[-74.130796277217911,4.6664936476091414],[-74.131220861191409,4.6669276383370049],[-74.131279211326756,4.6668705430353761],[-74.131458508646006,4.6670550046866133],[-74.131444952442706,4.6671612511792775],[-74.131525412610657,4.667171584859525],[-74.131530797255834,4.6671293749202771],[-74.132261374563697,4.6678809997842485],[-74.132164052454712,4.6679791086123199],[-74.132206309829442,4.668022432568641],[-74.132307203124014,4.6679281486826341],[-74.132625207207411,4.6682553117840024],[-74.132599657844281,4.6683973101840479],[-74.132679440742407,4.668411998934606],[-74.132694968656935,4.6683270831071306],[-74.132868687310804,4.6685058060762863],[-74.133825612510918,4.6695017447520124],[-74.1338780811422,4.6696063962015675],[-74.134003101560097,4.6697335193077638],[-74.134100488074736,4.6697870212203343],[-74.134206204545862,4.6698885195420381],[-74.134273354061449,4.6699786538074459],[-74.134596697252022,4.670303938196839],[-74.134545794850155,4.6703548748202142],[-74.134729871525536,4.6704379115477277],[-74.136157273461862,4.6718738766678172],[-74.13634930789371,4.6720612867058495],[-74.136505780744798,4.6722224801548444],[-74.136686992314068,4.6723948659172274],[-74.136932614356283,4.6726276024512616],[-74.137124427328885,4.6728238745119892],[-74.137296182457078,4.6730021398252726],[-74.137472123062508,4.6731779902321202],[-74.137703564492,4.6734186422068289],[-74.137903167368904,4.6736209026118711],[-74.138113923453034,4.673839558918031],[-74.138244113983362,4.6739735462980407],[-74.138536851263211,4.6742794222623925],[-74.138659933722309,4.674406035543293],[-74.138753946541257,4.6745189420238846],[-74.139053391493448,4.6748328682353071],[-74.139258788375514,4.6750420393577388],[-74.139953972319589,4.6757661209464985],[-74.140404283372405,4.6762520262516682],[-74.14069995003058,4.6765789903844501],[-74.14082775467493,4.676680052505624],[-74.140930167762704,4.6766876746992541],[-74.141351040595694,4.6771188813121585],[-74.143743776012883,4.6795839152049901],[-74.14436501181585,4.6802208989183232],[-74.144656834678273,4.6805231740426878],[-74.144793025847136,4.680676088553251],[-74.145030093251918,4.6809219661579382],[-74.145462559663727,4.6813677772546045],[-74.145732245858937,4.6816437920380514],[-74.146060604104278,4.6819823329824253],[-74.146326129208703,4.6822558203912852],[-74.146673758009513,4.6826140133741649],[-74.147044245548344,4.6829947971414363],[-74.147386573994638,4.6833477832716293],[-74.147730798621311,4.6837047190536367],[-74.147759456345909,4.6838477506115082],[-74.148157757578232,4.6842732969326111],[-74.148397956426464,4.6845611763273585],[-74.148467500380136,4.6846518596312539],[-74.148580525690292,4.6848015590888137],[-74.14884056494536,4.6851032939233903],[-74.148973835386371,4.6850028505581633],[-74.14900241312921,4.6850298068723486],[-74.149108487976264,4.6851375280606078],[-74.149233488162594,4.6852774605567182],[-74.149518612877941,4.6855776018757291],[-74.149588244324249,4.6856577353937352],[-74.149632688367404,4.6857076070222234],[-74.149661504836999,4.6857240814475434],[-74.1496995010408,4.6857222245972476],[-74.149814631726628,4.6858493973105135],[-74.150171495373499,4.6862085912909857],[-74.150529948542356,4.686586615321918],[-74.150602688066314,4.6866855643475533],[-74.150698270718635,4.6867792352396584],[-74.150790842407787,4.6868756184537608],[-74.15113615976621,4.6872286891516319],[-74.151964070054646,4.6880678544825036],[-74.153192122763613,4.6893412522812961],[-74.153315055391758,4.68946717559494],[-74.153439356966445,4.6895913389536705],[-74.154038561623565,4.6902039250229066],[-74.154554998919025,4.6907269335176558],[-74.15468720160932,4.6909392187697003],[-74.154721078748381,4.6909179818744473],[-74.154748517415243,4.6909588291417359],[-74.155212833947218,4.6913291902851721],[-74.155489891809879,4.691550899309938],[-74.155954493824325,4.6919202588402129],[-74.155994486653327,4.691885230501323],[-74.156492593332317,4.6922108843127415],[-74.157381678152362,4.692707940850303],[-74.158273174768567,4.6932009120939604],[-74.158281226477598,4.6932109317968047],[-74.15829425789714,4.6932125707028831],[-74.158809086645746,4.6934971544544846],[-74.159271434128499,4.6937525538176113],[-74.159824396055626,4.6940556218089409],[-74.159940706812222,4.6941192758647174],[-74.159981445507071,4.6941427179418227],[-74.159986303121414,4.6941462486893784],[-74.159990897415,4.6941486201454952],[-74.160129087644165,4.6942349145436211],[-74.161323019091796,4.6948864994719424],[-74.16136183801575,4.694909503107743],[-74.16140098675335,4.6949319089543069],[-74.161440349960628,4.6949539250161623],[-74.16148033945079,4.6949748042856223],[-74.161518888047866,4.6949982989840588],[-74.161557747534729,4.6950212284505435],[-74.161597251327095,4.695042990375927],[-74.161637192166083,4.6950639564555949],[-74.161675543427322,4.6950878092747352],[-74.161715707749678,4.6951083710973283],[-74.161755534153414,4.695129546078924],[-74.161794708146857,4.6951519048757167],[-74.161834257911011,4.6951735835855146],[-74.161873688729258,4.6951954766282622],[-74.161913585430142,4.6952165240847306],[-74.161953554223103,4.6952374404055419],[-74.161994623288493,4.6952563598794406],[-74.162034428983176,4.6952775737324828],[-74.162073233533633,4.695300603554279],[-74.16211293470279,4.6953220055113656],[-74.162152763833632,4.6953431750435435],[-74.162191812595495,4.6953657617182154],[-74.162231484936001,4.6953872161217403],[-74.162270485042399,4.695409892324224],[-74.162350882245505,4.6954508919983287],[-74.162430268399618,4.6954937257219402],[-74.162506875505628,4.695541604907139],[-74.162585797602091,4.6955852823881443],[-74.162664703487948,4.6956289878954918],[-74.16274415095711,4.6956717103450982],[-74.16282345605876,4.6957146914348273],[-74.162902158320477,4.6957587677056409],[-74.162980963319711,4.6958026576673726],[-74.163060445971027,4.6958453167742356],[-74.163139528534444,4.6958887011756012],[-74.163219614054341,4.6959302668819118],[-74.163298792155828,4.6959734794346044],[-74.163377213326186,4.6960180648101844],[-74.163456047219341,4.6960619022634429],[-74.163535457838677,4.6961046924482623],[-74.163614179111292,4.6961487342705874],[-74.163693186048377,4.6961922569759738],[-74.163771756853592,4.69623657189954],[-74.163850661082407,4.6962802799823802],[-74.16392987800937,4.6963234219207193],[-74.164008572297078,4.6963675125333184],[-74.164087581085099,4.6964110333840106],[-74.164167230577647,4.6964533884934578],[-74.164245815859218,4.6964976771354676],[-74.16432469221175,4.6965414376165375],[-74.164403496484383,4.6965853274134286],[-74.164482185423822,4.6966294279192358],[-74.164560376956118,4.6966744318812745],[-74.1646369041339,4.6967224564294332],[-74.164711945380773,4.696773190460144],[-74.164790848826229,4.6968169020510775],[-74.164835086901917,4.6968487037224831],[-74.165232322711375,4.6970674275644289],[-74.166603272034905,4.6978368058692519],[-74.166686178306449,4.6978720071951203],[-74.166837707444557,4.6979551831811959],[-74.166916447149248,4.6979991911589574],[-74.167005260721567,4.6980485305356918],[-74.167980510640362,4.6985959592017492],[-74.1679977041386,4.6985669205632457],[-74.168076511542438,4.6986106209331906],[-74.168100263077193,4.6986235856155876],[-74.16806068992976,4.6986681396532903],[-74.169176147613427,4.6993449791784343],[-74.169194451345234,4.6993008809349037],[-74.169455558409041,4.6994441846846371],[-74.169445492436282,4.6994718071765158],[-74.169652202974788,4.6995882854148308],[-74.170034052620068,4.6997662603906676],[-74.170314551242697,4.6998968484828287],[-74.170497574939318,4.6999703117180758],[-74.170789336071678,4.7000963078483835],[-74.170830732562038,4.7001131893411712],[-74.170921219492271,4.7001487110700086],[-74.171031685880862,4.7001893376336668],[-74.171204120774647,4.7002479226283889],[-74.171360575512935,4.7002953541972072],[-74.171479006771733,4.7003278535108208],[-74.171637760604483,4.7003669180555336],[-74.171811885382397,4.7004039584528092],[-74.171980134410461,4.7004340979295787],[-74.172155687183093,4.7004597220716189],[-74.172263175555273,4.7004725142641446],[-74.172411117382353,4.700486556110528],[-74.172666041195441,4.7005011403784263],[-74.172884620186295,4.7005040223665091],[-74.173128699893141,4.7004967598859473],[-74.173317758310603,4.7004837715788677],[-74.173414575695119,4.7004751854286537],[-74.173690245760781,4.7004469583704447],[-74.173683595868752,4.7004475814515994],[-74.173952314888751,4.7004193389719209],[-74.174041035682791,4.7004044345565648],[-74.174131062300575,4.7003946772656038],[-74.174222875925466,4.7003891518728613],[-74.174310548478786,4.7003808562459959],[-74.174572324862169,4.7003484564880216],[-74.174713034192536,4.7003344996929819],[-74.174832134974082,4.7003192708145445],[-74.174937209873406,4.7003079522925812],[-74.175026454036228,4.7002976361339899],[-74.175116778846416,4.7002935215514299],[-74.175273703776838,4.7002722845080189],[-74.175623775177584,4.7002493382523323],[-74.175997040376615,4.7002073583036408],[-74.176061354465503,4.7002013283345656],[-74.176063624193645,4.7002283595635683],[-74.176208389675452,4.7002161761447478],[-74.176205746602477,4.7001877885084227],[-74.17647221240567,4.7001617862532834],[-74.176921799495858,4.700117150775216],[-74.17720440929422,4.7000878180878507],[-74.177207320800562,4.7001147895362214],[-74.177362991583934,4.7000978368110715],[-74.177359420424864,4.7000717281669511],[-74.177742338911585,4.7000319813516143],[-74.178035154620503,4.6999983712967763],[-74.178901555895919,4.6999324104234121],[-74.181088266394013,4.6997261311312233],[-74.181219867855589,4.6997568381059551],[-74.181247792683635,4.6997568646965799],[-74.181231996134159,4.699793831502185],[-74.181208505002488,4.6998492563589647],[-74.181282937789462,4.6998467421584182],[-74.181300583213996,4.6998054452543414],[-74.181303389013252,4.6997991978834621],[-74.181307802516017,4.6997912013433654],[-74.181313510389444,4.6997836730414617],[-74.18132562978991,4.6997728141260398],[-74.181335051419467,4.6997673199616372],[-74.18134634257656,4.6997630517589464],[-74.181358531780546,4.6997610007831456],[-74.181471748174573,4.6997560590484948],[-74.18147145501085,4.6997484014202717],[-74.181981691017171,4.6997123337061799],[-74.18223187092498,4.6996961868358937],[-74.182435434839405,4.6996833638934179],[-74.182466673815426,4.6996893059127895],[-74.182488915996331,4.6997208176622163],[-74.182488559548503,4.6997480970410299],[-74.182543047540378,4.6997437282634396],[-74.182550778261174,4.6996779351465614],[-74.182543329907091,4.6996430625737009],[-74.182539160902763,4.6996224540452607],[-74.183311779920544,4.6995663967609014],[-74.184008595294003,4.6995197550017052],[-74.184582111638917,4.6994872477311853],[-74.184619687696525,4.6994864172299051],[-74.184621719432812,4.6994992255213157],[-74.18462278446421,4.6995088508008385],[-74.184623340584125,4.6995147757345093],[-74.184624417253715,4.699529787064411],[-74.184627284462096,4.6995717518920417],[-74.184628196683391,4.6995840937330406],[-74.18465150647306,4.6995824786753069],[-74.184735996680004,4.6995832216830111],[-74.184759275658436,4.6995805214580777],[-74.184754725147044,4.6995410274567355],[-74.184753890940016,4.6995319736639907],[-74.184752948123545,4.6995199718472396],[-74.184787689831822,4.6994799201721555],[-74.185410374679407,4.6994329610620733],[-74.186245615884232,4.6993920379791332],[-74.187717450727675,4.6992353183246358],[-74.187731262731575,4.6993738270142735],[-74.187736471086083,4.6994229571823434],[-74.187790230499999,4.6994170525980659],[-74.187789539010822,4.6994102107217701],[-74.187789806299307,4.6994019019080646],[-74.187791533786623,4.6993939419257531],[-74.187793977206127,4.6993877723577899],[-74.187798655676872,4.6993801338418288],[-74.187803725636883,4.6993744992078499],[-74.187810634344629,4.69936916993864],[-74.187817200852493,4.6993657687056913],[-74.187824978888514,4.6993633186117645],[-74.187833523270612,4.6993622754979025],[-74.189141897460019,4.6992861795643774],[-74.189153885325936,4.699299181576472],[-74.18916871862416,4.6993515421824785],[-74.189234430597438,4.6993407957223319],[-74.189275044004816,4.6993280782747409],[-74.189310594843818,4.6993220607417685],[-74.18949794977587,4.6992571575039142],[-74.189532953985349,4.6992484976630493],[-74.189512339189179,4.6991598355015247],[-74.189529298287013,4.6991585956846817],[-74.190068643467541,4.6991176612635188],[-74.190076599383318,4.6991004148481696],[-74.190285113564698,4.6990911355121625],[-74.190295738514948,4.6990920977841535],[-74.19038788978898,4.6990809544686591],[-74.190745217483197,4.6990586143951711],[-74.190834269063615,4.699052859384186],[-74.191061692083835,4.6990381020689602],[-74.19110419403242,4.6990329460215055],[-74.191148965905512,4.6990302239951944],[-74.191193770329292,4.6990281404013352],[-74.191238663446725,4.6990283048966912],[-74.191283444355207,4.6990257257407615],[-74.191328594773765,4.6990340633128733],[-74.191373375812447,4.6990322871755419],[-74.191418169418867,4.6990301999517614],[-74.191463047871466,4.6990288650944798],[-74.191508005770999,4.6990283350543347],[-74.191552788901845,4.6990172553973135],[-74.19164288471751,4.6990146832722015],[-74.191732931485433,4.6990098051613494],[-74.19177802823927,4.6990095970142152],[-74.19182314097462,4.6990079021813314],[-74.191868313257999,4.6990065817187192],[-74.191913478000288,4.6990032356073241],[-74.191958725912158,4.6990014123319197],[-74.192004029737333,4.6989997825660312],[-74.19204935156209,4.6989979900190786],[-74.192094669759712,4.6989960654409648],[-74.192139957208923,4.6989935096588491],[-74.192185251898152,4.6989911365425554],[-74.192230546579339,4.6989887163994037],[-74.19227581775651,4.6989858730416358],[-74.192321060019893,4.698982595618495],[-74.192366273414436,4.6989791590391361],[-74.192411414651957,4.6989754131959076],[-74.192456516250587,4.6989717885333979],[-74.192501561953051,4.6989680806809311],[-74.192546551756038,4.6989642697438674],[-74.192591424259845,4.6989596865453196],[-74.19263645394777,4.698957264611014],[-74.192726538612064,4.6989527408540823],[-74.192816316251907,4.6989447283210639],[-74.19289444741591,4.698939262423397],[-74.192940699151777,4.6989359721327819],[-74.192979373831946,4.69911564966183],[-74.193045352605452,4.6991054960252496],[-74.19304206241307,4.6990923389080432],[-74.193063936626814,4.6990869130592667],[-74.193059610990915,4.6990693557573406],[-74.193097025921091,4.6990426996357328],[-74.193905946090965,4.6989940616403221],[-74.193965607713181,4.6990342734281061],[-74.193976845022704,4.6990428244832136],[-74.194108045844473,4.6990359840775628],[-74.194072198947296,4.6989088535973194],[-74.195191360258235,4.6988324867707556],[-74.195257832126174,4.6988285074486189],[-74.195275317064116,4.6989746024668504],[-74.195311960734358,4.6989715921686326],[-74.195469104912462,4.6989416203850443],[-74.195451443265341,4.6988169122543644],[-74.195535514174964,4.6988118773151548],[-74.196265953801174,4.6987626747354927],[-74.196862465684291,4.6987232499947416],[-74.197584565345039,4.698680421018496],[-74.199650264405776,4.6985673240754311],[-74.199695135089215,4.6985631166132231],[-74.20014720471481,4.6985364723273513],[-74.201172329173829,4.69847805119303],[-74.20149834176587,4.6984676688218414],[-74.201639004506063,4.6984560632428201],[-74.201812281535723,4.6984493513535099],[-74.204565365572719,4.6982768894430293],[-74.204608219915215,4.698406900084537],[-74.204651159847785,4.6983923473918852],[-74.204648844133985,4.6983861659760864],[-74.204647719979832,4.6983800530702347],[-74.204647695336433,4.6983733792939617],[-74.204648932537367,4.6983666727325373],[-74.204650840597068,4.6983614870920469],[-74.204653430143665,4.6983567860354789],[-74.204657535623937,4.6983515927597201],[-74.204662484897781,4.6983472638469586],[-74.204668077836715,4.698343605812072],[-74.204674480443856,4.6983415012277172],[-74.204681144632445,4.6983404908062711],[-74.204683616025946,4.6983403239631194],[-74.204696445298751,4.6983395601968363],[-74.206900196447293,4.6982036480071061],[-74.206910220979964,4.6982038487112359],[-74.206920081771983,4.6982056753882491],[-74.206929329940735,4.6982089942841805],[-74.206937961872299,4.6982137583758226],[-74.206946134443328,4.698220220839751],[-74.206953406002398,4.6982283600546895],[-74.206958710938224,4.698236823376325],[-74.206962409757281,4.698245491369363],[-74.206965424567386,4.6982595545805532],[-74.207013839885278,4.6982494517225755],[-74.207004788494913,4.6980718530801484],[-74.207023975637853,4.6980708692482587],[-74.207113881222497,4.6980643759003646],[-74.207203817542975,4.6980583853294116],[-74.207293739397002,4.6980521596300173],[-74.207383746236658,4.6980473572812622],[-74.207473734989762,4.6980422384171261],[-74.207563714702204,4.6980369802799258],[-74.20765374504154,4.6980325558920759],[-74.20774381154807,4.6980287554571341],[-74.207833503746116,4.6980187063244898],[-74.207923476216124,4.69801331430505],[-74.208013539101714,4.6980094559604924],[-74.208103469977175,4.6980033621840329],[-74.20819354732545,4.6979997425504108],[-74.208283456504432,4.697993319587443],[-74.208373452471633,4.6979883091229215],[-74.20846341951362,4.6979828627766782],[-74.208553397395761,4.6979775556799508],[-74.208598390859166,4.6979749898441208],[-74.208643340921583,4.6979716897169288],[-74.208688377783105,4.6979698491206872],[-74.208733506865102,4.6979695385903204],[-74.208778628715436,4.6979691159244137],[-74.208823452200889,4.6979637286706977],[-74.20895820473595,4.6979522185904168],[-74.209003207233508,4.697949784755548],[-74.209048334506434,4.6979494506932333],[-74.209138359397059,4.6979449465362784],[-74.209183269670703,4.6979409790039428],[-74.209273122772473,4.6979336226804103],[-74.209318184940471,4.6979321799335567],[-74.209408245995249,4.6979282942804677],[-74.209453121908865,4.6979237588330287],[-74.209498113558581,4.6979211784707626],[-74.209543040101153,4.6979174731610378],[-74.209588031745866,4.6979148710896652],[-74.209633027010113,4.6979123467849826],[-74.20966851316436,4.6979088946531933],[-74.209671739694755,4.6979652811485426],[-74.209694946643467,4.6979638895435798],[-74.209695070326063,4.6979697458068861],[-74.209693760823285,4.6979751501887987],[-74.209690693983148,4.697981820932533],[-74.209685557625008,4.6979880399154919],[-74.209677643419568,4.6979943860278111],[-74.209666528051358,4.6980024816749948],[-74.20965753073024,4.6980102748822761],[-74.209653789240804,4.6980144987012267],[-74.209653273783303,4.6980150196792589],[-74.209645999866538,4.6980232321578326],[-74.20964568448251,4.6980236481984781],[-74.209642707150365,4.6980270073558259],[-74.209639749857359,4.6980314824231639],[-74.209639369594569,4.6980319852894814],[-74.209639009182283,4.6980326020945711],[-74.209636399699676,4.6980365489812153],[-74.2096342084957,4.6980408448507553],[-74.209633840874886,4.6980414725088773],[-74.209633478694343,4.6980422719842094],[-74.209631460479613,4.698046225993215],[-74.209625903736253,4.6980600629305629],[-74.209621866478301,4.6980731471972437],[-74.209614625892812,4.698095636854994],[-74.209666410777757,4.6981072473753587],[-74.209830527603657,4.6980821506896202],[-74.209882735408058,4.698061358015301],[-74.209876094353305,4.6978982224444721],[-74.209902946125837,4.6978962224469747],[-74.209992886007882,4.6978902930097046],[-74.210082836743226,4.6978845715491966],[-74.210172879695563,4.6978803530164104],[-74.210262770748429,4.6978736169126236],[-74.210622575451524,4.6978506838382286],[-74.2113424777273,4.6978096840536168],[-74.211367108695939,4.6979686798516029],[-74.211389669651624,4.6981245724665808],[-74.211473246638633,4.6981114005678242],[-74.211467274211913,4.6980721891941952],[-74.211465802557512,4.6980496396999891],[-74.211467866250004,4.6980290084640624],[-74.211473109933962,4.6980090656983924],[-74.211481778710038,4.6979895057003453],[-74.211495024347158,4.6979697060859031],[-74.211510617711426,4.6979535123927194],[-74.211531756217965,4.6979384570590703],[-74.211555222803881,4.6979279571713466],[-74.211578405537679,4.6979225142171419],[-74.211606618296315,4.6979205012321739],[-74.212742385795195,4.6978580565710022],[-74.212754492391724,4.6978583544524382],[-74.212769606342107,4.6978614966971106],[-74.212782049171111,4.6978666777655498],[-74.212789583279786,4.6978711942168641],[-74.212795156165384,4.6978759732974646],[-74.212799365935581,4.6978790995709474],[-74.212805773855592,4.6978860126517281],[-74.212810494407591,4.6978924286914809],[-74.21281247972864,4.6978956078462941],[-74.212815307279982,4.6979008450382791],[-74.212816888858583,4.6979042792857566],[-74.212817635497643,4.6979060714754945],[-74.212818735669174,4.6979089777016494],[-74.212820146178188,4.6979133524606196],[-74.212821080629141,4.697916893541767],[-74.212821997219308,4.6979212937171768],[-74.212823635792162,4.6979304974261753],[-74.212836560886046,4.6979967425706128],[-74.212889169689419,4.6979900350670816],[-74.212878924748537,4.6979312173733376],[-74.21287955537737,4.6979109915417006],[-74.212883003055794,4.6978976288460954],[-74.212888684398152,4.6978852586448054],[-74.212895128803581,4.6978757187732425],[-74.212904500628483,4.6978658166107587],[-74.212915347379635,4.697857811395866],[-74.212926230666682,4.6978523111014425],[-74.212940694229658,4.6978480056040572],[-74.212960979005359,4.6978462093291462],[-74.21398499667356,4.6977919864059627],[-74.214024370189904,4.6977931705735747],[-74.214047876068122,4.6977995521801361],[-74.214069717126691,4.6978101499865073],[-74.214086127056433,4.6978219208366578],[-74.214102943600267,4.6978389293471556],[-74.214115504343624,4.6978571432266261],[-74.214124367989186,4.6978759673324983],[-74.214126792105205,4.6978829860807325],[-74.214131304289822,4.6979023988379947],[-74.214132831407355,4.6979223601895699],[-74.214129162029238,4.6979635122577266],[-74.214191888067248,4.697970314814115],[-74.214207717371579,4.6978330688057479],[-74.214218877988017,4.6977197679265279],[-74.214231564858878,4.6977191749271734],[-74.214509974103152,4.6977164977934081],[-74.21495644797146,4.6977502418224981],[-74.215174622827632,4.6977749008032417],[-74.215320625138986,4.6977846610739551],[-74.215451201426291,4.6977947915141218],[-74.215750442825097,4.6978557927962417],[-74.215773424732618,4.697837674991189],[-74.216426483818154,4.698006669383064],[-74.21679361026456,4.6981363350989698],[-74.217270716999522,4.6983206438691525],[-74.217297530380677,4.6982843432728183],[-74.217536011804256,4.6984062618612406],[-74.217877543560419,4.6985976781362924],[-74.218165708332634,4.6987760441181186],[-74.218561992382007,4.6990583787533584],[-74.218895720328902,4.6993221188471432],[-74.219396618453388,4.6997097481097807],[-74.219536069500307,4.699826440259371],[-74.219607425383927,4.6998795934670348],[-74.219682572048328,4.6999317855210254],[-74.219754233675175,4.6999857923150863],[-74.219824991618424,4.700041438792228],[-74.219895603646364,4.7000975184539531],[-74.219966110285583,4.7001538685170861],[-74.220036843107408,4.7002099192011935],[-74.220107366892236,4.7002662592983082],[-74.220178253844821,4.700322221313681],[-74.220249054247148,4.700378014234027],[-74.220319187847409,4.7004346238713959],[-74.220388466907167,4.7004907580117061],[-74.220532518762596,4.7006036825730648],[-74.220602319527046,4.7006588589240135],[-74.220676291450005,4.7007175693415233],[-74.220641340747946,4.7007570295698207],[-74.221312810717478,4.7013449468184758],[-74.221817621559296,4.701750128711411],[-74.222237706290542,4.7020841752514633],[-74.222655723068726,4.7024060915988217],[-74.222858788847248,4.70256555971309],[-74.223137479732884,4.7027863365328981],[-74.223444944318175,4.7030310116181511],[-74.223511024127546,4.7030826101021308],[-74.223516225101051,4.70309278787464],[-74.2237134498058,4.7032481061866633],[-74.223895382513035,4.7033940047907317],[-74.224221307560484,4.7036508512006101],[-74.224328539928536,4.7036576127011678],[-74.224366346097369,4.703687633096763],[-74.224343105797772,4.7037026205301986],[-74.224366511915179,4.7037391350663622],[-74.22450038186544,4.7038133683863279],[-74.224524148469015,4.7038496115490016],[-74.224550950249807,4.7038319194842275],[-74.22500367455666,4.7041914207961382],[-74.225020915973801,4.7041695673162804],[-74.225043849598933,4.7041877787859896],[-74.225048091967878,4.7041826251548073],[-74.225260820210238,4.704346718715362],[-74.22572071112819,4.7046993760385698],[-74.226086517006891,4.7049616696133576],[-74.226097484762917,4.704954966369951],[-74.226375121596917,4.7051943779669436],[-74.226408980526031,4.7052263505799594],[-74.226366688559352,4.7052698223474838],[-74.226265845803653,4.7053538448260781],[-74.226289430397685,4.7053811968311301],[-74.226388020262405,4.7052992095179667],[-74.226435239723813,4.7052511446326166],[-74.226445120279564,4.7052604749499354],[-74.226466926835357,4.7052764312735498],[-74.226493257578554,4.705298568459499],[-74.226477009052644,4.7053185661275165],[-74.226493685397699,4.7053352542266396],[-74.22651162257344,4.7053131781031761],[-74.226763208292539,4.7055133039479315],[-74.226937627787507,4.7056548083963383],[-74.227502286082995,4.706102112791215],[-74.22758790668837,4.7061633564955532],[-74.228001863838131,4.7064835268176752],[-74.228149747296754,4.7065978867243325],[-74.228267653483471,4.7066915951434893],[-74.228470366358167,4.7068539589928546],[-74.228507707289126,4.7068816696552069],[-74.228620491478495,4.7070054427485326],[-74.228636999633977,4.706998308717198],[-74.228699788545612,4.7070541576281304],[-74.228691420481553,4.7071163430886145],[-74.228857500640544,4.7072782725685967],[-74.229447635423057,4.7077611414887564],[-74.229719832954103,4.7079830409792187],[-74.23005549283674,4.7082596748844328],[-74.233113768582584,4.7106385558034507],[-74.233113842653395,4.7106392810394313],[-74.23399871901394,4.7113420402432213],[-74.234018953801538,4.7113410047810582],[-74.234863835680855,4.712002394442484],[-74.235200951196774,4.7122694587325649],[-74.235213342902739,4.7122779319701831],[-74.235295194892288,4.7123443526682101],[-74.235369009619319,4.7123786226248985],[-74.235867717053608,4.7127710651710482],[-74.235919832938634,4.7128129452126268],[-74.235846447121247,4.7128939261463634],[-74.23597801300869,4.7130059069641073],[-74.236040866865466,4.7129615699426335],[-74.236067575470656,4.7129859764606588],[-74.236069531777062,4.7129877430258409],[-74.236073372278668,4.7129912580864914],[-74.236073994314978,4.7129917535035588],[-74.236074299027891,4.7129920192996488],[-74.236179740717731,4.7130769203015745],[-74.236232047799163,4.7131191140680553],[-74.2362223485611,4.7131313623775881],[-74.236278807855783,4.7131763639624982],[-74.236288570176939,4.7131640704225841],[-74.236273485425542,4.7131246389484982],[-74.236305515206936,4.7130839867512844],[-74.236701359166034,4.7133972468180234],[-74.237508269782879,4.7140465602458859],[-74.237519904361022,4.7140705288742728],[-74.237496920374795,4.714079271557881],[-74.237515519076041,4.7141284795339251],[-74.237531440773239,4.7141224224522604],[-74.237528141340519,4.714143761184312],[-74.238020124865614,4.714557358028955],[-74.238190992615898,4.7145988261159175],[-74.238197291107952,4.7145906316596591],[-74.238295201284487,4.7146737923710456],[-74.238339201991181,4.7147087643058088],[-74.238438750021089,4.7147805339958762],[-74.238437503670795,4.7148401785974485],[-74.238437776761117,4.7148831944943943],[-74.238611237281461,4.7149890447415617],[-74.238680373459076,4.7150423537378945],[-74.238926824255927,4.715239919619437],[-74.239276647624521,4.7155201672266989],[-74.23930985218152,4.715555257360676],[-74.239350209120516,4.7155796442869331],[-74.239381804238448,4.7156084679618218],[-74.239419746654491,4.7156374728253008],[-74.239456096633504,4.7156635879005986],[-74.239595816426359,4.7157763039985516],[-74.239741426637565,4.7158855606303787],[-74.239953533294781,4.7160522720399882],[-74.240231772921348,4.7162711281714849],[-74.240260558065401,4.7163091872190028],[-74.240440975530149,4.7164526580354398],[-74.240866439608823,4.7167891998855849],[-74.240939475447291,4.7168429363652766],[-74.241151004203957,4.7170104632033132],[-74.241503111772602,4.7172917001930568],[-74.241784101628738,4.7175188963149859],[-74.241997399602042,4.7176880122262483],[-74.242072207155857,4.7177395904892787],[-74.24228313605731,4.7179067029300752],[-74.242422839229874,4.7180215779034356],[-74.242496383611282,4.7180750518398096],[-74.242566159054107,4.7181305468797445],[-74.242846217281155,4.7183564116280996],[-74.242915748490546,4.7184156125276848],[-74.243061469528598,4.7185240400489485],[-74.243130426865434,4.7185804937859404],[-74.243201459242428,4.7186374968373705],[-74.243273291443245,4.7186920417910496],[-74.243696192762727,4.71902761117998],[-74.243764197622482,4.7190884672306979],[-74.243904472042729,4.7192004769125901],[-74.24404716155324,4.7193176821167606],[-74.244125512511729,4.719365007256151],[-74.24426509749614,4.7194731664984957],[-74.244404758208304,4.7195887536473418],[-74.244547201449379,4.7197006686214227],[-74.244618828278774,4.7197548933524311],[-74.24475932305225,4.7198675538958108],[-74.245326381731815,4.7203146062581709],[-74.245396570649007,4.7203709834951182],[-74.245749137797404,4.7206527299095935],[-74.245820512907287,4.7207089006316911],[-74.245855190661473,4.7207357645200467],[-74.245888722553289,4.7207653271279222],[-74.245924334587698,4.7207941712117618],[-74.245957563137381,4.7208216829280252],[-74.245990085992403,4.7208531755605021],[-74.246027122663264,4.7208840774888472],[-74.246063507536448,4.7209107239184362],[-74.246097055323872,4.7209388540939701],[-74.24631094841827,4.7211078147133323],[-74.246347804057137,4.7211354503211522],[-74.246385532098657,4.7211626462227549],[-74.246420730003948,4.7211859017810731],[-74.246451368523182,4.7212151069597441],[-74.246487116355439,4.7212462225913816],[-74.246523398921838,4.7212745673031904],[-74.246666053598346,4.7213858306622747],[-74.246877769067581,4.7215538167861029],[-74.247089232901942,4.7217244470873307],[-74.247161665521062,4.7217769495464701],[-74.247229226816643,4.7218350652999863],[-74.247300005756003,4.7218924097919128],[-74.247510885483834,4.7220620724932525],[-74.24786587281848,4.7223408184923858],[-74.24793430843647,4.7223985234034576],[-74.248004604473209,4.7224563074288248],[-74.248149004266224,4.7225660471852438],[-74.248220329873405,4.7226246212955063],[-74.248255587266854,4.7226178429980887],[-74.248128960909128,4.722739338453346],[-74.248118233887013,4.722728104211261],[-74.248085934835046,4.7227574839469808],[-74.248096985987829,4.7227672621805121],[-74.248062990576443,4.7227965862655763],[-74.248117780440069,4.7228495487239117],[-74.248145271394833,4.7228263501826486],[-74.248134565627751,4.7228135786189975],[-74.248149240232422,4.7228086791074055],[-74.24816538152109,4.722808226601404],[-74.248180182691144,4.7228122416861735],[-74.248192388775294,4.7228195526927914],[-74.248243521558976,4.7228601958040244],[-74.248234552284558,4.7228715524518972],[-74.248267109724452,4.7228962301257935],[-74.248445422206387,4.7229843124285527],[-74.248466910979161,4.7229571219479807],[-74.24830215332797,4.7228260692162101],[-74.248250701370623,4.7227850391458226],[-74.248241041852651,4.7227750598168283],[-74.248236040976124,4.7227669530587475],[-74.248231050984558,4.7227517547465476],[-74.248230415020402,4.7227386045153343],[-74.248233197041259,4.7227257048393074],[-74.24824210191197,4.7227090019624498],[-74.248282009002182,4.7226675135256562],[-74.248313288116606,4.7226987368643796],[-74.248324899484174,4.7226883462657554],[-74.248338355702089,4.7227028633599666],[-74.248578960305807,4.7228930352401735],[-74.24859687739476,4.7229004967538852],[-74.248617733713246,4.7229186735432966],[-74.248653199534019,4.7229458228478398],[-74.248687540981791,4.7229750559441426],[-74.248829446424679,4.7230863389075983],[-74.24886371418134,4.7231164093981457],[-74.248900710305307,4.723142697413774],[-74.248934956101792,4.7231714096415676],[-74.248970423957218,4.7231994017394916],[-74.249005277300185,4.7232282349900272],[-74.249040813526221,4.7232556663988108],[-74.249074664741414,4.7232851907816293],[-74.249110239248182,4.7233143240770143],[-74.249147707857091,4.7233412504002334],[-74.249186151282842,4.723366351594783],[-74.249223287250004,4.7233894166184953],[-74.249288526313094,4.7234521157438474],[-74.24936427006385,4.7235014611173343],[-74.249427942974492,4.7235656816557299],[-74.249501766193887,4.7236196123098573],[-74.249713569538073,4.7237875866348968],[-74.249994755454978,4.7240136994143205],[-74.250135473888406,4.7241272377209249],[-74.250207817304357,4.7241815936860645],[-74.250278762096627,4.7242370206873234],[-74.250349541172014,4.7242929360461909],[-74.25042098196613,4.7243493124272016],[-74.250496309607257,4.7243992238672305],[-74.250512701339062,4.7244126450714514],[-74.250439333971144,4.7245766805673695],[-74.250504538496557,4.7246300652479274],[-74.25057790585403,4.7244660297456811],[-74.250705091019029,4.7245701611214104],[-74.250844513862049,4.7246850289241351],[-74.250983363501817,4.7247999456726273],[-74.251124195918408,4.7249138689692138],[-74.251231016873064,4.7249995720133011],[-74.251134958995621,4.7250769321318593],[-74.251171180770243,4.7251057414107116],[-74.251267081843281,4.7250285079289958],[-74.251335230617073,4.7250831849432453],[-74.25140555393088,4.7251397206533117],[-74.251733362652573,4.7254021866509284],[-74.251661109363795,4.725493228399082],[-74.252040814581065,4.7257910123430884],[-74.25211019468945,4.7256942072489725],[-74.25246399651644,4.7259754631850104],[-74.252413084327941,4.7260400161850669],[-74.25238710931076,4.7260193955728296],[-74.252362452445595,4.7260505984605876],[-74.252426124261888,4.7261012414856776],[-74.252501806342877,4.7260033297046213],[-74.25288985809064,4.7262913572295071],[-74.253523721577395,4.7268042043513185],[-74.253404020173974,4.7269134456772797],[-74.253467984462574,4.7269651972015927],[-74.25358768406187,4.7268559576738793],[-74.253608641270517,4.7268729134665666],[-74.253663197580209,4.7268690147131966],[-74.253697274308948,4.726897771946855],[-74.25373346872793,4.7269245500240924],[-74.253767307859277,4.7269547126022227],[-74.253835962640977,4.7270128219610035],[-74.253873359488878,4.7270396322793156],[-74.253909652684129,4.7270648802399542],[-74.253940121753246,4.7270989846216729],[-74.25397757996511,4.7271260445061936],[-74.254051197786964,4.7271775692483926],[-74.254189992746575,4.7272932286599287],[-74.254330429465242,4.7274066829305834],[-74.254543768846901,4.7275732228676128],[-74.254754680916363,4.7277430821490478],[-74.254854766092095,4.7278220709605003],[-74.254822423286384,4.7278634456965749],[-74.254935905281997,4.7279527347003238],[-74.254922859477972,4.7279686619208912],[-74.255039315314292,4.7280694827268972],[-74.255017572143899,4.7280989251844279],[-74.254994146180437,4.7281285398900126],[-74.255006920954159,4.7281349499375462],[-74.255113880325538,4.728215331382267],[-74.255132799241281,4.7282307168726874],[-74.255179212502313,4.7281762143583279],[-74.255328644385614,4.7282903588006828],[-74.255329368916492,4.7282897274109148],[-74.255338528292867,4.7282747100055076],[-74.255366578942215,4.7282974333763788],[-74.255401372953173,4.7282541987385462],[-74.255498180275737,4.7283306001756245],[-74.25585116091753,4.7286117676581751],[-74.256097451823194,4.7288093198233252],[-74.25623752158981,4.7289235225371806],[-74.256379254651179,4.7290351547609539],[-74.256521144547051,4.7291466042438328],[-74.256663052575021,4.7292582870011044],[-74.256742332825922,4.7293225570337825],[-74.256715930934632,4.7293674607179117],[-74.2570218015682,4.7295484809166677],[-74.257084365211028,4.7295985323568299],[-74.25722657432128,4.7297096234979161],[-74.257368383436869,4.72982135134112],[-74.257509972723568,4.7299333034776181],[-74.257651243064956,4.730045608344235],[-74.257793200074715,4.7301570882766297],[-74.257880792439835,4.7302266389453038],[-74.257845301252786,4.7302714672670376],[-74.257948226746151,4.7303517100321315],[-74.257984700695673,4.7303775979644653],[-74.257986580394999,4.7303824789035751],[-74.257987596656008,4.7303876114640149],[-74.257987716989902,4.7303928419227459],[-74.257986939554129,4.7303980165486337],[-74.257949792210397,4.7304449523337917],[-74.257930189108066,4.730464649549277],[-74.257946907316565,4.7304776870549832],[-74.25801904180399,4.7305348780968925],[-74.258053327880262,4.7305561944380532],[-74.258080524838689,4.7305256435999912],[-74.258124146950649,4.7304694261593623],[-74.258128036238418,4.7304725811633315],[-74.25819631700287,4.7305316324388613],[-74.258949489172252,4.7311360128389026],[-74.259020453443739,4.7311916794211815],[-74.259104962807385,4.7312520285422712],[-74.259174966576623,4.731308943297905],[-74.259267705351647,4.7313760146369646],[-74.259338972502263,4.7314315743969875],[-74.259613905572479,4.7316579251781015],[-74.259683385062203,4.7317157262334826],[-74.259735912655174,4.7316736207153749],[-74.259850077516987,4.7317636682916229],[-74.259998987435537,4.7318854929444463],[-74.260191371620763,4.7320474028916957],[-74.260497268617854,4.7322935547892291],[-74.260608225130426,4.73235732403176],[-74.26079832336012,4.732497277923831],[-74.260805566383439,4.7325028700246428],[-74.26080472844734,4.7325041308450251],[-74.260803447380283,4.7325066831275038],[-74.260802582787747,4.7325094053086847],[-74.260802150876629,4.7325122304658205],[-74.260802167852461,4.7325150862504115],[-74.260802628289483,4.7325179057454596],[-74.260803523155474,4.7325206184176913],[-74.260804830800168,4.7325231573544313],[-74.260806516955043,4.7325254592635648],[-74.260808541945423,4.7325274680887199],[-74.260876009425502,4.7325839366059173],[-74.260889807787024,4.7325644976690286],[-74.261043613743666,4.7326775128719021],[-74.26107505168055,4.7327055741017832],[-74.261106944831781,4.7327371439052426],[-74.261316852145356,4.7328790456851921],[-74.261720321711891,4.7331561163357563],[-74.261749277646274,4.7331785172566017],[-74.261710416269594,4.7331922784320355],[-74.261761014780078,4.7332314212833868],[-74.261799876157326,4.7332176582964136],[-74.261827052439443,4.7332386815298557],[-74.26181607459236,4.7332756523599437],[-74.261806679385529,4.7332847847049146],[-74.261888256436748,4.7334345716186457],[-74.261921659125193,4.7334274874520998],[-74.262051009624486,4.7336630202806349],[-74.262053931341001,4.7336679081633983],[-74.26198430766631,4.7337001886396139],[-74.261895738217476,4.7337427542736119],[-74.261945458864062,4.7338432235533681],[-74.26216019368087,4.7337240406495287],[-74.262225206470575,4.733686860064541],[-74.262281481857997,4.7337260682778597],[-74.262291908479668,4.7337110992798035],[-74.262293183225196,4.7337119128121028],[-74.2622942488359,4.7337126576731761],[-74.26257522939224,4.7339091816653536],[-74.262570230952818,4.7339179637836581],[-74.262603505138458,4.7339428268322905],[-74.262610508291544,4.7339343389802595],[-74.262756740448168,4.7340364191616544],[-74.262773961514412,4.7340484110338155],[-74.26281309247689,4.7339908091198764],[-74.262858050012937,4.7340218616934013],[-74.262867831126457,4.7340064334741454],[-74.263201108518189,4.734234309838822],[-74.263444547761964,4.7343974711372292],[-74.263511819836467,4.7344430660936858],[-74.263701149689766,4.7345704766609655],[-74.263865750250446,4.7346795997877207],[-74.263912304926805,4.7347100170378074],[-74.264137315662637,4.7348279443882522],[-74.264131536877215,4.7348375586862286],[-74.264159251211595,4.7348544906107151],[-74.264166138187846,4.7348430511304622],[-74.26420433804175,4.7348630711311825],[-74.264205206465903,4.7348545089576035],[-74.264598345925378,4.7351215066790511],[-74.265211616092898,4.7355372077003803],[-74.265404789443949,4.7356693353822719],[-74.265362171570771,4.7357315666037554],[-74.265364665208949,4.7357332587812939],[-74.265333464887675,4.7357785619700445],[-74.265333300808095,4.7357784480724412],[-74.265336885675978,4.7358090016804164],[-74.265344423754584,4.735838863327511],[-74.265351590419712,4.7358551731943388],[-74.265361282346433,4.7358701114523356],[-74.265373247046128,4.7358832857025543],[-74.265387174356192,4.7358943542026442],[-74.265402696440134,4.7359030258669685],[-74.265419409423799,4.7359090729208404],[-74.265436873397746,4.7359123399436243],[-74.265454635851441,4.7359127384365411],[-74.265472229873978,4.735910259483501],[-74.265489195785335,4.7359049683191534],[-74.265505088347027,4.7358970025186258],[-74.265520425303677,4.7358876948835196],[-74.265526380739274,4.7358847325776017],[-74.265532747479682,4.7358828119165581],[-74.265539345265069,4.7358819835903816],[-74.265545986617965,4.7358822729704873],[-74.265552487657004,4.7358836710638066],[-74.265558664492531,4.7358861381310389],[-74.265592740788833,4.7359032021017686],[-74.265624599800802,4.7359205542420648],[-74.265655192075386,4.7359400662002749],[-74.265708660310466,4.73597682060345],[-74.26583243029124,4.7360620065961427],[-74.265837484474957,4.7360661360748537],[-74.265841794339067,4.7360710416479188],[-74.265845248077284,4.7360765877004125],[-74.265847748302264,4.7360826277617392],[-74.265849228268294,4.7360889972671325],[-74.265849648268158,4.7360955226011336],[-74.265848997438496,4.7361020301407164],[-74.265847293758142,4.7361083408289533],[-74.265785304567203,4.7362804121491351],[-74.26578199264587,4.7362926500749998],[-74.265780705298326,4.7363052636397152],[-74.265781480292603,4.736317921858185],[-74.26578429410128,4.7363302847189273],[-74.265789072723308,4.7363420230759017],[-74.265795689883618,4.7363528276919773],[-74.26580396883584,4.7363624092382786],[-74.265813691380004,4.7363705127607956],[-74.265824596061677,4.7363769249152377],[-74.265870638544655,4.7363991527982812],[-74.265900341691093,4.7363372216760276],[-74.265883642570017,4.7363291598441872],[-74.265877301339401,4.7363254322269146],[-74.265871650290407,4.7363207205401805],[-74.265866837281138,4.7363151495376359],[-74.265862988543702,4.73630886929916],[-74.265860210483567,4.7363020425701974],[-74.265858575260467,4.7362948556175848],[-74.265858124388231,4.7362874965249073],[-74.265858872342037,4.7362801624262154],[-74.26586079934458,4.7362730486563001],[-74.26588152019815,4.7362738225222145],[-74.265926075890576,4.7361379334779041],[-74.266381542393219,4.7364303511735324],[-74.266405236828874,4.7364675332459552],[-74.266363602892582,4.7365482138406305],[-74.266332820685847,4.7365331402853474],[-74.266328148745302,4.7365425589690169],[-74.266312155216184,4.7365770751427663],[-74.266340559242892,4.736590776616743],[-74.266483301623438,4.7366501882947132],[-74.266495403710522,4.736624792168846],[-74.26650529701493,4.7366044535069003],[-74.266472946214563,4.736588615346677],[-74.266520542469664,4.7364905234815131],[-74.266824596487737,4.7366927943165589],[-74.267030845804015,4.7368318955345217],[-74.267487616208072,4.7371691582767133],[-74.26802484627153,4.7375502897619057],[-74.268767431336101,4.7380587241848486],[-74.269428011586882,4.7385113018714806],[-74.269809996044984,4.7387716438705771],[-74.269797520755375,4.7387900679815482],[-74.269840230534442,4.7388198546739932],[-74.269853233939216,4.7388011139095347],[-74.270184310470768,4.7390267591064523],[-74.270172303941109,4.7390453313987875],[-74.270456624642634,4.7392315980731832],[-74.270575691549524,4.73930719163537],[-74.270741306206915,4.7394119666624057],[-74.271108785745128,4.7396492377734258],[-74.27124888618448,4.7397470422207713],[-74.271611691818705,4.7399917386800254],[-74.271732950211359,4.7400770110671644],[-74.271748292649178,4.7400744168334334],[-74.271790896341457,4.7401175256089925],[-74.271888876634037,4.7401859718274792],[-74.271967157553462,4.7402386832888883],[-74.272013493665085,4.7402263192884897],[-74.272081774005756,4.7402634126332917],[-74.272385809489748,4.7404717161870531],[-74.272386200950692,4.7405048334340378],[-74.27316986230376,4.7410319992334298],[-74.273486890592864,4.7412458130261497],[-74.274896363953317,4.7422127708799744],[-74.275440092813028,4.7425849562424869],[-74.27565621845018,4.7427340335769665],[-74.275678703654904,4.7427385558707753],[-74.275876579746097,4.7428673241269808],[-74.276501435901466,4.7432920017299329],[-74.279818799023943,4.7455678147375684],[-74.280165912165756,4.7458062586672431],[-74.280157777519932,4.7458536536988216],[-74.280115180237885,4.7459034878010327],[-74.280160048478137,4.745938402378501],[-74.280200111911412,4.7458790611896493],[-74.280250738145966,4.7458644834473187],[-74.280918877385432,4.7463224947182869],[-74.282084561242783,4.7471221803647419],[-74.28238439052906,4.7473276192602016],[-74.282696304704885,4.7475418478509166],[-74.28580478153367,4.7496743025544275],[-74.286060519549991,4.7498513579966373],[-74.286378185611881,4.750067662961964],[-74.288103079043239,4.7512509481563194],[-74.288467535233153,4.7515018833835718],[-74.288870188836754,4.7517823863825539],[-74.289278943580413,4.7520636504855194],[-74.290306175493598,4.7527704052670421],[-74.290499577637178,4.7529007366821325],[-74.290350151426935,4.7530668757932393],[-74.29040295766444,4.7531116061025775],[-74.29055895626972,4.7529320234199393],[-74.290741225254763,4.75305876270337],[-74.290989197406745,4.7532294306102996],[-74.291413433891506,4.7535211133437318],[-74.291581351456458,4.7536367845837297],[-74.292354500519195,4.7541687213824568],[-74.292575765009587,4.7543211066169837],[-74.292570614967204,4.754328528916508],[-74.292686400131643,4.7544093607683147],[-74.292832937209482,4.7545136278910345],[-74.292968342057151,4.7546117546422675],[-74.293197806777258,4.7547786619762995],[-74.2933944780616,4.7549193366983591],[-74.293511655514436,4.7550012911064821],[-74.29375671154412,4.7551701158954183],[-74.294553032878753,4.7557179982560163],[-74.294746408063844,4.7558492688760259],[-74.294761892455099,4.7558616854655007],[-74.294831518294231,4.7559094286596855],[-74.296058769244013,4.7567466722274103],[-74.296049859496378,4.7567454614834732],[-74.296040458869456,4.7567425960252852],[-74.296034450016705,4.7567420607773991],[-74.296023692752897,4.7567419249283134],[-74.296013786760653,4.7567429209932124],[-74.296005534124916,4.7567445585867807],[-74.295996867137532,4.7567471132724259],[-74.295990300392702,4.7567496600572854],[-74.295981848436583,4.7567538008175889],[-74.295975183008707,4.7567578397294508],[-74.295972605583145,4.7567596093588396],[-74.295969721797491,4.7567617389969525],[-74.295896676766745,4.7568368661290688],[-74.295916597981716,4.7568611240027199],[-74.295919222997171,4.7568616295784896],[-74.295929663815741,4.7568529992404374],[-74.295933163926591,4.7568501459665953],[-74.295936712730295,4.7568473487438911],[-74.295940312029629,4.7568446075717947],[-74.295943961825174,4.7568419242588824],[-74.295946786158652,4.7568399194331308],[-74.295947662116916,4.7568392988051542],[-74.295951411102109,4.7568367312112354],[-74.295955212386261,4.7568342214759189],[-74.295959064166652,4.7568317695997813],[-74.295962968246585,4.7568293773909227],[-74.295966924625503,4.7568270430406239],[-74.295971187452864,4.7568246290146794],[-74.295974994283768,4.7568225587675448],[-74.295979109365291,4.756820407035554],[-74.295983280353127,4.7568183185868422],[-74.295987503641669,4.7568162934225535],[-74.295991786442031,4.756814331540407],[-74.29599612334647,4.7568124347506773],[-74.295999180466453,4.7568111514827054],[-74.296002060949377,4.7568099822126229],[-74.296002149267622,4.7568099243093362],[-74.296007697573728,4.7568078046773117],[-74.296010412255072,4.7568068090855018],[-74.29601310351218,4.7568058514817082],[-74.296016802430572,4.7568045897132434],[-74.296018460826119,4.7568040592669956],[-74.296020122837547,4.7568035613743769],[-74.296021157543464,4.7568032662441171],[-74.296023874115363,4.7568025491761974],[-74.296026612344647,4.7568019080626041],[-74.296029372231857,4.7568013447120094],[-74.296032160988133,4.756800859122075],[-74.296034976810731,4.7568004512933966],[-74.296038392968271,4.7568000667860115],[-74.296040700473213,4.7567998743421152],[-74.296043613722588,4.7567997088349818],[-74.296045072160624,4.7567996595399773],[-74.296046564857875,4.7567996301287012],[-74.296049553878973,4.7567996382232227],[-74.296052598816118,4.7567997403472431],[-74.296055658206313,4.756799940131101],[-74.29605890331878,4.7568002519892509],[-74.296061272273519,4.7568005514652612],[-74.296063711558006,4.7568009178371806],[-74.296065148456137,4.7568011651595272],[-74.296068402685734,4.7568018043715137],[-74.296071703827153,4.7568025683621151],[-74.296075048277601,4.7568034661754144],[-74.296077074799484,4.7568040714135922],[-74.296078897599813,4.7568046550131999],[-74.296083349180691,4.7568062505950861],[-74.296087660202502,4.7568080306988492],[-74.296091837874116,4.7568099880877623],[-74.29609588399714,4.7568121191441008],[-74.29609980217549,4.7568144184409462],[-74.296103817800102,4.7568170215518082],[-74.296107790244577,4.7568198995837028],[-74.296169515428502,4.756864366146802],[-74.296160653550245,4.7568777507990543],[-74.296188707305646,4.7568968117802601],[-74.296214621147115,4.7568529974271918],[-74.29952873555311,4.7591139048194933],[-74.299520560057942,4.759125665167856],[-74.299515373994453,4.7591330603990984],[-74.299510164489931,4.7591404411690741],[-74.29950493154324,4.7591478038605715],[-74.299499676958291,4.7591551520901882],[-74.299494398931174,4.7591624822413365],[-74.299490609338406,4.7591677175531508],[-74.299486439515405,4.7591734485440753],[-74.299478744959629,4.7591839463337777],[-74.299419509364398,4.7592643812348765],[-74.299411084966877,4.7592589020827285],[-74.29939267453905,4.7592860478759906],[-74.299410109629463,4.7592982159452815],[-74.299447388749542,4.7593238245605054],[-74.299496761612474,4.759250073807852],[-74.299829903667785,4.7593923718689473],[-74.299846866305444,4.7593704280671236],[-74.299936664170502,4.7594290772863737],[-74.300130535557884,4.7595666382457997],[-74.300325300467193,4.7596962970823977],[-74.300561296121572,4.7598620276920665],[-74.300867405747184,4.7600712974089037],[-74.301064212423242,4.7602143878324821],[-74.301159564875391,4.7602952772416529],[-74.30128086747348,4.7603950815823373],[-74.301605373297221,4.7606378854533764],[-74.301610336008707,4.7606422733097586],[-74.301614521957987,4.7606474101794749],[-74.301617269548629,4.7606533867080509],[-74.301619298175339,4.7606604486308237],[-74.301619871738907,4.7606668689744422],[-74.301619615339732,4.7606711970379987],[-74.301618216676175,4.760677712071141],[-74.301616166758265,4.7606828509716728],[-74.301612975725021,4.7606881566350268],[-74.301608203659924,4.7606935224970686],[-74.301615299609026,4.7606995500589173],[-74.301673791422886,4.7606331029339],[-74.301677777847914,4.7606289093002578],[-74.301714893124242,4.7606546986977412],[-74.302084382928768,4.7609264017585691],[-74.302448494310298,4.7612062269774382],[-74.303007171429769,4.761620095928893],[-74.303359236986779,4.7618880818618869],[-74.303636755053631,4.762094637695947],[-74.30364374084094,4.7620999834291933],[-74.303641603602344,4.7621137186385516],[-74.303657885082714,4.7621260027220256],[-74.303902743533953,4.7623096198525108],[-74.304133880243739,4.7624853993212302],[-74.304333533565043,4.7626354762267331],[-74.304499316876488,4.7627608515420938],[-74.30493884572752,4.7630924686290532],[-74.305091223682197,4.7632070508830378],[-74.305211143457001,4.7632979132129201],[-74.305539012471229,4.7635463947759034],[-74.305745482846007,4.7637021063819454],[-74.30595467610965,4.7638595297599489],[-74.306184839592888,4.7640330769936909],[-74.30627221066851,4.7640985879571556],[-74.306163862555493,4.7642415793046133],[-74.306206561142403,4.7642772849422172],[-74.306353003613026,4.7641595018296785],[-74.306563064624655,4.7643179122137536],[-74.308621622725298,4.7658710432609315],[-74.309042584308841,4.7661905913502416],[-74.309197439291225,4.7663064522720724],[-74.310053446450837,4.7669533196152303],[-74.310071661851069,4.7670117167215471],[-74.31007862909965,4.7670259751646995],[-74.310083653187149,4.7670410318574419],[-74.310086643884745,4.7670566245835087],[-74.310087427760507,4.7670770379720055],[-74.310087146173416,4.767081362426846],[-74.310086554911621,4.7670869023648379],[-74.310091041661579,4.7670909376386756],[-74.310179252066945,4.7671679884475511],[-74.310269628606193,4.767242470300129],[-74.310362095540768,4.7673143235375441],[-74.311342653053686,4.7680539461111566],[-74.311430572287861,4.7681221853516584],[-74.311516581370014,4.7681928270493028],[-74.311607983103556,4.7682700303015766],[-74.311709461056793,4.7683586857683711],[-74.311807942087214,4.7684506791048085],[-74.311838387688539,4.7684763273070452],[-74.311872013777631,4.7684976048490801],[-74.311908203658092,4.768514117666383],[-74.311946286579442,4.7685255621430107],[-74.311985564781423,4.7685317305279327],[-74.3119862426597,4.768531789980317],[-74.312022919353794,4.7685378181803078],[-74.312058287245662,4.768549279854672],[-74.312091547602293,4.7685659184553737],[-74.312121955734469,4.7685873580485625],[-74.312589554693332,4.7689726738057843],[-74.312770955813917,4.7691264438398324],[-74.312948022944923,4.7692852142723474],[-74.313120620835633,4.7694488657854652],[-74.313288612429616,4.7696172718276619],[-74.3134518696816,4.7697902986099949],[-74.314036416810538,4.7704273444216394],[-74.315006987058169,4.7715269209176991],[-74.315030526525774,4.7715532188304772],[-74.315033735209312,4.771557476968419],[-74.315036185069772,4.7715622146472167],[-74.315037805750492,4.7715672962465092],[-74.315038552132407,4.7715725807112168],[-74.315038404331659,4.7715779143173869],[-74.315037364100007,4.7715831487594436],[-74.315035462033251,4.7715881321045801],[-74.315032753970911,4.7715927250713515],[-74.315029313783299,4.7715967956066558],[-74.315025240585811,4.7716002279258936],[-74.315020651528883,4.7716029261328057],[-74.315015674586164,4.7716048124134369],[-74.3150104521619,4.7716058324606347],[-74.315005135683819,4.7716059590929127],[-74.314999871177974,4.7716051850254848],[-74.314994811893598,4.7716035373342693],[-74.314863877384084,4.7715482377083047],[-74.314862128275763,4.7715524053224891],[-74.314909532327135,4.7716067915570157],[-74.315057644433608,4.7716629479314836],[-74.315145774139125,4.7717536782982961],[-74.315100893265665,4.7718491715194187],[-74.31513383452635,4.7718756397993376],[-74.315197118674263,4.7718065475419538],[-74.315406810172561,4.7720311877619661],[-74.315466064081932,4.7719803781836374],[-74.316345128913042,4.7729592277902242],[-74.31638036978336,4.7729987478531344],[-74.316758347949175,4.7734192634391457],[-74.316810719646583,4.7734753261723721],[-74.316921845525926,4.7735991582590014],[-74.316934234785151,4.7736102334051607],[-74.316948646499355,4.7736255942215227],[-74.31711041364116,4.773816402671291],[-74.318035243802925,4.7748194364933276],[-74.318174527593555,4.7749457706201515],[-74.318507790046056,4.7753081634386065],[-74.318512444411013,4.7753427566507671],[-74.318811844385706,4.7756889462169054],[-74.318897646122906,4.7758062623332513],[-74.318935038696296,4.7758578972820134],[-74.318957961681122,4.7759042055773397],[-74.318981977949704,4.7759217730702073],[-74.319018878955418,4.7759338758712611],[-74.319069712154601,4.7759044791210679],[-74.31914130564067,4.7759903297125543],[-74.319089257859844,4.7760418496554422],[-74.319111534608908,4.7761012162430756],[-74.319234702032347,4.7761620665040141],[-74.319564633854327,4.7764674981499944],[-74.319843905135528,4.7766925535791103],[-74.32011340888937,4.7769331463779192],[-74.32014774697295,4.7769624479686197],[-74.320179877449448,4.7769942046046205],[-74.320246306383666,4.7770553333734735],[-74.32031295879402,4.777116214278303],[-74.320382977610521,4.7771733935945866],[-74.32042373933966,4.7772183987501027],[-74.320450606803561,4.7772332016407608],[-74.320569401758618,4.7773477938388123],[-74.320714373018575,4.7774802420498101],[-74.320849037115011,4.7776013268538922],[-74.321361781594973,4.7780749355465026],[-74.321428413848878,4.7781190416042083],[-74.321463563273014,4.7781481999544351],[-74.321509265155129,4.7782193989937749],[-74.321461110151759,4.7781956258488201],[-74.321458325992538,4.7781939936766511],[-74.321455803109927,4.7781919797975796],[-74.32145359199744,4.778189623982847],[-74.321451739546816,4.7781869768564569],[-74.321450281833933,4.7781840926633885],[-74.321444998660994,4.7781714687297541],[-74.321424220438786,4.7781802188781315],[-74.321368637183994,4.7782109648983093],[-74.321751934888979,4.7784041529730894],[-74.321776843547056,4.7783652158658123],[-74.322082932599415,4.7785927150050265],[-74.322551357311326,4.7789588500190883],[-74.322744149109667,4.7791101334717707],[-74.323255449253153,4.7795205975963135],[-74.323255907225715,4.7795207403112459],[-74.323265846724226,4.7795067761924681],[-74.323468912867369,4.7796418923139257],[-74.323477571813839,4.7796314933951134],[-74.323950277260039,4.780005930905709],[-74.323925382828151,4.7800441157057163],[-74.324113060849385,4.7801861297121349],[-74.324203736391354,4.7802106288779695],[-74.324237068720208,4.7802346060987739],[-74.324274089311132,4.7803079747512509],[-74.324573871638279,4.7805348148121869],[-74.324765057770406,4.780670441206726],[-74.325466105301274,4.7811739560368087],[-74.325914092478527,4.7814990444291965],[-74.326326303856348,4.7817927211452007],[-74.326557949399387,4.7819362015036218],[-74.326868945334752,4.7821039495754389],[-74.327074762993405,4.7822012385704324],[-74.327237467938545,4.7822850908833461],[-74.327328360511032,4.7823303721076238],[-74.327409948344268,4.7823699885748434],[-74.327469070256598,4.782397906190111],[-74.327524316931161,4.782423284137538],[-74.327597351518989,4.7824564054187677],[-74.327677639967987,4.7824922676823318],[-74.327739494819966,4.7825196362705125],[-74.327802290844957,4.7825472287748401],[-74.327894126361173,4.7825875051915725],[-74.327910190427161,4.7825893856848092],[-74.328107638226612,4.782678102861075],[-74.328102736282304,4.7826929875868984],[-74.328144695441821,4.7827118612072379],[-74.328151063333536,4.7826976143790008],[-74.328388769991676,4.7828044225877688],[-74.328651029308347,4.7829199753100822],[-74.32864304757922,4.7829383589919265],[-74.328614354769925,4.7830113409112895],[-74.328994072663107,4.7831839278852843],[-74.329028014544576,4.783108774614468],[-74.330480943497662,4.78376340675152],[-74.330683735172173,4.7838559047540228],[-74.331042994641535,4.7840170804387485],[-74.331480594776366,4.7842205299116163],[-74.331599966613624,4.7842829002407035],[-74.331756840388778,4.784352255886934],[-74.331810228148228,4.7843665782201397],[-74.331862983235681,4.7843763612107804],[-74.331904971611564,4.7843761737964332],[-74.33196177819093,4.7843726078438618],[-74.332032074896816,4.784382004497842],[-74.33212267451556,4.7843989444791619],[-74.332191375854492,4.7844087576865499],[-74.332229361326569,4.7844070253924027],[-74.332329089348391,4.7843596365615912],[-74.332498791564262,4.7844148015453642],[-74.332654796032401,4.7844732243474093],[-74.333167498228235,4.7846617509321856],[-74.333298697182698,4.7847124682818274],[-74.333331754071807,4.7847264038141599],[-74.333372974642316,4.7847437328350857],[-74.333414020490139,4.7847614715653837],[-74.333454888009257,4.7847796191021352],[-74.333495571790252,4.7847981727345266],[-74.333536069128158,4.7848171306549938],[-74.333576376417,4.784836491960637],[-74.333616488246946,4.7848562530362857],[-74.333656401913771,4.784876413883012],[-74.333696112007942,4.7848969717899523],[-74.333735616725676,4.7849179240449669],[-74.333774910658107,4.7849392697457587],[-74.333813991100044,4.7849610061804793],[-74.333852853543334,4.7849831306380253],[-74.33389149438166,4.7850056413111401],[-74.333929909107582,4.7850285372972472],[-74.333968095015237,4.7850518140759588],[-74.334006047597157,4.7850754707446361],[-74.334043764148092,4.7850995045914235],[-74.334081240160302,4.7851239138094952],[-74.334118472027072,4.7851486956873996],[-74.33415545614173,4.7851738475135068],[-74.334192189799026,4.7851993665760562],[-74.334228667589784,4.7852252510685513],[-74.334264887710134,4.7852514982787602],[-74.334300845652308,4.7852781063998293],[-74.334336537808952,4.7853050709116429],[-74.334371961475114,4.7853323900066886],[-74.334407112143012,4.7853600618781114],[-74.334441987107425,4.7853880838140865],[-74.334476582760928,4.785416451294453],[-74.334510896398939,4.7854451634160542],[-74.334544923513022,4.7854742165633457],[-74.334578660496433,4.785503608024908],[-74.334612105544963,4.7855333341842572],[-74.334645255052635,4.7855633941384834],[-74.334678104510644,4.7855937833677622],[-74.334710652115064,4.7856244991600541],[-74.334742893357458,4.7856555378998111],[-74.334774826434312,4.7856868977792013],[-74.334806446837476,4.7857185760870475],[-74.334837752762411,4.7857505683025989],[-74.33486874060236,4.785782871714356],[-74.334899406750637,4.7858154836108202],[-74.334929748501608,4.7858484003758646],[-74.334959763149953,4.7858816192976814],[-74.33498944799004,4.7859151367601207],[-74.33501879941484,4.7859489491473992],[-74.33504781562074,4.7859830546515996],[-74.335076492098608,4.7860174478487352],[-74.335104827044873,4.7860521269309144],[-74.335132817753916,4.7860870882820592],[-74.335160498496563,4.7861223761997849],[-74.335187946801071,4.7861580051237205],[-74.335242547080483,4.7862298825229184],[-74.335569791408261,4.7866618830431049],[-74.335615314942771,4.786723245949589],[-74.335938287552906,4.7871904367862284],[-74.336706530346945,4.7881942234145649],[-74.336961093493372,4.7885264832073426],[-74.337007132589008,4.788582242784889],[-74.337184318898849,4.7887997674934155],[-74.337350736560495,4.7889855735019831],[-74.337421400093476,4.7890603057911703],[-74.337651180592005,4.7892822152070709],[-74.337773019531156,4.7893858609718718],[-74.337825213724614,4.7894296787123531],[-74.338142126436395,4.7896810927347557],[-74.338470343226703,4.789932181257738],[-74.338745851469483,4.7901329755721402],[-74.338883007093756,4.7902345480464383],[-74.338914341715679,4.7902556116121255],[-74.338896677706515,4.790299614211464],[-74.339105456620402,4.7903840789019236],[-74.339140197743319,4.7904074326414356],[-74.339339551765292,4.7905546662923495],[-74.339599301301433,4.7907711729954716],[-74.339770690974305,4.7909603295699137],[-74.339725772263279,4.7910070464872474],[-74.339780380703218,4.791067315007524],[-74.339825299414045,4.7910205980866678],[-74.339870332401716,4.7910703008523567],[-74.339943658323293,4.7911733082821506],[-74.339944165290305,4.7911742539819464],[-74.339921000044313,4.7912210746955397],[-74.339986734340329,4.791253801284129],[-74.340019793693926,4.7913155791866169],[-74.340036199050189,4.7913608419808256],[-74.340063731293895,4.7914616785766562],[-74.340186652030823,4.7919130381803594],[-74.340247884839599,4.7921634686553807],[-74.340215487933406,4.7921794835388916],[-74.340235258459998,4.7922603453830392],[-74.34026765536936,4.7922443304984501],[-74.340268341532095,4.7922471353629277],[-74.340303884587954,4.7923636312816162],[-74.340316253820177,4.7923865034232405],[-74.340317356365304,4.792389094713589],[-74.340337858750942,4.7924318727230162],[-74.340358218358503,4.7924737247867819],[-74.340379416721191,4.7925166671089832],[-74.340403326050435,4.7925581506615442],[-74.340426800394681,4.7925983376190233],[-74.340450967289712,4.7926391645511313],[-74.340477420082308,4.792679601755248],[-74.340504510017269,4.7927172191161675],[-74.340530982554412,4.7927574121501042],[-74.340562366723702,4.7927944617662366],[-74.340591514932001,4.7928304632571805],[-74.340622258710113,4.7928665256247296],[-74.340647105368774,4.7928933664353552],[-74.340598851654974,4.792974050075717],[-74.340758768894474,4.7930601372262069],[-74.340744302920299,4.7931127186016305],[-74.340934436204336,4.7931653658429347],[-74.341042187019895,4.7932317882972431],[-74.34144827590859,4.793514604078549],[-74.342164945661054,4.7940526455922221],[-74.342230438941087,4.7941093015280538],[-74.342285987802839,4.794161901018942],[-74.3426711039548,4.7945919978491149],[-74.342876779863133,4.7948348301047048],[-74.34306158743891,4.7950539326197834],[-74.343304060423506,4.7953434482887491],[-74.343471301174887,4.7955443449806907],[-74.343572003487566,4.7956670639964392],[-74.343737236906165,4.7958749877768456],[-74.34376213574896,4.7959009765917013],[-74.34384882434037,4.7960096663429965],[-74.343878353084563,4.7960498507996983],[-74.343993956334515,4.7961957410462874],[-74.344092209381174,4.7963201628136582],[-74.3440493817358,4.7963522675757115],[-74.344098737383234,4.7964171785955019],[-74.344141878518997,4.7963845257044522],[-74.344235076131341,4.7964991269550676],[-74.34429518569155,4.7964378120885174],[-74.344369253113086,4.7964831914871731],[-74.34449222549442,4.796630549144286],[-74.34452202364794,4.796612239966116],[-74.34453132610922,4.7966250918047191],[-74.34458279299426,4.796685353877459],[-74.344707246274623,4.7968204685492211],[-74.344811053419619,4.7969474526099063],[-74.344824580593055,4.7969385273378711],[-74.344884069920823,4.7970022894880557],[-74.344974604110504,4.7971102794531859],[-74.345041796899267,4.797182549806398],[-74.345083373047942,4.7972284120806332],[-74.345162439538797,4.7973096303002967],[-74.345197043244994,4.7973490621362984],[-74.345278888631952,4.7974411326137778],[-74.34531291223162,4.7974631081375465],[-74.345418875156128,4.7975975914786355],[-74.345503772045191,4.7977198606016884],[-74.34560134770679,4.7978766453345436],[-74.345738236469657,4.798202543300099],[-74.345761495622654,4.7982951747765377],[-74.345782751164435,4.7984093319987497],[-74.345804424088143,4.7984888744098262],[-74.345832601646947,4.7986371760333872],[-74.3458894036701,4.7989215946121142],[-74.345917287025799,4.7990527897752315],[-74.345930222529276,4.79911911480567],[-74.34597106021117,4.7992724637417865],[-74.345961772631313,4.7992770973899859],[-74.345930319015167,4.7992899227292165],[-74.345962633851158,4.7993817729368891],[-74.346094708997583,4.799764273476641],[-74.346117783461423,4.7998038725630403],[-74.346147574992017,4.7998467787283712],[-74.346168716428039,4.7998763047156938],[-74.346332566490361,4.8000919871469092],[-74.346547156647503,4.8003705252322071],[-74.346623160158359,4.8004690997012416],[-74.346658154591793,4.8005158199174556],[-74.346887031542664,4.8008137493910601],[-74.347104287769923,4.8011107419932344],[-74.347196313035454,4.801239575937144],[-74.347251785160154,4.8013215573729902],[-74.347384072268653,4.8015042270951609],[-74.347677861688851,4.8019129701242091],[-74.347957978353605,4.8023035692053195],[-74.348391766480702,4.8029024930659077],[-74.348440254199446,4.8029678363082713],[-74.348492375897507,4.8030360356775486],[-74.348498003366998,4.803042173610196],[-74.348504621520789,4.8030460051950481],[-74.348533167685062,4.8030618732872341],[-74.348564221016176,4.8030806160424104],[-74.348631982355315,4.8031246373589855],[-74.348664136671445,4.8031464452342902],[-74.348844474935277,4.8032914135153533],[-74.349357522321469,4.8037140488556869],[-74.349421194955639,4.8037675849069608],[-74.349682132655062,4.8039817536817839],[-74.349919806090526,4.8041783250036234],[-74.35021360362596,4.8044192656635714],[-74.350424125600355,4.804593077484852],[-74.350458446164282,4.8046215228344087],[-74.350567258122013,4.8047086895359641],[-74.350589559186588,4.8047291990717778],[-74.351361127105406,4.8053729487921268],[-74.35127839538815,4.8054723423897512],[-74.351340704772028,4.8055244644705581],[-74.351423438235869,4.8054249388378221],[-74.351667268854627,4.8056242000037166],[-74.351848846181753,4.8057761751984733],[-74.351942841814591,4.8058510853731873],[-74.351881779975287,4.8059206954855629],[-74.3520090608787,4.8060271015220817],[-74.35201020126425,4.8060880451489876],[-74.352075062948785,4.806142857310828],[-74.352196084037146,4.8060641818783747],[-74.352284907144593,4.8061389385463329],[-74.352477711510858,4.8063000695423419],[-74.352821117406776,4.8065848291862041],[-74.353129256784314,4.8068424197829387],[-74.353322863309643,4.8070022389614007],[-74.353512313093773,4.8071592654898785],[-74.353755932201281,4.8073630582422497],[-74.354033666192592,4.8075983155734274],[-74.354370035131453,4.8078883492483762],[-74.354732148431097,4.808201415514552],[-74.354847298556891,4.808299312865131],[-74.354844026719292,4.8082959637832916],[-74.354841377579362,4.8082920989997291],[-74.354839432315302,4.8082878351355189],[-74.354838248671129,4.8082832978641532],[-74.354837860957787,4.8082786246245872],[-74.354838280950474,4.8082739546734627],[-74.354839496986244,4.8082694263726653],[-74.354841473062052,4.8082651762854498],[-74.354844147929683,4.8082613301337718],[-74.354994203558249,4.8080812473903203],[-74.355000714086032,4.8080750919148771],[-74.355008157195044,4.8080701125476049],[-74.355016324705701,4.8080664495389858],[-74.35499509413134,4.8080498987319826],[-74.3550329782706,4.8080443472089662],[-74.355021250190845,4.8079638136507086],[-74.354824800394979,4.807992655638273],[-74.353766877701204,4.807112489864779],[-74.353835781969991,4.8070291474005558],[-74.353716022910746,4.8069241493875445],[-74.353692369373078,4.8069033203922062],[-74.353329185996316,4.8066208625159863],[-74.353260835710941,4.8067054906149771],[-74.353116417855588,4.8065946046484838],[-74.353102282403484,4.806584006596788],[-74.353088213696438,4.8065735007558867],[-74.353074135987612,4.8065630256643832],[-74.353056537968016,4.8065499747538922],[-74.353021352786712,4.8065239687823738],[-74.352938630692918,4.8064629333396853],[-74.352842649309039,4.8063821335367081],[-74.352655304569694,4.8062537829627772],[-74.352631998639438,4.8062364317068083],[-74.352621576511609,4.8062286354611405],[-74.352611228316263,4.8062208717401251],[-74.352486149184017,4.8061248245439021],[-74.352363081100208,4.8060262065040833],[-74.35234972438316,4.8060152500202822],[-74.352336315346733,4.8060042049363894],[-74.352322911706452,4.8059931272953396],[-74.352309508054262,4.8059820189079998],[-74.352292760689835,4.8059681049351886],[-74.352276000690537,4.8059541529866143],[-74.352203680007904,4.8058938945648881],[-74.352241285663197,4.8058549567276616],[-74.352301487671113,4.8057678379641171],[-74.352337384948044,4.8057263687836205],[-74.352270069802557,4.8056632326901774],[-74.352129134028715,4.8058098106551732]]},"properties":{"FID":1,"Entity":"LWPolyline","Handle":"1905","Layer":"0","LyrFrzn":0,"LyrOn":1,"Color":7,"Linetype":"Continuous","Elevation":0,"LineWt":25,"RefName":" ","DocUpdate":1742860800000,"DocId":1.4953231018599999e+19,"GlobalWidt":0,"Shape_Leng":73647.318037200006,"InLine_FID":2,"MaxSimpTol":0.001,"MinSimpTol":0.001}},{"type":"Feature","id":2,"geometry":{"type":"LineString","coordinates":[[-74.139022674147284,4.6752212769168491],[-74.138942690279322,4.6751446401613288],[-74.138872593937776,4.6750716803535584],[-74.13892141856256,4.6750274716608562],[-74.138911778524587,4.6750090191837623],[-74.138968167826405,4.6749559476001732],[-74.13898473797282,4.6749751265326118],[-74.139050377700968,4.6750409752377395],[-74.139085110050246,4.6750834891606763],[-74.139086067941406,4.6751020310206597],[-74.13906982150678,4.6751362379223211],[-74.139048477716798,4.6751746014738211],[-74.139022674147284,4.6752212769168491]]},"properties":{"FID":2,"Entity":"LWPolyline","Handle":" ","Layer":"_LINEA_DE_OBRA_CIVIL","LyrFrzn":0,"LyrOn":0,"Color":1,"Linetype":"HIDDEN","Elevation":0,"LineWt":20,"RefName":" ","DocUpdate":null,"DocId":0,"GlobalWidt":0,"Shape_Leng":77.844428068499994,"InLine_FID":3,"MaxSimpTol":0.001,"MinSimpTol":0.001}},{"type":"Feature","id":3,"geometry":{"type":"LineString","coordinates":[]},"properties":{"FID":3,"Entity":" ","Handle":" ","Layer":" ","LyrFrzn":0,"LyrOn":0,"Color":0,"Linetype":" ","Elevation":0,"LineWt":0,"RefName":" ","DocUpdate":-2209161600000,"DocId":0,"GlobalWidt":0,"Shape_Leng":0,"InLine_FID":0,"MaxSimpTol":0,"MinSimpTol":0}}]}