{"type":"FeatureCollection","features":[{"type":"Feature","id":0,"geometry":{"type":"Point","coordinates":[-74.057870457155971,4.6565716189373543]},"properties":{"FID":0,"fid_1":0,"cngmetros":0,"text":"0+000","angle":145.18649674700001,"Id":0}},{"type":"Feature","id":1,"geometry":{"type":"Point","coordinates":[-74.057944416655516,4.6566232352447505]},"properties":{"FID":1,"fid_1":0,"cngmetros":10,"text":"0+010","angle":145.18649674,"Id":0}},{"type":"Feature","id":2,"geometry":{"type":"Point","coordinates":[-74.058018376165904,4.6566748515445049]},"properties":{"FID":2,"fid_1":0,"cngmetros":20,"text":"0+020","angle":145.186496742,"Id":0}},{"type":"Feature","id":3,"geometry":{"type":"Point","coordinates":[-74.058092335687164,4.6567264678366058]},"properties":{"FID":3,"fid_1":0,"cngmetros":30,"text":"0+030","angle":145.18649674700001,"Id":0}},{"type":"Feature","id":4,"geometry":{"type":"Point","coordinates":[-74.05816629521928,4.6567780841210604]},"properties":{"FID":4,"fid_1":0,"cngmetros":40,"text":"0+040","angle":145.18649674700001,"Id":0}},{"type":"Feature","id":5,"geometry":{"type":"Point","coordinates":[-74.058240254762254,4.6568297003978749]},"properties":{"FID":5,"fid_1":0,"cngmetros":50,"text":"0+050","angle":145.186496742,"Id":0}},{"type":"Feature","id":6,"geometry":{"type":"Point","coordinates":[-74.05831421431607,4.6568813166670324]},"properties":{"FID":6,"fid_1":0,"cngmetros":60,"text":"0+060","angle":145.18649674700001,"Id":0}},{"type":"Feature","id":7,"geometry":{"type":"Point","coordinates":[-74.058388173880772,4.6569329329285587]},"properties":{"FID":7,"fid_1":0,"cngmetros":70,"text":"0+070","angle":145.18649674700001,"Id":0}},{"type":"Feature","id":8,"geometry":{"type":"Point","coordinates":[-74.058462133456331,4.65698454918242]},"properties":{"FID":8,"fid_1":0,"cngmetros":80,"text":"0+080","angle":145.186496742,"Id":0}},{"type":"Feature","id":9,"geometry":{"type":"Point","coordinates":[-74.058536093042733,4.6570361654286403]},"properties":{"FID":9,"fid_1":0,"cngmetros":90,"text":"0+090","angle":145.18649674700001,"Id":0}},{"type":"Feature","id":10,"geometry":{"type":"Point","coordinates":[-74.058610052639992,4.6570877816672152]},"properties":{"FID":10,"fid_1":0,"cngmetros":100,"text":"0+100","angle":145.18649674,"Id":0}},{"type":"Feature","id":11,"geometry":{"type":"Point","coordinates":[-74.058684012248122,4.6571393978981401]},"properties":{"FID":11,"fid_1":0,"cngmetros":110,"text":"0+110","angle":145.186496742,"Id":0}},{"type":"Feature","id":12,"geometry":{"type":"Point","coordinates":[-74.058757971867095,4.6571910141214055]},"properties":{"FID":12,"fid_1":0,"cngmetros":120,"text":"0+120","angle":145.18649674700001,"Id":0}},{"type":"Feature","id":13,"geometry":{"type":"Point","coordinates":[-74.05883193149694,4.6572426303370369]},"properties":{"FID":13,"fid_1":0,"cngmetros":130,"text":"0+130","angle":145.186496742,"Id":0}},{"type":"Feature","id":14,"geometry":{"type":"Point","coordinates":[-74.058905891137655,4.6572942465450131]},"properties":{"FID":14,"fid_1":0,"cngmetros":140,"text":"0+140","angle":145.18649674700001,"Id":0}},{"type":"Feature","id":15,"geometry":{"type":"Point","coordinates":[-74.058979850789214,4.6573458627453403]},"properties":{"FID":15,"fid_1":0,"cngmetros":150,"text":"0+150","angle":145.18649674700001,"Id":0}},{"type":"Feature","id":16,"geometry":{"type":"Point","coordinates":[-74.05905381045163,4.6573974789380204]},"properties":{"FID":16,"fid_1":0,"cngmetros":160,"text":"0+160","angle":145.186496742,"Id":0}},{"type":"Feature","id":17,"geometry":{"type":"Point","coordinates":[-74.059127770124917,4.6574490951230461]},"properties":{"FID":17,"fid_1":0,"cngmetros":170,"text":"0+170","angle":145.18649674,"Id":0}},{"type":"Feature","id":18,"geometry":{"type":"Point","coordinates":[-74.059201729809047,4.6575007113004245]},"properties":{"FID":18,"fid_1":0,"cngmetros":180,"text":"0+180","angle":145.18649674700001,"Id":0}},{"type":"Feature","id":19,"geometry":{"type":"Point","coordinates":[-74.059275689504048,4.6575523274701522]},"properties":{"FID":19,"fid_1":0,"cngmetros":190,"text":"0+190","angle":145.18649673499999,"Id":0}},{"type":"Feature","id":20,"geometry":{"type":"Point","coordinates":[-74.059349649209906,4.6576039436322256]},"properties":{"FID":20,"fid_1":0,"cngmetros":200,"text":"0+200","angle":145.18649674700001,"Id":0}},{"type":"Feature","id":21,"geometry":{"type":"Point","coordinates":[-74.059423608926608,4.65765555978665]},"properties":{"FID":21,"fid_1":0,"cngmetros":210,"text":"0+210","angle":145.18649674700001,"Id":0}},{"type":"Feature","id":22,"geometry":{"type":"Point","coordinates":[-74.059497568654194,4.6577071759334201]},"properties":{"FID":22,"fid_1":0,"cngmetros":220,"text":"0+220","angle":145.186496742,"Id":0}},{"type":"Feature","id":23,"geometry":{"type":"Point","coordinates":[-74.059571528392624,4.6577587920725456]},"properties":{"FID":23,"fid_1":0,"cngmetros":230,"text":"0+230","angle":145.18649674700001,"Id":0}},{"type":"Feature","id":24,"geometry":{"type":"Point","coordinates":[-74.059645488141925,4.6578104082040097]},"properties":{"FID":24,"fid_1":0,"cngmetros":240,"text":"0+240","angle":145.18649674700001,"Id":0}},{"type":"Feature","id":25,"geometry":{"type":"Point","coordinates":[-74.059719447902069,4.6578620243278266]},"properties":{"FID":25,"fid_1":0,"cngmetros":250,"text":"0+250","angle":145.186496742,"Id":0}},{"type":"Feature","id":26,"geometry":{"type":"Point","coordinates":[-74.059793407673084,4.6579136404439945]},"properties":{"FID":26,"fid_1":0,"cngmetros":260,"text":"0+260","angle":145.18649674,"Id":0}},{"type":"Feature","id":27,"geometry":{"type":"Point","coordinates":[-74.059867367454956,4.6579652565525098]},"properties":{"FID":27,"fid_1":0,"cngmetros":270,"text":"0+270","angle":145.18649674700001,"Id":0}},{"type":"Feature","id":28,"geometry":{"type":"Point","coordinates":[-74.059941327247685,4.6580168726533646]},"properties":{"FID":28,"fid_1":0,"cngmetros":280,"text":"0+280","angle":145.186496742,"Id":0}},{"type":"Feature","id":29,"geometry":{"type":"Point","coordinates":[-74.060015287051272,4.6580684887465722]},"properties":{"FID":29,"fid_1":0,"cngmetros":290,"text":"0+290","angle":145.18649674700001,"Id":0}},{"type":"Feature","id":30,"geometry":{"type":"Point","coordinates":[-74.060089246865729,4.6581201048321272]},"properties":{"FID":30,"fid_1":0,"cngmetros":300,"text":"0+300","angle":145.18649674700001,"Id":0}},{"type":"Feature","id":31,"geometry":{"type":"Point","coordinates":[-74.06016320669103,4.6581717209100253]},"properties":{"FID":31,"fid_1":0,"cngmetros":310,"text":"0+310","angle":145.186496742,"Id":0}},{"type":"Feature","id":32,"geometry":{"type":"Point","coordinates":[-74.060237166527202,4.6582233369802752]},"properties":{"FID":32,"fid_1":0,"cngmetros":320,"text":"0+320","angle":145.18649674700001,"Id":0}},{"type":"Feature","id":33,"geometry":{"type":"Point","coordinates":[-74.060311126374245,4.6582749530428655]},"properties":{"FID":33,"fid_1":0,"cngmetros":330,"text":"0+330","angle":145.186496742,"Id":0}},{"type":"Feature","id":34,"geometry":{"type":"Point","coordinates":[-74.060385086232131,4.6583265690977989]},"properties":{"FID":34,"fid_1":0,"cngmetros":340,"text":"0+340","angle":145.18649674700001,"Id":0}},{"type":"Feature","id":35,"geometry":{"type":"Point","coordinates":[-74.060459046100888,4.6583781851450867]},"properties":{"FID":35,"fid_1":0,"cngmetros":350,"text":"0+350","angle":145.18649674,"Id":0}},{"type":"Feature","id":36,"geometry":{"type":"Point","coordinates":[-74.060533005980488,4.6584298011847114]},"properties":{"FID":36,"fid_1":0,"cngmetros":360,"text":"0+360","angle":145.186496742,"Id":0}},{"type":"Feature","id":37,"geometry":{"type":"Point","coordinates":[-74.060606965870974,4.6584814172166844]},"properties":{"FID":37,"fid_1":0,"cngmetros":370,"text":"0+370","angle":145.18649674700001,"Id":0}},{"type":"Feature","id":38,"geometry":{"type":"Point","coordinates":[-74.060680925772303,4.6585330332409987]},"properties":{"FID":38,"fid_1":0,"cngmetros":380,"text":"0+380","angle":145.18649674700001,"Id":0}},{"type":"Feature","id":39,"geometry":{"type":"Point","coordinates":[-74.060754885684503,4.6585846492576497]},"properties":{"FID":39,"fid_1":0,"cngmetros":390,"text":"0+390","angle":145.186496742,"Id":0}},{"type":"Feature","id":40,"geometry":{"type":"Point","coordinates":[-74.060828845607546,4.6586362652666606]},"properties":{"FID":40,"fid_1":0,"cngmetros":400,"text":"0+400","angle":145.18649674700001,"Id":0}},{"type":"Feature","id":41,"geometry":{"type":"Point","coordinates":[-74.060902805541446,4.6586878812680119]},"properties":{"FID":41,"fid_1":0,"cngmetros":410,"text":"0+410","angle":145.18649674700001,"Id":0}},{"type":"Feature","id":42,"geometry":{"type":"Point","coordinates":[-74.060976765486231,4.6587394972616982]},"properties":{"FID":42,"fid_1":0,"cngmetros":420,"text":"0+420","angle":145.186496742,"Id":0}},{"type":"Feature","id":43,"geometry":{"type":"Point","coordinates":[-74.061050725441874,4.6587911132477355]},"properties":{"FID":43,"fid_1":0,"cngmetros":430,"text":"0+430","angle":145.18649674700001,"Id":0}},{"type":"Feature","id":44,"geometry":{"type":"Point","coordinates":[-74.061124685408359,4.6588427292261132]},"properties":{"FID":44,"fid_1":0,"cngmetros":440,"text":"0+440","angle":145.18649674,"Id":0}},{"type":"Feature","id":45,"geometry":{"type":"Point","coordinates":[-74.061198645385716,4.6588943451968365]},"properties":{"FID":45,"fid_1":0,"cngmetros":450,"text":"0+450","angle":145.186496742,"Id":0}},{"type":"Feature","id":46,"geometry":{"type":"Point","coordinates":[-74.061272605373929,4.6589459611598922]},"properties":{"FID":46,"fid_1":0,"cngmetros":460,"text":"0+460","angle":145.18649674700001,"Id":0}},{"type":"Feature","id":47,"geometry":{"type":"Point","coordinates":[-74.061346565373015,4.658997577115306]},"properties":{"FID":47,"fid_1":0,"cngmetros":470,"text":"0+470","angle":145.18649674700001,"Id":0}},{"type":"Feature","id":48,"geometry":{"type":"Point","coordinates":[-74.061420525382943,4.659049193063046]},"properties":{"FID":48,"fid_1":0,"cngmetros":480,"text":"0+480","angle":145.186496742,"Id":0}},{"type":"Feature","id":49,"geometry":{"type":"Point","coordinates":[-74.061494485403742,4.6591008090031361]},"properties":{"FID":49,"fid_1":0,"cngmetros":490,"text":"0+490","angle":145.18649674700001,"Id":0}},{"type":"Feature","id":50,"geometry":{"type":"Point","coordinates":[-74.061568445435398,4.6591524249355674]},"properties":{"FID":50,"fid_1":0,"cngmetros":500,"text":"0+500","angle":144.372944902,"Id":0}},{"type":"Feature","id":51,"geometry":{"type":"Point","coordinates":[-74.061640547445876,4.6592066229255007]},"properties":{"FID":51,"fid_1":0,"cngmetros":510,"text":"0+510","angle":144.37294489499999,"Id":0}},{"type":"Feature","id":52,"geometry":{"type":"Point","coordinates":[-74.061712649293952,4.6592608211492559]},"properties":{"FID":52,"fid_1":0,"cngmetros":520,"text":"0+520","angle":142.182182751,"Id":0}},{"type":"Feature","id":53,"geometry":{"type":"Point","coordinates":[-74.061784743975124,4.6593150284667448]},"properties":{"FID":53,"fid_1":0,"cngmetros":530,"text":"0+530","angle":142.18218274399999,"Id":0}},{"type":"Feature","id":54,"geometry":{"type":"Point","coordinates":[-74.061853884899989,4.6593729808617441]},"properties":{"FID":54,"fid_1":0,"cngmetros":540,"text":"0+540","angle":139.99142058699999,"Id":0}},{"type":"Feature","id":55,"geometry":{"type":"Point","coordinates":[-74.061923025836208,4.6594309332500625]},"properties":{"FID":55,"fid_1":0,"cngmetros":550,"text":"0+550","angle":139.99142058699999,"Id":0}},{"type":"Feature","id":56,"geometry":{"type":"Point","coordinates":[-74.061992164472912,4.6594888882623664]},"properties":{"FID":56,"fid_1":0,"cngmetros":560,"text":"0+560","angle":137.80065844000001,"Id":0}},{"type":"Feature","id":57,"geometry":{"type":"Point","coordinates":[-74.062058148265535,4.659550434728791]},"properties":{"FID":57,"fid_1":0,"cngmetros":570,"text":"0+570","angle":137.800658435,"Id":0}},{"type":"Feature","id":58,"geometry":{"type":"Point","coordinates":[-74.062124132069627,4.6596119811891219]},"properties":{"FID":58,"fid_1":0,"cngmetros":580,"text":"0+580","angle":135.60989628499999,"Id":0}},{"type":"Feature","id":59,"geometry":{"type":"Point","coordinates":[-74.06219011588523,4.6596735276433732]},"properties":{"FID":59,"fid_1":0,"cngmetros":590,"text":"0+590","angle":135.60989629100001,"Id":0}},{"type":"Feature","id":60,"geometry":{"type":"Point","coordinates":[-74.0622527628162,4.659738489683324]},"properties":{"FID":60,"fid_1":0,"cngmetros":600,"text":"0+600","angle":133.41913412900001,"Id":0}},{"type":"Feature","id":61,"geometry":{"type":"Point","coordinates":[-74.062315406551036,4.6598034550010654]},"properties":{"FID":61,"fid_1":0,"cngmetros":610,"text":"0+610","angle":133.41913412900001,"Id":0}},{"type":"Feature","id":62,"geometry":{"type":"Point","coordinates":[-74.062378048894004,4.6598684216569204]},"properties":{"FID":62,"fid_1":0,"cngmetros":620,"text":"0+620","angle":133.27990030699999,"Id":0}},{"type":"Feature","id":63,"geometry":{"type":"Point","coordinates":[-74.062439791482063,4.6599342497701546]},"properties":{"FID":63,"fid_1":0,"cngmetros":630,"text":"0+630","angle":133.268654575,"Id":0}},{"type":"Feature","id":64,"geometry":{"type":"Point","coordinates":[-74.062501534081576,4.6600000778780455]},"properties":{"FID":64,"fid_1":0,"cngmetros":640,"text":"0+640","angle":133.268654564,"Id":0}},{"type":"Feature","id":65,"geometry":{"type":"Point","coordinates":[-74.062563276692586,4.6600659059805993]},"properties":{"FID":65,"fid_1":0,"cngmetros":650,"text":"0+650","angle":133.26865457,"Id":0}},{"type":"Feature","id":66,"geometry":{"type":"Point","coordinates":[-74.062625019315064,4.6601317340778063]},"properties":{"FID":66,"fid_1":0,"cngmetros":660,"text":"0+660","angle":133.26865456900001,"Id":0}},{"type":"Feature","id":67,"geometry":{"type":"Point","coordinates":[-74.062686761949024,4.6601975621696869]},"properties":{"FID":67,"fid_1":0,"cngmetros":670,"text":"0+670","angle":133.268654564,"Id":0}},{"type":"Feature","id":68,"geometry":{"type":"Point","coordinates":[-74.062748504594438,4.6602633902562198]},"properties":{"FID":68,"fid_1":0,"cngmetros":680,"text":"0+680","angle":133.26865457,"Id":0}},{"type":"Feature","id":69,"geometry":{"type":"Point","coordinates":[-74.062810247251349,4.6603292183374148]},"properties":{"FID":69,"fid_1":0,"cngmetros":690,"text":"0+690","angle":133.26865456900001,"Id":0}},{"type":"Feature","id":70,"geometry":{"type":"Point","coordinates":[-74.062871989919714,4.6603950464132744]},"properties":{"FID":70,"fid_1":0,"cngmetros":700,"text":"0+700","angle":133.26865457,"Id":0}},{"type":"Feature","id":71,"geometry":{"type":"Point","coordinates":[-74.062933732599575,4.6604608744837952]},"properties":{"FID":71,"fid_1":0,"cngmetros":710,"text":"0+710","angle":133.26865456900001,"Id":0}},{"type":"Feature","id":72,"geometry":{"type":"Point","coordinates":[-74.062995475290919,4.6605267025489701]},"properties":{"FID":72,"fid_1":0,"cngmetros":720,"text":"0+720","angle":133.268654564,"Id":0}},{"type":"Feature","id":73,"geometry":{"type":"Point","coordinates":[-74.063057217993716,4.6605925306088052]},"properties":{"FID":73,"fid_1":0,"cngmetros":730,"text":"0+730","angle":133.26865457,"Id":0}},{"type":"Feature","id":74,"geometry":{"type":"Point","coordinates":[-74.063118960707996,4.6606583586632997]},"properties":{"FID":74,"fid_1":0,"cngmetros":740,"text":"0+740","angle":133.26865456900001,"Id":0}},{"type":"Feature","id":75,"geometry":{"type":"Point","coordinates":[-74.063180703433758,4.6607241867124536]},"properties":{"FID":75,"fid_1":0,"cngmetros":750,"text":"0+750","angle":133.26865457,"Id":0}},{"type":"Feature","id":76,"geometry":{"type":"Point","coordinates":[-74.063242446171003,4.6607900147562749]},"properties":{"FID":76,"fid_1":0,"cngmetros":760,"text":"0+760","angle":133.268654564,"Id":0}},{"type":"Feature","id":77,"geometry":{"type":"Point","coordinates":[-74.063304188919716,4.660855842794744]},"properties":{"FID":77,"fid_1":0,"cngmetros":770,"text":"0+770","angle":133.26865456900001,"Id":0}},{"type":"Feature","id":78,"geometry":{"type":"Point","coordinates":[-74.063365931679897,4.6609216708278813]},"properties":{"FID":78,"fid_1":0,"cngmetros":780,"text":"0+780","angle":133.26865457,"Id":0}},{"type":"Feature","id":79,"geometry":{"type":"Point","coordinates":[-74.063427674451574,4.6609874988556701]},"properties":{"FID":79,"fid_1":0,"cngmetros":790,"text":"0+790","angle":133.26865456900001,"Id":0}},{"type":"Feature","id":80,"geometry":{"type":"Point","coordinates":[-74.06348941723472,4.66105332687812]},"properties":{"FID":80,"fid_1":0,"cngmetros":800,"text":"0+800","angle":133.268654575,"Id":0}},{"type":"Feature","id":81,"geometry":{"type":"Point","coordinates":[-74.063551160029348,4.6611191548952187]},"properties":{"FID":81,"fid_1":0,"cngmetros":810,"text":"0+810","angle":133.268654564,"Id":0}},{"type":"Feature","id":82,"geometry":{"type":"Point","coordinates":[-74.063612902835445,4.6611849829069891]},"properties":{"FID":82,"fid_1":0,"cngmetros":820,"text":"0+820","angle":133.26865456900001,"Id":0}},{"type":"Feature","id":83,"geometry":{"type":"Point","coordinates":[-74.063674645653023,4.6612508109134074]},"properties":{"FID":83,"fid_1":0,"cngmetros":830,"text":"0+830","angle":133.26865457,"Id":0}},{"type":"Feature","id":84,"geometry":{"type":"Point","coordinates":[-74.063736388482099,4.6613166389144824]},"properties":{"FID":84,"fid_1":0,"cngmetros":840,"text":"0+840","angle":133.268654564,"Id":0}},{"type":"Feature","id":85,"geometry":{"type":"Point","coordinates":[-74.063798131322628,4.6613824669102248]},"properties":{"FID":85,"fid_1":0,"cngmetros":850,"text":"0+850","angle":133.268654575,"Id":0}},{"type":"Feature","id":86,"geometry":{"type":"Point","coordinates":[-74.063859874174639,4.6614482949006169]},"properties":{"FID":86,"fid_1":0,"cngmetros":860,"text":"0+860","angle":133.268654564,"Id":0}},{"type":"Feature","id":87,"geometry":{"type":"Point","coordinates":[-74.063921617038133,4.6615141228856602]},"properties":{"FID":87,"fid_1":0,"cngmetros":870,"text":"0+870","angle":133.268654564,"Id":0}},{"type":"Feature","id":88,"geometry":{"type":"Point","coordinates":[-74.063983359913109,4.6615799508653613]},"properties":{"FID":88,"fid_1":0,"cngmetros":880,"text":"0+880","angle":133.268654575,"Id":0}},{"type":"Feature","id":89,"geometry":{"type":"Point","coordinates":[-74.064045102799568,4.6616457788397261]},"properties":{"FID":89,"fid_1":0,"cngmetros":890,"text":"0+890","angle":133.268654564,"Id":0}},{"type":"Feature","id":90,"geometry":{"type":"Point","coordinates":[-74.064106845697509,4.6617116068087414]},"properties":{"FID":90,"fid_1":0,"cngmetros":900,"text":"0+900","angle":133.268654575,"Id":0}},{"type":"Feature","id":91,"geometry":{"type":"Point","coordinates":[-74.064168588606918,4.6617774347724188]},"properties":{"FID":91,"fid_1":0,"cngmetros":910,"text":"0+910","angle":133.26865456900001,"Id":0}},{"type":"Feature","id":92,"geometry":{"type":"Point","coordinates":[-74.06423033152781,4.6618432627307396]},"properties":{"FID":92,"fid_1":0,"cngmetros":920,"text":"0+920","angle":133.26865457,"Id":0}},{"type":"Feature","id":93,"geometry":{"type":"Point","coordinates":[-74.064292074460184,4.6619090906837295]},"properties":{"FID":93,"fid_1":0,"cngmetros":930,"text":"0+930","angle":133.268654575,"Id":0}},{"type":"Feature","id":94,"geometry":{"type":"Point","coordinates":[-74.064353818377896,4.6619749177076253]},"properties":{"FID":94,"fid_1":0,"cngmetros":940,"text":"0+940","angle":133.52590828000001,"Id":0}},{"type":"Feature","id":95,"geometry":{"type":"Point","coordinates":[-74.064415855281325,4.6620404668334583]},"properties":{"FID":95,"fid_1":0,"cngmetros":950,"text":"0+950","angle":133.52590827399999,"Id":0}},{"type":"Feature","id":96,"geometry":{"type":"Point","coordinates":[-74.064477896924728,4.6621060113410815]},"properties":{"FID":96,"fid_1":0,"cngmetros":960,"text":"0+960","angle":134.54573075299999,"Id":0}},{"type":"Feature","id":97,"geometry":{"type":"Point","coordinates":[-74.064541456171924,4.6621700753732362]},"properties":{"FID":97,"fid_1":0,"cngmetros":970,"text":"0+970","angle":134.54573075299999,"Id":0}},{"type":"Feature","id":98,"geometry":{"type":"Point","coordinates":[-74.064605015430629,4.6622341393997226]},"properties":{"FID":98,"fid_1":0,"cngmetros":980,"text":"0+980","angle":134.54573074699999,"Id":0}},{"type":"Feature","id":99,"geometry":{"type":"Point","coordinates":[-74.064668608732461,4.6622981679452691]},"properties":{"FID":99,"fid_1":0,"cngmetros":990,"text":"0+990","angle":136.329561168,"Id":0}},{"type":"Feature","id":100,"geometry":{"type":"Point","coordinates":[-74.064734837461685,4.6623594492712979]},"properties":{"FID":100,"fid_1":0,"cngmetros":1000,"text":"1+000","angle":136.329561168,"Id":0}},{"type":"Feature","id":101,"geometry":{"type":"Point","coordinates":[-74.064801066202421,4.6624207305911831]},"properties":{"FID":101,"fid_1":0,"cngmetros":1010,"text":"1+010","angle":138.113391587,"Id":0}},{"type":"Feature","id":102,"geometry":{"type":"Point","coordinates":[-74.064867331115181,4.6624819708306537]},"properties":{"FID":102,"fid_1":0,"cngmetros":1020,"text":"1+020","angle":138.11339157500001,"Id":0}},{"type":"Feature","id":103,"geometry":{"type":"Point","coordinates":[-74.064936114127988,4.6625403508027121]},"properties":{"FID":103,"fid_1":0,"cngmetros":1030,"text":"1+030","angle":139.897222003,"Id":0}},{"type":"Feature","id":104,"geometry":{"type":"Point","coordinates":[-74.06500489715215,4.6625987307681402]},"properties":{"FID":104,"fid_1":0,"cngmetros":1040,"text":"1+040","angle":139.897222003,"Id":0}},{"type":"Feature","id":105,"geometry":{"type":"Point","coordinates":[-74.065073704625121,4.6626570804473033]},"properties":{"FID":105,"fid_1":0,"cngmetros":1050,"text":"1+050","angle":141.681052408,"Id":0}},{"type":"Feature","id":106,"geometry":{"type":"Point","coordinates":[-74.065144919033926,4.6627124477734787]},"properties":{"FID":106,"fid_1":0,"cngmetros":1060,"text":"1+060","angle":141.681052408,"Id":0}},{"type":"Feature","id":107,"geometry":{"type":"Point","coordinates":[-74.065216133453944,4.6627678150925336]},"properties":{"FID":107,"fid_1":0,"cngmetros":1070,"text":"1+070","angle":143.46488282600001,"Id":0}},{"type":"Feature","id":108,"geometry":{"type":"Point","coordinates":[-74.065287355203481,4.6628231724962017]},"properties":{"FID":108,"fid_1":0,"cngmetros":1080,"text":"1+080","angle":143.46488282799999,"Id":0}},{"type":"Feature","id":109,"geometry":{"type":"Point","coordinates":[-74.065360871067867,4.6628754238956454]},"properties":{"FID":109,"fid_1":0,"cngmetros":1090,"text":"1+090","angle":143.46488282799999,"Id":0}},{"type":"Feature","id":110,"geometry":{"type":"Point","coordinates":[-74.065434386943181,4.662927675287504]},"properties":{"FID":110,"fid_1":0,"cngmetros":1100,"text":"1+100","angle":145.24871323900001,"Id":0}},{"type":"Feature","id":111,"geometry":{"type":"Point","coordinates":[-74.065507902829438,4.662979926671782]},"properties":{"FID":111,"fid_1":0,"cngmetros":1110,"text":"1+110","angle":145.24871324599999,"Id":0}},{"type":"Feature","id":112,"geometry":{"type":"Point","coordinates":[-74.065583575868146,4.6630289793097903]},"properties":{"FID":112,"fid_1":0,"cngmetros":1120,"text":"1+120","angle":147.03254366600001,"Id":0}},{"type":"Feature","id":113,"geometry":{"type":"Point","coordinates":[-74.065659256909143,4.6630780200891655]},"properties":{"FID":113,"fid_1":0,"cngmetros":1130,"text":"1+130","angle":147.03254367,"Id":0}},{"type":"Feature","id":114,"geometry":{"type":"Point","coordinates":[-74.065734937960741,4.6631270608604956]},"properties":{"FID":114,"fid_1":0,"cngmetros":1140,"text":"1+140","angle":148.81637406999999,"Id":0}},{"type":"Feature","id":115,"geometry":{"type":"Point","coordinates":[-74.065812626504922,4.6631728311526714]},"properties":{"FID":115,"fid_1":0,"cngmetros":1150,"text":"1+150","angle":148.81637406999999,"Id":0}},{"type":"Feature","id":116,"geometry":{"type":"Point","coordinates":[-74.065890330835046,4.6632185757354314]},"properties":{"FID":116,"fid_1":0,"cngmetros":1160,"text":"1+160","angle":150.60020448099999,"Id":0}},{"type":"Feature","id":117,"geometry":{"type":"Point","coordinates":[-74.065968035175302,4.6632643203097084]},"properties":{"FID":117,"fid_1":0,"cngmetros":1170,"text":"1+170","angle":150.60020448899999,"Id":0}},{"type":"Feature","id":118,"geometry":{"type":"Point","coordinates":[-74.066047604141943,4.6633067141861746]},"properties":{"FID":118,"fid_1":0,"cngmetros":1180,"text":"1+180","angle":152.384034912,"Id":0}},{"type":"Feature","id":119,"geometry":{"type":"Point","coordinates":[-74.066127185107376,4.6633490865093945]},"properties":{"FID":119,"fid_1":0,"cngmetros":1190,"text":"1+190","angle":152.38403490799999,"Id":0}},{"type":"Feature","id":120,"geometry":{"type":"Point","coordinates":[-74.066206768939125,4.6633914532811795]},"properties":{"FID":120,"fid_1":0,"cngmetros":1200,"text":"1+200","angle":153.274840832,"Id":0}},{"type":"Feature","id":121,"geometry":{"type":"Point","coordinates":[-74.066287227889035,4.6634321221428321]},"properties":{"FID":121,"fid_1":0,"cngmetros":1210,"text":"1+210","angle":153.27484082399999,"Id":0}},{"type":"Feature","id":122,"geometry":{"type":"Point","coordinates":[-74.066367687208597,4.6634727902750948]},"properties":{"FID":122,"fid_1":0,"cngmetros":1220,"text":"1+220","angle":153.43912077499999,"Id":0}},{"type":"Feature","id":123,"geometry":{"type":"Point","coordinates":[-74.066448266237316,4.6635132191059299]},"properties":{"FID":123,"fid_1":0,"cngmetros":1230,"text":"1+230","angle":153.43912077499999,"Id":0}},{"type":"Feature","id":124,"geometry":{"type":"Point","coordinates":[-74.066528845275371,4.6635536479276425]},"properties":{"FID":124,"fid_1":0,"cngmetros":1240,"text":"1+240","angle":153.43912077499999,"Id":0}},{"type":"Feature","id":125,"geometry":{"type":"Point","coordinates":[-74.066609424322749,4.6635940767402273]},"properties":{"FID":125,"fid_1":0,"cngmetros":1250,"text":"1+250","angle":153.43912077900001,"Id":0}},{"type":"Feature","id":126,"geometry":{"type":"Point","coordinates":[-74.066690003379449,4.6636345055436657]},"properties":{"FID":126,"fid_1":0,"cngmetros":1260,"text":"1+260","angle":153.43912077499999,"Id":0}},{"type":"Feature","id":127,"geometry":{"type":"Point","coordinates":[-74.0667705824455,4.6636749343379824]},"properties":{"FID":127,"fid_1":0,"cngmetros":1270,"text":"1+270","angle":153.43912078299999,"Id":0}},{"type":"Feature","id":128,"geometry":{"type":"Point","coordinates":[-74.066851161520887,4.6637153631231572]},"properties":{"FID":128,"fid_1":0,"cngmetros":1280,"text":"1+280","angle":153.43912078299999,"Id":0}},{"type":"Feature","id":129,"geometry":{"type":"Point","coordinates":[-74.066931740605597,4.6637557918992121]},"properties":{"FID":129,"fid_1":0,"cngmetros":1290,"text":"1+290","angle":153.43912077499999,"Id":0}},{"type":"Feature","id":130,"geometry":{"type":"Point","coordinates":[-74.067012319699643,4.6637962206661188]},"properties":{"FID":130,"fid_1":0,"cngmetros":1300,"text":"1+300","angle":153.43912077499999,"Id":0}},{"type":"Feature","id":131,"geometry":{"type":"Point","coordinates":[-74.067092898803011,4.6638366494238976]},"properties":{"FID":131,"fid_1":0,"cngmetros":1310,"text":"1+310","angle":153.43912077900001,"Id":0}},{"type":"Feature","id":132,"geometry":{"type":"Point","coordinates":[-74.067173477915716,4.6638770781725443]},"properties":{"FID":132,"fid_1":0,"cngmetros":1320,"text":"1+320","angle":153.43912077499999,"Id":0}},{"type":"Feature","id":133,"geometry":{"type":"Point","coordinates":[-74.067254057037772,4.6639175069120551]},"properties":{"FID":133,"fid_1":0,"cngmetros":1330,"text":"1+330","angle":153.43912077499999,"Id":0}},{"type":"Feature","id":134,"geometry":{"type":"Point","coordinates":[-74.067334636169136,4.6639579356424301]},"properties":{"FID":134,"fid_1":0,"cngmetros":1340,"text":"1+340","angle":153.43912077499999,"Id":0}},{"type":"Feature","id":135,"geometry":{"type":"Point","coordinates":[-74.06741521530985,4.663998364363672]},"properties":{"FID":135,"fid_1":0,"cngmetros":1350,"text":"1+350","angle":153.43912077499999,"Id":0}},{"type":"Feature","id":136,"geometry":{"type":"Point","coordinates":[-74.067495794459902,4.6640387930757798]},"properties":{"FID":136,"fid_1":0,"cngmetros":1360,"text":"1+360","angle":153.43912077499999,"Id":0}},{"type":"Feature","id":137,"geometry":{"type":"Point","coordinates":[-74.067576373619275,4.6640792217787466]},"properties":{"FID":137,"fid_1":0,"cngmetros":1370,"text":"1+370","angle":153.43912077900001,"Id":0}},{"type":"Feature","id":138,"geometry":{"type":"Point","coordinates":[-74.067656952787999,4.6641196504725926]},"properties":{"FID":138,"fid_1":0,"cngmetros":1380,"text":"1+380","angle":153.43912077499999,"Id":0}},{"type":"Feature","id":139,"geometry":{"type":"Point","coordinates":[-74.067737531966031,4.6641600791572886]},"properties":{"FID":139,"fid_1":0,"cngmetros":1390,"text":"1+390","angle":153.43912078299999,"Id":0}},{"type":"Feature","id":140,"geometry":{"type":"Point","coordinates":[-74.067818111153414,4.6642005078328577]},"properties":{"FID":140,"fid_1":0,"cngmetros":1400,"text":"1+400","angle":153.43912078299999,"Id":0}},{"type":"Feature","id":141,"geometry":{"type":"Point","coordinates":[-74.067898690350106,4.664240936499275]},"properties":{"FID":141,"fid_1":0,"cngmetros":1410,"text":"1+410","angle":153.43912077499999,"Id":0}},{"type":"Feature","id":142,"geometry":{"type":"Point","coordinates":[-74.067979269556147,4.6642813651565751]},"properties":{"FID":142,"fid_1":0,"cngmetros":1420,"text":"1+420","angle":153.43912077499999,"Id":0}},{"type":"Feature","id":143,"geometry":{"type":"Point","coordinates":[-74.068059848771526,4.6643217938047243]},"properties":{"FID":143,"fid_1":0,"cngmetros":1430,"text":"1+430","angle":153.43912077900001,"Id":0}},{"type":"Feature","id":144,"geometry":{"type":"Point","coordinates":[-74.068140427996241,4.6643622224437484]},"properties":{"FID":144,"fid_1":0,"cngmetros":1440,"text":"1+440","angle":153.43912077900001,"Id":0}},{"type":"Feature","id":145,"geometry":{"type":"Point","coordinates":[-74.068221007230278,4.6644026510736269]},"properties":{"FID":145,"fid_1":0,"cngmetros":1450,"text":"1+450","angle":153.43912077499999,"Id":0}},{"type":"Feature","id":146,"geometry":{"type":"Point","coordinates":[-74.068301586473638,4.6644430796943723]},"properties":{"FID":146,"fid_1":0,"cngmetros":1460,"text":"1+460","angle":153.43912077499999,"Id":0}},{"type":"Feature","id":147,"geometry":{"type":"Point","coordinates":[-74.068382165726348,4.6644835083059828]},"properties":{"FID":147,"fid_1":0,"cngmetros":1470,"text":"1+470","angle":153.43912077499999,"Id":0}},{"type":"Feature","id":148,"geometry":{"type":"Point","coordinates":[-74.068462744988381,4.6645239369084521]},"properties":{"FID":148,"fid_1":0,"cngmetros":1480,"text":"1+480","angle":153.43912077499999,"Id":0}},{"type":"Feature","id":149,"geometry":{"type":"Point","coordinates":[-74.06854332425975,4.6645643655017839]},"properties":{"FID":149,"fid_1":0,"cngmetros":1490,"text":"1+490","angle":153.43912077499999,"Id":0}},{"type":"Feature","id":150,"geometry":{"type":"Point","coordinates":[-74.068623903540455,4.6646047940859754]},"properties":{"FID":150,"fid_1":0,"cngmetros":1500,"text":"1+500","angle":153.43912077499999,"Id":0}},{"type":"Feature","id":151,"geometry":{"type":"Point","coordinates":[-74.068704482830483,4.6646452226610311]},"properties":{"FID":151,"fid_1":0,"cngmetros":1510,"text":"1+510","angle":153.43912077499999,"Id":0}},{"type":"Feature","id":152,"geometry":{"type":"Point","coordinates":[-74.068785062129862,4.6646856512269501]},"properties":{"FID":152,"fid_1":0,"cngmetros":1520,"text":"1+520","angle":153.43912078299999,"Id":0}},{"type":"Feature","id":153,"geometry":{"type":"Point","coordinates":[-74.068865641438549,4.66472607978372]},"properties":{"FID":153,"fid_1":0,"cngmetros":1530,"text":"1+530","angle":153.43912078299999,"Id":0}},{"type":"Feature","id":154,"geometry":{"type":"Point","coordinates":[-74.068946220756573,4.6647665083313541]},"properties":{"FID":154,"fid_1":0,"cngmetros":1540,"text":"1+540","angle":153.43912077499999,"Id":0}},{"type":"Feature","id":155,"geometry":{"type":"Point","coordinates":[-74.069026800083947,4.6648069368698613]},"properties":{"FID":155,"fid_1":0,"cngmetros":1550,"text":"1+550","angle":153.43912077499999,"Id":0}},{"type":"Feature","id":156,"geometry":{"type":"Point","coordinates":[-74.069107379420629,4.6648473653992104]},"properties":{"FID":156,"fid_1":0,"cngmetros":1560,"text":"1+560","angle":153.43912077499999,"Id":0}},{"type":"Feature","id":157,"geometry":{"type":"Point","coordinates":[-74.069187958766676,4.6648877939194318]},"properties":{"FID":157,"fid_1":0,"cngmetros":1570,"text":"1+570","angle":153.43912077499999,"Id":0}},{"type":"Feature","id":158,"geometry":{"type":"Point","coordinates":[-74.069268538122031,4.6649282224305111]},"properties":{"FID":158,"fid_1":0,"cngmetros":1580,"text":"1+580","angle":153.43912077499999,"Id":0}},{"type":"Feature","id":159,"geometry":{"type":"Point","coordinates":[-74.069349117486723,4.6649686509324457]},"properties":{"FID":159,"fid_1":0,"cngmetros":1590,"text":"1+590","angle":153.43912077499999,"Id":0}},{"type":"Feature","id":160,"geometry":{"type":"Point","coordinates":[-74.069429696860738,4.6650090794252446]},"properties":{"FID":160,"fid_1":0,"cngmetros":1600,"text":"1+600","angle":153.43912077499999,"Id":0}},{"type":"Feature","id":161,"geometry":{"type":"Point","coordinates":[-74.069510276244088,4.6650495079088969]},"properties":{"FID":161,"fid_1":0,"cngmetros":1610,"text":"1+610","angle":153.43912077499999,"Id":0}},{"type":"Feature","id":162,"geometry":{"type":"Point","coordinates":[-74.069590855636775,4.6650899363834091]},"properties":{"FID":162,"fid_1":0,"cngmetros":1620,"text":"1+620","angle":153.43912077499999,"Id":0}},{"type":"Feature","id":163,"geometry":{"type":"Point","coordinates":[-74.069671435038799,4.6651303648487819]},"properties":{"FID":163,"fid_1":0,"cngmetros":1630,"text":"1+630","angle":153.43912077499999,"Id":0}},{"type":"Feature","id":164,"geometry":{"type":"Point","coordinates":[-74.069752014450145,4.6651707933050179]},"properties":{"FID":164,"fid_1":0,"cngmetros":1640,"text":"1+640","angle":153.43912078299999,"Id":0}},{"type":"Feature","id":165,"geometry":{"type":"Point","coordinates":[-74.069832593870842,4.6652112217521031]},"properties":{"FID":165,"fid_1":0,"cngmetros":1650,"text":"1+650","angle":153.43912078299999,"Id":0}},{"type":"Feature","id":166,"geometry":{"type":"Point","coordinates":[-74.069913173300847,4.6652516501900472]},"properties":{"FID":166,"fid_1":0,"cngmetros":1660,"text":"1+660","angle":153.43912077499999,"Id":0}},{"type":"Feature","id":167,"geometry":{"type":"Point","coordinates":[-74.069993752740189,4.6652920786188519]},"properties":{"FID":167,"fid_1":0,"cngmetros":1670,"text":"1+670","angle":153.43912077499999,"Id":0}},{"type":"Feature","id":168,"geometry":{"type":"Point","coordinates":[-74.070074332188867,4.6653325070385154]},"properties":{"FID":168,"fid_1":0,"cngmetros":1680,"text":"1+680","angle":153.43912077499999,"Id":0}},{"type":"Feature","id":169,"geometry":{"type":"Point","coordinates":[-74.070154911646881,4.6653729354490334]},"properties":{"FID":169,"fid_1":0,"cngmetros":1690,"text":"1+690","angle":153.43912077900001,"Id":0}},{"type":"Feature","id":170,"geometry":{"type":"Point","coordinates":[-74.070235491114218,4.6654133638504121]},"properties":{"FID":170,"fid_1":0,"cngmetros":1700,"text":"1+700","angle":153.43912077900001,"Id":0}},{"type":"Feature","id":171,"geometry":{"type":"Point","coordinates":[-74.070316070590877,4.665453792242646]},"properties":{"FID":171,"fid_1":0,"cngmetros":1710,"text":"1+710","angle":153.43912077499999,"Id":0}},{"type":"Feature","id":172,"geometry":{"type":"Point","coordinates":[-74.070396650076887,4.6654942206257282]},"properties":{"FID":172,"fid_1":0,"cngmetros":1720,"text":"1+720","angle":153.43912077499999,"Id":0}},{"type":"Feature","id":173,"geometry":{"type":"Point","coordinates":[-74.070477229572234,4.6655346489996825]},"properties":{"FID":173,"fid_1":0,"cngmetros":1730,"text":"1+730","angle":153.43912077499999,"Id":0}},{"type":"Feature","id":174,"geometry":{"type":"Point","coordinates":[-74.070557809076888,4.6655750773644771]},"properties":{"FID":174,"fid_1":0,"cngmetros":1740,"text":"1+740","angle":153.43912077499999,"Id":0}},{"type":"Feature","id":175,"geometry":{"type":"Point","coordinates":[-74.070638388590893,4.6656155057201376]},"properties":{"FID":175,"fid_1":0,"cngmetros":1750,"text":"1+750","angle":153.43912077900001,"Id":0}},{"type":"Feature","id":176,"geometry":{"type":"Point","coordinates":[-74.070718968114221,4.6656559340666455]},"properties":{"FID":176,"fid_1":0,"cngmetros":1760,"text":"1+760","angle":153.43912077900001,"Id":0}},{"type":"Feature","id":177,"geometry":{"type":"Point","coordinates":[-74.070799547646885,4.6656963624040166]},"properties":{"FID":177,"fid_1":0,"cngmetros":1770,"text":"1+770","angle":153.43912078299999,"Id":0}},{"type":"Feature","id":178,"geometry":{"type":"Point","coordinates":[-74.070880127188872,4.6657367907322334]},"properties":{"FID":178,"fid_1":0,"cngmetros":1780,"text":"1+780","angle":153.43912077499999,"Id":0}},{"type":"Feature","id":179,"geometry":{"type":"Point","coordinates":[-74.070960706740195,4.6657772190513125]},"properties":{"FID":179,"fid_1":0,"cngmetros":1790,"text":"1+790","angle":153.43912077499999,"Id":0}},{"type":"Feature","id":180,"geometry":{"type":"Point","coordinates":[-74.071041286300854,4.6658176473612452]},"properties":{"FID":180,"fid_1":0,"cngmetros":1800,"text":"1+800","angle":153.43912077499999,"Id":0}},{"type":"Feature","id":181,"geometry":{"type":"Point","coordinates":[-74.071121865870836,4.6658580756620358]},"properties":{"FID":181,"fid_1":0,"cngmetros":1810,"text":"1+810","angle":153.43912077900001,"Id":0}},{"type":"Feature","id":182,"geometry":{"type":"Point","coordinates":[-74.07120244545014,4.6658985039536658]},"properties":{"FID":182,"fid_1":0,"cngmetros":1820,"text":"1+820","angle":153.43912077900001,"Id":0}},{"type":"Feature","id":183,"geometry":{"type":"Point","coordinates":[-74.071283025038795,4.6659389322361564]},"properties":{"FID":183,"fid_1":0,"cngmetros":1830,"text":"1+830","angle":153.43912077499999,"Id":0}},{"type":"Feature","id":184,"geometry":{"type":"Point","coordinates":[-74.071363604636787,4.6659793605095095]},"properties":{"FID":184,"fid_1":0,"cngmetros":1840,"text":"1+840","angle":153.43912077499999,"Id":0}},{"type":"Feature","id":185,"geometry":{"type":"Point","coordinates":[-74.0714441842441,4.6660197887737072]},"properties":{"FID":185,"fid_1":0,"cngmetros":1850,"text":"1+850","angle":153.43912077499999,"Id":0}},{"type":"Feature","id":186,"geometry":{"type":"Point","coordinates":[-74.071524763860737,4.6660602170287628]},"properties":{"FID":186,"fid_1":0,"cngmetros":1860,"text":"1+860","angle":153.43912077499999,"Id":0}},{"type":"Feature","id":187,"geometry":{"type":"Point","coordinates":[-74.071605343486709,4.6661006452746641]},"properties":{"FID":187,"fid_1":0,"cngmetros":1870,"text":"1+870","angle":153.43912077499999,"Id":0}},{"type":"Feature","id":188,"geometry":{"type":"Point","coordinates":[-74.071685923122004,4.6661410735114259]},"properties":{"FID":188,"fid_1":0,"cngmetros":1880,"text":"1+880","angle":153.43912077900001,"Id":0}},{"type":"Feature","id":189,"geometry":{"type":"Point","coordinates":[-74.071766502766636,4.6661815017390254]},"properties":{"FID":189,"fid_1":0,"cngmetros":1890,"text":"1+890","angle":153.43912078299999,"Id":0}},{"type":"Feature","id":190,"geometry":{"type":"Point","coordinates":[-74.071847082420604,4.6662219299574925]},"properties":{"FID":190,"fid_1":0,"cngmetros":1900,"text":"1+900","angle":153.43912078299999,"Id":0}},{"type":"Feature","id":191,"geometry":{"type":"Point","coordinates":[-74.071927662083908,4.6662623581668052]},"properties":{"FID":191,"fid_1":0,"cngmetros":1910,"text":"1+910","angle":153.43912077499999,"Id":0}},{"type":"Feature","id":192,"geometry":{"type":"Point","coordinates":[-74.072008241756521,4.6663027863669742]},"properties":{"FID":192,"fid_1":0,"cngmetros":1920,"text":"1+920","angle":153.43912077499999,"Id":0}},{"type":"Feature","id":193,"geometry":{"type":"Point","coordinates":[-74.072088821438484,4.6663432145579922]},"properties":{"FID":193,"fid_1":0,"cngmetros":1930,"text":"1+930","angle":153.43912077499999,"Id":0}},{"type":"Feature","id":194,"geometry":{"type":"Point","coordinates":[-74.072169399762842,4.6663836454554657]},"properties":{"FID":194,"fid_1":0,"cngmetros":1940,"text":"1+940","angle":152.98113886300001,"Id":0}},{"type":"Feature","id":195,"geometry":{"type":"Point","coordinates":[-74.072249654704862,4.6664247188162555]},"properties":{"FID":195,"fid_1":0,"cngmetros":1950,"text":"1+950","angle":152.98113885500001,"Id":0}},{"type":"Feature","id":196,"geometry":{"type":"Point","coordinates":[-74.072329904745899,4.6664658015177318]},"properties":{"FID":196,"fid_1":0,"cngmetros":1960,"text":"1+960","angle":151.70808294599999,"Id":0}},{"type":"Feature","id":197,"geometry":{"type":"Point","coordinates":[-74.07240904208841,4.6665090028788221]},"properties":{"FID":197,"fid_1":0,"cngmetros":1970,"text":"1+970","angle":151.70808293900001,"Id":0}},{"type":"Feature","id":198,"geometry":{"type":"Point","coordinates":[-74.072488179440711,4.6665522042310901]},"properties":{"FID":198,"fid_1":0,"cngmetros":1980,"text":"1+980","angle":149.690227655,"Id":0}},{"type":"Feature","id":199,"geometry":{"type":"Point","coordinates":[-74.072566319745349,4.6665971516227209]},"properties":{"FID":199,"fid_1":0,"cngmetros":1990,"text":"1+990","angle":149.690227655,"Id":0}},{"type":"Feature","id":200,"geometry":{"type":"Point","coordinates":[-74.072643485582319,4.6666438055126367]},"properties":{"FID":200,"fid_1":0,"cngmetros":2000,"text":"2+000","angle":147.672372387,"Id":0}},{"type":"Feature","id":201,"geometry":{"type":"Point","coordinates":[-74.072720641591431,4.6666904749885116]},"properties":{"FID":201,"fid_1":0,"cngmetros":2010,"text":"2+010","angle":147.672372387,"Id":0}},{"type":"Feature","id":202,"geometry":{"type":"Point","coordinates":[-74.072795685327392,4.6667404926234735]},"properties":{"FID":202,"fid_1":0,"cngmetros":2020,"text":"2+020","angle":145.65451710900001,"Id":0}},{"type":"Feature","id":203,"geometry":{"type":"Point","coordinates":[-74.07287072907404,4.6667905102505074]},"properties":{"FID":203,"fid_1":0,"cngmetros":2030,"text":"2+030","angle":145.65451710900001,"Id":0}},{"type":"Feature","id":204,"geometry":{"type":"Point","coordinates":[-74.072944631525118,4.6668421720423963]},"properties":{"FID":204,"fid_1":0,"cngmetros":2040,"text":"2+040","angle":143.63666183199999,"Id":0}},{"type":"Feature","id":205,"geometry":{"type":"Point","coordinates":[-74.073017408753245,4.6668954548455499]},"properties":{"FID":205,"fid_1":0,"cngmetros":2050,"text":"2+050","angle":143.63666183699999,"Id":0}},{"type":"Feature","id":206,"geometry":{"type":"Point","coordinates":[-74.073090179838516,4.6669487458986767]},"properties":{"FID":206,"fid_1":0,"cngmetros":2060,"text":"2+060","angle":142.54859353399999,"Id":0}},{"type":"Feature","id":207,"geometry":{"type":"Point","coordinates":[-74.073161695614886,4.6670037213623194]},"properties":{"FID":207,"fid_1":0,"cngmetros":2070,"text":"2+070","angle":142.54859353399999,"Id":0}},{"type":"Feature","id":208,"geometry":{"type":"Point","coordinates":[-74.073233209716506,4.66705869901259]},"properties":{"FID":208,"fid_1":0,"cngmetros":2080,"text":"2+080","angle":142.19371642900001,"Id":0}},{"type":"Feature","id":209,"geometry":{"type":"Point","coordinates":[-74.073304384779377,4.6671141178441928]},"properties":{"FID":209,"fid_1":0,"cngmetros":2090,"text":"2+090","angle":142.19371642900001,"Id":0}},{"type":"Feature","id":210,"geometry":{"type":"Point","coordinates":[-74.07337555985346,4.6671695366686698]},"properties":{"FID":210,"fid_1":0,"cngmetros":2100,"text":"2+100","angle":142.19371643400001,"Id":0}},{"type":"Feature","id":211,"geometry":{"type":"Point","coordinates":[-74.073446734938742,4.6672249554860183]},"properties":{"FID":211,"fid_1":0,"cngmetros":2110,"text":"2+110","angle":142.19371642300001,"Id":0}},{"type":"Feature","id":212,"geometry":{"type":"Point","coordinates":[-74.07351791003525,4.6672803742962374]},"properties":{"FID":212,"fid_1":0,"cngmetros":2120,"text":"2+120","angle":142.19371642300001,"Id":0}},{"type":"Feature","id":213,"geometry":{"type":"Point","coordinates":[-74.073589085142956,4.6673357930993244]},"properties":{"FID":213,"fid_1":0,"cngmetros":2130,"text":"2+130","angle":142.19371642799999,"Id":0}},{"type":"Feature","id":214,"geometry":{"type":"Point","coordinates":[-74.073660260261875,4.6673912118952767]},"properties":{"FID":214,"fid_1":0,"cngmetros":2140,"text":"2+140","angle":142.19371642300001,"Id":0}},{"type":"Feature","id":215,"geometry":{"type":"Point","coordinates":[-74.073731435392006,4.667446630684104]},"properties":{"FID":215,"fid_1":0,"cngmetros":2150,"text":"2+150","angle":142.19371642900001,"Id":0}},{"type":"Feature","id":216,"geometry":{"type":"Point","coordinates":[-74.073802610533363,4.6675020494658011]},"properties":{"FID":216,"fid_1":0,"cngmetros":2160,"text":"2+160","angle":142.19371643400001,"Id":0}},{"type":"Feature","id":217,"geometry":{"type":"Point","coordinates":[-74.073873785685919,4.6675574682403633]},"properties":{"FID":217,"fid_1":0,"cngmetros":2170,"text":"2+170","angle":142.19371642900001,"Id":0}},{"type":"Feature","id":218,"geometry":{"type":"Point","coordinates":[-74.073944960849687,4.6676128870077989]},"properties":{"FID":218,"fid_1":0,"cngmetros":2180,"text":"2+180","angle":142.19371642900001,"Id":0}},{"type":"Feature","id":219,"geometry":{"type":"Point","coordinates":[-74.074016136024667,4.6676683057680988]},"properties":{"FID":219,"fid_1":0,"cngmetros":2190,"text":"2+190","angle":142.19371642900001,"Id":0}},{"type":"Feature","id":220,"geometry":{"type":"Point","coordinates":[-74.074087311210846,4.6677237245212604]},"properties":{"FID":220,"fid_1":0,"cngmetros":2200,"text":"2+200","angle":142.19371642900001,"Id":0}},{"type":"Feature","id":221,"geometry":{"type":"Point","coordinates":[-74.074158486408251,4.6677791432673024]},"properties":{"FID":221,"fid_1":0,"cngmetros":2210,"text":"2+210","angle":142.19371642799999,"Id":0}},{"type":"Feature","id":222,"geometry":{"type":"Point","coordinates":[-74.074229661616869,4.6678345620062007]},"properties":{"FID":222,"fid_1":0,"cngmetros":2220,"text":"2+220","angle":142.19371642300001,"Id":0}},{"type":"Feature","id":223,"geometry":{"type":"Point","coordinates":[-74.074300836836699,4.6678899807379741]},"properties":{"FID":223,"fid_1":0,"cngmetros":2230,"text":"2+230","angle":142.19371642300001,"Id":0}},{"type":"Feature","id":224,"geometry":{"type":"Point","coordinates":[-74.074372012067727,4.6679453994626154]},"properties":{"FID":224,"fid_1":0,"cngmetros":2240,"text":"2+240","angle":142.19371642799999,"Id":0}},{"type":"Feature","id":225,"geometry":{"type":"Point","coordinates":[-74.074443187309981,4.6680008181801131]},"properties":{"FID":225,"fid_1":0,"cngmetros":2250,"text":"2+250","angle":142.19371642900001,"Id":0}},{"type":"Feature","id":226,"geometry":{"type":"Point","coordinates":[-74.074514362563448,4.6680562368904814]},"properties":{"FID":226,"fid_1":0,"cngmetros":2260,"text":"2+260","angle":142.19371642900001,"Id":0}},{"type":"Feature","id":227,"geometry":{"type":"Point","coordinates":[-74.074585537828114,4.6681116555937194]},"properties":{"FID":227,"fid_1":0,"cngmetros":2270,"text":"2+270","angle":142.19371643400001,"Id":0}},{"type":"Feature","id":228,"geometry":{"type":"Point","coordinates":[-74.074656713103991,4.6681670742898218]},"properties":{"FID":228,"fid_1":0,"cngmetros":2280,"text":"2+280","angle":142.19371642900001,"Id":0}},{"type":"Feature","id":229,"geometry":{"type":"Point","coordinates":[-74.074727888391095,4.6682224929787903]},"properties":{"FID":229,"fid_1":0,"cngmetros":2290,"text":"2+290","angle":142.19371642900001,"Id":0}},{"type":"Feature","id":230,"geometry":{"type":"Point","coordinates":[-74.074799063689397,4.6682779116606241]},"properties":{"FID":230,"fid_1":0,"cngmetros":2300,"text":"2+300","angle":142.19371643400001,"Id":0}},{"type":"Feature","id":231,"geometry":{"type":"Point","coordinates":[-74.074870238998926,4.6683333303353196]},"properties":{"FID":231,"fid_1":0,"cngmetros":2310,"text":"2+310","angle":142.19371642300001,"Id":0}},{"type":"Feature","id":232,"geometry":{"type":"Point","coordinates":[-74.074941414319667,4.6683887490028839]},"properties":{"FID":232,"fid_1":0,"cngmetros":2320,"text":"2+320","angle":142.19371642300001,"Id":0}},{"type":"Feature","id":233,"geometry":{"type":"Point","coordinates":[-74.075012589651607,4.6684441676633099]},"properties":{"FID":233,"fid_1":0,"cngmetros":2330,"text":"2+330","angle":142.19371642300001,"Id":0}},{"type":"Feature","id":234,"geometry":{"type":"Point","coordinates":[-74.075083764994773,4.6684995863166048]},"properties":{"FID":234,"fid_1":0,"cngmetros":2340,"text":"2+340","angle":142.19371642300001,"Id":0}},{"type":"Feature","id":235,"geometry":{"type":"Point","coordinates":[-74.075154940349151,4.6685550049627604]},"properties":{"FID":235,"fid_1":0,"cngmetros":2350,"text":"2+350","angle":142.19371642900001,"Id":0}},{"type":"Feature","id":236,"geometry":{"type":"Point","coordinates":[-74.075226115714742,4.6686104236017769]},"properties":{"FID":236,"fid_1":0,"cngmetros":2360,"text":"2+360","angle":142.19371642900001,"Id":0}},{"type":"Feature","id":237,"geometry":{"type":"Point","coordinates":[-74.075297291091545,4.6686658422336604]},"properties":{"FID":237,"fid_1":0,"cngmetros":2370,"text":"2+370","angle":142.19371642900001,"Id":0}},{"type":"Feature","id":238,"geometry":{"type":"Point","coordinates":[-74.075368465504496,4.6687212621140644]},"properties":{"FID":238,"fid_1":0,"cngmetros":2380,"text":"2+380","angle":142.09838789299999,"Id":0}},{"type":"Feature","id":239,"geometry":{"type":"Point","coordinates":[-74.07543942592352,4.6687769575799152]},"properties":{"FID":239,"fid_1":0,"cngmetros":2390,"text":"2+390","angle":141.997357644,"Id":0}},{"type":"Feature","id":240,"geometry":{"type":"Point","coordinates":[-74.075510382019914,4.6688326585059992]},"properties":{"FID":240,"fid_1":0,"cngmetros":2400,"text":"2+400","angle":141.700674625,"Id":0}},{"type":"Feature","id":241,"geometry":{"type":"Point","coordinates":[-74.075580437388794,4.6688894957347218]},"properties":{"FID":241,"fid_1":0,"cngmetros":2410,"text":"2+410","angle":141.09091260100001,"Id":0}},{"type":"Feature","id":242,"geometry":{"type":"Point","coordinates":[-74.075650484408669,4.668946343010095]},"properties":{"FID":242,"fid_1":0,"cngmetros":2420,"text":"2+420","angle":140.06277647499999,"Id":0}},{"type":"Feature","id":243,"geometry":{"type":"Point","coordinates":[-74.075718764306984,4.6690053153157143]},"properties":{"FID":243,"fid_1":0,"cngmetros":2430,"text":"2+430","angle":139.163183293,"Id":0}},{"type":"Feature","id":244,"geometry":{"type":"Point","coordinates":[-74.075787022123365,4.6690643116240453]},"properties":{"FID":244,"fid_1":0,"cngmetros":2440,"text":"2+440","angle":137.002248799,"Id":0}},{"type":"Feature","id":245,"geometry":{"type":"Point","coordinates":[-74.075851048776855,4.6691279060248609]},"properties":{"FID":245,"fid_1":0,"cngmetros":2450,"text":"2+450","angle":137.002248799,"Id":0}},{"type":"Feature","id":246,"geometry":{"type":"Point","coordinates":[-74.07591507544187,4.6691915004199069]},"properties":{"FID":246,"fid_1":0,"cngmetros":2460,"text":"2+460","angle":134.72966973199999,"Id":0}},{"type":"Feature","id":247,"geometry":{"type":"Point","coordinates":[-74.07597910211841,4.6692550948091665]},"properties":{"FID":247,"fid_1":0,"cngmetros":2470,"text":"2+470","angle":134.72966973699999,"Id":0}},{"type":"Feature","id":248,"geometry":{"type":"Point","coordinates":[-74.076043084764336,4.6693187295879737]},"properties":{"FID":248,"fid_1":0,"cngmetros":2480,"text":"2+480","angle":132.44018984300001,"Id":0}},{"type":"Feature","id":249,"geometry":{"type":"Point","coordinates":[-74.076100478990554,4.669388407250211]},"properties":{"FID":249,"fid_1":0,"cngmetros":2490,"text":"2+490","angle":130.150709968,"Id":0}},{"type":"Feature","id":250,"geometry":{"type":"Point","coordinates":[-74.07615787322807,4.6694580849077827]},"properties":{"FID":250,"fid_1":0,"cngmetros":2500,"text":"2+500","angle":130.15070997500001,"Id":0}},{"type":"Feature","id":251,"geometry":{"type":"Point","coordinates":[-74.076215267476883,4.6695277625606995]},"properties":{"FID":251,"fid_1":0,"cngmetros":2510,"text":"2+510","angle":127.86123010599999,"Id":0}},{"type":"Feature","id":252,"geometry":{"type":"Point","coordinates":[-74.076272624025577,4.6695974694515758]},"properties":{"FID":252,"fid_1":0,"cngmetros":2520,"text":"2+520","angle":126.209231479,"Id":0}},{"type":"Feature","id":253,"geometry":{"type":"Point","coordinates":[-74.076325354692912,4.6696707634026726]},"properties":{"FID":253,"fid_1":0,"cngmetros":2530,"text":"2+530","angle":125.907457139,"Id":0}},{"type":"Feature","id":254,"geometry":{"type":"Point","coordinates":[-74.076378069250168,4.6697440686975922]},"properties":{"FID":254,"fid_1":0,"cngmetros":2540,"text":"2+540","angle":125.022026646,"Id":0}},{"type":"Feature","id":255,"geometry":{"type":"Point","coordinates":[-74.076428813166245,4.6698187611579378]},"properties":{"FID":255,"fid_1":0,"cngmetros":2550,"text":"2+550","angle":124.171818554,"Id":0}},{"type":"Feature","id":256,"geometry":{"type":"Point","coordinates":[-74.076479549038794,4.6698934590402414]},"properties":{"FID":256,"fid_1":0,"cngmetros":2560,"text":"2+560","angle":123.479261569,"Id":0}},{"type":"Feature","id":257,"geometry":{"type":"Point","coordinates":[-74.076529239826442,4.6699688609355414]},"properties":{"FID":257,"fid_1":0,"cngmetros":2570,"text":"2+570","angle":123.479261576,"Id":0}},{"type":"Feature","id":258,"geometry":{"type":"Point","coordinates":[-74.076578930624649,4.670044262827326]},"properties":{"FID":258,"fid_1":0,"cngmetros":2580,"text":"2+580","angle":123.479261576,"Id":0}},{"type":"Feature","id":259,"geometry":{"type":"Point","coordinates":[-74.0766286214334,4.6701196647155916]},"properties":{"FID":259,"fid_1":0,"cngmetros":2590,"text":"2+590","angle":123.479261576,"Id":0}},{"type":"Feature","id":260,"geometry":{"type":"Point","coordinates":[-74.076678312252696,4.6701950666003258]},"properties":{"FID":260,"fid_1":0,"cngmetros":2600,"text":"2+600","angle":123.479261576,"Id":0}},{"type":"Feature","id":261,"geometry":{"type":"Point","coordinates":[-74.076728003082536,4.6702704684815437]},"properties":{"FID":261,"fid_1":0,"cngmetros":2610,"text":"2+610","angle":123.47926157400001,"Id":0}},{"type":"Feature","id":262,"geometry":{"type":"Point","coordinates":[-74.076777693922921,4.670345870359232]},"properties":{"FID":262,"fid_1":0,"cngmetros":2620,"text":"2+620","angle":123.479261581,"Id":0}},{"type":"Feature","id":263,"geometry":{"type":"Point","coordinates":[-74.07682738477385,4.6704212722333951]},"properties":{"FID":263,"fid_1":0,"cngmetros":2630,"text":"2+630","angle":123.479261576,"Id":0}},{"type":"Feature","id":264,"geometry":{"type":"Point","coordinates":[-74.076877075635338,4.6704966741040463]},"properties":{"FID":264,"fid_1":0,"cngmetros":2640,"text":"2+640","angle":123.479261576,"Id":0}},{"type":"Feature","id":265,"geometry":{"type":"Point","coordinates":[-74.076926766507356,4.6705720759711644]},"properties":{"FID":265,"fid_1":0,"cngmetros":2650,"text":"2+650","angle":123.479261576,"Id":0}},{"type":"Feature","id":266,"geometry":{"type":"Point","coordinates":[-74.076976457389932,4.6706474778347644]},"properties":{"FID":266,"fid_1":0,"cngmetros":2660,"text":"2+660","angle":123.479261576,"Id":0}},{"type":"Feature","id":267,"geometry":{"type":"Point","coordinates":[-74.077026148283053,4.6707228796948348]},"properties":{"FID":267,"fid_1":0,"cngmetros":2670,"text":"2+670","angle":123.479261576,"Id":0}},{"type":"Feature","id":268,"geometry":{"type":"Point","coordinates":[-74.077075839186719,4.6707982815513933]},"properties":{"FID":268,"fid_1":0,"cngmetros":2680,"text":"2+680","angle":123.479261576,"Id":0}},{"type":"Feature","id":269,"geometry":{"type":"Point","coordinates":[-74.077125530100929,4.6708736834044169]},"properties":{"FID":269,"fid_1":0,"cngmetros":2690,"text":"2+690","angle":123.479261576,"Id":0}},{"type":"Feature","id":270,"geometry":{"type":"Point","coordinates":[-74.077175221025684,4.6709490852539215]},"properties":{"FID":270,"fid_1":0,"cngmetros":2700,"text":"2+700","angle":123.479261576,"Id":0}},{"type":"Feature","id":271,"geometry":{"type":"Point","coordinates":[-74.077224911960997,4.6710244870998903]},"properties":{"FID":271,"fid_1":0,"cngmetros":2710,"text":"2+710","angle":123.479261576,"Id":0}},{"type":"Feature","id":272,"geometry":{"type":"Point","coordinates":[-74.077274608210104,4.671099885391464]},"properties":{"FID":272,"fid_1":0,"cngmetros":2720,"text":"2+720","angle":123.64286522800001,"Id":0}},{"type":"Feature","id":273,"geometry":{"type":"Point","coordinates":[-74.077324934330534,4.6711748619449711]},"properties":{"FID":273,"fid_1":0,"cngmetros":2730,"text":"2+730","angle":123.898773296,"Id":0}},{"type":"Feature","id":274,"geometry":{"type":"Point","coordinates":[-74.077375273849853,4.671249829223318]},"properties":{"FID":274,"fid_1":0,"cngmetros":2740,"text":"2+740","angle":124.649544995,"Id":0}},{"type":"Feature","id":275,"geometry":{"type":"Point","coordinates":[-74.077427293287442,4.6713236331376322]},"properties":{"FID":275,"fid_1":0,"cngmetros":2750,"text":"2+750","angle":125.370154939,"Id":0}},{"type":"Feature","id":276,"geometry":{"type":"Point","coordinates":[-74.07747933604449,4.6713974197780805]},"properties":{"FID":276,"fid_1":0,"cngmetros":2760,"text":"2+760","angle":127.03227716799999,"Id":0}},{"type":"Feature","id":277,"geometry":{"type":"Point","coordinates":[-74.077534331315817,4.671469018823017]},"properties":{"FID":277,"fid_1":0,"cngmetros":2770,"text":"2+770","angle":127.032277161,"Id":0}},{"type":"Feature","id":278,"geometry":{"type":"Point","coordinates":[-74.077589326598257,4.6715406178636609]},"properties":{"FID":278,"fid_1":0,"cngmetros":2780,"text":"2+780","angle":129.41469899699999,"Id":0}},{"type":"Feature","id":279,"geometry":{"type":"Point","coordinates":[-74.077646538015401,4.6716103899792873]},"properties":{"FID":279,"fid_1":0,"cngmetros":2790,"text":"2+790","angle":129.41469899699999,"Id":0}},{"type":"Feature","id":280,"geometry":{"type":"Point","coordinates":[-74.077705874336004,4.671678410378501]},"properties":{"FID":280,"fid_1":0,"cngmetros":2800,"text":"2+800","angle":131.79712079800001,"Id":0}},{"type":"Feature","id":281,"geometry":{"type":"Point","coordinates":[-74.077765244889491,4.6717463987731227]},"properties":{"FID":281,"fid_1":0,"cngmetros":2810,"text":"2+810","angle":134.179542607,"Id":0}},{"type":"Feature","id":282,"geometry":{"type":"Point","coordinates":[-74.077828695375757,4.6718105721347509]},"properties":{"FID":282,"fid_1":0,"cngmetros":2820,"text":"2+820","angle":134.179542607,"Id":0}},{"type":"Feature","id":283,"geometry":{"type":"Point","coordinates":[-74.077892145873577,4.6718747454907046]},"properties":{"FID":283,"fid_1":0,"cngmetros":2830,"text":"2+830","angle":136.561964429,"Id":0}},{"type":"Feature","id":284,"geometry":{"type":"Point","coordinates":[-74.077957551691782,4.6719368472689231]},"properties":{"FID":284,"fid_1":0,"cngmetros":2840,"text":"2+840","angle":136.56196442300001,"Id":0}},{"type":"Feature","id":285,"geometry":{"type":"Point","coordinates":[-74.078024865482618,4.6719969276318967]},"properties":{"FID":285,"fid_1":0,"cngmetros":2850,"text":"2+850","angle":138.94438622800001,"Id":0}},{"type":"Feature","id":286,"geometry":{"type":"Point","coordinates":[-74.078092201431375,4.672056981898935]},"properties":{"FID":286,"fid_1":0,"cngmetros":2860,"text":"2+860","angle":140.47465099499999,"Id":0}},{"type":"Feature","id":287,"geometry":{"type":"Point","coordinates":[-74.078162030936937,4.6721140986468015]},"properties":{"FID":287,"fid_1":0,"cngmetros":2870,"text":"2+870","angle":140.80179723000001,"Id":0}},{"type":"Feature","id":288,"geometry":{"type":"Point","coordinates":[-74.078231873166132,4.6721711993465647]},"properties":{"FID":288,"fid_1":0,"cngmetros":2880,"text":"2+880","angle":141.641570954,"Id":0}},{"type":"Feature","id":289,"geometry":{"type":"Point","coordinates":[-74.078303069096833,4.6722265918614365]},"properties":{"FID":289,"fid_1":0,"cngmetros":2890,"text":"2+890","angle":142.36170387300001,"Id":0}},{"type":"Feature","id":290,"geometry":{"type":"Point","coordinates":[-74.078374269869286,4.6722819780528733]},"properties":{"FID":290,"fid_1":0,"cngmetros":2900,"text":"2+900","angle":142.795787367,"Id":0}},{"type":"Feature","id":291,"geometry":{"type":"Point","coordinates":[-74.078446022321828,4.6723366428918602]},"properties":{"FID":291,"fid_1":0,"cngmetros":2910,"text":"2+910","angle":142.795787362,"Id":0}},{"type":"Feature","id":292,"geometry":{"type":"Point","coordinates":[-74.078517774785539,4.6723913077235775]},"properties":{"FID":292,"fid_1":0,"cngmetros":2920,"text":"2+920","angle":142.795787373,"Id":0}},{"type":"Feature","id":293,"geometry":{"type":"Point","coordinates":[-74.078589527260405,4.6724459725480401]},"properties":{"FID":293,"fid_1":0,"cngmetros":2930,"text":"2+930","angle":142.795787362,"Id":0}},{"type":"Feature","id":294,"geometry":{"type":"Point","coordinates":[-74.078661279746427,4.6725006373652294]},"properties":{"FID":294,"fid_1":0,"cngmetros":2940,"text":"2+940","angle":142.795787367,"Id":0}},{"type":"Feature","id":295,"geometry":{"type":"Point","coordinates":[-74.078733032243619,4.6725553021751498]},"properties":{"FID":295,"fid_1":0,"cngmetros":2950,"text":"2+950","angle":142.79578736799999,"Id":0}},{"type":"Feature","id":296,"geometry":{"type":"Point","coordinates":[-74.078804784751966,4.6726099669777978]},"properties":{"FID":296,"fid_1":0,"cngmetros":2960,"text":"2+960","angle":142.795787367,"Id":0}},{"type":"Feature","id":297,"geometry":{"type":"Point","coordinates":[-74.078876537271483,4.6726646317731797]},"properties":{"FID":297,"fid_1":0,"cngmetros":2970,"text":"2+970","angle":142.795787373,"Id":0}},{"type":"Feature","id":298,"geometry":{"type":"Point","coordinates":[-74.07894828980217,4.6727192965613078]},"properties":{"FID":298,"fid_1":0,"cngmetros":2980,"text":"2+980","angle":142.79578736799999,"Id":0}},{"type":"Feature","id":299,"geometry":{"type":"Point","coordinates":[-74.079020042343998,4.6727739613421573]},"properties":{"FID":299,"fid_1":0,"cngmetros":2990,"text":"2+990","angle":142.795787367,"Id":0}},{"type":"Feature","id":300,"geometry":{"type":"Point","coordinates":[-74.079091794896982,4.6728286261157388]},"properties":{"FID":300,"fid_1":0,"cngmetros":3000,"text":"3+000","angle":142.79578736799999,"Id":0}},{"type":"Feature","id":301,"geometry":{"type":"Point","coordinates":[-74.07916354746115,4.6728832908820532]},"properties":{"FID":301,"fid_1":0,"cngmetros":3010,"text":"3+010","angle":142.795787373,"Id":0}},{"type":"Feature","id":302,"geometry":{"type":"Point","coordinates":[-74.079235300036473,4.6729379556410988]},"properties":{"FID":302,"fid_1":0,"cngmetros":3020,"text":"3+020","angle":142.795787367,"Id":0}},{"type":"Feature","id":303,"geometry":{"type":"Point","coordinates":[-74.079307052622951,4.6729926203928667]},"properties":{"FID":303,"fid_1":0,"cngmetros":3030,"text":"3+030","angle":142.795787373,"Id":0}},{"type":"Feature","id":304,"geometry":{"type":"Point","coordinates":[-74.0793788052206,4.6730472851373728]},"properties":{"FID":304,"fid_1":0,"cngmetros":3040,"text":"3+040","angle":142.795787373,"Id":0}},{"type":"Feature","id":305,"geometry":{"type":"Point","coordinates":[-74.079450557829404,4.67310194987461]},"properties":{"FID":305,"fid_1":0,"cngmetros":3050,"text":"3+050","angle":142.795787362,"Id":0}},{"type":"Feature","id":306,"geometry":{"type":"Point","coordinates":[-74.079522310449377,4.6731566146045767]},"properties":{"FID":306,"fid_1":0,"cngmetros":3060,"text":"3+060","angle":142.795787373,"Id":0}},{"type":"Feature","id":307,"geometry":{"type":"Point","coordinates":[-74.079594063080492,4.6732112793272735]},"properties":{"FID":307,"fid_1":0,"cngmetros":3070,"text":"3+070","angle":142.79578736799999,"Id":0}},{"type":"Feature","id":308,"geometry":{"type":"Point","coordinates":[-74.079665815722791,4.6732659440427025]},"properties":{"FID":308,"fid_1":0,"cngmetros":3080,"text":"3+080","angle":142.795787367,"Id":0}},{"type":"Feature","id":309,"geometry":{"type":"Point","coordinates":[-74.079737568376245,4.673320608750859]},"properties":{"FID":309,"fid_1":0,"cngmetros":3090,"text":"3+090","angle":142.79578736799999,"Id":0}},{"type":"Feature","id":310,"geometry":{"type":"Point","coordinates":[-74.079809321040869,4.673375273451744]},"properties":{"FID":310,"fid_1":0,"cngmetros":3100,"text":"3+100","angle":142.795787362,"Id":0}},{"type":"Feature","id":311,"geometry":{"type":"Point","coordinates":[-74.079881073716635,4.6734299381453566]},"properties":{"FID":311,"fid_1":0,"cngmetros":3110,"text":"3+110","angle":142.795787362,"Id":0}},{"type":"Feature","id":312,"geometry":{"type":"Point","coordinates":[-74.079952826403584,4.6734846028316932]},"properties":{"FID":312,"fid_1":0,"cngmetros":3120,"text":"3+120","angle":142.79578736799999,"Id":0}},{"type":"Feature","id":313,"geometry":{"type":"Point","coordinates":[-74.080024579101689,4.6735392675107681]},"properties":{"FID":313,"fid_1":0,"cngmetros":3130,"text":"3+130","angle":142.795787367,"Id":0}},{"type":"Feature","id":314,"geometry":{"type":"Point","coordinates":[-74.08009633181095,4.6735939321825679]},"properties":{"FID":314,"fid_1":0,"cngmetros":3140,"text":"3+140","angle":142.79578736799999,"Id":0}},{"type":"Feature","id":315,"geometry":{"type":"Point","coordinates":[-74.08016808453138,4.6736485968470953]},"properties":{"FID":315,"fid_1":0,"cngmetros":3150,"text":"3+150","angle":142.795787373,"Id":0}},{"type":"Feature","id":316,"geometry":{"type":"Point","coordinates":[-74.080239837262965,4.6737032615043486]},"properties":{"FID":316,"fid_1":0,"cngmetros":3160,"text":"3+160","angle":142.795787362,"Id":0}},{"type":"Feature","id":317,"geometry":{"type":"Point","coordinates":[-74.080311590005721,4.6737579261543214]},"properties":{"FID":317,"fid_1":0,"cngmetros":3170,"text":"3+170","angle":142.795787373,"Id":0}},{"type":"Feature","id":318,"geometry":{"type":"Point","coordinates":[-74.080383342759646,4.6738125907970378]},"properties":{"FID":318,"fid_1":0,"cngmetros":3180,"text":"3+180","angle":142.795787373,"Id":0}},{"type":"Feature","id":319,"geometry":{"type":"Point","coordinates":[-74.080455095524727,4.6738672554324694]},"properties":{"FID":319,"fid_1":0,"cngmetros":3190,"text":"3+190","angle":142.795787367,"Id":0}},{"type":"Feature","id":320,"geometry":{"type":"Point","coordinates":[-74.080526848300977,4.6739219200606303]},"properties":{"FID":320,"fid_1":0,"cngmetros":3200,"text":"3+200","angle":142.795787373,"Id":0}},{"type":"Feature","id":321,"geometry":{"type":"Point","coordinates":[-74.080598601088383,4.6739765846815171]},"properties":{"FID":321,"fid_1":0,"cngmetros":3210,"text":"3+210","angle":142.79578736799999,"Id":0}},{"type":"Feature","id":322,"geometry":{"type":"Point","coordinates":[-74.080670353886944,4.6740312492951297]},"properties":{"FID":322,"fid_1":0,"cngmetros":3220,"text":"3+220","angle":142.795787367,"Id":0}},{"type":"Feature","id":323,"geometry":{"type":"Point","coordinates":[-74.08074210669669,4.674085913901477]},"properties":{"FID":323,"fid_1":0,"cngmetros":3230,"text":"3+230","angle":142.79578736799999,"Id":0}},{"type":"Feature","id":324,"geometry":{"type":"Point","coordinates":[-74.080813859517576,4.674140578500543]},"properties":{"FID":324,"fid_1":0,"cngmetros":3240,"text":"3+240","angle":142.795787367,"Id":0}},{"type":"Feature","id":325,"geometry":{"type":"Point","coordinates":[-74.080885612349633,4.6741952430923241]},"properties":{"FID":325,"fid_1":0,"cngmetros":3250,"text":"3+250","angle":142.795787367,"Id":0}},{"type":"Feature","id":326,"geometry":{"type":"Point","coordinates":[-74.080957365192873,4.6742499076768418]},"properties":{"FID":326,"fid_1":0,"cngmetros":3260,"text":"3+260","angle":142.79578736799999,"Id":0}},{"type":"Feature","id":327,"geometry":{"type":"Point","coordinates":[-74.081029118047255,4.6743045722540852]},"properties":{"FID":327,"fid_1":0,"cngmetros":3270,"text":"3+270","angle":142.795787367,"Id":0}},{"type":"Feature","id":328,"geometry":{"type":"Point","coordinates":[-74.081100870912792,4.6743592368240536]},"properties":{"FID":328,"fid_1":0,"cngmetros":3280,"text":"3+280","angle":142.795787362,"Id":0}},{"type":"Feature","id":329,"geometry":{"type":"Point","coordinates":[-74.081172623789513,4.6744139013867398]},"properties":{"FID":329,"fid_1":0,"cngmetros":3290,"text":"3+290","angle":142.795787373,"Id":0}},{"type":"Feature","id":330,"geometry":{"type":"Point","coordinates":[-74.08124437667739,4.674468565942151]},"properties":{"FID":330,"fid_1":0,"cngmetros":3300,"text":"3+300","angle":142.795787362,"Id":0}},{"type":"Feature","id":331,"geometry":{"type":"Point","coordinates":[-74.081316129576436,4.6745232304902817]},"properties":{"FID":331,"fid_1":0,"cngmetros":3310,"text":"3+310","angle":142.795787373,"Id":0}},{"type":"Feature","id":332,"geometry":{"type":"Point","coordinates":[-74.081387882486652,4.6745778950311445]},"properties":{"FID":332,"fid_1":0,"cngmetros":3320,"text":"3+320","angle":142.79578736799999,"Id":0}},{"type":"Feature","id":333,"geometry":{"type":"Point","coordinates":[-74.081459635408024,4.6746325595647233]},"properties":{"FID":333,"fid_1":0,"cngmetros":3330,"text":"3+330","angle":142.795787362,"Id":0}},{"type":"Feature","id":334,"geometry":{"type":"Point","coordinates":[-74.081531388340551,4.6746872240910307]},"properties":{"FID":334,"fid_1":0,"cngmetros":3340,"text":"3+340","angle":142.795787373,"Id":0}},{"type":"Feature","id":335,"geometry":{"type":"Point","coordinates":[-74.081603141284262,4.6747418886100602]},"properties":{"FID":335,"fid_1":0,"cngmetros":3350,"text":"3+350","angle":142.79578736799999,"Id":0}},{"type":"Feature","id":336,"geometry":{"type":"Point","coordinates":[-74.081674894239114,4.6747965531218085]},"properties":{"FID":336,"fid_1":0,"cngmetros":3360,"text":"3+360","angle":142.795787367,"Id":0}},{"type":"Feature","id":337,"geometry":{"type":"Point","coordinates":[-74.081746647205151,4.674851217626288]},"properties":{"FID":337,"fid_1":0,"cngmetros":3370,"text":"3+370","angle":142.79578736799999,"Id":0}},{"type":"Feature","id":338,"geometry":{"type":"Point","coordinates":[-74.081818400182343,4.6749058821234799]},"properties":{"FID":338,"fid_1":0,"cngmetros":3380,"text":"3+380","angle":142.795787367,"Id":0}},{"type":"Feature","id":339,"geometry":{"type":"Point","coordinates":[-74.081890153170704,4.6749605466133994]},"properties":{"FID":339,"fid_1":0,"cngmetros":3390,"text":"3+390","angle":142.795787362,"Id":0}},{"type":"Feature","id":340,"geometry":{"type":"Point","coordinates":[-74.081961906170235,4.6750152110960315]},"properties":{"FID":340,"fid_1":0,"cngmetros":3400,"text":"3+400","angle":142.795787373,"Id":0}},{"type":"Feature","id":341,"geometry":{"type":"Point","coordinates":[-74.082033659180922,4.6750698755713884]},"properties":{"FID":341,"fid_1":0,"cngmetros":3410,"text":"3+410","angle":142.795787367,"Id":0}},{"type":"Feature","id":342,"geometry":{"type":"Point","coordinates":[-74.082105412202779,4.6751245400394668]},"properties":{"FID":342,"fid_1":0,"cngmetros":3420,"text":"3+420","angle":142.795787362,"Id":0}},{"type":"Feature","id":343,"geometry":{"type":"Point","coordinates":[-74.082177165235791,4.6751792045002745]},"properties":{"FID":343,"fid_1":0,"cngmetros":3430,"text":"3+430","angle":142.795787373,"Id":0}},{"type":"Feature","id":344,"geometry":{"type":"Point","coordinates":[-74.082248918279973,4.6752338689537947]},"properties":{"FID":344,"fid_1":0,"cngmetros":3440,"text":"3+440","angle":142.795787362,"Id":0}},{"type":"Feature","id":345,"geometry":{"type":"Point","coordinates":[-74.082320671335324,4.6752885334000318]},"properties":{"FID":345,"fid_1":0,"cngmetros":3450,"text":"3+450","angle":142.795787373,"Id":0}},{"type":"Feature","id":346,"geometry":{"type":"Point","coordinates":[-74.082392424401831,4.6753431978389859]},"properties":{"FID":346,"fid_1":0,"cngmetros":3460,"text":"3+460","angle":142.795787373,"Id":0}},{"type":"Feature","id":347,"geometry":{"type":"Point","coordinates":[-74.082464177479508,4.6753978622706631]},"properties":{"FID":347,"fid_1":0,"cngmetros":3470,"text":"3+470","angle":142.795787367,"Id":0}},{"type":"Feature","id":348,"geometry":{"type":"Point","coordinates":[-74.082535930568369,4.6754525266950688]},"properties":{"FID":348,"fid_1":0,"cngmetros":3480,"text":"3+480","angle":142.795787373,"Id":0}},{"type":"Feature","id":349,"geometry":{"type":"Point","coordinates":[-74.082607683668371,4.6755071911121853]},"properties":{"FID":349,"fid_1":0,"cngmetros":3490,"text":"3+490","angle":142.79578736799999,"Id":0}},{"type":"Feature","id":350,"geometry":{"type":"Point","coordinates":[-74.082679436779543,4.6755618555220186]},"properties":{"FID":350,"fid_1":0,"cngmetros":3500,"text":"3+500","angle":142.795787367,"Id":0}},{"type":"Feature","id":351,"geometry":{"type":"Point","coordinates":[-74.082751189901899,4.6756165199245778]},"properties":{"FID":351,"fid_1":0,"cngmetros":3510,"text":"3+510","angle":142.79578736799999,"Id":0}},{"type":"Feature","id":352,"geometry":{"type":"Point","coordinates":[-74.082822943035396,4.6756711843198415]},"properties":{"FID":352,"fid_1":0,"cngmetros":3520,"text":"3+520","angle":142.795787373,"Id":0}},{"type":"Feature","id":353,"geometry":{"type":"Point","coordinates":[-74.082894696180077,4.6757258487078399]},"properties":{"FID":353,"fid_1":0,"cngmetros":3530,"text":"3+530","angle":142.795787362,"Id":0}},{"type":"Feature","id":354,"geometry":{"type":"Point","coordinates":[-74.082966449335913,4.6757805130885455]},"properties":{"FID":354,"fid_1":0,"cngmetros":3540,"text":"3+540","angle":142.79578736799999,"Id":0}},{"type":"Feature","id":355,"geometry":{"type":"Point","coordinates":[-74.083038202502919,4.6758351774619689]},"properties":{"FID":355,"fid_1":0,"cngmetros":3550,"text":"3+550","angle":142.79578736799999,"Id":0}},{"type":"Feature","id":356,"geometry":{"type":"Point","coordinates":[-74.083109955681081,4.6758898418281118]},"properties":{"FID":356,"fid_1":0,"cngmetros":3560,"text":"3+560","angle":142.795787362,"Id":0}},{"type":"Feature","id":357,"geometry":{"type":"Point","coordinates":[-74.083181708870427,4.6759445061869771]},"properties":{"FID":357,"fid_1":0,"cngmetros":3570,"text":"3+570","angle":142.795787373,"Id":0}},{"type":"Feature","id":358,"geometry":{"type":"Point","coordinates":[-74.083253462070928,4.6759991705385442]},"properties":{"FID":358,"fid_1":0,"cngmetros":3580,"text":"3+580","angle":142.795787362,"Id":0}},{"type":"Feature","id":359,"geometry":{"type":"Point","coordinates":[-74.083325215282599,4.6760538348828424]},"properties":{"FID":359,"fid_1":0,"cngmetros":3590,"text":"3+590","angle":142.795787367,"Id":0}},{"type":"Feature","id":360,"geometry":{"type":"Point","coordinates":[-74.08339696850544,4.6761084992198469]},"properties":{"FID":360,"fid_1":0,"cngmetros":3600,"text":"3+600","angle":142.79578736799999,"Id":0}},{"type":"Feature","id":361,"geometry":{"type":"Point","coordinates":[-74.083468721739436,4.6761631635495826]},"properties":{"FID":361,"fid_1":0,"cngmetros":3610,"text":"3+610","angle":142.795787362,"Id":0}},{"type":"Feature","id":362,"geometry":{"type":"Point","coordinates":[-74.083540474984602,4.6762178278720192]},"properties":{"FID":362,"fid_1":0,"cngmetros":3620,"text":"3+620","angle":142.795787373,"Id":0}},{"type":"Feature","id":363,"geometry":{"type":"Point","coordinates":[-74.083612228240952,4.6762724921871763]},"properties":{"FID":363,"fid_1":0,"cngmetros":3630,"text":"3+630","angle":142.79578736799999,"Id":0}},{"type":"Feature","id":364,"geometry":{"type":"Point","coordinates":[-74.083683981508457,4.6763271564950406]},"properties":{"FID":364,"fid_1":0,"cngmetros":3640,"text":"3+640","angle":142.795787367,"Id":0}},{"type":"Feature","id":365,"geometry":{"type":"Point","coordinates":[-74.083755734787118,4.6763818207956289]},"properties":{"FID":365,"fid_1":0,"cngmetros":3650,"text":"3+650","angle":142.79578736799999,"Id":0}},{"type":"Feature","id":366,"geometry":{"type":"Point","coordinates":[-74.083827488076963,4.6764364850889271]},"properties":{"FID":366,"fid_1":0,"cngmetros":3660,"text":"3+660","angle":142.795787373,"Id":0}},{"type":"Feature","id":367,"geometry":{"type":"Point","coordinates":[-74.083899241377964,4.6764911493749448]},"properties":{"FID":367,"fid_1":0,"cngmetros":3670,"text":"3+670","angle":142.795787362,"Id":0}},{"type":"Feature","id":368,"geometry":{"type":"Point","coordinates":[-74.083970994690134,4.6765458136536777]},"properties":{"FID":368,"fid_1":0,"cngmetros":3680,"text":"3+680","angle":142.795787373,"Id":0}},{"type":"Feature","id":369,"geometry":{"type":"Point","coordinates":[-74.084042748013474,4.6766004779251134]},"properties":{"FID":369,"fid_1":0,"cngmetros":3690,"text":"3+690","angle":142.795787373,"Id":0}},{"type":"Feature","id":370,"geometry":{"type":"Point","coordinates":[-74.084114501347983,4.6766551421892659]},"properties":{"FID":370,"fid_1":0,"cngmetros":3700,"text":"3+700","angle":142.795787362,"Id":0}},{"type":"Feature","id":371,"geometry":{"type":"Point","coordinates":[-74.084186254693662,4.6767098064461434]},"properties":{"FID":371,"fid_1":0,"cngmetros":3710,"text":"3+710","angle":142.795787373,"Id":0}},{"type":"Feature","id":372,"geometry":{"type":"Point","coordinates":[-74.084258008050497,4.6767644706957245]},"properties":{"FID":372,"fid_1":0,"cngmetros":3720,"text":"3+720","angle":142.795787362,"Id":0}},{"type":"Feature","id":373,"geometry":{"type":"Point","coordinates":[-74.084329761418502,4.6768191349380182]},"properties":{"FID":373,"fid_1":0,"cngmetros":3730,"text":"3+730","angle":142.795787367,"Id":0}},{"type":"Feature","id":374,"geometry":{"type":"Point","coordinates":[-74.084401514797676,4.6768737991730287]},"properties":{"FID":374,"fid_1":0,"cngmetros":3740,"text":"3+740","angle":142.79578736799999,"Id":0}},{"type":"Feature","id":375,"geometry":{"type":"Point","coordinates":[-74.084473268188034,4.6769284634007473]},"properties":{"FID":375,"fid_1":0,"cngmetros":3750,"text":"3+750","angle":142.795787367,"Id":0}},{"type":"Feature","id":376,"geometry":{"type":"Point","coordinates":[-74.084545021589548,4.6769831276211749]},"properties":{"FID":376,"fid_1":0,"cngmetros":3760,"text":"3+760","angle":142.795787367,"Id":0}},{"type":"Feature","id":377,"geometry":{"type":"Point","coordinates":[-74.084616775002218,4.6770377918343229]},"properties":{"FID":377,"fid_1":0,"cngmetros":3770,"text":"3+770","angle":142.79578736799999,"Id":0}},{"type":"Feature","id":378,"geometry":{"type":"Point","coordinates":[-74.084688524473165,4.6770924612188951]},"properties":{"FID":378,"fid_1":0,"cngmetros":3780,"text":"3+780","angle":142.320998033,"Id":0}},{"type":"Feature","id":379,"geometry":{"type":"Point","coordinates":[-74.084759824130515,4.677147719915717]},"properties":{"FID":379,"fid_1":0,"cngmetros":3790,"text":"3+790","angle":142.32099802799999,"Id":0}},{"type":"Feature","id":380,"geometry":{"type":"Point","coordinates":[-74.084831123799091,4.6772029786053517]},"properties":{"FID":380,"fid_1":0,"cngmetros":3800,"text":"3+800","angle":142.320998033,"Id":0}},{"type":"Feature","id":381,"geometry":{"type":"Point","coordinates":[-74.084901656669615,4.6772592061243756]},"properties":{"FID":381,"fid_1":0,"cngmetros":3810,"text":"3+810","angle":140.78105047899999,"Id":0}},{"type":"Feature","id":382,"geometry":{"type":"Point","coordinates":[-74.084971450676932,4.6773163671784994]},"properties":{"FID":382,"fid_1":0,"cngmetros":3820,"text":"3+820","angle":140.78105047899999,"Id":0}},{"type":"Feature","id":383,"geometry":{"type":"Point","coordinates":[-74.085041230809694,4.677373544833368]},"properties":{"FID":383,"fid_1":0,"cngmetros":3830,"text":"3+830","angle":139.241102926,"Id":0}},{"type":"Feature","id":384,"geometry":{"type":"Point","coordinates":[-74.085109468635224,4.677432567104586]},"properties":{"FID":384,"fid_1":0,"cngmetros":3840,"text":"3+840","angle":139.241102926,"Id":0}},{"type":"Feature","id":385,"geometry":{"type":"Point","coordinates":[-74.085177706472223,4.6774915893692111]},"properties":{"FID":385,"fid_1":0,"cngmetros":3850,"text":"3+850","angle":139.24110292699999,"Id":0}},{"type":"Feature","id":386,"geometry":{"type":"Point","coordinates":[-74.085245128119794,4.6775515361742057]},"properties":{"FID":386,"fid_1":0,"cngmetros":3860,"text":"3+860","angle":137.70198918,"Id":0}},{"type":"Feature","id":387,"geometry":{"type":"Point","coordinates":[-74.085311760986087,4.6776123764734452]},"properties":{"FID":387,"fid_1":0,"cngmetros":3870,"text":"3+870","angle":137.70198918,"Id":0}},{"type":"Feature","id":388,"geometry":{"type":"Point","coordinates":[-74.085378392908737,4.6776732178176461]},"properties":{"FID":388,"fid_1":0,"cngmetros":3880,"text":"3+880","angle":137.60195074999999,"Id":0}},{"type":"Feature","id":389,"geometry":{"type":"Point","coordinates":[-74.085444919801034,4.6777341747656465]},"properties":{"FID":389,"fid_1":0,"cngmetros":3890,"text":"3+890","angle":137.601950749,"Id":0}},{"type":"Feature","id":390,"geometry":{"type":"Point","coordinates":[-74.085511446704842,4.6777951317073603]},"properties":{"FID":390,"fid_1":0,"cngmetros":3900,"text":"3+900","angle":137.60195075499999,"Id":0}},{"type":"Feature","id":391,"geometry":{"type":"Point","coordinates":[-74.085577973620175,4.6778560886428044]},"properties":{"FID":391,"fid_1":0,"cngmetros":3910,"text":"3+910","angle":137.60195074999999,"Id":0}},{"type":"Feature","id":392,"geometry":{"type":"Point","coordinates":[-74.085644500547033,4.6779170455719727]},"properties":{"FID":392,"fid_1":0,"cngmetros":3920,"text":"3+920","angle":137.60195074999999,"Id":0}},{"type":"Feature","id":393,"geometry":{"type":"Point","coordinates":[-74.085711027485402,4.6779780024948643]},"properties":{"FID":393,"fid_1":0,"cngmetros":3930,"text":"3+930","angle":137.601950749,"Id":0}},{"type":"Feature","id":394,"geometry":{"type":"Point","coordinates":[-74.085777554435296,4.6780389594114791]},"properties":{"FID":394,"fid_1":0,"cngmetros":3940,"text":"3+940","angle":137.60195075499999,"Id":0}},{"type":"Feature","id":395,"geometry":{"type":"Point","coordinates":[-74.085844081396701,4.6780999163218233]},"properties":{"FID":395,"fid_1":0,"cngmetros":3950,"text":"3+950","angle":137.60195074999999,"Id":0}},{"type":"Feature","id":396,"geometry":{"type":"Point","coordinates":[-74.08591060836963,4.6781608732258855]},"properties":{"FID":396,"fid_1":0,"cngmetros":3960,"text":"3+960","angle":137.60195074999999,"Id":0}},{"type":"Feature","id":397,"geometry":{"type":"Point","coordinates":[-74.085977135354099,4.6782218301236655]},"properties":{"FID":397,"fid_1":0,"cngmetros":3970,"text":"3+970","angle":137.60195075499999,"Id":0}},{"type":"Feature","id":398,"geometry":{"type":"Point","coordinates":[-74.086043662350065,4.6782827870151849]},"properties":{"FID":398,"fid_1":0,"cngmetros":3980,"text":"3+980","angle":137.60195076100001,"Id":0}},{"type":"Feature","id":399,"geometry":{"type":"Point","coordinates":[-74.086110189357569,4.6783437439004114]},"properties":{"FID":399,"fid_1":0,"cngmetros":3990,"text":"3+990","angle":137.60195074999999,"Id":0}},{"type":"Feature","id":400,"geometry":{"type":"Point","coordinates":[-74.086176716376571,4.6784047007793585]},"properties":{"FID":400,"fid_1":0,"cngmetros":4000,"text":"4+000","angle":137.60195074999999,"Id":0}},{"type":"Feature","id":401,"geometry":{"type":"Point","coordinates":[-74.086243243407111,4.6784656576520369]},"properties":{"FID":401,"fid_1":0,"cngmetros":4010,"text":"4+010","angle":137.60195075499999,"Id":0}},{"type":"Feature","id":402,"geometry":{"type":"Point","coordinates":[-74.086309770449162,4.6785266145184359]},"properties":{"FID":402,"fid_1":0,"cngmetros":4020,"text":"4+020","angle":137.60195075499999,"Id":0}},{"type":"Feature","id":403,"geometry":{"type":"Point","coordinates":[-74.086376297502738,4.6785875713785501]},"properties":{"FID":403,"fid_1":0,"cngmetros":4030,"text":"4+030","angle":137.60195074999999,"Id":0}},{"type":"Feature","id":404,"geometry":{"type":"Point","coordinates":[-74.08644282456784,4.6786485282323911]},"properties":{"FID":404,"fid_1":0,"cngmetros":4040,"text":"4+040","angle":137.60195074999999,"Id":0}},{"type":"Feature","id":405,"geometry":{"type":"Point","coordinates":[-74.086509351644466,4.6787094850799544]},"properties":{"FID":405,"fid_1":0,"cngmetros":4050,"text":"4+050","angle":137.60195075499999,"Id":0}},{"type":"Feature","id":406,"geometry":{"type":"Point","coordinates":[-74.086575878732603,4.6787704419212295]},"properties":{"FID":406,"fid_1":0,"cngmetros":4060,"text":"4+060","angle":137.601950749,"Id":0}},{"type":"Feature","id":407,"geometry":{"type":"Point","coordinates":[-74.086642405832265,4.6788313987562296]},"properties":{"FID":407,"fid_1":0,"cngmetros":4070,"text":"4+070","angle":137.60195074999999,"Id":0}},{"type":"Feature","id":408,"geometry":{"type":"Point","coordinates":[-74.086708932943452,4.6788923555849555]},"properties":{"FID":408,"fid_1":0,"cngmetros":4080,"text":"4+080","angle":137.60195074999999,"Id":0}},{"type":"Feature","id":409,"geometry":{"type":"Point","coordinates":[-74.086775460066164,4.6789533124073959]},"properties":{"FID":409,"fid_1":0,"cngmetros":4090,"text":"4+090","angle":137.60195075499999,"Id":0}},{"type":"Feature","id":410,"geometry":{"type":"Point","coordinates":[-74.086841987200387,4.6790142692235559]},"properties":{"FID":410,"fid_1":0,"cngmetros":4100,"text":"4+100","angle":137.601950749,"Id":0}},{"type":"Feature","id":411,"geometry":{"type":"Point","coordinates":[-74.086908514346135,4.6790752260334374]},"properties":{"FID":411,"fid_1":0,"cngmetros":4110,"text":"4+110","angle":137.60195074999999,"Id":0}},{"type":"Feature","id":412,"geometry":{"type":"Point","coordinates":[-74.086975041503408,4.6791361828370386]},"properties":{"FID":412,"fid_1":0,"cngmetros":4120,"text":"4+120","angle":137.60195075600001,"Id":0}},{"type":"Feature","id":413,"geometry":{"type":"Point","coordinates":[-74.087041568672205,4.679197139634363]},"properties":{"FID":413,"fid_1":0,"cngmetros":4130,"text":"4+130","angle":137.60195075499999,"Id":0}},{"type":"Feature","id":414,"geometry":{"type":"Point","coordinates":[-74.087108095852528,4.6792580964254036]},"properties":{"FID":414,"fid_1":0,"cngmetros":4140,"text":"4+140","angle":137.601950749,"Id":0}},{"type":"Feature","id":415,"geometry":{"type":"Point","coordinates":[-74.087174623044376,4.6793190532101585]},"properties":{"FID":415,"fid_1":0,"cngmetros":4150,"text":"4+150","angle":137.60195074999999,"Id":0}},{"type":"Feature","id":416,"geometry":{"type":"Point","coordinates":[-74.087241150247721,4.6793800099886331]},"properties":{"FID":416,"fid_1":0,"cngmetros":4160,"text":"4+160","angle":137.60195075600001,"Id":0}},{"type":"Feature","id":417,"geometry":{"type":"Point","coordinates":[-74.087307677462604,4.6794409667608194]},"properties":{"FID":417,"fid_1":0,"cngmetros":4170,"text":"4+170","angle":137.601950749,"Id":0}},{"type":"Feature","id":418,"geometry":{"type":"Point","coordinates":[-74.087374204689013,4.6795019235267343]},"properties":{"FID":418,"fid_1":0,"cngmetros":4180,"text":"4+180","angle":137.601950749,"Id":0}},{"type":"Feature","id":419,"geometry":{"type":"Point","coordinates":[-74.087440731926947,4.6795628802863591]},"properties":{"FID":419,"fid_1":0,"cngmetros":4190,"text":"4+190","angle":137.60195074999999,"Id":0}},{"type":"Feature","id":420,"geometry":{"type":"Point","coordinates":[-74.087507259176419,4.6796238370397027]},"properties":{"FID":420,"fid_1":0,"cngmetros":4200,"text":"4+200","angle":137.60195075600001,"Id":0}},{"type":"Feature","id":421,"geometry":{"type":"Point","coordinates":[-74.087573786437389,4.6796847937867696]},"properties":{"FID":421,"fid_1":0,"cngmetros":4210,"text":"4+210","angle":137.601950749,"Id":0}},{"type":"Feature","id":422,"geometry":{"type":"Point","coordinates":[-74.087640313709898,4.6797457505275455]},"properties":{"FID":422,"fid_1":0,"cngmetros":4220,"text":"4+220","angle":137.60195075499999,"Id":0}},{"type":"Feature","id":423,"geometry":{"type":"Point","coordinates":[-74.087706840993917,4.6798067072620384]},"properties":{"FID":423,"fid_1":0,"cngmetros":4230,"text":"4+230","angle":137.60195075600001,"Id":0}},{"type":"Feature","id":424,"geometry":{"type":"Point","coordinates":[-74.087773368289476,4.6798676639902537]},"properties":{"FID":424,"fid_1":0,"cngmetros":4240,"text":"4+240","angle":137.60195075600001,"Id":0}},{"type":"Feature","id":425,"geometry":{"type":"Point","coordinates":[-74.087839895596559,4.679928620712186]},"properties":{"FID":425,"fid_1":0,"cngmetros":4250,"text":"4+250","angle":137.60195075499999,"Id":0}},{"type":"Feature","id":426,"geometry":{"type":"Point","coordinates":[-74.087906422915154,4.6799895774278211]},"properties":{"FID":426,"fid_1":0,"cngmetros":4260,"text":"4+260","angle":137.601950749,"Id":0}},{"type":"Feature","id":427,"geometry":{"type":"Point","coordinates":[-74.087972950245273,4.6800505341371839]},"properties":{"FID":427,"fid_1":0,"cngmetros":4270,"text":"4+270","angle":137.60195075600001,"Id":0}},{"type":"Feature","id":428,"geometry":{"type":"Point","coordinates":[-74.088039477586932,4.6801114908402566]},"properties":{"FID":428,"fid_1":0,"cngmetros":4280,"text":"4+280","angle":137.60195074999999,"Id":0}},{"type":"Feature","id":429,"geometry":{"type":"Point","coordinates":[-74.088106004940101,4.6801724475370472]},"properties":{"FID":429,"fid_1":0,"cngmetros":4290,"text":"4+290","angle":137.601950749,"Id":0}},{"type":"Feature","id":430,"geometry":{"type":"Point","coordinates":[-74.088172532304782,4.6802334042275477]},"properties":{"FID":430,"fid_1":0,"cngmetros":4300,"text":"4+300","angle":137.601950749,"Id":0}},{"type":"Feature","id":431,"geometry":{"type":"Point","coordinates":[-74.088239059681015,4.6802943609117653]},"properties":{"FID":431,"fid_1":0,"cngmetros":4310,"text":"4+310","angle":137.60195075600001,"Id":0}},{"type":"Feature","id":432,"geometry":{"type":"Point","coordinates":[-74.08830558706876,4.6803553175896964]},"properties":{"FID":432,"fid_1":0,"cngmetros":4320,"text":"4+320","angle":137.60195074999999,"Id":0}},{"type":"Feature","id":433,"geometry":{"type":"Point","coordinates":[-74.088372114468029,4.6804162742613444]},"properties":{"FID":433,"fid_1":0,"cngmetros":4330,"text":"4+330","angle":137.601950749,"Id":0}},{"type":"Feature","id":434,"geometry":{"type":"Point","coordinates":[-74.088438641878838,4.6804772309267006]},"properties":{"FID":434,"fid_1":0,"cngmetros":4340,"text":"4+340","angle":137.60195075499999,"Id":0}},{"type":"Feature","id":435,"geometry":{"type":"Point","coordinates":[-74.088505169301158,4.6805381875857774]},"properties":{"FID":435,"fid_1":0,"cngmetros":4350,"text":"4+350","angle":137.60195075600001,"Id":0}},{"type":"Feature","id":436,"geometry":{"type":"Point","coordinates":[-74.088571696735016,4.6805991442385686]},"properties":{"FID":436,"fid_1":0,"cngmetros":4360,"text":"4+360","angle":137.60195074999999,"Id":0}},{"type":"Feature","id":437,"geometry":{"type":"Point","coordinates":[-74.088638224180386,4.6806601008850679]},"properties":{"FID":437,"fid_1":0,"cngmetros":4370,"text":"4+370","angle":137.601950749,"Id":0}},{"type":"Feature","id":438,"geometry":{"type":"Point","coordinates":[-74.08870475163728,4.6807210575252824]},"properties":{"FID":438,"fid_1":0,"cngmetros":4380,"text":"4+380","angle":137.60195075499999,"Id":0}},{"type":"Feature","id":439,"geometry":{"type":"Point","coordinates":[-74.088771279105714,4.6807820141591989]},"properties":{"FID":439,"fid_1":0,"cngmetros":4390,"text":"4+390","angle":137.60195075600001,"Id":0}},{"type":"Feature","id":440,"geometry":{"type":"Point","coordinates":[-74.088837806585673,4.6808429707868378]},"properties":{"FID":440,"fid_1":0,"cngmetros":4400,"text":"4+400","angle":137.60195074999999,"Id":0}},{"type":"Feature","id":441,"geometry":{"type":"Point","coordinates":[-74.088904334077142,4.680903927408183]},"properties":{"FID":441,"fid_1":0,"cngmetros":4410,"text":"4+410","angle":137.601950749,"Id":0}},{"type":"Feature","id":442,"geometry":{"type":"Point","coordinates":[-74.088970861580151,4.6809648840232452]},"properties":{"FID":442,"fid_1":0,"cngmetros":4420,"text":"4+420","angle":137.60195075499999,"Id":0}},{"type":"Feature","id":443,"geometry":{"type":"Point","coordinates":[-74.089037389094671,4.6810258406320173]},"properties":{"FID":443,"fid_1":0,"cngmetros":4430,"text":"4+430","angle":137.60195074999999,"Id":0}},{"type":"Feature","id":444,"geometry":{"type":"Point","coordinates":[-74.089103916620743,4.6810867972345056]},"properties":{"FID":444,"fid_1":0,"cngmetros":4440,"text":"4+440","angle":137.60195074999999,"Id":0}},{"type":"Feature","id":445,"geometry":{"type":"Point","coordinates":[-74.089170444158327,4.681147753830694]},"properties":{"FID":445,"fid_1":0,"cngmetros":4450,"text":"4+450","angle":137.601950749,"Id":0}},{"type":"Feature","id":446,"geometry":{"type":"Point","coordinates":[-74.089236971707436,4.6812087104205995]},"properties":{"FID":446,"fid_1":0,"cngmetros":4460,"text":"4+460","angle":137.60195075499999,"Id":0}},{"type":"Feature","id":447,"geometry":{"type":"Point","coordinates":[-74.089303499268084,4.6812696670042202]},"properties":{"FID":447,"fid_1":0,"cngmetros":4470,"text":"4+470","angle":137.60195074999999,"Id":0}},{"type":"Feature","id":448,"geometry":{"type":"Point","coordinates":[-74.089370026840243,4.6813306235815482]},"properties":{"FID":448,"fid_1":0,"cngmetros":4480,"text":"4+480","angle":137.60195074999999,"Id":0}},{"type":"Feature","id":449,"geometry":{"type":"Point","coordinates":[-74.089436554423941,4.6813915801525861]},"properties":{"FID":449,"fid_1":0,"cngmetros":4490,"text":"4+490","angle":137.60195076100001,"Id":0}},{"type":"Feature","id":450,"geometry":{"type":"Point","coordinates":[-74.089503082019164,4.6814525367173285]},"properties":{"FID":450,"fid_1":0,"cngmetros":4500,"text":"4+500","angle":137.60195075499999,"Id":0}},{"type":"Feature","id":451,"geometry":{"type":"Point","coordinates":[-74.089569609625912,4.6815134932757854]},"properties":{"FID":451,"fid_1":0,"cngmetros":4510,"text":"4+510","angle":137.60195074999999,"Id":0}},{"type":"Feature","id":452,"geometry":{"type":"Point","coordinates":[-74.089636137244185,4.6815744498279503]},"properties":{"FID":452,"fid_1":0,"cngmetros":4520,"text":"4+520","angle":137.60195074999999,"Id":0}},{"type":"Feature","id":453,"geometry":{"type":"Point","coordinates":[-74.089702664873997,4.6816354063738181]},"properties":{"FID":453,"fid_1":0,"cngmetros":4530,"text":"4+530","angle":137.60195075499999,"Id":0}},{"type":"Feature","id":454,"geometry":{"type":"Point","coordinates":[-74.08976919251532,4.681696362913403]},"properties":{"FID":454,"fid_1":0,"cngmetros":4540,"text":"4+540","angle":137.601950749,"Id":0}},{"type":"Feature","id":455,"geometry":{"type":"Point","coordinates":[-74.089835720168196,4.6817573194466924]},"properties":{"FID":455,"fid_1":0,"cngmetros":4550,"text":"4+550","angle":137.60195074999999,"Id":0}},{"type":"Feature","id":456,"geometry":{"type":"Point","coordinates":[-74.089902247832583,4.6818182759736873]},"properties":{"FID":456,"fid_1":0,"cngmetros":4560,"text":"4+560","angle":137.60195074999999,"Id":0}},{"type":"Feature","id":457,"geometry":{"type":"Point","coordinates":[-74.089968775508495,4.6818792324944001]},"properties":{"FID":457,"fid_1":0,"cngmetros":4570,"text":"4+570","angle":137.60195075499999,"Id":0}},{"type":"Feature","id":458,"geometry":{"type":"Point","coordinates":[-74.090035300371568,4.6819401920952268]},"properties":{"FID":458,"fid_1":0,"cngmetros":4580,"text":"4+580","angle":137.12143153900001,"Id":0}},{"type":"Feature","id":459,"geometry":{"type":"Point","coordinates":[-74.090101500533947,4.6820015065274552]},"properties":{"FID":459,"fid_1":0,"cngmetros":4590,"text":"4+590","angle":137.12143154500001,"Id":0}},{"type":"Feature","id":460,"geometry":{"type":"Point","coordinates":[-74.090167700707866,4.6820628209534449]},"properties":{"FID":460,"fid_1":0,"cngmetros":4600,"text":"4+600","angle":137.12143153900001,"Id":0}},{"type":"Feature","id":461,"geometry":{"type":"Point","coordinates":[-74.090233713096325,4.6821243382603539]},"properties":{"FID":461,"fid_1":0,"cngmetros":4610,"text":"4+610","angle":137.12143153900001,"Id":0}},{"type":"Feature","id":462,"geometry":{"type":"Point","coordinates":[-74.090299544126182,4.68218605150496]},"properties":{"FID":462,"fid_1":0,"cngmetros":4620,"text":"4+620","angle":137.12143154500001,"Id":0}},{"type":"Feature","id":463,"geometry":{"type":"Point","coordinates":[-74.090365371919944,4.6822477682099217]},"properties":{"FID":463,"fid_1":0,"cngmetros":4630,"text":"4+630","angle":136.431433916,"Id":0}},{"type":"Feature","id":464,"geometry":{"type":"Point","coordinates":[-74.090430831415588,4.6823098780393897]},"properties":{"FID":464,"fid_1":0,"cngmetros":4640,"text":"4+640","angle":136.431433922,"Id":0}},{"type":"Feature","id":465,"geometry":{"type":"Point","coordinates":[-74.090496290922772,4.6823719878627541]},"properties":{"FID":465,"fid_1":0,"cngmetros":4650,"text":"4+650","angle":136.431433916,"Id":0}},{"type":"Feature","id":466,"geometry":{"type":"Point","coordinates":[-74.090561560195979,4.6824342983119562]},"properties":{"FID":466,"fid_1":0,"cngmetros":4660,"text":"4+660","angle":136.431433916,"Id":0}},{"type":"Feature","id":467,"geometry":{"type":"Point","coordinates":[-74.090626645798977,4.6824968024649483]},"properties":{"FID":467,"fid_1":0,"cngmetros":4670,"text":"4+670","angle":136.431433922,"Id":0}},{"type":"Feature","id":468,"geometry":{"type":"Point","coordinates":[-74.090691728592645,4.6825593095538629]},"properties":{"FID":468,"fid_1":0,"cngmetros":4680,"text":"4+680","angle":135.96682413400001,"Id":0}},{"type":"Feature","id":469,"geometry":{"type":"Point","coordinates":[-74.090756495770918,4.6826221458109938]},"properties":{"FID":469,"fid_1":0,"cngmetros":4690,"text":"4+690","angle":135.96682412800001,"Id":0}},{"type":"Feature","id":470,"geometry":{"type":"Point","coordinates":[-74.090821262960759,4.6826849820621543]},"properties":{"FID":470,"fid_1":0,"cngmetros":4700,"text":"4+700","angle":135.96682413400001,"Id":0}},{"type":"Feature","id":471,"geometry":{"type":"Point","coordinates":[-74.090886030162153,4.682747818307333]},"properties":{"FID":471,"fid_1":0,"cngmetros":4710,"text":"4+710","angle":135.96682412800001,"Id":0}},{"type":"Feature","id":472,"geometry":{"type":"Point","coordinates":[-74.090950797375115,4.6828106545465529]},"properties":{"FID":472,"fid_1":0,"cngmetros":4720,"text":"4+720","angle":135.96682413400001,"Id":0}},{"type":"Feature","id":473,"geometry":{"type":"Point","coordinates":[-74.091015564599658,4.682873490779798]},"properties":{"FID":473,"fid_1":0,"cngmetros":4730,"text":"4+730","angle":135.96682412800001,"Id":0}},{"type":"Feature","id":474,"geometry":{"type":"Point","coordinates":[-74.091080331835741,4.6829363270070754]},"properties":{"FID":474,"fid_1":0,"cngmetros":4740,"text":"4+740","angle":135.96682412800001,"Id":0}},{"type":"Feature","id":475,"geometry":{"type":"Point","coordinates":[-74.091145099083391,4.6829991632283692]},"properties":{"FID":475,"fid_1":0,"cngmetros":4750,"text":"4+750","angle":135.96682412800001,"Id":0}},{"type":"Feature","id":476,"geometry":{"type":"Point","coordinates":[-74.091209866342624,4.6830619994436953]},"properties":{"FID":476,"fid_1":0,"cngmetros":4760,"text":"4+760","angle":135.96682413400001,"Id":0}},{"type":"Feature","id":477,"geometry":{"type":"Point","coordinates":[-74.091274633613395,4.683124835653051]},"properties":{"FID":477,"fid_1":0,"cngmetros":4770,"text":"4+770","angle":135.96682413400001,"Id":0}},{"type":"Feature","id":478,"geometry":{"type":"Point","coordinates":[-74.091339400895748,4.6831876718564311]},"properties":{"FID":478,"fid_1":0,"cngmetros":4780,"text":"4+780","angle":135.96682413400001,"Id":0}},{"type":"Feature","id":479,"geometry":{"type":"Point","coordinates":[-74.091404168189669,4.6832505080538418]},"properties":{"FID":479,"fid_1":0,"cngmetros":4790,"text":"4+790","angle":135.96682412800001,"Id":0}},{"type":"Feature","id":480,"geometry":{"type":"Point","coordinates":[-74.091468935495129,4.6833133442452741]},"properties":{"FID":480,"fid_1":0,"cngmetros":4800,"text":"4+800","angle":135.96682412800001,"Id":0}},{"type":"Feature","id":481,"geometry":{"type":"Point","coordinates":[-74.091533702812185,4.6833761804307397]},"properties":{"FID":481,"fid_1":0,"cngmetros":4810,"text":"4+810","angle":135.96682413400001,"Id":0}},{"type":"Feature","id":482,"geometry":{"type":"Point","coordinates":[-74.091598470140795,4.6834390166102242]},"properties":{"FID":482,"fid_1":0,"cngmetros":4820,"text":"4+820","angle":135.96682413400001,"Id":0}},{"type":"Feature","id":483,"geometry":{"type":"Point","coordinates":[-74.091663237480972,4.6835018527837411]},"properties":{"FID":483,"fid_1":0,"cngmetros":4830,"text":"4+830","angle":135.96682413400001,"Id":0}},{"type":"Feature","id":484,"geometry":{"type":"Point","coordinates":[-74.091728004832703,4.6835646889512823]},"properties":{"FID":484,"fid_1":0,"cngmetros":4840,"text":"4+840","angle":135.96682412800001,"Id":0}},{"type":"Feature","id":485,"geometry":{"type":"Point","coordinates":[-74.091792772196015,4.6836275251128399]},"properties":{"FID":485,"fid_1":0,"cngmetros":4850,"text":"4+850","angle":135.96682413400001,"Id":0}},{"type":"Feature","id":486,"geometry":{"type":"Point","coordinates":[-74.091857539570881,4.6836903612684377]},"properties":{"FID":486,"fid_1":0,"cngmetros":4860,"text":"4+860","angle":135.96682412800001,"Id":0}},{"type":"Feature","id":487,"geometry":{"type":"Point","coordinates":[-74.091922306957315,4.6837531974180546]},"properties":{"FID":487,"fid_1":0,"cngmetros":4870,"text":"4+870","angle":135.96682412800001,"Id":0}},{"type":"Feature","id":488,"geometry":{"type":"Point","coordinates":[-74.09198707435533,4.683816033561687]},"properties":{"FID":488,"fid_1":0,"cngmetros":4880,"text":"4+880","angle":135.96682412800001,"Id":0}},{"type":"Feature","id":489,"geometry":{"type":"Point","coordinates":[-74.092051841764885,4.6838788696993578]},"properties":{"FID":489,"fid_1":0,"cngmetros":4890,"text":"4+890","angle":135.96682412800001,"Id":0}},{"type":"Feature","id":490,"geometry":{"type":"Point","coordinates":[-74.092116609186036,4.6839417058310362]},"properties":{"FID":490,"fid_1":0,"cngmetros":4900,"text":"4+900","angle":135.96682413400001,"Id":0}},{"type":"Feature","id":491,"geometry":{"type":"Point","coordinates":[-74.09218137661874,4.6840045419567504]},"properties":{"FID":491,"fid_1":0,"cngmetros":4910,"text":"4+910","angle":135.96682413400001,"Id":0}},{"type":"Feature","id":492,"geometry":{"type":"Point","coordinates":[-74.092246144062997,4.6840673780764917]},"properties":{"FID":492,"fid_1":0,"cngmetros":4920,"text":"4+920","angle":135.96682412800001,"Id":0}},{"type":"Feature","id":493,"geometry":{"type":"Point","coordinates":[-74.092310911518837,4.6841302141902528]},"properties":{"FID":493,"fid_1":0,"cngmetros":4930,"text":"4+930","angle":135.96682412800001,"Id":0}},{"type":"Feature","id":494,"geometry":{"type":"Point","coordinates":[-74.09237567898623,4.6841930502980285]},"properties":{"FID":494,"fid_1":0,"cngmetros":4940,"text":"4+940","angle":135.96682412800001,"Id":0}},{"type":"Feature","id":495,"geometry":{"type":"Point","coordinates":[-74.092440446465204,4.684255886399832]},"properties":{"FID":495,"fid_1":0,"cngmetros":4950,"text":"4+950","angle":135.96682412800001,"Id":0}},{"type":"Feature","id":496,"geometry":{"type":"Point","coordinates":[-74.092505213955747,4.6843187224956697]},"properties":{"FID":496,"fid_1":0,"cngmetros":4960,"text":"4+960","angle":135.96682413400001,"Id":0}},{"type":"Feature","id":497,"geometry":{"type":"Point","coordinates":[-74.092569981457856,4.6843815585855095]},"properties":{"FID":497,"fid_1":0,"cngmetros":4970,"text":"4+970","angle":135.96682413400001,"Id":0}},{"type":"Feature","id":498,"geometry":{"type":"Point","coordinates":[-74.09263474897152,4.6844443946693906]},"properties":{"FID":498,"fid_1":0,"cngmetros":4980,"text":"4+980","angle":135.96682413400001,"Id":0}},{"type":"Feature","id":499,"geometry":{"type":"Point","coordinates":[-74.092699516496765,4.6845072307472799]},"properties":{"FID":499,"fid_1":0,"cngmetros":4990,"text":"4+990","angle":135.96682412800001,"Id":0}},{"type":"Feature","id":500,"geometry":{"type":"Point","coordinates":[-74.092764284033578,4.6845700668191981]},"properties":{"FID":500,"fid_1":0,"cngmetros":5000,"text":"5+000","angle":135.96682412800001,"Id":0}},{"type":"Feature","id":501,"geometry":{"type":"Point","coordinates":[-74.092829051581958,4.6846329028851352]},"properties":{"FID":501,"fid_1":0,"cngmetros":5010,"text":"5+010","angle":135.96682412800001,"Id":0}},{"type":"Feature","id":502,"geometry":{"type":"Point","coordinates":[-74.092893819141892,4.6846957389450949]},"properties":{"FID":502,"fid_1":0,"cngmetros":5020,"text":"5+020","angle":135.96682413400001,"Id":0}},{"type":"Feature","id":503,"geometry":{"type":"Point","coordinates":[-74.092958586713408,4.6847585749990781]},"properties":{"FID":503,"fid_1":0,"cngmetros":5030,"text":"5+030","angle":135.96682412800001,"Id":0}},{"type":"Feature","id":504,"geometry":{"type":"Point","coordinates":[-74.093023354296491,4.6848214110470794]},"properties":{"FID":504,"fid_1":0,"cngmetros":5040,"text":"5+040","angle":135.96682412800001,"Id":0}},{"type":"Feature","id":505,"geometry":{"type":"Point","coordinates":[-74.093088121891142,4.6848842470891015]},"properties":{"FID":505,"fid_1":0,"cngmetros":5050,"text":"5+050","angle":135.96682413400001,"Id":0}},{"type":"Feature","id":506,"geometry":{"type":"Point","coordinates":[-74.093152889497361,4.6849470831251425]},"properties":{"FID":506,"fid_1":0,"cngmetros":5060,"text":"5+060","angle":135.96682413400001,"Id":0}},{"type":"Feature","id":507,"geometry":{"type":"Point","coordinates":[-74.093217657115147,4.6850099191552079]},"properties":{"FID":507,"fid_1":0,"cngmetros":5070,"text":"5+070","angle":135.96682412800001,"Id":0}},{"type":"Feature","id":508,"geometry":{"type":"Point","coordinates":[-74.093282424744515,4.6850727551792843]},"properties":{"FID":508,"fid_1":0,"cngmetros":5080,"text":"5+080","angle":135.96682412800001,"Id":0}},{"type":"Feature","id":509,"geometry":{"type":"Point","coordinates":[-74.093347192385423,4.6851355911973878]},"properties":{"FID":509,"fid_1":0,"cngmetros":5090,"text":"5+090","angle":135.96682412800001,"Id":0}},{"type":"Feature","id":510,"geometry":{"type":"Point","coordinates":[-74.093411960037926,4.6851984272095111]},"properties":{"FID":510,"fid_1":0,"cngmetros":5100,"text":"5+100","angle":135.96682413400001,"Id":0}},{"type":"Feature","id":511,"geometry":{"type":"Point","coordinates":[-74.093476727701997,4.6852612632156463]},"properties":{"FID":511,"fid_1":0,"cngmetros":5110,"text":"5+110","angle":135.96682413400001,"Id":0}},{"type":"Feature","id":512,"geometry":{"type":"Point","coordinates":[-74.093541495377622,4.6853240992158156]},"properties":{"FID":512,"fid_1":0,"cngmetros":5120,"text":"5+120","angle":135.96682412800001,"Id":0}},{"type":"Feature","id":513,"geometry":{"type":"Point","coordinates":[-74.093606263064828,4.6853869352099879]},"properties":{"FID":513,"fid_1":0,"cngmetros":5130,"text":"5+130","angle":135.96682412800001,"Id":0}},{"type":"Feature","id":514,"geometry":{"type":"Point","coordinates":[-74.093671030763602,4.6854497711981802]},"properties":{"FID":514,"fid_1":0,"cngmetros":5140,"text":"5+140","angle":135.96682412800001,"Id":0}},{"type":"Feature","id":515,"geometry":{"type":"Point","coordinates":[-74.093735798473958,4.6855126071804003]},"properties":{"FID":515,"fid_1":0,"cngmetros":5150,"text":"5+150","angle":135.96682412800001,"Id":0}},{"type":"Feature","id":516,"geometry":{"type":"Point","coordinates":[-74.093800566195867,4.6855754431566297]},"properties":{"FID":516,"fid_1":0,"cngmetros":5160,"text":"5+160","angle":135.96682412800001,"Id":0}},{"type":"Feature","id":517,"geometry":{"type":"Point","coordinates":[-74.093865333929358,4.6856382791268789]},"properties":{"FID":517,"fid_1":0,"cngmetros":5170,"text":"5+170","angle":135.96682413400001,"Id":0}},{"type":"Feature","id":518,"geometry":{"type":"Point","coordinates":[-74.093930101674403,4.6857011150911472]},"properties":{"FID":518,"fid_1":0,"cngmetros":5180,"text":"5+180","angle":135.96682412800001,"Id":0}},{"type":"Feature","id":519,"geometry":{"type":"Point","coordinates":[-74.093994869431043,4.68576395104943]},"properties":{"FID":519,"fid_1":0,"cngmetros":5190,"text":"5+190","angle":135.96682413400001,"Id":0}},{"type":"Feature","id":520,"geometry":{"type":"Point","coordinates":[-74.094059637199237,4.6858267870017283]},"properties":{"FID":520,"fid_1":0,"cngmetros":5200,"text":"5+200","angle":135.96682412800001,"Id":0}},{"type":"Feature","id":521,"geometry":{"type":"Point","coordinates":[-74.094124404978999,4.6858896229480482]},"properties":{"FID":521,"fid_1":0,"cngmetros":5210,"text":"5+210","angle":135.96682412800001,"Id":0}},{"type":"Feature","id":522,"geometry":{"type":"Point","coordinates":[-74.094189174726225,4.6859524568520881]},"properties":{"FID":522,"fid_1":0,"cngmetros":5220,"text":"5+220","angle":136.159615312,"Id":0}},{"type":"Feature","id":523,"geometry":{"type":"Point","coordinates":[-74.094254152889789,4.6860150737758683]},"properties":{"FID":523,"fid_1":0,"cngmetros":5230,"text":"5+230","angle":136.159615312,"Id":0}},{"type":"Feature","id":524,"geometry":{"type":"Point","coordinates":[-74.09431913106495,4.6860776906936312]},"properties":{"FID":524,"fid_1":0,"cngmetros":5240,"text":"5+240","angle":136.15961531799999,"Id":0}},{"type":"Feature","id":525,"geometry":{"type":"Point","coordinates":[-74.094384109251678,4.686140307605366]},"properties":{"FID":525,"fid_1":0,"cngmetros":5250,"text":"5+250","angle":136.15961531799999,"Id":0}},{"type":"Feature","id":526,"geometry":{"type":"Point","coordinates":[-74.094449093077969,4.6862029185739118]},"properties":{"FID":526,"fid_1":0,"cngmetros":5260,"text":"5+260","angle":136.72133440799999,"Id":0}},{"type":"Feature","id":527,"geometry":{"type":"Point","coordinates":[-74.094514680011983,4.686264893309823]},"properties":{"FID":527,"fid_1":0,"cngmetros":5270,"text":"5+270","angle":136.721334396,"Id":0}},{"type":"Feature","id":528,"geometry":{"type":"Point","coordinates":[-74.09458026695755,4.6863268680396057]},"properties":{"FID":528,"fid_1":0,"cngmetros":5280,"text":"5+280","angle":136.721334396,"Id":0}},{"type":"Feature","id":529,"geometry":{"type":"Point","coordinates":[-74.094645853914699,4.6863888427632441]},"properties":{"FID":529,"fid_1":0,"cngmetros":5290,"text":"5+290","angle":136.721334396,"Id":0}},{"type":"Feature","id":530,"geometry":{"type":"Point","coordinates":[-74.094711445043075,4.6864508130164895]},"properties":{"FID":530,"fid_1":0,"cngmetros":5300,"text":"5+300","angle":137.14268019100001,"Id":0}},{"type":"Feature","id":531,"geometry":{"type":"Point","coordinates":[-74.09477748448424,4.6865123021364719]},"properties":{"FID":531,"fid_1":0,"cngmetros":5310,"text":"5+310","angle":137.14268018499999,"Id":0}},{"type":"Feature","id":532,"geometry":{"type":"Point","coordinates":[-74.094843525838641,4.6865737891869284]},"properties":{"FID":532,"fid_1":0,"cngmetros":5320,"text":"5+320","angle":137.34464912799999,"Id":0}},{"type":"Feature","id":533,"geometry":{"type":"Point","coordinates":[-74.094909780923615,4.6866350443473968]},"properties":{"FID":533,"fid_1":0,"cngmetros":5330,"text":"5+330","angle":137.34464913400001,"Id":0}},{"type":"Feature","id":534,"geometry":{"type":"Point","coordinates":[-74.094976036020128,4.6866962995016079]},"properties":{"FID":534,"fid_1":0,"cngmetros":5340,"text":"5+340","angle":137.34464913400001,"Id":0}},{"type":"Feature","id":535,"geometry":{"type":"Point","coordinates":[-74.095042291128195,4.6867575546495566]},"properties":{"FID":535,"fid_1":0,"cngmetros":5350,"text":"5+350","angle":137.34464913400001,"Id":0}},{"type":"Feature","id":536,"geometry":{"type":"Point","coordinates":[-74.095108546247801,4.6868188097912409]},"properties":{"FID":536,"fid_1":0,"cngmetros":5360,"text":"5+360","angle":137.34464913400001,"Id":0}},{"type":"Feature","id":537,"geometry":{"type":"Point","coordinates":[-74.09517480137896,4.686880064926668]},"properties":{"FID":537,"fid_1":0,"cngmetros":5370,"text":"5+370","angle":137.34464912799999,"Id":0}},{"type":"Feature","id":538,"geometry":{"type":"Point","coordinates":[-74.095241056521672,4.6869413200558343]},"properties":{"FID":538,"fid_1":0,"cngmetros":5380,"text":"5+380","angle":137.34464913400001,"Id":0}},{"type":"Feature","id":539,"geometry":{"type":"Point","coordinates":[-74.095307311675924,4.6870025751787416]},"properties":{"FID":539,"fid_1":0,"cngmetros":5390,"text":"5+390","angle":137.34464912799999,"Id":0}},{"type":"Feature","id":540,"geometry":{"type":"Point","coordinates":[-74.095373566841729,4.6870638302953855]},"properties":{"FID":540,"fid_1":0,"cngmetros":5400,"text":"5+400","angle":137.34464912799999,"Id":0}},{"type":"Feature","id":541,"geometry":{"type":"Point","coordinates":[-74.095439822019074,4.687125085405766]},"properties":{"FID":541,"fid_1":0,"cngmetros":5410,"text":"5+410","angle":137.34464913299999,"Id":0}},{"type":"Feature","id":542,"geometry":{"type":"Point","coordinates":[-74.095506077207972,4.6871863405098839]},"properties":{"FID":542,"fid_1":0,"cngmetros":5420,"text":"5+420","angle":137.34464914,"Id":0}},{"type":"Feature","id":543,"geometry":{"type":"Point","coordinates":[-74.095572332408423,4.6872475956077402]},"properties":{"FID":543,"fid_1":0,"cngmetros":5430,"text":"5+430","angle":137.34464913400001,"Id":0}},{"type":"Feature","id":544,"geometry":{"type":"Point","coordinates":[-74.095638587620428,4.6873088506993348]},"properties":{"FID":544,"fid_1":0,"cngmetros":5440,"text":"5+440","angle":137.34464912799999,"Id":0}},{"type":"Feature","id":545,"geometry":{"type":"Point","coordinates":[-74.095704842843972,4.6873701057846633]},"properties":{"FID":545,"fid_1":0,"cngmetros":5450,"text":"5+450","angle":137.34464912799999,"Id":0}},{"type":"Feature","id":546,"geometry":{"type":"Point","coordinates":[-74.095771098079055,4.6874313608637381]},"properties":{"FID":546,"fid_1":0,"cngmetros":5460,"text":"5+460","angle":137.34464912799999,"Id":0}},{"type":"Feature","id":547,"geometry":{"type":"Point","coordinates":[-74.095837353325706,4.6874926159365398]},"properties":{"FID":547,"fid_1":0,"cngmetros":5470,"text":"5+470","angle":137.34464912799999,"Id":0}},{"type":"Feature","id":548,"geometry":{"type":"Point","coordinates":[-74.095903608583882,4.6875538710030842]},"properties":{"FID":548,"fid_1":0,"cngmetros":5480,"text":"5+480","angle":137.34464912799999,"Id":0}},{"type":"Feature","id":549,"geometry":{"type":"Point","coordinates":[-74.095969863853639,4.6876151260633616]},"properties":{"FID":549,"fid_1":0,"cngmetros":5490,"text":"5+490","angle":137.34464912799999,"Id":0}},{"type":"Feature","id":550,"geometry":{"type":"Point","coordinates":[-74.096036119134922,4.6876763811173809]},"properties":{"FID":550,"fid_1":0,"cngmetros":5500,"text":"5+500","angle":137.34464913400001,"Id":0}},{"type":"Feature","id":551,"geometry":{"type":"Point","coordinates":[-74.096102374427758,4.6877376361651262]},"properties":{"FID":551,"fid_1":0,"cngmetros":5510,"text":"5+510","angle":137.34464913400001,"Id":0}},{"type":"Feature","id":552,"geometry":{"type":"Point","coordinates":[-74.096168629732148,4.6877988912066124]},"properties":{"FID":552,"fid_1":0,"cngmetros":5520,"text":"5+520","angle":137.34464912799999,"Id":0}},{"type":"Feature","id":553,"geometry":{"type":"Point","coordinates":[-74.096234885048091,4.6878601462418219]},"properties":{"FID":553,"fid_1":0,"cngmetros":5530,"text":"5+530","angle":137.34464912799999,"Id":0}},{"type":"Feature","id":554,"geometry":{"type":"Point","coordinates":[-74.096301140375573,4.6879214012707831]},"properties":{"FID":554,"fid_1":0,"cngmetros":5540,"text":"5+540","angle":137.34464913400001,"Id":0}},{"type":"Feature","id":555,"geometry":{"type":"Point","coordinates":[-74.096367395714623,4.6879826562934701]},"properties":{"FID":555,"fid_1":0,"cngmetros":5550,"text":"5+550","angle":137.34464912799999,"Id":0}},{"type":"Feature","id":556,"geometry":{"type":"Point","coordinates":[-74.096433651065212,4.6880439113098982]},"properties":{"FID":556,"fid_1":0,"cngmetros":5560,"text":"5+560","angle":137.34464912799999,"Id":0}},{"type":"Feature","id":557,"geometry":{"type":"Point","coordinates":[-74.09649990642734,4.6881051663200513]},"properties":{"FID":557,"fid_1":0,"cngmetros":5570,"text":"5+570","angle":137.34464913400001,"Id":0}},{"type":"Feature","id":558,"geometry":{"type":"Point","coordinates":[-74.096566161801036,4.6881664213239427]},"properties":{"FID":558,"fid_1":0,"cngmetros":5580,"text":"5+580","angle":137.34464913400001,"Id":0}},{"type":"Feature","id":559,"geometry":{"type":"Point","coordinates":[-74.096632417186271,4.6882276763215742]},"properties":{"FID":559,"fid_1":0,"cngmetros":5590,"text":"5+590","angle":137.34464912799999,"Id":0}},{"type":"Feature","id":560,"geometry":{"type":"Point","coordinates":[-74.096698672583059,4.688288931312929]},"properties":{"FID":560,"fid_1":0,"cngmetros":5600,"text":"5+600","angle":137.34464912799999,"Id":0}},{"type":"Feature","id":561,"geometry":{"type":"Point","coordinates":[-74.096764927991401,4.6883501862980221]},"properties":{"FID":561,"fid_1":0,"cngmetros":5610,"text":"5+610","angle":137.34464912799999,"Id":0}},{"type":"Feature","id":562,"geometry":{"type":"Point","coordinates":[-74.096831183411297,4.6884114412768509]},"properties":{"FID":562,"fid_1":0,"cngmetros":5620,"text":"5+620","angle":137.34464912799999,"Id":0}},{"type":"Feature","id":563,"geometry":{"type":"Point","coordinates":[-74.096897438842731,4.6884726962494021]},"properties":{"FID":563,"fid_1":0,"cngmetros":5630,"text":"5+630","angle":137.34464912799999,"Id":0}},{"type":"Feature","id":564,"geometry":{"type":"Point","coordinates":[-74.096963694285733,4.6885339512156996]},"properties":{"FID":564,"fid_1":0,"cngmetros":5640,"text":"5+640","angle":137.34464912799999,"Id":0}},{"type":"Feature","id":565,"geometry":{"type":"Point","coordinates":[-74.097029949740289,4.6885952061757239]},"properties":{"FID":565,"fid_1":0,"cngmetros":5650,"text":"5+650","angle":137.34464913400001,"Id":0}},{"type":"Feature","id":566,"geometry":{"type":"Point","coordinates":[-74.09709620520637,4.6886564611294705]},"properties":{"FID":566,"fid_1":0,"cngmetros":5660,"text":"5+660","angle":137.34464914,"Id":0}},{"type":"Feature","id":567,"geometry":{"type":"Point","coordinates":[-74.097162460684032,4.6887177160769555]},"properties":{"FID":567,"fid_1":0,"cngmetros":5670,"text":"5+670","angle":137.34464913400001,"Id":0}},{"type":"Feature","id":568,"geometry":{"type":"Point","coordinates":[-74.097228716173234,4.6887789710181771]},"properties":{"FID":568,"fid_1":0,"cngmetros":5680,"text":"5+680","angle":137.34464912799999,"Id":0}},{"type":"Feature","id":569,"geometry":{"type":"Point","coordinates":[-74.097294971673975,4.6888402259531246]},"properties":{"FID":569,"fid_1":0,"cngmetros":5690,"text":"5+690","angle":137.34464912799999,"Id":0}},{"type":"Feature","id":570,"geometry":{"type":"Point","coordinates":[-74.097361227186283,4.6889014808818059]},"properties":{"FID":570,"fid_1":0,"cngmetros":5700,"text":"5+700","angle":137.34464913400001,"Id":0}},{"type":"Feature","id":571,"geometry":{"type":"Point","coordinates":[-74.097427482710145,4.6889627358042141]},"properties":{"FID":571,"fid_1":0,"cngmetros":5710,"text":"5+710","angle":137.34464912799999,"Id":0}},{"type":"Feature","id":572,"geometry":{"type":"Point","coordinates":[-74.097493738245547,4.6890239907203544]},"properties":{"FID":572,"fid_1":0,"cngmetros":5720,"text":"5+720","angle":137.34464912799999,"Id":0}},{"type":"Feature","id":573,"geometry":{"type":"Point","coordinates":[-74.097559993792515,4.6890852456302259]},"properties":{"FID":573,"fid_1":0,"cngmetros":5730,"text":"5+730","angle":137.34464913400001,"Id":0}},{"type":"Feature","id":574,"geometry":{"type":"Point","coordinates":[-74.097626249351038,4.6891465005338251]},"properties":{"FID":574,"fid_1":0,"cngmetros":5740,"text":"5+740","angle":137.34464913400001,"Id":0}},{"type":"Feature","id":575,"geometry":{"type":"Point","coordinates":[-74.097692504921099,4.6892077554311564]},"properties":{"FID":575,"fid_1":0,"cngmetros":5750,"text":"5+750","angle":137.34464913400001,"Id":0}},{"type":"Feature","id":576,"geometry":{"type":"Point","coordinates":[-74.097758760502714,4.6892690103222199]},"properties":{"FID":576,"fid_1":0,"cngmetros":5760,"text":"5+760","angle":137.34464913299999,"Id":0}},{"type":"Feature","id":577,"geometry":{"type":"Point","coordinates":[-74.097825016095896,4.689330265207011]},"properties":{"FID":577,"fid_1":0,"cngmetros":5770,"text":"5+770","angle":137.34464912799999,"Id":0}},{"type":"Feature","id":578,"geometry":{"type":"Point","coordinates":[-74.097891271700632,4.6893915200855254]},"properties":{"FID":578,"fid_1":0,"cngmetros":5780,"text":"5+780","angle":137.34464912799999,"Id":0}},{"type":"Feature","id":579,"geometry":{"type":"Point","coordinates":[-74.097957527316908,4.6894527749577684]},"properties":{"FID":579,"fid_1":0,"cngmetros":5790,"text":"5+790","angle":137.34464912799999,"Id":0}},{"type":"Feature","id":580,"geometry":{"type":"Point","coordinates":[-74.098023782944736,4.6895140298237488]},"properties":{"FID":580,"fid_1":0,"cngmetros":5800,"text":"5+800","angle":137.34464913400001,"Id":0}},{"type":"Feature","id":581,"geometry":{"type":"Point","coordinates":[-74.098090038584118,4.6895752846834515]},"properties":{"FID":581,"fid_1":0,"cngmetros":5810,"text":"5+810","angle":137.34464913400001,"Id":0}},{"type":"Feature","id":582,"geometry":{"type":"Point","coordinates":[-74.098156294235068,4.6896365395368846]},"properties":{"FID":582,"fid_1":0,"cngmetros":5820,"text":"5+820","angle":137.34464914,"Id":0}},{"type":"Feature","id":583,"geometry":{"type":"Point","coordinates":[-74.098222549897557,4.6896977943840383]},"properties":{"FID":583,"fid_1":0,"cngmetros":5830,"text":"5+830","angle":137.34464913400001,"Id":0}},{"type":"Feature","id":584,"geometry":{"type":"Point","coordinates":[-74.098288805571613,4.6897590492249304]},"properties":{"FID":584,"fid_1":0,"cngmetros":5840,"text":"5+840","angle":137.34464913400001,"Id":0}},{"type":"Feature","id":585,"geometry":{"type":"Point","coordinates":[-74.098355061257209,4.6898203040595492]},"properties":{"FID":585,"fid_1":0,"cngmetros":5850,"text":"5+850","angle":137.34464912799999,"Id":0}},{"type":"Feature","id":586,"geometry":{"type":"Point","coordinates":[-74.098421327672142,4.6898815469982438]},"properties":{"FID":586,"fid_1":0,"cngmetros":5860,"text":"5+860","angle":138.037285852,"Id":0}},{"type":"Feature","id":587,"geometry":{"type":"Point","coordinates":[-74.098488705743875,4.6899415567382565]},"properties":{"FID":587,"fid_1":0,"cngmetros":5870,"text":"5+870","angle":138.037285852,"Id":0}},{"type":"Feature","id":588,"geometry":{"type":"Point","coordinates":[-74.09855608382712,4.6900015664717802]},"properties":{"FID":588,"fid_1":0,"cngmetros":5880,"text":"5+880","angle":138.037285852,"Id":0}},{"type":"Feature","id":589,"geometry":{"type":"Point","coordinates":[-74.098623461921889,4.6900615761988185]},"properties":{"FID":589,"fid_1":0,"cngmetros":5890,"text":"5+890","angle":139.523121691,"Id":0}},{"type":"Feature","id":590,"geometry":{"type":"Point","coordinates":[-74.098690862353777,4.6901215596747443]},"properties":{"FID":590,"fid_1":0,"cngmetros":5900,"text":"5+900","angle":139.52312168500001,"Id":0}},{"type":"Feature","id":591,"geometry":{"type":"Point","coordinates":[-74.098760515505802,4.6901788949980681]},"properties":{"FID":591,"fid_1":0,"cngmetros":5910,"text":"5+910","angle":139.523121691,"Id":0}},{"type":"Feature","id":592,"geometry":{"type":"Point","coordinates":[-74.09883016866921,4.6902362303144516]},"properties":{"FID":592,"fid_1":0,"cngmetros":5920,"text":"5+920","angle":141.00895753399999,"Id":0}},{"type":"Feature","id":593,"geometry":{"type":"Point","coordinates":[-74.098899821843986,4.6902935656239189]},"properties":{"FID":593,"fid_1":0,"cngmetros":5930,"text":"5+930","angle":141.00895752900001,"Id":0}},{"type":"Feature","id":594,"geometry":{"type":"Point","coordinates":[-74.098969486767871,4.6903508862660805]},"properties":{"FID":594,"fid_1":0,"cngmetros":5940,"text":"5+940","angle":141.820291231,"Id":0}},{"type":"Feature","id":595,"geometry":{"type":"Point","coordinates":[-74.099040304728703,4.6904067667745108]},"properties":{"FID":595,"fid_1":0,"cngmetros":5950,"text":"5+950","angle":141.820291231,"Id":0}},{"type":"Feature","id":596,"geometry":{"type":"Point","coordinates":[-74.099111122700819,4.6904626472757807]},"properties":{"FID":596,"fid_1":0,"cngmetros":5960,"text":"5+960","angle":141.820291231,"Id":0}},{"type":"Feature","id":597,"geometry":{"type":"Point","coordinates":[-74.099181940684218,4.6905185277699015]},"properties":{"FID":597,"fid_1":0,"cngmetros":5970,"text":"5+970","angle":141.820291231,"Id":0}},{"type":"Feature","id":598,"geometry":{"type":"Point","coordinates":[-74.099252758678915,4.6905744082568583]},"properties":{"FID":598,"fid_1":0,"cngmetros":5980,"text":"5+980","angle":141.82029122599999,"Id":0}},{"type":"Feature","id":599,"geometry":{"type":"Point","coordinates":[-74.099323576684895,4.690630288736652]},"properties":{"FID":599,"fid_1":0,"cngmetros":5990,"text":"5+990","angle":141.82029122599999,"Id":0}},{"type":"Feature","id":600,"geometry":{"type":"Point","coordinates":[-74.099394394702159,4.690686169209302]},"properties":{"FID":600,"fid_1":0,"cngmetros":6000,"text":"6+000","angle":141.82029122599999,"Id":0}},{"type":"Feature","id":601,"geometry":{"type":"Point","coordinates":[-74.099465212730706,4.6907420496747925]},"properties":{"FID":601,"fid_1":0,"cngmetros":6010,"text":"6+010","angle":141.820291231,"Id":0}},{"type":"Feature","id":602,"geometry":{"type":"Point","coordinates":[-74.099536020827301,4.6907979425775252]},"properties":{"FID":602,"fid_1":0,"cngmetros":6020,"text":"6+020","angle":140.75112548999999,"Id":0}},{"type":"Feature","id":603,"geometry":{"type":"Point","coordinates":[-74.09960578747436,4.6908551389059934]},"properties":{"FID":603,"fid_1":0,"cngmetros":6030,"text":"6+030","angle":140.751125495,"Id":0}},{"type":"Feature","id":604,"geometry":{"type":"Point","coordinates":[-74.099675554132816,4.6909123352275115]},"properties":{"FID":604,"fid_1":0,"cngmetros":6040,"text":"6+040","angle":140.75112548999999,"Id":0}},{"type":"Feature","id":605,"geometry":{"type":"Point","coordinates":[-74.099744484125921,4.6909705297417412]},"properties":{"FID":605,"fid_1":0,"cngmetros":6050,"text":"6+050","angle":139.130518795,"Id":0}},{"type":"Feature","id":606,"geometry":{"type":"Point","coordinates":[-74.099812610675812,4.6910296828132516]},"properties":{"FID":606,"fid_1":0,"cngmetros":6060,"text":"6+060","angle":139.130518795,"Id":0}},{"type":"Feature","id":607,"geometry":{"type":"Point","coordinates":[-74.099880720628988,4.6910888545914773]},"properties":{"FID":607,"fid_1":0,"cngmetros":6070,"text":"6+070","angle":137.509912117,"Id":0}},{"type":"Feature","id":608,"geometry":{"type":"Point","coordinates":[-74.099947152225837,4.6911499174692937]},"properties":{"FID":608,"fid_1":0,"cngmetros":6080,"text":"6+080","angle":137.509912117,"Id":0}},{"type":"Feature","id":609,"geometry":{"type":"Point","coordinates":[-74.10001358383424,4.6912109803408013]},"properties":{"FID":609,"fid_1":0,"cngmetros":6090,"text":"6+090","angle":137.509912117,"Id":0}},{"type":"Feature","id":610,"geometry":{"type":"Point","coordinates":[-74.10007912501078,4.691272991115885]},"properties":{"FID":610,"fid_1":0,"cngmetros":6100,"text":"6+100","angle":135.889305412,"Id":0}},{"type":"Feature","id":611,"geometry":{"type":"Point","coordinates":[-74.100143808855492,4.6913359145586027]},"properties":{"FID":611,"fid_1":0,"cngmetros":6110,"text":"6+110","angle":135.88930541799999,"Id":0}},{"type":"Feature","id":612,"geometry":{"type":"Point","coordinates":[-74.100208484032862,4.6913988468554946]},"properties":{"FID":612,"fid_1":0,"cngmetros":6120,"text":"6+120","angle":135.11258209299999,"Id":0}},{"type":"Feature","id":613,"geometry":{"type":"Point","coordinates":[-74.100272311979708,4.6914626440815148]},"properties":{"FID":613,"fid_1":0,"cngmetros":6130,"text":"6+130","angle":135.11258208699999,"Id":0}},{"type":"Feature","id":614,"geometry":{"type":"Point","coordinates":[-74.100336139938136,4.6915264413016962]},"properties":{"FID":614,"fid_1":0,"cngmetros":6140,"text":"6+140","angle":135.11258209299999,"Id":0}},{"type":"Feature","id":615,"geometry":{"type":"Point","coordinates":[-74.10039996790816,4.6915902385160431]},"properties":{"FID":615,"fid_1":0,"cngmetros":6150,"text":"6+150","angle":135.11258208699999,"Id":0}},{"type":"Feature","id":616,"geometry":{"type":"Point","coordinates":[-74.10046379588978,4.6916540357245502]},"properties":{"FID":616,"fid_1":0,"cngmetros":6160,"text":"6+160","angle":135.11258208699999,"Id":0}},{"type":"Feature","id":617,"geometry":{"type":"Point","coordinates":[-74.100527623882982,4.6917178329272202]},"properties":{"FID":617,"fid_1":0,"cngmetros":6170,"text":"6+170","angle":135.11258208699999,"Id":0}},{"type":"Feature","id":618,"geometry":{"type":"Point","coordinates":[-74.100591451887766,4.6917816301240585]},"properties":{"FID":618,"fid_1":0,"cngmetros":6180,"text":"6+180","angle":135.11258209299999,"Id":0}},{"type":"Feature","id":619,"geometry":{"type":"Point","coordinates":[-74.10065527990416,4.6918454273150525]},"properties":{"FID":619,"fid_1":0,"cngmetros":6190,"text":"6+190","angle":135.11258209299999,"Id":0}},{"type":"Feature","id":620,"geometry":{"type":"Point","coordinates":[-74.100719107932122,4.6919092245002139]},"properties":{"FID":620,"fid_1":0,"cngmetros":6200,"text":"6+200","angle":135.11258208699999,"Id":0}},{"type":"Feature","id":621,"geometry":{"type":"Point","coordinates":[-74.100782935971679,4.6919730216795372]},"properties":{"FID":621,"fid_1":0,"cngmetros":6210,"text":"6+210","angle":135.11258208699999,"Id":0}},{"type":"Feature","id":622,"geometry":{"type":"Point","coordinates":[-74.100846764022833,4.6920368188530217]},"properties":{"FID":622,"fid_1":0,"cngmetros":6220,"text":"6+220","angle":135.11258209299999,"Id":0}},{"type":"Feature","id":623,"geometry":{"type":"Point","coordinates":[-74.100910592085569,4.692100616020662]},"properties":{"FID":623,"fid_1":0,"cngmetros":6230,"text":"6+230","angle":135.11258209299999,"Id":0}},{"type":"Feature","id":624,"geometry":{"type":"Point","coordinates":[-74.100974420159872,4.6921644131824696]},"properties":{"FID":624,"fid_1":0,"cngmetros":6240,"text":"6+240","angle":135.112582081,"Id":0}},{"type":"Feature","id":625,"geometry":{"type":"Point","coordinates":[-74.1010382482458,4.6922282103384347]},"properties":{"FID":625,"fid_1":0,"cngmetros":6250,"text":"6+250","angle":135.11258209299999,"Id":0}},{"type":"Feature","id":626,"geometry":{"type":"Point","coordinates":[-74.101102076343295,4.692292007488561]},"properties":{"FID":626,"fid_1":0,"cngmetros":6260,"text":"6+260","angle":135.11258209299999,"Id":0}},{"type":"Feature","id":627,"geometry":{"type":"Point","coordinates":[-74.101165904452401,4.6923558046328537]},"properties":{"FID":627,"fid_1":0,"cngmetros":6270,"text":"6+270","angle":135.11258208699999,"Id":0}},{"type":"Feature","id":628,"geometry":{"type":"Point","coordinates":[-74.101229732573074,4.692419601771296]},"properties":{"FID":628,"fid_1":0,"cngmetros":6280,"text":"6+280","angle":135.11258208699999,"Id":0}},{"type":"Feature","id":629,"geometry":{"type":"Point","coordinates":[-74.101293560705344,4.6924833989039083]},"properties":{"FID":629,"fid_1":0,"cngmetros":6290,"text":"6+290","angle":135.11258209299999,"Id":0}},{"type":"Feature","id":630,"geometry":{"type":"Point","coordinates":[-74.101357388849209,4.6925471960306764]},"properties":{"FID":630,"fid_1":0,"cngmetros":6300,"text":"6+300","angle":135.11258209299999,"Id":0}},{"type":"Feature","id":631,"geometry":{"type":"Point","coordinates":[-74.101421217004656,4.692610993151602]},"properties":{"FID":631,"fid_1":0,"cngmetros":6310,"text":"6+310","angle":135.11258208699999,"Id":0}},{"type":"Feature","id":632,"geometry":{"type":"Point","coordinates":[-74.1014850451717,4.6926747902666861]},"properties":{"FID":632,"fid_1":0,"cngmetros":6320,"text":"6+320","angle":135.11258208699999,"Id":0}},{"type":"Feature","id":633,"geometry":{"type":"Point","coordinates":[-74.101548873350339,4.6927385873759393]},"properties":{"FID":633,"fid_1":0,"cngmetros":6330,"text":"6+330","angle":135.11258208699999,"Id":0}},{"type":"Feature","id":634,"geometry":{"type":"Point","coordinates":[-74.10161270154056,4.6928023844793394]},"properties":{"FID":634,"fid_1":0,"cngmetros":6340,"text":"6+340","angle":135.11258208699999,"Id":0}},{"type":"Feature","id":635,"geometry":{"type":"Point","coordinates":[-74.101676529742377,4.6928661815768988]},"properties":{"FID":635,"fid_1":0,"cngmetros":6350,"text":"6+350","angle":135.11258208699999,"Id":0}},{"type":"Feature","id":636,"geometry":{"type":"Point","coordinates":[-74.101740357955791,4.6929299786686185]},"properties":{"FID":636,"fid_1":0,"cngmetros":6360,"text":"6+360","angle":135.11258209299999,"Id":0}},{"type":"Feature","id":637,"geometry":{"type":"Point","coordinates":[-74.1018041861808,4.6929937757544984]},"properties":{"FID":637,"fid_1":0,"cngmetros":6370,"text":"6+370","angle":135.11258209299999,"Id":0}},{"type":"Feature","id":638,"geometry":{"type":"Point","coordinates":[-74.101868014417377,4.6930575728345385]},"properties":{"FID":638,"fid_1":0,"cngmetros":6380,"text":"6+380","angle":135.11258208699999,"Id":0}},{"type":"Feature","id":639,"geometry":{"type":"Point","coordinates":[-74.10193184266555,4.6931213699087335]},"properties":{"FID":639,"fid_1":0,"cngmetros":6390,"text":"6+390","angle":135.11258208699999,"Id":0}},{"type":"Feature","id":640,"geometry":{"type":"Point","coordinates":[-74.101995670925334,4.6931851669770825]},"properties":{"FID":640,"fid_1":0,"cngmetros":6400,"text":"6+400","angle":135.11258209299999,"Id":0}},{"type":"Feature","id":641,"geometry":{"type":"Point","coordinates":[-74.102059499196699,4.6932489640395954]},"properties":{"FID":641,"fid_1":0,"cngmetros":6410,"text":"6+410","angle":135.11258208699999,"Id":0}},{"type":"Feature","id":642,"geometry":{"type":"Point","coordinates":[-74.10212332747966,4.6933127610962648]},"properties":{"FID":642,"fid_1":0,"cngmetros":6420,"text":"6+420","angle":135.11258208699999,"Id":0}},{"type":"Feature","id":643,"geometry":{"type":"Point","coordinates":[-74.102187155774203,4.6933765581470883]},"properties":{"FID":643,"fid_1":0,"cngmetros":6430,"text":"6+430","angle":135.11258209299999,"Id":0}},{"type":"Feature","id":644,"geometry":{"type":"Point","coordinates":[-74.102250984080342,4.6934403551920703]},"properties":{"FID":644,"fid_1":0,"cngmetros":6440,"text":"6+440","angle":135.11258209299999,"Id":0}},{"type":"Feature","id":645,"geometry":{"type":"Point","coordinates":[-74.102314812398092,4.6935041522312035]},"properties":{"FID":645,"fid_1":0,"cngmetros":6450,"text":"6+450","angle":135.11258208699999,"Id":0}},{"type":"Feature","id":646,"geometry":{"type":"Point","coordinates":[-74.102378640727423,4.6935679492644855]},"properties":{"FID":646,"fid_1":0,"cngmetros":6460,"text":"6+460","angle":135.11258208699999,"Id":0}},{"type":"Feature","id":647,"geometry":{"type":"Point","coordinates":[-74.102442469068336,4.6936317462919428]},"properties":{"FID":647,"fid_1":0,"cngmetros":6470,"text":"6+470","angle":135.11258209299999,"Id":0}},{"type":"Feature","id":648,"geometry":{"type":"Point","coordinates":[-74.102506297420845,4.6936955433135443]},"properties":{"FID":648,"fid_1":0,"cngmetros":6480,"text":"6+480","angle":135.11258209299999,"Id":0}},{"type":"Feature","id":649,"geometry":{"type":"Point","coordinates":[-74.102570125784965,4.6937593403292981]},"properties":{"FID":649,"fid_1":0,"cngmetros":6490,"text":"6+490","angle":135.11258208699999,"Id":0}},{"type":"Feature","id":650,"geometry":{"type":"Point","coordinates":[-74.102633954160652,4.693823137339213]},"properties":{"FID":650,"fid_1":0,"cngmetros":6500,"text":"6+500","angle":135.11258209299999,"Id":0}},{"type":"Feature","id":651,"geometry":{"type":"Point","coordinates":[-74.102697782547963,4.6938869343432827]},"properties":{"FID":651,"fid_1":0,"cngmetros":6510,"text":"6+510","angle":135.11258209299999,"Id":0}},{"type":"Feature","id":652,"geometry":{"type":"Point","coordinates":[-74.102761610946843,4.6939507313415021]},"properties":{"FID":652,"fid_1":0,"cngmetros":6520,"text":"6+520","angle":135.11258209299999,"Id":0}},{"type":"Feature","id":653,"geometry":{"type":"Point","coordinates":[-74.102825439357332,4.6940145283338763]},"properties":{"FID":653,"fid_1":0,"cngmetros":6530,"text":"6+530","angle":135.11258208699999,"Id":0}},{"type":"Feature","id":654,"geometry":{"type":"Point","coordinates":[-74.102889267779403,4.6940783253204099]},"properties":{"FID":654,"fid_1":0,"cngmetros":6540,"text":"6+540","angle":135.11258209299999,"Id":0}},{"type":"Feature","id":655,"geometry":{"type":"Point","coordinates":[-74.102953096213071,4.6941421223010922]},"properties":{"FID":655,"fid_1":0,"cngmetros":6550,"text":"6+550","angle":135.11258209299999,"Id":0}},{"type":"Feature","id":656,"geometry":{"type":"Point","coordinates":[-74.103016920659925,4.6942059232719089]},"properties":{"FID":656,"fid_1":0,"cngmetros":6560,"text":"6+560","angle":134.86023279,"Id":0}},{"type":"Feature","id":657,"geometry":{"type":"Point","coordinates":[-74.103080255898618,4.6942702131586316]},"properties":{"FID":657,"fid_1":0,"cngmetros":6570,"text":"6+570","angle":134.69931721099999,"Id":0}},{"type":"Feature","id":658,"geometry":{"type":"Point","coordinates":[-74.103143575836555,4.6943345178992741]},"properties":{"FID":658,"fid_1":0,"cngmetros":6580,"text":"6+580","angle":134.24580357400001,"Id":0}},{"type":"Feature","id":659,"geometry":{"type":"Point","coordinates":[-74.103205507920876,4.6944001694683202]},"properties":{"FID":659,"fid_1":0,"cngmetros":6590,"text":"6+590","angle":133.43383918999999,"Id":0}},{"type":"Feature","id":660,"geometry":{"type":"Point","coordinates":[-74.103267415415871,4.6944658435643118]},"properties":{"FID":660,"fid_1":0,"cngmetros":6600,"text":"6+600","angle":132.21349671900001,"Id":0}},{"type":"Feature","id":661,"geometry":{"type":"Point","coordinates":[-74.103326950313331,4.6945336907749553]},"properties":{"FID":661,"fid_1":0,"cngmetros":6610,"text":"6+610","angle":131.205201093,"Id":0}},{"type":"Feature","id":662,"geometry":{"type":"Point","coordinates":[-74.103386437825463,4.6946015771332377]},"properties":{"FID":662,"fid_1":0,"cngmetros":6620,"text":"6+620","angle":128.822388778,"Id":0}},{"type":"Feature","id":663,"geometry":{"type":"Point","coordinates":[-74.103441373093105,4.6946732239365971]},"properties":{"FID":663,"fid_1":0,"cngmetros":6630,"text":"6+630","angle":128.82238878499999,"Id":0}},{"type":"Feature","id":664,"geometry":{"type":"Point","coordinates":[-74.103496308371945,4.6947448707355877]},"properties":{"FID":664,"fid_1":0,"cngmetros":6640,"text":"6+640","angle":126.317101071,"Id":0}},{"type":"Feature","id":665,"geometry":{"type":"Point","coordinates":[-74.103551243661954,4.6948165175302057]},"properties":{"FID":665,"fid_1":0,"cngmetros":6650,"text":"6+650","angle":126.317101064,"Id":0}},{"type":"Feature","id":666,"geometry":{"type":"Point","coordinates":[-74.103602838178261,4.6948905170612756]},"properties":{"FID":666,"fid_1":0,"cngmetros":6660,"text":"6+660","angle":123.81181336,"Id":0}},{"type":"Feature","id":667,"geometry":{"type":"Point","coordinates":[-74.103651327099001,4.6949667037053979]},"properties":{"FID":667,"fid_1":0,"cngmetros":6670,"text":"6+670","angle":123.81181336,"Id":0}},{"type":"Feature","id":668,"geometry":{"type":"Point","coordinates":[-74.103699816030215,4.6950428903460821]},"properties":{"FID":668,"fid_1":0,"cngmetros":6680,"text":"6+680","angle":121.30652567200001,"Id":0}},{"type":"Feature","id":669,"geometry":{"type":"Point","coordinates":[-74.103748217654186,4.6951191276669668]},"properties":{"FID":669,"fid_1":0,"cngmetros":6690,"text":"6+690","angle":118.801237982,"Id":0}},{"type":"Feature","id":670,"geometry":{"type":"Point","coordinates":[-74.103789876293391,4.6951992789614279]},"properties":{"FID":670,"fid_1":0,"cngmetros":6700,"text":"6+700","angle":118.801237978,"Id":0}},{"type":"Feature","id":671,"geometry":{"type":"Point","coordinates":[-74.103831534942046,4.6952794302533016]},"properties":{"FID":671,"fid_1":0,"cngmetros":6710,"text":"6+710","angle":116.29595026299999,"Id":0}},{"type":"Feature","id":672,"geometry":{"type":"Point","coordinates":[-74.103873193600151,4.695359581542597]},"properties":{"FID":672,"fid_1":0,"cngmetros":6720,"text":"6+720","angle":116.29595027400001,"Id":0}},{"type":"Feature","id":673,"geometry":{"type":"Point","coordinates":[-74.103911232014696,4.6954414293384739]},"properties":{"FID":673,"fid_1":0,"cngmetros":6730,"text":"6+730","angle":113.79066256599999,"Id":0}},{"type":"Feature","id":674,"geometry":{"type":"Point","coordinates":[-74.103945754749063,4.6955249246409343]},"properties":{"FID":674,"fid_1":0,"cngmetros":6740,"text":"6+740","angle":113.79066257300001,"Id":0}},{"type":"Feature","id":675,"geometry":{"type":"Point","coordinates":[-74.103980277491573,4.6956084199415704]},"properties":{"FID":675,"fid_1":0,"cngmetros":6750,"text":"6+750","angle":111.286602691,"Id":0}},{"type":"Feature","id":676,"geometry":{"type":"Point","coordinates":[-74.104014711420277,4.6956919486555231]},"properties":{"FID":676,"fid_1":0,"cngmetros":6760,"text":"6+760","angle":109.202403382,"Id":0}},{"type":"Feature","id":677,"geometry":{"type":"Point","coordinates":[-74.104043414856363,4.6957776332045738]},"properties":{"FID":677,"fid_1":0,"cngmetros":6770,"text":"6+770","angle":108.725779524,"Id":0}},{"type":"Feature","id":678,"geometry":{"type":"Point","coordinates":[-74.104072052093173,4.6958633382566042]},"properties":{"FID":678,"fid_1":0,"cngmetros":6780,"text":"6+780","angle":107.35083097,"Id":0}},{"type":"Feature","id":679,"geometry":{"type":"Point","coordinates":[-74.104096479575261,4.6959503470862209]},"properties":{"FID":679,"fid_1":0,"cngmetros":6790,"text":"6+790","angle":105.674635138,"Id":0}},{"type":"Feature","id":680,"geometry":{"type":"Point","coordinates":[-74.104120838558458,4.6960373734277434]},"properties":{"FID":680,"fid_1":0,"cngmetros":6800,"text":"6+800","angle":104.28852968699999,"Id":0}},{"type":"Feature","id":681,"geometry":{"type":"Point","coordinates":[-74.104140888532328,4.6961255013463266]},"properties":{"FID":681,"fid_1":0,"cngmetros":6810,"text":"6+810","angle":102.89796408799999,"Id":0}},{"type":"Feature","id":682,"geometry":{"type":"Point","coordinates":[-74.104160869321021,4.6962136433059527]},"properties":{"FID":682,"fid_1":0,"cngmetros":6820,"text":"6+820","angle":101.21742361699999,"Id":0}},{"type":"Feature","id":683,"geometry":{"type":"Point","coordinates":[-74.104176533097942,4.6963026613820675]},"properties":{"FID":683,"fid_1":0,"cngmetros":6830,"text":"6+830","angle":99.856540078999998,"Id":0}},{"type":"Feature","id":684,"geometry":{"type":"Point","coordinates":[-74.104192118696687,4.6963916910298487]},"properties":{"FID":684,"fid_1":0,"cngmetros":6840,"text":"6+840","angle":97.371081681999996,"Id":0}},{"type":"Feature","id":685,"geometry":{"type":"Point","coordinates":[-74.10420274300192,4.6964814550291809]},"properties":{"FID":685,"fid_1":0,"cngmetros":6850,"text":"6+850","angle":97.371081690300002,"Id":0}},{"type":"Feature","id":686,"geometry":{"type":"Point","coordinates":[-74.104213367309754,4.6965712190281446]},"properties":{"FID":686,"fid_1":0,"cngmetros":6860,"text":"6+860","angle":94.982556636499993,"Id":0}},{"type":"Feature","id":687,"geometry":{"type":"Point","coordinates":[-74.104221083112662,4.696661237346647]},"properties":{"FID":687,"fid_1":0,"cngmetros":6870,"text":"6+870","angle":94.982556636499993,"Id":0}},{"type":"Feature","id":688,"geometry":{"type":"Point","coordinates":[-74.104226095820806,4.6967514920236075]},"properties":{"FID":688,"fid_1":0,"cngmetros":6880,"text":"6+880","angle":92.594031580399999,"Id":0}},{"type":"Feature","id":689,"geometry":{"type":"Point","coordinates":[-74.10423101721166,4.696841748933557]},"properties":{"FID":689,"fid_1":0,"cngmetros":6890,"text":"6+890","angle":90.205506533800005,"Id":0}},{"type":"Feature","id":690,"geometry":{"type":"Point","coordinates":[-74.104230393209818,4.6969321414593779]},"properties":{"FID":690,"fid_1":0,"cngmetros":6900,"text":"6+900","angle":90.205506525399997,"Id":0}},{"type":"Feature","id":691,"geometry":{"type":"Point","coordinates":[-74.104229769207706,4.6970225339849723]},"properties":{"FID":691,"fid_1":0,"cngmetros":6910,"text":"6+910","angle":87.816981474599999,"Id":0}},{"type":"Feature","id":692,"geometry":{"type":"Point","coordinates":[-74.104226251460233,4.6971128155738189]},"properties":{"FID":692,"fid_1":0,"cngmetros":6920,"text":"6+920","angle":87.816981474599999,"Id":0}},{"type":"Feature","id":693,"geometry":{"type":"Point","coordinates":[-74.104219998685892,4.6972029923106495]},"properties":{"FID":693,"fid_1":0,"cngmetros":6930,"text":"6+930","angle":85.428456420499998,"Id":0}},{"type":"Feature","id":694,"geometry":{"type":"Point","coordinates":[-74.104213661535255,4.6972931607825261]},"properties":{"FID":694,"fid_1":0,"cngmetros":6940,"text":"6+940","angle":83.441344965400006,"Id":0}},{"type":"Feature","id":695,"geometry":{"type":"Point","coordinates":[-74.10420241245653,4.6973828481219009]},"properties":{"FID":695,"fid_1":0,"cngmetros":6950,"text":"6+950","angle":82.860072036899993,"Id":0}},{"type":"Feature","id":696,"geometry":{"type":"Point","coordinates":[-74.104191085174321,4.6974725235557768]},"properties":{"FID":696,"fid_1":0,"cngmetros":6960,"text":"6+960","angle":81.360912078400005,"Id":0}},{"type":"Feature","id":697,"geometry":{"type":"Point","coordinates":[-74.104175310899294,4.6975615219900044]},"properties":{"FID":697,"fid_1":0,"cngmetros":6970,"text":"6+970","angle":79.6787037494,"Id":0}},{"type":"Feature","id":698,"geometry":{"type":"Point","coordinates":[-74.104159461164912,4.6976505050214712]},"properties":{"FID":698,"fid_1":0,"cngmetros":6980,"text":"6+980","angle":78.277220751499996,"Id":0}},{"type":"Feature","id":699,"geometry":{"type":"Point","coordinates":[-74.10413932242237,4.697738612569438]},"properties":{"FID":699,"fid_1":0,"cngmetros":6990,"text":"6+990","angle":76.928744999599999,"Id":0}},{"type":"Feature","id":700,"geometry":{"type":"Point","coordinates":[-74.104119108492441,4.6978267008192551]},"properties":{"FID":700,"fid_1":0,"cngmetros":7000,"text":"7+000","angle":75.490054131600004,"Id":0}},{"type":"Feature","id":701,"geometry":{"type":"Point","coordinates":[-74.104094601497792,4.6979136871527905]},"properties":{"FID":701,"fid_1":0,"cngmetros":7010,"text":"7+010","angle":74.034588437099998,"Id":0}},{"type":"Feature","id":702,"geometry":{"type":"Point","coordinates":[-74.104070017713624,4.6980006496156399]},"properties":{"FID":702,"fid_1":0,"cngmetros":7020,"text":"7+020","angle":72.607278056400006,"Id":0}},{"type":"Feature","id":703,"geometry":{"type":"Point","coordinates":[-74.104041211265752,4.6980862993846637]},"properties":{"FID":703,"fid_1":0,"cngmetros":7030,"text":"7+030","angle":71.180461561100003,"Id":0}},{"type":"Feature","id":704,"geometry":{"type":"Point","coordinates":[-74.104012325499909,4.6981719200513545]},"properties":{"FID":704,"fid_1":0,"cngmetros":7040,"text":"7+040","angle":69.736454637799994,"Id":0}},{"type":"Feature","id":705,"geometry":{"type":"Point","coordinates":[-74.103979262052817,4.6982560078375375]},"properties":{"FID":705,"fid_1":0,"cngmetros":7050,"text":"7+050","angle":68.292342943199998,"Id":0}},{"type":"Feature","id":706,"geometry":{"type":"Point","coordinates":[-74.103946121416172,4.6983400628182812]},"properties":{"FID":706,"fid_1":0,"cngmetros":7060,"text":"7+060","angle":66.859374454000005,"Id":0}},{"type":"Feature","id":707,"geometry":{"type":"Point","coordinates":[-74.103908920633728,4.6984223921630841]},"properties":{"FID":707,"fid_1":0,"cngmetros":7070,"text":"7+070","angle":65.437457869400006,"Id":0}},{"type":"Feature","id":708,"geometry":{"type":"Point","coordinates":[-74.103871643827148,4.6985046846222129]},"properties":{"FID":708,"fid_1":0,"cngmetros":7080,"text":"7+080","angle":64.025656553299996,"Id":0}},{"type":"Feature","id":709,"geometry":{"type":"Point","coordinates":[-74.103830418328045,4.6985850611375355]},"properties":{"FID":709,"fid_1":0,"cngmetros":7090,"text":"7+090","angle":62.598090262299998,"Id":0}},{"type":"Feature","id":710,"geometry":{"type":"Point","coordinates":[-74.103789117981236,4.6986653965757723]},"properties":{"FID":710,"fid_1":0,"cngmetros":7100,"text":"7+100","angle":61.1389935021,"Id":0}},{"type":"Feature","id":711,"geometry":{"type":"Point","coordinates":[-74.103743893448865,4.6987435782566713]},"properties":{"FID":711,"fid_1":0,"cngmetros":7110,"text":"7+110","angle":59.688972578399998,"Id":0}},{"type":"Feature","id":712,"geometry":{"type":"Point","coordinates":[-74.103698595556637,4.6988217147498448]},"properties":{"FID":712,"fid_1":0,"cngmetros":7120,"text":"7+120","angle":58.272389491200002,"Id":0}},{"type":"Feature","id":713,"geometry":{"type":"Point","coordinates":[-74.103649566689228,4.6988975529085453]},"properties":{"FID":713,"fid_1":0,"cngmetros":7130,"text":"7+130","angle":56.859741743999997,"Id":0}},{"type":"Feature","id":714,"geometry":{"type":"Point","coordinates":[-74.103600470178975,4.698973344755669]},"properties":{"FID":714,"fid_1":0,"cngmetros":7140,"text":"7+140","angle":55.435032593999999,"Id":0}},{"type":"Feature","id":715,"geometry":{"type":"Point","coordinates":[-74.103547954292438,4.6990467953542572]},"properties":{"FID":715,"fid_1":0,"cngmetros":7150,"text":"7+150","angle":54.162581509299997,"Id":0}},{"type":"Feature","id":716,"geometry":{"type":"Point","coordinates":[-74.103495391971762,4.6991202113450488]},"properties":{"FID":716,"fid_1":0,"cngmetros":7160,"text":"7+160","angle":53.146396244199998,"Id":0}},{"type":"Feature","id":717,"geometry":{"type":"Point","coordinates":[-74.103440462124524,4.6991918625954687]},"properties":{"FID":717,"fid_1":0,"cngmetros":7170,"text":"7+170","angle":52.317979295500002,"Id":0}},{"type":"Feature","id":718,"geometry":{"type":"Point","coordinates":[-74.103385504352758,4.6992634918506759]},"properties":{"FID":718,"fid_1":0,"cngmetros":7180,"text":"7+180","angle":51.635267970100003,"Id":0}},{"type":"Feature","id":719,"geometry":{"type":"Point","coordinates":[-74.103329155986444,4.6993340255719858]},"properties":{"FID":719,"fid_1":0,"cngmetros":7190,"text":"7+190","angle":51.201631303600003,"Id":0}},{"type":"Feature","id":720,"geometry":{"type":"Point","coordinates":[-74.103272799796969,4.6994045529695763]},"properties":{"FID":720,"fid_1":0,"cngmetros":7200,"text":"7+200","angle":50.963536082200001,"Id":0}},{"type":"Feature","id":721,"geometry":{"type":"Point","coordinates":[-74.103216051363233,4.6994747630877658]},"properties":{"FID":721,"fid_1":0,"cngmetros":7210,"text":"7+210","angle":50.963536088700003,"Id":0}},{"type":"Feature","id":722,"geometry":{"type":"Point","coordinates":[-74.103159302918129,4.6995449732010979]},"properties":{"FID":722,"fid_1":0,"cngmetros":7220,"text":"7+220","angle":50.963536086600001,"Id":0}},{"type":"Feature","id":723,"geometry":{"type":"Point","coordinates":[-74.103102554461643,4.6996151833095485]},"properties":{"FID":723,"fid_1":0,"cngmetros":7230,"text":"7+230","angle":50.963536093899997,"Id":0}},{"type":"Feature","id":724,"geometry":{"type":"Point","coordinates":[-74.103045805993759,4.6996853934131355]},"properties":{"FID":724,"fid_1":0,"cngmetros":7240,"text":"7+240","angle":50.963536086600001,"Id":0}},{"type":"Feature","id":725,"geometry":{"type":"Point","coordinates":[-74.10298905751452,4.6997556035118606]},"properties":{"FID":725,"fid_1":0,"cngmetros":7250,"text":"7+250","angle":50.963536088700003,"Id":0}},{"type":"Feature","id":726,"geometry":{"type":"Point","coordinates":[-74.102932309023885,4.6998258136057132]},"properties":{"FID":726,"fid_1":0,"cngmetros":7260,"text":"7+260","angle":50.963536093899997,"Id":0}},{"type":"Feature","id":727,"geometry":{"type":"Point","coordinates":[-74.102875560521895,4.6998960236947003]},"properties":{"FID":727,"fid_1":0,"cngmetros":7270,"text":"7+270","angle":50.963536086600001,"Id":0}},{"type":"Feature","id":728,"geometry":{"type":"Point","coordinates":[-74.102818812008493,4.6999662337788219]},"properties":{"FID":728,"fid_1":0,"cngmetros":7280,"text":"7+280","angle":50.963536093899997,"Id":0}},{"type":"Feature","id":729,"geometry":{"type":"Point","coordinates":[-74.102762063483723,4.700036443858072]},"properties":{"FID":729,"fid_1":0,"cngmetros":7290,"text":"7+290","angle":50.963536086600001,"Id":0}},{"type":"Feature","id":730,"geometry":{"type":"Point","coordinates":[-74.102705314947571,4.7001066539324521]},"properties":{"FID":730,"fid_1":0,"cngmetros":7300,"text":"7+300","angle":50.963536088700003,"Id":0}},{"type":"Feature","id":731,"geometry":{"type":"Point","coordinates":[-74.102648566400049,4.7001768640019712]},"properties":{"FID":731,"fid_1":0,"cngmetros":7310,"text":"7+310","angle":50.963536093899997,"Id":0}},{"type":"Feature","id":732,"geometry":{"type":"Point","coordinates":[-74.10259181784113,4.7002470740666142]},"properties":{"FID":732,"fid_1":0,"cngmetros":7320,"text":"7+320","angle":50.963536082200001,"Id":0}},{"type":"Feature","id":733,"geometry":{"type":"Point","coordinates":[-74.102535069270829,4.7003172841263927]},"properties":{"FID":733,"fid_1":0,"cngmetros":7330,"text":"7+330","angle":50.963536088700003,"Id":0}},{"type":"Feature","id":734,"geometry":{"type":"Point","coordinates":[-74.102478320689158,4.7003874941813022]},"properties":{"FID":734,"fid_1":0,"cngmetros":7340,"text":"7+340","angle":50.963536086600001,"Id":0}},{"type":"Feature","id":735,"geometry":{"type":"Point","coordinates":[-74.102421572096105,4.7004577042313365]},"properties":{"FID":735,"fid_1":0,"cngmetros":7350,"text":"7+350","angle":50.963536088700003,"Id":0}},{"type":"Feature","id":736,"geometry":{"type":"Point","coordinates":[-74.102364823491669,4.7005279142765053]},"properties":{"FID":736,"fid_1":0,"cngmetros":7360,"text":"7+360","angle":50.963536091800002,"Id":0}},{"type":"Feature","id":737,"geometry":{"type":"Point","coordinates":[-74.102308074875836,4.7005981243168078]},"properties":{"FID":737,"fid_1":0,"cngmetros":7370,"text":"7+370","angle":50.963536082200001,"Id":0}},{"type":"Feature","id":738,"geometry":{"type":"Point","coordinates":[-74.102251326248634,4.7006683343522413]},"properties":{"FID":738,"fid_1":0,"cngmetros":7380,"text":"7+380","angle":50.963536088700003,"Id":0}},{"type":"Feature","id":739,"geometry":{"type":"Point","coordinates":[-74.102194577610049,4.700738544382788]},"properties":{"FID":739,"fid_1":0,"cngmetros":7390,"text":"7+390","angle":50.963536091800002,"Id":0}},{"type":"Feature","id":740,"geometry":{"type":"Point","coordinates":[-74.102137828960082,4.7008087544084862]},"properties":{"FID":740,"fid_1":0,"cngmetros":7400,"text":"7+400","angle":50.963536088700003,"Id":0}},{"type":"Feature","id":741,"geometry":{"type":"Point","coordinates":[-74.102081080298731,4.700878964429303]},"properties":{"FID":741,"fid_1":0,"cngmetros":7410,"text":"7+410","angle":50.963536091800002,"Id":0}},{"type":"Feature","id":742,"geometry":{"type":"Point","coordinates":[-74.102024331625984,4.7009491744452454]},"properties":{"FID":742,"fid_1":0,"cngmetros":7420,"text":"7+420","angle":50.963536088700003,"Id":0}},{"type":"Feature","id":743,"geometry":{"type":"Point","coordinates":[-74.101967582941867,4.7010193844563197]},"properties":{"FID":743,"fid_1":0,"cngmetros":7430,"text":"7+430","angle":50.963536088700003,"Id":0}},{"type":"Feature","id":744,"geometry":{"type":"Point","coordinates":[-74.101910834246368,4.7010895944625295]},"properties":{"FID":744,"fid_1":0,"cngmetros":7440,"text":"7+440","angle":50.963536091800002,"Id":0}},{"type":"Feature","id":745,"geometry":{"type":"Point","coordinates":[-74.101854085539472,4.7011598044638649]},"properties":{"FID":745,"fid_1":0,"cngmetros":7450,"text":"7+450","angle":50.963536088700003,"Id":0}},{"type":"Feature","id":746,"geometry":{"type":"Point","coordinates":[-74.101797336821207,4.7012300144603287]},"properties":{"FID":746,"fid_1":0,"cngmetros":7460,"text":"7+460","angle":50.963536091800002,"Id":0}},{"type":"Feature","id":747,"geometry":{"type":"Point","coordinates":[-74.101740588091545,4.7013002244519191]},"properties":{"FID":747,"fid_1":0,"cngmetros":7470,"text":"7+470","angle":50.963536088700003,"Id":0}},{"type":"Feature","id":748,"geometry":{"type":"Point","coordinates":[-74.101683839350514,4.7013704344386342]},"properties":{"FID":748,"fid_1":0,"cngmetros":7480,"text":"7+480","angle":50.963536088700003,"Id":0}},{"type":"Feature","id":749,"geometry":{"type":"Point","coordinates":[-74.101627090598086,4.7014406444204875]},"properties":{"FID":749,"fid_1":0,"cngmetros":7490,"text":"7+490","angle":50.963536087400001,"Id":0}},{"type":"Feature","id":750,"geometry":{"type":"Point","coordinates":[-74.101570341834275,4.7015108543974584]},"properties":{"FID":750,"fid_1":0,"cngmetros":7500,"text":"7+500","angle":50.963536088700003,"Id":0}},{"type":"Feature","id":751,"geometry":{"type":"Point","coordinates":[-74.101513593059082,4.7015810643695604]},"properties":{"FID":751,"fid_1":0,"cngmetros":7510,"text":"7+510","angle":50.963536086600001,"Id":0}},{"type":"Feature","id":752,"geometry":{"type":"Point","coordinates":[-74.101456844272505,4.7016512743367898]},"properties":{"FID":752,"fid_1":0,"cngmetros":7520,"text":"7+520","angle":50.963536088700003,"Id":0}},{"type":"Feature","id":753,"geometry":{"type":"Point","coordinates":[-74.101400095474531,4.7017214842991448]},"properties":{"FID":753,"fid_1":0,"cngmetros":7530,"text":"7+530","angle":50.963536086600001,"Id":0}},{"type":"Feature","id":754,"geometry":{"type":"Point","coordinates":[-74.101343346665189,4.7017916942566202]},"properties":{"FID":754,"fid_1":0,"cngmetros":7540,"text":"7+540","angle":50.963536087400001,"Id":0}},{"type":"Feature","id":755,"geometry":{"type":"Point","coordinates":[-74.101286597844449,4.7018619042092338]},"properties":{"FID":755,"fid_1":0,"cngmetros":7550,"text":"7+550","angle":50.963536088700003,"Id":0}},{"type":"Feature","id":756,"geometry":{"type":"Point","coordinates":[-74.101229849012341,4.7019321141569659]},"properties":{"FID":756,"fid_1":0,"cngmetros":7560,"text":"7+560","angle":50.963536093099997,"Id":0}},{"type":"Feature","id":757,"geometry":{"type":"Point","coordinates":[-74.101173100168822,4.7020023240998308]},"properties":{"FID":757,"fid_1":0,"cngmetros":7570,"text":"7+570","angle":50.963536093899997,"Id":0}},{"type":"Feature","id":758,"geometry":{"type":"Point","coordinates":[-74.101116351313919,4.702072534037816]},"properties":{"FID":758,"fid_1":0,"cngmetros":7580,"text":"7+580","angle":50.963536086600001,"Id":0}},{"type":"Feature","id":759,"geometry":{"type":"Point","coordinates":[-74.101059602447648,4.7021427439709313]},"properties":{"FID":759,"fid_1":0,"cngmetros":7590,"text":"7+590","angle":50.963536093899997,"Id":0}},{"type":"Feature","id":760,"geometry":{"type":"Point","coordinates":[-74.10100285356998,4.7022129538991697]},"properties":{"FID":760,"fid_1":0,"cngmetros":7600,"text":"7+600","angle":50.963536088700003,"Id":0}},{"type":"Feature","id":761,"geometry":{"type":"Point","coordinates":[-74.100946104680929,4.7022831638225311]},"properties":{"FID":761,"fid_1":0,"cngmetros":7610,"text":"7+610","angle":50.963536082200001,"Id":0}},{"type":"Feature","id":762,"geometry":{"type":"Point","coordinates":[-74.100889355780481,4.7023533737410181]},"properties":{"FID":762,"fid_1":0,"cngmetros":7620,"text":"7+620","angle":50.963536093899997,"Id":0}},{"type":"Feature","id":763,"geometry":{"type":"Point","coordinates":[-74.10083260686865,4.7024235836546335]},"properties":{"FID":763,"fid_1":0,"cngmetros":7630,"text":"7+630","angle":50.963536086600001,"Id":0}},{"type":"Feature","id":764,"geometry":{"type":"Point","coordinates":[-74.100775857945436,4.7024937935633675]},"properties":{"FID":764,"fid_1":0,"cngmetros":7640,"text":"7+640","angle":50.963536088700003,"Id":0}},{"type":"Feature","id":765,"geometry":{"type":"Point","coordinates":[-74.100719109010825,4.7025640034672307]},"properties":{"FID":765,"fid_1":0,"cngmetros":7650,"text":"7+650","angle":50.963536086600001,"Id":0}},{"type":"Feature","id":766,"geometry":{"type":"Point","coordinates":[-74.100662360064831,4.7026342133662169]},"properties":{"FID":766,"fid_1":0,"cngmetros":7660,"text":"7+660","angle":50.963536082200001,"Id":0}},{"type":"Feature","id":767,"geometry":{"type":"Point","coordinates":[-74.10060561110744,4.7027044232603279]},"properties":{"FID":767,"fid_1":0,"cngmetros":7670,"text":"7+670","angle":50.963536093899997,"Id":0}},{"type":"Feature","id":768,"geometry":{"type":"Point","coordinates":[-74.10054886213868,4.7027746331495619]},"properties":{"FID":768,"fid_1":0,"cngmetros":7680,"text":"7+680","angle":50.963536086600001,"Id":0}},{"type":"Feature","id":769,"geometry":{"type":"Point","coordinates":[-74.100492113158523,4.702844843033918]},"properties":{"FID":769,"fid_1":0,"cngmetros":7690,"text":"7+690","angle":50.963536088700003,"Id":0}},{"type":"Feature","id":770,"geometry":{"type":"Point","coordinates":[-74.10043536416697,4.7029150529134007]},"properties":{"FID":770,"fid_1":0,"cngmetros":7700,"text":"7+700","angle":50.963536091800002,"Id":0}},{"type":"Feature","id":771,"geometry":{"type":"Point","coordinates":[-74.100378615164033,4.7029852627880029]},"properties":{"FID":771,"fid_1":0,"cngmetros":7710,"text":"7+710","angle":50.963536082200001,"Id":0}},{"type":"Feature","id":772,"geometry":{"type":"Point","coordinates":[-74.100321866149713,4.7030554726577316]},"properties":{"FID":772,"fid_1":0,"cngmetros":7720,"text":"7+720","angle":50.963536093899997,"Id":0}},{"type":"Feature","id":773,"geometry":{"type":"Point","coordinates":[-74.100265117123996,4.7031256825225736]},"properties":{"FID":773,"fid_1":0,"cngmetros":7730,"text":"7+730","angle":50.963536086600001,"Id":0}},{"type":"Feature","id":774,"geometry":{"type":"Point","coordinates":[-74.100208368086896,4.7031958923825536]},"properties":{"FID":774,"fid_1":0,"cngmetros":7740,"text":"7+740","angle":50.963536088700003,"Id":0}},{"type":"Feature","id":775,"geometry":{"type":"Point","coordinates":[-74.1001516190384,4.7032661022376496]},"properties":{"FID":775,"fid_1":0,"cngmetros":7750,"text":"7+750","angle":50.963536091800002,"Id":0}},{"type":"Feature","id":776,"geometry":{"type":"Point","coordinates":[-74.100094869978506,4.7033363120878624]},"properties":{"FID":776,"fid_1":0,"cngmetros":7760,"text":"7+760","angle":50.963536082200001,"Id":0}},{"type":"Feature","id":777,"geometry":{"type":"Point","coordinates":[-74.100038120907229,4.7034065219332071]},"properties":{"FID":777,"fid_1":0,"cngmetros":7770,"text":"7+770","angle":50.963536093899997,"Id":0}},{"type":"Feature","id":778,"geometry":{"type":"Point","coordinates":[-74.099981371824555,4.7034767317736632]},"properties":{"FID":778,"fid_1":0,"cngmetros":7780,"text":"7+780","angle":50.963536082200001,"Id":0}},{"type":"Feature","id":779,"geometry":{"type":"Point","coordinates":[-74.099924622730512,4.7035469416092495]},"properties":{"FID":779,"fid_1":0,"cngmetros":7790,"text":"7+790","angle":50.963536088700003,"Id":0}},{"type":"Feature","id":780,"geometry":{"type":"Point","coordinates":[-74.099867873625058,4.7036171514399472]},"properties":{"FID":780,"fid_1":0,"cngmetros":7800,"text":"7+800","angle":50.963536091800002,"Id":0}},{"type":"Feature","id":781,"geometry":{"type":"Point","coordinates":[-74.099811124508221,4.7036873612657732]},"properties":{"FID":781,"fid_1":0,"cngmetros":7810,"text":"7+810","angle":50.963536088700003,"Id":0}},{"type":"Feature","id":782,"geometry":{"type":"Point","coordinates":[-74.099754375379987,4.7037575710867161]},"properties":{"FID":782,"fid_1":0,"cngmetros":7820,"text":"7+820","angle":50.963536086600001,"Id":0}},{"type":"Feature","id":783,"geometry":{"type":"Point","coordinates":[-74.099697626240371,4.703827780902782]},"properties":{"FID":783,"fid_1":0,"cngmetros":7830,"text":"7+830","angle":50.963536082200001,"Id":0}},{"type":"Feature","id":784,"geometry":{"type":"Point","coordinates":[-74.099640877089357,4.7038979907139655]},"properties":{"FID":784,"fid_1":0,"cngmetros":7840,"text":"7+840","angle":50.963536088700003,"Id":0}},{"type":"Feature","id":785,"geometry":{"type":"Point","coordinates":[-74.099584127926946,4.7039682005202774]},"properties":{"FID":785,"fid_1":0,"cngmetros":7850,"text":"7+850","angle":50.963536091800002,"Id":0}},{"type":"Feature","id":786,"geometry":{"type":"Point","coordinates":[-74.099527378753152,4.7040384103217008]},"properties":{"FID":786,"fid_1":0,"cngmetros":7860,"text":"7+860","angle":50.963536088700003,"Id":0}},{"type":"Feature","id":787,"geometry":{"type":"Point","coordinates":[-74.099470629567975,4.7041086201182436]},"properties":{"FID":787,"fid_1":0,"cngmetros":7870,"text":"7+870","angle":50.963536086600001,"Id":0}},{"type":"Feature","id":788,"geometry":{"type":"Point","coordinates":[-74.099413880371387,4.7041788299099094]},"properties":{"FID":788,"fid_1":0,"cngmetros":7880,"text":"7+880","angle":50.963536087400001,"Id":0}},{"type":"Feature","id":789,"geometry":{"type":"Point","coordinates":[-74.099357131163416,4.7042490396966947]},"properties":{"FID":789,"fid_1":0,"cngmetros":7890,"text":"7+890","angle":50.963536088700003,"Id":0}},{"type":"Feature","id":790,"geometry":{"type":"Point","coordinates":[-74.099300381944047,4.7043192494786013]},"properties":{"FID":790,"fid_1":0,"cngmetros":7900,"text":"7+900","angle":50.963536093899997,"Id":0}},{"type":"Feature","id":791,"geometry":{"type":"Point","coordinates":[-74.099243632713282,4.7043894592556228]},"properties":{"FID":791,"fid_1":0,"cngmetros":7910,"text":"7+910","angle":50.963536088700003,"Id":0}},{"type":"Feature","id":792,"geometry":{"type":"Point","coordinates":[-74.099186883471134,4.7044596690277602]},"properties":{"FID":792,"fid_1":0,"cngmetros":7920,"text":"7+920","angle":50.963536086600001,"Id":0}},{"type":"Feature","id":793,"geometry":{"type":"Point","coordinates":[-74.099130134217575,4.7045298787950296]},"properties":{"FID":793,"fid_1":0,"cngmetros":7930,"text":"7+930","angle":50.963536087400001,"Id":0}},{"type":"Feature","id":794,"geometry":{"type":"Point","coordinates":[-74.099073384952646,4.7046000885573989]},"properties":{"FID":794,"fid_1":0,"cngmetros":7940,"text":"7+940","angle":50.963536086600001,"Id":0}},{"type":"Feature","id":795,"geometry":{"type":"Point","coordinates":[-74.099016635676307,4.7046702983148956]},"properties":{"FID":795,"fid_1":0,"cngmetros":7950,"text":"7+950","angle":50.963536082200001,"Id":0}},{"type":"Feature","id":796,"geometry":{"type":"Point","coordinates":[-74.098959886388585,4.7047405080675162]},"properties":{"FID":796,"fid_1":0,"cngmetros":7960,"text":"7+960","angle":50.963536088700003,"Id":0}},{"type":"Feature","id":797,"geometry":{"type":"Point","coordinates":[-74.098903137089465,4.7048107178152412]},"properties":{"FID":797,"fid_1":0,"cngmetros":7970,"text":"7+970","angle":50.963536086600001,"Id":0}},{"type":"Feature","id":798,"geometry":{"type":"Point","coordinates":[-74.098846387778934,4.7048809275580927]},"properties":{"FID":798,"fid_1":0,"cngmetros":7980,"text":"7+980","angle":50.963536093899997,"Id":0}},{"type":"Feature","id":799,"geometry":{"type":"Point","coordinates":[-74.098789638457035,4.7049511372960611]},"properties":{"FID":799,"fid_1":0,"cngmetros":7990,"text":"7+990","angle":50.963536086600001,"Id":0}},{"type":"Feature","id":800,"geometry":{"type":"Point","coordinates":[-74.098732889123724,4.7050213470291427]},"properties":{"FID":800,"fid_1":0,"cngmetros":8000,"text":"8+000","angle":50.963536082200001,"Id":0}},{"type":"Feature","id":801,"geometry":{"type":"Point","coordinates":[-74.098676139779016,4.7050915567573437]},"properties":{"FID":801,"fid_1":0,"cngmetros":8010,"text":"8+010","angle":50.963536093899997,"Id":0}},{"type":"Feature","id":802,"geometry":{"type":"Point","coordinates":[-74.098619390422925,4.7051617664806589]},"properties":{"FID":802,"fid_1":0,"cngmetros":8020,"text":"8+020","angle":50.963536086600001,"Id":0}},{"type":"Feature","id":803,"geometry":{"type":"Point","coordinates":[-74.098562641055423,4.7052319761990988]},"properties":{"FID":803,"fid_1":0,"cngmetros":8030,"text":"8+030","angle":50.963536093899997,"Id":0}},{"type":"Feature","id":804,"geometry":{"type":"Point","coordinates":[-74.098505891676538,4.7053021859126449]},"properties":{"FID":804,"fid_1":0,"cngmetros":8040,"text":"8+040","angle":50.963536086600001,"Id":0}},{"type":"Feature","id":805,"geometry":{"type":"Point","coordinates":[-74.098449142286256,4.705372395621306]},"properties":{"FID":805,"fid_1":0,"cngmetros":8050,"text":"8+050","angle":50.963536082200001,"Id":0}},{"type":"Feature","id":806,"geometry":{"type":"Point","coordinates":[-74.098392392884577,4.7054426053250928]},"properties":{"FID":806,"fid_1":0,"cngmetros":8060,"text":"8+060","angle":50.963536093899997,"Id":0}},{"type":"Feature","id":807,"geometry":{"type":"Point","coordinates":[-74.098335643471501,4.705512815023984]},"properties":{"FID":807,"fid_1":0,"cngmetros":8070,"text":"8+070","angle":50.963536088700003,"Id":0}},{"type":"Feature","id":808,"geometry":{"type":"Point","coordinates":[-74.098278894047027,4.7055830247180035]},"properties":{"FID":808,"fid_1":0,"cngmetros":8080,"text":"8+080","angle":50.963536093899997,"Id":0}},{"type":"Feature","id":809,"geometry":{"type":"Point","coordinates":[-74.098222144611157,4.7056532344071318]},"properties":{"FID":809,"fid_1":0,"cngmetros":8090,"text":"8+090","angle":50.963536086600001,"Id":0}},{"type":"Feature","id":810,"geometry":{"type":"Point","coordinates":[-74.098165395163889,4.7057234440913689]},"properties":{"FID":810,"fid_1":0,"cngmetros":8100,"text":"8+100","angle":50.963536082200001,"Id":0}},{"type":"Feature","id":811,"geometry":{"type":"Point","coordinates":[-74.098108645705224,4.7057936537707343]},"properties":{"FID":811,"fid_1":0,"cngmetros":8110,"text":"8+110","angle":50.963536091800002,"Id":0}},{"type":"Feature","id":812,"geometry":{"type":"Point","coordinates":[-74.098051896235162,4.7058638634452024]},"properties":{"FID":812,"fid_1":0,"cngmetros":8120,"text":"8+120","angle":50.963536088700003,"Id":0}},{"type":"Feature","id":813,"geometry":{"type":"Point","coordinates":[-74.097995146753703,4.7059340731147925]},"properties":{"FID":813,"fid_1":0,"cngmetros":8130,"text":"8+130","angle":50.963536088700003,"Id":0}},{"type":"Feature","id":814,"geometry":{"type":"Point","coordinates":[-74.097938397260847,4.7060042827794923]},"properties":{"FID":814,"fid_1":0,"cngmetros":8140,"text":"8+140","angle":50.963536091800002,"Id":0}},{"type":"Feature","id":815,"geometry":{"type":"Point","coordinates":[-74.097881647756594,4.7060744924393036]},"properties":{"FID":815,"fid_1":0,"cngmetros":8150,"text":"8+150","angle":50.963536088700003,"Id":0}},{"type":"Feature","id":816,"geometry":{"type":"Point","coordinates":[-74.097824898240944,4.7061447020942344]},"properties":{"FID":816,"fid_1":0,"cngmetros":8160,"text":"8+160","angle":50.963536091800002,"Id":0}},{"type":"Feature","id":817,"geometry":{"type":"Point","coordinates":[-74.097768148713897,4.7062149117442704]},"properties":{"FID":817,"fid_1":0,"cngmetros":8170,"text":"8+170","angle":50.963536082200001,"Id":0}},{"type":"Feature","id":818,"geometry":{"type":"Point","coordinates":[-74.097711399175438,4.7062851213894259]},"properties":{"FID":818,"fid_1":0,"cngmetros":8180,"text":"8+180","angle":50.963536088700003,"Id":0}},{"type":"Feature","id":819,"geometry":{"type":"Point","coordinates":[-74.097654649625596,4.7063553310296982]},"properties":{"FID":819,"fid_1":0,"cngmetros":8190,"text":"8+190","angle":50.963536093899997,"Id":0}},{"type":"Feature","id":820,"geometry":{"type":"Point","coordinates":[-74.097597900064358,4.7064255406650792]},"properties":{"FID":820,"fid_1":0,"cngmetros":8200,"text":"8+200","angle":50.963536088700003,"Id":0}},{"type":"Feature","id":821,"geometry":{"type":"Point","coordinates":[-74.097541150491708,4.7064957502955655]},"properties":{"FID":821,"fid_1":0,"cngmetros":8210,"text":"8+210","angle":50.963536091800002,"Id":0}},{"type":"Feature","id":822,"geometry":{"type":"Point","coordinates":[-74.097484400907661,4.7065659599211784]},"properties":{"FID":822,"fid_1":0,"cngmetros":8220,"text":"8+220","angle":50.963536082200001,"Id":0}},{"type":"Feature","id":823,"geometry":{"type":"Point","coordinates":[-74.097427651312202,4.706636169541893]},"properties":{"FID":823,"fid_1":0,"cngmetros":8230,"text":"8+230","angle":50.963536086600001,"Id":0}},{"type":"Feature","id":824,"geometry":{"type":"Point","coordinates":[-74.097370901705375,4.7067063791577279]},"properties":{"FID":824,"fid_1":0,"cngmetros":8240,"text":"8+240","angle":50.963536093899997,"Id":0}},{"type":"Feature","id":825,"geometry":{"type":"Point","coordinates":[-74.097314152087122,4.7067765887686699]},"properties":{"FID":825,"fid_1":0,"cngmetros":8250,"text":"8+250","angle":50.963536088700003,"Id":0}},{"type":"Feature","id":826,"geometry":{"type":"Point","coordinates":[-74.097257402457487,4.7068467983747171]},"properties":{"FID":826,"fid_1":0,"cngmetros":8260,"text":"8+260","angle":50.963536086600001,"Id":0}},{"type":"Feature","id":827,"geometry":{"type":"Point","coordinates":[-74.09720065281644,4.7069170079758873]},"properties":{"FID":827,"fid_1":0,"cngmetros":8270,"text":"8+270","angle":50.963536082200001,"Id":0}},{"type":"Feature","id":828,"geometry":{"type":"Point","coordinates":[-74.097143903163996,4.7069872175721601]},"properties":{"FID":828,"fid_1":0,"cngmetros":8280,"text":"8+280","angle":50.963536086600001,"Id":0}},{"type":"Feature","id":829,"geometry":{"type":"Point","coordinates":[-74.097087153500141,4.7070574271635506]},"properties":{"FID":829,"fid_1":0,"cngmetros":8290,"text":"8+290","angle":50.963536093899997,"Id":0}},{"type":"Feature","id":830,"geometry":{"type":"Point","coordinates":[-74.097030403824888,4.7071276367500428]},"properties":{"FID":830,"fid_1":0,"cngmetros":8300,"text":"8+300","angle":50.963536088700003,"Id":0}},{"type":"Feature","id":831,"geometry":{"type":"Point","coordinates":[-74.096973654138253,4.7071978463316526]},"properties":{"FID":831,"fid_1":0,"cngmetros":8310,"text":"8+310","angle":50.963536086600001,"Id":0}},{"type":"Feature","id":832,"geometry":{"type":"Point","coordinates":[-74.096916904440207,4.7072680559083722]},"properties":{"FID":832,"fid_1":0,"cngmetros":8320,"text":"8+320","angle":50.963536087400001,"Id":0}},{"type":"Feature","id":833,"geometry":{"type":"Point","coordinates":[-74.096860154730749,4.7073382654802014]},"properties":{"FID":833,"fid_1":0,"cngmetros":8330,"text":"8+330","angle":50.963536086600001,"Id":0}},{"type":"Feature","id":834,"geometry":{"type":"Point","coordinates":[-74.096803405009894,4.7074084750471403]},"properties":{"FID":834,"fid_1":0,"cngmetros":8340,"text":"8+340","angle":50.963536087400001,"Id":0}},{"type":"Feature","id":835,"geometry":{"type":"Point","coordinates":[-74.096746655277641,4.7074786846091863]},"properties":{"FID":835,"fid_1":0,"cngmetros":8350,"text":"8+350","angle":50.963536088700003,"Id":0}},{"type":"Feature","id":836,"geometry":{"type":"Point","coordinates":[-74.096689886444622,4.707548878410762]},"properties":{"FID":836,"fid_1":0,"cngmetros":8360,"text":"8+360","angle":50.7229679629,"Id":0}},{"type":"Feature","id":837,"geometry":{"type":"Point","coordinates":[-74.096632161028552,4.707618282692617]},"properties":{"FID":837,"fid_1":0,"cngmetros":8370,"text":"8+370","angle":50.7229679629,"Id":0}},{"type":"Feature","id":838,"geometry":{"type":"Point","coordinates":[-74.096574435601042,4.70768768696942]},"properties":{"FID":838,"fid_1":0,"cngmetros":8380,"text":"8+380","angle":50.722967968200003,"Id":0}},{"type":"Feature","id":839,"geometry":{"type":"Point","coordinates":[-74.096516710162078,4.7077570912411657]},"properties":{"FID":839,"fid_1":0,"cngmetros":8390,"text":"8+390","angle":49.218923549899998,"Id":0}},{"type":"Feature","id":840,"geometry":{"type":"Point","coordinates":[-74.096458916309146,4.7078264355127182]},"properties":{"FID":840,"fid_1":0,"cngmetros":8400,"text":"8+400","angle":49.218923549899998,"Id":0}},{"type":"Feature","id":841,"geometry":{"type":"Point","coordinates":[-74.096398074662815,4.7078931065987755]},"properties":{"FID":841,"fid_1":0,"cngmetros":8410,"text":"8+410","angle":47.714879120100001,"Id":0}},{"type":"Feature","id":842,"geometry":{"type":"Point","coordinates":[-74.096337233004874,4.7079597776792586]},"properties":{"FID":842,"fid_1":0,"cngmetros":8420,"text":"8+420","angle":47.714879120699997,"Id":0}},{"type":"Feature","id":843,"geometry":{"type":"Point","coordinates":[-74.096276391335351,4.7080264487541728]},"properties":{"FID":843,"fid_1":0,"cngmetros":8430,"text":"8+430","angle":46.210834702900002,"Id":0}},{"type":"Feature","id":844,"geometry":{"type":"Point","coordinates":[-74.09621548953001,4.7080930619898869]},"properties":{"FID":844,"fid_1":0,"cngmetros":8440,"text":"8+440","angle":46.210834703099998,"Id":0}},{"type":"Feature","id":845,"geometry":{"type":"Point","coordinates":[-74.096151658514373,4.7081568576166717]},"properties":{"FID":845,"fid_1":0,"cngmetros":8450,"text":"8+450","angle":46.210834702900002,"Id":0}},{"type":"Feature","id":846,"geometry":{"type":"Point","coordinates":[-74.096087827487096,4.7082206532373609]},"properties":{"FID":846,"fid_1":0,"cngmetros":8460,"text":"8+460","angle":44.706790275800003,"Id":0}},{"type":"Feature","id":847,"geometry":{"type":"Point","coordinates":[-74.096023996448196,4.7082844488519555]},"properties":{"FID":847,"fid_1":0,"cngmetros":8470,"text":"8+470","angle":44.706790275800003,"Id":0}},{"type":"Feature","id":848,"geometry":{"type":"Point","coordinates":[-74.095960113258386,4.708348189477582]},"properties":{"FID":848,"fid_1":0,"cngmetros":8480,"text":"8+480","angle":43.2027458552,"Id":0}},{"type":"Feature","id":849,"geometry":{"type":"Point","coordinates":[-74.09589342919837,4.708408976484411]},"properties":{"FID":849,"fid_1":0,"cngmetros":8490,"text":"8+490","angle":43.202745861300002,"Id":0}},{"type":"Feature","id":850,"geometry":{"type":"Point","coordinates":[-74.0958267451268,4.7084697634846195]},"properties":{"FID":850,"fid_1":0,"cngmetros":8500,"text":"8+500","angle":41.6987014376,"Id":0}},{"type":"Feature","id":851,"geometry":{"type":"Point","coordinates":[-74.095760061043663,4.7085305504782111]},"properties":{"FID":851,"fid_1":0,"cngmetros":8510,"text":"8+510","angle":41.6987014376,"Id":0}},{"type":"Feature","id":852,"geometry":{"type":"Point","coordinates":[-74.095693343927792,4.7085913000056756]},"properties":{"FID":852,"fid_1":0,"cngmetros":8520,"text":"8+520","angle":40.726401049499998,"Id":0}},{"type":"Feature","id":853,"geometry":{"type":"Point","coordinates":[-74.095625061539124,4.7086502738797744]},"properties":{"FID":853,"fid_1":0,"cngmetros":8530,"text":"8+530","angle":40.726401047700001,"Id":0}},{"type":"Feature","id":854,"geometry":{"type":"Point","coordinates":[-74.095556779138974,4.7087092477469472]},"properties":{"FID":854,"fid_1":0,"cngmetros":8540,"text":"8+540","angle":40.726401053099998,"Id":0}},{"type":"Feature","id":855,"geometry":{"type":"Point","coordinates":[-74.095488496727341,4.7087682216071922]},"properties":{"FID":855,"fid_1":0,"cngmetros":8550,"text":"8+550","angle":40.726401055799997,"Id":0}},{"type":"Feature","id":856,"geometry":{"type":"Point","coordinates":[-74.095420214304227,4.7088271954605148]},"properties":{"FID":856,"fid_1":0,"cngmetros":8560,"text":"8+560","angle":40.726401055799997,"Id":0}},{"type":"Feature","id":857,"geometry":{"type":"Point","coordinates":[-74.095351931869615,4.7088861693069113]},"properties":{"FID":857,"fid_1":0,"cngmetros":8570,"text":"8+570","angle":40.726401059499999,"Id":0}},{"type":"Feature","id":858,"geometry":{"type":"Point","coordinates":[-74.095283649423536,4.7089451431463756]},"properties":{"FID":858,"fid_1":0,"cngmetros":8580,"text":"8+580","angle":40.726401059499999,"Id":0}},{"type":"Feature","id":859,"geometry":{"type":"Point","coordinates":[-74.095215366965974,4.7090041169789121]},"properties":{"FID":859,"fid_1":0,"cngmetros":8590,"text":"8+590","angle":40.726401061200001,"Id":0}},{"type":"Feature","id":860,"geometry":{"type":"Point","coordinates":[-74.095147084496929,4.7090630908045208]},"properties":{"FID":860,"fid_1":0,"cngmetros":8600,"text":"8+600","angle":40.726401053099998,"Id":0}},{"type":"Feature","id":861,"geometry":{"type":"Point","coordinates":[-74.095078802016388,4.7091220646232026]},"properties":{"FID":861,"fid_1":0,"cngmetros":8610,"text":"8+610","angle":40.726401053099998,"Id":0}},{"type":"Feature","id":862,"geometry":{"type":"Point","coordinates":[-74.095010519524379,4.7091810384349522]},"properties":{"FID":862,"fid_1":0,"cngmetros":8620,"text":"8+620","angle":40.726401047700001,"Id":0}},{"type":"Feature","id":863,"geometry":{"type":"Point","coordinates":[-74.094942237020888,4.7092400122397713]},"properties":{"FID":863,"fid_1":0,"cngmetros":8630,"text":"8+630","angle":40.726401055799997,"Id":0}},{"type":"Feature","id":864,"geometry":{"type":"Point","coordinates":[-74.0948739545059,4.7092989860376644]},"properties":{"FID":864,"fid_1":0,"cngmetros":8640,"text":"8+640","angle":40.726401047700001,"Id":0}},{"type":"Feature","id":865,"geometry":{"type":"Point","coordinates":[-74.094805671979444,4.7093579598286297]},"properties":{"FID":865,"fid_1":0,"cngmetros":8650,"text":"8+650","angle":40.726401059499999,"Id":0}},{"type":"Feature","id":866,"geometry":{"type":"Point","coordinates":[-74.094737389441491,4.7094169336126646]},"properties":{"FID":866,"fid_1":0,"cngmetros":8660,"text":"8+660","angle":40.726401055799997,"Id":0}},{"type":"Feature","id":867,"geometry":{"type":"Point","coordinates":[-74.09466910689207,4.7094759073897574]},"properties":{"FID":867,"fid_1":0,"cngmetros":8670,"text":"8+670","angle":40.726401061200001,"Id":0}},{"type":"Feature","id":868,"geometry":{"type":"Point","coordinates":[-74.094600824331138,4.7095348811599429]},"properties":{"FID":868,"fid_1":0,"cngmetros":8680,"text":"8+680","angle":40.726401053099998,"Id":0}},{"type":"Feature","id":869,"geometry":{"type":"Point","coordinates":[-74.094532541758738,4.7095938549231757]},"properties":{"FID":869,"fid_1":0,"cngmetros":8690,"text":"8+690","angle":40.726401053099998,"Id":0}},{"type":"Feature","id":870,"geometry":{"type":"Point","coordinates":[-74.09446425917487,4.7096528286794923]},"properties":{"FID":870,"fid_1":0,"cngmetros":8700,"text":"8+700","angle":40.726401049499998,"Id":0}},{"type":"Feature","id":871,"geometry":{"type":"Point","coordinates":[-74.094395976579506,4.7097118024288758]},"properties":{"FID":871,"fid_1":0,"cngmetros":8710,"text":"8+710","angle":40.726401053099998,"Id":0}},{"type":"Feature","id":872,"geometry":{"type":"Point","coordinates":[-74.094327693972645,4.7097707761713234]},"properties":{"FID":872,"fid_1":0,"cngmetros":8720,"text":"8+720","angle":40.726401053099998,"Id":0}},{"type":"Feature","id":873,"geometry":{"type":"Point","coordinates":[-74.094259411354315,4.7098297499068371]},"properties":{"FID":873,"fid_1":0,"cngmetros":8730,"text":"8+730","angle":40.726401054,"Id":0}},{"type":"Feature","id":874,"geometry":{"type":"Point","coordinates":[-74.094191128724489,4.7098887236354177]},"properties":{"FID":874,"fid_1":0,"cngmetros":8740,"text":"8+740","angle":40.726401055799997,"Id":0}},{"type":"Feature","id":875,"geometry":{"type":"Point","coordinates":[-74.094122846083195,4.7099476973570766]},"properties":{"FID":875,"fid_1":0,"cngmetros":8750,"text":"8+750","angle":40.726401054,"Id":0}},{"type":"Feature","id":876,"geometry":{"type":"Point","coordinates":[-74.09405456343039,4.7100066710717901]},"properties":{"FID":876,"fid_1":0,"cngmetros":8760,"text":"8+760","angle":40.726401059499999,"Id":0}},{"type":"Feature","id":877,"geometry":{"type":"Point","coordinates":[-74.093986280766117,4.7100656447795837]},"properties":{"FID":877,"fid_1":0,"cngmetros":8770,"text":"8+770","angle":40.726401053099998,"Id":0}},{"type":"Feature","id":878,"geometry":{"type":"Point","coordinates":[-74.093917998090362,4.7101246184804353]},"properties":{"FID":878,"fid_1":0,"cngmetros":8780,"text":"8+780","angle":40.726401054900002,"Id":0}},{"type":"Feature","id":879,"geometry":{"type":"Point","coordinates":[-74.093849715403124,4.7101835921743591]},"properties":{"FID":879,"fid_1":0,"cngmetros":8790,"text":"8+790","angle":40.726401053099998,"Id":0}},{"type":"Feature","id":880,"geometry":{"type":"Point","coordinates":[-74.09378143270439,4.7102425658613472]},"properties":{"FID":880,"fid_1":0,"cngmetros":8800,"text":"8+800","angle":40.726401053099998,"Id":0}},{"type":"Feature","id":881,"geometry":{"type":"Point","coordinates":[-74.093713149994159,4.7103015395414003]},"properties":{"FID":881,"fid_1":0,"cngmetros":8810,"text":"8+810","angle":40.726401055799997,"Id":0}},{"type":"Feature","id":882,"geometry":{"type":"Point","coordinates":[-74.093644867272474,4.7103605132145177]},"properties":{"FID":882,"fid_1":0,"cngmetros":8820,"text":"8+820","angle":40.726401055799997,"Id":0}},{"type":"Feature","id":883,"geometry":{"type":"Point","coordinates":[-74.093576584539278,4.7104194868807028]},"properties":{"FID":883,"fid_1":0,"cngmetros":8830,"text":"8+830","angle":40.726401059499999,"Id":0}},{"type":"Feature","id":884,"geometry":{"type":"Point","coordinates":[-74.0935083017946,4.7104784605399503]},"properties":{"FID":884,"fid_1":0,"cngmetros":8840,"text":"8+840","angle":40.726401059499999,"Id":0}},{"type":"Feature","id":885,"geometry":{"type":"Point","coordinates":[-74.093440019038439,4.7105374341922728]},"properties":{"FID":885,"fid_1":0,"cngmetros":8850,"text":"8+850","angle":40.726401055799997,"Id":0}},{"type":"Feature","id":886,"geometry":{"type":"Point","coordinates":[-74.093371736270811,4.7105964078376568]},"properties":{"FID":886,"fid_1":0,"cngmetros":8860,"text":"8+860","angle":40.726401047700001,"Id":0}},{"type":"Feature","id":887,"geometry":{"type":"Point","coordinates":[-74.093303453491671,4.7106553814761005]},"properties":{"FID":887,"fid_1":0,"cngmetros":8870,"text":"8+870","angle":40.726401053099998,"Id":0}},{"type":"Feature","id":888,"geometry":{"type":"Point","coordinates":[-74.093235170701064,4.7107143551076138]},"properties":{"FID":888,"fid_1":0,"cngmetros":8880,"text":"8+880","angle":40.726401053099998,"Id":0}},{"type":"Feature","id":889,"geometry":{"type":"Point","coordinates":[-74.093166887898946,4.7107733287321931]},"properties":{"FID":889,"fid_1":0,"cngmetros":8890,"text":"8+890","angle":40.726401061200001,"Id":0}},{"type":"Feature","id":890,"geometry":{"type":"Point","coordinates":[-74.093098605085359,4.7108323023498286]},"properties":{"FID":890,"fid_1":0,"cngmetros":8900,"text":"8+900","angle":40.726401059499999,"Id":0}},{"type":"Feature","id":891,"geometry":{"type":"Point","coordinates":[-74.093030322260276,4.7108912759605337]},"properties":{"FID":891,"fid_1":0,"cngmetros":8910,"text":"8+910","angle":40.726401059499999,"Id":0}},{"type":"Feature","id":892,"geometry":{"type":"Point","coordinates":[-74.092962039423711,4.710950249564303]},"properties":{"FID":892,"fid_1":0,"cngmetros":8920,"text":"8+920","angle":40.726401054,"Id":0}},{"type":"Feature","id":893,"geometry":{"type":"Point","coordinates":[-74.092893756575677,4.7110092231611294]},"properties":{"FID":893,"fid_1":0,"cngmetros":8930,"text":"8+930","angle":40.726401055799997,"Id":0}},{"type":"Feature","id":894,"geometry":{"type":"Point","coordinates":[-74.092825473716132,4.7110681967510191]},"properties":{"FID":894,"fid_1":0,"cngmetros":8940,"text":"8+940","angle":40.726401047700001,"Id":0}},{"type":"Feature","id":895,"geometry":{"type":"Point","coordinates":[-74.092757190845106,4.7111271703339801]},"properties":{"FID":895,"fid_1":0,"cngmetros":8950,"text":"8+950","angle":40.726401053099998,"Id":0}},{"type":"Feature","id":896,"geometry":{"type":"Point","coordinates":[-74.09268892675766,4.7111861654827827]},"properties":{"FID":896,"fid_1":0,"cngmetros":8960,"text":"8+960","angle":41.317409533000003,"Id":0}},{"type":"Feature","id":897,"geometry":{"type":"Point","coordinates":[-74.092621542306802,4.711246170276552]},"properties":{"FID":897,"fid_1":0,"cngmetros":8970,"text":"8+970","angle":41.546744304000001,"Id":0}},{"type":"Feature","id":898,"geometry":{"type":"Point","coordinates":[-74.092554193537808,4.7113062142911444]},"properties":{"FID":898,"fid_1":0,"cngmetros":8980,"text":"8+980","angle":42.227426662799999,"Id":0}},{"type":"Feature","id":899,"geometry":{"type":"Point","coordinates":[-74.092488509519839,4.71136808789855]},"properties":{"FID":899,"fid_1":0,"cngmetros":8990,"text":"8+990","angle":43.189386851000002,"Id":0}},{"type":"Feature","id":900,"geometry":{"type":"Point","coordinates":[-74.09242288103853,4.7114300184095903]},"properties":{"FID":900,"fid_1":0,"cngmetros":9000,"text":"9+000","angle":44.258906593100001,"Id":0}},{"type":"Feature","id":901,"geometry":{"type":"Point","coordinates":[-74.092359849204996,4.7114946092336796]},"properties":{"FID":901,"fid_1":0,"cngmetros":9010,"text":"9+010","angle":45.562117540400003,"Id":0}},{"type":"Feature","id":902,"geometry":{"type":"Point","coordinates":[-74.09229688769625,4.7115592658152119]},"properties":{"FID":902,"fid_1":0,"cngmetros":9020,"text":"9+020","angle":47.223634195300001,"Id":0}},{"type":"Feature","id":903,"geometry":{"type":"Point","coordinates":[-74.092237105768049,4.7116268952574485]},"properties":{"FID":903,"fid_1":0,"cngmetros":9030,"text":"9+030","angle":48.595887920000003,"Id":0}},{"type":"Feature","id":904,"geometry":{"type":"Point","coordinates":[-74.092177411788782,4.7116945984029588]},"properties":{"FID":904,"fid_1":0,"cngmetros":9040,"text":"9+040","angle":51.135233559699998,"Id":0}},{"type":"Feature","id":905,"geometry":{"type":"Point","coordinates":[-74.092121731506595,4.7117656649289881]},"properties":{"FID":905,"fid_1":0,"cngmetros":9050,"text":"9+050","angle":51.135233564899998,"Id":0}},{"type":"Feature","id":906,"geometry":{"type":"Point","coordinates":[-74.092066051213052,4.7118367314502771]},"properties":{"FID":906,"fid_1":0,"cngmetros":9060,"text":"9+060","angle":53.669020812200003,"Id":0}},{"type":"Feature","id":907,"geometry":{"type":"Point","coordinates":[-74.092011762728262,4.7119088194576291]},"properties":{"FID":907,"fid_1":0,"cngmetros":9070,"text":"9+070","angle":53.6690208172,"Id":0}},{"type":"Feature","id":908,"geometry":{"type":"Point","coordinates":[-74.091961117270714,4.7119835811755815]},"properties":{"FID":908,"fid_1":0,"cngmetros":9080,"text":"9+080","angle":56.202808033899998,"Id":0}},{"type":"Feature","id":909,"geometry":{"type":"Point","coordinates":[-74.091910471802294,4.712058342889561]},"properties":{"FID":909,"fid_1":0,"cngmetros":9090,"text":"9+090","angle":56.202808040800001,"Id":0}},{"type":"Feature","id":910,"geometry":{"type":"Point","coordinates":[-74.09186241325817,4.7121347380785066]},"properties":{"FID":910,"fid_1":0,"cngmetros":9100,"text":"9+100","angle":58.736595266899997,"Id":0}},{"type":"Feature","id":911,"geometry":{"type":"Point","coordinates":[-74.091817136483897,4.7122128897747499]},"properties":{"FID":911,"fid_1":0,"cngmetros":9110,"text":"9+110","angle":58.736595274000003,"Id":0}},{"type":"Feature","id":912,"geometry":{"type":"Point","coordinates":[-74.091771859699435,4.712291041467747]},"properties":{"FID":912,"fid_1":0,"cngmetros":9120,"text":"9+120","angle":61.270382511699999,"Id":0}},{"type":"Feature","id":913,"geometry":{"type":"Point","coordinates":[-74.091730234292143,4.7123711509354766]},"properties":{"FID":913,"fid_1":0,"cngmetros":9130,"text":"9+130","angle":63.804169740699997,"Id":0}},{"type":"Feature","id":914,"geometry":{"type":"Point","coordinates":[-74.091690633239466,4.712452345811351]},"properties":{"FID":914,"fid_1":0,"cngmetros":9140,"text":"9+140","angle":63.804169740699997,"Id":0}},{"type":"Feature","id":915,"geometry":{"type":"Point","coordinates":[-74.091651032177509,4.7125335406846851]},"properties":{"FID":915,"fid_1":0,"cngmetros":9150,"text":"9+150","angle":66.337956972699999,"Id":0}},{"type":"Feature","id":916,"geometry":{"type":"Point","coordinates":[-74.091615995062909,4.7126167745185583]},"properties":{"FID":916,"fid_1":0,"cngmetros":9160,"text":"9+160","angle":66.337956972699999,"Id":0}},{"type":"Feature","id":917,"geometry":{"type":"Point","coordinates":[-74.091582343425131,4.7127006273206185]},"properties":{"FID":917,"fid_1":0,"cngmetros":9170,"text":"9+170","angle":68.871744221200004,"Id":0}},{"type":"Feature","id":918,"geometry":{"type":"Point","coordinates":[-74.091548691779181,4.712784480120753]},"properties":{"FID":918,"fid_1":0,"cngmetros":9180,"text":"9+180","angle":68.871744213400007,"Id":0}},{"type":"Feature","id":919,"geometry":{"type":"Point","coordinates":[-74.091520358375291,4.7128702582088238]},"properties":{"FID":919,"fid_1":0,"cngmetros":9190,"text":"9+190","angle":71.405531448700003,"Id":0}},{"type":"Feature","id":920,"geometry":{"type":"Point","coordinates":[-74.09149289043701,4.7129563496100921]},"properties":{"FID":920,"fid_1":0,"cngmetros":9200,"text":"9+200","angle":73.939318679099998,"Id":0}},{"type":"Feature","id":921,"geometry":{"type":"Point","coordinates":[-74.091465422491837,4.7130424410099865]},"properties":{"FID":921,"fid_1":0,"cngmetros":9210,"text":"9+210","angle":73.939318679099998,"Id":0}},{"type":"Feature","id":922,"geometry":{"type":"Point","coordinates":[-74.091443877616527,4.7131301966614432]},"properties":{"FID":922,"fid_1":0,"cngmetros":9220,"text":"9+220","angle":76.473105923099993,"Id":0}},{"type":"Feature","id":923,"geometry":{"type":"Point","coordinates":[-74.091422782931858,4.713218078807067]},"properties":{"FID":923,"fid_1":0,"cngmetros":9230,"text":"9+230","angle":76.473105921200002,"Id":0}},{"type":"Feature","id":924,"geometry":{"type":"Point","coordinates":[-74.091401688241788,4.7133059609517609]},"properties":{"FID":924,"fid_1":0,"cngmetros":9240,"text":"9+240","angle":79.006893147200003,"Id":0}},{"type":"Feature","id":925,"geometry":{"type":"Point","coordinates":[-74.09138699488868,4.7133951412098707]},"properties":{"FID":925,"fid_1":0,"cngmetros":9250,"text":"9+250","angle":79.006893155399993,"Id":0}},{"type":"Feature","id":926,"geometry":{"type":"Point","coordinates":[-74.09137241396148,4.7134843442667869]},"properties":{"FID":926,"fid_1":0,"cngmetros":9260,"text":"9+260","angle":81.540680375400001,"Id":0}},{"type":"Feature","id":927,"geometry":{"type":"Point","coordinates":[-74.091358018420607,4.7135735708103752]},"properties":{"FID":927,"fid_1":0,"cngmetros":9270,"text":"9+270","angle":84.074467625599993,"Id":0}},{"type":"Feature","id":928,"geometry":{"type":"Point","coordinates":[-74.09135003960607,4.7136636102948257]},"properties":{"FID":928,"fid_1":0,"cngmetros":9280,"text":"9+280","angle":84.074467625599993,"Id":0}},{"type":"Feature","id":929,"geometry":{"type":"Point","coordinates":[-74.091342060789344,4.7137536497789307]},"properties":{"FID":929,"fid_1":0,"cngmetros":9290,"text":"9+290","angle":86.608254852399995,"Id":0}},{"type":"Feature","id":930,"geometry":{"type":"Point","coordinates":[-74.091334569236423,4.7138437146016186]},"properties":{"FID":930,"fid_1":0,"cngmetros":9300,"text":"9+300","angle":86.608254852399995,"Id":0}},{"type":"Feature","id":931,"geometry":{"type":"Point","coordinates":[-74.091333227007809,4.713934099202886]},"properties":{"FID":931,"fid_1":0,"cngmetros":9310,"text":"9+310","angle":89.142042091600004,"Id":0}},{"type":"Feature","id":932,"geometry":{"type":"Point","coordinates":[-74.091331884778725,4.7140244838038994]},"properties":{"FID":932,"fid_1":0,"cngmetros":9320,"text":"9+320","angle":89.142042091600004,"Id":0}},{"type":"Feature","id":933,"geometry":{"type":"Point","coordinates":[-74.091331381567542,4.7141148500176522]},"properties":{"FID":933,"fid_1":0,"cngmetros":9330,"text":"9+330","angle":91.675829326900001,"Id":0}},{"type":"Feature","id":934,"geometry":{"type":"Point","coordinates":[-74.091336656257823,4.7142050896088659]},"properties":{"FID":934,"fid_1":0,"cngmetros":9340,"text":"9+340","angle":91.675829318500007,"Id":0}},{"type":"Feature","id":935,"geometry":{"type":"Point","coordinates":[-74.091341930949326,4.7142953291998264]},"properties":{"FID":935,"fid_1":0,"cngmetros":9350,"text":"9+350","angle":94.209616552599996,"Id":0}},{"type":"Feature","id":936,"geometry":{"type":"Point","coordinates":[-74.09134848911215,4.7143854460028907]},"properties":{"FID":936,"fid_1":0,"cngmetros":9360,"text":"9+360","angle":96.743403794700001,"Id":0}},{"type":"Feature","id":937,"geometry":{"type":"Point","coordinates":[-74.09136030809735,4.7144750595109111]},"properties":{"FID":937,"fid_1":0,"cngmetros":9370,"text":"9+370","angle":96.743403794700001,"Id":0}},{"type":"Feature","id":938,"geometry":{"type":"Point","coordinates":[-74.091372127085435,4.7145646730185424]},"properties":{"FID":938,"fid_1":0,"cngmetros":9380,"text":"9+380","angle":99.277191029400001,"Id":0}},{"type":"Feature","id":939,"geometry":{"type":"Point","coordinates":[-74.091385802061566,4.7146539712786577]},"properties":{"FID":939,"fid_1":0,"cngmetros":9390,"text":"9+390","angle":99.277191021199997,"Id":0}},{"type":"Feature","id":940,"geometry":{"type":"Point","coordinates":[-74.091404042321784,4.7147424941056135]},"properties":{"FID":940,"fid_1":0,"cngmetros":9400,"text":"9+400","angle":101.810978267,"Id":0}},{"type":"Feature","id":941,"geometry":{"type":"Point","coordinates":[-74.091422282586478,4.7148310169319201]},"properties":{"FID":941,"fid_1":0,"cngmetros":9410,"text":"9+410","angle":101.810978267,"Id":0}},{"type":"Feature","id":942,"geometry":{"type":"Point","coordinates":[-74.091443103712223,4.7149189072600937]},"properties":{"FID":942,"fid_1":0,"cngmetros":9420,"text":"9+420","angle":104.344765494,"Id":0}},{"type":"Feature","id":943,"geometry":{"type":"Point","coordinates":[-74.091467595611917,4.7150058979822358]},"properties":{"FID":943,"fid_1":0,"cngmetros":9430,"text":"9+430","angle":106.87855273700001,"Id":0}},{"type":"Feature","id":944,"geometry":{"type":"Point","coordinates":[-74.091492087517608,4.7150928887033716]},"properties":{"FID":944,"fid_1":0,"cngmetros":9440,"text":"9+440","angle":106.87855273700001,"Id":0}},{"type":"Feature","id":945,"geometry":{"type":"Point","coordinates":[-74.091520048334473,4.7151787626288071]},"properties":{"FID":945,"fid_1":0,"cngmetros":9450,"text":"9+450","angle":109.41233997099999,"Id":0}},{"type":"Feature","id":946,"geometry":{"type":"Point","coordinates":[-74.091550580410015,4.7152638087527485]},"properties":{"FID":946,"fid_1":0,"cngmetros":9460,"text":"9+460","angle":109.41233997099999,"Id":0}},{"type":"Feature","id":947,"geometry":{"type":"Point","coordinates":[-74.091581112492875,4.7153488548752307]},"properties":{"FID":947,"fid_1":0,"cngmetros":9470,"text":"9+470","angle":111.946127205,"Id":0}},{"type":"Feature","id":948,"geometry":{"type":"Point","coordinates":[-74.091616161060372,4.7154320893098411]},"properties":{"FID":948,"fid_1":0,"cngmetros":9480,"text":"9+480","angle":111.946127205,"Id":0}},{"type":"Feature","id":949,"geometry":{"type":"Point","coordinates":[-74.091652485563998,4.715514811931917]},"properties":{"FID":949,"fid_1":0,"cngmetros":9490,"text":"9+490","angle":114.47991443799999,"Id":0}},{"type":"Feature","id":950,"geometry":{"type":"Point","coordinates":[-74.091688978790287,4.7155974538575638]},"properties":{"FID":950,"fid_1":0,"cngmetros":9500,"text":"9+500","angle":116.59610628900001,"Id":0}},{"type":"Feature","id":951,"geometry":{"type":"Point","coordinates":[-74.091730163185233,4.7156778520423179]},"properties":{"FID":951,"fid_1":0,"cngmetros":9510,"text":"9+510","angle":117.111771304,"Id":0}},{"type":"Feature","id":952,"geometry":{"type":"Point","coordinates":[-74.091771480466875,4.7157581775626189]},"properties":{"FID":952,"fid_1":0,"cngmetros":9520,"text":"9+520","angle":118.54133420700001,"Id":0}},{"type":"Feature","id":953,"geometry":{"type":"Point","coordinates":[-74.091816508294528,4.7158364740295626]},"properties":{"FID":953,"fid_1":0,"cngmetros":9530,"text":"9+530","angle":120.144889581,"Id":0}},{"type":"Feature","id":954,"geometry":{"type":"Point","coordinates":[-74.091861638282651,4.7159147086766033]},"properties":{"FID":954,"fid_1":0,"cngmetros":9540,"text":"9+540","angle":121.339563709,"Id":0}},{"type":"Feature","id":955,"geometry":{"type":"Point","coordinates":[-74.091909663372618,4.7159911913396693]},"properties":{"FID":955,"fid_1":0,"cngmetros":9550,"text":"9+550","angle":122.289913545,"Id":0}},{"type":"Feature","id":956,"geometry":{"type":"Point","coordinates":[-74.091957751562489,4.7160676330460438]},"properties":{"FID":956,"fid_1":0,"cngmetros":9560,"text":"9+560","angle":123.124730955,"Id":0}},{"type":"Feature","id":957,"geometry":{"type":"Point","coordinates":[-74.092007605910496,4.7161429282883001]},"properties":{"FID":957,"fid_1":0,"cngmetros":9570,"text":"9+570","angle":123.689301825,"Id":0}},{"type":"Feature","id":958,"geometry":{"type":"Point","coordinates":[-74.092057487617708,4.7162182050884187]},"properties":{"FID":958,"fid_1":0,"cngmetros":9580,"text":"9+580","angle":124.210590749,"Id":0}},{"type":"Feature","id":959,"geometry":{"type":"Point","coordinates":[-74.092108138499526,4.7162929633110791]},"properties":{"FID":959,"fid_1":0,"cngmetros":9590,"text":"9+590","angle":124.21059075300001,"Id":0}},{"type":"Feature","id":960,"geometry":{"type":"Point","coordinates":[-74.092158789392116,4.7163677215300126]},"properties":{"FID":960,"fid_1":0,"cngmetros":9600,"text":"9+600","angle":124.21059075300001,"Id":0}},{"type":"Feature","id":961,"geometry":{"type":"Point","coordinates":[-74.092209440295491,4.716442479745206]},"properties":{"FID":961,"fid_1":0,"cngmetros":9610,"text":"9+610","angle":124.21059075300001,"Id":0}},{"type":"Feature","id":962,"geometry":{"type":"Point","coordinates":[-74.092260091209653,4.7165172379566753]},"properties":{"FID":962,"fid_1":0,"cngmetros":9620,"text":"9+620","angle":124.210590747,"Id":0}},{"type":"Feature","id":963,"geometry":{"type":"Point","coordinates":[-74.0923107421346,4.7165919961644267]},"properties":{"FID":963,"fid_1":0,"cngmetros":9630,"text":"9+630","angle":124.21059075300001,"Id":0}},{"type":"Feature","id":964,"geometry":{"type":"Point","coordinates":[-74.092361393070334,4.7166667543684362]},"properties":{"FID":964,"fid_1":0,"cngmetros":9640,"text":"9+640","angle":124.210590749,"Id":0}},{"type":"Feature","id":965,"geometry":{"type":"Point","coordinates":[-74.092412044016839,4.7167415125687189]},"properties":{"FID":965,"fid_1":0,"cngmetros":9650,"text":"9+650","angle":124.21059075300001,"Id":0}},{"type":"Feature","id":966,"geometry":{"type":"Point","coordinates":[-74.092462694974131,4.7168162707652721]},"properties":{"FID":966,"fid_1":0,"cngmetros":9660,"text":"9+660","angle":124.21059075300001,"Id":0}},{"type":"Feature","id":967,"geometry":{"type":"Point","coordinates":[-74.092513345942209,4.7168910289581012]},"properties":{"FID":967,"fid_1":0,"cngmetros":9670,"text":"9+670","angle":124.21059074599999,"Id":0}},{"type":"Feature","id":968,"geometry":{"type":"Point","coordinates":[-74.092563996921072,4.7169657871471911]},"properties":{"FID":968,"fid_1":0,"cngmetros":9680,"text":"9+680","angle":124.21059075300001,"Id":0}},{"type":"Feature","id":969,"geometry":{"type":"Point","coordinates":[-74.092614647910736,4.7170405453325559]},"properties":{"FID":969,"fid_1":0,"cngmetros":9690,"text":"9+690","angle":124.21059075300001,"Id":0}},{"type":"Feature","id":970,"geometry":{"type":"Point","coordinates":[-74.092665298911157,4.7171153035141939]},"properties":{"FID":970,"fid_1":0,"cngmetros":9700,"text":"9+700","angle":124.210590749,"Id":0}},{"type":"Feature","id":971,"geometry":{"type":"Point","coordinates":[-74.092715949922379,4.7171900616920954]},"properties":{"FID":971,"fid_1":0,"cngmetros":9710,"text":"9+710","angle":124.21059075399999,"Id":0}},{"type":"Feature","id":972,"geometry":{"type":"Point","coordinates":[-74.092766600944387,4.7172648198662674]},"properties":{"FID":972,"fid_1":0,"cngmetros":9720,"text":"9+720","angle":124.21059075300001,"Id":0}},{"type":"Feature","id":973,"geometry":{"type":"Point","coordinates":[-74.092817251977166,4.7173395780367056]},"properties":{"FID":973,"fid_1":0,"cngmetros":9730,"text":"9+730","angle":124.210590747,"Id":0}},{"type":"Feature","id":974,"geometry":{"type":"Point","coordinates":[-74.092867903020746,4.7174143362034187]},"properties":{"FID":974,"fid_1":0,"cngmetros":9740,"text":"9+740","angle":124.21059075300001,"Id":0}},{"type":"Feature","id":975,"geometry":{"type":"Point","coordinates":[-74.092918554075112,4.7174890943663925]},"properties":{"FID":975,"fid_1":0,"cngmetros":9750,"text":"9+750","angle":124.210590749,"Id":0}},{"type":"Feature","id":976,"geometry":{"type":"Point","coordinates":[-74.092969205140264,4.7175638525256458]},"properties":{"FID":976,"fid_1":0,"cngmetros":9760,"text":"9+760","angle":124.210590749,"Id":0}},{"type":"Feature","id":977,"geometry":{"type":"Point","coordinates":[-74.093019856216202,4.7176386106811643]},"properties":{"FID":977,"fid_1":0,"cngmetros":9770,"text":"9+770","angle":124.21059075300001,"Id":0}},{"type":"Feature","id":978,"geometry":{"type":"Point","coordinates":[-74.093070507302912,4.7177133688329533]},"properties":{"FID":978,"fid_1":0,"cngmetros":9780,"text":"9+780","angle":124.21059075300001,"Id":0}},{"type":"Feature","id":979,"geometry":{"type":"Point","coordinates":[-74.093121158400422,4.7177881269809978]},"properties":{"FID":979,"fid_1":0,"cngmetros":9790,"text":"9+790","angle":124.21059074599999,"Id":0}},{"type":"Feature","id":980,"geometry":{"type":"Point","coordinates":[-74.093171809508718,4.7178628851253226]},"properties":{"FID":980,"fid_1":0,"cngmetros":9800,"text":"9+800","angle":124.21059075300001,"Id":0}},{"type":"Feature","id":981,"geometry":{"type":"Point","coordinates":[-74.093222460627786,4.7179376432659055]},"properties":{"FID":981,"fid_1":0,"cngmetros":9810,"text":"9+810","angle":124.210590749,"Id":0}},{"type":"Feature","id":982,"geometry":{"type":"Point","coordinates":[-74.093273111757668,4.7180124014027687]},"properties":{"FID":982,"fid_1":0,"cngmetros":9820,"text":"9+820","angle":124.210590749,"Id":0}},{"type":"Feature","id":983,"geometry":{"type":"Point","coordinates":[-74.093323762898322,4.7180871595358891]},"properties":{"FID":983,"fid_1":0,"cngmetros":9830,"text":"9+830","angle":124.21059075300001,"Id":0}},{"type":"Feature","id":984,"geometry":{"type":"Point","coordinates":[-74.093374414049762,4.7181619176652827]},"properties":{"FID":984,"fid_1":0,"cngmetros":9840,"text":"9+840","angle":124.21059075399999,"Id":0}},{"type":"Feature","id":985,"geometry":{"type":"Point","coordinates":[-74.093425065211989,4.7182366757909371]},"properties":{"FID":985,"fid_1":0,"cngmetros":9850,"text":"9+850","angle":124.21059074599999,"Id":0}},{"type":"Feature","id":986,"geometry":{"type":"Point","coordinates":[-74.093475716385015,4.7183114339128576]},"properties":{"FID":986,"fid_1":0,"cngmetros":9860,"text":"9+860","angle":124.21059075300001,"Id":0}},{"type":"Feature","id":987,"geometry":{"type":"Point","coordinates":[-74.093526367568828,4.7183861920310504]},"properties":{"FID":987,"fid_1":0,"cngmetros":9870,"text":"9+870","angle":124.210590749,"Id":0}},{"type":"Feature","id":988,"geometry":{"type":"Point","coordinates":[-74.093577018763426,4.7184609501455057]},"properties":{"FID":988,"fid_1":0,"cngmetros":9880,"text":"9+880","angle":124.210590749,"Id":0}},{"type":"Feature","id":989,"geometry":{"type":"Point","coordinates":[-74.093627669968811,4.718535708256228]},"properties":{"FID":989,"fid_1":0,"cngmetros":9890,"text":"9+890","angle":124.21059075300001,"Id":0}},{"type":"Feature","id":990,"geometry":{"type":"Point","coordinates":[-74.093678321184996,4.7186104663632218]},"properties":{"FID":990,"fid_1":0,"cngmetros":9900,"text":"9+900","angle":124.21059075300001,"Id":0}},{"type":"Feature","id":991,"geometry":{"type":"Point","coordinates":[-74.093728972411952,4.7186852244664754]},"properties":{"FID":991,"fid_1":0,"cngmetros":9910,"text":"9+910","angle":124.21059074599999,"Id":0}},{"type":"Feature","id":992,"geometry":{"type":"Point","coordinates":[-74.093779623649709,4.7187599825659943]},"properties":{"FID":992,"fid_1":0,"cngmetros":9920,"text":"9+920","angle":124.21059075300001,"Id":0}},{"type":"Feature","id":993,"geometry":{"type":"Point","coordinates":[-74.093830274898252,4.7188347406617801]},"properties":{"FID":993,"fid_1":0,"cngmetros":9930,"text":"9+930","angle":124.210590749,"Id":0}},{"type":"Feature","id":994,"geometry":{"type":"Point","coordinates":[-74.093880926157595,4.7189094987538338]},"properties":{"FID":994,"fid_1":0,"cngmetros":9940,"text":"9+940","angle":124.210590749,"Id":0}},{"type":"Feature","id":995,"geometry":{"type":"Point","coordinates":[-74.093931577427725,4.7189842568421456]},"properties":{"FID":995,"fid_1":0,"cngmetros":9950,"text":"9+950","angle":124.21059075399999,"Id":0}},{"type":"Feature","id":996,"geometry":{"type":"Point","coordinates":[-74.09398222870864,4.719059014926728]},"properties":{"FID":996,"fid_1":0,"cngmetros":9960,"text":"9+960","angle":124.21059075300001,"Id":0}},{"type":"Feature","id":997,"geometry":{"type":"Point","coordinates":[-74.094032880000341,4.7191337730075826]},"properties":{"FID":997,"fid_1":0,"cngmetros":9970,"text":"9+970","angle":124.21059075300001,"Id":0}},{"type":"Feature","id":998,"geometry":{"type":"Point","coordinates":[-74.094083531302843,4.7192085310846865]},"properties":{"FID":998,"fid_1":0,"cngmetros":9980,"text":"9+980","angle":124.21059075300001,"Id":0}},{"type":"Feature","id":999,"geometry":{"type":"Point","coordinates":[-74.094134182616131,4.7192832891580654]},"properties":{"FID":999,"fid_1":0,"cngmetros":9990,"text":"9+990","angle":124.210590749,"Id":0}},{"type":"Feature","id":1000,"geometry":{"type":"Point","coordinates":[-74.094184833940218,4.7193580472277086]},"properties":{"FID":1000,"fid_1":0,"cngmetros":10000,"text":"10+000","angle":124.210590749,"Id":0}},{"type":"Feature","id":1001,"geometry":{"type":"Point","coordinates":[-74.094235485275092,4.719432805293609]},"properties":{"FID":1001,"fid_1":0,"cngmetros":10010,"text":"10+010","angle":124.21059075300001,"Id":0}},{"type":"Feature","id":1002,"geometry":{"type":"Point","coordinates":[-74.094286136620752,4.7195075633557773]},"properties":{"FID":1002,"fid_1":0,"cngmetros":10020,"text":"10+020","angle":124.21059074599999,"Id":0}},{"type":"Feature","id":1003,"geometry":{"type":"Point","coordinates":[-74.094336787977213,4.7195823214142099]},"properties":{"FID":1003,"fid_1":0,"cngmetros":10030,"text":"10+030","angle":124.21059075300001,"Id":0}},{"type":"Feature","id":1004,"geometry":{"type":"Point","coordinates":[-74.09438744056628,4.7196570786351861]},"properties":{"FID":1004,"fid_1":0,"cngmetros":10040,"text":"10+040","angle":124.208697194,"Id":0}},{"type":"Feature","id":1005,"geometry":{"type":"Point","coordinates":[-74.094438129800636,4.7197318108544053]},"properties":{"FID":1005,"fid_1":0,"cngmetros":10050,"text":"10+050","angle":124.238154349,"Id":0}},{"type":"Feature","id":1006,"geometry":{"type":"Point","coordinates":[-74.094488836981085,4.7198065307249335]},"properties":{"FID":1006,"fid_1":0,"cngmetros":10060,"text":"10+060","angle":124.31309701799999,"Id":0}},{"type":"Feature","id":1007,"geometry":{"type":"Point","coordinates":[-74.094540088555448,4.719880875890178]},"properties":{"FID":1007,"fid_1":0,"cngmetros":10070,"text":"10+070","angle":124.63867349100001,"Id":0}},{"type":"Feature","id":1008,"geometry":{"type":"Point","coordinates":[-74.094591391402489,4.7199551846525312]},"properties":{"FID":1008,"fid_1":0,"cngmetros":10080,"text":"10+080","angle":125.364643401,"Id":0}},{"type":"Feature","id":1009,"geometry":{"type":"Point","coordinates":[-74.094644233338528,4.7200284005704356]},"properties":{"FID":1009,"fid_1":0,"cngmetros":10090,"text":"10+090","angle":126.01484223,"Id":0}},{"type":"Feature","id":1010,"geometry":{"type":"Point","coordinates":[-74.094697209419451,4.7201015128604684]},"properties":{"FID":1010,"fid_1":0,"cngmetros":10100,"text":"10+100","angle":127.68443049,"Id":0}},{"type":"Feature","id":1011,"geometry":{"type":"Point","coordinates":[-74.09475425884969,4.7201714783282656]},"properties":{"FID":1011,"fid_1":0,"cngmetros":10110,"text":"10+110","angle":127.68443049,"Id":0}},{"type":"Feature","id":1012,"geometry":{"type":"Point","coordinates":[-74.094811308291312,4.7202414437913616]},"properties":{"FID":1012,"fid_1":0,"cngmetros":10120,"text":"10+120","angle":129.825049431,"Id":0}},{"type":"Feature","id":1013,"geometry":{"type":"Point","coordinates":[-74.094868357744346,4.7203114092497502]},"properties":{"FID":1013,"fid_1":0,"cngmetros":10130,"text":"10+130","angle":129.825049436,"Id":0}},{"type":"Feature","id":1014,"geometry":{"type":"Point","coordinates":[-74.094925615352921,4.7203811869294876]},"properties":{"FID":1014,"fid_1":0,"cngmetros":10140,"text":"10+140","angle":131.965668362,"Id":0}},{"type":"Feature","id":1015,"geometry":{"type":"Point","coordinates":[-74.094988920512435,4.7204455089121691]},"properties":{"FID":1015,"fid_1":0,"cngmetros":10150,"text":"10+150","angle":134.10628730299999,"Id":0}},{"type":"Feature","id":1016,"geometry":{"type":"Point","coordinates":[-74.095052225683602,4.7205098308890783]},"properties":{"FID":1016,"fid_1":0,"cngmetros":10160,"text":"10+160","angle":134.10628730299999,"Id":0}},{"type":"Feature","id":1017,"geometry":{"type":"Point","coordinates":[-74.095115530866408,4.7205741528602339]},"properties":{"FID":1017,"fid_1":0,"cngmetros":10170,"text":"10+170","angle":136.24690622,"Id":0}},{"type":"Feature","id":1018,"geometry":{"type":"Point","coordinates":[-74.09517896824083,4.7206383355898112]},"properties":{"FID":1018,"fid_1":0,"cngmetros":10180,"text":"10+180","angle":137.81844543599999,"Id":0}},{"type":"Feature","id":1019,"geometry":{"type":"Point","coordinates":[-74.095246086436831,4.72069864101897]},"properties":{"FID":1019,"fid_1":0,"cngmetros":10190,"text":"10+190","angle":138.08817807400001,"Id":0}},{"type":"Feature","id":1020,"geometry":{"type":"Point","coordinates":[-74.095313254762189,4.7207588889166665]},"properties":{"FID":1020,"fid_1":0,"cngmetros":10200,"text":"10+200","angle":138.87969064999999,"Id":0}},{"type":"Feature","id":1021,"geometry":{"type":"Point","coordinates":[-74.095381800938014,4.7208175553289538]},"properties":{"FID":1021,"fid_1":0,"cngmetros":10210,"text":"10+210","angle":139.63979407100001,"Id":0}},{"type":"Feature","id":1022,"geometry":{"type":"Point","coordinates":[-74.095450367764272,4.7208761972093249]},"properties":{"FID":1022,"fid_1":0,"cngmetros":10220,"text":"10+220","angle":140.122009539,"Id":0}},{"type":"Feature","id":1023,"geometry":{"type":"Point","coordinates":[-74.095519506704477,4.7209341592543232]},"properties":{"FID":1023,"fid_1":0,"cngmetros":10230,"text":"10+230","angle":140.122009529,"Id":0}},{"type":"Feature","id":1024,"geometry":{"type":"Point","coordinates":[-74.095588645656164,4.7209921212924524]},"properties":{"FID":1024,"fid_1":0,"cngmetros":10240,"text":"10+240","angle":140.12200952399999,"Id":0}},{"type":"Feature","id":1025,"geometry":{"type":"Point","coordinates":[-74.095657784619348,4.7210500833237168]},"properties":{"FID":1025,"fid_1":0,"cngmetros":10250,"text":"10+250","angle":140.122009534,"Id":0}},{"type":"Feature","id":1026,"geometry":{"type":"Point","coordinates":[-74.095726923594057,4.7211080453481307]},"properties":{"FID":1026,"fid_1":0,"cngmetros":10260,"text":"10+260","angle":140.122009534,"Id":0}},{"type":"Feature","id":1027,"geometry":{"type":"Point","coordinates":[-74.095796062580234,4.7211660073656656]},"properties":{"FID":1027,"fid_1":0,"cngmetros":10270,"text":"10+270","angle":140.12200952699999,"Id":0}},{"type":"Feature","id":1028,"geometry":{"type":"Point","coordinates":[-74.095865201577922,4.7212239693763518]},"properties":{"FID":1028,"fid_1":0,"cngmetros":10280,"text":"10+280","angle":140.122009529,"Id":0}},{"type":"Feature","id":1029,"geometry":{"type":"Point","coordinates":[-74.095934340587121,4.7212819313801733]},"properties":{"FID":1029,"fid_1":0,"cngmetros":10290,"text":"10+290","angle":140.122009529,"Id":0}},{"type":"Feature","id":1030,"geometry":{"type":"Point","coordinates":[-74.096003479607788,4.72133989337713]},"properties":{"FID":1030,"fid_1":0,"cngmetros":10300,"text":"10+300","angle":140.122009539,"Id":0}},{"type":"Feature","id":1031,"geometry":{"type":"Point","coordinates":[-74.09607261863998,4.7213978553672256]},"properties":{"FID":1031,"fid_1":0,"cngmetros":10310,"text":"10+310","angle":140.122009534,"Id":0}},{"type":"Feature","id":1032,"geometry":{"type":"Point","coordinates":[-74.096141757683654,4.7214558173504617]},"properties":{"FID":1032,"fid_1":0,"cngmetros":10320,"text":"10+320","angle":140.12200952699999,"Id":0}},{"type":"Feature","id":1033,"geometry":{"type":"Point","coordinates":[-74.096210896738839,4.7215137793268251]},"properties":{"FID":1033,"fid_1":0,"cngmetros":10330,"text":"10+330","angle":140.12200952399999,"Id":0}},{"type":"Feature","id":1034,"geometry":{"type":"Point","coordinates":[-74.09628003580552,4.7215717412963292]},"properties":{"FID":1034,"fid_1":0,"cngmetros":10340,"text":"10+340","angle":140.12200952399999,"Id":0}},{"type":"Feature","id":1035,"geometry":{"type":"Point","coordinates":[-74.096349174883699,4.7216297032589685]},"properties":{"FID":1035,"fid_1":0,"cngmetros":10350,"text":"10+350","angle":140.122009534,"Id":0}},{"type":"Feature","id":1036,"geometry":{"type":"Point","coordinates":[-74.096418313973373,4.7216876652147501]},"properties":{"FID":1036,"fid_1":0,"cngmetros":10360,"text":"10+360","angle":140.122009534,"Id":0}},{"type":"Feature","id":1037,"geometry":{"type":"Point","coordinates":[-74.096487453074559,4.7217456271636662]},"properties":{"FID":1037,"fid_1":0,"cngmetros":10370,"text":"10+370","angle":140.12200953300001,"Id":0}},{"type":"Feature","id":1038,"geometry":{"type":"Point","coordinates":[-74.096556592187227,4.7218035891057148]},"properties":{"FID":1038,"fid_1":0,"cngmetros":10380,"text":"10+380","angle":140.12200952699999,"Id":0}},{"type":"Feature","id":1039,"geometry":{"type":"Point","coordinates":[-74.096625731311406,4.7218615510408997]},"properties":{"FID":1039,"fid_1":0,"cngmetros":10390,"text":"10+390","angle":140.12200953600001,"Id":0}},{"type":"Feature","id":1040,"geometry":{"type":"Point","coordinates":[-74.096694870447081,4.7219195129692189]},"properties":{"FID":1040,"fid_1":0,"cngmetros":10400,"text":"10+400","angle":140.12200953000001,"Id":0}},{"type":"Feature","id":1041,"geometry":{"type":"Point","coordinates":[-74.096764009594253,4.7219774748906715]},"properties":{"FID":1041,"fid_1":0,"cngmetros":10410,"text":"10+410","angle":140.12200952699999,"Id":0}},{"type":"Feature","id":1042,"geometry":{"type":"Point","coordinates":[-74.096833148752935,4.7220354368052648]},"properties":{"FID":1042,"fid_1":0,"cngmetros":10420,"text":"10+420","angle":140.12200952699999,"Id":0}},{"type":"Feature","id":1043,"geometry":{"type":"Point","coordinates":[-74.096902287923101,4.7220933987129792]},"properties":{"FID":1043,"fid_1":0,"cngmetros":10430,"text":"10+430","angle":140.12200952699999,"Id":0}},{"type":"Feature","id":1044,"geometry":{"type":"Point","coordinates":[-74.096971410444894,4.7221513804474977]},"properties":{"FID":1044,"fid_1":0,"cngmetros":10440,"text":"10+440","angle":139.63421246300001,"Id":0}},{"type":"Feature","id":1045,"geometry":{"type":"Point","coordinates":[-74.097040063496863,4.7222099210945165]},"properties":{"FID":1045,"fid_1":0,"cngmetros":10450,"text":"10+450","angle":139.63421247400001,"Id":0}},{"type":"Feature","id":1046,"geometry":{"type":"Point","coordinates":[-74.097108653103092,4.7222685343950612]},"properties":{"FID":1046,"fid_1":0,"cngmetros":10460,"text":"10+460","angle":138.44005510100001,"Id":0}},{"type":"Feature","id":1047,"geometry":{"type":"Point","coordinates":[-74.097175517199005,4.7223291234573832]},"properties":{"FID":1047,"fid_1":0,"cngmetros":10470,"text":"10+470","angle":138.44005510100001,"Id":0}},{"type":"Feature","id":1048,"geometry":{"type":"Point","coordinates":[-74.097242381306572,4.7223897125132659]},"properties":{"FID":1048,"fid_1":0,"cngmetros":10480,"text":"10+480","angle":136.36509660499999,"Id":0}},{"type":"Feature","id":1049,"geometry":{"type":"Point","coordinates":[-74.097309117909319,4.722450435729237]},"properties":{"FID":1049,"fid_1":0,"cngmetros":10490,"text":"10+490","angle":136.36509660499999,"Id":0}},{"type":"Feature","id":1050,"geometry":{"type":"Point","coordinates":[-74.097372618881167,4.722514563323096]},"properties":{"FID":1050,"fid_1":0,"cngmetros":10500,"text":"10+500","angle":134.29874656999999,"Id":0}},{"type":"Feature","id":1051,"geometry":{"type":"Point","coordinates":[-74.097436119864668,4.7225786909111527]},"properties":{"FID":1051,"fid_1":0,"cngmetros":10510,"text":"10+510","angle":134.298746564,"Id":0}},{"type":"Feature","id":1052,"geometry":{"type":"Point","coordinates":[-74.097499493113105,4.7226429391078355]},"properties":{"FID":1052,"fid_1":0,"cngmetros":10520,"text":"10+520","angle":132.232396545,"Id":0}},{"type":"Feature","id":1053,"geometry":{"type":"Point","coordinates":[-74.097559442512392,4.7227104200003449]},"properties":{"FID":1053,"fid_1":0,"cngmetros":10530,"text":"10+530","angle":132.23239654,"Id":0}},{"type":"Feature","id":1054,"geometry":{"type":"Point","coordinates":[-74.097619391923246,4.7227779008876638]},"properties":{"FID":1054,"fid_1":0,"cngmetros":10540,"text":"10+540","angle":130.16604651,"Id":0}},{"type":"Feature","id":1055,"geometry":{"type":"Point","coordinates":[-74.097679214632706,4.7228454890527871]},"properties":{"FID":1055,"fid_1":0,"cngmetros":10550,"text":"10+550","angle":130.16604651,"Id":0}},{"type":"Feature","id":1056,"geometry":{"type":"Point","coordinates":[-74.097735439596676,4.7229161232948966]},"properties":{"FID":1056,"fid_1":0,"cngmetros":10560,"text":"10+560","angle":128.099696483,"Id":0}},{"type":"Feature","id":1057,"geometry":{"type":"Point","coordinates":[-74.097791664571986,4.7229867575324302]},"properties":{"FID":1057,"fid_1":0,"cngmetros":10570,"text":"10+570","angle":128.09969648800001,"Id":0}},{"type":"Feature","id":1058,"geometry":{"type":"Point","coordinates":[-74.097847790639705,4.7230574679821995]},"properties":{"FID":1058,"fid_1":0,"cngmetros":10580,"text":"10+580","angle":126.65176984999999,"Id":0}},{"type":"Feature","id":1059,"geometry":{"type":"Point","coordinates":[-74.097901303016073,4.7231301922792621]},"properties":{"FID":1059,"fid_1":0,"cngmetros":10590,"text":"10+590","angle":126.450147981,"Id":0}},{"type":"Feature","id":1060,"geometry":{"type":"Point","coordinates":[-74.09795477586276,4.7232029454006419]},"properties":{"FID":1060,"fid_1":0,"cngmetros":10600,"text":"10+600","angle":125.932634806,"Id":0}},{"type":"Feature","id":1061,"geometry":{"type":"Point","coordinates":[-74.098007194004254,4.7232764674921706]},"properties":{"FID":1061,"fid_1":0,"cngmetros":10610,"text":"10+610","angle":125.489160666,"Id":0}},{"type":"Feature","id":1062,"geometry":{"type":"Point","coordinates":[-74.09805960573938,4.7233499941733239]},"properties":{"FID":1062,"fid_1":0,"cngmetros":10620,"text":"10+620","angle":125.441928117,"Id":0}},{"type":"Feature","id":1063,"geometry":{"type":"Point","coordinates":[-74.098111847324219,4.723423642653878]},"properties":{"FID":1063,"fid_1":0,"cngmetros":10630,"text":"10+630","angle":125.441928117,"Id":0}},{"type":"Feature","id":1064,"geometry":{"type":"Point","coordinates":[-74.098164088920043,4.7234972911304505]},"properties":{"FID":1064,"fid_1":0,"cngmetros":10640,"text":"10+640","angle":125.441928112,"Id":0}},{"type":"Feature","id":1065,"geometry":{"type":"Point","coordinates":[-74.098216330526839,4.7235709396030447]},"properties":{"FID":1065,"fid_1":0,"cngmetros":10650,"text":"10+650","angle":125.44192811400001,"Id":0}},{"type":"Feature","id":1066,"geometry":{"type":"Point","coordinates":[-74.098268572144647,4.7236445880716627]},"properties":{"FID":1066,"fid_1":0,"cngmetros":10660,"text":"10+660","angle":125.44192811400001,"Id":0}},{"type":"Feature","id":1067,"geometry":{"type":"Point","coordinates":[-74.098320813773412,4.7237182365363051]},"properties":{"FID":1067,"fid_1":0,"cngmetros":10670,"text":"10+670","angle":125.44192811400001,"Id":0}},{"type":"Feature","id":1068,"geometry":{"type":"Point","coordinates":[-74.098373055413191,4.7237918849969649]},"properties":{"FID":1068,"fid_1":0,"cngmetros":10680,"text":"10+680","angle":125.44192811000001,"Id":0}},{"type":"Feature","id":1069,"geometry":{"type":"Point","coordinates":[-74.09842529706394,4.7238655334536466]},"properties":{"FID":1069,"fid_1":0,"cngmetros":10690,"text":"10+690","angle":125.441928112,"Id":0}},{"type":"Feature","id":1070,"geometry":{"type":"Point","coordinates":[-74.09847753872566,4.7239391819063528]},"properties":{"FID":1070,"fid_1":0,"cngmetros":10700,"text":"10+700","angle":125.441928117,"Id":0}},{"type":"Feature","id":1071,"geometry":{"type":"Point","coordinates":[-74.09852978039838,4.7240128303550719]},"properties":{"FID":1071,"fid_1":0,"cngmetros":10710,"text":"10+710","angle":125.44192811400001,"Id":0}},{"type":"Feature","id":1072,"geometry":{"type":"Point","coordinates":[-74.098582022082084,4.7240864787998156]},"properties":{"FID":1072,"fid_1":0,"cngmetros":10720,"text":"10+720","angle":125.441928125,"Id":0}},{"type":"Feature","id":1073,"geometry":{"type":"Point","coordinates":[-74.098634263776773,4.72416012724059]},"properties":{"FID":1073,"fid_1":0,"cngmetros":10730,"text":"10+730","angle":125.44192811400001,"Id":0}},{"type":"Feature","id":1074,"geometry":{"type":"Point","coordinates":[-74.098686505482448,4.7242337756773711]},"properties":{"FID":1074,"fid_1":0,"cngmetros":10740,"text":"10+740","angle":125.44192811000001,"Id":0}},{"type":"Feature","id":1075,"geometry":{"type":"Point","coordinates":[-74.098738747199121,4.7243074241101777]},"properties":{"FID":1075,"fid_1":0,"cngmetros":10750,"text":"10+750","angle":125.441928112,"Id":0}},{"type":"Feature","id":1076,"geometry":{"type":"Point","coordinates":[-74.098790988926766,4.7243810725390061]},"properties":{"FID":1076,"fid_1":0,"cngmetros":10760,"text":"10+760","angle":125.44192811400001,"Id":0}},{"type":"Feature","id":1077,"geometry":{"type":"Point","coordinates":[-74.098843230665409,4.7244547209638563]},"properties":{"FID":1077,"fid_1":0,"cngmetros":10770,"text":"10+770","angle":125.44192811400001,"Id":0}},{"type":"Feature","id":1078,"geometry":{"type":"Point","coordinates":[-74.098895472415023,4.724528369384724]},"properties":{"FID":1078,"fid_1":0,"cngmetros":10780,"text":"10+780","angle":125.44192812,"Id":0}},{"type":"Feature","id":1079,"geometry":{"type":"Point","coordinates":[-74.098947714175637,4.7246020178016099]},"properties":{"FID":1079,"fid_1":0,"cngmetros":10790,"text":"10+790","angle":125.441928117,"Id":0}},{"type":"Feature","id":1080,"geometry":{"type":"Point","coordinates":[-74.098999955947235,4.7246756662145133]},"properties":{"FID":1080,"fid_1":0,"cngmetros":10800,"text":"10+800","angle":125.441928112,"Id":0}},{"type":"Feature","id":1081,"geometry":{"type":"Point","coordinates":[-74.099052197729819,4.7247493146234332]},"properties":{"FID":1081,"fid_1":0,"cngmetros":10810,"text":"10+810","angle":125.441928117,"Id":0}},{"type":"Feature","id":1082,"geometry":{"type":"Point","coordinates":[-74.099104439523401,4.7248229630283856]},"properties":{"FID":1082,"fid_1":0,"cngmetros":10820,"text":"10+820","angle":125.44192811400001,"Id":0}},{"type":"Feature","id":1083,"geometry":{"type":"Point","coordinates":[-74.099156681327955,4.7248966114293438]},"properties":{"FID":1083,"fid_1":0,"cngmetros":10830,"text":"10+830","angle":125.44192811800001,"Id":0}},{"type":"Feature","id":1084,"geometry":{"type":"Point","coordinates":[-74.099208923143507,4.7249702598263292]},"properties":{"FID":1084,"fid_1":0,"cngmetros":10840,"text":"10+840","angle":125.44192811400001,"Id":0}},{"type":"Feature","id":1085,"geometry":{"type":"Point","coordinates":[-74.099261164970045,4.7250439082193196]},"properties":{"FID":1085,"fid_1":0,"cngmetros":10850,"text":"10+850","angle":125.441928117,"Id":0}},{"type":"Feature","id":1086,"geometry":{"type":"Point","coordinates":[-74.099313406807582,4.7251175566083381]},"properties":{"FID":1086,"fid_1":0,"cngmetros":10860,"text":"10+860","angle":125.441928112,"Id":0}},{"type":"Feature","id":1087,"geometry":{"type":"Point","coordinates":[-74.099365648656089,4.7251912049933749]},"properties":{"FID":1087,"fid_1":0,"cngmetros":10870,"text":"10+870","angle":125.441928117,"Id":0}},{"type":"Feature","id":1088,"geometry":{"type":"Point","coordinates":[-74.099417890515596,4.725264853374429]},"properties":{"FID":1088,"fid_1":0,"cngmetros":10880,"text":"10+880","angle":125.44192811400001,"Id":0}},{"type":"Feature","id":1089,"geometry":{"type":"Point","coordinates":[-74.099470132386088,4.725338501751505]},"properties":{"FID":1089,"fid_1":0,"cngmetros":10890,"text":"10+890","angle":125.44192811400001,"Id":0}},{"type":"Feature","id":1090,"geometry":{"type":"Point","coordinates":[-74.099522374267579,4.725412150124586]},"properties":{"FID":1090,"fid_1":0,"cngmetros":10900,"text":"10+900","angle":125.44192811400001,"Id":0}},{"type":"Feature","id":1091,"geometry":{"type":"Point","coordinates":[-74.099574616160041,4.7254857984936924]},"properties":{"FID":1091,"fid_1":0,"cngmetros":10910,"text":"10+910","angle":125.441928112,"Id":0}},{"type":"Feature","id":1092,"geometry":{"type":"Point","coordinates":[-74.099626858063502,4.7255594468588171]},"properties":{"FID":1092,"fid_1":0,"cngmetros":10920,"text":"10+920","angle":125.441928117,"Id":0}},{"type":"Feature","id":1093,"geometry":{"type":"Point","coordinates":[-74.099679099977962,4.7256330952199592]},"properties":{"FID":1093,"fid_1":0,"cngmetros":10930,"text":"10+930","angle":125.441928117,"Id":0}},{"type":"Feature","id":1094,"geometry":{"type":"Point","coordinates":[-74.099731341903407,4.7257067435771125]},"properties":{"FID":1094,"fid_1":0,"cngmetros":10940,"text":"10+940","angle":125.44192811800001,"Id":0}},{"type":"Feature","id":1095,"geometry":{"type":"Point","coordinates":[-74.099783583839852,4.7257803919302903]},"properties":{"FID":1095,"fid_1":0,"cngmetros":10950,"text":"10+950","angle":125.44192811400001,"Id":0}},{"type":"Feature","id":1096,"geometry":{"type":"Point","coordinates":[-74.099835825787281,4.7258540402794811]},"properties":{"FID":1096,"fid_1":0,"cngmetros":10960,"text":"10+960","angle":125.44192811400001,"Id":0}},{"type":"Feature","id":1097,"geometry":{"type":"Point","coordinates":[-74.099888067745681,4.7259276886246804]},"properties":{"FID":1097,"fid_1":0,"cngmetros":10970,"text":"10+970","angle":125.44192810600001,"Id":0}},{"type":"Feature","id":1098,"geometry":{"type":"Point","coordinates":[-74.099940309715095,4.7260013369659033]},"properties":{"FID":1098,"fid_1":0,"cngmetros":10980,"text":"10+980","angle":125.441928117,"Id":0}},{"type":"Feature","id":1099,"geometry":{"type":"Point","coordinates":[-74.099992551695507,4.7260749853031374]},"properties":{"FID":1099,"fid_1":0,"cngmetros":10990,"text":"10+990","angle":125.441928117,"Id":0}},{"type":"Feature","id":1100,"geometry":{"type":"Point","coordinates":[-74.100044793686891,4.7261486336363951]},"properties":{"FID":1100,"fid_1":0,"cngmetros":11000,"text":"11+000","angle":125.44192811400001,"Id":0}},{"type":"Feature","id":1101,"geometry":{"type":"Point","coordinates":[-74.100097035689288,4.7262222819656605]},"properties":{"FID":1101,"fid_1":0,"cngmetros":11010,"text":"11+010","angle":125.44192812,"Id":0}},{"type":"Feature","id":1102,"geometry":{"type":"Point","coordinates":[-74.100149277702656,4.726295930290946]},"properties":{"FID":1102,"fid_1":0,"cngmetros":11020,"text":"11+020","angle":125.44192811400001,"Id":0}},{"type":"Feature","id":1103,"geometry":{"type":"Point","coordinates":[-74.100201519727023,4.7263695786122444]},"properties":{"FID":1103,"fid_1":0,"cngmetros":11030,"text":"11+030","angle":125.44192811000001,"Id":0}},{"type":"Feature","id":1104,"geometry":{"type":"Point","coordinates":[-74.100253761762389,4.7264432269295629]},"properties":{"FID":1104,"fid_1":0,"cngmetros":11040,"text":"11+040","angle":125.441928117,"Id":0}},{"type":"Feature","id":1105,"geometry":{"type":"Point","coordinates":[-74.10030600380874,4.7265168752428908]},"properties":{"FID":1105,"fid_1":0,"cngmetros":11050,"text":"11+050","angle":125.44192811000001,"Id":0}},{"type":"Feature","id":1106,"geometry":{"type":"Point","coordinates":[-74.10035824586609,4.7265905235522299]},"properties":{"FID":1106,"fid_1":0,"cngmetros":11060,"text":"11+060","angle":125.44192811400001,"Id":0}},{"type":"Feature","id":1107,"geometry":{"type":"Point","coordinates":[-74.100410487934425,4.7266641718575864]},"properties":{"FID":1107,"fid_1":0,"cngmetros":11070,"text":"11+070","angle":125.44192812,"Id":0}},{"type":"Feature","id":1108,"geometry":{"type":"Point","coordinates":[-74.10046273001376,4.7267378201589576]},"properties":{"FID":1108,"fid_1":0,"cngmetros":11080,"text":"11+080","angle":125.44192811400001,"Id":0}},{"type":"Feature","id":1109,"geometry":{"type":"Point","coordinates":[-74.100514972104094,4.7268114684563498]},"properties":{"FID":1109,"fid_1":0,"cngmetros":11090,"text":"11+090","angle":125.441928117,"Id":0}},{"type":"Feature","id":1110,"geometry":{"type":"Point","coordinates":[-74.100567214205412,4.7268851167497363]},"properties":{"FID":1110,"fid_1":0,"cngmetros":11100,"text":"11+100","angle":125.441928117,"Id":0}},{"type":"Feature","id":1111,"geometry":{"type":"Point","coordinates":[-74.10061945631773,4.726958765039158]},"properties":{"FID":1111,"fid_1":0,"cngmetros":11110,"text":"11+110","angle":125.44192810600001,"Id":0}},{"type":"Feature","id":1112,"geometry":{"type":"Point","coordinates":[-74.100671698441047,4.7270324133245785]},"properties":{"FID":1112,"fid_1":0,"cngmetros":11120,"text":"11+120","angle":125.44192811400001,"Id":0}},{"type":"Feature","id":1113,"geometry":{"type":"Point","coordinates":[-74.10072394057535,4.727106061606019]},"properties":{"FID":1113,"fid_1":0,"cngmetros":11130,"text":"11+130","angle":125.44192811400001,"Id":0}},{"type":"Feature","id":1114,"geometry":{"type":"Point","coordinates":[-74.100776182720651,4.7271797098834698]},"properties":{"FID":1114,"fid_1":0,"cngmetros":11140,"text":"11+140","angle":125.441928117,"Id":0}},{"type":"Feature","id":1115,"geometry":{"type":"Point","coordinates":[-74.100828424876937,4.7272533581569354]},"properties":{"FID":1115,"fid_1":0,"cngmetros":11150,"text":"11+150","angle":125.441928117,"Id":0}},{"type":"Feature","id":1116,"geometry":{"type":"Point","coordinates":[-74.100880667044237,4.7273270064264095]},"properties":{"FID":1116,"fid_1":0,"cngmetros":11160,"text":"11+160","angle":125.441928117,"Id":0}},{"type":"Feature","id":1117,"geometry":{"type":"Point","coordinates":[-74.100932909222522,4.7274006546918965]},"properties":{"FID":1117,"fid_1":0,"cngmetros":11170,"text":"11+170","angle":125.44192811400001,"Id":0}},{"type":"Feature","id":1118,"geometry":{"type":"Point","coordinates":[-74.100985151411805,4.7274743029534019]},"properties":{"FID":1118,"fid_1":0,"cngmetros":11180,"text":"11+180","angle":125.44192811400001,"Id":0}},{"type":"Feature","id":1119,"geometry":{"type":"Point","coordinates":[-74.101037393612074,4.7275479512109158]},"properties":{"FID":1119,"fid_1":0,"cngmetros":11190,"text":"11+190","angle":125.44192811400001,"Id":0}},{"type":"Feature","id":1120,"geometry":{"type":"Point","coordinates":[-74.101089635823357,4.7276215994644444]},"properties":{"FID":1120,"fid_1":0,"cngmetros":11200,"text":"11+200","angle":125.441928117,"Id":0}},{"type":"Feature","id":1121,"geometry":{"type":"Point","coordinates":[-74.101141878045624,4.7276952477139806]},"properties":{"FID":1121,"fid_1":0,"cngmetros":11210,"text":"11+210","angle":125.441928117,"Id":0}},{"type":"Feature","id":1122,"geometry":{"type":"Point","coordinates":[-74.10119412027889,4.7277688959595316]},"properties":{"FID":1122,"fid_1":0,"cngmetros":11220,"text":"11+220","angle":125.441928112,"Id":0}},{"type":"Feature","id":1123,"geometry":{"type":"Point","coordinates":[-74.101246362523156,4.7278425442010903]},"properties":{"FID":1123,"fid_1":0,"cngmetros":11230,"text":"11+230","angle":125.44192811400001,"Id":0}},{"type":"Feature","id":1124,"geometry":{"type":"Point","coordinates":[-74.101298604778421,4.7279161924386601]},"properties":{"FID":1124,"fid_1":0,"cngmetros":11240,"text":"11+240","angle":125.44192811400001,"Id":0}},{"type":"Feature","id":1125,"geometry":{"type":"Point","coordinates":[-74.101350847044671,4.7279898406722376]},"properties":{"FID":1125,"fid_1":0,"cngmetros":11250,"text":"11+250","angle":125.44192811400001,"Id":0}},{"type":"Feature","id":1126,"geometry":{"type":"Point","coordinates":[-74.101403089321934,4.7280634889018307]},"properties":{"FID":1126,"fid_1":0,"cngmetros":11260,"text":"11+260","angle":125.441928117,"Id":0}},{"type":"Feature","id":1127,"geometry":{"type":"Point","coordinates":[-74.101455331610182,4.7281371371274377]},"properties":{"FID":1127,"fid_1":0,"cngmetros":11270,"text":"11+270","angle":125.441928117,"Id":0}},{"type":"Feature","id":1128,"geometry":{"type":"Point","coordinates":[-74.101507573909444,4.7282107853490478]},"properties":{"FID":1128,"fid_1":0,"cngmetros":11280,"text":"11+280","angle":125.441928117,"Id":0}},{"type":"Feature","id":1129,"geometry":{"type":"Point","coordinates":[-74.101559816219677,4.7282844335666807]},"properties":{"FID":1129,"fid_1":0,"cngmetros":11290,"text":"11+290","angle":125.44192811400001,"Id":0}},{"type":"Feature","id":1130,"geometry":{"type":"Point","coordinates":[-74.101612058540923,4.7283580817803132]},"properties":{"FID":1130,"fid_1":0,"cngmetros":11300,"text":"11+300","angle":125.44192811400001,"Id":0}},{"type":"Feature","id":1131,"geometry":{"type":"Point","coordinates":[-74.101664300873182,4.7284317299899543]},"properties":{"FID":1131,"fid_1":0,"cngmetros":11310,"text":"11+310","angle":125.44192811400001,"Id":0}},{"type":"Feature","id":1132,"geometry":{"type":"Point","coordinates":[-74.101716543216426,4.7285053781956039]},"properties":{"FID":1132,"fid_1":0,"cngmetros":11320,"text":"11+320","angle":125.44192811000001,"Id":0}},{"type":"Feature","id":1133,"geometry":{"type":"Point","coordinates":[-74.101768785570655,4.7285790263972691]},"properties":{"FID":1133,"fid_1":0,"cngmetros":11330,"text":"11+330","angle":125.441928112,"Id":0}},{"type":"Feature","id":1134,"geometry":{"type":"Point","coordinates":[-74.101821027935898,4.728652674594942]},"properties":{"FID":1134,"fid_1":0,"cngmetros":11340,"text":"11+340","angle":125.441928117,"Id":0}},{"type":"Feature","id":1135,"geometry":{"type":"Point","coordinates":[-74.10187327031214,4.7287263227886163]},"properties":{"FID":1135,"fid_1":0,"cngmetros":11350,"text":"11+350","angle":125.44192811400001,"Id":0}},{"type":"Feature","id":1136,"geometry":{"type":"Point","coordinates":[-74.101925512699381,4.7287999709783115]},"properties":{"FID":1136,"fid_1":0,"cngmetros":11360,"text":"11+360","angle":125.44192812,"Id":0}},{"type":"Feature","id":1137,"geometry":{"type":"Point","coordinates":[-74.101977755097622,4.7288736191640117]},"properties":{"FID":1137,"fid_1":0,"cngmetros":11370,"text":"11+370","angle":125.44192811400001,"Id":0}},{"type":"Feature","id":1138,"geometry":{"type":"Point","coordinates":[-74.102029997506875,4.7289472673457142]},"properties":{"FID":1138,"fid_1":0,"cngmetros":11380,"text":"11+380","angle":125.44192811000001,"Id":0}},{"type":"Feature","id":1139,"geometry":{"type":"Point","coordinates":[-74.102082239927114,4.7290209155234333]},"properties":{"FID":1139,"fid_1":0,"cngmetros":11390,"text":"11+390","angle":125.441928117,"Id":0}},{"type":"Feature","id":1140,"geometry":{"type":"Point","coordinates":[-74.102134482358352,4.729094563697152]},"properties":{"FID":1140,"fid_1":0,"cngmetros":11400,"text":"11+400","angle":125.44192811400001,"Id":0}},{"type":"Feature","id":1141,"geometry":{"type":"Point","coordinates":[-74.102186724800603,4.7291682118668907]},"properties":{"FID":1141,"fid_1":0,"cngmetros":11410,"text":"11+410","angle":125.44192811400001,"Id":0}},{"type":"Feature","id":1142,"geometry":{"type":"Point","coordinates":[-74.10223896725384,4.7292418600326283]},"properties":{"FID":1142,"fid_1":0,"cngmetros":11420,"text":"11+420","angle":125.44192812,"Id":0}},{"type":"Feature","id":1143,"geometry":{"type":"Point","coordinates":[-74.102291209718089,4.729315508194377]},"properties":{"FID":1143,"fid_1":0,"cngmetros":11430,"text":"11+430","angle":125.441928117,"Id":0}},{"type":"Feature","id":1144,"geometry":{"type":"Point","coordinates":[-74.102343452193338,4.7293891563521235]},"properties":{"FID":1144,"fid_1":0,"cngmetros":11440,"text":"11+440","angle":125.441928112,"Id":0}},{"type":"Feature","id":1145,"geometry":{"type":"Point","coordinates":[-74.102395694679572,4.7294628045058893]},"properties":{"FID":1145,"fid_1":0,"cngmetros":11450,"text":"11+450","angle":125.441928117,"Id":0}},{"type":"Feature","id":1146,"geometry":{"type":"Point","coordinates":[-74.102447937176819,4.7295364526556583]},"properties":{"FID":1146,"fid_1":0,"cngmetros":11460,"text":"11+460","angle":125.44192811400001,"Id":0}},{"type":"Feature","id":1147,"geometry":{"type":"Point","coordinates":[-74.10250017968508,4.729610100801434]},"properties":{"FID":1147,"fid_1":0,"cngmetros":11470,"text":"11+470","angle":125.44192811400001,"Id":0}},{"type":"Feature","id":1148,"geometry":{"type":"Point","coordinates":[-74.102552422204326,4.7296837489432191]},"properties":{"FID":1148,"fid_1":0,"cngmetros":11480,"text":"11+480","angle":125.44192811400001,"Id":0}},{"type":"Feature","id":1149,"geometry":{"type":"Point","coordinates":[-74.102604664734585,4.7297573970810047]},"properties":{"FID":1149,"fid_1":0,"cngmetros":11490,"text":"11+490","angle":125.441928117,"Id":0}},{"type":"Feature","id":1150,"geometry":{"type":"Point","coordinates":[-74.102656907275843,4.7298310452147971]},"properties":{"FID":1150,"fid_1":0,"cngmetros":11500,"text":"11+500","angle":125.441928117,"Id":0}},{"type":"Feature","id":1151,"geometry":{"type":"Point","coordinates":[-74.102709149828115,4.7299046933445918]},"properties":{"FID":1151,"fid_1":0,"cngmetros":11510,"text":"11+510","angle":125.441928117,"Id":0}},{"type":"Feature","id":1152,"geometry":{"type":"Point","coordinates":[-74.102761392391372,4.7299783414704022]},"properties":{"FID":1152,"fid_1":0,"cngmetros":11520,"text":"11+520","angle":125.44192811400001,"Id":0}},{"type":"Feature","id":1153,"geometry":{"type":"Point","coordinates":[-74.102813634965642,4.7300519895922113]},"properties":{"FID":1153,"fid_1":0,"cngmetros":11530,"text":"11+530","angle":125.44192811400001,"Id":0}},{"type":"Feature","id":1154,"geometry":{"type":"Point","coordinates":[-74.102865867870463,4.7301256445951898]},"properties":{"FID":1154,"fid_1":0,"cngmetros":11540,"text":"11+540","angle":125.40838179399999,"Id":0}},{"type":"Feature","id":1155,"geometry":{"type":"Point","coordinates":[-74.102917842596057,4.7301994832302494]},"properties":{"FID":1155,"fid_1":0,"cngmetros":11550,"text":"11+550","angle":125.24146929600001,"Id":0}},{"type":"Feature","id":1156,"geometry":{"type":"Point","coordinates":[-74.102969770765171,4.7302733542475046]},"properties":{"FID":1156,"fid_1":0,"cngmetros":11560,"text":"11+560","angle":124.808567598,"Id":0}},{"type":"Feature","id":1157,"geometry":{"type":"Point","coordinates":[-74.103020453992485,4.7303480910847684]},"properties":{"FID":1157,"fid_1":0,"cngmetros":11570,"text":"11+570","angle":124.17215123,"Id":0}},{"type":"Feature","id":1158,"geometry":{"type":"Point","coordinates":[-74.103071053075482,4.7304228834683988]},"properties":{"FID":1158,"fid_1":0,"cngmetros":11580,"text":"11+580","angle":123.371217612,"Id":0}},{"type":"Feature","id":1159,"geometry":{"type":"Point","coordinates":[-74.103119404526879,4.7304991594988071]},"properties":{"FID":1159,"fid_1":0,"cngmetros":11590,"text":"11+590","angle":122.358652932,"Id":0}},{"type":"Feature","id":1160,"geometry":{"type":"Point","coordinates":[-74.103167655003617,4.7305754974033141]},"properties":{"FID":1160,"fid_1":0,"cngmetros":11600,"text":"11+600","angle":121.113190398,"Id":0}},{"type":"Feature","id":1161,"geometry":{"type":"Point","coordinates":[-74.103213212861988,4.7306534851828568]},"properties":{"FID":1161,"fid_1":0,"cngmetros":11610,"text":"11+610","angle":120.18774064900001,"Id":0}},{"type":"Feature","id":1162,"geometry":{"type":"Point","coordinates":[-74.103258636323872,4.7307315477612022]},"properties":{"FID":1162,"fid_1":0,"cngmetros":11620,"text":"11+620","angle":118.29468339899999,"Id":0}},{"type":"Feature","id":1163,"geometry":{"type":"Point","coordinates":[-74.103300467120334,4.7308116097828314]},"properties":{"FID":1163,"fid_1":0,"cngmetros":11630,"text":"11+630","angle":118.29468339500001,"Id":0}},{"type":"Feature","id":1164,"geometry":{"type":"Point","coordinates":[-74.103342297926346,4.7308916718018335]},"properties":{"FID":1164,"fid_1":0,"cngmetros":11640,"text":"11+640","angle":116.212621613,"Id":0}},{"type":"Feature","id":1165,"geometry":{"type":"Point","coordinates":[-74.103383960928767,4.730971816434403]},"properties":{"FID":1165,"fid_1":0,"cngmetros":11650,"text":"11+650","angle":116.212621613,"Id":0}},{"type":"Feature","id":1166,"geometry":{"type":"Point","coordinates":[-74.103421485674744,4.7310539983762752]},"properties":{"FID":1166,"fid_1":0,"cngmetros":11660,"text":"11+660","angle":114.13055980599999,"Id":0}},{"type":"Feature","id":1167,"geometry":{"type":"Point","coordinates":[-74.103459010429503,4.731136180316005]},"properties":{"FID":1167,"fid_1":0,"cngmetros":11670,"text":"11+670","angle":114.13055980999999,"Id":0}},{"type":"Feature","id":1168,"geometry":{"type":"Point","coordinates":[-74.103496369046326,4.7312184333042229]},"properties":{"FID":1168,"fid_1":0,"cngmetros":11680,"text":"11+680","angle":112.04849801899999,"Id":0}},{"type":"Feature","id":1169,"geometry":{"type":"Point","coordinates":[-74.103529478226733,4.7313025035140308]},"properties":{"FID":1169,"fid_1":0,"cngmetros":11690,"text":"11+690","angle":112.04849801899999,"Id":0}},{"type":"Feature","id":1170,"geometry":{"type":"Point","coordinates":[-74.103562587415055,4.7313865737221201]},"properties":{"FID":1170,"fid_1":0,"cngmetros":11700,"text":"11+700","angle":109.966436231,"Id":0}},{"type":"Feature","id":1171,"geometry":{"type":"Point","coordinates":[-74.1035955331064,4.7314707037449777]},"properties":{"FID":1171,"fid_1":0,"cngmetros":11710,"text":"11+710","angle":109.966436231,"Id":0}},{"type":"Feature","id":1172,"geometry":{"type":"Point","coordinates":[-74.103624135976744,4.7315564225429885]},"properties":{"FID":1172,"fid_1":0,"cngmetros":11720,"text":"11+720","angle":107.884374425,"Id":0}},{"type":"Feature","id":1173,"geometry":{"type":"Point","coordinates":[-74.103652738854024,4.7316421413396714]},"properties":{"FID":1173,"fid_1":0,"cngmetros":11730,"text":"11+730","angle":107.884374433,"Id":0}},{"type":"Feature","id":1174,"geometry":{"type":"Point","coordinates":[-74.103681181742161,4.7317279096719114]},"properties":{"FID":1174,"fid_1":0,"cngmetros":11740,"text":"11+740","angle":106.23371382400001,"Id":0}},{"type":"Feature","id":1175,"geometry":{"type":"Point","coordinates":[-74.103705702309597,4.7318148924071259]},"properties":{"FID":1175,"fid_1":0,"cngmetros":11750,"text":"11+750","angle":105.894858431,"Id":0}},{"type":"Feature","id":1176,"geometry":{"type":"Point","coordinates":[-74.103730102229164,4.731901907088071]},"properties":{"FID":1176,"fid_1":0,"cngmetros":11760,"text":"11+760","angle":104.894314569,"Id":0}},{"type":"Feature","id":1177,"geometry":{"type":"Point","coordinates":[-74.103751558615244,4.7319897011590415]},"properties":{"FID":1177,"fid_1":0,"cngmetros":11770,"text":"11+770","angle":103.71694429,"Id":0}},{"type":"Feature","id":1178,"geometry":{"type":"Point","coordinates":[-74.10377292513131,4.7320775161160169]},"properties":{"FID":1178,"fid_1":0,"cngmetros":11780,"text":"11+780","angle":102.81575846600001,"Id":0}},{"type":"Feature","id":1179,"geometry":{"type":"Point","coordinates":[-74.103792130858295,4.732165833235908]},"properties":{"FID":1179,"fid_1":0,"cngmetros":11790,"text":"11+790","angle":102.246101731,"Id":0}},{"type":"Feature","id":1180,"geometry":{"type":"Point","coordinates":[-74.103811295478863,4.732254159098205]},"properties":{"FID":1180,"fid_1":0,"cngmetros":11800,"text":"11+800","angle":101.632545533,"Id":0}},{"type":"Feature","id":1181,"geometry":{"type":"Point","coordinates":[-74.103829457577206,4.7323426981672094]},"properties":{"FID":1181,"fid_1":0,"cngmetros":11810,"text":"11+810","angle":101.63254553100001,"Id":0}},{"type":"Feature","id":1182,"geometry":{"type":"Point","coordinates":[-74.103847619680096,4.7324312372355708]},"properties":{"FID":1182,"fid_1":0,"cngmetros":11820,"text":"11+820","angle":101.63254553199999,"Id":0}},{"type":"Feature","id":1183,"geometry":{"type":"Point","coordinates":[-74.103865781787476,4.7325197763032643]},"properties":{"FID":1183,"fid_1":0,"cngmetros":11830,"text":"11+830","angle":101.63254553900001,"Id":0}},{"type":"Feature","id":1184,"geometry":{"type":"Point","coordinates":[-74.10388394389939,4.7326083153702942]},"properties":{"FID":1184,"fid_1":0,"cngmetros":11840,"text":"11+840","angle":101.632545541,"Id":0}},{"type":"Feature","id":1185,"geometry":{"type":"Point","coordinates":[-74.103902106015823,4.7326968544366705]},"properties":{"FID":1185,"fid_1":0,"cngmetros":11850,"text":"11+850","angle":101.632545533,"Id":0}},{"type":"Feature","id":1186,"geometry":{"type":"Point","coordinates":[-74.103920268136775,4.7327853935023843]},"properties":{"FID":1186,"fid_1":0,"cngmetros":11860,"text":"11+860","angle":101.63254553199999,"Id":0}},{"type":"Feature","id":1187,"geometry":{"type":"Point","coordinates":[-74.103938430262232,4.7328739325674309]},"properties":{"FID":1187,"fid_1":0,"cngmetros":11870,"text":"11+870","angle":101.632545533,"Id":0}},{"type":"Feature","id":1188,"geometry":{"type":"Point","coordinates":[-74.103956592392223,4.732962471631815]},"properties":{"FID":1188,"fid_1":0,"cngmetros":11880,"text":"11+880","angle":101.63254553199999,"Id":0}},{"type":"Feature","id":1189,"geometry":{"type":"Point","coordinates":[-74.103974754526732,4.7330510106955472]},"properties":{"FID":1189,"fid_1":0,"cngmetros":11890,"text":"11+890","angle":101.632545533,"Id":0}},{"type":"Feature","id":1190,"geometry":{"type":"Point","coordinates":[-74.10399291666576,4.7331395497586151]},"properties":{"FID":1190,"fid_1":0,"cngmetros":11900,"text":"11+900","angle":101.632545541,"Id":0}},{"type":"Feature","id":1191,"geometry":{"type":"Point","coordinates":[-74.104011078809307,4.7332280888210221]},"properties":{"FID":1191,"fid_1":0,"cngmetros":11910,"text":"11+910","angle":101.632545541,"Id":0}},{"type":"Feature","id":1192,"geometry":{"type":"Point","coordinates":[-74.104029240957388,4.7333166278827674]},"properties":{"FID":1192,"fid_1":0,"cngmetros":11920,"text":"11+920","angle":101.63254553100001,"Id":0}},{"type":"Feature","id":1193,"geometry":{"type":"Point","coordinates":[-74.104047403109973,4.7334051669438537]},"properties":{"FID":1193,"fid_1":0,"cngmetros":11930,"text":"11+930","angle":101.63254553199999,"Id":0}},{"type":"Feature","id":1194,"geometry":{"type":"Point","coordinates":[-74.104065565267064,4.7334937060042801]},"properties":{"FID":1194,"fid_1":0,"cngmetros":11940,"text":"11+940","angle":101.632545533,"Id":0}},{"type":"Feature","id":1195,"geometry":{"type":"Point","coordinates":[-74.104083727428701,4.7335822450640395]},"properties":{"FID":1195,"fid_1":0,"cngmetros":11950,"text":"11+950","angle":101.63254553199999,"Id":0}},{"type":"Feature","id":1196,"geometry":{"type":"Point","coordinates":[-74.104101889594844,4.7336707841231425]},"properties":{"FID":1196,"fid_1":0,"cngmetros":11960,"text":"11+960","angle":101.632545533,"Id":0}},{"type":"Feature","id":1197,"geometry":{"type":"Point","coordinates":[-74.10412005176552,4.7337593231815909]},"properties":{"FID":1197,"fid_1":0,"cngmetros":11970,"text":"11+970","angle":101.63254553199999,"Id":0}},{"type":"Feature","id":1198,"geometry":{"type":"Point","coordinates":[-74.104138213940701,4.7338478622393687]},"properties":{"FID":1198,"fid_1":0,"cngmetros":11980,"text":"11+980","angle":101.632545533,"Id":0}},{"type":"Feature","id":1199,"geometry":{"type":"Point","coordinates":[-74.104156376120429,4.7339364012964849]},"properties":{"FID":1199,"fid_1":0,"cngmetros":11990,"text":"11+990","angle":101.632545541,"Id":0}},{"type":"Feature","id":1200,"geometry":{"type":"Point","coordinates":[-74.104174538304648,4.73402494035295]},"properties":{"FID":1200,"fid_1":0,"cngmetros":12000,"text":"12+000","angle":101.63254553900001,"Id":0}},{"type":"Feature","id":1201,"geometry":{"type":"Point","coordinates":[-74.104192700493414,4.7341134794087463]},"properties":{"FID":1201,"fid_1":0,"cngmetros":12010,"text":"12+010","angle":101.63254553199999,"Id":0}},{"type":"Feature","id":1202,"geometry":{"type":"Point","coordinates":[-74.104210862686685,4.7342020184638764]},"properties":{"FID":1202,"fid_1":0,"cngmetros":12020,"text":"12+020","angle":101.63254553199999,"Id":0}},{"type":"Feature","id":1203,"geometry":{"type":"Point","coordinates":[-74.104229024884475,4.7342905575183538]},"properties":{"FID":1203,"fid_1":0,"cngmetros":12030,"text":"12+030","angle":101.632545533,"Id":0}},{"type":"Feature","id":1204,"geometry":{"type":"Point","coordinates":[-74.104247187086798,4.7343790965721668]},"properties":{"FID":1204,"fid_1":0,"cngmetros":12040,"text":"12+040","angle":101.63254553199999,"Id":0}},{"type":"Feature","id":1205,"geometry":{"type":"Point","coordinates":[-74.104265349293641,4.7344676356253217]},"properties":{"FID":1205,"fid_1":0,"cngmetros":12050,"text":"12+050","angle":101.632545533,"Id":0}},{"type":"Feature","id":1206,"geometry":{"type":"Point","coordinates":[-74.104283511505002,4.7345561746778104]},"properties":{"FID":1206,"fid_1":0,"cngmetros":12060,"text":"12+060","angle":101.632545541,"Id":0}},{"type":"Feature","id":1207,"geometry":{"type":"Point","coordinates":[-74.104301673720883,4.7346447137296472]},"properties":{"FID":1207,"fid_1":0,"cngmetros":12070,"text":"12+070","angle":101.63254553900001,"Id":0}},{"type":"Feature","id":1208,"geometry":{"type":"Point","coordinates":[-74.104319835941297,4.7347332527808108]},"properties":{"FID":1208,"fid_1":0,"cngmetros":12080,"text":"12+080","angle":101.63254553199999,"Id":0}},{"type":"Feature","id":1209,"geometry":{"type":"Point","coordinates":[-74.104337998166216,4.7348217918313207]},"properties":{"FID":1209,"fid_1":0,"cngmetros":12090,"text":"12+090","angle":101.63254553100001,"Id":0}},{"type":"Feature","id":1210,"geometry":{"type":"Point","coordinates":[-74.104356160395668,4.7349103308811635]},"properties":{"FID":1210,"fid_1":0,"cngmetros":12100,"text":"12+100","angle":101.63254553199999,"Id":0}},{"type":"Feature","id":1211,"geometry":{"type":"Point","coordinates":[-74.104374322629639,4.7349988699303465]},"properties":{"FID":1211,"fid_1":0,"cngmetros":12110,"text":"12+110","angle":101.63254553100001,"Id":0}},{"type":"Feature","id":1212,"geometry":{"type":"Point","coordinates":[-74.104392484868143,4.7350874089788686]},"properties":{"FID":1212,"fid_1":0,"cngmetros":12120,"text":"12+120","angle":101.63254553500001,"Id":0}},{"type":"Feature","id":1213,"geometry":{"type":"Point","coordinates":[-74.104410647111152,4.7351759480267326]},"properties":{"FID":1213,"fid_1":0,"cngmetros":12130,"text":"12+130","angle":101.63254553199999,"Id":0}},{"type":"Feature","id":1214,"geometry":{"type":"Point","coordinates":[-74.104428809358694,4.7352644870739287]},"properties":{"FID":1214,"fid_1":0,"cngmetros":12140,"text":"12+140","angle":101.632545533,"Id":0}},{"type":"Feature","id":1215,"geometry":{"type":"Point","coordinates":[-74.104446971610756,4.735353026120463]},"properties":{"FID":1215,"fid_1":0,"cngmetros":12150,"text":"12+150","angle":101.632545541,"Id":0}},{"type":"Feature","id":1216,"geometry":{"type":"Point","coordinates":[-74.10446513386735,4.73544156516635]},"properties":{"FID":1216,"fid_1":0,"cngmetros":12160,"text":"12+160","angle":101.63254553900001,"Id":0}},{"type":"Feature","id":1217,"geometry":{"type":"Point","coordinates":[-74.10448329612845,4.7355301042115645]},"properties":{"FID":1217,"fid_1":0,"cngmetros":12170,"text":"12+170","angle":101.63254553199999,"Id":0}},{"type":"Feature","id":1218,"geometry":{"type":"Point","coordinates":[-74.104501458394097,4.7356186432561111]},"properties":{"FID":1218,"fid_1":0,"cngmetros":12180,"text":"12+180","angle":101.63254553100001,"Id":0}},{"type":"Feature","id":1219,"geometry":{"type":"Point","coordinates":[-74.104519620664249,4.7357071823000059]},"properties":{"FID":1219,"fid_1":0,"cngmetros":12190,"text":"12+190","angle":101.63254553199999,"Id":0}},{"type":"Feature","id":1220,"geometry":{"type":"Point","coordinates":[-74.10453778293892,4.7357957213432362]},"properties":{"FID":1220,"fid_1":0,"cngmetros":12200,"text":"12+200","angle":101.63254553100001,"Id":0}},{"type":"Feature","id":1221,"geometry":{"type":"Point","coordinates":[-74.104555945218138,4.7358842603858031]},"properties":{"FID":1221,"fid_1":0,"cngmetros":12210,"text":"12+210","angle":101.63254553500001,"Id":0}},{"type":"Feature","id":1222,"geometry":{"type":"Point","coordinates":[-74.104574107501861,4.7359727994277074]},"properties":{"FID":1222,"fid_1":0,"cngmetros":12220,"text":"12+220","angle":101.63254553900001,"Id":0}},{"type":"Feature","id":1223,"geometry":{"type":"Point","coordinates":[-74.104592269790118,4.7360613384689554]},"properties":{"FID":1223,"fid_1":0,"cngmetros":12230,"text":"12+230","angle":101.63254553500001,"Id":0}},{"type":"Feature","id":1224,"geometry":{"type":"Point","coordinates":[-74.104610432082893,4.7361498775095336]},"properties":{"FID":1224,"fid_1":0,"cngmetros":12240,"text":"12+240","angle":101.63254553199999,"Id":0}},{"type":"Feature","id":1225,"geometry":{"type":"Point","coordinates":[-74.104628594380188,4.7362384165494538]},"properties":{"FID":1225,"fid_1":0,"cngmetros":12250,"text":"12+250","angle":101.63254553199999,"Id":0}},{"type":"Feature","id":1226,"geometry":{"type":"Point","coordinates":[-74.104646756682016,4.7363269555887113]},"properties":{"FID":1226,"fid_1":0,"cngmetros":12260,"text":"12+260","angle":101.63254553199999,"Id":0}},{"type":"Feature","id":1227,"geometry":{"type":"Point","coordinates":[-74.104664918988362,4.7364154946273125]},"properties":{"FID":1227,"fid_1":0,"cngmetros":12270,"text":"12+270","angle":101.63254553100001,"Id":0}},{"type":"Feature","id":1228,"geometry":{"type":"Point","coordinates":[-74.104683081299243,4.7365040336652475]},"properties":{"FID":1228,"fid_1":0,"cngmetros":12280,"text":"12+280","angle":101.632545541,"Id":0}},{"type":"Feature","id":1229,"geometry":{"type":"Point","coordinates":[-74.104701243614642,4.7365925727025173]},"properties":{"FID":1229,"fid_1":0,"cngmetros":12290,"text":"12+290","angle":101.63254553900001,"Id":0}},{"type":"Feature","id":1230,"geometry":{"type":"Point","coordinates":[-74.10471940593456,4.7366811117391237]},"properties":{"FID":1230,"fid_1":0,"cngmetros":12300,"text":"12+300","angle":101.63254554300001,"Id":0}},{"type":"Feature","id":1231,"geometry":{"type":"Point","coordinates":[-74.104737568259011,4.7367696507750727]},"properties":{"FID":1231,"fid_1":0,"cngmetros":12310,"text":"12+310","angle":101.63254553900001,"Id":0}},{"type":"Feature","id":1232,"geometry":{"type":"Point","coordinates":[-74.104755730587982,4.7368581898103601]},"properties":{"FID":1232,"fid_1":0,"cngmetros":12320,"text":"12+320","angle":101.63254553500001,"Id":0}},{"type":"Feature","id":1233,"geometry":{"type":"Point","coordinates":[-74.104773892921486,4.7369467288449902]},"properties":{"FID":1233,"fid_1":0,"cngmetros":12330,"text":"12+330","angle":101.63254553100001,"Id":0}},{"type":"Feature","id":1234,"geometry":{"type":"Point","coordinates":[-74.104792055259523,4.737035267878948]},"properties":{"FID":1234,"fid_1":0,"cngmetros":12340,"text":"12+340","angle":101.63254553199999,"Id":0}},{"type":"Feature","id":1235,"geometry":{"type":"Point","coordinates":[-74.104810217602065,4.737123806912245]},"properties":{"FID":1235,"fid_1":0,"cngmetros":12350,"text":"12+350","angle":101.63254553199999,"Id":0}},{"type":"Feature","id":1236,"geometry":{"type":"Point","coordinates":[-74.10482837994914,4.7372123459448847]},"properties":{"FID":1236,"fid_1":0,"cngmetros":12360,"text":"12+360","angle":101.63254553100001,"Id":0}},{"type":"Feature","id":1237,"geometry":{"type":"Point","coordinates":[-74.104846542300734,4.7373008849768627]},"properties":{"FID":1237,"fid_1":0,"cngmetros":12370,"text":"12+370","angle":101.632545541,"Id":0}},{"type":"Feature","id":1238,"geometry":{"type":"Point","coordinates":[-74.104864704656862,4.7373894240081684]},"properties":{"FID":1238,"fid_1":0,"cngmetros":12380,"text":"12+380","angle":101.63254553900001,"Id":0}},{"type":"Feature","id":1239,"geometry":{"type":"Point","coordinates":[-74.104882867017523,4.7374779630388257]},"properties":{"FID":1239,"fid_1":0,"cngmetros":12390,"text":"12+390","angle":101.63254553500001,"Id":0}},{"type":"Feature","id":1240,"geometry":{"type":"Point","coordinates":[-74.104901029382717,4.7375665020688134]},"properties":{"FID":1240,"fid_1":0,"cngmetros":12400,"text":"12+400","angle":101.63254553100001,"Id":0}},{"type":"Feature","id":1241,"geometry":{"type":"Point","coordinates":[-74.104919191752415,4.7376550410981348]},"properties":{"FID":1241,"fid_1":0,"cngmetros":12410,"text":"12+410","angle":101.63254553500001,"Id":0}},{"type":"Feature","id":1242,"geometry":{"type":"Point","coordinates":[-74.104937354126648,4.7377435801268035]},"properties":{"FID":1242,"fid_1":0,"cngmetros":12420,"text":"12+420","angle":101.63254553100001,"Id":0}},{"type":"Feature","id":1243,"geometry":{"type":"Point","coordinates":[-74.104955516505413,4.7378321191548087]},"properties":{"FID":1243,"fid_1":0,"cngmetros":12430,"text":"12+430","angle":101.63254553199999,"Id":0}},{"type":"Feature","id":1244,"geometry":{"type":"Point","coordinates":[-74.104973678888697,4.7379206581821469]},"properties":{"FID":1244,"fid_1":0,"cngmetros":12440,"text":"12+440","angle":101.63254553900001,"Id":0}},{"type":"Feature","id":1245,"geometry":{"type":"Point","coordinates":[-74.104991841276501,4.7380091972088154]},"properties":{"FID":1245,"fid_1":0,"cngmetros":12450,"text":"12+450","angle":101.632545541,"Id":0}},{"type":"Feature","id":1246,"geometry":{"type":"Point","coordinates":[-74.105010003668852,4.7380977362348276]},"properties":{"FID":1246,"fid_1":0,"cngmetros":12460,"text":"12+460","angle":101.63254553199999,"Id":0}},{"type":"Feature","id":1247,"geometry":{"type":"Point","coordinates":[-74.105028166065722,4.7381862752601798]},"properties":{"FID":1247,"fid_1":0,"cngmetros":12470,"text":"12+470","angle":101.63254553100001,"Id":0}},{"type":"Feature","id":1248,"geometry":{"type":"Point","coordinates":[-74.105046328467111,4.7382748142848659]},"properties":{"FID":1248,"fid_1":0,"cngmetros":12480,"text":"12+480","angle":101.63254553500001,"Id":0}},{"type":"Feature","id":1249,"geometry":{"type":"Point","coordinates":[-74.105064490873033,4.7383633533088965]},"properties":{"FID":1249,"fid_1":0,"cngmetros":12490,"text":"12+490","angle":101.63254553100001,"Id":0}},{"type":"Feature","id":1250,"geometry":{"type":"Point","coordinates":[-74.105082653283489,4.7384518923322592]},"properties":{"FID":1250,"fid_1":0,"cngmetros":12500,"text":"12+500","angle":101.63254553500001,"Id":0}},{"type":"Feature","id":1251,"geometry":{"type":"Point","coordinates":[-74.105100815698464,4.7385404313549548]},"properties":{"FID":1251,"fid_1":0,"cngmetros":12510,"text":"12+510","angle":101.63254553100001,"Id":0}},{"type":"Feature","id":1252,"geometry":{"type":"Point","coordinates":[-74.105118978117972,4.7386289703769959]},"properties":{"FID":1252,"fid_1":0,"cngmetros":12520,"text":"12+520","angle":101.63254553199999,"Id":0}},{"type":"Feature","id":1253,"geometry":{"type":"Point","coordinates":[-74.105137140541999,4.7387175093983727]},"properties":{"FID":1253,"fid_1":0,"cngmetros":12530,"text":"12+530","angle":101.63254553900001,"Id":0}},{"type":"Feature","id":1254,"geometry":{"type":"Point","coordinates":[-74.105155302970559,4.7388060484190815]},"properties":{"FID":1254,"fid_1":0,"cngmetros":12540,"text":"12+540","angle":101.632545541,"Id":0}},{"type":"Feature","id":1255,"geometry":{"type":"Point","coordinates":[-74.105173465403652,4.7388945874391304]},"properties":{"FID":1255,"fid_1":0,"cngmetros":12550,"text":"12+550","angle":101.63254553100001,"Id":0}},{"type":"Feature","id":1256,"geometry":{"type":"Point","coordinates":[-74.105191627841279,4.7389831264585132]},"properties":{"FID":1256,"fid_1":0,"cngmetros":12560,"text":"12+560","angle":101.63254553199999,"Id":0}},{"type":"Feature","id":1257,"geometry":{"type":"Point","coordinates":[-74.105209790283425,4.7390716654772378]},"properties":{"FID":1257,"fid_1":0,"cngmetros":12570,"text":"12+570","angle":101.63254553500001,"Id":0}},{"type":"Feature","id":1258,"geometry":{"type":"Point","coordinates":[-74.10522795273009,4.7391602044952998]},"properties":{"FID":1258,"fid_1":0,"cngmetros":12580,"text":"12+580","angle":101.63254553100001,"Id":0}},{"type":"Feature","id":1259,"geometry":{"type":"Point","coordinates":[-74.105246115181288,4.7392487435126993]},"properties":{"FID":1259,"fid_1":0,"cngmetros":12590,"text":"12+590","angle":101.63254553500001,"Id":0}},{"type":"Feature","id":1260,"geometry":{"type":"Point","coordinates":[-74.105264277637019,4.7393372825294353]},"properties":{"FID":1260,"fid_1":0,"cngmetros":12600,"text":"12+600","angle":101.63254553900001,"Id":0}},{"type":"Feature","id":1261,"geometry":{"type":"Point","coordinates":[-74.105282440097284,4.7394258215455007]},"properties":{"FID":1261,"fid_1":0,"cngmetros":12610,"text":"12+610","angle":101.632545541,"Id":0}},{"type":"Feature","id":1262,"geometry":{"type":"Point","coordinates":[-74.105300602562068,4.7395143605609134]},"properties":{"FID":1262,"fid_1":0,"cngmetros":12620,"text":"12+620","angle":101.63254553100001,"Id":0}},{"type":"Feature","id":1263,"geometry":{"type":"Point","coordinates":[-74.105318765031399,4.7396028995756581]},"properties":{"FID":1263,"fid_1":0,"cngmetros":12630,"text":"12+630","angle":101.63254553199999,"Id":0}},{"type":"Feature","id":1264,"geometry":{"type":"Point","coordinates":[-74.105336927505249,4.7396914385897393]},"properties":{"FID":1264,"fid_1":0,"cngmetros":12640,"text":"12+640","angle":101.63254553100001,"Id":0}},{"type":"Feature","id":1265,"geometry":{"type":"Point","coordinates":[-74.105355089983632,4.7397799776031615]},"properties":{"FID":1265,"fid_1":0,"cngmetros":12650,"text":"12+650","angle":101.63254553199999,"Id":0}},{"type":"Feature","id":1266,"geometry":{"type":"Point","coordinates":[-74.105373252466535,4.7398685166159167]},"properties":{"FID":1266,"fid_1":0,"cngmetros":12660,"text":"12+660","angle":101.632545533,"Id":0}},{"type":"Feature","id":1267,"geometry":{"type":"Point","coordinates":[-74.105391414953971,4.7399570556280102]},"properties":{"FID":1267,"fid_1":0,"cngmetros":12670,"text":"12+670","angle":101.63254553199999,"Id":0}},{"type":"Feature","id":1268,"geometry":{"type":"Point","coordinates":[-74.10540957744594,4.7400455946394402]},"properties":{"FID":1268,"fid_1":0,"cngmetros":12680,"text":"12+680","angle":101.63254553500001,"Id":0}},{"type":"Feature","id":1269,"geometry":{"type":"Point","coordinates":[-74.105427739942442,4.7401341336502041]},"properties":{"FID":1269,"fid_1":0,"cngmetros":12690,"text":"12+690","angle":101.63254553900001,"Id":0}},{"type":"Feature","id":1270,"geometry":{"type":"Point","coordinates":[-74.105445902443478,4.7402226726603072]},"properties":{"FID":1270,"fid_1":0,"cngmetros":12700,"text":"12+700","angle":101.632545541,"Id":0}},{"type":"Feature","id":1271,"geometry":{"type":"Point","coordinates":[-74.105464064949018,4.7403112116697486]},"properties":{"FID":1271,"fid_1":0,"cngmetros":12710,"text":"12+710","angle":101.63254553100001,"Id":0}},{"type":"Feature","id":1272,"geometry":{"type":"Point","coordinates":[-74.10548222745912,4.7403997506785212]},"properties":{"FID":1272,"fid_1":0,"cngmetros":12720,"text":"12+720","angle":101.63254553199999,"Id":0}},{"type":"Feature","id":1273,"geometry":{"type":"Point","coordinates":[-74.105500389973727,4.7404882896866409]},"properties":{"FID":1273,"fid_1":0,"cngmetros":12730,"text":"12+730","angle":101.63254553100001,"Id":0}},{"type":"Feature","id":1274,"geometry":{"type":"Point","coordinates":[-74.105518552492882,4.7405768286940839]},"properties":{"FID":1274,"fid_1":0,"cngmetros":12740,"text":"12+740","angle":101.63254553199999,"Id":0}},{"type":"Feature","id":1275,"geometry":{"type":"Point","coordinates":[-74.105536715016555,4.7406653677008714]},"properties":{"FID":1275,"fid_1":0,"cngmetros":12750,"text":"12+750","angle":101.632545533,"Id":0}},{"type":"Feature","id":1276,"geometry":{"type":"Point","coordinates":[-74.105554877544762,4.7407539067069919]},"properties":{"FID":1276,"fid_1":0,"cngmetros":12760,"text":"12+760","angle":101.632545541,"Id":0}},{"type":"Feature","id":1277,"geometry":{"type":"Point","coordinates":[-74.105573040077516,4.7408424457124516]},"properties":{"FID":1277,"fid_1":0,"cngmetros":12770,"text":"12+770","angle":101.632545533,"Id":0}},{"type":"Feature","id":1278,"geometry":{"type":"Point","coordinates":[-74.105591202614789,4.7409309847172505]},"properties":{"FID":1278,"fid_1":0,"cngmetros":12780,"text":"12+780","angle":101.63254553199999,"Id":0}},{"type":"Feature","id":1279,"geometry":{"type":"Point","coordinates":[-74.105609365156596,4.7410195237213815]},"properties":{"FID":1279,"fid_1":0,"cngmetros":12790,"text":"12+790","angle":101.63254553199999,"Id":0}},{"type":"Feature","id":1280,"geometry":{"type":"Point","coordinates":[-74.105627527702936,4.7411080627248454]},"properties":{"FID":1280,"fid_1":0,"cngmetros":12800,"text":"12+800","angle":101.63254553100001,"Id":0}},{"type":"Feature","id":1281,"geometry":{"type":"Point","coordinates":[-74.105645690253795,4.7411966017276539]},"properties":{"FID":1281,"fid_1":0,"cngmetros":12810,"text":"12+810","angle":101.63254553199999,"Id":0}},{"type":"Feature","id":1282,"geometry":{"type":"Point","coordinates":[-74.105663852809201,4.7412851407298007]},"properties":{"FID":1282,"fid_1":0,"cngmetros":12820,"text":"12+820","angle":101.63254553900001,"Id":0}},{"type":"Feature","id":1283,"geometry":{"type":"Point","coordinates":[-74.105682015369126,4.7413736797312716]},"properties":{"FID":1283,"fid_1":0,"cngmetros":12830,"text":"12+830","angle":101.632545541,"Id":0}},{"type":"Feature","id":1284,"geometry":{"type":"Point","coordinates":[-74.105700177933585,4.7414622187320825]},"properties":{"FID":1284,"fid_1":0,"cngmetros":12840,"text":"12+840","angle":101.632545541,"Id":0}},{"type":"Feature","id":1285,"geometry":{"type":"Point","coordinates":[-74.105718340502591,4.7415507577322344]},"properties":{"FID":1285,"fid_1":0,"cngmetros":12850,"text":"12+850","angle":101.632545541,"Id":0}},{"type":"Feature","id":1286,"geometry":{"type":"Point","coordinates":[-74.105736503076116,4.7416392967317211]},"properties":{"FID":1286,"fid_1":0,"cngmetros":12860,"text":"12+860","angle":101.632545533,"Id":0}},{"type":"Feature","id":1287,"geometry":{"type":"Point","coordinates":[-74.10575466565416,4.741727835730547]},"properties":{"FID":1287,"fid_1":0,"cngmetros":12870,"text":"12+870","angle":101.63254553199999,"Id":0}},{"type":"Feature","id":1288,"geometry":{"type":"Point","coordinates":[-74.105772828236766,4.741816374728705]},"properties":{"FID":1288,"fid_1":0,"cngmetros":12880,"text":"12+880","angle":101.63254553100001,"Id":0}},{"type":"Feature","id":1289,"geometry":{"type":"Point","coordinates":[-74.105790990823877,4.7419049137261995]},"properties":{"FID":1289,"fid_1":0,"cngmetros":12890,"text":"12+890","angle":101.63254553199999,"Id":0}},{"type":"Feature","id":1290,"geometry":{"type":"Point","coordinates":[-74.105809153415549,4.7419934527230261]},"properties":{"FID":1290,"fid_1":0,"cngmetros":12900,"text":"12+900","angle":101.63254553199999,"Id":0}},{"type":"Feature","id":1291,"geometry":{"type":"Point","coordinates":[-74.105827316011727,4.7420819917191981]},"properties":{"FID":1291,"fid_1":0,"cngmetros":12910,"text":"12+910","angle":101.63254553900001,"Id":0}},{"type":"Feature","id":1292,"geometry":{"type":"Point","coordinates":[-74.105845478612451,4.742170530714696]},"properties":{"FID":1292,"fid_1":0,"cngmetros":12920,"text":"12+920","angle":101.632545541,"Id":0}},{"type":"Feature","id":1293,"geometry":{"type":"Point","coordinates":[-74.105863641217709,4.742259069709533]},"properties":{"FID":1293,"fid_1":0,"cngmetros":12930,"text":"12+930","angle":101.632545533,"Id":0}},{"type":"Feature","id":1294,"geometry":{"type":"Point","coordinates":[-74.105881803827486,4.7423476087037129]},"properties":{"FID":1294,"fid_1":0,"cngmetros":12940,"text":"12+940","angle":101.63254553199999,"Id":0}},{"type":"Feature","id":1295,"geometry":{"type":"Point","coordinates":[-74.105899966441825,4.7424361476972168]},"properties":{"FID":1295,"fid_1":0,"cngmetros":12950,"text":"12+950","angle":101.632545533,"Id":0}},{"type":"Feature","id":1296,"geometry":{"type":"Point","coordinates":[-74.105918129060669,4.7425246866900679]},"properties":{"FID":1296,"fid_1":0,"cngmetros":12960,"text":"12+960","angle":101.63254553199999,"Id":0}},{"type":"Feature","id":1297,"geometry":{"type":"Point","coordinates":[-74.10593629168406,4.742613225682252]},"properties":{"FID":1297,"fid_1":0,"cngmetros":12970,"text":"12+970","angle":101.63254553100001,"Id":0}},{"type":"Feature","id":1298,"geometry":{"type":"Point","coordinates":[-74.105954407570025,4.7427017739952362]},"properties":{"FID":1298,"fid_1":0,"cngmetros":12980,"text":"12+980","angle":100.95502158799999,"Id":0}},{"type":"Feature","id":1299,"geometry":{"type":"Point","coordinates":[-74.105971377481168,4.7427905508433064]},"properties":{"FID":1299,"fid_1":0,"cngmetros":12990,"text":"12+990","angle":100.95502158799999,"Id":0}},{"type":"Feature","id":1300,"geometry":{"type":"Point","coordinates":[-74.105988347396561,4.7428793276907699]},"properties":{"FID":1300,"fid_1":0,"cngmetros":13000,"text":"13+000","angle":100.95502158799999,"Id":0}},{"type":"Feature","id":1301,"geometry":{"type":"Point","coordinates":[-74.106003412179433,4.7429684442887616]},"properties":{"FID":1301,"fid_1":0,"cngmetros":13010,"text":"13+010","angle":99.373196654899999,"Id":0}},{"type":"Feature","id":1302,"geometry":{"type":"Point","coordinates":[-74.106017977566978,4.7430576499461976]},"properties":{"FID":1302,"fid_1":0,"cngmetros":13020,"text":"13+020","angle":99.373196654899999,"Id":0}},{"type":"Feature","id":1303,"geometry":{"type":"Point","coordinates":[-74.10603123039968,4.7431470530066004]},"properties":{"FID":1303,"fid_1":0,"cngmetros":13030,"text":"13+030","angle":97.791371688799998,"Id":0}},{"type":"Feature","id":1304,"geometry":{"type":"Point","coordinates":[-74.106043378328721,4.7432366222400866]},"properties":{"FID":1304,"fid_1":0,"cngmetros":13040,"text":"13+040","angle":97.791371687700007,"Id":0}},{"type":"Feature","id":1305,"geometry":{"type":"Point","coordinates":[-74.106054817529071,4.7433262784087251]},"properties":{"FID":1305,"fid_1":0,"cngmetros":13050,"text":"13+050","angle":96.209546734100002,"Id":0}},{"type":"Feature","id":1306,"geometry":{"type":"Point","coordinates":[-74.106064537713294,4.7434161454380428]},"properties":{"FID":1306,"fid_1":0,"cngmetros":13060,"text":"13+060","angle":96.209546726699998,"Id":0}},{"type":"Feature","id":1307,"geometry":{"type":"Point","coordinates":[-74.106074160288372,4.7435060217503127]},"properties":{"FID":1307,"fid_1":0,"cngmetros":13070,"text":"13+070","angle":94.627721764100002,"Id":0}},{"type":"Feature","id":1308,"geometry":{"type":"Point","coordinates":[-74.106081445114427,4.7435961203932049]},"properties":{"FID":1308,"fid_1":0,"cngmetros":13080,"text":"13+080","angle":94.627721764100002,"Id":0}},{"type":"Feature","id":1309,"geometry":{"type":"Point","coordinates":[-74.106088729942272,4.7436862190357942]},"properties":{"FID":1309,"fid_1":0,"cngmetros":13090,"text":"13+090","angle":94.627721764100002,"Id":0}},{"type":"Feature","id":1310,"geometry":{"type":"Point","coordinates":[-74.106094091261326,4.743776447875069]},"properties":{"FID":1310,"fid_1":0,"cngmetros":13100,"text":"13+100","angle":93.045896806200005,"Id":0}},{"type":"Feature","id":1311,"geometry":{"type":"Point","coordinates":[-74.106098935808745,4.7438667116929754]},"properties":{"FID":1311,"fid_1":0,"cngmetros":13110,"text":"13+110","angle":93.045896806200005,"Id":0}},{"type":"Feature","id":1312,"geometry":{"type":"Point","coordinates":[-74.106102468211347,4.7439570284951378]},"properties":{"FID":1312,"fid_1":0,"cngmetros":13120,"text":"13+120","angle":91.4640718327,"Id":0}},{"type":"Feature","id":1313,"geometry":{"type":"Point","coordinates":[-74.106104870257369,4.7440473909409429]},"properties":{"FID":1313,"fid_1":0,"cngmetros":13130,"text":"13+130","angle":91.4640718327,"Id":0}},{"type":"Feature","id":1314,"geometry":{"type":"Point","coordinates":[-74.106106569361998,4.7441377626320094]},"properties":{"FID":1314,"fid_1":0,"cngmetros":13140,"text":"13+140","angle":89.8822468722,"Id":0}},{"type":"Feature","id":1315,"geometry":{"type":"Point","coordinates":[-74.106106529385215,4.7442281571962548]},"properties":{"FID":1315,"fid_1":0,"cngmetros":13150,"text":"13+150","angle":89.8822468722,"Id":0}},{"type":"Feature","id":1316,"geometry":{"type":"Point","coordinates":[-74.106106456078194,4.7443185515944828]},"properties":{"FID":1316,"fid_1":0,"cngmetros":13160,"text":"13+160","angle":89.460631996800004,"Id":0}},{"type":"Feature","id":1317,"geometry":{"type":"Point","coordinates":[-74.106105602625021,4.7444089421119822]},"properties":{"FID":1317,"fid_1":0,"cngmetros":13170,"text":"13+170","angle":89.460631996800004,"Id":0}},{"type":"Feature","id":1318,"geometry":{"type":"Point","coordinates":[-74.106104749171521,4.7444993326292382]},"properties":{"FID":1318,"fid_1":0,"cngmetros":13180,"text":"13+180","angle":89.460631997500002,"Id":0}},{"type":"Feature","id":1319,"geometry":{"type":"Point","coordinates":[-74.106103895717695,4.7445897231462553]},"properties":{"FID":1319,"fid_1":0,"cngmetros":13190,"text":"13+190","angle":89.460632005199997,"Id":0}},{"type":"Feature","id":1320,"geometry":{"type":"Point","coordinates":[-74.106103042263555,4.7446801136630326]},"properties":{"FID":1320,"fid_1":0,"cngmetros":13200,"text":"13+200","angle":89.460631997500002,"Id":0}},{"type":"Feature","id":1321,"geometry":{"type":"Point","coordinates":[-74.106102188809089,4.7447705041795682]},"properties":{"FID":1321,"fid_1":0,"cngmetros":13210,"text":"13+210","angle":89.460631996800004,"Id":0}},{"type":"Feature","id":1322,"geometry":{"type":"Point","coordinates":[-74.106101335354296,4.7448608946958704]},"properties":{"FID":1322,"fid_1":0,"cngmetros":13220,"text":"13+220","angle":89.4606319974,"Id":0}},{"type":"Feature","id":1323,"geometry":{"type":"Point","coordinates":[-74.10610048189919,4.7449512852119318]},"properties":{"FID":1323,"fid_1":0,"cngmetros":13230,"text":"13+230","angle":89.460632005199997,"Id":0}},{"type":"Feature","id":1324,"geometry":{"type":"Point","coordinates":[-74.106099628443758,4.7450416757277569]},"properties":{"FID":1324,"fid_1":0,"cngmetros":13240,"text":"13+240","angle":89.460631996800004,"Id":0}},{"type":"Feature","id":1325,"geometry":{"type":"Point","coordinates":[-74.106098774987998,4.7451320662433334]},"properties":{"FID":1325,"fid_1":0,"cngmetros":13250,"text":"13+250","angle":89.460631996800004,"Id":0}},{"type":"Feature","id":1326,"geometry":{"type":"Point","coordinates":[-74.106097921531926,4.7452224567586798]},"properties":{"FID":1326,"fid_1":0,"cngmetros":13260,"text":"13+260","angle":89.460631996800004,"Id":0}},{"type":"Feature","id":1327,"geometry":{"type":"Point","coordinates":[-74.106097068075513,4.7453128472737847]},"properties":{"FID":1327,"fid_1":0,"cngmetros":13270,"text":"13+270","angle":89.460632005199997,"Id":0}},{"type":"Feature","id":1328,"geometry":{"type":"Point","coordinates":[-74.106096214618788,4.7454032377886488]},"properties":{"FID":1328,"fid_1":0,"cngmetros":13280,"text":"13+280","angle":89.460631996800004,"Id":0}},{"type":"Feature","id":1329,"geometry":{"type":"Point","coordinates":[-74.106095361161749,4.7454936283032723]},"properties":{"FID":1329,"fid_1":0,"cngmetros":13290,"text":"13+290","angle":89.460631996900005,"Id":0}},{"type":"Feature","id":1330,"geometry":{"type":"Point","coordinates":[-74.106094507704398,4.7455840188176683]},"properties":{"FID":1330,"fid_1":0,"cngmetros":13300,"text":"13+300","angle":89.460631996900005,"Id":0}},{"type":"Feature","id":1331,"geometry":{"type":"Point","coordinates":[-74.106093654246706,4.7456744093318166]},"properties":{"FID":1331,"fid_1":0,"cngmetros":13310,"text":"13+310","angle":89.460632005199997,"Id":0}},{"type":"Feature","id":1332,"geometry":{"type":"Point","coordinates":[-74.106092800788687,4.7457647998457224]},"properties":{"FID":1332,"fid_1":0,"cngmetros":13320,"text":"13+320","angle":89.460631996800004,"Id":0}},{"type":"Feature","id":1333,"geometry":{"type":"Point","coordinates":[-74.106091947330356,4.7458551903593884]},"properties":{"FID":1333,"fid_1":0,"cngmetros":13330,"text":"13+330","angle":89.460631996800004,"Id":0}},{"type":"Feature","id":1334,"geometry":{"type":"Point","coordinates":[-74.106091093871697,4.7459455808728208]},"properties":{"FID":1334,"fid_1":0,"cngmetros":13340,"text":"13+340","angle":89.460631996800004,"Id":0}},{"type":"Feature","id":1335,"geometry":{"type":"Point","coordinates":[-74.106090240412726,4.7460359713860125]},"properties":{"FID":1335,"fid_1":0,"cngmetros":13350,"text":"13+350","angle":89.460632005199997,"Id":0}},{"type":"Feature","id":1336,"geometry":{"type":"Point","coordinates":[-74.106089386953414,4.7461263618989635]},"properties":{"FID":1336,"fid_1":0,"cngmetros":13360,"text":"13+360","angle":89.460631996900005,"Id":0}},{"type":"Feature","id":1337,"geometry":{"type":"Point","coordinates":[-74.106088533493804,4.7462167524116765]},"properties":{"FID":1337,"fid_1":0,"cngmetros":13370,"text":"13+370","angle":89.460631997500002,"Id":0}},{"type":"Feature","id":1338,"geometry":{"type":"Point","coordinates":[-74.106087680033852,4.7463071429241568]},"properties":{"FID":1338,"fid_1":0,"cngmetros":13380,"text":"13+380","angle":89.460631996800004,"Id":0}},{"type":"Feature","id":1339,"geometry":{"type":"Point","coordinates":[-74.106086826573602,4.7463975334363928]},"properties":{"FID":1339,"fid_1":0,"cngmetros":13390,"text":"13+390","angle":89.460632005799994,"Id":0}},{"type":"Feature","id":1340,"geometry":{"type":"Point","coordinates":[-74.106085973113011,4.7464879239483908]},"properties":{"FID":1340,"fid_1":0,"cngmetros":13400,"text":"13+400","angle":89.460631996800004,"Id":0}},{"type":"Feature","id":1341,"geometry":{"type":"Point","coordinates":[-74.106085119652093,4.7465783144601419]},"properties":{"FID":1341,"fid_1":0,"cngmetros":13410,"text":"13+410","angle":89.460631997500002,"Id":0}},{"type":"Feature","id":1342,"geometry":{"type":"Point","coordinates":[-74.106084266190862,4.7466687049716612]},"properties":{"FID":1342,"fid_1":0,"cngmetros":13420,"text":"13+420","angle":89.460631996800004,"Id":0}},{"type":"Feature","id":1343,"geometry":{"type":"Point","coordinates":[-74.106083412729305,4.7467590954829388]},"properties":{"FID":1343,"fid_1":0,"cngmetros":13430,"text":"13+430","angle":89.460632005799994,"Id":0}},{"type":"Feature","id":1344,"geometry":{"type":"Point","coordinates":[-74.106082559267421,4.7468494859939794]},"properties":{"FID":1344,"fid_1":0,"cngmetros":13440,"text":"13+440","angle":89.460631996800004,"Id":0}},{"type":"Feature","id":1345,"geometry":{"type":"Point","coordinates":[-74.106081705805224,4.7469398765047846]},"properties":{"FID":1345,"fid_1":0,"cngmetros":13450,"text":"13+450","angle":89.460631996800004,"Id":0}},{"type":"Feature","id":1346,"geometry":{"type":"Point","coordinates":[-74.1060808523427,4.7470302670153428]},"properties":{"FID":1346,"fid_1":0,"cngmetros":13460,"text":"13+460","angle":89.460631996800004,"Id":0}},{"type":"Feature","id":1347,"geometry":{"type":"Point","coordinates":[-74.106079998879864,4.7471206575256657]},"properties":{"FID":1347,"fid_1":0,"cngmetros":13470,"text":"13+470","angle":89.460632005199997,"Id":0}},{"type":"Feature","id":1348,"geometry":{"type":"Point","coordinates":[-74.1060791454167,4.7472110480357506]},"properties":{"FID":1348,"fid_1":0,"cngmetros":13480,"text":"13+480","angle":89.460632005199997,"Id":0}},{"type":"Feature","id":1349,"geometry":{"type":"Point","coordinates":[-74.10607829195321,4.7473014385455947]},"properties":{"FID":1349,"fid_1":0,"cngmetros":13490,"text":"13+490","angle":89.460631996800004,"Id":0}},{"type":"Feature","id":1350,"geometry":{"type":"Point","coordinates":[-74.106077438489407,4.7473918290551982]},"properties":{"FID":1350,"fid_1":0,"cngmetros":13500,"text":"13+500","angle":89.460631996900005,"Id":0}},{"type":"Feature","id":1351,"geometry":{"type":"Point","coordinates":[-74.106076585025264,4.7474822195645672]},"properties":{"FID":1351,"fid_1":0,"cngmetros":13510,"text":"13+510","angle":89.460632005199997,"Id":0}},{"type":"Feature","id":1352,"geometry":{"type":"Point","coordinates":[-74.106075731560807,4.7475726100736866]},"properties":{"FID":1352,"fid_1":0,"cngmetros":13520,"text":"13+520","angle":89.460632005199997,"Id":0}},{"type":"Feature","id":1353,"geometry":{"type":"Point","coordinates":[-74.106074878096024,4.7476630005825786]},"properties":{"FID":1353,"fid_1":0,"cngmetros":13530,"text":"13+530","angle":89.460631996800004,"Id":0}},{"type":"Feature","id":1354,"geometry":{"type":"Point","coordinates":[-74.106074024630928,4.7477533910912282]},"properties":{"FID":1354,"fid_1":0,"cngmetros":13540,"text":"13+540","angle":89.460631996800004,"Id":0}},{"type":"Feature","id":1355,"geometry":{"type":"Point","coordinates":[-74.106073171165505,4.7478437815996308]},"properties":{"FID":1355,"fid_1":0,"cngmetros":13550,"text":"13+550","angle":89.460631996800004,"Id":0}},{"type":"Feature","id":1356,"geometry":{"type":"Point","coordinates":[-74.10607231769977,4.7479341721078043]},"properties":{"FID":1356,"fid_1":0,"cngmetros":13560,"text":"13+560","angle":89.460632005199997,"Id":0}},{"type":"Feature","id":1357,"geometry":{"type":"Point","coordinates":[-74.106071464233693,4.7480245626157327]},"properties":{"FID":1357,"fid_1":0,"cngmetros":13570,"text":"13+570","angle":89.460631996800004,"Id":0}},{"type":"Feature","id":1358,"geometry":{"type":"Point","coordinates":[-74.106070610767318,4.7481149531234239]},"properties":{"FID":1358,"fid_1":0,"cngmetros":13580,"text":"13+580","angle":89.460631997500002,"Id":0}},{"type":"Feature","id":1359,"geometry":{"type":"Point","coordinates":[-74.106069757300588,4.7482053436308824]},"properties":{"FID":1359,"fid_1":0,"cngmetros":13590,"text":"13+590","angle":89.460631996800004,"Id":0}},{"type":"Feature","id":1360,"geometry":{"type":"Point","coordinates":[-74.10606890383356,4.7482957341380887]},"properties":{"FID":1360,"fid_1":0,"cngmetros":13600,"text":"13+600","angle":89.460632005799994,"Id":0}},{"type":"Feature","id":1361,"geometry":{"type":"Point","coordinates":[-74.106068050366204,4.7483861246450676]},"properties":{"FID":1361,"fid_1":0,"cngmetros":13610,"text":"13+610","angle":89.460631996800004,"Id":0}},{"type":"Feature","id":1362,"geometry":{"type":"Point","coordinates":[-74.106067196898522,4.7484765151518022]},"properties":{"FID":1362,"fid_1":0,"cngmetros":13620,"text":"13+620","angle":89.460631997500002,"Id":0}},{"type":"Feature","id":1363,"geometry":{"type":"Point","coordinates":[-74.106066343430513,4.7485669056582944]},"properties":{"FID":1363,"fid_1":0,"cngmetros":13630,"text":"13+630","angle":89.460631996800004,"Id":0}},{"type":"Feature","id":1364,"geometry":{"type":"Point","coordinates":[-74.106065489962205,4.7486572961645575]},"properties":{"FID":1364,"fid_1":0,"cngmetros":13640,"text":"13+640","angle":89.460632005799994,"Id":0}},{"type":"Feature","id":1365,"geometry":{"type":"Point","coordinates":[-74.106064636493542,4.7487476866705638]},"properties":{"FID":1365,"fid_1":0,"cngmetros":13650,"text":"13+650","angle":89.460631996800004,"Id":0}},{"type":"Feature","id":1366,"geometry":{"type":"Point","coordinates":[-74.106063808342654,4.7488380773305607]},"properties":{"FID":1366,"fid_1":0,"cngmetros":13660,"text":"13+660","angle":89.648472220599999,"Id":0}},{"type":"Feature","id":1367,"geometry":{"type":"Point","coordinates":[-74.10606356772341,4.748928471569049]},"properties":{"FID":1367,"fid_1":0,"cngmetros":13670,"text":"13+670","angle":89.819471873500007,"Id":0}},{"type":"Feature","id":1368,"geometry":{"type":"Point","coordinates":[-74.106063402038515,4.7490188652593766]},"properties":{"FID":1368,"fid_1":0,"cngmetros":13680,"text":"13+680","angle":90.294192564699998,"Id":0}},{"type":"Feature","id":1369,"geometry":{"type":"Point","coordinates":[-74.106064955990746,4.7491092463752835]},"properties":{"FID":1369,"fid_1":0,"cngmetros":13690,"text":"13+690","angle":91.010114756600004,"Id":0}},{"type":"Feature","id":1370,"geometry":{"type":"Point","coordinates":[-74.106066634313507,4.7491996232431211]},"properties":{"FID":1370,"fid_1":0,"cngmetros":13700,"text":"13+700","angle":91.917291872999996,"Id":0}},{"type":"Feature","id":1371,"geometry":{"type":"Point","coordinates":[-74.106071210980645,4.749289901118332]},"properties":{"FID":1371,"fid_1":0,"cngmetros":13710,"text":"13+710","angle":92.966251838199994,"Id":0}},{"type":"Feature","id":1372,"geometry":{"type":"Point","coordinates":[-74.106075948531497,4.7493801672944924]},"properties":{"FID":1372,"fid_1":0,"cngmetros":13720,"text":"13+720","angle":94.119112921999999,"Id":0}},{"type":"Feature","id":1373,"geometry":{"type":"Point","coordinates":[-74.106084396312838,4.7494701636758032]},"properties":{"FID":1373,"fid_1":0,"cngmetros":13730,"text":"13+730","angle":95.436380980199999,"Id":0}},{"type":"Feature","id":1374,"geometry":{"type":"Point","coordinates":[-74.106093011164845,4.7495601404801953]},"properties":{"FID":1374,"fid_1":0,"cngmetros":13740,"text":"13+740","angle":96.964118016100002,"Id":0}},{"type":"Feature","id":1375,"geometry":{"type":"Point","coordinates":[-74.106105463906374,4.7496496675719548]},"properties":{"FID":1375,"fid_1":0,"cngmetros":13750,"text":"13+750","angle":98.131320462399998,"Id":0}},{"type":"Feature","id":1376,"geometry":{"type":"Point","coordinates":[-74.106118089456487,4.7497391663676058]},"properties":{"FID":1376,"fid_1":0,"cngmetros":13760,"text":"13+760","angle":100.41370615300001,"Id":0}},{"type":"Feature","id":1377,"geometry":{"type":"Point","coordinates":[-74.106134657122055,4.7498280196694482]},"properties":{"FID":1377,"fid_1":0,"cngmetros":13770,"text":"13+770","angle":100.413706151,"Id":0}},{"type":"Feature","id":1378,"geometry":{"type":"Point","coordinates":[-74.106151224791788,4.7499168729707071]},"properties":{"FID":1378,"fid_1":0,"cngmetros":13780,"text":"13+780","angle":102.826302519,"Id":0}},{"type":"Feature","id":1379,"geometry":{"type":"Point","coordinates":[-74.106171436196846,4.7500049490328466]},"properties":{"FID":1379,"fid_1":0,"cngmetros":13790,"text":"13+790","angle":102.826302519,"Id":0}},{"type":"Feature","id":1380,"geometry":{"type":"Point","coordinates":[-74.106192334913331,4.7500928784859706]},"properties":{"FID":1380,"fid_1":0,"cngmetros":13800,"text":"13+800","angle":105.238898882,"Id":0}},{"type":"Feature","id":1381,"geometry":{"type":"Point","coordinates":[-74.106215914913193,4.7501800956691822]},"properties":{"FID":1381,"fid_1":0,"cngmetros":13810,"text":"13+810","angle":105.238898882,"Id":0}},{"type":"Feature","id":1382,"geometry":{"type":"Point","coordinates":[-74.106241128896215,4.7502668787929219]},"properties":{"FID":1382,"fid_1":0,"cngmetros":13820,"text":"13+820","angle":107.65149525299999,"Id":0}},{"type":"Feature","id":1383,"geometry":{"type":"Point","coordinates":[-74.106267990021522,4.750353135192575]},"properties":{"FID":1383,"fid_1":0,"cngmetros":13830,"text":"13+830","angle":107.65149525299999,"Id":0}},{"type":"Feature","id":1384,"geometry":{"type":"Point","coordinates":[-74.106297486710517,4.7504385487896226]},"properties":{"FID":1384,"fid_1":0,"cngmetros":13840,"text":"13+840","angle":110.064091615,"Id":0}},{"type":"Feature","id":1385,"geometry":{"type":"Point","coordinates":[-74.106327549258523,4.7505237496124639]},"properties":{"FID":1385,"fid_1":0,"cngmetros":13850,"text":"13+850","angle":110.064091613,"Id":0}},{"type":"Feature","id":1386,"geometry":{"type":"Point","coordinates":[-74.106361279091146,4.7506075714564249]},"properties":{"FID":1386,"fid_1":0,"cngmetros":13860,"text":"13+860","angle":112.47668798700001,"Id":0}},{"type":"Feature","id":1387,"geometry":{"type":"Point","coordinates":[-74.106395008931855,4.7506913932986112]},"properties":{"FID":1387,"fid_1":0,"cngmetros":13870,"text":"13+870","angle":112.47668798300001,"Id":0}},{"type":"Feature","id":1388,"geometry":{"type":"Point","coordinates":[-74.106432368945988,4.7507736370396882]},"properties":{"FID":1388,"fid_1":0,"cngmetros":13880,"text":"13+880","angle":114.889284358,"Id":0}},{"type":"Feature","id":1389,"geometry":{"type":"Point","coordinates":[-74.106470265356137,4.7508556476012611]},"properties":{"FID":1389,"fid_1":0,"cngmetros":13890,"text":"13+890","angle":114.88928435,"Id":0}},{"type":"Feature","id":1390,"geometry":{"type":"Point","coordinates":[-74.106510612368368,4.7509364419983644]},"properties":{"FID":1390,"fid_1":0,"cngmetros":13900,"text":"13+900","angle":117.301880715,"Id":0}},{"type":"Feature","id":1391,"geometry":{"type":"Point","coordinates":[-74.106552591967187,4.7510164261895991]},"properties":{"FID":1391,"fid_1":0,"cngmetros":13910,"text":"13+910","angle":117.301880715,"Id":0}},{"type":"Feature","id":1392,"geometry":{"type":"Point","coordinates":[-74.106595859202187,4.7510956878225485]},"properties":{"FID":1392,"fid_1":0,"cngmetros":13920,"text":"13+920","angle":119.714477089,"Id":0}},{"type":"Feature","id":1393,"geometry":{"type":"Point","coordinates":[-74.106641822229989,4.7511734367056873]},"properties":{"FID":1393,"fid_1":0,"cngmetros":13930,"text":"13+930","angle":119.714477086,"Id":0}},{"type":"Feature","id":1394,"geometry":{"type":"Point","coordinates":[-74.106687953137339,4.7512510798434278]},"properties":{"FID":1394,"fid_1":0,"cngmetros":13940,"text":"13+940","angle":122.12707344899999,"Id":0}},{"type":"Feature","id":1395,"geometry":{"type":"Point","coordinates":[-74.106737784098172,4.751326392290304]},"properties":{"FID":1395,"fid_1":0,"cngmetros":13950,"text":"13+950","angle":124.539669819,"Id":0}},{"type":"Feature","id":1396,"geometry":{"type":"Point","coordinates":[-74.106787615069791,4.7514017047334933]},"properties":{"FID":1396,"fid_1":0,"cngmetros":13960,"text":"13+960","angle":124.539669819,"Id":0}},{"type":"Feature","id":1397,"geometry":{"type":"Point","coordinates":[-74.106840299855079,4.751475010417038]},"properties":{"FID":1397,"fid_1":0,"cngmetros":13970,"text":"13+970","angle":126.952266174,"Id":0}},{"type":"Feature","id":1398,"geometry":{"type":"Point","coordinates":[-74.106893868376446,4.7515476946728885]},"properties":{"FID":1398,"fid_1":0,"cngmetros":13980,"text":"13+980","angle":126.95226618,"Id":0}},{"type":"Feature","id":1399,"geometry":{"type":"Point","coordinates":[-74.106949185520278,4.7516190119256407]},"properties":{"FID":1399,"fid_1":0,"cngmetros":13990,"text":"13+990","angle":129.36486255400001,"Id":0}},{"type":"Feature","id":1400,"geometry":{"type":"Point","coordinates":[-74.107006347358919,4.7516888870692995]},"properties":{"FID":1400,"fid_1":0,"cngmetros":14000,"text":"14+000","angle":129.36486255400001,"Id":0}},{"type":"Feature","id":1401,"geometry":{"type":"Point","coordinates":[-74.107064249886605,4.7517581203591428]},"properties":{"FID":1401,"fid_1":0,"cngmetros":14010,"text":"14+010","angle":131.777458921,"Id":0}},{"type":"Feature","id":1402,"geometry":{"type":"Point","coordinates":[-74.107124848170258,4.751825017592374]},"properties":{"FID":1402,"fid_1":0,"cngmetros":14020,"text":"14+020","angle":131.777458921,"Id":0}},{"type":"Feature","id":1403,"geometry":{"type":"Point","coordinates":[-74.107185446465579,4.751891914820237]},"properties":{"FID":1403,"fid_1":0,"cngmetros":14030,"text":"14+030","angle":134.19005529099999,"Id":0}},{"type":"Feature","id":1404,"geometry":{"type":"Point","coordinates":[-74.107249159848351,4.7519558254703922]},"properties":{"FID":1404,"fid_1":0,"cngmetros":14040,"text":"14+040","angle":134.190055285,"Id":0}},{"type":"Feature","id":1405,"geometry":{"type":"Point","coordinates":[-74.107313026430518,4.7520195892462942]},"properties":{"FID":1405,"fid_1":0,"cngmetros":14050,"text":"14+050","angle":136.602651646,"Id":0}},{"type":"Feature","id":1406,"geometry":{"type":"Point","coordinates":[-74.107379063019835,4.7520810534712741]},"properties":{"FID":1406,"fid_1":0,"cngmetros":14060,"text":"14+060","angle":136.60265164,"Id":0}},{"type":"Feature","id":1407,"geometry":{"type":"Point","coordinates":[-74.107446019915017,4.7521415424537627]},"properties":{"FID":1407,"fid_1":0,"cngmetros":14070,"text":"14+070","angle":139.01524802500001,"Id":0}},{"type":"Feature","id":1408,"geometry":{"type":"Point","coordinates":[-74.10751432852183,4.7522004483423412]},"properties":{"FID":1408,"fid_1":0,"cngmetros":14080,"text":"14+080","angle":139.01524802,"Id":0}},{"type":"Feature","id":1409,"geometry":{"type":"Point","coordinates":[-74.10758418949716,4.7522575361306405]},"properties":{"FID":1409,"fid_1":0,"cngmetros":14090,"text":"14+090","angle":141.42784437200001,"Id":0}},{"type":"Feature","id":1410,"geometry":{"type":"Point","coordinates":[-74.107654716062015,4.7523137617099982]},"properties":{"FID":1410,"fid_1":0,"cngmetros":14100,"text":"14+100","angle":141.42784437700001,"Id":0}},{"type":"Feature","id":1411,"geometry":{"type":"Point","coordinates":[-74.107727288236262,4.7523673373769446]},"properties":{"FID":1411,"fid_1":0,"cngmetros":14110,"text":"14+110","angle":143.84044076000001,"Id":0}},{"type":"Feature","id":1412,"geometry":{"type":"Point","coordinates":[-74.107799967733712,4.7524207594025993]},"properties":{"FID":1412,"fid_1":0,"cngmetros":14120,"text":"14+120","angle":145.84951703600001,"Id":0}},{"type":"Feature","id":1413,"geometry":{"type":"Point","coordinates":[-74.107874934960563,4.7524709061982007]},"properties":{"FID":1413,"fid_1":0,"cngmetros":14130,"text":"14+130","angle":146.22695741300001,"Id":0}},{"type":"Feature","id":1414,"geometry":{"type":"Point","coordinates":[-74.107949999167673,4.7525208997505182]},"properties":{"FID":1414,"fid_1":0,"cngmetros":14140,"text":"14+140","angle":147.492752749,"Id":0}},{"type":"Feature","id":1415,"geometry":{"type":"Point","coordinates":[-74.108027130700393,4.7525676264361216]},"properties":{"FID":1415,"fid_1":0,"cngmetros":14150,"text":"14+150","angle":148.99972855600001,"Id":0}},{"type":"Feature","id":1416,"geometry":{"type":"Point","coordinates":[-74.108104349020564,4.7526142016293154]},"properties":{"FID":1416,"fid_1":0,"cngmetros":14160,"text":"14+160","angle":150.30045600899999,"Id":0}},{"type":"Feature","id":1417,"geometry":{"type":"Point","coordinates":[-74.10818342358057,4.7526575364539108]},"properties":{"FID":1417,"fid_1":0,"cngmetros":14170,"text":"14+170","angle":151.44479944899999,"Id":0}},{"type":"Feature","id":1418,"geometry":{"type":"Point","coordinates":[-74.108262560840288,4.7527007514285398]},"properties":{"FID":1418,"fid_1":0,"cngmetros":14180,"text":"14+180","angle":152.47151823600001,"Id":0}},{"type":"Feature","id":1419,"geometry":{"type":"Point","coordinates":[-74.108343031935505,4.7527414165854314]},"properties":{"FID":1419,"fid_1":0,"cngmetros":14190,"text":"14+190","angle":153.34730854599999,"Id":0}},{"type":"Feature","id":1420,"geometry":{"type":"Point","coordinates":[-74.108423538647799,4.7527820090026953]},"properties":{"FID":1420,"fid_1":0,"cngmetros":14200,"text":"14+200","angle":154.04507695500001,"Id":0}},{"type":"Feature","id":1421,"geometry":{"type":"Point","coordinates":[-74.108504808639694,4.7528210423935038]},"properties":{"FID":1421,"fid_1":0,"cngmetros":14210,"text":"14+210","angle":154.49085188500001,"Id":0}},{"type":"Feature","id":1422,"geometry":{"type":"Point","coordinates":[-74.108586090591231,4.7528600505103968]},"properties":{"FID":1422,"fid_1":0,"cngmetros":14220,"text":"14+220","angle":154.812877853,"Id":0}},{"type":"Feature","id":1423,"geometry":{"type":"Point","coordinates":[-74.108667625081779,4.7528985247457047]},"properties":{"FID":1423,"fid_1":0,"cngmetros":14230,"text":"14+230","angle":154.812877845,"Id":0}},{"type":"Feature","id":1424,"geometry":{"type":"Point","coordinates":[-74.108749159581436,4.7529369989713928]},"properties":{"FID":1424,"fid_1":0,"cngmetros":14240,"text":"14+240","angle":154.812877845,"Id":0}},{"type":"Feature","id":1425,"geometry":{"type":"Point","coordinates":[-74.108830694090202,4.7529754731874689]},"properties":{"FID":1425,"fid_1":0,"cngmetros":14250,"text":"14+250","angle":154.812877845,"Id":0}},{"type":"Feature","id":1426,"geometry":{"type":"Point","coordinates":[-74.108912228608077,4.7530139473939288]},"properties":{"FID":1426,"fid_1":0,"cngmetros":14260,"text":"14+260","angle":154.81287784700001,"Id":0}},{"type":"Feature","id":1427,"geometry":{"type":"Point","coordinates":[-74.108993763135047,4.7530524215907679]},"properties":{"FID":1427,"fid_1":0,"cngmetros":14270,"text":"14+270","angle":154.81287785000001,"Id":0}},{"type":"Feature","id":1428,"geometry":{"type":"Point","coordinates":[-74.109075297671112,4.753090895777996]},"properties":{"FID":1428,"fid_1":0,"cngmetros":14280,"text":"14+280","angle":154.81287784700001,"Id":0}},{"type":"Feature","id":1429,"geometry":{"type":"Point","coordinates":[-74.1091568322163,4.7531293699556132]},"properties":{"FID":1429,"fid_1":0,"cngmetros":14290,"text":"14+290","angle":154.81287784700001,"Id":0}},{"type":"Feature","id":1430,"geometry":{"type":"Point","coordinates":[-74.109238366770569,4.7531678441236069]},"properties":{"FID":1430,"fid_1":0,"cngmetros":14300,"text":"14+300","angle":154.812877853,"Id":0}},{"type":"Feature","id":1431,"geometry":{"type":"Point","coordinates":[-74.109319901333961,4.7532063182819808]},"properties":{"FID":1431,"fid_1":0,"cngmetros":14310,"text":"14+310","angle":154.812877853,"Id":0}},{"type":"Feature","id":1432,"geometry":{"type":"Point","coordinates":[-74.109401435906449,4.7532447924307419]},"properties":{"FID":1432,"fid_1":0,"cngmetros":14320,"text":"14+320","angle":154.812877853,"Id":0}},{"type":"Feature","id":1433,"geometry":{"type":"Point","coordinates":[-74.109482970488045,4.7532832665698841]},"properties":{"FID":1433,"fid_1":0,"cngmetros":14330,"text":"14+330","angle":154.812877853,"Id":0}},{"type":"Feature","id":1434,"geometry":{"type":"Point","coordinates":[-74.109564505078723,4.7533217406994055]},"properties":{"FID":1434,"fid_1":0,"cngmetros":14340,"text":"14+340","angle":154.812877853,"Id":0}},{"type":"Feature","id":1435,"geometry":{"type":"Point","coordinates":[-74.109646039678523,4.7533602148193133]},"properties":{"FID":1435,"fid_1":0,"cngmetros":14350,"text":"14+350","angle":154.812877853,"Id":0}},{"type":"Feature","id":1436,"geometry":{"type":"Point","coordinates":[-74.109727574287419,4.7533986889296065]},"properties":{"FID":1436,"fid_1":0,"cngmetros":14360,"text":"14+360","angle":154.812877853,"Id":0}},{"type":"Feature","id":1437,"geometry":{"type":"Point","coordinates":[-74.109809108905424,4.7534371630302807]},"properties":{"FID":1437,"fid_1":0,"cngmetros":14370,"text":"14+370","angle":154.81287784700001,"Id":0}},{"type":"Feature","id":1438,"geometry":{"type":"Point","coordinates":[-74.109890643532523,4.7534756371213245]},"properties":{"FID":1438,"fid_1":0,"cngmetros":14380,"text":"14+380","angle":154.81287784700001,"Id":0}},{"type":"Feature","id":1439,"geometry":{"type":"Point","coordinates":[-74.109972178168746,4.753514111202759]},"properties":{"FID":1439,"fid_1":0,"cngmetros":14390,"text":"14+390","angle":154.81287784700001,"Id":0}},{"type":"Feature","id":1440,"geometry":{"type":"Point","coordinates":[-74.11005371281405,4.7535525852745746]},"properties":{"FID":1440,"fid_1":0,"cngmetros":14400,"text":"14+400","angle":154.812877845,"Id":0}},{"type":"Feature","id":1441,"geometry":{"type":"Point","coordinates":[-74.110135247468463,4.7535910593367667]},"properties":{"FID":1441,"fid_1":0,"cngmetros":14410,"text":"14+410","angle":154.812877845,"Id":0}},{"type":"Feature","id":1442,"geometry":{"type":"Point","coordinates":[-74.110216782131985,4.7536295333893452]},"properties":{"FID":1442,"fid_1":0,"cngmetros":14420,"text":"14+420","angle":154.812877845,"Id":0}},{"type":"Feature","id":1443,"geometry":{"type":"Point","coordinates":[-74.110298316804602,4.7536680074322941]},"properties":{"FID":1443,"fid_1":0,"cngmetros":14430,"text":"14+430","angle":154.812877845,"Id":0}},{"type":"Feature","id":1444,"geometry":{"type":"Point","coordinates":[-74.110379851486329,4.7537064814656302]},"properties":{"FID":1444,"fid_1":0,"cngmetros":14440,"text":"14+440","angle":154.812877853,"Id":0}},{"type":"Feature","id":1445,"geometry":{"type":"Point","coordinates":[-74.11046138617715,4.7537449554893456]},"properties":{"FID":1445,"fid_1":0,"cngmetros":14450,"text":"14+450","angle":154.812877853,"Id":0}},{"type":"Feature","id":1446,"geometry":{"type":"Point","coordinates":[-74.110542920877066,4.7537834295034376]},"properties":{"FID":1446,"fid_1":0,"cngmetros":14460,"text":"14+460","angle":154.812877853,"Id":0}},{"type":"Feature","id":1447,"geometry":{"type":"Point","coordinates":[-74.110624455586091,4.7538219035079194]},"properties":{"FID":1447,"fid_1":0,"cngmetros":14470,"text":"14+470","angle":154.81287785399999,"Id":0}},{"type":"Feature","id":1448,"geometry":{"type":"Point","coordinates":[-74.110705990304226,4.7538603775027637]},"properties":{"FID":1448,"fid_1":0,"cngmetros":14480,"text":"14+480","angle":154.81287784700001,"Id":0}},{"type":"Feature","id":1449,"geometry":{"type":"Point","coordinates":[-74.110787525031469,4.7538988514880005]},"properties":{"FID":1449,"fid_1":0,"cngmetros":14490,"text":"14+490","angle":154.81287784700001,"Id":0}},{"type":"Feature","id":1450,"geometry":{"type":"Point","coordinates":[-74.110869064032286,4.7539373163385177]},"properties":{"FID":1450,"fid_1":0,"cngmetros":14500,"text":"14+500","angle":154.954353217,"Id":0}},{"type":"Feature","id":1451,"geometry":{"type":"Point","coordinates":[-74.110950693223529,4.7539755882106522]},"properties":{"FID":1451,"fid_1":0,"cngmetros":14510,"text":"14+510","angle":154.95435322099999,"Id":0}},{"type":"Feature","id":1452,"geometry":{"type":"Point","coordinates":[-74.111032349502921,4.7540138007141763]},"properties":{"FID":1452,"fid_1":0,"cngmetros":14520,"text":"14+520","angle":155.82634294900001,"Id":0}},{"type":"Feature","id":1453,"geometry":{"type":"Point","coordinates":[-74.11111457643338,4.7540507623260426]},"properties":{"FID":1453,"fid_1":0,"cngmetros":14530,"text":"14+530","angle":155.82634294900001,"Id":0}},{"type":"Feature","id":1454,"geometry":{"type":"Point","coordinates":[-74.111196803372678,4.7540877239281238]},"properties":{"FID":1454,"fid_1":0,"cngmetros":14540,"text":"14+540","angle":155.82634294100001,"Id":0}},{"type":"Feature","id":1455,"geometry":{"type":"Point","coordinates":[-74.111279424006156,4.7541237585600484]},"properties":{"FID":1455,"fid_1":0,"cngmetros":14550,"text":"14+550","angle":157.69043367099999,"Id":0}},{"type":"Feature","id":1456,"geometry":{"type":"Point","coordinates":[-74.111362954608254,4.7541576506156948]},"properties":{"FID":1456,"fid_1":0,"cngmetros":14560,"text":"14+560","angle":157.69043367099999,"Id":0}},{"type":"Feature","id":1457,"geometry":{"type":"Point","coordinates":[-74.111446485218593,4.7541915426612462]},"properties":{"FID":1457,"fid_1":0,"cngmetros":14570,"text":"14+570","angle":159.554524386,"Id":0}},{"type":"Feature","id":1458,"geometry":{"type":"Point","coordinates":[-74.111530674942045,4.7542237086113426]},"properties":{"FID":1458,"fid_1":0,"cngmetros":14580,"text":"14+580","angle":159.554524383,"Id":0}},{"type":"Feature","id":1459,"geometry":{"type":"Point","coordinates":[-74.111615397347236,4.7542544795670514]},"properties":{"FID":1459,"fid_1":0,"cngmetros":14590,"text":"14+590","angle":159.554524383,"Id":0}},{"type":"Feature","id":1460,"geometry":{"type":"Point","coordinates":[-74.111700119760016,4.7542852505123845]},"properties":{"FID":1460,"fid_1":0,"cngmetros":14600,"text":"14+600","angle":161.418615112,"Id":0}},{"type":"Feature","id":1461,"geometry":{"type":"Point","coordinates":[-74.111785704139294,4.7543134872707915]},"properties":{"FID":1461,"fid_1":0,"cngmetros":14610,"text":"14+610","angle":161.418615112,"Id":0}},{"type":"Feature","id":1462,"geometry":{"type":"Point","coordinates":[-74.11187150356821,4.7543410917887448]},"properties":{"FID":1462,"fid_1":0,"cngmetros":14620,"text":"14+620","angle":163.282705814,"Id":0}},{"type":"Feature","id":1463,"geometry":{"type":"Point","coordinates":[-74.111957346898777,4.7543685497022201]},"properties":{"FID":1463,"fid_1":0,"cngmetros":14630,"text":"14+630","angle":163.282705814,"Id":0}},{"type":"Feature","id":1464,"geometry":{"type":"Point","coordinates":[-74.112044106115178,4.7543929488732841]},"properties":{"FID":1464,"fid_1":0,"cngmetros":14640,"text":"14+640","angle":163.282705806,"Id":0}},{"type":"Feature","id":1465,"geometry":{"type":"Point","coordinates":[-74.112130865337718,4.7544173480334555]},"properties":{"FID":1465,"fid_1":0,"cngmetros":14650,"text":"14+650","angle":165.14679652999999,"Id":0}},{"type":"Feature","id":1466,"geometry":{"type":"Point","coordinates":[-74.112217869288486,4.7544408045811215]},"properties":{"FID":1466,"fid_1":0,"cngmetros":14660,"text":"14+660","angle":165.14679652999999,"Id":0}},{"type":"Feature","id":1467,"geometry":{"type":"Point","coordinates":[-74.112305469096768,4.7544619660611707]},"properties":{"FID":1467,"fid_1":0,"cngmetros":14670,"text":"14+670","angle":167.01088725100001,"Id":0}},{"type":"Feature","id":1468,"geometry":{"type":"Point","coordinates":[-74.112393068910478,4.7544831275301149]},"properties":{"FID":1468,"fid_1":0,"cngmetros":14680,"text":"14+680","angle":167.01088725899999,"Id":0}},{"type":"Feature","id":1469,"geometry":{"type":"Point","coordinates":[-74.112481056338865,4.7545025319527765]},"properties":{"FID":1469,"fid_1":0,"cngmetros":14690,"text":"14+690","angle":167.01088725700001,"Id":0}},{"type":"Feature","id":1470,"geometry":{"type":"Point","coordinates":[-74.112569376056129,4.7545204301185686]},"properties":{"FID":1470,"fid_1":0,"cngmetros":14700,"text":"14+700","angle":168.874977965,"Id":0}},{"type":"Feature","id":1471,"geometry":{"type":"Point","coordinates":[-74.112657695778012,4.7545383282730649]},"properties":{"FID":1471,"fid_1":0,"cngmetros":14710,"text":"14+710","angle":168.874977957,"Id":0}},{"type":"Feature","id":1472,"geometry":{"type":"Point","coordinates":[-74.112746487797779,4.7545536352486879]},"properties":{"FID":1472,"fid_1":0,"cngmetros":14720,"text":"14+720","angle":170.739068686,"Id":0}},{"type":"Feature","id":1473,"geometry":{"type":"Point","coordinates":[-74.112835405760876,4.754568251264689]},"properties":{"FID":1473,"fid_1":0,"cngmetros":14730,"text":"14+730","angle":170.739068686,"Id":0}},{"type":"Feature","id":1474,"geometry":{"type":"Point","coordinates":[-74.112924340166387,4.7545827574835178]},"properties":{"FID":1474,"fid_1":0,"cngmetros":14740,"text":"14+740","angle":172.22367726100001,"Id":0}},{"type":"Feature","id":1475,"geometry":{"type":"Point","coordinates":[-74.113013614219668,4.7545949953643323]},"properties":{"FID":1475,"fid_1":0,"cngmetros":14750,"text":"14+750","angle":172.22367726100001,"Id":0}},{"type":"Feature","id":1476,"geometry":{"type":"Point","coordinates":[-74.113102894907342,4.7546071821097105]},"properties":{"FID":1476,"fid_1":0,"cngmetros":14760,"text":"14+760","angle":172.95537746799999,"Id":0}},{"type":"Feature","id":1477,"geometry":{"type":"Point","coordinates":[-74.113192317795324,4.7546182725544588]},"properties":{"FID":1477,"fid_1":0,"cngmetros":14770,"text":"14+770","angle":172.95537746900001,"Id":0}},{"type":"Feature","id":1478,"geometry":{"type":"Point","coordinates":[-74.113281740686247,4.7546293629876191]},"properties":{"FID":1478,"fid_1":0,"cngmetros":14780,"text":"14+780","angle":172.95537746900001,"Id":0}},{"type":"Feature","id":1479,"geometry":{"type":"Point","coordinates":[-74.113371163580098,4.7546404534091904]},"properties":{"FID":1479,"fid_1":0,"cngmetros":14790,"text":"14+790","angle":172.95537746799999,"Id":0}},{"type":"Feature","id":1480,"geometry":{"type":"Point","coordinates":[-74.113460586476918,4.7546515438191701]},"properties":{"FID":1480,"fid_1":0,"cngmetros":14800,"text":"14+800","angle":172.95537746799999,"Id":0}},{"type":"Feature","id":1481,"geometry":{"type":"Point","coordinates":[-74.113550009376652,4.7546626342175644]},"properties":{"FID":1481,"fid_1":0,"cngmetros":14810,"text":"14+810","angle":172.95537746799999,"Id":0}},{"type":"Feature","id":1482,"geometry":{"type":"Point","coordinates":[-74.113639432279342,4.7546737246043671]},"properties":{"FID":1482,"fid_1":0,"cngmetros":14820,"text":"14+820","angle":172.95537746799999,"Id":0}},{"type":"Feature","id":1483,"geometry":{"type":"Point","coordinates":[-74.113728855184959,4.7546848149795826]},"properties":{"FID":1483,"fid_1":0,"cngmetros":14830,"text":"14+830","angle":172.95537746799999,"Id":0}},{"type":"Feature","id":1484,"geometry":{"type":"Point","coordinates":[-74.113818278093532,4.7546959053432047]},"properties":{"FID":1484,"fid_1":0,"cngmetros":14840,"text":"14+840","angle":172.95537746900001,"Id":0}},{"type":"Feature","id":1485,"geometry":{"type":"Point","coordinates":[-74.113907701005033,4.7547069956952424]},"properties":{"FID":1485,"fid_1":0,"cngmetros":14850,"text":"14+850","angle":172.95537746900001,"Id":0}},{"type":"Feature","id":1486,"geometry":{"type":"Point","coordinates":[-74.113997123919475,4.7547180860356884]},"properties":{"FID":1486,"fid_1":0,"cngmetros":14860,"text":"14+860","angle":172.95537746799999,"Id":0}},{"type":"Feature","id":1487,"geometry":{"type":"Point","coordinates":[-74.114086546836859,4.7547291763645454]},"properties":{"FID":1487,"fid_1":0,"cngmetros":14870,"text":"14+870","angle":172.95537746799999,"Id":0}},{"type":"Feature","id":1488,"geometry":{"type":"Point","coordinates":[-74.11417596975717,4.7547402666818073]},"properties":{"FID":1488,"fid_1":0,"cngmetros":14880,"text":"14+880","angle":172.95537746799999,"Id":0}},{"type":"Feature","id":1489,"geometry":{"type":"Point","coordinates":[-74.114265392680423,4.7547513569874837]},"properties":{"FID":1489,"fid_1":0,"cngmetros":14890,"text":"14+890","angle":172.95537746799999,"Id":0}},{"type":"Feature","id":1490,"geometry":{"type":"Point","coordinates":[-74.114354815606617,4.7547624472815686]},"properties":{"FID":1490,"fid_1":0,"cngmetros":14900,"text":"14+900","angle":172.95537746799999,"Id":0}},{"type":"Feature","id":1491,"geometry":{"type":"Point","coordinates":[-74.114444238535739,4.7547735375640618]},"properties":{"FID":1491,"fid_1":0,"cngmetros":14910,"text":"14+910","angle":172.95537746799999,"Id":0}},{"type":"Feature","id":1492,"geometry":{"type":"Point","coordinates":[-74.114533661467817,4.7547846278349652]},"properties":{"FID":1492,"fid_1":0,"cngmetros":14920,"text":"14+920","angle":172.95537746900001,"Id":0}},{"type":"Feature","id":1493,"geometry":{"type":"Point","coordinates":[-74.114623084402822,4.7547957180942779]},"properties":{"FID":1493,"fid_1":0,"cngmetros":14930,"text":"14+930","angle":172.95537746900001,"Id":0}},{"type":"Feature","id":1494,"geometry":{"type":"Point","coordinates":[-74.114712507340755,4.7548068083420034]},"properties":{"FID":1494,"fid_1":0,"cngmetros":14940,"text":"14+940","angle":172.95537746799999,"Id":0}},{"type":"Feature","id":1495,"geometry":{"type":"Point","coordinates":[-74.114801930281644,4.75481789857814]},"properties":{"FID":1495,"fid_1":0,"cngmetros":14950,"text":"14+950","angle":172.95537746799999,"Id":0}},{"type":"Feature","id":1496,"geometry":{"type":"Point","coordinates":[-74.114891353225445,4.7548289888026822]},"properties":{"FID":1496,"fid_1":0,"cngmetros":14960,"text":"14+960","angle":172.95537746799999,"Id":0}},{"type":"Feature","id":1497,"geometry":{"type":"Point","coordinates":[-74.114980776172217,4.754840079015632]},"properties":{"FID":1497,"fid_1":0,"cngmetros":14970,"text":"14+970","angle":172.95537746799999,"Id":0}},{"type":"Feature","id":1498,"geometry":{"type":"Point","coordinates":[-74.115070199121902,4.7548511692169937]},"properties":{"FID":1498,"fid_1":0,"cngmetros":14980,"text":"14+980","angle":172.95537746799999,"Id":0}},{"type":"Feature","id":1499,"geometry":{"type":"Point","coordinates":[-74.115159622074529,4.7548622594067638]},"properties":{"FID":1499,"fid_1":0,"cngmetros":14990,"text":"14+990","angle":172.95537746900001,"Id":0}},{"type":"Feature","id":1500,"geometry":{"type":"Point","coordinates":[-74.115249045030069,4.7548733495849484]},"properties":{"FID":1500,"fid_1":0,"cngmetros":15000,"text":"15+000","angle":172.95537746900001,"Id":0}},{"type":"Feature","id":1501,"geometry":{"type":"Point","coordinates":[-74.115338467988579,4.7548844397515335]},"properties":{"FID":1501,"fid_1":0,"cngmetros":15010,"text":"15+010","angle":172.955377478,"Id":0}},{"type":"Feature","id":1502,"geometry":{"type":"Point","coordinates":[-74.115427890950002,4.7548955299065376]},"properties":{"FID":1502,"fid_1":0,"cngmetros":15020,"text":"15+020","angle":172.95537746799999,"Id":0}},{"type":"Feature","id":1503,"geometry":{"type":"Point","coordinates":[-74.115517313914367,4.7549066200499421]},"properties":{"FID":1503,"fid_1":0,"cngmetros":15030,"text":"15+030","angle":172.95537746799999,"Id":0}},{"type":"Feature","id":1504,"geometry":{"type":"Point","coordinates":[-74.115606736881674,4.7549177101817603]},"properties":{"FID":1504,"fid_1":0,"cngmetros":15040,"text":"15+040","angle":172.95537746799999,"Id":0}},{"type":"Feature","id":1505,"geometry":{"type":"Point","coordinates":[-74.115696159851908,4.7549288003019807]},"properties":{"FID":1505,"fid_1":0,"cngmetros":15050,"text":"15+050","angle":172.95537746799999,"Id":0}},{"type":"Feature","id":1506,"geometry":{"type":"Point","coordinates":[-74.115785582825069,4.7549398904106139]},"properties":{"FID":1506,"fid_1":0,"cngmetros":15060,"text":"15+060","angle":172.95537746799999,"Id":0}},{"type":"Feature","id":1507,"geometry":{"type":"Point","coordinates":[-74.115875005801172,4.75495098050766]},"properties":{"FID":1507,"fid_1":0,"cngmetros":15070,"text":"15+070","angle":172.95537746900001,"Id":0}},{"type":"Feature","id":1508,"geometry":{"type":"Point","coordinates":[-74.115964428780202,4.7549620705931135]},"properties":{"FID":1508,"fid_1":0,"cngmetros":15080,"text":"15+080","angle":172.955377478,"Id":0}},{"type":"Feature","id":1509,"geometry":{"type":"Point","coordinates":[-74.116053851762189,4.7549731606669701]},"properties":{"FID":1509,"fid_1":0,"cngmetros":15090,"text":"15+090","angle":172.95537746799999,"Id":0}},{"type":"Feature","id":1510,"geometry":{"type":"Point","coordinates":[-74.116143274747088,4.7549842507292386]},"properties":{"FID":1510,"fid_1":0,"cngmetros":15100,"text":"15+100","angle":172.95537746799999,"Id":0}},{"type":"Feature","id":1511,"geometry":{"type":"Point","coordinates":[-74.11623269773493,4.754995340779911]},"properties":{"FID":1511,"fid_1":0,"cngmetros":15110,"text":"15+110","angle":172.95537746799999,"Id":0}},{"type":"Feature","id":1512,"geometry":{"type":"Point","coordinates":[-74.116322120725698,4.7550064308189945]},"properties":{"FID":1512,"fid_1":0,"cngmetros":15120,"text":"15+120","angle":172.95537746799999,"Id":0}},{"type":"Feature","id":1513,"geometry":{"type":"Point","coordinates":[-74.116411543719394,4.7550175208464953]},"properties":{"FID":1513,"fid_1":0,"cngmetros":15130,"text":"15+130","angle":172.95537746799999,"Id":0}},{"type":"Feature","id":1514,"geometry":{"type":"Point","coordinates":[-74.116500966716046,4.7550286108623911]},"properties":{"FID":1514,"fid_1":0,"cngmetros":15140,"text":"15+140","angle":172.95537746900001,"Id":0}},{"type":"Feature","id":1515,"geometry":{"type":"Point","coordinates":[-74.116590389715597,4.7550397008667007]},"properties":{"FID":1515,"fid_1":0,"cngmetros":15150,"text":"15+150","angle":172.95537746900001,"Id":0}},{"type":"Feature","id":1516,"geometry":{"type":"Point","coordinates":[-74.116679812718104,4.7550507908594177]},"properties":{"FID":1516,"fid_1":0,"cngmetros":15160,"text":"15+160","angle":172.95537746900001,"Id":0}},{"type":"Feature","id":1517,"geometry":{"type":"Point","coordinates":[-74.116769235723538,4.7550618808405352]},"properties":{"FID":1517,"fid_1":0,"cngmetros":15170,"text":"15+170","angle":172.95537746799999,"Id":0}},{"type":"Feature","id":1518,"geometry":{"type":"Point","coordinates":[-74.1168586587319,4.7550729708100654]},"properties":{"FID":1518,"fid_1":0,"cngmetros":15180,"text":"15+180","angle":172.95537746799999,"Id":0}},{"type":"Feature","id":1519,"geometry":{"type":"Point","coordinates":[-74.116948081743203,4.7550840607680094]},"properties":{"FID":1519,"fid_1":0,"cngmetros":15190,"text":"15+190","angle":172.95537746799999,"Id":0}},{"type":"Feature","id":1520,"geometry":{"type":"Point","coordinates":[-74.117037504757434,4.7550951507143564]},"properties":{"FID":1520,"fid_1":0,"cngmetros":15200,"text":"15+200","angle":172.95537746799999,"Id":0}},{"type":"Feature","id":1521,"geometry":{"type":"Point","coordinates":[-74.117126927774592,4.7551062406491065]},"properties":{"FID":1521,"fid_1":0,"cngmetros":15210,"text":"15+210","angle":172.95537746799999,"Id":0}},{"type":"Feature","id":1522,"geometry":{"type":"Point","coordinates":[-74.117216350794692,4.7551173305722685]},"properties":{"FID":1522,"fid_1":0,"cngmetros":15220,"text":"15+220","angle":172.95537746900001,"Id":0}},{"type":"Feature","id":1523,"geometry":{"type":"Point","coordinates":[-74.117305773817705,4.7551284204838407]},"properties":{"FID":1523,"fid_1":0,"cngmetros":15230,"text":"15+230","angle":172.95537746900001,"Id":0}},{"type":"Feature","id":1524,"geometry":{"type":"Point","coordinates":[-74.11739519684366,4.7551395103838168]},"properties":{"FID":1524,"fid_1":0,"cngmetros":15240,"text":"15+240","angle":172.95537746799999,"Id":0}},{"type":"Feature","id":1525,"geometry":{"type":"Point","coordinates":[-74.117484619872542,4.7551506002721995]},"properties":{"FID":1525,"fid_1":0,"cngmetros":15250,"text":"15+250","angle":172.95537746799999,"Id":0}},{"type":"Feature","id":1526,"geometry":{"type":"Point","coordinates":[-74.117574042904351,4.7551616901489897]},"properties":{"FID":1526,"fid_1":0,"cngmetros":15260,"text":"15+260","angle":172.95537746799999,"Id":0}},{"type":"Feature","id":1527,"geometry":{"type":"Point","coordinates":[-74.117663465939103,4.7551727800141848]},"properties":{"FID":1527,"fid_1":0,"cngmetros":15270,"text":"15+270","angle":172.95537746799999,"Id":0}},{"type":"Feature","id":1528,"geometry":{"type":"Point","coordinates":[-74.117752888976767,4.7551838698677864]},"properties":{"FID":1528,"fid_1":0,"cngmetros":15280,"text":"15+280","angle":172.95537746799999,"Id":0}},{"type":"Feature","id":1529,"geometry":{"type":"Point","coordinates":[-74.117842312017373,4.7551949597098027]},"properties":{"FID":1529,"fid_1":0,"cngmetros":15290,"text":"15+290","angle":172.95537746799999,"Id":0}},{"type":"Feature","id":1530,"geometry":{"type":"Point","coordinates":[-74.117931735060893,4.7552060495402184]},"properties":{"FID":1530,"fid_1":0,"cngmetros":15300,"text":"15+300","angle":172.95537746900001,"Id":0}},{"type":"Feature","id":1531,"geometry":{"type":"Point","coordinates":[-74.118021158107368,4.7552171393590452]},"properties":{"FID":1531,"fid_1":0,"cngmetros":15310,"text":"15+310","angle":172.95537746900001,"Id":0}},{"type":"Feature","id":1532,"geometry":{"type":"Point","coordinates":[-74.118110581156756,4.7552282291662715]},"properties":{"FID":1532,"fid_1":0,"cngmetros":15320,"text":"15+320","angle":172.95537746799999,"Id":0}},{"type":"Feature","id":1533,"geometry":{"type":"Point","coordinates":[-74.118200004209072,4.7552393189619133]},"properties":{"FID":1533,"fid_1":0,"cngmetros":15330,"text":"15+330","angle":172.95537746799999,"Id":0}},{"type":"Feature","id":1534,"geometry":{"type":"Point","coordinates":[-74.118289427264315,4.7552504087459511]},"properties":{"FID":1534,"fid_1":0,"cngmetros":15340,"text":"15+340","angle":172.95537746799999,"Id":0}},{"type":"Feature","id":1535,"geometry":{"type":"Point","coordinates":[-74.1183788503225,4.7552614985184061]},"properties":{"FID":1535,"fid_1":0,"cngmetros":15350,"text":"15+350","angle":172.95537746799999,"Id":0}},{"type":"Feature","id":1536,"geometry":{"type":"Point","coordinates":[-74.118468273383598,4.7552725882792615]},"properties":{"FID":1536,"fid_1":0,"cngmetros":15360,"text":"15+360","angle":172.95537746799999,"Id":0}},{"type":"Feature","id":1537,"geometry":{"type":"Point","coordinates":[-74.118557696447624,4.7552836780285244]},"properties":{"FID":1537,"fid_1":0,"cngmetros":15370,"text":"15+370","angle":172.95537746900001,"Id":0}},{"type":"Feature","id":1538,"geometry":{"type":"Point","coordinates":[-74.118647119514577,4.7552947677661912]},"properties":{"FID":1538,"fid_1":0,"cngmetros":15380,"text":"15+380","angle":172.95537746900001,"Id":0}},{"type":"Feature","id":1539,"geometry":{"type":"Point","coordinates":[-74.118736542584472,4.7553058574922602]},"properties":{"FID":1539,"fid_1":0,"cngmetros":15390,"text":"15+390","angle":172.95537746799999,"Id":0}},{"type":"Feature","id":1540,"geometry":{"type":"Point","coordinates":[-74.11882596565728,4.7553169472067474]},"properties":{"FID":1540,"fid_1":0,"cngmetros":15400,"text":"15+400","angle":172.95537746799999,"Id":0}},{"type":"Feature","id":1541,"geometry":{"type":"Point","coordinates":[-74.118915388733029,4.7553280369096314]},"properties":{"FID":1541,"fid_1":0,"cngmetros":15410,"text":"15+410","angle":172.95537746799999,"Id":0}},{"type":"Feature","id":1542,"geometry":{"type":"Point","coordinates":[-74.119004811811692,4.7553391266009211]},"properties":{"FID":1542,"fid_1":0,"cngmetros":15420,"text":"15+420","angle":172.95537746799999,"Id":0}},{"type":"Feature","id":1543,"geometry":{"type":"Point","coordinates":[-74.119094234893282,4.7553502162806263]},"properties":{"FID":1543,"fid_1":0,"cngmetros":15430,"text":"15+430","angle":172.95537746799999,"Id":0}},{"type":"Feature","id":1544,"geometry":{"type":"Point","coordinates":[-74.119183657977814,4.7553613059487265]},"properties":{"FID":1544,"fid_1":0,"cngmetros":15440,"text":"15+440","angle":172.95537746900001,"Id":0}},{"type":"Feature","id":1545,"geometry":{"type":"Point","coordinates":[-74.119273081065259,4.7553723956052387]},"properties":{"FID":1545,"fid_1":0,"cngmetros":15450,"text":"15+450","angle":172.95537746900001,"Id":0}},{"type":"Feature","id":1546,"geometry":{"type":"Point","coordinates":[-74.119362504155632,4.755383485250154]},"properties":{"FID":1546,"fid_1":0,"cngmetros":15460,"text":"15+460","angle":172.95537746900001,"Id":0}},{"type":"Feature","id":1547,"geometry":{"type":"Point","coordinates":[-74.119451927248917,4.7553945748834652]},"properties":{"FID":1547,"fid_1":0,"cngmetros":15470,"text":"15+470","angle":172.95537746799999,"Id":0}},{"type":"Feature","id":1548,"geometry":{"type":"Point","coordinates":[-74.119541350345159,4.7554056645051936]},"properties":{"FID":1548,"fid_1":0,"cngmetros":15480,"text":"15+480","angle":172.95537747700001,"Id":0}},{"type":"Feature","id":1549,"geometry":{"type":"Point","coordinates":[-74.1196307734443,4.7554167541153172]},"properties":{"FID":1549,"fid_1":0,"cngmetros":15490,"text":"15+490","angle":172.95537746799999,"Id":0}},{"type":"Feature","id":1550,"geometry":{"type":"Point","coordinates":[-74.119720196110947,4.7554278472350147]},"properties":{"FID":1550,"fid_1":0,"cngmetros":15500,"text":"15+500","angle":172.905200095,"Id":0}}]}