{
"type": "FeatureCollection",
"name": "bics",
"features": [
{ "type": "Feature", "id": 0, "properties": { "FID": 0, "LotCodigo": "003101001017", "NUMERO_FIC": "003101001017", "NOMBRE": "Edificio Panautos", "DIRECCION": "CL 26 13 B 37", "ACTO_ADMIN": "DEC", "NUMERO_ACT": "606", "FECHA_ACTO": 996105600000, "OBSERVACIO": "Se modifica modalidad de declaratoria mediante Resolución SDP 1059 de diciembre 28 de 2007 / Se modifica categoría de intervención de CI a CT mediante Resolución SDP 1075 de mayo 29 de 2009 / Se corrigen inconsistencias de nomenclatura mediante Resol", "OTROS": "Oficio SDP 2-2017-17635 de abril 25 de 2017", "LOCALIZACI": "Zona de Influencia PEMPCHB", "Nivel_Inte": "POT 555 - Nivel 2", "Responsabl": "IDPC - Instituto Distrital de Patrimonio Cultural", "Localidad": "03", "Categoria": "Conservación Tipológica", "AMBITO": "Distrital", "Shape_Leng": 194.733216653, "Shape_Area": 2236.3804333899998, "FMI": "" }, "geometry": { "type": "Polygon", "coordinates": [ [ [ -74.072700116934456, 4.614264129186164 ], [ -74.072665155401907, 4.61430811052098 ], [ -74.072630058223737, 4.614352262875215 ], [ -74.072615047375351, 4.614371144251234 ], [ -74.072586560001071, 4.614406981884114 ], [ -74.072569848641848, 4.61442800416856 ], [ -74.072552371019668, 4.614449990801916 ], [ -74.072503295157375, 4.614511729766223 ], [ -74.072501908158586, 4.614513474907476 ], [ -74.072501838988302, 4.614513560866193 ], [ -74.07258115573633, 4.614630512183893 ], [ -74.072581571656286, 4.61463112463973 ], [ -74.072623619099801, 4.614688203014611 ], [ -74.072657423602251, 4.614734093322673 ], [ -74.07277926390087, 4.61489948679994 ], [ -74.072818279530296, 4.614952448090893 ], [ -74.072822562697553, 4.614945016247009 ], [ -74.072834636953303, 4.614924070982536 ], [ -74.072849545393751, 4.614898207269159 ], [ -74.072865076366696, 4.614871265489633 ], [ -74.072913566527419, 4.614787146852462 ], [ -74.072936664908312, 4.614747078458987 ], [ -74.072969896285628, 4.614689428821599 ], [ -74.072971234775409, 4.614686883190297 ], [ -74.073020702303154, 4.614592840776268 ], [ -74.073029410571522, 4.614576283873242 ], [ -74.07302837122073, 4.614575297138731 ], [ -74.072919195371, 4.61447146795004 ], [ -74.072831637478558, 4.614388196317268 ], [ -74.072831345526097, 4.614387917846743 ], [ -74.072700575075231, 4.614263553441541 ], [ -74.072700116934456, 4.614264129186164 ] ] ] } },
{ "type": "Feature", "id": 1, "properties": { "FID": 1, "LotCodigo": "003101005001", "NUMERO_FIC": "003101005001", "NOMBRE": "Iglesia de Las Angustias", "DIRECCION": "KR 13 A 23 7", "ACTO_ADMIN": "DEC", "NUMERO_ACT": "606", "FECHA_ACTO": 996105600000, "OBSERVACIO": "Se modifica modalidad de declaratoria mediante Resolución SDP 1059 de diciembre 28 de 2007.", "OTROS": "Oficio SDP 2-2017-17635 de abril 25 de 2017", "LOCALIZACI": "Zona de Influencia PEMPCHB", "Nivel_Inte": "POT 555 - Nivel 1", "Responsabl": "IDPC - Instituto Distrital de Patrimonio Cultural", "Localidad": "03", "Categoria": "Conservación Integral", "AMBITO": "Distrital", "Shape_Leng": 113.489895541, "Shape_Area": 631.584701537, "FMI": "" }, "geometry": { "type": "Polygon", "coordinates": [ [ [ -74.074089798102577, 4.611410087609465 ], [ -74.074137660340909, 4.611444316344912 ], [ -74.074165577284987, 4.611405032139604 ], [ -74.074180315943863, 4.611415430505009 ], [ -74.074251193918101, 4.611321884608903 ], [ -74.073972994657751, 4.611121725199839 ], [ -74.073948511972986, 4.61115311102983 ], [ -74.073920240194369, 4.611189354444786 ], [ -74.073898034738875, 4.611217820347684 ], [ -74.073905004767141, 4.611222931334152 ], [ -74.073997679463446, 4.61129088649779 ], [ -74.073972604788906, 4.61132627389621 ], [ -74.074089798102577, 4.611410087609465 ] ] ] } },
{ "type": "Feature", "id": 2, "properties": { "FID": 2, "LotCodigo": "003101005006", "NUMERO_FIC": "003101005006", "NOMBRE": "KR 14 23 10", "DIRECCION": "KR 14 23 10", "ACTO_ADMIN": "DEC", "NUMERO_ACT": "606", "FECHA_ACTO": 996105600000, "OBSERVACIO": "Se modifica modalidad de declaratoria mediante Resolución SDP 1059 de diciembre 28 de 2007.", "OTROS": "Oficio SDP 2-2017-17635 de abril 25 de 2017", "LOCALIZACI": "Zona de Influencia PEMPCHB", "Nivel_Inte": "POT 555 - Nivel 1", "Responsabl": "IDPC - Instituto Distrital de Patrimonio Cultural", "Localidad": "03", "Categoria": "Conservación Integral", "AMBITO": "Distrital", "Shape_Leng": 109.536099964, "Shape_Area": 308.12907911399998, "FMI": "" }, "geometry": { "type": "Polygon", "coordinates": [ [ [ -74.074438977745075, 4.611700989276237 ], [ -74.074364604426066, 4.611831075779684 ], [ -74.07432149607223, 4.611906475296613 ], [ -74.074378949622854, 4.611947065872466 ], [ -74.074548249714553, 4.611606562337109 ], [ -74.074572395531078, 4.611558001722811 ], [ -74.074546816003362, 4.611539620804603 ], [ -74.07453577391189, 4.611531685706156 ], [ -74.074438977745075, 4.611700989276237 ] ] ] } },
{ "type": "Feature", "id": 3, "properties": { "FID": 3, "LotCodigo": "003101005023", "NUMERO_FIC": "003101005023", "NOMBRE": "KR 14 23 78", "DIRECCION": "KR 14 23 78", "ACTO_ADMIN": "DEC", "NUMERO_ACT": "606", "FECHA_ACTO": 996105600000, "OBSERVACIO": "Se modifica modalidad de declaratoria mediante Resolución SDP 1059 de diciembre 28 de 2007.", "OTROS": "Oficio SDP 2-2017-17635 de abril 25 de 2017", "LOCALIZACI": "Zona de Influencia PEMPCHB", "Nivel_Inte": "POT 555 - Nivel 1", "Responsabl": "IDPC - Instituto Distrital de Patrimonio Cultural", "Localidad": "03", "Categoria": "Conservación Integral", "AMBITO": "Distrital", "Shape_Leng": 118.864914282, "Shape_Area": 390.67304063199998, "FMI": "" }, "geometry": { "type": "Polygon", "coordinates": [ [ [ -74.074171892441441, 4.612066301794866 ], [ -74.074229421450539, 4.612109859738592 ], [ -74.074188520257351, 4.612185313845683 ], [ -74.074166567228431, 4.612225813074166 ], [ -74.074145041797607, 4.612265519865778 ], [ -74.074108465992481, 4.612332994096566 ], [ -74.074078335599538, 4.612388580014234 ], [ -74.074108274651337, 4.612410851449866 ], [ -74.074108963659157, 4.612411365412972 ], [ -74.074136953366761, 4.612432185394701 ], [ -74.07414645215259, 4.612413191145952 ], [ -74.07415040563815, 4.612405286501082 ], [ -74.074151153934778, 4.612403790277542 ], [ -74.074217788267617, 4.612270556525963 ], [ -74.07431514498316, 4.612075895180152 ], [ -74.074210254995648, 4.612000851157651 ], [ -74.074171892441441, 4.612066301794866 ] ] ] } },
{ "type": "Feature", "id": 4, "properties": { "FID": 4, "LotCodigo": "003101010006", "NUMERO_FIC": "003101010006", "NOMBRE": "Universidad INCCA de Colombia", "DIRECCION": "CL 24A 13 72", "ACTO_ADMIN": "DEC", "NUMERO_ACT": "606", "FECHA_ACTO": 996105600000, "OBSERVACIO": "Se corrige inconsistencia de nomenclatura mediante Resolución SDP 0588 de octubre 21 de 2004 / Se modifica modalidad de declaratoria mediante Resolución 1059 de diciembre 28 de 2007. Resolución 076 de 11 de febrero de 2020 cambio de catergría a Resti", "OTROS": "Oficio SDP 2-2017-17635 de abril 25 de 2017", "LOCALIZACI": "Zona de Influencia PEMPCHB", "Nivel_Inte": "POT 555 - Nivel 2", "Responsabl": "IDPC - Instituto Distrital de Patrimonio Cultural", "Localidad": "03", "Categoria": "Conservación Tipológica", "AMBITO": "Distrital", "Shape_Leng": 132.21822598, "Shape_Area": 977.96572653800001, "FMI": "" }, "geometry": { "type": "Polygon", "coordinates": [ [ [ -74.072491599990713, 4.612169312038476 ], [ -74.072709959775011, 4.612333655801759 ], [ -74.072750294131282, 4.612364011861152 ], [ -74.072768317929132, 4.612377577263918 ], [ -74.072801208844936, 4.612333403297212 ], [ -74.072817211433417, 4.612312644200215 ], [ -74.072830423854612, 4.612295507020723 ], [ -74.072839795079659, 4.612283351881215 ], [ -74.072844212994227, 4.612277619490457 ], [ -74.072857950031562, 4.612259800010587 ], [ -74.072896595555065, 4.612209670689039 ], [ -74.072918629432365, 4.612181090213867 ], [ -74.072825257643416, 4.612111645179048 ], [ -74.072801385813051, 4.61209389016431 ], [ -74.072677668933807, 4.612001877293602 ], [ -74.072655584750862, 4.612030486429016 ], [ -74.072643965042673, 4.612045539108437 ], [ -74.0726170012111, 4.612080468916543 ], [ -74.072611433452963, 4.612087682311181 ], [ -74.072603165359098, 4.612098391372616 ], [ -74.072589400474001, 4.61211622339224 ], [ -74.072582743059428, 4.612111031825658 ], [ -74.072553581050357, 4.612088288501353 ], [ -74.072545352482365, 4.61209904412395 ], [ -74.072491599990713, 4.612169312038476 ] ] ] } },
{ "type": "Feature", "id": 5, "properties": { "FID": 5, "LotCodigo": "003101011007", "NUMERO_FIC": "003101011007", "NOMBRE": "KR 13 A 24 26", "DIRECCION": "KR 13 A 24 26", "ACTO_ADMIN": "DEC", "NUMERO_ACT": "606", "FECHA_ACTO": 996105600000, "OBSERVACIO": "Se aclara inconsistencia de nomenclatura mediante Resolución SDP 0588 de octubre 21 de 2004 / Se modifica modalidad de declaratoria mediante Resolución SDP 1059 de diciembre 28 de 2007.", "OTROS": "Oficio SDP 2-2017-17635 de abril 25 de 2017", "LOCALIZACI": "Zona de Influencia PEMPCHB", "Nivel_Inte": "POT 555 - Nivel 2", "Responsabl": "IDPC - Instituto Distrital de Patrimonio Cultural", "Localidad": "03", "Categoria": "Conservación Tipológica", "AMBITO": "Distrital", "Shape_Leng": 53.251668154900003, "Shape_Area": 130.551688509, "FMI": "" }, "geometry": { "type": "Polygon", "coordinates": [ [ [ -74.073061495698511, 4.612126101516085 ], [ -74.073036464143129, 4.612158098864276 ], [ -74.073076811075808, 4.612187615935446 ], [ -74.073077664475321, 4.612188240033652 ], [ -74.073086691645599, 4.612194843655504 ], [ -74.073092987039118, 4.612186005099381 ], [ -74.073093929371851, 4.612184681688799 ], [ -74.073191425326272, 4.61204778210179 ], [ -74.073191445987504, 4.612047753448786 ], [ -74.073147708812968, 4.612015885929568 ], [ -74.073061495698511, 4.612126101516085 ] ] ] } },
{ "type": "Feature", "id": 6, "properties": { "FID": 6, "LotCodigo": "006103002001", "NUMERO_FIC": "0061030201", "NOMBRE": "AK 14 25 13", "DIRECCION": "AK 14 25 13", "ACTO_ADMIN": "RES", "NUMERO_ACT": "0673", "FECHA_ACTO": 1127779200000, "OBSERVACIO": "Se incluye mediante Resolución SDP 0673 de septiembre 27 de 2005.", "OTROS": "Oficio SDP 2-2017-44846 de agosto 28 de 2017", "LOCALIZACI": "Bien Interés Cultural - Fuera de Sector Interés Cultural", "Nivel_Inte": "POT 555 - Nivel 2", "Responsabl": "IDPC - Instituto Distrital de Patrimonio Cultural", "Localidad": "14", "Categoria": "Conservación Tipológica", "AMBITO": "Distrital", "Shape_Leng": 61.527412075199997, "Shape_Area": 229.67546703100001, "FMI": "" }, "geometry": { "type": "Polygon", "coordinates": [ [ [ -74.07371121749911, 4.614075938576018 ], [ -74.073741126008201, 4.614105391993761 ], [ -74.073767684699561, 4.614131547637732 ], [ -74.073801223300705, 4.614164578191594 ], [ -74.073834942463193, 4.614109287000891 ], [ -74.073849236455999, 4.614085844430119 ], [ -74.073880203180465, 4.614035067860378 ], [ -74.073807995699639, 4.613972285708869 ], [ -74.073807090197818, 4.613971496857843 ], [ -74.073782808735686, 4.613950383228685 ], [ -74.07371121749911, 4.614075938576018 ] ] ] } },
{ "type": "Feature", "id": 7, "properties": { "FID": 7, "LotCodigo": "006103005015", "NUMERO_FIC": "006103-005-15", "NOMBRE": "EL CASTILLO", "DIRECCION": "CL 23 14 19", "ACTO_ADMIN": "DEC", "NUMERO_ACT": "606", "FECHA_ACTO": 996105600000, "OBSERVACIO": " ", "OTROS": "Oficio SDP 2-2017-44846 de agosto 28 de 2017", "LOCALIZACI": "Bien Interés Cultural - Fuera de Sector Interés Cultural", "Nivel_Inte": "POT 555 - Nivel 2", "Responsabl": "IDPC - Instituto Distrital de Patrimonio Cultural", "Localidad": "14", "Categoria": "Conservación Tipológica", "AMBITO": "Distrital", "Shape_Leng": 94.851899315400004, "Shape_Area": 478.66575172500001, "FMI": "" }, "geometry": { "type": "Polygon", "coordinates": [ [ [ -74.07515764614206, 4.611498809935261 ], [ -74.075146304911584, 4.611514925474315 ], [ -74.075137215757536, 4.611527842618528 ], [ -74.075128117620352, 4.611540773193632 ], [ -74.075114591687125, 4.611559994003722 ], [ -74.075099816197337, 4.611580991301018 ], [ -74.075082304439178, 4.6116058800369 ], [ -74.075076090792365, 4.611614715018617 ], [ -74.075053746996275, 4.611646492119722 ], [ -74.075034027179171, 4.611674538953818 ], [ -74.075013225790457, 4.611704122305213 ], [ -74.074992457639411, 4.611733658198775 ], [ -74.074997587019681, 4.611737435025182 ], [ -74.075092006244248, 4.611806954415322 ], [ -74.075097816547483, 4.611811231773797 ], [ -74.075131512353806, 4.611763279154752 ], [ -74.07514711968355, 4.61174107037727 ], [ -74.075159091531333, 4.611724034365042 ], [ -74.075181391309954, 4.61169229845612 ], [ -74.075191765054839, 4.611677535881078 ], [ -74.075203219473039, 4.611661260067853 ], [ -74.075212689512767, 4.611647799413993 ], [ -74.075229188869585, 4.611624354075748 ], [ -74.0752333561542, 4.611618431853401 ], [ -74.075251544343743, 4.611592585032313 ], [ -74.075267106757735, 4.611570466685627 ], [ -74.075230806735419, 4.611543655509311 ], [ -74.075203258100601, 4.611523307381106 ], [ -74.075198190704086, 4.611519564579037 ], [ -74.075180063599959, 4.611506175555067 ], [ -74.075161890681784, 4.61149275160998 ], [ -74.07515764614206, 4.611498809935261 ] ] ] } },
{ "type": "Feature", "id": 8, "properties": { "FID": 8, "LotCodigo": "006103009002", "NUMERO_FIC": "006103-009-02", "NOMBRE": "CL 22 15 10", "DIRECCION": "CL 22 15 10", "ACTO_ADMIN": "DEC", "NUMERO_ACT": "606", "FECHA_ACTO": 996105600000, "OBSERVACIO": " ", "OTROS": "Oficio SDP 2-2017-44846 de agosto 28 de 2017", "LOCALIZACI": "Bien Interés Cultural - Fuera de Sector Interés Cultural", "Nivel_Inte": "POT 555 - Nivel 1", "Responsabl": "IDPC - Instituto Distrital de Patrimonio Cultural", "Localidad": "14", "Categoria": "Conservación Integral", "AMBITO": "Distrital", "Shape_Leng": 52.761431706499998, "Shape_Area": 162.468483271, "FMI": "" }, "geometry": { "type": "Polygon", "coordinates": [ [ [ -74.075829651551587, 4.611419558332807 ], [ -74.075843733542001, 4.611431064316837 ], [ -74.075846562336821, 4.611433376258485 ], [ -74.075881667599802, 4.611462065108025 ], [ -74.075884770380796, 4.611464601796826 ], [ -74.075898850574546, 4.611476107780134 ], [ -74.075929895452447, 4.611428019036548 ], [ -74.075944411329132, 4.611405533567731 ], [ -74.07597869732858, 4.611352427851687 ], [ -74.075909500102242, 4.611295950027086 ], [ -74.075829651551587, 4.611419558332807 ] ] ] } },
{ "type": "Feature", "id": 9, "properties": { "FID": 9, "LotCodigo": "006103010021", "NUMERO_FIC": "006103-010-21", "NOMBRE": "CL 22 14 13", "DIRECCION": "CL 22 14 13", "ACTO_ADMIN": "DEC", "NUMERO_ACT": "606", "FECHA_ACTO": 996105600000, "OBSERVACIO": " ", "OTROS": "Oficio SDP 2-2017-44846 de agosto 28 de 2017", "LOCALIZACI": "Bien Interés Cultural - Fuera de Sector Interés Cultural", "Nivel_Inte": "POT 555 - Nivel 1", "Responsabl": "IDPC - Instituto Distrital de Patrimonio Cultural", "Localidad": "14", "Categoria": "Conservación Integral", "AMBITO": "Distrital", "Shape_Leng": 54.978468249800002, "Shape_Area": 167.57479403400001, "FMI": "" }, "geometry": { "type": "Polygon", "coordinates": [ [ [ -74.075752632694076, 4.610770860501336 ], [ -74.07574233440765, 4.610785675028898 ], [ -74.075724318694625, 4.610811593511968 ], [ -74.075709341083908, 4.610833142402746 ], [ -74.075683572909966, 4.610870211400202 ], [ -74.075752890510557, 4.610925090955454 ], [ -74.075821737393923, 4.610809637045297 ], [ -74.075824085590099, 4.610805697249647 ], [ -74.075837993307331, 4.610782375449948 ], [ -74.075803509678508, 4.610757445496426 ], [ -74.075775854144155, 4.610737453718173 ], [ -74.075752632694076, 4.610770860501336 ] ] ] } },
{ "type": "Feature", "id": 10, "properties": { "FID": 10, "LotCodigo": "006103010022", "NUMERO_FIC": "006103-010-22", "NOMBRE": "KR 14 BIS 21 35", "DIRECCION": "KR 14 BIS 21 35", "ACTO_ADMIN": "DEC", "NUMERO_ACT": "606", "FECHA_ACTO": 996105600000, "OBSERVACIO": " ", "OTROS": "Oficio SDP 2-2017-44846 de agosto 28 de 2017", "LOCALIZACI": "Bien Interés Cultural - Fuera de Sector Interés Cultural", "Nivel_Inte": "POT 555 - Nivel 1", "Responsabl": "IDPC - Instituto Distrital de Patrimonio Cultural", "Localidad": "14", "Categoria": "Conservación Integral", "AMBITO": "Distrital", "Shape_Leng": 51.645950450999997, "Shape_Area": 142.82513131799999, "FMI": "" }, "geometry": { "type": "Polygon", "coordinates": [ [ [ -74.075702680076063, 4.610716343574502 ], [ -74.075638240327478, 4.610809249333566 ], [ -74.075637258468859, 4.61081066407836 ], [ -74.075629806943596, 4.610821406289167 ], [ -74.075627064387035, 4.610825360411217 ], [ -74.075631503861146, 4.610828884737397 ], [ -74.075639520426762, 4.610835247507105 ], [ -74.075676503168694, 4.610864600773561 ], [ -74.075683572909966, 4.610870211400202 ], [ -74.075709341083908, 4.610833142402746 ], [ -74.075724318694625, 4.610811593511968 ], [ -74.07574233440765, 4.610785675028898 ], [ -74.075752632694076, 4.610770860501336 ], [ -74.075775854144155, 4.610737453718173 ], [ -74.075716599471392, 4.610696276580779 ], [ -74.075702680076063, 4.610716343574502 ] ] ] } },
{ "type": "Feature", "id": 11, "properties": { "FID": 11, "LotCodigo": "006103013002", "NUMERO_FIC": "006103-013-02", "NOMBRE": "CL 22 16 16", "DIRECCION": "CL 22 16 16", "ACTO_ADMIN": "DEC", "NUMERO_ACT": "606", "FECHA_ACTO": 996105600000, "OBSERVACIO": " ", "OTROS": "Oficio SDP 2-2017-44846 de agosto 28 de 2017", "LOCALIZACI": "Bien Interés Cultural - Fuera de Sector Interés Cultural", "Nivel_Inte": "POT 555 - Nivel 2", "Responsabl": "IDPC - Instituto Distrital de Patrimonio Cultural", "Localidad": "14", "Categoria": "Conservación Tipológica", "AMBITO": "Distrital", "Shape_Leng": 71.146365853500001, "Shape_Area": 268.083990368, "FMI": "" }, "geometry": { "type": "Polygon", "coordinates": [ [ [ -74.076386737283457, 4.611741844904258 ], [ -74.076372364238921, 4.611759231020176 ], [ -74.076336712800227, 4.61180235291962 ], [ -74.076329207376034, 4.61181143682196 ], [ -74.07627923050353, 4.611871926923223 ], [ -74.07629570560583, 4.611882324386387 ], [ -74.076337193398913, 4.611908505183623 ], [ -74.076337236518043, 4.611908531150388 ], [ -74.076337881508408, 4.611908935874225 ], [ -74.076361518878485, 4.611923798730007 ], [ -74.076404885048817, 4.611872843819751 ], [ -74.076433665273896, 4.611838016973227 ], [ -74.076462410464671, 4.61180323310453 ], [ -74.076499778583866, 4.611758015057617 ], [ -74.076424148521781, 4.611696592828 ], [ -74.076386737283457, 4.611741844904258 ] ] ] } },
{ "type": "Feature", "id": 12, "properties": { "FID": 12, "LotCodigo": "006103013003", "NUMERO_FIC": "006103-013-03", "NOMBRE": "CL 22 16 26", "DIRECCION": "CL 22 16 26", "ACTO_ADMIN": "DEC", "NUMERO_ACT": "606", "FECHA_ACTO": 996105600000, "OBSERVACIO": " ", "OTROS": "Oficio SDP 2-2017-44846 de agosto 28 de 2017", "LOCALIZACI": "Bien Interés Cultural - Fuera de Sector Interés Cultural", "Nivel_Inte": "POT 555 - Nivel 2", "Responsabl": "IDPC - Instituto Distrital de Patrimonio Cultural", "Localidad": "14", "Categoria": "Conservación Tipológica", "AMBITO": "Distrital", "Shape_Leng": 68.665746330600001, "Shape_Area": 245.740523903, "FMI": "" }, "geometry": { "type": "Polygon", "coordinates": [ [ [ -74.076462410464671, 4.61180323310453 ], [ -74.076433665273896, 4.611838016973227 ], [ -74.076404885048817, 4.611872843819751 ], [ -74.076361518878485, 4.611923798730007 ], [ -74.076424428796145, 4.611965997455192 ], [ -74.076436713257664, 4.611978876984128 ], [ -74.076437510063315, 4.611979710607693 ], [ -74.076476770932814, 4.611931205534128 ], [ -74.076500007654275, 4.611903556270716 ], [ -74.076534876660332, 4.611862057749925 ], [ -74.076572617580368, 4.611817146831288 ], [ -74.076499778583866, 4.611758015057617 ], [ -74.076462410464671, 4.61180323310453 ] ] ] } },
{ "type": "Feature", "id": 13, "properties": { "FID": 13, "LotCodigo": "006103013004", "NUMERO_FIC": "006103-013-04", "NOMBRE": "CL 22 16 36", "DIRECCION": "CL 22 16 36", "ACTO_ADMIN": "DEC", "NUMERO_ACT": "606", "FECHA_ACTO": 996105600000, "OBSERVACIO": " ", "OTROS": "Oficio SDP 2-2017-44846 de agosto 28 de 2017", "LOCALIZACI": "Bien Interés Cultural - Fuera de Sector Interés Cultural", "Nivel_Inte": "POT 555 - Nivel 2", "Responsabl": "IDPC - Instituto Distrital de Patrimonio Cultural", "Localidad": "14", "Categoria": "Conservación Tipológica", "AMBITO": "Distrital", "Shape_Leng": 68.938696057800001, "Shape_Area": 248.43587916800001, "FMI": "" }, "geometry": { "type": "Polygon", "coordinates": [ [ [ -74.076534876660332, 4.611862057749925 ], [ -74.076500007654275, 4.611903556270716 ], [ -74.076476770932814, 4.611931205534128 ], [ -74.076437510063315, 4.611979710607693 ], [ -74.076447484956219, 4.611990168956939 ], [ -74.076468030325088, 4.612011707067095 ], [ -74.076500878121763, 4.612046105900775 ], [ -74.076536818817971, 4.612003206972377 ], [ -74.076644059696591, 4.61187520321655 ], [ -74.076572617580368, 4.611817146831288 ], [ -74.076534876660332, 4.611862057749925 ] ] ] } },
{ "type": "Feature", "id": 14, "properties": { "FID": 14, "LotCodigo": "006103013008", "NUMERO_FIC": "006103-013-08", "NOMBRE": "KR 16 A 22 10", "DIRECCION": "KR 16 A 22 10", "ACTO_ADMIN": "DEC", "NUMERO_ACT": "606", "FECHA_ACTO": 996105600000, "OBSERVACIO": " ", "OTROS": "Oficio SDP 2-2017-44846 de agosto 28 de 2017", "LOCALIZACI": "Bien Interés Cultural - Fuera de Sector Interés Cultural", "Nivel_Inte": "POT 555 - Nivel 2", "Responsabl": "IDPC - Instituto Distrital de Patrimonio Cultural", "Localidad": "14", "Categoria": "Conservación Tipológica", "AMBITO": "Distrital", "Shape_Leng": 46.184871632799997, "Shape_Area": 132.14276717600001, "FMI": "" }, "geometry": { "type": "Polygon", "coordinates": [ [ [ -74.076797559320767, 4.612113346451307 ], [ -74.07679352319019, 4.6121181610518 ], [ -74.076807536908618, 4.612129557784906 ], [ -74.076818081333442, 4.612138133987647 ], [ -74.076832050136105, 4.612149496694988 ], [ -74.076834813353912, 4.612151743269645 ], [ -74.076881012810659, 4.612189317207497 ], [ -74.076915067943077, 4.61214948684551 ], [ -74.076916335465953, 4.612148004052521 ], [ -74.07694203446961, 4.612117945258825 ], [ -74.076908682718056, 4.612090818024688 ], [ -74.076907086411794, 4.612089518789876 ], [ -74.076905608683148, 4.612088318049779 ], [ -74.07686361603686, 4.612054160977894 ], [ -74.076853848654793, 4.612046216931196 ], [ -74.076797559320767, 4.612113346451307 ] ] ] } },
{ "type": "Feature", "id": 15, "properties": { "FID": 15, "LotCodigo": "006103013009", "NUMERO_FIC": "006103-013-09", "NOMBRE": "KR 16 A 22 12", "DIRECCION": "KR 16 A 22 12", "ACTO_ADMIN": "DEC", "NUMERO_ACT": "606", "FECHA_ACTO": 996105600000, "OBSERVACIO": " ", "OTROS": "Oficio SDP 2-2017-44846 de agosto 28 de 2017", "LOCALIZACI": "Bien Interés Cultural - Fuera de Sector Interés Cultural", "Nivel_Inte": "POT 555 - Nivel 2", "Responsabl": "IDPC - Instituto Distrital de Patrimonio Cultural", "Localidad": "14", "Categoria": "Conservación Tipológica", "AMBITO": "Distrital", "Shape_Leng": 44.768180508199997, "Shape_Area": 123.48857619499999, "FMI": "" }, "geometry": { "type": "Polygon", "coordinates": [ [ [ -74.076788868120389, 4.61212372868902 ], [ -74.07678658011136, 4.612126465946489 ], [ -74.076754121285205, 4.612165285395965 ], [ -74.076736763138967, 4.612186047183507 ], [ -74.076752105465687, 4.612198512135286 ], [ -74.076776673490414, 4.612218471637791 ], [ -74.076823554768453, 4.612256559535304 ], [ -74.07684348658799, 4.612233234201597 ], [ -74.076881012810659, 4.612189317207497 ], [ -74.076834813353912, 4.612151743269645 ], [ -74.076832050136105, 4.612149496694988 ], [ -74.076818081333442, 4.612138133987647 ], [ -74.076807536908618, 4.612129557784906 ], [ -74.07679352319019, 4.6121181610518 ], [ -74.076788868120389, 4.61212372868902 ] ] ] } },
{ "type": "Feature", "id": 16, "properties": { "FID": 16, "LotCodigo": "006103013015", "NUMERO_FIC": "006103-013-15", "NOMBRE": "CL 22 A 16 45", "DIRECCION": "CL 22 A 16 45", "ACTO_ADMIN": "DEC", "NUMERO_ACT": "606", "FECHA_ACTO": 996105600000, "OBSERVACIO": " ", "OTROS": "Oficio SDP 2-2017-44846 de agosto 28 de 2017", "LOCALIZACI": "Bien Interés Cultural - Fuera de Sector Interés Cultural", "Nivel_Inte": "POT 555 - Nivel 2", "Responsabl": "IDPC - Instituto Distrital de Patrimonio Cultural", "Localidad": "14", "Categoria": "Conservación Tipológica", "AMBITO": "Distrital", "Shape_Leng": 58.7681893118, "Shape_Area": 159.59972173599999, "FMI": "" }, "geometry": { "type": "Polygon", "coordinates": [ [ [ -74.076478298068793, 4.612094352194037 ], [ -74.07645910196949, 4.612113437782786 ], [ -74.076421946751026, 4.6121503795657 ], [ -74.076409149351477, 4.612163102395197 ], [ -74.076372666971167, 4.612199375307 ], [ -74.076415450134888, 4.61224581913703 ], [ -74.076558844610432, 4.612107194113565 ], [ -74.076532142188597, 4.612079053278861 ], [ -74.076513473400368, 4.612059379407118 ], [ -74.076478298068793, 4.612094352194037 ] ] ] } },
{ "type": "Feature", "id": 17, "properties": { "FID": 17, "LotCodigo": "006103013016", "NUMERO_FIC": "006103-013-16", "NOMBRE": "CL 22 A 16 41", "DIRECCION": "CL 22 A 16 41", "ACTO_ADMIN": "DEC", "NUMERO_ACT": "606", "FECHA_ACTO": 996105600000, "OBSERVACIO": " ", "OTROS": "Oficio SDP 2-2017-44846 de agosto 28 de 2017", "LOCALIZACI": "Bien Interés Cultural - Fuera de Sector Interés Cultural", "Nivel_Inte": "POT 555 - Nivel 2", "Responsabl": "IDPC - Instituto Distrital de Patrimonio Cultural", "Localidad": "14", "Categoria": "Conservación Tipológica", "AMBITO": "Distrital", "Shape_Leng": 59.168704865300001, "Shape_Area": 160.99684815800001, "FMI": "" }, "geometry": { "type": "Polygon", "coordinates": [ [ [ -74.076445947938765, 4.61203425967221 ], [ -74.076436495865366, 4.612043914840979 ], [ -74.076411204696853, 4.612069746423714 ], [ -74.076408030948954, 4.61207298779525 ], [ -74.076379636101123, 4.61210199001121 ], [ -74.076326613041488, 4.612156144192118 ], [ -74.076325978830909, 4.61215679067554 ], [ -74.076372666971167, 4.612199375307 ], [ -74.076409149351477, 4.612163102395197 ], [ -74.076421946751026, 4.6121503795657 ], [ -74.07645910196949, 4.612113437782786 ], [ -74.076478298068793, 4.612094352194037 ], [ -74.076513473400368, 4.612059379407118 ], [ -74.076500878121763, 4.612046105900775 ], [ -74.076468030325088, 4.612011707067095 ], [ -74.076445947938765, 4.61203425967221 ] ] ] } },
{ "type": "Feature", "id": 18, "properties": { "FID": 18, "LotCodigo": "006103013018", "NUMERO_FIC": "006103-013-18", "NOMBRE": "CL 22 A 16 29", "DIRECCION": "CL 22 A 16 29", "ACTO_ADMIN": "DEC", "NUMERO_ACT": "606", "FECHA_ACTO": 996105600000, "OBSERVACIO": " ", "OTROS": "Oficio SDP 2-2017-44846 de agosto 28 de 2017", "LOCALIZACI": "Bien Interés Cultural - Fuera de Sector Interés Cultural", "Nivel_Inte": "POT 555 - Nivel 2", "Responsabl": "IDPC - Instituto Distrital de Patrimonio Cultural", "Localidad": "14", "Categoria": "Conservación Tipológica", "AMBITO": "Distrital", "Shape_Leng": 66.747409235500001, "Shape_Area": 243.52009450700001, "FMI": "" }, "geometry": { "type": "Polygon", "coordinates": [ [ [ -74.076284454206899, 4.611976396707792 ], [ -74.076256632484231, 4.612012212076422 ], [ -74.076217620448077, 4.612062435429557 ], [ -74.076284837787526, 4.612122032789245 ], [ -74.076406372658951, 4.611986184397536 ], [ -74.076409972208282, 4.61198216133563 ], [ -74.076424428796145, 4.611965997455192 ], [ -74.076361518878485, 4.611923798730007 ], [ -74.076337881508408, 4.611908935874225 ], [ -74.076337236518043, 4.611908531150388 ], [ -74.076337193398913, 4.611908505183623 ], [ -74.076284454206899, 4.611976396707792 ] ] ] } },
{ "type": "Feature", "id": 19, "properties": { "FID": 19, "LotCodigo": "006103015014", "NUMERO_FIC": "006103-015-14", "NOMBRE": "Cementerio Central", "DIRECCION": "AC 26 18 71", "ACTO_ADMIN": "DEC", "NUMERO_ACT": "606", "FECHA_ACTO": 996105600000, "OBSERVACIO": "Se declara BIC del ámbito Nacional mediante Decreto 2390 de septiembre 28 de 1984 Zona de Influencia Resolución 039 de junio 22 de 1990 / Patrimonio Material / Inmueble / Grupo Arquitectónico", "OTROS": "MINCULTURA", "LOCALIZACI": "Conjunto Funerario del barrio Santa Fe", "Nivel_Inte": "POT 555 - BIC de Ámbito Nacional", "Responsabl": "Ministerio de Cultura", "Localidad": "14", "Categoria": "Conservación Monumental", "AMBITO": "Nacional", "Shape_Leng": 1195.7349052500001, "Shape_Area": 78517.671608000004, "FMI": "" }, "geometry": { "type": "Polygon", "coordinates": [ [ [ -74.073564146219127, 4.616059882391472 ], [ -74.074051657432236, 4.616761767559786 ], [ -74.074212447783253, 4.616994621816582 ], [ -74.075026328617199, 4.618159249218222 ], [ -74.075478079695472, 4.617853212579279 ], [ -74.075515995786972, 4.617827527157108 ], [ -74.076148672055069, 4.617399761680632 ], [ -74.076168179869782, 4.617386572441717 ], [ -74.076198165633954, 4.617366236121216 ], [ -74.076214704516659, 4.617354303127677 ], [ -74.0768174920386, 4.616945621929237 ], [ -74.076857597324462, 4.616918431306157 ], [ -74.076808321137875, 4.616846706149751 ], [ -74.076759733060783, 4.616776013382967 ], [ -74.076711161153384, 4.616705280316098 ], [ -74.07666310038735, 4.616635290424825 ], [ -74.076609408082817, 4.616557178345599 ], [ -74.076502165407575, 4.616401015944077 ], [ -74.076397353573483, 4.616248444067122 ], [ -74.076264181027554, 4.616054602208982 ], [ -74.076200356624938, 4.615961729370675 ], [ -74.076200156300629, 4.615961437469748 ], [ -74.076111473717461, 4.61583230263974 ], [ -74.07609079360131, 4.615802189382526 ], [ -74.076088752628991, 4.615799218439331 ], [ -74.076294217995709, 4.615657172778761 ], [ -74.076364762694965, 4.615608400231202 ], [ -74.076379588490425, 4.615598151459352 ], [ -74.076386269261192, 4.615593532975526 ], [ -74.076125060736146, 4.615215753791506 ], [ -74.076090913975563, 4.615239815943478 ], [ -74.076090329172317, 4.615240228724022 ], [ -74.075988132334004, 4.615312245048568 ], [ -74.075961839543965, 4.615330771819713 ], [ -74.075838384972769, 4.61541776911083 ], [ -74.075763934398665, 4.615311404265708 ], [ -74.075691454728286, 4.615207868876685 ], [ -74.075630939719161, 4.615121349704885 ], [ -74.075546004907366, 4.615000015471327 ], [ -74.075512358508391, 4.614951917116971 ], [ -74.075473524338676, 4.614896406613873 ], [ -74.075400975497999, 4.614792868478085 ], [ -74.075328495827634, 4.61468925869499 ], [ -74.075256016157226, 4.614585649792167 ], [ -74.075178869738949, 4.614475472194378 ], [ -74.075173825698627, 4.614468269568803 ], [ -74.075034672169551, 4.614605893965801 ], [ -74.074934510913678, 4.614704964066966 ], [ -74.074779801258828, 4.614857911449585 ], [ -74.074754531649887, 4.614882909309788 ], [ -74.073564146219127, 4.616059882391472 ] ] ] } },
{ "type": "Feature", "id": 20, "properties": { "FID": 20, "LotCodigo": "006103015024", "NUMERO_FIC": "0061031524", "NOMBRE": "CEMENTERIO BRITÁNICO O CEMENTERIO INGLÉS", "DIRECCION": "AC 26 17 91", "ACTO_ADMIN": " ", "NUMERO_ACT": " ", "FECHA_ACTO": null, "OBSERVACIO": "Sector de Interés Cultural - Conjunto Funerario Barrio Santa Fe - Decreto Distrital 396 de 2003 / Se asigna categoría de intervención mediante Resolución SDP 1059 de diciembre 28 de 2007.", "OTROS": "Oficio SDP 2-2017-44846 de agosto 28 de 2017", "LOCALIZACI": "Conjunto Funerario del barrio Santa Fe", "Nivel_Inte": "POT 555 - Nivel 2", "Responsabl": "IDPC - Instituto Distrital de Patrimonio Cultural", "Localidad": "14", "Categoria": "Conservación Tipológica", "AMBITO": "Distrital", "Shape_Leng": 444.99280389900002, "Shape_Area": 7733.9688820600004, "FMI": "" }, "geometry": { "type": "Polygon", "coordinates": [ [ [ -74.074199312617154, 4.6148533968277 ], [ -74.074170525205574, 4.614883125997301 ], [ -74.073996745215553, 4.615062842302097 ], [ -74.073819221945726, 4.615246431177173 ], [ -74.073754798366807, 4.615313071505012 ], [ -74.073647542216847, 4.615424018123356 ], [ -74.073599683571757, 4.615473523122596 ], [ -74.073468852933786, 4.615608835396591 ], [ -74.073399780573268, 4.615680275940266 ], [ -74.073371084789841, 4.615709954932747 ], [ -74.073351920131557, 4.615729777340039 ], [ -74.073564146219127, 4.616059882391472 ], [ -74.074754531649887, 4.614882909309788 ], [ -74.074753752810523, 4.614882498319846 ], [ -74.074618123372289, 4.614811044264791 ], [ -74.074611741740526, 4.614807682026358 ], [ -74.074571270840337, 4.614827732786599 ], [ -74.074457122815502, 4.614755334075766 ], [ -74.074456853320925, 4.614755090526133 ], [ -74.074386887136711, 4.614691914460854 ], [ -74.074376476560872, 4.614682515413433 ], [ -74.074370635714899, 4.614676228787485 ], [ -74.074294761311052, 4.614754691176331 ], [ -74.074292857780961, 4.614756657481588 ], [ -74.074274217738832, 4.614775948046068 ], [ -74.074258245693059, 4.614792477186965 ], [ -74.074232676945144, 4.614818939033435 ], [ -74.074199312617154, 4.6148533968277 ] ] ] } },
{ "type": "Feature", "id": 21, "properties": { "FID": 21, "LotCodigo": "006103016015", "NUMERO_FIC": "006103-016-15", "NOMBRE": "KR 16 A 23 93", "DIRECCION": "KR 16 A 23 93", "ACTO_ADMIN": "DEC", "NUMERO_ACT": "606", "FECHA_ACTO": 996105600000, "OBSERVACIO": " ", "OTROS": "Oficio SDP 2-2017-44846 de agosto 28 de 2017", "LOCALIZACI": "Bien Interés Cultural - Fuera de Sector Interés Cultural", "Nivel_Inte": "POT 555 - Nivel 1", "Responsabl": "IDPC - Instituto Distrital de Patrimonio Cultural", "Localidad": "14", "Categoria": "Conservación Integral", "AMBITO": "Distrital", "Shape_Leng": 66.607536907599993, "Shape_Area": 277.23313072399998, "FMI": "" }, "geometry": { "type": "Polygon", "coordinates": [ [ [ -74.075330101117032, 4.613416200143497 ], [ -74.075292133821549, 4.613440518442241 ], [ -74.075368743945603, 4.613564138910338 ], [ -74.075407552064206, 4.613541196852788 ], [ -74.075458782984853, 4.613510913371469 ], [ -74.075496771839909, 4.613488369767308 ], [ -74.075484441564313, 4.613467359990742 ], [ -74.075464790917479, 4.613433874538783 ], [ -74.075451059270037, 4.613410477611343 ], [ -74.075443305910824, 4.613397265017805 ], [ -74.075429593128021, 4.61337389674214 ], [ -74.07542045546495, 4.613358329233058 ], [ -74.075330101117032, 4.613416200143497 ] ] ] } },
{ "type": "Feature", "id": 22, "properties": { "FID": 22, "LotCodigo": "006103018008", "NUMERO_FIC": "006103-018-08", "NOMBRE": "CL 21 16 A 66", "DIRECCION": "CL 21 16 A 66", "ACTO_ADMIN": "DEC", "NUMERO_ACT": "606", "FECHA_ACTO": 996105600000, "OBSERVACIO": " ", "OTROS": "Oficio SDP 2-2017-44846 de agosto 28 de 2017", "LOCALIZACI": "Bien Interés Cultural - Fuera de Sector Interés Cultural", "Nivel_Inte": "POT 555 - Nivel 1", "Responsabl": "IDPC - Instituto Distrital de Patrimonio Cultural", "Localidad": "14", "Categoria": "Conservación Integral", "AMBITO": "Distrital", "Shape_Leng": 56.140488345999998, "Shape_Area": 183.05862581400001, "FMI": "" }, "geometry": { "type": "Polygon", "coordinates": [ [ [ -74.077754691798106, 4.612017540640906 ], [ -74.077741918653103, 4.612033911359083 ], [ -74.077818120942013, 4.612097521932949 ], [ -74.077864501858443, 4.612136240203063 ], [ -74.077908830124457, 4.612078300241991 ], [ -74.077909163399426, 4.612077865969871 ], [ -74.077920985228573, 4.612062413044398 ], [ -74.077908368390396, 4.612051987826268 ], [ -74.077907095477642, 4.612050937514401 ], [ -74.077798583482888, 4.611961290302486 ], [ -74.077754691798106, 4.612017540640906 ] ] ] } },
{ "type": "Feature", "id": 23, "properties": { "FID": 23, "LotCodigo": "006103018013", "NUMERO_FIC": "006103-018-13", "NOMBRE": "CL 22 16 A 67", "DIRECCION": "CL 22 16 A 67", "ACTO_ADMIN": "DEC", "NUMERO_ACT": "606", "FECHA_ACTO": 996105600000, "OBSERVACIO": " ", "OTROS": "Oficio SDP 2-2017-44846 de agosto 28 de 2017", "LOCALIZACI": "Bien Interés Cultural - Fuera de Sector Interés Cultural", "Nivel_Inte": "POT 555 - Nivel 2", "Responsabl": "IDPC - Instituto Distrital de Patrimonio Cultural", "Localidad": "14", "Categoria": "Conservación Tipológica", "AMBITO": "Distrital", "Shape_Leng": 42.9709899733, "Shape_Area": 114.77426674900001, "FMI": "" }, "geometry": { "type": "Polygon", "coordinates": [ [ [ -74.077612745406825, 4.612314589917853 ], [ -74.077565606312277, 4.612372836088524 ], [ -74.077612324995272, 4.612413923588099 ], [ -74.077613680553014, 4.61241511447817 ], [ -74.077633332098188, 4.612432398501344 ], [ -74.077650170119853, 4.612411257964228 ], [ -74.077651364879173, 4.61240975815905 ], [ -74.077698035951471, 4.612351157410568 ], [ -74.077629766684822, 4.612293558616798 ], [ -74.077612745406825, 4.612314589917853 ] ] ] } },
{ "type": "Feature", "id": 24, "properties": { "FID": 24, "LotCodigo": "006103019002", "NUMERO_FIC": "006103-019-02", "NOMBRE": "CL 23 A 17 22", "DIRECCION": "CL 23 A 17 22", "ACTO_ADMIN": "DEC", "NUMERO_ACT": "606", "FECHA_ACTO": 996105600000, "OBSERVACIO": " ", "OTROS": "Oficio SDP 2-2017-44846 de agosto 28 de 2017", "LOCALIZACI": "Bien Interés Cultural - Fuera de Sector Interés Cultural", "Nivel_Inte": "POT 555 - Nivel 2", "Responsabl": "IDPC - Instituto Distrital de Patrimonio Cultural", "Localidad": "14", "Categoria": "Conservación Tipológica", "AMBITO": "Distrital", "Shape_Leng": 64.519297585399997, "Shape_Area": 173.970769, "FMI": "" }, "geometry": { "type": "Polygon", "coordinates": [ [ [ -74.07590240520814, 4.613855082674134 ], [ -74.075864782865722, 4.613879914919877 ], [ -74.07584239325557, 4.613894696252627 ], [ -74.075819580538919, 4.613909756951177 ], [ -74.075804558012436, 4.613919667284641 ], [ -74.075793320088223, 4.613927080335753 ], [ -74.07577444828074, 4.613939527348894 ], [ -74.075811839756142, 4.613988387760745 ], [ -74.075864520557658, 4.613953628173257 ], [ -74.075913758116698, 4.613921138433677 ], [ -74.075951384052374, 4.613896310666427 ], [ -74.076000279353281, 4.613864048356883 ], [ -74.075966560190778, 4.613812736319504 ], [ -74.07590240520814, 4.613855082674134 ] ] ] } },
{ "type": "Feature", "id": 25, "properties": { "FID": 25, "LotCodigo": "006103019003", "NUMERO_FIC": "006103-019-03", "NOMBRE": "CL 23 A 17 24", "DIRECCION": "CL 23 A 17 24", "ACTO_ADMIN": "DEC", "NUMERO_ACT": "606", "FECHA_ACTO": 996105600000, "OBSERVACIO": " ", "OTROS": "Oficio SDP 2-2017-44846 de agosto 28 de 2017", "LOCALIZACI": "Bien Interés Cultural - Fuera de Sector Interés Cultural", "Nivel_Inte": "POT 555 - Nivel 2", "Responsabl": "IDPC - Instituto Distrital de Patrimonio Cultural", "Localidad": "14", "Categoria": "Conservación Tipológica", "AMBITO": "Distrital", "Shape_Leng": 64.025643641000002, "Shape_Area": 172.43650606899999, "FMI": "" }, "geometry": { "type": "Polygon", "coordinates": [ [ [ -74.075951384052374, 4.613896310666427 ], [ -74.075913758116698, 4.613921138433677 ], [ -74.075864520557658, 4.613953628173257 ], [ -74.075811839756142, 4.613988387760745 ], [ -74.075827687834376, 4.614012555612 ], [ -74.075845558918644, 4.614039769626904 ], [ -74.075864345386179, 4.614027368281133 ], [ -74.075913281111269, 4.61399505941654 ], [ -74.076033999414108, 4.613915360390571 ], [ -74.076000279353281, 4.613864048356883 ], [ -74.075951384052374, 4.613896310666427 ] ] ] } },
{ "type": "Feature", "id": 26, "properties": { "FID": 26, "LotCodigo": "006103019004", "NUMERO_FIC": "006103-019-04", "NOMBRE": "CL 23 A 17 36", "DIRECCION": "CL 23 A 17 36", "ACTO_ADMIN": "DEC", "NUMERO_ACT": "606", "FECHA_ACTO": 996105600000, "OBSERVACIO": " ", "OTROS": "Oficio SDP 2-2017-44846 de agosto 28 de 2017", "LOCALIZACI": "Bien Interés Cultural - Fuera de Sector Interés Cultural", "Nivel_Inte": "POT 555 - Nivel 2", "Responsabl": "IDPC - Instituto Distrital de Patrimonio Cultural", "Localidad": "14", "Categoria": "Conservación Tipológica", "AMBITO": "Distrital", "Shape_Leng": 64.036437774000007, "Shape_Area": 172.40819340499999, "FMI": "" }, "geometry": { "type": "Polygon", "coordinates": [ [ [ -74.075913281111269, 4.61399505941654 ], [ -74.075864345386179, 4.614027368281133 ], [ -74.075845558918644, 4.614039769626904 ], [ -74.075879208012552, 4.614091082543297 ], [ -74.075931891509029, 4.614056327437884 ], [ -74.075981212611381, 4.614023786664955 ], [ -74.076018841241989, 4.613998962482897 ], [ -74.076067787746879, 4.613966671525101 ], [ -74.076033999414108, 4.613915360390571 ], [ -74.075913281111269, 4.61399505941654 ] ] ] } },
{ "type": "Feature", "id": 27, "properties": { "FID": 27, "LotCodigo": "006103019005", "NUMERO_FIC": "006103-019-05", "NOMBRE": "CL 23 A 17 38", "DIRECCION": "CL 23 A 17 38", "ACTO_ADMIN": "DEC", "NUMERO_ACT": "606", "FECHA_ACTO": 996105600000, "OBSERVACIO": " ", "OTROS": "Oficio SDP 2-2017-44846 de agosto 28 de 2017", "LOCALIZACI": "Bien Interés Cultural - Fuera de Sector Interés Cultural", "Nivel_Inte": "POT 555 - Nivel 2", "Responsabl": "IDPC - Instituto Distrital de Patrimonio Cultural", "Localidad": "14", "Categoria": "Conservación Tipológica", "AMBITO": "Distrital", "Shape_Leng": 64.062711180700006, "Shape_Area": 172.53698901199999, "FMI": "" }, "geometry": { "type": "Polygon", "coordinates": [ [ [ -74.076018841241989, 4.613998962482897 ], [ -74.075981212611381, 4.614023786664955 ], [ -74.075931891509029, 4.614056327437884 ], [ -74.075879208012552, 4.614091082543297 ], [ -74.075889540434957, 4.614106956264438 ], [ -74.075912857106459, 4.614142464402061 ], [ -74.07593164537063, 4.614130065744272 ], [ -74.075980590078899, 4.614097769420013 ], [ -74.076101507807707, 4.614017982655954 ], [ -74.076067787746879, 4.613966671525101 ], [ -74.076018841241989, 4.613998962482897 ] ] ] } },
{ "type": "Feature", "id": 28, "properties": { "FID": 28, "LotCodigo": "006103019006", "NUMERO_FIC": "006103-019-06", "NOMBRE": "CL 23 A 17 48", "DIRECCION": "CL 23 A 17 48", "ACTO_ADMIN": "DEC", "NUMERO_ACT": "606", "FECHA_ACTO": 996105600000, "OBSERVACIO": " ", "OTROS": "Oficio SDP 2-2017-44846 de agosto 28 de 2017", "LOCALIZACI": "Bien Interés Cultural - Fuera de Sector Interés Cultural", "Nivel_Inte": "POT 555 - Nivel 2", "Responsabl": "IDPC - Instituto Distrital de Patrimonio Cultural", "Localidad": "14", "Categoria": "Conservación Tipológica", "AMBITO": "Distrital", "Shape_Leng": 64.084571605400001, "Shape_Area": 172.59443925599999, "FMI": "" }, "geometry": { "type": "Polygon", "coordinates": [ [ [ -74.075980590078899, 4.614097769420013 ], [ -74.07593164537063, 4.614130065744272 ], [ -74.075912857106459, 4.614142464402061 ], [ -74.075946505302056, 4.614193846257082 ], [ -74.075999213951349, 4.614159058922165 ], [ -74.076048709326869, 4.614126392797425 ], [ -74.076086285855212, 4.614101595481066 ], [ -74.076135226970209, 4.614069296469293 ], [ -74.076101507807707, 4.614017982655954 ], [ -74.075980590078899, 4.614097769420013 ] ] ] } },
{ "type": "Feature", "id": 29, "properties": { "FID": 29, "LotCodigo": "006103019007", "NUMERO_FIC": "006103-019-07", "NOMBRE": "CL 23 A 17 50", "DIRECCION": "CL 23 A 17 50", "ACTO_ADMIN": "DEC", "NUMERO_ACT": "606", "FECHA_ACTO": 996105600000, "OBSERVACIO": " ", "OTROS": "Oficio SDP 2-2017-44846 de agosto 28 de 2017", "LOCALIZACI": "Bien Interés Cultural - Fuera de Sector Interés Cultural", "Nivel_Inte": "POT 555 - Nivel 2", "Responsabl": "IDPC - Instituto Distrital de Patrimonio Cultural", "Localidad": "14", "Categoria": "Conservación Tipológica", "AMBITO": "Distrital", "Shape_Leng": 62.383860529700002, "Shape_Area": 151.988403788, "FMI": "" }, "geometry": { "type": "Polygon", "coordinates": [ [ [ -74.076086285855212, 4.614101595481066 ], [ -74.076048709326869, 4.614126392797425 ], [ -74.075999213951349, 4.614159058922165 ], [ -74.075946505302056, 4.614193846257082 ], [ -74.075976951901978, 4.614238642413707 ], [ -74.076029842909278, 4.6142037422601 ], [ -74.076089731792649, 4.614164226297893 ], [ -74.076116103634433, 4.614146825018979 ], [ -74.076164966596011, 4.614114583315141 ], [ -74.076135226970209, 4.614069296469293 ], [ -74.076086285855212, 4.614101595481066 ] ] ] } },
{ "type": "Feature", "id": 30, "properties": { "FID": 30, "LotCodigo": "006103019008", "NUMERO_FIC": "006103-019-08", "NOMBRE": "CL 23 A 17 60", "DIRECCION": "CL 23 A 17 60", "ACTO_ADMIN": "DEC", "NUMERO_ACT": "606", "FECHA_ACTO": 996105600000, "OBSERVACIO": " ", "OTROS": "Oficio SDP 2-2017-44846 de agosto 28 de 2017", "LOCALIZACI": "Bien Interés Cultural - Fuera de Sector Interés Cultural", "Nivel_Inte": "POT 555 - Nivel 2", "Responsabl": "IDPC - Instituto Distrital de Patrimonio Cultural", "Localidad": "14", "Categoria": "Conservación Tipológica", "AMBITO": "Distrital", "Shape_Leng": 61.831913827999998, "Shape_Area": 150.27236342800001, "FMI": "" }, "geometry": { "type": "Polygon", "coordinates": [ [ [ -74.076116103634433, 4.614146825018979 ], [ -74.076089731792649, 4.614164226297893 ], [ -74.076029842909278, 4.6142037422601 ], [ -74.075976951901978, 4.614238642413707 ], [ -74.076010364738963, 4.614281548370262 ], [ -74.076063188372629, 4.614246653591214 ], [ -74.076085654339565, 4.614231811378326 ], [ -74.076108177798687, 4.614216948570826 ], [ -74.076130782106191, 4.614202032038818 ], [ -74.076194776290407, 4.614159800316573 ], [ -74.076164966596011, 4.614114583315141 ], [ -74.076116103634433, 4.614146825018979 ] ] ] } },
{ "type": "Feature", "id": 31, "properties": { "FID": 31, "LotCodigo": "006103019011", "NUMERO_FIC": "006103-019-11", "NOMBRE": "KR 18 23 A 4", "DIRECCION": "KR 18 23 A 4", "ACTO_ADMIN": "DEC", "NUMERO_ACT": "606", "FECHA_ACTO": 996105600000, "OBSERVACIO": " ", "OTROS": "Oficio SDP 2-2017-44846 de agosto 28 de 2017", "LOCALIZACI": "Bien Interés Cultural - Fuera de Sector Interés Cultural", "Nivel_Inte": "POT 555 - Nivel 1", "Responsabl": "IDPC - Instituto Distrital de Patrimonio Cultural", "Localidad": "14", "Categoria": "Conservación Integral", "AMBITO": "Distrital", "Shape_Leng": 53.323331740500002, "Shape_Area": 176.16835925300001, "FMI": "" }, "geometry": { "type": "Polygon", "coordinates": [ [ [ -74.076145064420899, 4.614322456678657 ], [ -74.076204402636989, 4.614413101072017 ], [ -74.076211956570205, 4.614408120837465 ], [ -74.07627219579652, 4.614368392675938 ], [ -74.076313595554694, 4.614341090028673 ], [ -74.07629873023339, 4.614318409454087 ], [ -74.076254186371699, 4.614250444730717 ], [ -74.076145064420899, 4.614322456678657 ] ] ] } },
{ "type": "Feature", "id": 32, "properties": { "FID": 32, "LotCodigo": "006103019015", "NUMERO_FIC": "006103-019-15", "NOMBRE": "CL 24 17 69", "DIRECCION": "CL 24 17 69", "ACTO_ADMIN": "DEC", "NUMERO_ACT": "606", "FECHA_ACTO": 996105600000, "OBSERVACIO": " ", "OTROS": "Oficio SDP 2-2017-44846 de agosto 28 de 2017", "LOCALIZACI": "Bien Interés Cultural - Fuera de Sector Interés Cultural", "Nivel_Inte": "POT 555 - Nivel 1", "Responsabl": "IDPC - Instituto Distrital de Patrimonio Cultural", "Localidad": "14", "Categoria": "Conservación Integral", "AMBITO": "Distrital", "Shape_Leng": 53.523703851500002, "Shape_Area": 177.37699894900001, "FMI": "" }, "geometry": { "type": "Polygon", "coordinates": [ [ [ -74.075919333959675, 4.614341598617943 ], [ -74.075908732042677, 4.614348592615761 ], [ -74.075889225126289, 4.614361460461188 ], [ -74.075878655548649, 4.614368432969132 ], [ -74.075825174348211, 4.614403716347335 ], [ -74.07583061185062, 4.614412013156709 ], [ -74.075879617644333, 4.614486783826313 ], [ -74.07588458353122, 4.614494360730355 ], [ -74.075945570155838, 4.614454089063742 ], [ -74.075949332300254, 4.614451603423651 ], [ -74.075974918116188, 4.614434708054769 ], [ -74.075979433048801, 4.614431727256426 ], [ -74.075994483423074, 4.614421788277205 ], [ -74.075967247401962, 4.614380264832296 ], [ -74.075954883888713, 4.614361415691019 ], [ -74.075935073341768, 4.61433121372645 ], [ -74.075919333959675, 4.614341598617943 ] ] ] } },
{ "type": "Feature", "id": 33, "properties": { "FID": 33, "LotCodigo": "006103019016", "NUMERO_FIC": "006103-019-16", "NOMBRE": "CL 24 17 57", "DIRECCION": "CL 24 17 57", "ACTO_ADMIN": "DEC", "NUMERO_ACT": "606", "FECHA_ACTO": 996105600000, "OBSERVACIO": " ", "OTROS": "Oficio SDP 2-2017-44846 de agosto 28 de 2017", "LOCALIZACI": "Bien Interés Cultural - Fuera de Sector Interés Cultural", "Nivel_Inte": "POT 555 - Nivel 1", "Responsabl": "IDPC - Instituto Distrital de Patrimonio Cultural", "Localidad": "14", "Categoria": "Conservación Integral", "AMBITO": "Distrital", "Shape_Leng": 72.937546324400003, "Shape_Area": 290.32547486099998, "FMI": "" }, "geometry": { "type": "Polygon", "coordinates": [ [ [ -74.075924254930783, 4.614209193478529 ], [ -74.075885643543245, 4.614235829950449 ], [ -74.075876007315202, 4.614242476532635 ], [ -74.075853676095548, 4.614257881954278 ], [ -74.075791366252489, 4.61430086580977 ], [ -74.075765382482899, 4.614318789105231 ], [ -74.075773213995546, 4.614329913600332 ], [ -74.075819461961316, 4.614395601304845 ], [ -74.075825174348211, 4.614403716347335 ], [ -74.075878655548649, 4.614368432969132 ], [ -74.075889225126289, 4.614361460461188 ], [ -74.075908732042677, 4.614348592615761 ], [ -74.075919333959675, 4.614341598617943 ], [ -74.075935073341768, 4.61433121372645 ], [ -74.075947186225036, 4.6143232240396 ], [ -74.075987705634248, 4.614296494448926 ], [ -74.076010364738963, 4.614281548370262 ], [ -74.075976951901978, 4.614238642413707 ], [ -74.075946505302056, 4.614193846257082 ], [ -74.075924254930783, 4.614209193478529 ] ] ] } },
{ "type": "Feature", "id": 34, "properties": { "FID": 34, "LotCodigo": "006103019017", "NUMERO_FIC": "006103-019-17", "NOMBRE": "CL 24 17 47", "DIRECCION": "CL 24 17 47", "ACTO_ADMIN": "DEC", "NUMERO_ACT": "606", "FECHA_ACTO": 996105600000, "OBSERVACIO": " ", "OTROS": "Oficio SDP 2-2017-44846 de agosto 28 de 2017", "LOCALIZACI": "Bien Interés Cultural - Fuera de Sector Interés Cultural", "Nivel_Inte": "POT 555 - Nivel 1", "Responsabl": "IDPC - Instituto Distrital de Patrimonio Cultural", "Localidad": "14", "Categoria": "Conservación Integral", "AMBITO": "Distrital", "Shape_Leng": 72.316006307199999, "Shape_Area": 284.65921621899997, "FMI": "" }, "geometry": { "type": "Polygon", "coordinates": [ [ [ -74.075867293656941, 4.61412231154638 ], [ -74.075826468820551, 4.614150489907086 ], [ -74.07580789076215, 4.614163313881348 ], [ -74.075804222940832, 4.61416584429268 ], [ -74.07578950404492, 4.614176005335609 ], [ -74.075785610746479, 4.614178692442583 ], [ -74.075778276900479, 4.614183754160493 ], [ -74.075755949274097, 4.614199164060401 ], [ -74.075739343017744, 4.614210627915416 ], [ -74.075722627166954, 4.614222165193349 ], [ -74.075707710641652, 4.614232461441472 ], [ -74.075715243015324, 4.61424373547034 ], [ -74.075757904906482, 4.614307595663891 ], [ -74.075765382482899, 4.614318789105231 ], [ -74.075791366252489, 4.61430086580977 ], [ -74.075853676095548, 4.614257881954278 ], [ -74.075876007315202, 4.614242476532635 ], [ -74.075885643543245, 4.614235829950449 ], [ -74.075924254930783, 4.614209193478529 ], [ -74.075946505302056, 4.614193846257082 ], [ -74.075912857106459, 4.614142464402061 ], [ -74.075889540434957, 4.614106956264438 ], [ -74.075867293656941, 4.61412231154638 ] ] ] } },
{ "type": "Feature", "id": 35, "properties": { "FID": 35, "LotCodigo": "006103019018", "NUMERO_FIC": "006103-019-18", "NOMBRE": "CL 24 17 35", "DIRECCION": "CL 24 17 35", "ACTO_ADMIN": "DEC", "NUMERO_ACT": "606", "FECHA_ACTO": 996105600000, "OBSERVACIO": " ", "OTROS": "Oficio SDP 2-2017-44846 de agosto 28 de 2017", "LOCALIZACI": "Bien Interés Cultural - Fuera de Sector Interés Cultural", "Nivel_Inte": "POT 555 - Nivel 1", "Responsabl": "IDPC - Instituto Distrital de Patrimonio Cultural", "Localidad": "14", "Categoria": "Conservación Integral", "AMBITO": "Distrital", "Shape_Leng": 74.425201075499999, "Shape_Area": 309.95667884900001, "FMI": "" }, "geometry": { "type": "Polygon", "coordinates": [ [ [ -74.075805441056374, 4.614027910000575 ], [ -74.075738623467217, 4.614074031365546 ], [ -74.075712677426864, 4.614091940340296 ], [ -74.07568871935824, 4.614108474869528 ], [ -74.075669467563372, 4.614121764454572 ], [ -74.075645858041099, 4.614138059910291 ], [ -74.075655755678881, 4.614153166269292 ], [ -74.075697813003856, 4.614217355084159 ], [ -74.075707710641652, 4.614232461441472 ], [ -74.075722627166954, 4.614222165193349 ], [ -74.075739343017744, 4.614210627915416 ], [ -74.075755949274097, 4.614199164060401 ], [ -74.075778276900479, 4.614183754160493 ], [ -74.075785610746479, 4.614178692442583 ], [ -74.07578950404492, 4.614176005335609 ], [ -74.075804222940832, 4.61416584429268 ], [ -74.07580789076215, 4.614163313881348 ], [ -74.075826468820551, 4.614150489907086 ], [ -74.075867293656941, 4.61412231154638 ], [ -74.075889540434957, 4.614106956264438 ], [ -74.075879208012552, 4.614091082543297 ], [ -74.075845558918644, 4.614039769626904 ], [ -74.075827687834376, 4.614012555612 ], [ -74.075805441056374, 4.614027910000575 ] ] ] } },
{ "type": "Feature", "id": 36, "properties": { "FID": 36, "LotCodigo": "006103019019", "NUMERO_FIC": "006103-019-19", "NOMBRE": "CL 24 17 27", "DIRECCION": "CL 24 17 27", "ACTO_ADMIN": "DEC", "NUMERO_ACT": "606", "FECHA_ACTO": 996105600000, "OBSERVACIO": " ", "OTROS": "Oficio SDP 2-2017-44846 de agosto 28 de 2017", "LOCALIZACI": "Bien Interés Cultural - Fuera de Sector Interés Cultural", "Nivel_Inte": "POT 555 - Nivel 1", "Responsabl": "IDPC - Instituto Distrital de Patrimonio Cultural", "Localidad": "14", "Categoria": "Conservación Integral", "AMBITO": "Distrital", "Shape_Leng": 69.408355611700003, "Shape_Area": 248.90697604900001, "FMI": "" }, "geometry": { "type": "Polygon", "coordinates": [ [ [ -74.07575217185834, 4.613954911287385 ], [ -74.075744710451573, 4.613960063442734 ], [ -74.075715020233119, 4.613980567301388 ], [ -74.075681698125976, 4.614003579186278 ], [ -74.075679365201182, 4.614005189122776 ], [ -74.075657204661439, 4.614020496055092 ], [ -74.075655757475516, 4.614021495326015 ], [ -74.075634930035662, 4.61403587999184 ], [ -74.07561489311324, 4.614049719356323 ], [ -74.075592619385787, 4.614065104187816 ], [ -74.075603287778094, 4.614079724344013 ], [ -74.075635187852129, 4.614123439755305 ], [ -74.075645858041099, 4.614138059910291 ], [ -74.075669467563372, 4.614121764454572 ], [ -74.07568871935824, 4.614108474869528 ], [ -74.075712677426864, 4.614091940340296 ], [ -74.075738623467217, 4.614074031365546 ], [ -74.075805441056374, 4.614027910000575 ], [ -74.075827687834376, 4.614012555612 ], [ -74.075811839756142, 4.613988387760745 ], [ -74.07577444828074, 4.613939527348894 ], [ -74.07575217185834, 4.613954911287385 ] ] ] } },
{ "type": "Feature", "id": 37, "properties": { "FID": 37, "LotCodigo": "006103019020", "NUMERO_FIC": "006103-019-20", "NOMBRE": "CL 24 17 11", "DIRECCION": "CL 24 17 11", "ACTO_ADMIN": "DEC", "NUMERO_ACT": "606", "FECHA_ACTO": 996105600000, "OBSERVACIO": " ", "OTROS": "Oficio SDP 2-2017-44846 de agosto 28 de 2017", "LOCALIZACI": "Bien Interés Cultural - Fuera de Sector Interés Cultural", "Nivel_Inte": "POT 555 - Nivel 1", "Responsabl": "IDPC - Instituto Distrital de Patrimonio Cultural", "Localidad": "14", "Categoria": "Conservación Integral", "AMBITO": "Distrital", "Shape_Leng": 63.289819710099998, "Shape_Area": 235.51219618799999, "FMI": "" }, "geometry": { "type": "Polygon", "coordinates": [ [ [ -74.07558004566674, 4.6138645587373 ], [ -74.075515951769532, 4.61390137328175 ], [ -74.07551411920636, 4.613902426277082 ], [ -74.075501337976476, 4.613909767696053 ], [ -74.075492495859152, 4.613914846428533 ], [ -74.075498636742438, 4.613924062823688 ], [ -74.075505396564935, 4.613934206857432 ], [ -74.075506276015616, 4.613935525787752 ], [ -74.075592619385787, 4.614065104187816 ], [ -74.07561489311324, 4.614049719356323 ], [ -74.075634930035662, 4.61403587999184 ], [ -74.075655757475516, 4.614021495326015 ], [ -74.075657204661439, 4.614020496055092 ], [ -74.075679365201182, 4.614005189122776 ], [ -74.075643273588014, 4.613947939670813 ], [ -74.075633578071162, 4.613932559313777 ], [ -74.075619195145151, 4.613909745310934 ], [ -74.075616689743796, 4.613905773297953 ], [ -74.0756023068178, 4.613882960189639 ], [ -74.075593656041619, 4.613869236329068 ], [ -74.075587872687819, 4.613860062912588 ], [ -74.07558004566674, 4.6138645587373 ] ] ] } },
{ "type": "Feature", "id": 38, "properties": { "FID": 38, "LotCodigo": "006103019021", "NUMERO_FIC": "006103-019-21", "NOMBRE": "KR 17 23 A 27", "DIRECCION": "KR 17 23 A 27", "ACTO_ADMIN": "DEC", "NUMERO_ACT": "606", "FECHA_ACTO": 996105600000, "OBSERVACIO": " ", "OTROS": "Oficio SDP 2-2017-44846 de agosto 28 de 2017", "LOCALIZACI": "Bien Interés Cultural - Fuera de Sector Interés Cultural", "Nivel_Inte": "POT 555 - Nivel 1", "Responsabl": "IDPC - Instituto Distrital de Patrimonio Cultural", "Localidad": "14", "Categoria": "Conservación Integral", "AMBITO": "Distrital", "Shape_Leng": 63.022272072299998, "Shape_Area": 239.74174544100001, "FMI": "" }, "geometry": { "type": "Polygon", "coordinates": [ [ [ -74.075664347166267, 4.613815657128359 ], [ -74.07561127469927, 4.613846474257604 ], [ -74.075587872687819, 4.613860062912588 ], [ -74.075593656041619, 4.613869236329068 ], [ -74.0756023068178, 4.613882960189639 ], [ -74.075616689743796, 4.613905773297953 ], [ -74.075619195145151, 4.613909745310934 ], [ -74.075633578071162, 4.613932559313777 ], [ -74.075643273588014, 4.613947939670813 ], [ -74.075679365201182, 4.614005189122776 ], [ -74.075681698125976, 4.614003579186278 ], [ -74.075715020233119, 4.613980567301388 ], [ -74.075744710451573, 4.613960063442734 ], [ -74.07575217185834, 4.613954911287385 ], [ -74.07577444828074, 4.613939527348894 ], [ -74.075738353074314, 4.613882281473222 ], [ -74.07571907433001, 4.613851705209288 ], [ -74.075693554989414, 4.61381123024949 ], [ -74.075687770737304, 4.61380205593685 ], [ -74.075664347166267, 4.613815657128359 ] ] ] } },
{ "type": "Feature", "id": 39, "properties": { "FID": 39, "LotCodigo": "006103020003", "NUMERO_FIC": "006103-020-03", "NOMBRE": "CL 23 17 24", "DIRECCION": "CL 23 17 24", "ACTO_ADMIN": "DEC", "NUMERO_ACT": "606", "FECHA_ACTO": 996105600000, "OBSERVACIO": " ", "OTROS": "Oficio SDP 2-2017-44846 de agosto 28 de 2017", "LOCALIZACI": "Bien Interés Cultural - Fuera de Sector Interés Cultural", "Nivel_Inte": "POT 555 - Nivel 2", "Responsabl": "IDPC - Instituto Distrital de Patrimonio Cultural", "Localidad": "14", "Categoria": "Conservación Tipológica", "AMBITO": "Distrital", "Shape_Leng": 61.833390084000001, "Shape_Area": 145.573719541, "FMI": "" }, "geometry": { "type": "Polygon", "coordinates": [ [ [ -74.076467600032075, 4.613595193332719 ], [ -74.07639113902836, 4.613646280639296 ], [ -74.076353588551157, 4.613671368082619 ], [ -74.07633113605894, 4.613686370584594 ], [ -74.076286080157544, 4.613716473186736 ], [ -74.07631514514857, 4.613760096393746 ], [ -74.076338346835726, 4.61374445188835 ], [ -74.076382448726292, 4.613714712821615 ], [ -74.076404856302744, 4.613699603767107 ], [ -74.076436303625883, 4.613678397903175 ], [ -74.076502053118162, 4.613634062844537 ], [ -74.076488060060981, 4.613613033373362 ], [ -74.076473546879242, 4.613591220422588 ], [ -74.076467600032075, 4.613595193332719 ] ] ] } },
{ "type": "Feature", "id": 40, "properties": { "FID": 40, "LotCodigo": "006103020004", "NUMERO_FIC": "006103-020-04", "NOMBRE": "CL 23 17 34", "DIRECCION": "CL 23 17 34", "ACTO_ADMIN": "DEC", "NUMERO_ACT": "606", "FECHA_ACTO": 996105600000, "OBSERVACIO": " ", "OTROS": "Oficio SDP 2-2017-44846 de agosto 28 de 2017", "LOCALIZACI": "Bien Interés Cultural - Fuera de Sector Interés Cultural", "Nivel_Inte": "POT 555 - Nivel 2", "Responsabl": "IDPC - Instituto Distrital de Patrimonio Cultural", "Localidad": "14", "Categoria": "Conservación Tipológica", "AMBITO": "Distrital", "Shape_Leng": 61.619570750599998, "Shape_Area": 142.88808117599999, "FMI": "" }, "geometry": { "type": "Polygon", "coordinates": [ [ [ -74.076436303625883, 4.613678397903175 ], [ -74.076404856302744, 4.613699603767107 ], [ -74.076382448726292, 4.613714712821615 ], [ -74.076338346835726, 4.61374445188835 ], [ -74.07631514514857, 4.613760096393746 ], [ -74.076343092635369, 4.613802159803766 ], [ -74.076369323441668, 4.61378463495018 ], [ -74.07644436510725, 4.613734495886846 ], [ -74.076530559357067, 4.613676905263941 ], [ -74.076502053118162, 4.613634062844537 ], [ -74.076436303625883, 4.613678397903175 ] ] ] } },
{ "type": "Feature", "id": 41, "properties": { "FID": 41, "LotCodigo": "006103020005", "NUMERO_FIC": "006103-020-05", "NOMBRE": "CL 23 17 36", "DIRECCION": "CL 23 17 36", "ACTO_ADMIN": "DEC", "NUMERO_ACT": "606", "FECHA_ACTO": 996105600000, "OBSERVACIO": " ", "OTROS": "Oficio SDP 2-2017-44846 de agosto 28 de 2017", "LOCALIZACI": "Bien Interés Cultural - Fuera de Sector Interés Cultural", "Nivel_Inte": "POT 555 - Nivel 2", "Responsabl": "IDPC - Instituto Distrital de Patrimonio Cultural", "Localidad": "14", "Categoria": "Conservación Tipológica", "AMBITO": "Distrital", "Shape_Leng": 73.620867065799999, "Shape_Area": 293.64210279899999, "FMI": "" }, "geometry": { "type": "Polygon", "coordinates": [ [ [ -74.07644436510725, 4.613734495886846 ], [ -74.076369323441668, 4.61378463495018 ], [ -74.076343092635369, 4.613802159803766 ], [ -74.076373611100522, 4.613847988386193 ], [ -74.076381635750963, 4.613860041422895 ], [ -74.076389649621618, 4.613872099831766 ], [ -74.07640115075219, 4.613889406204597 ], [ -74.076427388745003, 4.613871869712907 ], [ -74.076432669042248, 4.613868340029393 ], [ -74.076442414864772, 4.613861825963544 ], [ -74.076473883747482, 4.613840792022095 ], [ -74.076485143231267, 4.613833267044571 ], [ -74.076533864259005, 4.613800702085507 ], [ -74.076588548303619, 4.613764151680151 ], [ -74.076530559357067, 4.613676905263941 ], [ -74.07644436510725, 4.613734495886846 ] ] ] } },
{ "type": "Feature", "id": 42, "properties": { "FID": 42, "LotCodigo": "006103020006", "NUMERO_FIC": "006103-020-06", "NOMBRE": "CL 23 17 48", "DIRECCION": "CL 23 17 48", "ACTO_ADMIN": "DEC", "NUMERO_ACT": "606", "FECHA_ACTO": 996105600000, "OBSERVACIO": " ", "OTROS": "Oficio SDP 2-2017-44846 de agosto 28 de 2017", "LOCALIZACI": "Bien Interés Cultural - Fuera de Sector Interés Cultural", "Nivel_Inte": "POT 555 - Nivel 2", "Responsabl": "IDPC - Instituto Distrital de Patrimonio Cultural", "Localidad": "14", "Categoria": "Conservación Tipológica", "AMBITO": "Distrital", "Shape_Leng": 62.328444369099998, "Shape_Area": 151.85001506200001, "FMI": "" }, "geometry": { "type": "Polygon", "coordinates": [ [ [ -74.076533864259005, 4.613800702085507 ], [ -74.076485143231267, 4.613833267044571 ], [ -74.076473883747482, 4.613840792022095 ], [ -74.076442414864772, 4.613861825963544 ], [ -74.076432669042248, 4.613868340029393 ], [ -74.076427388745003, 4.613871869712907 ], [ -74.07640115075219, 4.613889406204597 ], [ -74.076419092803363, 4.613916459051482 ], [ -74.076420108797947, 4.613917990192623 ], [ -74.076430145674621, 4.613933029400967 ], [ -74.076455937204727, 4.613916380255916 ], [ -74.076457430204741, 4.613915416801015 ], [ -74.076462010714366, 4.613912460176402 ], [ -74.076619563537093, 4.613810754789786 ], [ -74.076588548303619, 4.613764151680151 ], [ -74.076533864259005, 4.613800702085507 ] ] ] } },
{ "type": "Feature", "id": 43, "properties": { "FID": 43, "LotCodigo": "006103020007", "NUMERO_FIC": "006103-020-07", "NOMBRE": "CL 23 17 58", "DIRECCION": "CL 23 17 58", "ACTO_ADMIN": "DEC", "NUMERO_ACT": "606", "FECHA_ACTO": 996105600000, "OBSERVACIO": " ", "OTROS": "Oficio SDP 2-2017-44846 de agosto 28 de 2017", "LOCALIZACI": "Bien Interés Cultural - Fuera de Sector Interés Cultural", "Nivel_Inte": "POT 555 - Nivel 2", "Responsabl": "IDPC - Instituto Distrital de Patrimonio Cultural", "Localidad": "14", "Categoria": "Conservación Tipológica", "AMBITO": "Distrital", "Shape_Leng": 62.253853401400001, "Shape_Area": 152.40019058199999, "FMI": "" }, "geometry": { "type": "Polygon", "coordinates": [ [ [ -74.076462010714366, 4.613912460176402 ], [ -74.076457430204741, 4.613915416801015 ], [ -74.076455937204727, 4.613916380255916 ], [ -74.076430145674621, 4.613933029400967 ], [ -74.076458651913526, 4.613975942539228 ], [ -74.076485006687335, 4.613960156564715 ], [ -74.076523726771029, 4.613936963806819 ], [ -74.076536091182589, 4.613929557919072 ], [ -74.076548389118841, 4.613921801928192 ], [ -74.076551414644726, 4.613919893821905 ], [ -74.076586490263296, 4.61389777375686 ], [ -74.076594903884256, 4.613892466696171 ], [ -74.076650578770597, 4.613857357000942 ], [ -74.076619563537093, 4.613810754789786 ], [ -74.076462010714366, 4.613912460176402 ] ] ] } },
{ "type": "Feature", "id": 44, "properties": { "FID": 44, "LotCodigo": "006103020018", "NUMERO_FIC": "006103-020-18", "NOMBRE": "CL 23 A 17 55", "DIRECCION": "CL 23 A 17 55", "ACTO_ADMIN": "DEC", "NUMERO_ACT": "606", "FECHA_ACTO": 996105600000, "OBSERVACIO": " ", "OTROS": "Oficio SDP 2-2017-44846 de agosto 28 de 2017", "LOCALIZACI": "Bien Interés Cultural - Fuera de Sector Interés Cultural", "Nivel_Inte": "POT 555 - Nivel 2", "Responsabl": "IDPC - Instituto Distrital de Patrimonio Cultural", "Localidad": "14", "Categoria": "Conservación Tipológica", "AMBITO": "Distrital", "Shape_Leng": 65.169448407999994, "Shape_Area": 192.701707777, "FMI": "" }, "geometry": { "type": "Polygon", "coordinates": [ [ [ -74.076392816182974, 4.613935448782991 ], [ -74.076232466006459, 4.614038017321271 ], [ -74.076254495392163, 4.614071140106093 ], [ -74.076271007325417, 4.614095968762646 ], [ -74.076382676000065, 4.614024527164127 ], [ -74.076431354806999, 4.613993397546571 ], [ -74.076458651913526, 4.613975942539228 ], [ -74.076430145674621, 4.613933029400967 ], [ -74.076420108797947, 4.613917990192623 ], [ -74.076392816182974, 4.613935448782991 ] ] ] } },
{ "type": "Feature", "id": 45, "properties": { "FID": 45, "LotCodigo": "006103020019", "NUMERO_FIC": "006103-020-19", "NOMBRE": "CL 23 A 17 53", "DIRECCION": "CL 23 A 17 53", "ACTO_ADMIN": "DEC", "NUMERO_ACT": "606", "FECHA_ACTO": 996105600000, "OBSERVACIO": " ", "OTROS": "Oficio SDP 2-2017-44846 de agosto 28 de 2017", "LOCALIZACI": "Bien Interés Cultural - Fuera de Sector Interés Cultural", "Nivel_Inte": "POT 555 - Nivel 2", "Responsabl": "IDPC - Instituto Distrital de Patrimonio Cultural", "Localidad": "14", "Categoria": "Conservación Tipológica", "AMBITO": "Distrital", "Shape_Leng": 65.168997397400005, "Shape_Area": 192.61713066600001, "FMI": "" }, "geometry": { "type": "Polygon", "coordinates": [ [ [ -74.076354294626967, 4.613877533144644 ], [ -74.07632769640972, 4.613894550301732 ], [ -74.076289673418685, 4.613918878433537 ], [ -74.076285117163565, 4.61392179297414 ], [ -74.076193921992569, 4.613980137507418 ], [ -74.076215931615337, 4.614013188662681 ], [ -74.076232466006459, 4.614038017321271 ], [ -74.076392816182974, 4.613935448782991 ], [ -74.076420108797947, 4.613917990192623 ], [ -74.076419092803363, 4.613916459051482 ], [ -74.07640115075219, 4.613889406204597 ], [ -74.076389649621618, 4.613872099831766 ], [ -74.076381635750963, 4.613860041422895 ], [ -74.076354294626967, 4.613877533144644 ] ] ] } },
{ "type": "Feature", "id": 46, "properties": { "FID": 46, "LotCodigo": "006103020020", "NUMERO_FIC": "006103-020-20", "NOMBRE": "CL 23 A 17 39", "DIRECCION": "CL 23 A 17 39", "ACTO_ADMIN": "DEC", "NUMERO_ACT": "606", "FECHA_ACTO": 996105600000, "OBSERVACIO": " ", "OTROS": "Oficio SDP 2-2017-44846 de agosto 28 de 2017", "LOCALIZACI": "Bien Interés Cultural - Fuera de Sector Interés Cultural", "Nivel_Inte": "POT 555 - Nivel 2", "Responsabl": "IDPC - Instituto Distrital de Patrimonio Cultural", "Localidad": "14", "Categoria": "Conservación Tipológica", "AMBITO": "Distrital", "Shape_Leng": 65.166929491299996, "Shape_Area": 192.54862310300001, "FMI": "" }, "geometry": { "type": "Polygon", "coordinates": [ [ [ -74.076315806308628, 4.613819624664826 ], [ -74.076246617167129, 4.613863906883006 ], [ -74.076236031419825, 4.613870682406898 ], [ -74.076205646803643, 4.613890127900373 ], [ -74.076155449843881, 4.613922256793497 ], [ -74.076171924047898, 4.613947042475848 ], [ -74.076193921992569, 4.613980137507418 ], [ -74.076285117163565, 4.61392179297414 ], [ -74.076289673418685, 4.613918878433537 ], [ -74.07632769640972, 4.613894550301732 ], [ -74.076354294626967, 4.613877533144644 ], [ -74.076381635750963, 4.613860041422895 ], [ -74.076373611100522, 4.613847988386193 ], [ -74.076343092635369, 4.613802159803766 ], [ -74.076315806308628, 4.613819624664826 ] ] ] } },
{ "type": "Feature", "id": 47, "properties": { "FID": 47, "LotCodigo": "006103020021", "NUMERO_FIC": "006103-020-21", "NOMBRE": "CL 23 A 17 29", "DIRECCION": "CL 23 A 17 29", "ACTO_ADMIN": "DEC", "NUMERO_ACT": "606", "FECHA_ACTO": 996105600000, "OBSERVACIO": " ", "OTROS": "Oficio SDP 2-2017-44846 de agosto 28 de 2017", "LOCALIZACI": "Bien Interés Cultural - Fuera de Sector Interés Cultural", "Nivel_Inte": "POT 555 - Nivel 2", "Responsabl": "IDPC - Instituto Distrital de Patrimonio Cultural", "Localidad": "14", "Categoria": "Conservación Tipológica", "AMBITO": "Distrital", "Shape_Leng": 72.714722055500005, "Shape_Area": 286.29498562200001, "FMI": "" }, "geometry": { "type": "Polygon", "coordinates": [ [ [ -74.076258736338616, 4.613733815379493 ], [ -74.076181783058118, 4.613782621185813 ], [ -74.07615896046002, 4.613797096292292 ], [ -74.07614364059117, 4.613806813219984 ], [ -74.07609794958087, 4.613835790293841 ], [ -74.076139944922076, 4.613898942259349 ], [ -74.076155449843881, 4.613922256793497 ], [ -74.076205646803643, 4.613890127900373 ], [ -74.076236031419825, 4.613870682406898 ], [ -74.076246617167129, 4.613863906883006 ], [ -74.076315806308628, 4.613819624664826 ], [ -74.076343092635369, 4.613802159803766 ], [ -74.07631514514857, 4.613760096393746 ], [ -74.076286080157544, 4.613716473186736 ], [ -74.076258736338616, 4.613733815379493 ] ] ] } },
{ "type": "Feature", "id": 48, "properties": { "FID": 48, "LotCodigo": "006103021005", "NUMERO_FIC": "006103-021-05", "NOMBRE": "CL 22 D 17 32", "DIRECCION": "CL 22 D 17 32", "ACTO_ADMIN": "DEC", "NUMERO_ACT": "606", "FECHA_ACTO": 996105600000, "OBSERVACIO": " ", "OTROS": "Oficio SDP 2-2017-44846 de agosto 28 de 2017", "LOCALIZACI": "Bien Interés Cultural - Fuera de Sector Interés Cultural", "Nivel_Inte": "POT 555 - Nivel 2", "Responsabl": "IDPC - Instituto Distrital de Patrimonio Cultural", "Localidad": "14", "Categoria": "Conservación Tipológica", "AMBITO": "Distrital", "Shape_Leng": 66.179826612200003, "Shape_Area": 194.77208905200001, "FMI": "" }, "geometry": { "type": "Polygon", "coordinates": [ [ [ -74.076951128115226, 4.613397160255436 ], [ -74.076949665657921, 4.613398179226134 ], [ -74.076914125610358, 4.613422946123284 ], [ -74.076912671237906, 4.613423959721546 ], [ -74.076865321937603, 4.613456956282933 ], [ -74.076858638471876, 4.613461614178476 ], [ -74.076832731059099, 4.613479668224233 ], [ -74.076844570854533, 4.613496766872675 ], [ -74.07684816681062, 4.613501964697 ], [ -74.07687178980764, 4.613536127071645 ], [ -74.076895499042934, 4.613519605064717 ], [ -74.076897686440645, 4.613518081085972 ], [ -74.076919883811328, 4.613502612074574 ], [ -74.077059017577469, 4.613405654065598 ], [ -74.077019957930602, 4.613349194312423 ], [ -74.076951128115226, 4.613397160255436 ] ] ] } },
{ "type": "Feature", "id": 49, "properties": { "FID": 49, "LotCodigo": "006103021006", "NUMERO_FIC": "006103-021-06", "NOMBRE": "CL 22 D 17 44", "DIRECCION": "CL 22 D 17 44", "ACTO_ADMIN": "DEC", "NUMERO_ACT": "606", "FECHA_ACTO": 996105600000, "OBSERVACIO": " ", "OTROS": "Oficio SDP 2-2017-44846 de agosto 28 de 2017", "LOCALIZACI": "Bien Interés Cultural - Fuera de Sector Interés Cultural", "Nivel_Inte": "POT 555 - Nivel 2", "Responsabl": "IDPC - Instituto Distrital de Patrimonio Cultural", "Localidad": "14", "Categoria": "Conservación Tipológica", "AMBITO": "Distrital", "Shape_Leng": 66.577208109300003, "Shape_Area": 199.81005878400001, "FMI": "" }, "geometry": { "type": "Polygon", "coordinates": [ [ [ -74.076919883811328, 4.613502612074574 ], [ -74.076897686440645, 4.613518081085972 ], [ -74.076895499042934, 4.613519605064717 ], [ -74.07687178980764, 4.613536127071645 ], [ -74.076879514420753, 4.61354722292605 ], [ -74.076887733107313, 4.613559123749063 ], [ -74.076895448737275, 4.613570293921685 ], [ -74.076911860059198, 4.613594052587307 ], [ -74.076935568396181, 4.613577529686338 ], [ -74.076994745813835, 4.613536291826096 ], [ -74.077037664623163, 4.613506382623764 ], [ -74.077085794559466, 4.613472842553961 ], [ -74.077099087829026, 4.613463577801077 ], [ -74.077083150817572, 4.613440539931953 ], [ -74.077059017577469, 4.613405654065598 ], [ -74.076919883811328, 4.613502612074574 ] ] ] } },
{ "type": "Feature", "id": 50, "properties": { "FID": 50, "LotCodigo": "006103021007", "NUMERO_FIC": "006103-021-07", "NOMBRE": "CL 22 D 17 48", "DIRECCION": "CL 22 D 17 48", "ACTO_ADMIN": "DEC", "NUMERO_ACT": "606", "FECHA_ACTO": 996105600000, "OBSERVACIO": " ", "OTROS": "Oficio SDP 2-2017-44846 de agosto 28 de 2017", "LOCALIZACI": "Bien Interés Cultural - Fuera de Sector Interés Cultural", "Nivel_Inte": "POT 555 - Nivel 2", "Responsabl": "IDPC - Instituto Distrital de Patrimonio Cultural", "Localidad": "14", "Categoria": "Conservación Tipológica", "AMBITO": "Distrital", "Shape_Leng": 66.166987693600007, "Shape_Area": 194.59450962899999, "FMI": "" }, "geometry": { "type": "Polygon", "coordinates": [ [ [ -74.077085794559466, 4.613472842553961 ], [ -74.077037664623163, 4.613506382623764 ], [ -74.076994745813835, 4.613536291826096 ], [ -74.076935568396181, 4.613577529686338 ], [ -74.076911860059198, 4.613594052587307 ], [ -74.076915975241519, 4.613599984642608 ], [ -74.076928307313736, 4.613617793344011 ], [ -74.076942698324586, 4.613638572997186 ], [ -74.076950917909457, 4.613650441584075 ], [ -74.076974593907067, 4.613633938383325 ], [ -74.076987178405886, 4.613625167000457 ], [ -74.076999010116495, 4.613616919429155 ], [ -74.077024918427597, 4.613598860014476 ], [ -74.077041928027498, 4.613587008439408 ], [ -74.077138145679271, 4.613519966808235 ], [ -74.077114496631111, 4.613485825027089 ], [ -74.077099087829026, 4.613463577801077 ], [ -74.077085794559466, 4.613472842553961 ] ] ] } },
{ "type": "Feature", "id": 51, "properties": { "FID": 51, "LotCodigo": "006103021014", "NUMERO_FIC": "006103-021-14", "NOMBRE": "CL 23 17 65", "DIRECCION": "CL 23 17 65", "ACTO_ADMIN": "DEC", "NUMERO_ACT": "606", "FECHA_ACTO": 996105600000, "OBSERVACIO": " ", "OTROS": "Oficio SDP 2-2017-44846 de agosto 28 de 2017", "LOCALIZACI": "Bien Interés Cultural - Fuera de Sector Interés Cultural", "Nivel_Inte": "POT 555 - Nivel 2", "Responsabl": "IDPC - Instituto Distrital de Patrimonio Cultural", "Localidad": "14", "Categoria": "Conservación Tipológica", "AMBITO": "Distrital", "Shape_Leng": 42.639439506599999, "Shape_Area": 97.549612582099996, "FMI": "" }, "geometry": { "type": "Polygon", "coordinates": [ [ [ -74.076802837821376, 4.613826284681967 ], [ -74.076836769884608, 4.613875276725996 ], [ -74.076884870176499, 4.613841766221951 ], [ -74.076890741565194, 4.613837676015248 ], [ -74.0768929990315, 4.613836101894535 ], [ -74.076906288707818, 4.613826838041819 ], [ -74.076926247476806, 4.613812924354421 ], [ -74.076932948010494, 4.613808254820922 ], [ -74.076944780619442, 4.61380000367015 ], [ -74.076910849454521, 4.613751012516322 ], [ -74.076802837821376, 4.613826284681967 ] ] ] } },
{ "type": "Feature", "id": 52, "properties": { "FID": 52, "LotCodigo": "006103021015", "NUMERO_FIC": "006103-021-15", "NOMBRE": "CL 23 17 63", "DIRECCION": "CL 23 17 63", "ACTO_ADMIN": "DEC", "NUMERO_ACT": "606", "FECHA_ACTO": 996105600000, "OBSERVACIO": " ", "OTROS": "Oficio SDP 2-2017-44846 de agosto 28 de 2017", "LOCALIZACI": "Bien Interés Cultural - Fuera de Sector Interés Cultural", "Nivel_Inte": "POT 555 - Nivel 2", "Responsabl": "IDPC - Instituto Distrital de Patrimonio Cultural", "Localidad": "14", "Categoria": "Conservación Tipológica", "AMBITO": "Distrital", "Shape_Leng": 42.641428398199999, "Shape_Area": 97.529955556199994, "FMI": "" }, "geometry": { "type": "Polygon", "coordinates": [ [ [ -74.076858478571765, 4.613714910706008 ], [ -74.076845138589789, 4.613724202317694 ], [ -74.07682514119324, 4.613738128542492 ], [ -74.076768905758144, 4.613777292634532 ], [ -74.076802837821376, 4.613826284681967 ], [ -74.076910849454521, 4.613751012516322 ], [ -74.076876987459869, 4.613702021359115 ], [ -74.076858478571765, 4.613714910706008 ] ] ] } },
{ "type": "Feature", "id": 53, "properties": { "FID": 53, "LotCodigo": "006103021016", "NUMERO_FIC": "006103-021-16", "NOMBRE": "CL 23 17 51", "DIRECCION": "CL 23 17 51", "ACTO_ADMIN": "DEC", "NUMERO_ACT": "606", "FECHA_ACTO": 996105600000, "OBSERVACIO": " ", "OTROS": "Oficio SDP 2-2017-44846 de agosto 28 de 2017", "LOCALIZACI": "Bien Interés Cultural - Fuera de Sector Interés Cultural", "Nivel_Inte": "POT 555 - Nivel 2", "Responsabl": "IDPC - Instituto Distrital de Patrimonio Cultural", "Localidad": "14", "Categoria": "Conservación Tipológica", "AMBITO": "Distrital", "Shape_Leng": 63.240377450700002, "Shape_Area": 170.60346051499999, "FMI": "" }, "geometry": { "type": "Polygon", "coordinates": [ [ [ -74.07688334932871, 4.613622521975419 ], [ -74.076733457338719, 4.613726068340513 ], [ -74.076768905758144, 4.613777292634532 ], [ -74.07682514119324, 4.613738128542492 ], [ -74.076845138589789, 4.613724202317694 ], [ -74.076858478571765, 4.613714910706008 ], [ -74.076876987459869, 4.613702021359115 ], [ -74.076888026856409, 4.61369431909002 ], [ -74.076918397997844, 4.61367313023865 ], [ -74.076950917909457, 4.613650441584075 ], [ -74.076942698324586, 4.613638572997186 ], [ -74.076928307313736, 4.613617793344011 ], [ -74.076915975241519, 4.613599984642608 ], [ -74.07688334932871, 4.613622521975419 ] ] ] } },
{ "type": "Feature", "id": 54, "properties": { "FID": 54, "LotCodigo": "006103021017", "NUMERO_FIC": "006103-021-17", "NOMBRE": "CL 23 17 49", "DIRECCION": "CL 23 17 49", "ACTO_ADMIN": "DEC", "NUMERO_ACT": "606", "FECHA_ACTO": 996105600000, "OBSERVACIO": " ", "OTROS": "Oficio SDP 2-2017-44846 de agosto 28 de 2017", "LOCALIZACI": "Bien Interés Cultural - Fuera de Sector Interés Cultural", "Nivel_Inte": "POT 555 - Nivel 2", "Responsabl": "IDPC - Instituto Distrital de Patrimonio Cultural", "Localidad": "14", "Categoria": "Conservación Tipológica", "AMBITO": "Distrital", "Shape_Leng": 63.7487901808, "Shape_Area": 176.804264692, "FMI": "" }, "geometry": { "type": "Polygon", "coordinates": [ [ [ -74.076846863355144, 4.613569791599709 ], [ -74.076817172238364, 4.61359031337772 ], [ -74.076774187852024, 4.613620023796744 ], [ -74.076696996517981, 4.613673377370268 ], [ -74.076733457338719, 4.613726068340513 ], [ -74.07688334932871, 4.613622521975419 ], [ -74.076915975241519, 4.613599984642608 ], [ -74.076911860059198, 4.613594052587307 ], [ -74.076895448737275, 4.613570293921685 ], [ -74.076887733107313, 4.613559123749063 ], [ -74.076879514420753, 4.61354722292605 ], [ -74.076846863355144, 4.613569791599709 ] ] ] } },
{ "type": "Feature", "id": 55, "properties": { "FID": 55, "LotCodigo": "006103021018", "NUMERO_FIC": "006103-021-18", "NOMBRE": "CL 23 17 37", "DIRECCION": "CL 23 17 37", "ACTO_ADMIN": "DEC", "NUMERO_ACT": "606", "FECHA_ACTO": 996105600000, "OBSERVACIO": " ", "OTROS": "Oficio SDP 2-2017-44846 de agosto 28 de 2017", "LOCALIZACI": "Bien Interés Cultural - Fuera de Sector Interés Cultural", "Nivel_Inte": "POT 555 - Nivel 2", "Responsabl": "IDPC - Instituto Distrital de Patrimonio Cultural", "Localidad": "14", "Categoria": "Conservación Tipológica", "AMBITO": "Distrital", "Shape_Leng": 63.146205033500003, "Shape_Area": 169.35179973699999, "FMI": "" }, "geometry": { "type": "Polygon", "coordinates": [ [ [ -74.076811912602381, 4.613519325698471 ], [ -74.076662052053422, 4.613622850588878 ], [ -74.076696996517981, 4.613673377370268 ], [ -74.076774187852024, 4.613620023796744 ], [ -74.076817172238364, 4.61359031337772 ], [ -74.076846863355144, 4.613569791599709 ], [ -74.076879514420753, 4.61354722292605 ], [ -74.07687178980764, 4.613536127071645 ], [ -74.07684816681062, 4.613501964697 ], [ -74.076844570854533, 4.613496766872675 ], [ -74.076811912602381, 4.613519325698471 ] ] ] } },
{ "type": "Feature", "id": 56, "properties": { "FID": 56, "LotCodigo": "006103021019", "NUMERO_FIC": "006103-021-19", "NOMBRE": "CL 23 17 31", "DIRECCION": "CL 23 17 31", "ACTO_ADMIN": "DEC", "NUMERO_ACT": "606", "FECHA_ACTO": 996105600000, "OBSERVACIO": " ", "OTROS": "Oficio SDP 2-2017-44846 de agosto 28 de 2017", "LOCALIZACI": "Bien Interés Cultural - Fuera de Sector Interés Cultural", "Nivel_Inte": "POT 555 - Nivel 2", "Responsabl": "IDPC - Instituto Distrital de Patrimonio Cultural", "Localidad": "14", "Categoria": "Conservación Tipológica", "AMBITO": "Distrital", "Shape_Leng": 63.543485148800002, "Shape_Area": 174.266981982, "FMI": "" }, "geometry": { "type": "Polygon", "coordinates": [ [ [ -74.076775965617969, 4.613467342082643 ], [ -74.076745518119736, 4.613488385884606 ], [ -74.076702533733396, 4.61351809630785 ], [ -74.076626098780807, 4.613570926972763 ], [ -74.076662052053422, 4.613622850588878 ], [ -74.076811912602381, 4.613519325698471 ], [ -74.076844570854533, 4.613496766872675 ], [ -74.076832731059099, 4.613479668224233 ], [ -74.07682094246762, 4.613462609868547 ], [ -74.076808614886971, 4.613444773405727 ], [ -74.076775965617969, 4.613467342082643 ] ] ] } },
{ "type": "Feature", "id": 57, "properties": { "FID": 57, "LotCodigo": "006103021020", "NUMERO_FIC": "006103-021-20", "NOMBRE": "CL 23 17 23", "DIRECCION": "CL 23 17 23", "ACTO_ADMIN": "DEC", "NUMERO_ACT": "606", "FECHA_ACTO": 996105600000, "OBSERVACIO": " ", "OTROS": "Oficio SDP 2-2017-44846 de agosto 28 de 2017", "LOCALIZACI": "Bien Interés Cultural - Fuera de Sector Interés Cultural", "Nivel_Inte": "POT 555 - Nivel 2", "Responsabl": "IDPC - Instituto Distrital de Patrimonio Cultural", "Localidad": "14", "Categoria": "Conservación Tipológica", "AMBITO": "Distrital", "Shape_Leng": 63.146098717299999, "Shape_Area": 169.379546393, "FMI": "" }, "geometry": { "type": "Polygon", "coordinates": [ [ [ -74.076752886101701, 4.61340865456717 ], [ -74.076741031034885, 4.61341682871766 ], [ -74.076729130153993, 4.6134250386843 ], [ -74.076684628513135, 4.613455821805122 ], [ -74.076673501980025, 4.613463509750341 ], [ -74.076591153417937, 4.61352040018409 ], [ -74.076626098780807, 4.613570926972763 ], [ -74.076702533733396, 4.61351809630785 ], [ -74.076745518119736, 4.613488385884606 ], [ -74.076775965617969, 4.613467342082643 ], [ -74.076808614886971, 4.613444773405727 ], [ -74.076802913279877, 4.613436609104984 ], [ -74.076800344996471, 4.613432893175125 ], [ -74.076773673117358, 4.613394316449674 ], [ -74.076752886101701, 4.61340865456717 ] ] ] } },
{ "type": "Feature", "id": 58, "properties": { "FID": 58, "LotCodigo": "006103021021", "NUMERO_FIC": "006103-021-21", "NOMBRE": "CL 23 17 17", "DIRECCION": "CL 23 17 17", "ACTO_ADMIN": "DEC", "NUMERO_ACT": "606", "FECHA_ACTO": 996105600000, "OBSERVACIO": " ", "OTROS": "Oficio SDP 2-2017-44846 de agosto 28 de 2017", "LOCALIZACI": "Bien Interés Cultural - Fuera de Sector Interés Cultural", "Nivel_Inte": "POT 555 - Nivel 2", "Responsabl": "IDPC - Instituto Distrital de Patrimonio Cultural", "Localidad": "14", "Categoria": "Conservación Tipológica", "AMBITO": "Distrital", "Shape_Leng": 44.972422056600003, "Shape_Area": 124.155524801, "FMI": "" }, "geometry": { "type": "Polygon", "coordinates": [ [ [ -74.076603850206155, 4.613404060245018 ], [ -74.076559342277093, 4.613434835308096 ], [ -74.076540761523759, 4.613447680785035 ], [ -74.076591153417937, 4.61352040018409 ], [ -74.076673501980025, 4.613463509750341 ], [ -74.076684628513135, 4.613455821805122 ], [ -74.076669464951152, 4.613435531037615 ], [ -74.07666278328206, 4.613425878574005 ], [ -74.076661755609379, 4.613424394888263 ], [ -74.076648917785661, 4.613405851950064 ], [ -74.076633481135801, 4.613383553683491 ], [ -74.076603850206155, 4.613404060245018 ] ] ] } },
{ "type": "Feature", "id": 59, "properties": { "FID": 59, "LotCodigo": "006103021022", "NUMERO_FIC": "006103-021-22", "NOMBRE": "CL 23 17 11", "DIRECCION": "CL 23 17 11", "ACTO_ADMIN": "DEC", "NUMERO_ACT": "606", "FECHA_ACTO": 996105600000, "OBSERVACIO": " ", "OTROS": "Oficio SDP 2-2017-44846 de agosto 28 de 2017", "LOCALIZACI": "Bien Interés Cultural - Fuera de Sector Interés Cultural", "Nivel_Inte": "POT 555 - Nivel 2", "Responsabl": "IDPC - Instituto Distrital de Patrimonio Cultural", "Localidad": "14", "Categoria": "Conservación Tipológica", "AMBITO": "Distrital", "Shape_Leng": 43.282334132000003, "Shape_Area": 113.634395982, "FMI": "" }, "geometry": { "type": "Polygon", "coordinates": [ [ [ -74.076520600633827, 4.613324838403539 ], [ -74.076505279866666, 4.613334220456216 ], [ -74.076504280940071, 4.613334832017783 ], [ -74.076503312556198, 4.613335424775826 ], [ -74.076502343274001, 4.613336018429295 ], [ -74.076500994004448, 4.613336844888032 ], [ -74.076499891771604, 4.613337520023331 ], [ -74.076497521117545, 4.613338972370081 ], [ -74.076496552733687, 4.613339564232734 ], [ -74.076495583451504, 4.613340157886155 ], [ -74.076472972855797, 4.613354006218287 ], [ -74.076488864053161, 4.613375965127352 ], [ -74.076491147570607, 4.613379121429467 ], [ -74.076540761523759, 4.613447680785035 ], [ -74.076559342277093, 4.613434835308096 ], [ -74.076603850206155, 4.613404060245018 ], [ -74.076556207156756, 4.613327341060288 ], [ -74.076545270168168, 4.613309729340689 ], [ -74.076520600633827, 4.613324838403539 ] ] ] } },
{ "type": "Feature", "id": 60, "properties": { "FID": 60, "LotCodigo": "006103021023", "NUMERO_FIC": "0061032123", "NOMBRE": "KR 17 22 D 39", "DIRECCION": "KR 17 22 D 39", "ACTO_ADMIN": "DEC", "NUMERO_ACT": "606", "FECHA_ACTO": 996105600000, "OBSERVACIO": " ", "OTROS": "Oficio SDP 2-2017-44846 de agosto 28 de 2017", "LOCALIZACI": "Bien Interés Cultural - Fuera de Sector Interés Cultural", "Nivel_Inte": "POT 555 - Nivel 2", "Responsabl": "IDPC - Instituto Distrital de Patrimonio Cultural", "Localidad": "14", "Categoria": "Conservación Tipológica", "AMBITO": "Distrital", "Shape_Leng": 31.899345221499999, "Shape_Area": 45.376026497399998, "FMI": "" }, "geometry": { "type": "Polygon", "coordinates": [ [ [ -74.076556207156756, 4.613327341060288 ], [ -74.076603850206155, 4.613404060245018 ], [ -74.076633481135801, 4.613383553683491 ], [ -74.076623213392111, 4.613368725779046 ], [ -74.076571825266285, 4.613294504770301 ], [ -74.076560085183829, 4.613301234633973 ], [ -74.076545270168168, 4.613309729340689 ], [ -74.076556207156756, 4.613327341060288 ] ] ] } },
{ "type": "Feature", "id": 61, "properties": { "FID": 61, "LotCodigo": "006103022016", "NUMERO_FIC": "006103-022-16", "NOMBRE": "Iglesia Nuestra Señora de Fátima", "DIRECCION": "CL 22 D 17 33", "ACTO_ADMIN": "DEC", "NUMERO_ACT": "606", "FECHA_ACTO": 996105600000, "OBSERVACIO": " ", "OTROS": "Oficio SDP 2-2017-44846 de agosto 28 de 2017", "LOCALIZACI": "Bien Interés Cultural - Fuera de Sector Interés Cultural", "Nivel_Inte": "POT 555 - Nivel 1", "Responsabl": "IDPC - Instituto Distrital de Patrimonio Cultural", "Localidad": "14", "Categoria": "Conservación Integral", "AMBITO": "Distrital", "Shape_Leng": 112.665513398, "Shape_Area": 768.88854971800004, "FMI": "" }, "geometry": { "type": "Polygon", "coordinates": [ [ [ -74.077114085202709, 4.613305946254806 ], [ -74.077226976484468, 4.613473823917554 ], [ -74.077386422955826, 4.613371653752957 ], [ -74.077409207824687, 4.613357053281083 ], [ -74.0774395951358, 4.61333762120409 ], [ -74.077475446898788, 4.613314693465669 ], [ -74.077477179748968, 4.613312682386212 ], [ -74.077483177800104, 4.613305465422344 ], [ -74.07742617789873, 4.613225965098878 ], [ -74.077401233479904, 4.613192537836904 ], [ -74.077363435067696, 4.613141888350783 ], [ -74.077310737198175, 4.613176561123673 ], [ -74.077295598789021, 4.613186475048976 ], [ -74.077261573300987, 4.613208893306026 ], [ -74.07724253710181, 4.613221436140136 ], [ -74.077215052247368, 4.613239543916294 ], [ -74.077114085202709, 4.613305946254806 ] ] ] } },
{ "type": "Feature", "id": 62, "properties": { "FID": 62, "LotCodigo": "006103024001", "NUMERO_FIC": "006103-024-01", "NOMBRE": "KR 17 21 5", "DIRECCION": "KR 17 21 5", "ACTO_ADMIN": "DEC", "NUMERO_ACT": "606", "FECHA_ACTO": 996105600000, "OBSERVACIO": " ", "OTROS": "Oficio SDP 2-2017-44846 de agosto 28 de 2017", "LOCALIZACI": "Bien Interés Cultural - Fuera de Sector Interés Cultural", "Nivel_Inte": "POT 555 - Nivel 2", "Responsabl": "IDPC - Instituto Distrital de Patrimonio Cultural", "Localidad": "14", "Categoria": "Conservación Tipológica", "AMBITO": "Distrital", "Shape_Leng": 40.248147539199998, "Shape_Area": 101.23756362100001, "FMI": "" }, "geometry": { "type": "Polygon", "coordinates": [ [ [ -74.078044296069308, 4.612170265646268 ], [ -74.078019468431464, 4.612202387453951 ], [ -74.078001222749748, 4.612225994841622 ], [ -74.078051835629466, 4.612263756810871 ], [ -74.078057619881605, 4.612268072669043 ], [ -74.078073560486317, 4.612279967245615 ], [ -74.078090117335321, 4.612258516893414 ], [ -74.078091781913528, 4.612256361650529 ], [ -74.078128166377496, 4.612209230149134 ], [ -74.078113928080228, 4.61219815665899 ], [ -74.078092567041097, 4.612181543289482 ], [ -74.078069758816028, 4.612163803498391 ], [ -74.078056975789536, 4.612153860905795 ], [ -74.078044296069308, 4.612170265646268 ] ] ] } },
{ "type": "Feature", "id": 63, "properties": { "FID": 63, "LotCodigo": "006103024002", "NUMERO_FIC": "006103-024-02", "NOMBRE": "CL 21 17 16", "DIRECCION": "CL 21 17 16", "ACTO_ADMIN": "DEC", "NUMERO_ACT": "606", "FECHA_ACTO": 996105600000, "OBSERVACIO": " ", "OTROS": "Oficio SDP 2-2017-44846 de agosto 28 de 2017", "LOCALIZACI": "Bien Interés Cultural - Fuera de Sector Interés Cultural", "Nivel_Inte": "POT 555 - Nivel 2", "Responsabl": "IDPC - Instituto Distrital de Patrimonio Cultural", "Localidad": "14", "Categoria": "Conservación Tipológica", "AMBITO": "Distrital", "Shape_Leng": 39.941983502100001, "Shape_Area": 99.704916203300002, "FMI": "" }, "geometry": { "type": "Polygon", "coordinates": [ [ [ -74.078091781913528, 4.612256361650529 ], [ -74.078090117335321, 4.612258516893414 ], [ -74.078073560486317, 4.612279967245615 ], [ -74.078095769535082, 4.612296887737157 ], [ -74.078105825276381, 4.612304548832704 ], [ -74.078123036098901, 4.612317658474888 ], [ -74.078145323301101, 4.612334638957721 ], [ -74.078147547529738, 4.612331757540642 ], [ -74.078173446857704, 4.612298184285352 ], [ -74.078177850399214, 4.612292476966079 ], [ -74.078199356067117, 4.612264599388155 ], [ -74.078177335664577, 4.612247472952438 ], [ -74.078160209283681, 4.612234152888457 ], [ -74.078128166377496, 4.612209230149134 ], [ -74.078091781913528, 4.612256361650529 ] ] ] } },
{ "type": "Feature", "id": 64, "properties": { "FID": 64, "LotCodigo": "006103024003", "NUMERO_FIC": "006103-024-03", "NOMBRE": "CL 21 17 22", "DIRECCION": "CL 21 17 22", "ACTO_ADMIN": "DEC", "NUMERO_ACT": "606", "FECHA_ACTO": 996105600000, "OBSERVACIO": " ", "OTROS": "Oficio SDP 2-2017-44846 de agosto 28 de 2017", "LOCALIZACI": "Bien Interés Cultural - Fuera de Sector Interés Cultural", "Nivel_Inte": "POT 555 - Nivel 2", "Responsabl": "IDPC - Instituto Distrital de Patrimonio Cultural", "Localidad": "14", "Categoria": "Conservación Tipológica", "AMBITO": "Distrital", "Shape_Leng": 70.3099557898, "Shape_Area": 252.38389214399999, "FMI": "" }, "geometry": { "type": "Polygon", "coordinates": [ [ [ -74.078177850399214, 4.612292476966079 ], [ -74.078173446857704, 4.612298184285352 ], [ -74.078147547529738, 4.612331757540642 ], [ -74.078145323301101, 4.612334638957721 ], [ -74.078133741322148, 4.612349613730346 ], [ -74.078116601466533, 4.612371772346055 ], [ -74.078090072419542, 4.612406071772235 ], [ -74.078082381044098, 4.612416047491295 ], [ -74.078063162486885, 4.612440771443241 ], [ -74.078062521089777, 4.612441597902996 ], [ -74.078062616311215, 4.612441674012539 ], [ -74.078097395485742, 4.612469438762359 ], [ -74.07812254561874, 4.612489514659999 ], [ -74.078128882334781, 4.612494574599182 ], [ -74.078133121484598, 4.612497958338297 ], [ -74.078134074597116, 4.612498719433377 ], [ -74.078152524196412, 4.612474233661448 ], [ -74.078174825771669, 4.612444632434053 ], [ -74.078195008221158, 4.612417845466686 ], [ -74.078237485059361, 4.61236285857805 ], [ -74.07827061582536, 4.612319970413684 ], [ -74.078199356067117, 4.612264599388155 ], [ -74.078177850399214, 4.612292476966079 ] ] ] } },
{ "type": "Feature", "id": 65, "properties": { "FID": 65, "LotCodigo": "006103024004", "NUMERO_FIC": "006103-024-04", "NOMBRE": "CL 21 17 32", "DIRECCION": "CL 21 17 32", "ACTO_ADMIN": "DEC", "NUMERO_ACT": "606", "FECHA_ACTO": 996105600000, "OBSERVACIO": " ", "OTROS": "Oficio SDP 2-2017-44846 de agosto 28 de 2017", "LOCALIZACI": "Bien Interés Cultural - Fuera de Sector Interés Cultural", "Nivel_Inte": "POT 555 - Nivel 2", "Responsabl": "IDPC - Instituto Distrital de Patrimonio Cultural", "Localidad": "14", "Categoria": "Conservación Tipológica", "AMBITO": "Distrital", "Shape_Leng": 70.580339919400004, "Shape_Area": 253.29567892200001, "FMI": "" }, "geometry": { "type": "Polygon", "coordinates": [ [ [ -74.078237485059361, 4.61236285857805 ], [ -74.078195008221158, 4.612417845466686 ], [ -74.078174825771669, 4.612444632434053 ], [ -74.078152524196412, 4.612474233661448 ], [ -74.078134074597116, 4.612498719433377 ], [ -74.078184329947376, 4.612538837201065 ], [ -74.078199360558713, 4.612550835640202 ], [ -74.078203626657981, 4.612554241764242 ], [ -74.078203859321647, 4.61255443069489 ], [ -74.078204674991909, 4.612555086131986 ], [ -74.07820562361286, 4.612555848122419 ], [ -74.078205658647164, 4.612555875879967 ], [ -74.078225534771136, 4.612527412716933 ], [ -74.07823421159847, 4.612515901378234 ], [ -74.07827390545593, 4.612463238971163 ], [ -74.078279424705016, 4.612456093631187 ], [ -74.078287152013118, 4.612446091945898 ], [ -74.078299288252595, 4.612430380256105 ], [ -74.078308674748996, 4.612418228700496 ], [ -74.07830869002035, 4.612418208106144 ], [ -74.078311968871134, 4.612413964776765 ], [ -74.078333527539641, 4.612386054969008 ], [ -74.078341806413306, 4.612375338748635 ], [ -74.07827061582536, 4.612319970413684 ], [ -74.078237485059361, 4.61236285857805 ] ] ] } },
{ "type": "Feature", "id": 66, "properties": { "FID": 66, "LotCodigo": "006103024005", "NUMERO_FIC": "006103-024-05", "NOMBRE": "CL 21 17 42", "DIRECCION": "CL 21 17 42", "ACTO_ADMIN": "DEC", "NUMERO_ACT": "606", "FECHA_ACTO": 996105600000, "OBSERVACIO": " ", "OTROS": "Oficio SDP 2-2017-44846 de agosto 28 de 2017", "LOCALIZACI": "Bien Interés Cultural - Fuera de Sector Interés Cultural", "Nivel_Inte": "POT 555 - Nivel 2", "Responsabl": "IDPC - Instituto Distrital de Patrimonio Cultural", "Localidad": "14", "Categoria": "Conservación Tipológica", "AMBITO": "Distrital", "Shape_Leng": 70.102974325299996, "Shape_Area": 247.509078966, "FMI": "" }, "geometry": { "type": "Polygon", "coordinates": [ [ [ -74.078333527539641, 4.612386054969008 ], [ -74.078311968871134, 4.612413964776765 ], [ -74.07830869002035, 4.612418208106144 ], [ -74.078308674748996, 4.612418228700496 ], [ -74.078299288252595, 4.612430380256105 ], [ -74.078287152013118, 4.612446091945898 ], [ -74.078279424705016, 4.612456093631187 ], [ -74.07827390545593, 4.612463238971163 ], [ -74.07823421159847, 4.612515901378234 ], [ -74.078225534771136, 4.612527412716933 ], [ -74.078205658647164, 4.612555875879967 ], [ -74.078271692007064, 4.612608998518787 ], [ -74.078271712668311, 4.612608971656584 ], [ -74.078289921519129, 4.612584257559985 ], [ -74.078298913655132, 4.61257303991533 ], [ -74.078301172019749, 4.612570222073045 ], [ -74.07831810975442, 4.612549090494116 ], [ -74.078339000076355, 4.612523027914081 ], [ -74.078404525888132, 4.612441274661419 ], [ -74.078412996102941, 4.612430707974728 ], [ -74.078341806413306, 4.612375338748635 ], [ -74.078333527539641, 4.612386054969008 ] ] ] } },
{ "type": "Feature", "id": 67, "properties": { "FID": 67, "LotCodigo": "004572001001", "NUMERO_FIC": " ", "NOMBRE": "Estación del Ferrocarril de Bosa", "DIRECCION": "KR 77 G 65 B  SUR", "ACTO_ADMIN": "DEC", "NUMERO_ACT": "746", "FECHA_ACTO": 830304000000, "OBSERVACIO": "Se declara Bien de Interés Cultural del ámbito Nacional mediante Decreto 746 de abril 24 de 1996 / Patrimonio Material / Inmueble / Grupo Arquitectónico /Para Zona de influencia aplica Resolución 1359 de mayo 24 de 2013", "OTROS": " ", "LOCALIZACI": "Inmueble Interés Cultural - Dentro de Sector Interés Cultural", "Nivel_Inte": "POT 555 - BIC de Ámbito Nacional", "Responsabl": "Ministerio de Cultura", "Localidad": "08", "Categoria": "Conservación Monumental", "AMBITO": "Nacional", "Shape_Leng": 22664.446172100001, "Shape_Area": 191997.085937, "FMI": "" }, "geometry": { "type": "Polygon", "coordinates": [ [ [ -74.09063951807407, 4.62397300875111 ], [ -74.090664034894814, 4.623976236637395 ], [ -74.090697433358756, 4.623980633009499 ], [ -74.090717194498382, 4.623983233226343 ], [ -74.090719440286591, 4.62398352960091 ], [ -74.090792861391392, 4.623993194456324 ], [ -74.09083040019047, 4.623998134330973 ], [ -74.090831447626115, 4.623998273116626 ], [ -74.090832154600236, 4.623998366237353 ], [ -74.090929103480633, 4.624011128251539 ], [ -74.091025375929647, 4.624023798935541 ], [ -74.091026320957326, 4.624023924290361 ], [ -74.091129893116317, 4.62403755662451 ], [ -74.091351741058887, 4.62404551307245 ], [ -74.091352518999926, 4.624045539934162 ], [ -74.09155237798096, 4.624058823065265 ], [ -74.091655909715769, 4.624065695194001 ], [ -74.091680859524473, 4.624067361517354 ], [ -74.091757887365148, 4.624065809804111 ], [ -74.091795025515623, 4.624064641318358 ], [ -74.091799820722599, 4.624064489101867 ], [ -74.091831551913387, 4.6240634898451 ], [ -74.091905164359346, 4.624059880522484 ], [ -74.091978702245129, 4.624054983627056 ], [ -74.092052145807813, 4.624048798263403 ], [ -74.092124565291087, 4.624040009996918 ], [ -74.09212461200346, 4.624040002833796 ], [ -74.092260877448908, 4.624018156178842 ], [ -74.092374596977365, 4.623993186397814 ], [ -74.092511321461913, 4.623957513106005 ], [ -74.09251136188611, 4.623957502361288 ], [ -74.092580766623286, 4.623939353670756 ], [ -74.09258082770873, 4.623939332181379 ], [ -74.092661062534958, 4.623911980656033 ], [ -74.092801577011684, 4.623864076310763 ], [ -74.092932056408387, 4.623819593253818 ], [ -74.092932101324152, 4.623819578032174 ], [ -74.092937497504067, 4.623817744269993 ], [ -74.09304280610651, 4.623781935765226 ], [ -74.093067051636041, 4.623773045420798 ], [ -74.093067096551792, 4.623773027512947 ], [ -74.093448166386892, 4.623616801337082 ], [ -74.093448218489172, 4.623616780743073 ], [ -74.093503491828614, 4.623594475634353 ], [ -74.093503542134272, 4.623594455040345 ], [ -74.093653476345082, 4.623532733879248 ], [ -74.093653518565901, 4.623532715971404 ], [ -74.093791604896424, 4.623476513106463 ], [ -74.095304540311403, 4.622860723929888 ], [ -74.095434460057703, 4.622808077512463 ], [ -74.095813786262838, 4.62265154579479 ], [ -74.095813834771874, 4.622651523409937 ], [ -74.095956659715526, 4.622586144485352 ], [ -74.095954059092776, 4.622568579556103 ], [ -74.095944249489875, 4.622554298928968 ], [ -74.095944275540987, 4.622554289975022 ], [ -74.095977462002551, 4.62254242064172 ], [ -74.095978005483289, 4.622542226341364 ], [ -74.096058362480406, 4.622513486007061 ], [ -74.096137205816248, 4.622481481962756 ], [ -74.09627016276653, 4.622427511230283 ], [ -74.096573223800647, 4.62230343923765 ], [ -74.096691006409131, 4.622255817728044 ], [ -74.096928442816818, 4.622158615577572 ], [ -74.096928488630908, 4.622158596774309 ], [ -74.096975181262735, 4.622139432661136 ], [ -74.097360981626124, 4.621982329534418 ], [ -74.097811229822952, 4.621798653758866 ], [ -74.097894878247246, 4.621764690559638 ], [ -74.098032389656012, 4.62170906329305 ], [ -74.098032430080195, 4.621709047175952 ], [ -74.098048547653022, 4.62170255108999 ], [ -74.098411912592184, 4.621554844136718 ], [ -74.09891052788052, 4.621352475988979 ], [ -74.09962319822634, 4.62106222564966 ], [ -74.099746950139888, 4.621011824749846 ], [ -74.099777620420312, 4.62103943963332 ], [ -74.099778115392041, 4.621039884644747 ], [ -74.100054847703518, 4.620928345257708 ], [ -74.100602276546084, 4.620705345225821 ], [ -74.100894832681306, 4.620586338185618 ], [ -74.101138455786355, 4.620487237566937 ], [ -74.101452213060583, 4.620361959136245 ], [ -74.101523642600398, 4.620331487017491 ], [ -74.101516278211705, 4.620320017888992 ], [ -74.101659681670398, 4.620253216860222 ], [ -74.101656626500116, 4.620246812091319 ], [ -74.101656680399032, 4.620246792392599 ], [ -74.101685005178254, 4.620236238357662 ], [ -74.101693470901481, 4.620246453037439 ], [ -74.101754100894951, 4.620225305569964 ], [ -74.101760947854061, 4.620235069865621 ], [ -74.101760987379933, 4.620235051957696 ], [ -74.102047513124646, 4.620116426277354 ], [ -74.10206579204403, 4.620105168458941 ], [ -74.102078189693273, 4.620097534309483 ], [ -74.102198352837249, 4.620054982386252 ], [ -74.102939298554958, 4.619733087296803 ], [ -74.103677178322599, 4.619445148210086 ], [ -74.104037322801474, 4.619308140785163 ], [ -74.104595134372076, 4.619081461950141 ], [ -74.104973290970719, 4.618927790205723 ], [ -74.105005779441285, 4.618914807832128 ], [ -74.105067331106241, 4.618890213938426 ], [ -74.105769117464064, 4.618603518217659 ], [ -74.105769126447214, 4.618603589849489 ], [ -74.105780214352762, 4.618599078833066 ], [ -74.105780432643385, 4.618598990188633 ], [ -74.10578057457721, 4.618598931987728 ], [ -74.105780650933994, 4.618598901544193 ], [ -74.105781106379865, 4.618598716196749 ], [ -74.105781317483931, 4.618598630238504 ], [ -74.105872894438946, 4.61856136823859 ], [ -74.105903438056913, 4.618548941005272 ], [ -74.105903920452235, 4.618548744913039 ], [ -74.106005377078731, 4.618507458094797 ], [ -74.106098747969369, 4.618467632564386 ], [ -74.106124807197446, 4.618456519774328 ], [ -74.107087598162778, 4.618066417843753 ], [ -74.108302701636902, 4.617571767957822 ], [ -74.109778051540403, 4.616970745071974 ], [ -74.111370095294248, 4.616321622520037 ], [ -74.112150769005382, 4.616003752357145 ], [ -74.11281165327172, 4.615734657280315 ], [ -74.113502864662024, 4.615453401643784 ], [ -74.114055368087634, 4.61522843269133 ], [ -74.114228669275619, 4.615158167765769 ], [ -74.114530981114797, 4.61503419657736 ], [ -74.114573040236408, 4.615016948433647 ], [ -74.114698904987506, 4.614965334728854 ], [ -74.114714761150566, 4.614958832313303 ], [ -74.115028079148644, 4.614834141186042 ], [ -74.115248028052676, 4.614748768980084 ], [ -74.115950719014009, 4.614476758889155 ], [ -74.1167295853148, 4.614177820319224 ], [ -74.117568561484518, 4.613856184021373 ], [ -74.118048226811936, 4.613675254138084 ], [ -74.118230662968045, 4.613601496085535 ], [ -74.118542820342768, 4.613482427861565 ], [ -74.119063747087807, 4.613282429338899 ], [ -74.119188020024225, 4.613234959442516 ], [ -74.119285339908828, 4.613197746408245 ], [ -74.11960353575887, 4.613075941758197 ], [ -74.120306242889896, 4.612806535761202 ], [ -74.120975138331914, 4.612548010634601 ], [ -74.121588716417065, 4.612311644926876 ], [ -74.121649736279366, 4.61228813872293 ], [ -74.122154256194065, 4.61209458589515 ], [ -74.122962316843271, 4.611784585361405 ], [ -74.122962365352294, 4.611784567453264 ], [ -74.123404136147769, 4.61161530598729 ], [ -74.124866347291942, 4.611055083583216 ], [ -74.124866374241392, 4.611055075524554 ], [ -74.125174062497564, 4.610936934516288 ], [ -74.125439850633938, 4.61083486785408 ], [ -74.125689538265476, 4.610738859509026 ], [ -74.126288705576812, 4.610508447665683 ], [ -74.127465250664002, 4.610057578017148 ], [ -74.128128545110229, 4.609802956770347 ], [ -74.128365679683995, 4.609711917808476 ], [ -74.128458122614944, 4.609674039300348 ], [ -74.128458375939843, 4.609674566696555 ], [ -74.128458400194347, 4.609674615048686 ], [ -74.128751731575662, 4.609562136381631 ], [ -74.128770777656314, 4.609554671351233 ], [ -74.128825286529448, 4.609533309562274 ], [ -74.128825340428349, 4.609533288072438 ], [ -74.128825109561333, 4.609534091254967 ], [ -74.128841988905506, 4.609527646095887 ], [ -74.128949004307003, 4.609486773327741 ], [ -74.129021615131407, 4.609459043382336 ], [ -74.129078732712117, 4.609437229408573 ], [ -74.129156946328962, 4.609407250191638 ], [ -74.129653335592039, 4.60921486240295 ], [ -74.129745685098186, 4.609182013387154 ], [ -74.129830824725857, 4.609148920818263 ], [ -74.129857719387175, 4.609124838760908 ], [ -74.129865256252401, 4.609118090054074 ], [ -74.129872515538196, 4.609111592062024 ], [ -74.129896275079147, 4.609097336235581 ], [ -74.129920447845137, 4.609083118016038 ], [ -74.129960585470343, 4.609069563295282 ], [ -74.129971885378296, 4.609066215356219 ], [ -74.130021000766476, 4.609053685879885 ], [ -74.130130221531971, 4.609028122810604 ], [ -74.130240736769792, 4.608982678943685 ], [ -74.130636472500214, 4.608817432726771 ], [ -74.130914770575245, 4.608701145742157 ], [ -74.13099398132205, 4.608668044196766 ], [ -74.131008482825678, 4.608661985847342 ], [ -74.131288743719594, 4.608544876850037 ], [ -74.131800517530223, 4.608331306980507 ], [ -74.133713255348937, 4.607535986176027 ], [ -74.134702841262552, 4.60712430417223 ], [ -74.134702896059778, 4.6071242808915 ], [ -74.135305499427105, 4.606873570653612 ], [ -74.135305545241167, 4.606873551849921 ], [ -74.135387574901344, 4.606839438402656 ], [ -74.13538962934841, 4.60683858507397 ], [ -74.135391535573419, 4.606837792633371 ], [ -74.135393600800271, 4.606836933932223 ], [ -74.135395373176323, 4.606836197007246 ], [ -74.135659491344583, 4.606726361150962 ], [ -74.135659516497427, 4.606726349510577 ], [ -74.13565595018575, 4.606714002657325 ], [ -74.135655934914382, 4.606713948932556 ], [ -74.13581737115409, 4.606647306902649 ], [ -74.135902049047715, 4.606612350860507 ], [ -74.135907773112706, 4.606626090083314 ], [ -74.136597948745504, 4.606335455858881 ], [ -74.136600805388099, 4.606334267644866 ], [ -74.136601190765361, 4.606334108261211 ], [ -74.13660150427738, 4.606333978426224 ], [ -74.136601676753926, 4.60633390589772 ], [ -74.136601805213019, 4.606333853068324 ], [ -74.136602046859821, 4.606333753677387 ], [ -74.13669510064517, 4.606295070012282 ], [ -74.136695182391847, 4.606295035986552 ], [ -74.136694474519402, 4.606293495874866 ], [ -74.136694430501962, 4.606293401856435 ], [ -74.137319536667135, 4.606033596604508 ], [ -74.137940350681902, 4.60577511557564 ], [ -74.137989264847434, 4.605754750269443 ], [ -74.138011570015934, 4.605745463030599 ], [ -74.138017627355893, 4.605742940648024 ], [ -74.138070262343334, 4.605721025378382 ], [ -74.138070243478722, 4.605720983293914 ], [ -74.138063470181478, 4.605706137321293 ], [ -74.138053288676048, 4.605683816427731 ], [ -74.138081323299431, 4.605670014507718 ], [ -74.138136212159921, 4.605648846011597 ], [ -74.13818790571294, 4.6056289096054 ], [ -74.138279742281071, 4.60558470029803 ], [ -74.13832743114456, 4.605564977894112 ], [ -74.138373597363639, 4.605545886757056 ], [ -74.138446433665194, 4.605515764109677 ], [ -74.138527448229098, 4.605485873373474 ], [ -74.138527645858446, 4.605485801740288 ], [ -74.13852803303233, 4.605485658473937 ], [ -74.138528129152078, 4.605485623552764 ], [ -74.138528199220673, 4.605485597585719 ], [ -74.138528381578681, 4.605485530429601 ], [ -74.138528593581071, 4.60548545163311 ], [ -74.138528667242937, 4.605485425666073 ], [ -74.138528778634026, 4.605485383581564 ], [ -74.138544248521526, 4.60547967441681 ], [ -74.138600102172646, 4.605452828984949 ], [ -74.138889474678493, 4.605329199942549 ], [ -74.138889530374044, 4.605329176661728 ], [ -74.139017233078178, 4.605275175076674 ], [ -74.139198238218043, 4.605199980801807 ], [ -74.139419576815854, 4.605108921551359 ], [ -74.139530632839481, 4.605062993014242 ], [ -74.139604099758358, 4.605032428906646 ], [ -74.139665151061692, 4.605006323071041 ], [ -74.139760697671946, 4.604965468846719 ], [ -74.139760757859079, 4.604965443775058 ], [ -74.139869560009657, 4.604906989260984 ], [ -74.140225836342907, 4.604760101700923 ], [ -74.140225866885643, 4.604760089165125 ], [ -74.14046855394615, 4.604658789882858 ], [ -74.140802852995989, 4.604518299123646 ], [ -74.141048924010207, 4.604415890386345 ], [ -74.141227348290244, 4.604341634416889 ], [ -74.141690187274079, 4.604148866496467 ], [ -74.141724769717584, 4.604134503120526 ], [ -74.141908793196777, 4.604058074841011 ], [ -74.141909103115566, 4.604057662053987 ], [ -74.142063009676562, 4.603993686326092 ], [ -74.142063069863681, 4.603993662149827 ], [ -74.142288797629959, 4.603899758901235 ], [ -74.142495749708473, 4.603813542794429 ], [ -74.14289065539559, 4.603646297700806 ], [ -74.143110368042713, 4.603553245948143 ], [ -74.143347852959437, 4.603452668200489 ], [ -74.143347812535239, 4.603452768487232 ], [ -74.143392182123776, 4.603431253398604 ], [ -74.143396632377687, 4.603474372221508 ], [ -74.143396636869255, 4.60347440893362 ], [ -74.143397491167093, 4.603482679008029 ], [ -74.143482161874189, 4.603449003257236 ], [ -74.14359051935871, 4.603405905027414 ], [ -74.143617741905089, 4.603395078535335 ], [ -74.143619409178257, 4.603394176849986 ], [ -74.143651107131376, 4.603377060945547 ], [ -74.14371136342568, 4.60334452326538 ], [ -74.143727550168791, 4.60333578130436 ], [ -74.14375910528976, 4.603323270530862 ], [ -74.143906841323087, 4.603264695895875 ], [ -74.143964652403184, 4.603241774100496 ], [ -74.143977997775053, 4.603236308471272 ], [ -74.144003018550649, 4.603226059521034 ], [ -74.144015815051887, 4.60322081864153 ], [ -74.144027876731201, 4.60321587772693 ], [ -74.144048069960476, 4.603207606753991 ], [ -74.14413148931439, 4.603173438510402 ], [ -74.144214817938462, 4.603139271160615 ], [ -74.144298235495754, 4.603105102913784 ], [ -74.144317418120323, 4.603097245622574 ], [ -74.144381653951356, 4.60307093376987 ], [ -74.144465072406931, 4.603036675977973 ], [ -74.144515161568876, 4.603014360373145 ], [ -74.144516626721085, 4.60301370671808 ], [ -74.14453151989018, 4.603007824717809 ], [ -74.144555472568925, 4.60299836373201 ], [ -74.144564435060516, 4.602994824144925 ], [ -74.144566526338494, 4.60299394753078 ], [ -74.1445665029823, 4.602993889328617 ], [ -74.14464956121347, 4.602958908035271 ], [ -74.144732617648017, 4.602924016281973 ], [ -74.1447879709375, 4.602900703177943 ], [ -74.144815681269066, 4.60288904393938 ], [ -74.144857205893075, 4.602871589554751 ], [ -74.144898735008667, 4.602854051895854 ], [ -74.144939205908841, 4.602837069395717 ], [ -74.144981883071367, 4.602819160137456 ], [ -74.145064940404225, 4.602784178835518 ], [ -74.145094141040857, 4.602771880266418 ], [ -74.145110626024618, 4.602764938984403 ], [ -74.14514799863538, 4.602749196636418 ], [ -74.145243576686667, 4.602708968179851 ], [ -74.14528501776735, 4.602691527222113 ], [ -74.145286660786013, 4.602690835063743 ], [ -74.14529198869397, 4.602688592936281 ], [ -74.145293394557385, 4.60268800196018 ], [ -74.145389730786761, 4.602647520096756 ], [ -74.145439452537744, 4.602626447320498 ], [ -74.145456113591308, 4.60261938694639 ], [ -74.145493412540219, 4.602603578334268 ], [ -74.145518366840491, 4.602593003442546 ], [ -74.145555666687727, 4.60257719482984 ], [ -74.14560132805363, 4.602557913783865 ], [ -74.1456387240206, 4.602542122183303 ], [ -74.145721692420224, 4.602506959993216 ], [ -74.145804659023241, 4.602471796905934 ], [ -74.145859712275424, 4.602448550943484 ], [ -74.145887717254411, 4.60243672514964 ], [ -74.145908464744224, 4.602427932138567 ], [ -74.14591843514556, 4.602423705762548 ], [ -74.14597069553551, 4.602401554895575 ], [ -74.146007460885144, 4.602385991623297 ], [ -74.146031772889998, 4.602375698785248 ], [ -74.146050888140934, 4.602367605990881 ], [ -74.146050938446592, 4.602367584500845 ], [ -74.146053695376196, 4.602366418665677 ], [ -74.146091041935804, 4.602350592139518 ], [ -74.146104358561573, 4.602344950105971 ], [ -74.146135066571262, 4.602331934298864 ], [ -74.146136710488236, 4.602331236767639 ], [ -74.146188163292749, 4.602309488836258 ], [ -74.146219677989549, 4.602296165004431 ], [ -74.146219825313267, 4.602296103220555 ], [ -74.146219871127357, 4.602296083521342 ], [ -74.146302736220719, 4.602261002802174 ], [ -74.146342335755094, 4.602244242351812 ], [ -74.146344174606455, 4.602243466023658 ], [ -74.146361659415149, 4.602236063595716 ], [ -74.146427231939327, 4.602208302923365 ], [ -74.146488578788393, 4.602182270408512 ], [ -74.146495962041712, 4.602178963626314 ], [ -74.146498595902131, 4.602177783464117 ], [ -74.146499509488763, 4.602177375153049 ], [ -74.146499537336538, 4.602177362617182 ], [ -74.146558998621828, 4.602150733752167 ], [ -74.146651456824145, 4.602109329576551 ], [ -74.14666136075013, 4.602104893670565 ], [ -74.146658312766391, 4.602118109160277 ], [ -74.146656950022091, 4.60212401265797 ], [ -74.146659618018489, 4.602126694437951 ], [ -74.146661852128602, 4.602126618327315 ], [ -74.146683399118999, 4.602125882292891 ], [ -74.146683954277862, 4.602125733653325 ], [ -74.146694289395199, 4.602122982926059 ], [ -74.146696125551642, 4.602122493131857 ], [ -74.146721341261653, 4.602115781070753 ], [ -74.146741367404303, 4.602110449745788 ], [ -74.146787247060786, 4.602091368365634 ], [ -74.146883667731814, 4.602051287616049 ], [ -74.146884502266715, 4.602050941088856 ], [ -74.146918141479162, 4.602037126562504 ], [ -74.147023301859591, 4.601993300271377 ], [ -74.147361046846854, 4.601852540360071 ], [ -74.147372800404014, 4.601847640625264 ], [ -74.147372878557448, 4.601847608390158 ], [ -74.148866958334636, 4.601224929005443 ], [ -74.149348239731253, 4.601025364895343 ], [ -74.149348272968894, 4.601025351464056 ], [ -74.149924400289862, 4.600785791542167 ], [ -74.150589671928017, 4.600508409850413 ], [ -74.15076591509856, 4.600435354233027 ], [ -74.150812517898885, 4.600416037312212 ], [ -74.151594588490283, 4.600090544476156 ], [ -74.151606577406056, 4.600085555187065 ], [ -74.151608112626889, 4.600084915856059 ], [ -74.152180313411733, 4.599846699645997 ], [ -74.153164349533512, 4.59943687746304 ], [ -74.154162537714285, 4.599021012730336 ], [ -74.156501610576953, 4.598047732109201 ], [ -74.15705081089726, 4.597819212664616 ], [ -74.157519217639219, 4.597622006148871 ], [ -74.158586438654638, 4.597169957118337 ], [ -74.159077505399665, 4.596964360285861 ], [ -74.159081417562717, 4.596973870600221 ], [ -74.159342637765874, 4.596865625288923 ], [ -74.16017449029539, 4.596512904505582 ], [ -74.160241907959147, 4.596490528702804 ], [ -74.16028320800433, 4.596476820624344 ], [ -74.160727494082593, 4.596329363624856 ], [ -74.160956589632889, 4.596253326704439 ], [ -74.16097673974302, 4.596246834862924 ], [ -74.161064374890572, 4.596220922117324 ], [ -74.16108206900671, 4.59621564895094 ], [ -74.161119315853327, 4.596205534213603 ], [ -74.161122221903284, 4.596204808022714 ], [ -74.161201029306525, 4.596187031120772 ], [ -74.16159822030771, 4.596097424890472 ], [ -74.16161024964768, 4.596094710852418 ], [ -74.161610816484625, 4.596094584597252 ], [ -74.162005440999053, 4.596038497758465 ], [ -74.16203670147263, 4.596034055546725 ], [ -74.162385136411771, 4.59601118008078 ], [ -74.162460642506332, 4.596007430033691 ], [ -74.162505142350568, 4.596005219225129 ], [ -74.162777874464098, 4.59600493268859 ], [ -74.163348123209829, 4.596026812440199 ], [ -74.163440767363383, 4.596030360120771 ], [ -74.164332083873148, 4.596064523334451 ], [ -74.164507263438352, 4.596071238138893 ], [ -74.165189539286544, 4.596097394445954 ], [ -74.165274699575491, 4.596100649321681 ], [ -74.165372522516662, 4.596101965598782 ], [ -74.165449674324833, 4.596103004293602 ], [ -74.165843958377764, 4.596105617148452 ], [ -74.166031014569384, 4.59611275638467 ], [ -74.166227282085913, 4.596120248418893 ], [ -74.16727818250925, 4.596164868419258 ], [ -74.167284434783625, 4.596165133465518 ], [ -74.167532299733452, 4.596198498847773 ], [ -74.167666704767953, 4.596200304027565 ], [ -74.167919208617903, 4.596209880613666 ], [ -74.168150849095369, 4.596218669224344 ], [ -74.168150886824606, 4.596218671015209 ], [ -74.168297249333875, 4.596224224450061 ], [ -74.168369263676922, 4.596226957291562 ], [ -74.168747343020456, 4.596241295755078 ], [ -74.168965096441951, 4.596249554272946 ], [ -74.168968416615243, 4.59624968052808 ], [ -74.16923440058433, 4.596259769297411 ], [ -74.169291086973715, 4.596261918320799 ], [ -74.16939891175727, 4.596271673095908 ], [ -74.169496304405442, 4.596313365938164 ], [ -74.169622376667348, 4.596327005967394 ], [ -74.170002260726278, 4.59636810782505 ], [ -74.170002218505459, 4.596368187518004 ], [ -74.169993247030717, 4.596384925720981 ], [ -74.169993309014458, 4.596384931988964 ], [ -74.17005242893994, 4.596391071031293 ], [ -74.170052457686026, 4.596391034318821 ], [ -74.170085108751664, 4.596394484396108 ], [ -74.170164788419044, 4.596402904088918 ], [ -74.170352892944607, 4.596422088595457 ], [ -74.170353850548707, 4.596422184406085 ], [ -74.170353935888642, 4.596422193360326 ], [ -74.170385613180514, 4.59642540973124 ], [ -74.170385645519872, 4.596425092750371 ], [ -74.170386387528282, 4.59641773324244 ], [ -74.170387410709395, 4.596407586272607 ], [ -74.170909518739052, 4.596461147980607 ], [ -74.171015948438964, 4.596472066806977 ], [ -74.171016509886016, 4.596472125009705 ], [ -74.171871187708589, 4.596561332728318 ], [ -74.171873402055766, 4.596561563748198 ], [ -74.171873853908338, 4.596561610310379 ], [ -74.171877689714606, 4.596562010565811 ], [ -74.172165576406968, 4.596592061062489 ], [ -74.172178280381715, 4.596606220433438 ], [ -74.172248613976876, 4.596613255795234 ], [ -74.172300598584073, 4.59661845553378 ], [ -74.172301469051561, 4.596618541494657 ], [ -74.172303345632201, 4.596618730429526 ], [ -74.172365468625671, 4.596624943790183 ], [ -74.172958686394907, 4.596684279187857 ], [ -74.172958778023073, 4.596684201285838 ], [ -74.172958810362417, 4.596684173527617 ], [ -74.172959436488156, 4.596684237102871 ], [ -74.17301479516756, 4.596689830828242 ], [ -74.17301521827406, 4.596689872913259 ], [ -74.173073958212157, 4.596695810482104 ], [ -74.174542072186057, 4.596842656725445 ], [ -74.174997462339547, 4.596888205236968 ], [ -74.175360599106639, 4.596924527280596 ], [ -74.175550543381874, 4.596943525524606 ], [ -74.176443188499931, 4.597015890231644 ], [ -74.176444880027603, 4.597016028127152 ], [ -74.176446153838697, 4.597016131101089 ], [ -74.176448584679861, 4.597016328094699 ], [ -74.177332825160107, 4.597088009584789 ], [ -74.177348065977213, 4.597089118121367 ], [ -74.177402734750444, 4.597093080378612 ], [ -74.177598779484782, 4.597107291674272 ], [ -74.17821934107296, 4.597167310241247 ], [ -74.178301993265606, 4.597174134277148 ], [ -74.178585912099365, 4.597197578300764 ], [ -74.178827757438469, 4.597206517330723 ], [ -74.178946980944673, 4.597210922822739 ], [ -74.179575986696506, 4.597229472451114 ], [ -74.179575153059901, 4.597211687515876 ], [ -74.179626682221254, 4.597211315018979 ], [ -74.179627034360848, 4.597211312332733 ], [ -74.179630789318722, 4.597211284574541 ], [ -74.179630815369862, 4.597211284574541 ], [ -74.17963959550346, 4.597211220999333 ], [ -74.179636434331968, 4.597173618512207 ], [ -74.179636427145439, 4.597173534342256 ], [ -74.17963589085123, 4.597167162496094 ], [ -74.179962361083355, 4.597164486069969 ], [ -74.18033839765792, 4.597161401329925 ], [ -74.180342833538802, 4.59716136640836 ], [ -74.180344846663331, 4.597161350290703 ], [ -74.180345106276476, 4.597167525143317 ], [ -74.18034723258873, 4.597218099655753 ], [ -74.180347239775244, 4.597218243819206 ], [ -74.180347502981633, 4.597224538658332 ], [ -74.18035245988537, 4.597342442865052 ], [ -74.180358378884776, 4.597341998734239 ], [ -74.180585072339994, 4.59732498118111 ], [ -74.180585174747932, 4.597324974017701 ], [ -74.180584864829157, 4.597314645289505 ], [ -74.180582540887514, 4.597237216088046 ], [ -74.180582351343006, 4.59723091319023 ], [ -74.180582134849018, 4.597223713076307 ], [ -74.180581728810495, 4.59721016797929 ], [ -74.180584475858637, 4.597210036351784 ], [ -74.180584672589674, 4.597210027397544 ], [ -74.180621515194446, 4.597208272364127 ], [ -74.181150065042999, 4.597183092111324 ], [ -74.181265547066033, 4.597178649011259 ], [ -74.181529001379289, 4.597165539985535 ], [ -74.181719566390399, 4.597156061013608 ], [ -74.181790701282793, 4.597202899812851 ], [ -74.182302402329896, 4.597086165903958 ], [ -74.182471573962516, 4.597022542347303 ], [ -74.182471555996216, 4.597022475190381 ], [ -74.182466902723036, 4.597003228020208 ], [ -74.182672896299152, 4.596940364672442 ], [ -74.182894864615974, 4.596871145587984 ], [ -74.182976799054728, 4.596851456968877 ], [ -74.182979370931378, 4.596859831885017 ], [ -74.182979432915118, 4.5968598139765 ], [ -74.18311329087561, 4.596820177959061 ], [ -74.183116114280551, 4.596828788372503 ], [ -74.183174676352237, 4.596807624986091 ], [ -74.183204230925099, 4.596796944348078 ], [ -74.183389361128732, 4.596730043507126 ], [ -74.183389393468076, 4.596730033657451 ], [ -74.183647991488925, 4.596646054351913 ], [ -74.183738955792919, 4.596616514250314 ], [ -74.184192890675646, 4.596469102051072 ], [ -74.184414623633856, 4.596397096354415 ], [ -74.184596142610062, 4.59632601920759 ], [ -74.184563792480049, 4.596319082339862 ], [ -74.184344075341329, 4.596269565262195 ], [ -74.18433118182206, 4.596266715120012 ], [ -74.184046715015981, 4.596372322596471 ], [ -74.183404373773755, 4.596610783524175 ], [ -74.183333457171969, 4.596636139300673 ], [ -74.183190069882954, 4.596682337904575 ], [ -74.183032700316531, 4.596733005575718 ], [ -74.182787550973813, 4.596798525669938 ], [ -74.182539617752028, 4.596853981173799 ], [ -74.182245847094549, 4.596906615187336 ], [ -74.182018045118284, 4.596936363911087 ], [ -74.181857844062094, 4.596950804438808 ], [ -74.181700834720104, 4.596975980222682 ], [ -74.181608970304197, 4.596980552265293 ], [ -74.181557328853458, 4.596995266792317 ], [ -74.181471025907484, 4.597006183819684 ], [ -74.18078100837819, 4.597016369284273 ], [ -74.180579792042764, 4.59701880752778 ], [ -74.179643458259179, 4.597030148090998 ], [ -74.17961736938669, 4.597051679490652 ], [ -74.179606998336737, 4.5970602397575 ], [ -74.179584116449817, 4.597096282419672 ], [ -74.178995791803956, 4.597065385767234 ], [ -74.178534388327918, 4.597050028326199 ], [ -74.178242110670453, 4.597024952832595 ], [ -74.178101441683481, 4.597020512417837 ], [ -74.177661827743009, 4.596996318917276 ], [ -74.177334842776219, 4.596974086397752 ], [ -74.176479376232848, 4.596910781602579 ], [ -74.176161797525396, 4.596874993231934 ], [ -74.176145246964595, 4.596872562151353 ], [ -74.173066433923339, 4.596563110148976 ], [ -74.172269285109891, 4.596464158403308 ], [ -74.172076629719101, 4.596435139432217 ], [ -74.172039195124583, 4.596429501828913 ], [ -74.172008089161238, 4.596424816063656 ], [ -74.171430220905279, 4.596363414000549 ], [ -74.17140604005445, 4.596360845022585 ], [ -74.1713854353968, 4.596358655705338 ], [ -74.17136483523069, 4.596356466388089 ], [ -74.171342438434024, 4.596354087240435 ], [ -74.17132273568491, 4.596351993733774 ], [ -74.171302131027232, 4.596349804416493 ], [ -74.171281531759462, 4.596347615994655 ], [ -74.171260032379749, 4.596345331762181 ], [ -74.171239432213667, 4.596343142444874 ], [ -74.171197324583034, 4.596338667999663 ], [ -74.171162181590802, 4.596334933176549 ], [ -74.171122117627462, 4.596330677215287 ], [ -74.170828172696801, 4.596306180141771 ], [ -74.170332158929526, 4.596256546657814 ], [ -74.170337228122676, 4.596238836018677 ], [ -74.170259247169483, 4.596230979547143 ], [ -74.170248335333739, 4.596251528688188 ], [ -74.17016267737813, 4.596245767514642 ], [ -74.169551241774954, 4.596180162304093 ], [ -74.1693682567482, 4.59616149266128 ], [ -74.169345068535776, 4.596159090231919 ], [ -74.16932720823128, 4.596193127184309 ], [ -74.168364217839979, 4.596113420791163 ], [ -74.167920376427759, 4.596079982875378 ], [ -74.167688294877479, 4.5960624674349 ], [ -74.16769552362058, 4.596005916762538 ], [ -74.167654151710167, 4.596003047815321 ], [ -74.167648213846135, 4.59606318198535 ], [ -74.167553535008452, 4.596053053814453 ], [ -74.16703361347821, 4.595997437966856 ], [ -74.165933446749733, 4.595953232538605 ], [ -74.165697974957567, 4.595952259209676 ], [ -74.165427643142493, 4.595958949838583 ], [ -74.165378214242295, 4.595962133976248 ], [ -74.165191215542862, 4.595951780156337 ], [ -74.16450730386255, 4.595913913451823 ], [ -74.164332140466996, 4.5959042150837 ], [ -74.163440481699126, 4.595854845722652 ], [ -74.163175793100663, 4.595840188479396 ], [ -74.162952919282034, 4.595853628837457 ], [ -74.162541251031726, 4.595885105779066 ], [ -74.162402046298681, 4.595895750613658 ], [ -74.162360533352768, 4.595898924006431 ], [ -74.162067943081567, 4.595924690809171 ], [ -74.161533750914714, 4.5959717025067 ], [ -74.161204456379338, 4.596000956098489 ], [ -74.161080711652318, 4.596028872817044 ], [ -74.161008267016229, 4.596046965808545 ], [ -74.161019760960286, 4.596089596175603 ], [ -74.161023678513246, 4.596104125367734 ], [ -74.160232576259972, 4.596342202247251 ], [ -74.16023247385202, 4.596342236273473 ], [ -74.160232292392337, 4.596342293580755 ], [ -74.160232003134809, 4.596342385809672 ], [ -74.160231603384517, 4.596342515646471 ], [ -74.16006345583132, 4.596370022246392 ], [ -74.159274002884914, 4.596718792481741 ], [ -74.159046517115613, 4.596819294173896 ], [ -74.158588989870054, 4.597007711415527 ], [ -74.158425706694118, 4.597074409864252 ], [ -74.158340100840803, 4.597109377119859 ], [ -74.158148684226802, 4.597183814719519 ], [ -74.158148405749074, 4.597183922170538 ], [ -74.158093452209883, 4.597205290598151 ], [ -74.157961792426889, 4.597259019690718 ], [ -74.157915097998412, 4.597278074337592 ], [ -74.157909106235479, 4.597280430201066 ], [ -74.157908266310699, 4.597280760612954 ], [ -74.157898892390691, 4.597284445287302 ], [ -74.157781464616761, 4.597330608927606 ], [ -74.157728771238823, 4.597351322795154 ], [ -74.157706315153348, 4.597360150790485 ], [ -74.157613021517832, 4.597396825607477 ], [ -74.157437719781711, 4.597474431190316 ], [ -74.157419721136677, 4.597482397785389 ], [ -74.156837325371669, 4.597740214734188 ], [ -74.156633245207118, 4.597822258003163 ], [ -74.156402880337339, 4.597914868165164 ], [ -74.156341345740373, 4.597939605157078 ], [ -74.156341143619429, 4.597939686640664 ], [ -74.156266032783591, 4.597969882137989 ], [ -74.156258305475518, 4.597972989260134 ], [ -74.15621747435091, 4.597985983656738 ], [ -74.156216919192076, 4.597986221839587 ], [ -74.156216781749819, 4.597986273774213 ], [ -74.156125839005398, 4.598023151820255 ], [ -74.155992925174274, 4.598077038445794 ], [ -74.155398736326234, 4.598319207648411 ], [ -74.155364893196221, 4.598329375185761 ], [ -74.15536159997238, 4.598330363733625 ], [ -74.155321292565603, 4.59834737589022 ], [ -74.15466767028002, 4.598617237762187 ], [ -74.154667634347419, 4.598617252088983 ], [ -74.15411522883818, 4.598845324461384 ], [ -74.154113435800866, 4.598846069453455 ], [ -74.1541131851709, 4.598846174217979 ], [ -74.154113148339988, 4.59884618944016 ], [ -74.152646229125409, 4.599456702114907 ], [ -74.152303358351134, 4.599599638375818 ], [ -74.152110980539774, 4.599679836861059 ], [ -74.152012799170805, 4.599720766604284 ], [ -74.150743610828371, 4.600248991994733 ], [ -74.149855256064114, 4.600618845703118 ], [ -74.149003483393187, 4.60097361496619 ], [ -74.148911672876196, 4.60101166496294 ], [ -74.148767095319428, 4.601071593658872 ], [ -74.148784100427775, 4.601113200259821 ], [ -74.147930976690645, 4.601455777239703 ], [ -74.14789959584283, 4.601432670034169 ], [ -74.1478816394186, 4.601440144104025 ], [ -74.146736596451802, 4.601916724913146 ], [ -74.14666730490238, 4.601945549354959 ], [ -74.146516067236078, 4.602008649547032 ], [ -74.146273861672555, 4.602109704757142 ], [ -74.14586791209733, 4.602278314830175 ], [ -74.145660493793187, 4.602364386065148 ], [ -74.145207558735351, 4.602553106282015 ], [ -74.145007027814486, 4.602637135034442 ], [ -74.144414512527803, 4.602882885253878 ], [ -74.143963154911617, 4.60307127761032 ], [ -74.143642346760728, 4.603204636653571 ], [ -74.143577689619818, 4.603231582457028 ], [ -74.143406952223685, 4.603302739502211 ], [ -74.143384178134568, 4.603360512735394 ], [ -74.143290776701235, 4.603401582847512 ], [ -74.142618615883151, 4.60369713590109 ], [ -74.142617751703838, 4.603697515557912 ], [ -74.142491093740347, 4.603751099998452 ], [ -74.142412461508599, 4.603784241171024 ], [ -74.142345564867711, 4.603812435163711 ], [ -74.142175197577444, 4.603884312065915 ], [ -74.142019753100683, 4.603949204710385 ], [ -74.141959774385782, 4.603974234293915 ], [ -74.141919672693192, 4.6039925384019 ], [ -74.141888617035505, 4.604006711952389 ], [ -74.141883095091444, 4.60400674329196 ], [ -74.141798374078689, 4.604041926002528 ], [ -74.141798342637657, 4.604041938538353 ], [ -74.141686792540625, 4.604088356038835 ], [ -74.141600474323283, 4.604124310594415 ], [ -74.141599761060931, 4.60412460787273 ], [ -74.141569123119865, 4.604137369348719 ], [ -74.141569082695682, 4.604137386361669 ], [ -74.141352459354792, 4.604227492117988 ], [ -74.141111672231105, 4.604327915744565 ], [ -74.141111623722082, 4.604327934548308 ], [ -74.14092159320856, 4.60440691652567 ], [ -74.140795029568181, 4.604459411191408 ], [ -74.140736999299151, 4.604483480870938 ], [ -74.140557857265193, 4.604557998287062 ], [ -74.140378313684295, 4.604632689406071 ], [ -74.14028352704878, 4.604672367073116 ], [ -74.140228030927162, 4.604695598636295 ], [ -74.140221328596823, 4.604698404869383 ], [ -74.140194068321208, 4.604709815152694 ], [ -74.140179360205053, 4.60467891345819 ], [ -74.140103893636351, 4.604718672605495 ], [ -74.139979755447243, 4.604775980107576 ], [ -74.139976136134976, 4.604768892892332 ], [ -74.13997610559224, 4.604768847226139 ], [ -74.139976084930979, 4.60476880066453 ], [ -74.13997606247311, 4.604768763057071 ], [ -74.139965378809435, 4.604773540099841 ], [ -74.139963424973686, 4.604774405966795 ], [ -74.139957563466467, 4.604777029534793 ], [ -74.139879672344804, 4.604811864785999 ], [ -74.139877704136012, 4.604811984771688 ], [ -74.139877585558395, 4.604811991935003 ], [ -74.139876699819524, 4.604812044764524 ], [ -74.139867783142023, 4.60481258380475 ], [ -74.139864392001826, 4.604810351533541 ], [ -74.139864365950672, 4.604810333625232 ], [ -74.139858270881476, 4.604806319476869 ], [ -74.139849196100471, 4.60479360546987 ], [ -74.13984616159145, 4.604789356722494 ], [ -74.139846131947053, 4.604789291357139 ], [ -74.139845262377847, 4.604787409193385 ], [ -74.139844872509016, 4.604786588992638 ], [ -74.13984166911672, 4.604787921371149 ], [ -74.139823615674445, 4.604795433013236 ], [ -74.139816531560129, 4.604803107620902 ], [ -74.139813440457218, 4.604806455580045 ], [ -74.139813441355543, 4.604806526317884 ], [ -74.139813599459032, 4.604816698239645 ], [ -74.139813636289972, 4.604816769872905 ], [ -74.139813761155793, 4.604817010739692 ], [ -74.139825778817652, 4.604840282591822 ], [ -74.139776888008313, 4.604861156520286 ], [ -74.139298442593045, 4.605065410635636 ], [ -74.139298382405926, 4.605065435707254 ], [ -74.139088625787068, 4.605153383395393 ], [ -74.139088588057845, 4.605153399512877 ], [ -74.139008456537866, 4.605186524502682 ], [ -74.138995284540854, 4.605192025038065 ], [ -74.138960174786305, 4.605206691042984 ], [ -74.138960205329013, 4.6052067922249 ], [ -74.138630221785803, 4.605351698139387 ], [ -74.138554148854297, 4.605385104280257 ], [ -74.138422525003918, 4.605443547114635 ], [ -74.138333092327485, 4.605483015209414 ], [ -74.138191070477689, 4.60554486329802 ], [ -74.138191038138331, 4.605544877624657 ], [ -74.138047881716361, 4.60560757366552 ], [ -74.138022384833633, 4.605614379712211 ], [ -74.138021697622449, 4.605614562376821 ], [ -74.138001949957555, 4.605571275345683 ], [ -74.138001477443709, 4.605570234873813 ], [ -74.137974642071242, 4.605580961941738 ], [ -74.137554418266177, 4.605748953356213 ], [ -74.137318677877715, 4.605860610636174 ], [ -74.137121736624721, 4.605952836515119 ], [ -74.136943368938546, 4.606036362538698 ], [ -74.136938016776071, 4.60603886969816 ], [ -74.136937978148509, 4.606038888501891 ], [ -74.136913504446923, 4.606050348011456 ], [ -74.136837703704927, 4.606082090440212 ], [ -74.136747418527293, 4.606119896611172 ], [ -74.136733809050753, 4.606125595921267 ], [ -74.136731571347369, 4.606126631019855 ], [ -74.136693236640937, 4.606144362902904 ], [ -74.136634093359262, 4.606171721380862 ], [ -74.136625462346018, 4.606171955083887 ], [ -74.136413306327057, 4.606265424652207 ], [ -74.136108075861486, 4.606396674397552 ], [ -74.135982687217506, 4.606452545521032 ], [ -74.13549368480102, 4.606670438114993 ], [ -74.135489251615098, 4.606660570660277 ], [ -74.135476511707722, 4.606632212919878 ], [ -74.135471839569945, 4.606621816275309 ], [ -74.135461264602426, 4.606626893269076 ], [ -74.135316856827245, 4.606685465836386 ], [ -74.135312364352501, 4.606675015467799 ], [ -74.13526252312559, 4.606695743390025 ], [ -74.135267129686355, 4.606707159013793 ], [ -74.135098610230642, 4.606777417611911 ], [ -74.135030114588545, 4.606806407508206 ], [ -74.134781312695864, 4.60690863592328 ], [ -74.134558248434416, 4.607002188668187 ], [ -74.134520982723174, 4.60701770885963 ], [ -74.134308441326951, 4.607106226684262 ], [ -74.134169000336968, 4.607163950360861 ], [ -74.133996204900498, 4.607235483085957 ], [ -74.133642619021501, 4.607382454303522 ], [ -74.133516588980413, 4.607436598099129 ], [ -74.133511183817348, 4.607439218971058 ], [ -74.133503528374504, 4.607435331986054 ], [ -74.133497573442469, 4.607429971152357 ], [ -74.13347909150383, 4.607437655581101 ], [ -74.133372465971178, 4.6074819910264 ], [ -74.133369753059014, 4.607483119245912 ], [ -74.132762697641155, 4.607735535028684 ], [ -74.132783021126144, 4.607757297120771 ], [ -74.13275338300997, 4.607773206799921 ], [ -74.132730660124849, 4.607748856072378 ], [ -74.13271622689318, 4.607754858018644 ], [ -74.132713621778862, 4.607755941467102 ], [ -74.132729689944355, 4.607773025031294 ], [ -74.132536791110127, 4.607856202525858 ], [ -74.132533483513242, 4.607857628021454 ], [ -74.132460122595575, 4.607883526912257 ], [ -74.132423778555818, 4.607896359953791 ], [ -74.132410335267593, 4.607901104740712 ], [ -74.132394301238079, 4.607915748304461 ], [ -74.132330251358312, 4.60793979100468 ], [ -74.132324755465419, 4.607934548369084 ], [ -74.13228989184924, 4.607949010163559 ], [ -74.132287019935262, 4.607942155786987 ], [ -74.132213488337683, 4.60797319254686 ], [ -74.132218544056116, 4.607985256428156 ], [ -74.131964450188093, 4.60807755455985 ], [ -74.131938495164604, 4.608090134196391 ], [ -74.131847698845576, 4.608134137403338 ], [ -74.131784643400835, 4.608161641756788 ], [ -74.131780765373762, 4.608163334084394 ], [ -74.131764742124034, 4.608150495675217 ], [ -74.131753297587309, 4.608141324871152 ], [ -74.131753040669139, 4.608141464555339 ], [ -74.131689925037278, 4.608175760604074 ], [ -74.131629323789895, 4.608206020136688 ], [ -74.131587308685738, 4.608224248025759 ], [ -74.131569691824708, 4.608231891257051 ], [ -74.131567382256094, 4.608232892326916 ], [ -74.131502912863112, 4.608265211303105 ], [ -74.13150372314351, 4.608265792425046 ], [ -74.131507311913069, 4.608268363150851 ], [ -74.131520507266288, 4.608277816903255 ], [ -74.131521316648346, 4.608278398025188 ], [ -74.131455735141017, 4.60830840773367 ], [ -74.131451110613938, 4.608310317645842 ], [ -74.13135159614508, 4.60835143045186 ], [ -74.131340029437482, 4.608340392718034 ], [ -74.131336160393559, 4.608336700042217 ], [ -74.131333956826154, 4.608334597616718 ], [ -74.131296911202156, 4.608367611427329 ], [ -74.131301869004218, 4.608372764518602 ], [ -74.131253853153964, 4.608393371510805 ], [ -74.131249888888604, 4.608395067419526 ], [ -74.131194113390933, 4.60841894713869 ], [ -74.131177640085241, 4.608426002082759 ], [ -74.131135342011788, 4.608446202556826 ], [ -74.131132905780746, 4.608447365695805 ], [ -74.131086537440709, 4.608469510106626 ], [ -74.131081813200637, 4.608471767437844 ], [ -74.130962064179997, 4.608528955547807 ], [ -74.130956565592143, 4.608531268394328 ], [ -74.130939618874322, 4.608538398551816 ], [ -74.130798702850626, 4.608597686394895 ], [ -74.130762308505226, 4.60857341091013 ], [ -74.130730145224774, 4.608582453664873 ], [ -74.130172000379204, 4.608815562214004 ], [ -74.129813191695149, 4.608961891991028 ], [ -74.129682486821309, 4.609012700262763 ], [ -74.129591075156313, 4.609047233553207 ], [ -74.129178639744751, 4.609207081289128 ], [ -74.129174055641869, 4.609208856887378 ], [ -74.129123452643583, 4.609228469054745 ], [ -74.128898199187788, 4.6093136216534 ], [ -74.128855875063181, 4.609329621734127 ], [ -74.128757879645462, 4.609366667529368 ], [ -74.128396779359122, 4.609505288610515 ], [ -74.128395124662362, 4.609505923456021 ], [ -74.125361346861268, 4.610670542547623 ], [ -74.125332427397325, 4.610681635760568 ], [ -74.125311328666243, 4.610689730251172 ], [ -74.125251865584318, 4.610712558683985 ], [ -74.125192394417553, 4.610735377266589 ], [ -74.124966779839013, 4.610822116347791 ], [ -74.124442337986267, 4.611023738042223 ], [ -74.123572651111914, 4.611356868177027 ], [ -74.122898044181326, 4.611615685639875 ], [ -74.122342651773778, 4.611827674129255 ], [ -74.122342627519245, 4.611827683083288 ], [ -74.121766493910101, 4.612049505759378 ], [ -74.121581166975403, 4.612120897413868 ], [ -74.121525517241864, 4.612142337025351 ], [ -74.120908608203663, 4.612379985906397 ], [ -74.12083948823242, 4.612408482205394 ], [ -74.120519361004511, 4.61253125669456 ], [ -74.120512616453354, 4.612533844417673 ], [ -74.120241947770054, 4.612637649713789 ], [ -74.119539487675766, 4.612906960861868 ], [ -74.119215303656034, 4.613031074791194 ], [ -74.1191315896547, 4.613063068517008 ], [ -74.118889932961807, 4.61315550567223 ], [ -74.118658164025234, 4.613244160624609 ], [ -74.118420992620557, 4.613335200924622 ], [ -74.118419743962306, 4.613335680861633 ], [ -74.118315617542791, 4.613375627559713 ], [ -74.118301161853225, 4.613381197873318 ], [ -74.117983511280556, 4.61350650708499 ], [ -74.117983484331091, 4.613506517829858 ], [ -74.117774914386757, 4.613583321163274 ], [ -74.117504308585509, 4.613687282106358 ], [ -74.116938558602726, 4.613903331530723 ], [ -74.116312496630073, 4.614143823625155 ], [ -74.115886022347254, 4.614308028143848 ], [ -74.115580755050772, 4.614426195453437 ], [ -74.115579041963514, 4.614426859842853 ], [ -74.115578696112138, 4.614426992362556 ], [ -74.115231390355305, 4.614561433608626 ], [ -74.115181608417203, 4.614580704479533 ], [ -74.115167529121763, 4.614586309704409 ], [ -74.114948175800734, 4.614673645549209 ], [ -74.114647526743141, 4.61479110095243 ], [ -74.114579239510192, 4.614819094833576 ], [ -74.114572206599831, 4.614821977135938 ], [ -74.114375542027943, 4.614902600115941 ], [ -74.114375431535152, 4.614902643990693 ], [ -74.114232400877313, 4.614961277658518 ], [ -74.114231540291243, 4.614961631342625 ], [ -74.114182313512003, 4.614981810141163 ], [ -74.114012374718129, 4.615050847487014 ], [ -74.113215580739222, 4.615374866804567 ], [ -74.112314838207197, 4.615741744386178 ], [ -74.111092984792023, 4.616239168605663 ], [ -74.109710421874226, 4.616803175358702 ], [ -74.108453339228575, 4.617315577978976 ], [ -74.107464658816767, 4.617718026984599 ], [ -74.106104711884541, 4.618271277033105 ], [ -74.106088921298465, 4.618277701518585 ], [ -74.105977844613605, 4.618323571000352 ], [ -74.105743378934548, 4.61841907600105 ], [ -74.105747825595216, 4.618450945023564 ], [ -74.105208199519197, 4.618665969557488 ], [ -74.105043490716895, 4.618732953397015 ], [ -74.104901988991685, 4.618790963551249 ], [ -74.104516079932139, 4.618947727134016 ], [ -74.10416110256277, 4.619091927357886 ], [ -74.103550391001704, 4.619339836956053 ], [ -74.103223693495806, 4.61947304341389 ], [ -74.102743707469841, 4.619668751240452 ], [ -74.102628062851721, 4.619715903735946 ], [ -74.10226362801906, 4.619865799421821 ], [ -74.102261620284409, 4.619866624977549 ], [ -74.102260228794009, 4.61986719713603 ], [ -74.10225892084695, 4.619867735269431 ], [ -74.102258463604485, 4.619867923302716 ], [ -74.102106630355166, 4.619930371845032 ], [ -74.102099248898483, 4.619934142360026 ], [ -74.102082186297963, 4.619942855464094 ], [ -74.101962680720774, 4.619988343399257 ], [ -74.101923132390382, 4.620003396805291 ], [ -74.101909785221906, 4.620008351034059 ], [ -74.101909744797709, 4.62000836625583 ], [ -74.101444566600875, 4.620199429514312 ], [ -74.101254148015173, 4.620276535662518 ], [ -74.100645981381277, 4.620524066094077 ], [ -74.100548313848648, 4.62056381898192 ], [ -74.100548272526154, 4.620563835099048 ], [ -74.100134765424457, 4.620732208884343 ], [ -74.099652583017601, 4.620926858901454 ], [ -74.099629528654148, 4.620906100951289 ], [ -74.099297750277003, 4.621040359204193 ], [ -74.099210592134881, 4.621075627924232 ], [ -74.099188327390564, 4.621100496628439 ], [ -74.099188272593338, 4.621100556619884 ], [ -74.098891938144035, 4.621222444059388 ], [ -74.098716477406128, 4.621294613784472 ], [ -74.098467107778191, 4.621396025304077 ], [ -74.098152095557509, 4.621524132103494 ], [ -74.098094569243344, 4.621547563683719 ], [ -74.098001617865947, 4.621585426336396 ], [ -74.097861264187642, 4.621642597272688 ], [ -74.097738503115863, 4.621692599677127 ], [ -74.097177928327426, 4.621918163807045 ], [ -74.097177902276286, 4.62191817365637 ], [ -74.097093366316471, 4.62195309402449 ], [ -74.097101404441631, 4.621972687036435 ], [ -74.097104155981341, 4.621979394432897 ], [ -74.097043584378369, 4.622003185946436 ], [ -74.097043550242375, 4.622003199377331 ], [ -74.097024147530576, 4.62201082186616 ], [ -74.097025683649704, 4.622015203028771 ], [ -74.097025696226112, 4.62201523347218 ], [ -74.097027228751983, 4.6220195797144 ], [ -74.096895102743389, 4.622071026362601 ], [ -74.096828623819079, 4.622098208729577 ], [ -74.096828569021866, 4.62209823111443 ], [ -74.096738229945302, 4.622135483974483 ], [ -74.096738248809928, 4.622135532325765 ], [ -74.096745585350845, 4.622153526159358 ], [ -74.09655938884697, 4.622231197088426 ], [ -74.096527832827675, 4.622244361166204 ], [ -74.09622971701917, 4.62236480234844 ], [ -74.096032031062805, 4.622445074372217 ], [ -74.096029977514064, 4.622445908878883 ], [ -74.096029380134382, 4.622446150635102 ], [ -74.096026028520058, 4.622447511633114 ], [ -74.096022926637389, 4.622448770556229 ], [ -74.095892674514459, 4.622501659651915 ], [ -74.095892627802058, 4.622501678455196 ], [ -74.095888737198564, 4.622498498018045 ], [ -74.095888678808066, 4.622498449666788 ], [ -74.095839472690059, 4.622466310417407 ], [ -74.095839431367565, 4.622466283555621 ], [ -74.095838443220757, 4.622471776794002 ], [ -74.095836855897645, 4.622478214672345 ], [ -74.095811795596163, 4.622489022965612 ], [ -74.095470092631771, 4.622629657013515 ], [ -74.095468723599268, 4.622630220215809 ], [ -74.095468114541504, 4.622630470925907 ], [ -74.095466414030668, 4.622631170227979 ], [ -74.095466097823689, 4.622631300955403 ], [ -74.095465897499395, 4.622631382436177 ], [ -74.095465295628145, 4.622631630460089 ], [ -74.095185184752879, 4.622746916798903 ], [ -74.094881687137516, 4.622870673535558 ], [ -74.094380708381664, 4.623073976039622 ], [ -74.094357097062726, 4.623051351258657 ], [ -74.09421843940369, 4.623107802181062 ], [ -74.094218362148553, 4.623107833519786 ], [ -74.09424143447832, 4.623129906737145 ], [ -74.094241472207557, 4.623129941657454 ], [ -74.093626376867903, 4.623380758077308 ], [ -74.093610277261391, 4.62335540146439 ], [ -74.093564261060948, 4.623374136651775 ], [ -74.093426564599255, 4.623430463088934 ], [ -74.093374941114817, 4.623451525398517 ], [ -74.093374994115422, 4.623451605983793 ], [ -74.093381728785118, 4.623461817035671 ], [ -74.093396648903678, 4.623484436431171 ], [ -74.093255395113445, 4.623539488716729 ], [ -74.092977963912659, 4.623647617145071 ], [ -74.092964824255006, 4.623619168753346 ], [ -74.092843931679013, 4.623667040881087 ], [ -74.092800957174134, 4.623684058698675 ], [ -74.092717604295572, 4.623712562602083 ], [ -74.092709086470038, 4.623715475311627 ], [ -74.09268913848085, 4.623722298197142 ], [ -74.092623535413964, 4.62374473223824 ], [ -74.09243497993414, 4.623795648689306 ], [ -74.092434946696471, 4.623795657643206 ], [ -74.092430862955197, 4.62379675897499 ], [ -74.092261452370707, 4.623842526920392 ], [ -74.092246065128194, 4.62384668243299 ], [ -74.092147019579912, 4.623862962443588 ], [ -74.092119276909003, 4.623867529836205 ], [ -74.091939968686717, 4.623909452070283 ], [ -74.091782174217158, 4.623946344887726 ], [ -74.091761422235777, 4.623945002695844 ], [ -74.09165194904368, 4.623952543683135 ], [ -74.091651894246439, 4.623952547264736 ], [ -74.091609418306561, 4.62395374261238 ], [ -74.091445369766006, 4.623958133612313 ], [ -74.091358884462025, 4.623957137041557 ], [ -74.091309553478197, 4.623956567572554 ], [ -74.091236393783134, 4.623951094044303 ], [ -74.091201434047235, 4.623948478605704 ], [ -74.091156500316714, 4.623941088044149 ], [ -74.091152870224661, 4.623940490817994 ], [ -74.091116986122316, 4.623931806415587 ], [ -74.091116942104861, 4.623931795670916 ], [ -74.091051755856284, 4.623901826020313 ], [ -74.09104363598442, 4.623896438449212 ], [ -74.091030204374277, 4.623887525721407 ], [ -74.090926285465599, 4.623873306902862 ], [ -74.090883428640026, 4.623867442087815 ], [ -74.090826042463036, 4.623856855872718 ], [ -74.090813051027396, 4.623869061851242 ], [ -74.090805442296954, 4.623875768334392 ], [ -74.090804149621249, 4.623876907272513 ], [ -74.090804103807173, 4.623876942192758 ], [ -74.090799565518353, 4.623879616727493 ], [ -74.090789933781878, 4.623885278288538 ], [ -74.090669520007935, 4.623862518329335 ], [ -74.090587863148613, 4.623841104143066 ], [ -74.090563313090215, 4.62383448003561 ], [ -74.090478291141835, 4.623808797516339 ], [ -74.09044814817247, 4.623798882844105 ], [ -74.090390737740975, 4.623779998137538 ], [ -74.090345989063408, 4.623765193730626 ], [ -74.090305439111489, 4.623750414394387 ], [ -74.090257025307579, 4.623732771594914 ], [ -74.090256981290125, 4.623732755477843 ], [ -74.090243091539207, 4.62372769203731 ], [ -74.090224329326176, 4.623720064194616 ], [ -74.090192138197963, 4.623706615409666 ], [ -74.090090759724887, 4.623661826118828 ], [ -74.090057417854808, 4.623647093340822 ], [ -74.090033916130352, 4.62363375379228 ], [ -74.090023068973295, 4.623627596182097 ], [ -74.089983393980447, 4.62360676488889 ], [ -74.089970488783067, 4.623600059298592 ], [ -74.089963370532772, 4.623596360434445 ], [ -74.089949493358262, 4.623589149842972 ], [ -74.089923321840772, 4.623575549734301 ], [ -74.089903297494772, 4.623565146174808 ], [ -74.089778345432009, 4.623504397406909 ], [ -74.089727538516172, 4.623477006467536 ], [ -74.089671562694178, 4.623457065189665 ], [ -74.089623835203142, 4.623440062588265 ], [ -74.08962368069291, 4.62344000707393 ], [ -74.089623624997373, 4.623439987375304 ], [ -74.089601592916708, 4.623432139263044 ], [ -74.089577640237977, 4.623423606175704 ], [ -74.089577105740375, 4.623424446053541 ], [ -74.089524520160268, 4.623510543378065 ], [ -74.089523532013473, 4.623512160456126 ], [ -74.089593044548465, 4.623556211058024 ], [ -74.089673044914406, 4.623604529095178 ], [ -74.089714706082333, 4.623629693189975 ], [ -74.089742233157594, 4.623646319722202 ], [ -74.089750809373612, 4.623650079472741 ], [ -74.089781948574611, 4.623663732408136 ], [ -74.089880159587992, 4.62370678911569 ], [ -74.089880207198718, 4.623706809709677 ], [ -74.089881552874999, 4.623707399772892 ], [ -74.090019082250066, 4.623767694559746 ], [ -74.090216054944094, 4.623854051506138 ], [ -74.090229878219674, 4.62385793481961 ], [ -74.090286401115677, 4.623873812799109 ], [ -74.09045533020317, 4.623921268552578 ], [ -74.09063951807407, 4.62397300875111 ] ] ] } },
{ "type": "Feature", "id": 68, "properties": { "FID": 68, "LotCodigo": "006103024017", "NUMERO_FIC": "006103-024-17", "NOMBRE": "CL 22 17 21", "DIRECCION": "CL 22 17 21", "ACTO_ADMIN": "DEC", "NUMERO_ACT": "606", "FECHA_ACTO": 996105600000, "OBSERVACIO": " ", "OTROS": "Oficio SDP 2-2017-44846 de agosto 28 de 2017", "LOCALIZACI": "Bien Interés Cultural - Fuera de Sector Interés Cultural", "Nivel_Inte": "POT 555 - Nivel 2", "Responsabl": "IDPC - Instituto Distrital de Patrimonio Cultural", "Localidad": "14", "Categoria": "Conservación Tipológica", "AMBITO": "Distrital", "Shape_Leng": 98.526016115499999, "Shape_Area": 582.32338597199998, "FMI": "" }, "geometry": { "type": "Polygon", "coordinates": [ [ [ -74.078026640580717, 4.612488191249978 ], [ -74.078003972492823, 4.61251752206296 ], [ -74.077982440773781, 4.612545379932039 ], [ -74.077934442889827, 4.612607531844019 ], [ -74.077903073720108, 4.612648289820687 ], [ -74.077929226372987, 4.612670391121088 ], [ -74.078013491041588, 4.612741592887208 ], [ -74.078035564444747, 4.612760245082199 ], [ -74.078037802148117, 4.612757503350174 ], [ -74.078070221448399, 4.612717748234136 ], [ -74.078099534374445, 4.612681923051639 ], [ -74.078205658647164, 4.612555875879967 ], [ -74.07820562361286, 4.612555848122419 ], [ -74.078204674991909, 4.612555086131986 ], [ -74.078203859321647, 4.61255443069489 ], [ -74.078203626657981, 4.612554241764242 ], [ -74.078199360558713, 4.612550835640202 ], [ -74.078184329947376, 4.612538837201065 ], [ -74.078134074597116, 4.612498719433377 ], [ -74.078133121484598, 4.612497958338297 ], [ -74.078128882334781, 4.612494574599182 ], [ -74.07812254561874, 4.612489514659999 ], [ -74.078097395485742, 4.612469438762359 ], [ -74.078062616311215, 4.612441674012539 ], [ -74.078062521089777, 4.612441597902996 ], [ -74.078026640580717, 4.612488191249978 ] ] ] } },
{ "type": "Feature", "id": 69, "properties": { "FID": 69, "LotCodigo": "006103024023", "NUMERO_FIC": "006103-024-23", "NOMBRE": "KR 17 21 15", "DIRECCION": "KR 17 21 15", "ACTO_ADMIN": "DEC", "NUMERO_ACT": "606", "FECHA_ACTO": 996105600000, "OBSERVACIO": " ", "OTROS": "Oficio SDP 2-2017-44846 de agosto 28 de 2017", "LOCALIZACI": "Bien Interés Cultural - Fuera de Sector Interés Cultural", "Nivel_Inte": "POT 555 - Nivel 2", "Responsabl": "IDPC - Instituto Distrital de Patrimonio Cultural", "Localidad": "14", "Categoria": "Conservación Tipológica", "AMBITO": "Distrital", "Shape_Leng": 60.362553081599998, "Shape_Area": 202.50384046299999, "FMI": "" }, "geometry": { "type": "Polygon", "coordinates": [ [ [ -74.077946042835109, 4.612297427667098 ], [ -74.077964204075201, 4.612310982326292 ], [ -74.078003870084885, 4.61234058714088 ], [ -74.078019423515713, 4.612352195186282 ], [ -74.078090072419542, 4.612406071772235 ], [ -74.078116601466533, 4.612371772346055 ], [ -74.078133741322148, 4.612349613730346 ], [ -74.078145323301101, 4.612334638957721 ], [ -74.078123036098901, 4.612317658474888 ], [ -74.078105825276381, 4.612304548832704 ], [ -74.078095769535082, 4.612296887737157 ], [ -74.078073560486317, 4.612279967245615 ], [ -74.078057619881605, 4.612268072669043 ], [ -74.078051835629466, 4.612263756810871 ], [ -74.078001222749748, 4.612225994841622 ], [ -74.077946042835109, 4.612297427667098 ] ] ] } },
{ "type": "Feature", "id": 70, "properties": { "FID": 70, "LotCodigo": "006103025007", "NUMERO_FIC": "006103-025-07", "NOMBRE": "KR 18 BIS 23 A 6", "DIRECCION": "KR 18 BIS 23 A 6", "ACTO_ADMIN": "DEC", "NUMERO_ACT": "606", "FECHA_ACTO": 996105600000, "OBSERVACIO": " ", "OTROS": "Oficio SDP 2-2017-44846 de agosto 28 de 2017", "LOCALIZACI": "Bien Interés Cultural - Fuera de Sector Interés Cultural", "Nivel_Inte": "POT 555 - Nivel 2", "Responsabl": "IDPC - Instituto Distrital de Patrimonio Cultural", "Localidad": "14", "Categoria": "Conservación Tipológica", "AMBITO": "Distrital", "Shape_Leng": 60.370316586199998, "Shape_Area": 226.73513468199999, "FMI": "" }, "geometry": { "type": "Polygon", "coordinates": [ [ [ -74.076633830580462, 4.614907206068633 ], [ -74.076611586497393, 4.614922574764313 ], [ -74.076607842319277, 4.614925161583296 ], [ -74.076585582066528, 4.614940539232595 ], [ -74.076567031855916, 4.614953355133971 ], [ -74.076593603123726, 4.614992049072493 ], [ -74.076611508343959, 4.615018124097511 ], [ -74.076628348162274, 4.615042650074824 ], [ -74.07664880998783, 4.615072447287104 ], [ -74.076731264551114, 4.615015444156958 ], [ -74.076752642658249, 4.615000663742952 ], [ -74.076738063899498, 4.614979416729371 ], [ -74.076737320992763, 4.614978333291936 ], [ -74.076670935493254, 4.614881572473195 ], [ -74.076633830580462, 4.614907206068633 ] ] ] } },
{ "type": "Feature", "id": 71, "properties": { "FID": 71, "LotCodigo": "006103026001", "NUMERO_FIC": "006103-026-01", "NOMBRE": "CL 23 18 4", "DIRECCION": "CL 23 18 4", "ACTO_ADMIN": "DEC", "NUMERO_ACT": "606", "FECHA_ACTO": 996105600000, "OBSERVACIO": " ", "OTROS": "Oficio SDP 2-2017-44846 de agosto 28 de 2017", "LOCALIZACI": "Bien Interés Cultural - Fuera de Sector Interés Cultural", "Nivel_Inte": "POT 555 - Nivel 2", "Responsabl": "IDPC - Instituto Distrital de Patrimonio Cultural", "Localidad": "14", "Categoria": "Conservación Tipológica", "AMBITO": "Distrital", "Shape_Leng": 61.467684575299998, "Shape_Area": 234.38277911899999, "FMI": "" }, "geometry": { "type": "Polygon", "coordinates": [ [ [ -74.076805830109592, 4.614132674951255 ], [ -74.07679017247419, 4.614143429647442 ], [ -74.076789125936884, 4.614144149552158 ], [ -74.076740847778566, 4.614177311729825 ], [ -74.076716296821857, 4.614194174870306 ], [ -74.076737235652814, 4.614225765611991 ], [ -74.076766650986784, 4.614270140926825 ], [ -74.076785114060826, 4.614297996936342 ], [ -74.076799081965177, 4.614319067575785 ], [ -74.076801325956765, 4.614317503305584 ], [ -74.076817601633081, 4.614306159436391 ], [ -74.076831633317809, 4.614296380732672 ], [ -74.076902620886514, 4.614246902513438 ], [ -74.07688665782392, 4.614222812570297 ], [ -74.076841707025409, 4.614154978566725 ], [ -74.076830443948381, 4.614137982010142 ], [ -74.076820328019977, 4.61412271626893 ], [ -74.076805830109592, 4.614132674951255 ] ] ] } },
{ "type": "Feature", "id": 72, "properties": { "FID": 72, "LotCodigo": "006103026002", "NUMERO_FIC": "006103-026-02", "NOMBRE": "CL 23 18 8", "DIRECCION": "CL 23 18 8", "ACTO_ADMIN": "DEC", "NUMERO_ACT": "606", "FECHA_ACTO": 996105600000, "OBSERVACIO": " ", "OTROS": "Oficio SDP 2-2017-44846 de agosto 28 de 2017", "LOCALIZACI": "Bien Interés Cultural - Fuera de Sector Interés Cultural", "Nivel_Inte": "POT 555 - Nivel 2", "Responsabl": "IDPC - Instituto Distrital de Patrimonio Cultural", "Localidad": "14", "Categoria": "Conservación Tipológica", "AMBITO": "Distrital", "Shape_Leng": 59.925359162100001, "Shape_Area": 140.91663176500001, "FMI": "" }, "geometry": { "type": "Polygon", "coordinates": [ [ [ -74.076831633317809, 4.614296380732672 ], [ -74.076817601633081, 4.614306159436391 ], [ -74.076801325956765, 4.614317503305584 ], [ -74.076799081965177, 4.614319067575785 ], [ -74.076775385306291, 4.614335592250294 ], [ -74.076767288790634, 4.614341237770273 ], [ -74.076748738580022, 4.61435417456195 ], [ -74.076725074260494, 4.614370675059741 ], [ -74.076754048521678, 4.614414310762216 ], [ -74.076779911917001, 4.614396280916138 ], [ -74.076804364059058, 4.614379235118157 ], [ -74.076809510507303, 4.614375645445145 ], [ -74.076931596045995, 4.614290535537295 ], [ -74.076902620886514, 4.614246902513438 ], [ -74.076831633317809, 4.614296380732672 ] ] ] } },
{ "type": "Feature", "id": 73, "properties": { "FID": 73, "LotCodigo": "006103026003", "NUMERO_FIC": "006103-026-03", "NOMBRE": "CL 23 18 10", "DIRECCION": "CL 23 18 10", "ACTO_ADMIN": "DEC", "NUMERO_ACT": "606", "FECHA_ACTO": 996105600000, "OBSERVACIO": " ", "OTROS": "Oficio SDP 2-2017-44846 de agosto 28 de 2017", "LOCALIZACI": "Bien Interés Cultural - Fuera de Sector Interés Cultural", "Nivel_Inte": "POT 555 - Nivel 2", "Responsabl": "IDPC - Instituto Distrital de Patrimonio Cultural", "Localidad": "14", "Categoria": "Conservación Tipológica", "AMBITO": "Distrital", "Shape_Leng": 60.032953231999997, "Shape_Area": 141.231612716, "FMI": "" }, "geometry": { "type": "Polygon", "coordinates": [ [ [ -74.076809510507303, 4.614375645445145 ], [ -74.076804364059058, 4.614379235118157 ], [ -74.076779911917001, 4.614396280916138 ], [ -74.076754048521678, 4.614414310762216 ], [ -74.076770536200399, 4.61443920477125 ], [ -74.07678295271424, 4.614458016303481 ], [ -74.076808895161335, 4.614439928257296 ], [ -74.076822924151131, 4.61443014686919 ], [ -74.07682960941348, 4.614425484502997 ], [ -74.076833264658362, 4.614422934393752 ], [ -74.076838491955002, 4.614419290101329 ], [ -74.076864354452027, 4.614401258464586 ], [ -74.076893951245694, 4.614380621202911 ], [ -74.076961275484663, 4.614333677877306 ], [ -74.076931596045995, 4.614290535537295 ], [ -74.076809510507303, 4.614375645445145 ] ] ] } },
{ "type": "Feature", "id": 74, "properties": { "FID": 74, "LotCodigo": "006103026004", "NUMERO_FIC": "006103-026-04", "NOMBRE": "CL 23 18 16", "DIRECCION": "CL 23 18 16", "ACTO_ADMIN": "DEC", "NUMERO_ACT": "606", "FECHA_ACTO": 996105600000, "OBSERVACIO": " ", "OTROS": "Oficio SDP 2-2017-44846 de agosto 28 de 2017", "LOCALIZACI": "Bien Interés Cultural - Fuera de Sector Interés Cultural", "Nivel_Inte": "POT 555 - Nivel 2", "Responsabl": "IDPC - Instituto Distrital de Patrimonio Cultural", "Localidad": "14", "Categoria": "Conservación Tipológica", "AMBITO": "Distrital", "Shape_Leng": 60.130413102600002, "Shape_Area": 141.516396286, "FMI": "" }, "geometry": { "type": "Polygon", "coordinates": [ [ [ -74.076893951245694, 4.614380621202911 ], [ -74.076864354452027, 4.614401258464586 ], [ -74.076838491955002, 4.614419290101329 ], [ -74.076833264658362, 4.614422934393752 ], [ -74.07682960941348, 4.614425484502997 ], [ -74.076822924151131, 4.61443014686919 ], [ -74.076808895161335, 4.614439928257296 ], [ -74.07678295271424, 4.614458016303481 ], [ -74.076811926975424, 4.614501650209767 ], [ -74.076847460734797, 4.614476879768608 ], [ -74.076862242512803, 4.614466572779204 ], [ -74.076990179677253, 4.614377383423518 ], [ -74.076961275484663, 4.614333677877306 ], [ -74.076893951245694, 4.614380621202911 ] ] ] } },
{ "type": "Feature", "id": 75, "properties": { "FID": 75, "LotCodigo": "006103026005", "NUMERO_FIC": "006103-026-05", "NOMBRE": "CL 23 18 18", "DIRECCION": "CL 23 18 18", "ACTO_ADMIN": "DEC", "NUMERO_ACT": "606", "FECHA_ACTO": 996105600000, "OBSERVACIO": " ", "OTROS": "Oficio SDP 2-2017-44846 de agosto 28 de 2017", "LOCALIZACI": "Bien Interés Cultural - Fuera de Sector Interés Cultural", "Nivel_Inte": "POT 555 - Nivel 2", "Responsabl": "IDPC - Instituto Distrital de Patrimonio Cultural", "Localidad": "14", "Categoria": "Conservación Tipológica", "AMBITO": "Distrital", "Shape_Leng": 60.2332465928, "Shape_Area": 141.906565188, "FMI": "" }, "geometry": { "type": "Polygon", "coordinates": [ [ [ -74.076862242512803, 4.614466572779204 ], [ -74.076847460734797, 4.614476879768608 ], [ -74.076811926975424, 4.614501650209767 ], [ -74.076824401879762, 4.614520470694403 ], [ -74.076833394914075, 4.614534039637615 ], [ -74.076840902134904, 4.614545355745647 ], [ -74.0768653048696, 4.614528340394963 ], [ -74.076891198807672, 4.614510284585067 ], [ -74.076917108915396, 4.614492219820709 ], [ -74.076946705709076, 4.614471580770891 ], [ -74.077019929184516, 4.614420526653622 ], [ -74.076990179677253, 4.614377383423518 ], [ -74.076862242512803, 4.614466572779204 ] ] ] } },
{ "type": "Feature", "id": 76, "properties": { "FID": 76, "LotCodigo": "006103026006", "NUMERO_FIC": "006103-026-06", "NOMBRE": "CL 23 18 20", "DIRECCION": "CL 23 18 20", "ACTO_ADMIN": "DEC", "NUMERO_ACT": "606", "FECHA_ACTO": 996105600000, "OBSERVACIO": " ", "OTROS": "Oficio SDP 2-2017-44846 de agosto 28 de 2017", "LOCALIZACI": "Bien Interés Cultural - Fuera de Sector Interés Cultural", "Nivel_Inte": "POT 555 - Nivel 2", "Responsabl": "IDPC - Instituto Distrital de Patrimonio Cultural", "Localidad": "14", "Categoria": "Conservación Tipológica", "AMBITO": "Distrital", "Shape_Leng": 60.321832616499997, "Shape_Area": 141.97623983299999, "FMI": "" }, "geometry": { "type": "Polygon", "coordinates": [ [ [ -74.076946705709076, 4.614471580770891 ], [ -74.076917108915396, 4.614492219820709 ], [ -74.076891198807672, 4.614510284585067 ], [ -74.0768653048696, 4.614528340394963 ], [ -74.076840902134904, 4.614545355745647 ], [ -74.076869806327494, 4.614588990541962 ], [ -74.076894256672887, 4.614571942062401 ], [ -74.076920117373305, 4.614553910429526 ], [ -74.077048833377091, 4.614464159666842 ], [ -74.077019929184516, 4.614420526653622 ], [ -74.076946705709076, 4.614471580770891 ] ] ] } },
{ "type": "Feature", "id": 77, "properties": { "FID": 77, "LotCodigo": "006103026007", "NUMERO_FIC": "006103-026-07", "NOMBRE": "CL 23 18 26", "DIRECCION": "CL 23 18 26", "ACTO_ADMIN": "DEC", "NUMERO_ACT": "606", "FECHA_ACTO": 996105600000, "OBSERVACIO": " ", "OTROS": "Oficio SDP 2-2017-44846 de agosto 28 de 2017", "LOCALIZACI": "Bien Interés Cultural - Fuera de Sector Interés Cultural", "Nivel_Inte": "POT 555 - Nivel 2", "Responsabl": "IDPC - Instituto Distrital de Patrimonio Cultural", "Localidad": "14", "Categoria": "Conservación Tipológica", "AMBITO": "Distrital", "Shape_Leng": 60.435570930899999, "Shape_Area": 142.48868500500001, "FMI": "" }, "geometry": { "type": "Polygon", "coordinates": [ [ [ -74.076920117373305, 4.614553910429526 ], [ -74.076894256672887, 4.614571942062401 ], [ -74.076869806327494, 4.614588990541962 ], [ -74.076898781486989, 4.614632625335613 ], [ -74.076940934033374, 4.614603271329504 ], [ -74.076949114092344, 4.614597573878223 ], [ -74.076972788293347, 4.61458108681674 ], [ -74.076974985572534, 4.614579556572457 ], [ -74.077004612010612, 4.614558891558466 ], [ -74.077013481975712, 4.614552706111983 ], [ -74.077014226679097, 4.614552185882626 ], [ -74.077068227105755, 4.614514524320269 ], [ -74.077078582884369, 4.614507301100848 ], [ -74.077048833377091, 4.614464159666842 ], [ -74.076920117373305, 4.614553910429526 ] ] ] } },
{ "type": "Feature", "id": 78, "properties": { "FID": 78, "LotCodigo": "006103026008", "NUMERO_FIC": "006103-026-08", "NOMBRE": "CL 23 18 30", "DIRECCION": "CL 23 18 30", "ACTO_ADMIN": "DEC", "NUMERO_ACT": "606", "FECHA_ACTO": 996105600000, "OBSERVACIO": " ", "OTROS": "Oficio SDP 2-2017-44846 de agosto 28 de 2017", "LOCALIZACI": "Bien Interés Cultural - Fuera de Sector Interés Cultural", "Nivel_Inte": "POT 555 - Nivel 2", "Responsabl": "IDPC - Instituto Distrital de Patrimonio Cultural", "Localidad": "14", "Categoria": "Conservación Tipológica", "AMBITO": "Distrital", "Shape_Leng": 40.823977272199997, "Shape_Area": 86.761052680199995, "FMI": "" }, "geometry": { "type": "Polygon", "coordinates": [ [ [ -74.076995230005778, 4.614614968878269 ], [ -74.077002674344527, 4.614626207084951 ], [ -74.077043377908367, 4.614597818323326 ], [ -74.077044114526899, 4.614597306152624 ], [ -74.077098113156936, 4.614559644592707 ], [ -74.077108468935549, 4.614552421373695 ], [ -74.077105487427119, 4.614547919285525 ], [ -74.077078582884369, 4.614507301100848 ], [ -74.077068227105755, 4.614514524320269 ], [ -74.077014226679097, 4.614552185882626 ], [ -74.077013481975712, 4.614552706111983 ], [ -74.077004612010612, 4.614558891558466 ], [ -74.076974985572534, 4.614579556572457 ], [ -74.076972788293347, 4.61458108681674 ], [ -74.076986713976893, 4.614602111782242 ], [ -74.076986749909494, 4.614602167297225 ], [ -74.076995230005778, 4.614614968878269 ] ] ] } },
{ "type": "Feature", "id": 79, "properties": { "FID": 79, "LotCodigo": "006103026009", "NUMERO_FIC": "006103-026-09", "NOMBRE": "CL 23 18 36", "DIRECCION": "CL 23 18 36", "ACTO_ADMIN": "DEC", "NUMERO_ACT": "606", "FECHA_ACTO": 996105600000, "OBSERVACIO": " ", "OTROS": "Oficio SDP 2-2017-44846 de agosto 28 de 2017", "LOCALIZACI": "Bien Interés Cultural - Fuera de Sector Interés Cultural", "Nivel_Inte": "POT 555 - Nivel 2", "Responsabl": "IDPC - Instituto Distrital de Patrimonio Cultural", "Localidad": "14", "Categoria": "Conservación Tipológica", "AMBITO": "Distrital", "Shape_Leng": 40.845869130300002, "Shape_Area": 86.917797484199994, "FMI": "" }, "geometry": { "type": "Polygon", "coordinates": [ [ [ -74.077098113156936, 4.614559644592707 ], [ -74.077044114526899, 4.614597306152624 ], [ -74.077043377908367, 4.614597818323326 ], [ -74.077002674344527, 4.614626207084951 ], [ -74.077032630464302, 4.614671398087101 ], [ -74.077045953378288, 4.614662105592388 ], [ -74.07705114743726, 4.614658484581668 ], [ -74.077074794688798, 4.614641989462976 ], [ -74.077082938815167, 4.614636310815471 ], [ -74.077131788301998, 4.614602240720297 ], [ -74.077138425953635, 4.614597611485163 ], [ -74.077135442648583, 4.61459311118808 ], [ -74.077111475596809, 4.614556955696366 ], [ -74.077108468935549, 4.614552421373695 ], [ -74.077098113156936, 4.614559644592707 ] ] ] } },
{ "type": "Feature", "id": 80, "properties": { "FID": 80, "LotCodigo": "006103026010", "NUMERO_FIC": "006103-026-10", "NOMBRE": "CL 23 18 38", "DIRECCION": "CL 23 18 38", "ACTO_ADMIN": "DEC", "NUMERO_ACT": "606", "FECHA_ACTO": 996105600000, "OBSERVACIO": " ", "OTROS": "Oficio SDP 2-2017-44846 de agosto 28 de 2017", "LOCALIZACI": "Bien Interés Cultural - Fuera de Sector Interés Cultural", "Nivel_Inte": "POT 555 - Nivel 2", "Responsabl": "IDPC - Instituto Distrital de Patrimonio Cultural", "Localidad": "14", "Categoria": "Conservación Tipológica", "AMBITO": "Distrital", "Shape_Leng": 52.931131610400001, "Shape_Area": 173.74447274799999, "FMI": "" }, "geometry": { "type": "Polygon", "coordinates": [ [ [ -74.077131788301998, 4.614602240720297 ], [ -74.077082938815167, 4.614636310815471 ], [ -74.077074794688798, 4.614641989462976 ], [ -74.07705114743726, 4.614658484581668 ], [ -74.077045953378288, 4.614662105592388 ], [ -74.077032630464302, 4.614671398087101 ], [ -74.077048120114767, 4.614694745725795 ], [ -74.07705858009794, 4.61471051198505 ], [ -74.077092543602191, 4.614761707555142 ], [ -74.077171534261751, 4.614706617876652 ], [ -74.077172737105911, 4.614705779779271 ], [ -74.077173938153436, 4.614704940786492 ], [ -74.077184293033739, 4.614697719359797 ], [ -74.077198339989835, 4.614687921858018 ], [ -74.077189233767797, 4.614674194431362 ], [ -74.077183607619176, 4.61466571496281 ], [ -74.077182428131209, 4.614663938482802 ], [ -74.07716938279664, 4.614644275427509 ], [ -74.077138425953635, 4.614597611485163 ], [ -74.077131788301998, 4.614602240720297 ] ] ] } },
{ "type": "Feature", "id": 81, "properties": { "FID": 81, "LotCodigo": "006103026019", "NUMERO_FIC": "006103-026-19", "NOMBRE": "CL 23 A 18 9", "DIRECCION": "CL 23 A 18 9", "ACTO_ADMIN": "DEC", "NUMERO_ACT": "606", "FECHA_ACTO": 996105600000, "OBSERVACIO": " ", "OTROS": "Oficio SDP 2-2017-44846 de agosto 28 de 2017", "LOCALIZACI": "Bien Interés Cultural - Fuera de Sector Interés Cultural", "Nivel_Inte": "POT 555 - Nivel 2", "Responsabl": "IDPC - Instituto Distrital de Patrimonio Cultural", "Localidad": "14", "Categoria": "Conservación Tipológica", "AMBITO": "Distrital", "Shape_Leng": 46.763031336099999, "Shape_Area": 126.812577133, "FMI": "" }, "geometry": { "type": "Polygon", "coordinates": [ [ [ -74.076591415726, 4.61437306936898 ], [ -74.076558594878776, 4.614396977540111 ], [ -74.076501898607944, 4.614438280714804 ], [ -74.076520648244554, 4.614465922716288 ], [ -74.0765333234732, 4.614484607995919 ], [ -74.076544978215708, 4.614501788997297 ], [ -74.076563942549669, 4.61448799172559 ], [ -74.076609051451655, 4.614455173397372 ], [ -74.076630214861439, 4.61443977693406 ], [ -74.076652119381336, 4.614423838751319 ], [ -74.076635629905965, 4.614398948323379 ], [ -74.07661964797876, 4.61437482167383 ], [ -74.076609674882448, 4.614359767252981 ], [ -74.076591415726, 4.61437306936898 ] ] ] } },
{ "type": "Feature", "id": 82, "properties": { "FID": 82, "LotCodigo": "006103026020", "NUMERO_FIC": "006103-026-20", "NOMBRE": "KR 18 23 45", "DIRECCION": "KR 18 23 45", "ACTO_ADMIN": "DEC", "NUMERO_ACT": "606", "FECHA_ACTO": 996105600000, "OBSERVACIO": " ", "OTROS": "Oficio SDP 2-2017-44846 de agosto 28 de 2017", "LOCALIZACI": "Bien Interés Cultural - Fuera de Sector Interés Cultural", "Nivel_Inte": "POT 555 - Nivel 2", "Responsabl": "IDPC - Instituto Distrital de Patrimonio Cultural", "Localidad": "14", "Categoria": "Conservación Tipológica", "AMBITO": "Distrital", "Shape_Leng": 46.821745058799998, "Shape_Area": 126.700506807, "FMI": "" }, "geometry": { "type": "Polygon", "coordinates": [ [ [ -74.07655897306951, 4.614302939564729 ], [ -74.076514989756575, 4.614334483740592 ], [ -74.076479033789013, 4.614360274051439 ], [ -74.07647756684014, 4.61436132615068 ], [ -74.076476517607901, 4.614362077394286 ], [ -74.076472745582009, 4.614364783304016 ], [ -74.076458819898477, 4.614374770635822 ], [ -74.076468450736655, 4.614388969050523 ], [ -74.076471060342556, 4.614392815704297 ], [ -74.076471786181315, 4.614393884816195 ], [ -74.076472801277575, 4.614395381035536 ], [ -74.076477538094053, 4.614402363392578 ], [ -74.076495287007447, 4.614428532456638 ], [ -74.076501898607944, 4.614438280714804 ], [ -74.076558594878776, 4.614396977540111 ], [ -74.076591415726, 4.61437306936898 ], [ -74.076609674882448, 4.614359767252981 ], [ -74.076597195486542, 4.614340948554894 ], [ -74.076567791830641, 4.614296613537632 ], [ -74.07655897306951, 4.614302939564729 ] ] ] } },
{ "type": "Feature", "id": 83, "properties": { "FID": 83, "LotCodigo": "006103026021", "NUMERO_FIC": "006103-026-21", "NOMBRE": "KR 18 23 29", "DIRECCION": "KR 18 23 29", "ACTO_ADMIN": "DEC", "NUMERO_ACT": "606", "FECHA_ACTO": 996105600000, "OBSERVACIO": " ", "OTROS": "Oficio SDP 2-2017-44846 de agosto 28 de 2017", "LOCALIZACI": "Bien Interés Cultural - Fuera de Sector Interés Cultural", "Nivel_Inte": "POT 555 - Nivel 2", "Responsabl": "IDPC - Instituto Distrital de Patrimonio Cultural", "Localidad": "14", "Categoria": "Conservación Tipológica", "AMBITO": "Distrital", "Shape_Leng": 53.964314679399997, "Shape_Area": 170.07447160300001, "FMI": "" }, "geometry": { "type": "Polygon", "coordinates": [ [ [ -74.076633654510658, 4.614250683803493 ], [ -74.076589245396264, 4.614281654027914 ], [ -74.076567791830641, 4.614296613537632 ], [ -74.076597195486542, 4.614340948554894 ], [ -74.076609674882448, 4.614359767252981 ], [ -74.07661964797876, 4.61437482167383 ], [ -74.076635629905965, 4.614398948323379 ], [ -74.076652119381336, 4.614423838751319 ], [ -74.076695893386812, 4.614391942685811 ], [ -74.076710482925336, 4.614381308872874 ], [ -74.076725074260494, 4.614370675059741 ], [ -74.076705122678035, 4.614340567112924 ], [ -74.076695146886792, 4.61432551269136 ], [ -74.076685657982466, 4.614311193395882 ], [ -74.076680178259224, 4.614302923447461 ], [ -74.076662732976416, 4.614276597683124 ], [ -74.076641798637027, 4.614245006048281 ], [ -74.076633654510658, 4.614250683803493 ] ] ] } },
{ "type": "Feature", "id": 84, "properties": { "FID": 84, "LotCodigo": "006103026022", "NUMERO_FIC": "006103-026-22", "NOMBRE": "KR 18 23 21", "DIRECCION": "KR 18 23 21", "ACTO_ADMIN": "DEC", "NUMERO_ACT": "606", "FECHA_ACTO": 996105600000, "OBSERVACIO": " ", "OTROS": "Oficio SDP 2-2017-44846 de agosto 28 de 2017", "LOCALIZACI": "Bien Interés Cultural - Fuera de Sector Interés Cultural", "Nivel_Inte": "POT 555 - Nivel 2", "Responsabl": "IDPC - Instituto Distrital de Patrimonio Cultural", "Localidad": "14", "Categoria": "Conservación Tipológica", "AMBITO": "Distrital", "Shape_Leng": 53.642180579700003, "Shape_Area": 168.522541574, "FMI": "" }, "geometry": { "type": "Polygon", "coordinates": [ [ [ -74.076687982822421, 4.614213494102972 ], [ -74.076665625551627, 4.614228749097387 ], [ -74.076641798637027, 4.614245006048281 ], [ -74.076662732976416, 4.614276597683124 ], [ -74.076680178259224, 4.614302923447461 ], [ -74.076685657982466, 4.614311193395882 ], [ -74.076695146886792, 4.61432551269136 ], [ -74.076705122678035, 4.614340567112924 ], [ -74.076725074260494, 4.614370675059741 ], [ -74.076748738580022, 4.61435417456195 ], [ -74.076767288790634, 4.614341237770273 ], [ -74.076775385306291, 4.614335592250294 ], [ -74.076799081965177, 4.614319067575785 ], [ -74.076785114060826, 4.614297996936342 ], [ -74.076766650986784, 4.614270140926825 ], [ -74.076737235652814, 4.614225765611991 ], [ -74.076716296821857, 4.614194174870306 ], [ -74.076687982822421, 4.614213494102972 ] ] ] } },
{ "type": "Feature", "id": 85, "properties": { "FID": 85, "LotCodigo": "006103027008", "NUMERO_FIC": "006103-027-08", "NOMBRE": "KR 18 BIS 22 D 16", "DIRECCION": "KR 18 BIS 22 D 16", "ACTO_ADMIN": "DEC", "NUMERO_ACT": "606", "FECHA_ACTO": 996105600000, "OBSERVACIO": " ", "OTROS": "Oficio SDP 2-2017-44846 de agosto 28 de 2017", "LOCALIZACI": "Bien Interés Cultural - Fuera de Sector Interés Cultural", "Nivel_Inte": "POT 555 - Nivel 2", "Responsabl": "IDPC - Instituto Distrital de Patrimonio Cultural", "Localidad": "14", "Categoria": "Conservación Tipológica", "AMBITO": "Distrital", "Shape_Leng": 52.058779340199997, "Shape_Area": 129.19014488900001, "FMI": "" }, "geometry": { "type": "Polygon", "coordinates": [ [ [ -74.077466450271217, 4.614288154658863 ], [ -74.077464525181568, 4.614289448517214 ], [ -74.077452229041938, 4.614297713988789 ], [ -74.077435767414372, 4.614308780282975 ], [ -74.077424528591848, 4.614316335699177 ], [ -74.07744165587107, 4.614343993822661 ], [ -74.07751582617081, 4.614463764793885 ], [ -74.077541251188293, 4.614446666168698 ], [ -74.07756594677376, 4.614430058224252 ], [ -74.077561168634773, 4.614422427595348 ], [ -74.077542022841129, 4.614391852250057 ], [ -74.077536250267116, 4.614382634070174 ], [ -74.077524292792376, 4.614363539588381 ], [ -74.07751802883989, 4.614353537929984 ], [ -74.077512293995099, 4.614344377055438 ], [ -74.077473942220692, 4.614283118012982 ], [ -74.077466450271217, 4.614288154658863 ] ] ] } },
{ "type": "Feature", "id": 86, "properties": { "FID": 86, "LotCodigo": "006103027009", "NUMERO_FIC": "006103-027-09", "NOMBRE": "KR 18 BIS 22 D 28", "DIRECCION": "KR 18 BIS 22 D 28", "ACTO_ADMIN": "DEC", "NUMERO_ACT": "606", "FECHA_ACTO": 996105600000, "OBSERVACIO": " ", "OTROS": "Oficio SDP 2-2017-44846 de agosto 28 de 2017", "LOCALIZACI": "Bien Interés Cultural - Fuera de Sector Interés Cultural", "Nivel_Inte": "POT 555 - Nivel 2", "Responsabl": "IDPC - Instituto Distrital de Patrimonio Cultural", "Localidad": "14", "Categoria": "Conservación Tipológica", "AMBITO": "Distrital", "Shape_Leng": 52.170091454599998, "Shape_Area": 130.313162904, "FMI": "" }, "geometry": { "type": "Polygon", "coordinates": [ [ [ -74.077423356290396, 4.614317120072805 ], [ -74.07740203208219, 4.614331417878467 ], [ -74.077399077523211, 4.614333398511345 ], [ -74.077374893079138, 4.614350823066176 ], [ -74.077411436544892, 4.614409835535272 ], [ -74.077442385303073, 4.614459810692087 ], [ -74.077466191556411, 4.614498253049129 ], [ -74.07751582617081, 4.614463764793885 ], [ -74.07744165587107, 4.614343993822661 ], [ -74.077424528591848, 4.614316335699177 ], [ -74.077423356290396, 4.614317120072805 ] ] ] } },
{ "type": "Feature", "id": 87, "properties": { "FID": 87, "LotCodigo": "006103027010", "NUMERO_FIC": "006103-027-10", "NOMBRE": "KR 18 BIS 22 D 30", "DIRECCION": "KR 18 BIS 22 D 30", "ACTO_ADMIN": "DEC", "NUMERO_ACT": "606", "FECHA_ACTO": 996105600000, "OBSERVACIO": " ", "OTROS": "Oficio SDP 2-2017-44846 de agosto 28 de 2017", "LOCALIZACI": "Bien Interés Cultural - Fuera de Sector Interés Cultural", "Nivel_Inte": "POT 555 - Nivel 2", "Responsabl": "IDPC - Instituto Distrital de Patrimonio Cultural", "Localidad": "14", "Categoria": "Conservación Tipológica", "AMBITO": "Distrital", "Shape_Leng": 52.153903784800001, "Shape_Area": 129.91438984600001, "FMI": "" }, "geometry": { "type": "Polygon", "coordinates": [ [ [ -74.077325886387129, 4.614386162855702 ], [ -74.077369689138706, 4.614456933760668 ], [ -74.077417184864402, 4.614533521199032 ], [ -74.077466191556411, 4.614498253049129 ], [ -74.077442385303073, 4.614459810692087 ], [ -74.077411436544892, 4.614409835535272 ], [ -74.077374893079138, 4.614350823066176 ], [ -74.077325886387129, 4.614386162855702 ] ] ] } },
{ "type": "Feature", "id": 88, "properties": { "FID": 88, "LotCodigo": "006103027015", "NUMERO_FIC": "006103-027-15", "NOMBRE": "CL 23 18 19", "DIRECCION": "CL 23 18 19", "ACTO_ADMIN": "DEC", "NUMERO_ACT": "606", "FECHA_ACTO": 996105600000, "OBSERVACIO": " ", "OTROS": "Oficio SDP 2-2017-44846 de agosto 28 de 2017", "LOCALIZACI": "Bien Interés Cultural - Fuera de Sector Interés Cultural", "Nivel_Inte": "POT 555 - Nivel 2", "Responsabl": "IDPC - Instituto Distrital de Patrimonio Cultural", "Localidad": "14", "Categoria": "Conservación Tipológica", "AMBITO": "Distrital", "Shape_Leng": 65.963183951399998, "Shape_Area": 197.356013604, "FMI": "" }, "geometry": { "type": "Polygon", "coordinates": [ [ [ -74.07723414414211, 4.614156524033837 ], [ -74.077078246016129, 4.614264108591899 ], [ -74.07710324253722, 4.614300594502477 ], [ -74.077113441110654, 4.614315480588669 ], [ -74.077118539948202, 4.614322922288581 ], [ -74.077170212839974, 4.614286662916294 ], [ -74.077199787175758, 4.614265910144199 ], [ -74.077249971559112, 4.614230694809795 ], [ -74.077303085348603, 4.61419342452187 ], [ -74.077283706891265, 4.614165117224734 ], [ -74.077263840648783, 4.614136030925081 ], [ -74.07723414414211, 4.614156524033837 ] ] ] } },
{ "type": "Feature", "id": 89, "properties": { "FID": 89, "LotCodigo": "006103027016", "NUMERO_FIC": "006103-027-16", "NOMBRE": "CL 23 18 15", "DIRECCION": "CL 23 18 15", "ACTO_ADMIN": "DEC", "NUMERO_ACT": "606", "FECHA_ACTO": 996105600000, "OBSERVACIO": " ", "OTROS": "Oficio SDP 2-2017-44846 de agosto 28 de 2017", "LOCALIZACI": "Bien Interés Cultural - Fuera de Sector Interés Cultural", "Nivel_Inte": "POT 555 - Nivel 2", "Responsabl": "IDPC - Instituto Distrital de Patrimonio Cultural", "Localidad": "14", "Categoria": "Conservación Tipológica", "AMBITO": "Distrital", "Shape_Leng": 65.575217324899995, "Shape_Area": 192.40833415700001, "FMI": "" }, "geometry": { "type": "Polygon", "coordinates": [ [ [ -74.077169381000033, 4.614117838108399 ], [ -74.07715077329722, 4.614130689840771 ], [ -74.07712852202765, 4.614146037063581 ], [ -74.077106237520383, 4.614161407566512 ], [ -74.0770877016828, 4.614174192142815 ], [ -74.077039418134603, 4.614207494897486 ], [ -74.077078246016129, 4.614264108591899 ], [ -74.07723414414211, 4.614156524033837 ], [ -74.077263840648783, 4.614136030925081 ], [ -74.077225010970608, 4.614079416325028 ], [ -74.077169381000033, 4.614117838108399 ] ] ] } },
{ "type": "Feature", "id": 90, "properties": { "FID": 90, "LotCodigo": "006103027017", "NUMERO_FIC": "006103-027-17", "NOMBRE": "CL 23 18 13", "DIRECCION": "CL 23 18 13", "ACTO_ADMIN": "DEC", "NUMERO_ACT": "606", "FECHA_ACTO": 996105600000, "OBSERVACIO": " ", "OTROS": "Oficio SDP 2-2017-44846 de agosto 28 de 2017", "LOCALIZACI": "Bien Interés Cultural - Fuera de Sector Interés Cultural", "Nivel_Inte": "POT 555 - Nivel 2", "Responsabl": "IDPC - Instituto Distrital de Patrimonio Cultural", "Localidad": "14", "Categoria": "Conservación Tipológica", "AMBITO": "Distrital", "Shape_Leng": 47.888603789699999, "Shape_Area": 133.66344424600001, "FMI": "" }, "geometry": { "type": "Polygon", "coordinates": [ [ [ -74.077070033617815, 4.614089828977736 ], [ -74.077047750008859, 4.61410519858651 ], [ -74.076995797741034, 4.614141032651229 ], [ -74.077039418134603, 4.614207494897486 ], [ -74.0770877016828, 4.614174192142815 ], [ -74.077106237520383, 4.614161407566512 ], [ -74.07712852202765, 4.614146037063581 ], [ -74.07715077329722, 4.614130689840771 ], [ -74.077137374924746, 4.614110274631416 ], [ -74.077107152903665, 4.614064226691927 ], [ -74.077070033617815, 4.614089828977736 ] ] ] } },
{ "type": "Feature", "id": 91, "properties": { "FID": 91, "LotCodigo": "006103027018", "NUMERO_FIC": "006103-027-18", "NOMBRE": "CL 23 18 9", "DIRECCION": "CL 23 18 9", "ACTO_ADMIN": "DEC", "NUMERO_ACT": "606", "FECHA_ACTO": 996105600000, "OBSERVACIO": " ", "OTROS": "Oficio SDP 2-2017-44846 de agosto 28 de 2017", "LOCALIZACI": "Bien Interés Cultural - Fuera de Sector Interés Cultural", "Nivel_Inte": "POT 555 - Nivel 2", "Responsabl": "IDPC - Instituto Distrital de Patrimonio Cultural", "Localidad": "14", "Categoria": "Conservación Tipológica", "AMBITO": "Distrital", "Shape_Leng": 42.138382074399999, "Shape_Area": 90.344364669699999, "FMI": "" }, "geometry": { "type": "Polygon", "coordinates": [ [ [ -74.07706819296979, 4.614026277678993 ], [ -74.077037620605722, 4.614047078809894 ], [ -74.077029379461294, 4.614052684038984 ], [ -74.076966041945568, 4.614095778041619 ], [ -74.076995797741034, 4.614141032651229 ], [ -74.077047750008859, 4.61410519858651 ], [ -74.077070033617815, 4.614089828977736 ], [ -74.077107152903665, 4.614064226691927 ], [ -74.077091766559477, 4.614040810086379 ], [ -74.077084311440927, 4.614029460840355 ], [ -74.077077885791709, 4.614019682132816 ], [ -74.07706819296979, 4.614026277678993 ] ] ] } },
{ "type": "Feature", "id": 92, "properties": { "FID": 92, "LotCodigo": "006103027019", "NUMERO_FIC": "006103-027-19", "NOMBRE": "KR 18 22 D 45", "DIRECCION": "KR 18 22 D 45", "ACTO_ADMIN": "DEC", "NUMERO_ACT": "606", "FECHA_ACTO": 996105600000, "OBSERVACIO": " ", "OTROS": "Oficio SDP 2-2017-44846 de agosto 28 de 2017", "LOCALIZACI": "Bien Interés Cultural - Fuera de Sector Interés Cultural", "Nivel_Inte": "POT 555 - Nivel 2", "Responsabl": "IDPC - Instituto Distrital de Patrimonio Cultural", "Localidad": "14", "Categoria": "Conservación Tipológica", "AMBITO": "Distrital", "Shape_Leng": 42.032743215099998, "Shape_Area": 89.575466492999993, "FMI": "" }, "geometry": { "type": "Polygon", "coordinates": [ [ [ -74.077039329201384, 4.613982384076291 ], [ -74.077009241029259, 4.614002281745804 ], [ -74.076970140958196, 4.614028136537802 ], [ -74.076936287946722, 4.614050522533705 ], [ -74.076966041945568, 4.614095778041619 ], [ -74.077029379461294, 4.614052684038984 ], [ -74.077037620605722, 4.614047078809894 ], [ -74.07706819296979, 4.614026277678993 ], [ -74.077077885791709, 4.614019682132816 ], [ -74.077064489215871, 4.613999309899691 ], [ -74.077049107363251, 4.613975917467916 ], [ -74.077039329201384, 4.613982384076291 ] ] ] } },
{ "type": "Feature", "id": 93, "properties": { "FID": 93, "LotCodigo": "006103031024", "NUMERO_FIC": "006103-031-24", "NOMBRE": "CL 23 A 18 47", "DIRECCION": "CL 23 A 18 47", "ACTO_ADMIN": "DEC", "NUMERO_ACT": "606", "FECHA_ACTO": 996105600000, "OBSERVACIO": "<Null>", "OTROS": "Oficio SDP 2-2017-44846 de agosto 28 de 2017", "LOCALIZACI": "Bien Interés Cultural - Fuera de Sector Interés Cultural", "Nivel_Inte": "POT 555 - Nivel 2", "Responsabl": "IDPC - Instituto Distrital de Patrimonio Cultural", "Localidad": "14", "Categoria": "Conservación Tipológica", "AMBITO": "Distrital", "Shape_Leng": 46.593662931200001, "Shape_Area": 134.76495495500001, "FMI": "" }, "geometry": { "type": "Polygon", "coordinates": [ [ [ -74.076930404879931, 4.615030387533979 ], [ -74.07691120967894, 4.615043832006468 ], [ -74.076923974739131, 4.615063515644946 ], [ -74.076963283219328, 4.61512413261633 ], [ -74.077013809860816, 4.61508938024771 ], [ -74.077024243792835, 4.615082204490475 ], [ -74.077032423851804, 4.61507657688444 ], [ -74.07705619057927, 4.615060231307726 ], [ -74.077003553795194, 4.61497915169014 ], [ -74.076930404879931, 4.615030387533979 ] ] ] } },
{ "type": "Feature", "id": 94, "properties": { "FID": 94, "LotCodigo": "006103032002", "NUMERO_FIC": "006103-032-02", "NOMBRE": "CL 22 D 18 48", "DIRECCION": "CL 22 D 18 48", "ACTO_ADMIN": "DEC", "NUMERO_ACT": "606", "FECHA_ACTO": 996105600000, "OBSERVACIO": " ", "OTROS": "Oficio SDP 2-2017-44846 de agosto 28 de 2017", "LOCALIZACI": "Bien Interés Cultural - Fuera de Sector Interés Cultural", "Nivel_Inte": "POT 555 - Nivel 2", "Responsabl": "IDPC - Instituto Distrital de Patrimonio Cultural", "Localidad": "14", "Categoria": "Conservación Tipológica", "AMBITO": "Distrital", "Shape_Leng": 69.395065916199997, "Shape_Area": 248.067378945, "FMI": "" }, "geometry": { "type": "Polygon", "coordinates": [ [ [ -74.077823047303028, 4.614665621840864 ], [ -74.077798833214558, 4.614681255581139 ], [ -74.077795796010562, 4.614683215618764 ], [ -74.077785196788525, 4.614690060976259 ], [ -74.077724589252938, 4.61472919815369 ], [ -74.077720021319735, 4.614732146716229 ], [ -74.077701855588032, 4.614743864857155 ], [ -74.077694289976733, 4.614748744804188 ], [ -74.077689725636773, 4.614751689785081 ], [ -74.07768291011871, 4.614756086214364 ], [ -74.077697760168675, 4.614778731854268 ], [ -74.07770372767709, 4.614787830045 ], [ -74.07770669121922, 4.614792351830522 ], [ -74.077732450409982, 4.614831628685172 ], [ -74.077751387794507, 4.614819397479773 ], [ -74.077758976762013, 4.614814496043546 ], [ -74.077785476164593, 4.614797378623336 ], [ -74.077786994317421, 4.614796397261573 ], [ -74.077839273571996, 4.614762628029555 ], [ -74.077853717583466, 4.614753297929068 ], [ -74.077857460863243, 4.614750879445237 ], [ -74.077865799025716, 4.614745493595426 ], [ -74.077883985418637, 4.614733745906273 ], [ -74.077918078280305, 4.614711724360944 ], [ -74.077892320886164, 4.614672484211209 ], [ -74.077868537989005, 4.614636250823481 ], [ -74.077823047303028, 4.614665621840864 ] ] ] } },
{ "type": "Feature", "id": 95, "properties": { "FID": 95, "LotCodigo": "006103032003", "NUMERO_FIC": "006103-032-03", "NOMBRE": "CL 22 D 18 56", "DIRECCION": "CL 22 D 18 56", "ACTO_ADMIN": "DEC", "NUMERO_ACT": "606", "FECHA_ACTO": 996105600000, "OBSERVACIO": " ", "OTROS": "Oficio SDP 2-2017-44846 de agosto 28 de 2017", "LOCALIZACI": "Bien Interés Cultural - Fuera de Sector Interés Cultural", "Nivel_Inte": "POT 555 - Nivel 2", "Responsabl": "IDPC - Instituto Distrital de Patrimonio Cultural", "Localidad": "14", "Categoria": "Conservación Tipológica", "AMBITO": "Distrital", "Shape_Leng": 69.390677252800003, "Shape_Area": 248.02405533000001, "FMI": "" }, "geometry": { "type": "Polygon", "coordinates": [ [ [ -74.077883985418637, 4.614733745906273 ], [ -74.077865799025716, 4.614745493595426 ], [ -74.077857460863243, 4.614750879445237 ], [ -74.077853717583466, 4.614753297929068 ], [ -74.077839273571996, 4.614762628029555 ], [ -74.077786994317421, 4.614796397261573 ], [ -74.077785476164593, 4.614797378623336 ], [ -74.077758976762013, 4.614814496043546 ], [ -74.077751387794507, 4.614819397479773 ], [ -74.077732450409982, 4.614831628685172 ], [ -74.077765234426295, 4.61488144890757 ], [ -74.077770654860714, 4.614889687510139 ], [ -74.077782059871566, 4.614907103097278 ], [ -74.077797240501553, 4.614897293062765 ], [ -74.077804775570144, 4.614892424756958 ], [ -74.077872951412019, 4.614848370035258 ], [ -74.077903248891587, 4.614828791152989 ], [ -74.077967618571591, 4.614787196995015 ], [ -74.077918078280305, 4.614711724360944 ], [ -74.077883985418637, 4.614733745906273 ] ] ] } },
{ "type": "Feature", "id": 96, "properties": { "FID": 96, "LotCodigo": "006103032004", "NUMERO_FIC": "006103-032-04", "NOMBRE": "CL 22 D 18 62", "DIRECCION": "CL 22 D 18 62", "ACTO_ADMIN": "DEC", "NUMERO_ACT": "606", "FECHA_ACTO": 996105600000, "OBSERVACIO": " ", "OTROS": "Oficio SDP 2-2017-44846 de agosto 28 de 2017", "LOCALIZACI": "Bien Interés Cultural - Fuera de Sector Interés Cultural", "Nivel_Inte": "POT 555 - Nivel 2", "Responsabl": "IDPC - Instituto Distrital de Patrimonio Cultural", "Localidad": "14", "Categoria": "Conservación Tipológica", "AMBITO": "Distrital", "Shape_Leng": 69.390892616200006, "Shape_Area": 248.033386662, "FMI": "" }, "geometry": { "type": "Polygon", "coordinates": [ [ [ -74.077903248891587, 4.614828791152989 ], [ -74.077872951412019, 4.614848370035258 ], [ -74.077804775570144, 4.614892424756958 ], [ -74.077797240501553, 4.614897293062765 ], [ -74.077782059871566, 4.614907103097278 ], [ -74.077808299661015, 4.614947035380477 ], [ -74.077831601061177, 4.614982576605985 ], [ -74.077854316759755, 4.614967903639617 ], [ -74.077905806395208, 4.614934643004569 ], [ -74.077924012551065, 4.614922882782878 ], [ -74.077946697706949, 4.614908229514199 ], [ -74.07797781534839, 4.614888127718214 ], [ -74.078017228931472, 4.614862670516469 ], [ -74.077967618571591, 4.614787196995015 ], [ -74.077903248891587, 4.614828791152989 ] ] ] } },
{ "type": "Feature", "id": 97, "properties": { "FID": 97, "LotCodigo": "006103037020", "NUMERO_FIC": "006103-037-20", "NOMBRE": "CL 22 18 19", "DIRECCION": "CL 22 18 19", "ACTO_ADMIN": "DEC", "NUMERO_ACT": "606", "FECHA_ACTO": 996105600000, "OBSERVACIO": " ", "OTROS": "Oficio SDP 2-2017-44846 de agosto 28 de 2017", "LOCALIZACI": "Bien Interés Cultural - Fuera de Sector Interés Cultural", "Nivel_Inte": "POT 555 - Nivel 2", "Responsabl": "IDPC - Instituto Distrital de Patrimonio Cultural", "Localidad": "14", "Categoria": "Conservación Tipológica", "AMBITO": "Distrital", "Shape_Leng": 83.167276104400003, "Shape_Area": 316.93112616399998, "FMI": "" }, "geometry": { "type": "Polygon", "coordinates": [ [ [ -74.078671088372275, 4.612999279843923 ], [ -74.078662885855408, 4.613008902764991 ], [ -74.078635753140588, 4.61304078993857 ], [ -74.07862607918328, 4.61305215979473 ], [ -74.078611456407074, 4.61306934530777 ], [ -74.078596792308375, 4.613086578276916 ], [ -74.078571289137457, 4.61311651704534 ], [ -74.078524432113937, 4.613171527156141 ], [ -74.078530876627767, 4.613176549483407 ], [ -74.078589263527988, 4.613222063819095 ], [ -74.078595650549644, 4.613227043166554 ], [ -74.078648317876443, 4.613165188583301 ], [ -74.0786695675245, 4.613140230060456 ], [ -74.078678220995627, 4.613130066316461 ], [ -74.078679290889127, 4.613128811853786 ], [ -74.078687143063036, 4.613119587389663 ], [ -74.078750773429547, 4.613044857764715 ], [ -74.078779152107685, 4.613011527197966 ], [ -74.07870737042829, 4.612956718540957 ], [ -74.078671088372275, 4.612999279843923 ] ] ] } },
{ "type": "Feature", "id": 98, "properties": { "FID": 98, "LotCodigo": "006103037021", "NUMERO_FIC": "006103-037-21", "NOMBRE": "CL 22 18 13", "DIRECCION": "CL 22 18 13", "ACTO_ADMIN": "DEC", "NUMERO_ACT": "606", "FECHA_ACTO": 996105600000, "OBSERVACIO": " ", "OTROS": "Oficio SDP 2-2017-44846 de agosto 28 de 2017", "LOCALIZACI": "Bien Interés Cultural - Fuera de Sector Interés Cultural", "Nivel_Inte": "POT 555 - Nivel 2", "Responsabl": "IDPC - Instituto Distrital de Patrimonio Cultural", "Localidad": "14", "Categoria": "Conservación Tipológica", "AMBITO": "Distrital", "Shape_Leng": 54.1827302664, "Shape_Area": 181.751513278, "FMI": "" }, "geometry": { "type": "Polygon", "coordinates": [ [ [ -74.078436461894782, 4.613072714717705 ], [ -74.078423518069854, 4.613089809794359 ], [ -74.07844162361441, 4.61310447115926 ], [ -74.078443370837633, 4.613105885004063 ], [ -74.078444304187215, 4.613106640726078 ], [ -74.078445159383378, 4.613107332874256 ], [ -74.078446476313573, 4.613108401092663 ], [ -74.078447332408047, 4.613109092345465 ], [ -74.078524432113937, 4.613171527156141 ], [ -74.078571289137457, 4.61311651704534 ], [ -74.078596792308375, 4.613086578276916 ], [ -74.078575362997285, 4.613070066108984 ], [ -74.078550290119381, 4.613050745054408 ], [ -74.078488910032661, 4.613003446164931 ], [ -74.078436461894782, 4.613072714717705 ] ] ] } },
{ "type": "Feature", "id": 99, "properties": { "FID": 99, "LotCodigo": "006103037022", "NUMERO_FIC": "006103-037-22", "NOMBRE": "KR 18 21 45", "DIRECCION": "KR 18 21 45", "ACTO_ADMIN": "DEC", "NUMERO_ACT": "606", "FECHA_ACTO": 996105600000, "OBSERVACIO": " ", "OTROS": "Oficio SDP 2-2017-44846 de agosto 28 de 2017", "LOCALIZACI": "Bien Interés Cultural - Fuera de Sector Interés Cultural", "Nivel_Inte": "POT 555 - Nivel 2", "Responsabl": "IDPC - Instituto Distrital de Patrimonio Cultural", "Localidad": "14", "Categoria": "Conservación Tipológica", "AMBITO": "Distrital", "Shape_Leng": 53.5141707063, "Shape_Area": 174.45106832299999, "FMI": "" }, "geometry": { "type": "Polygon", "coordinates": [ [ [ -74.078544758293873, 4.612930300499954 ], [ -74.078493798664425, 4.612997041330598 ], [ -74.078488910032661, 4.613003446164931 ], [ -74.078550290119381, 4.613050745054408 ], [ -74.078575362997285, 4.613070066108984 ], [ -74.078596792308375, 4.613086578276916 ], [ -74.078611456407074, 4.61306934530777 ], [ -74.07862607918328, 4.61305215979473 ], [ -74.078635753140588, 4.61304078993857 ], [ -74.078662885855408, 4.613008902764991 ], [ -74.078632599155611, 4.612986122757831 ], [ -74.078614525950414, 4.612972529609103 ], [ -74.078549725977382, 4.612923792693304 ], [ -74.078544758293873, 4.612930300499954 ] ] ] } },
{ "type": "Feature", "id": 100, "properties": { "FID": 100, "LotCodigo": "006103040012", "NUMERO_FIC": "006103-040-12", "NOMBRE": "AK 19 23 42", "DIRECCION": "AK 19 23 42", "ACTO_ADMIN": "DEC", "NUMERO_ACT": "606", "FECHA_ACTO": 996105600000, "OBSERVACIO": " ", "OTROS": "Oficio SDP 2-2017-44846 de agosto 28 de 2017", "LOCALIZACI": "Bien Interés Cultural - Fuera de Sector Interés Cultural", "Nivel_Inte": "POT 555 - Nivel 2", "Responsabl": "IDPC - Instituto Distrital de Patrimonio Cultural", "Localidad": "14", "Categoria": "Conservación Tipológica", "AMBITO": "Distrital", "Shape_Leng": 57.233087324400003, "Shape_Area": 196.82955760900001, "FMI": "" }, "geometry": { "type": "Polygon", "coordinates": [ [ [ -74.077784476339673, 4.616209814665999 ], [ -74.077718875967733, 4.61624570145311 ], [ -74.077723778074244, 4.616253318631415 ], [ -74.077790304609238, 4.616356690009501 ], [ -74.077790716935951, 4.616357330221301 ], [ -74.077791229873981, 4.616357189643317 ], [ -74.077813985996755, 4.616350870797746 ], [ -74.077898323428897, 4.616327457849238 ], [ -74.077831209395697, 4.616217182027712 ], [ -74.077816173394481, 4.616192476115339 ], [ -74.077784476339673, 4.616209814665999 ] ] ] } },
{ "type": "Feature", "id": 101, "properties": { "FID": 101, "LotCodigo": "006103042010", "NUMERO_FIC": "006103-042-10", "NOMBRE": "EDIFICIO LYR", "DIRECCION": "CL 22 C 18 B 92", "ACTO_ADMIN": "DEC", "NUMERO_ACT": "606", "FECHA_ACTO": 996105600000, "OBSERVACIO": " ", "OTROS": "Oficio SDP 2-2017-44846 de agosto 28 de 2017", "LOCALIZACI": "Bien Interés Cultural - Fuera de Sector Interés Cultural", "Nivel_Inte": "POT 555 - Nivel 1", "Responsabl": "IDPC - Instituto Distrital de Patrimonio Cultural", "Localidad": "14", "Categoria": "Conservación Integral", "AMBITO": "Distrital", "Shape_Leng": 106.644397525, "Shape_Area": 682.06449185500003, "FMI": "" }, "geometry": { "type": "Polygon", "coordinates": [ [ [ -74.079108166368712, 4.615764945143753 ], [ -74.079077805108724, 4.615784415656597 ], [ -74.07898292953999, 4.61584526089389 ], [ -74.078962422798696, 4.615858410763739 ], [ -74.078948731575451, 4.615867191968434 ], [ -74.078979957913049, 4.615915768405224 ], [ -74.079001447411258, 4.615949196434411 ], [ -74.079023930446212, 4.615984173506733 ], [ -74.079025866315632, 4.615987185637595 ], [ -74.079053220016036, 4.616029736909443 ], [ -74.079113339766423, 4.615989840503239 ], [ -74.079262274152327, 4.615891009653665 ], [ -74.07926325062104, 4.615890362278279 ], [ -74.079291439754655, 4.615871655545987 ], [ -74.079273361159565, 4.6158426024461 ], [ -74.079272358639699, 4.615840989827532 ], [ -74.079191701605296, 4.61571137145857 ], [ -74.079108166368712, 4.615764945143753 ] ] ] } },
{ "type": "Feature", "id": 102, "properties": { "FID": 102, "LotCodigo": "006103042019", "NUMERO_FIC": "006103-042-19", "NOMBRE": "Dirección actual: Diagonal 22 C Bis No. 18 B-39 / 43 / 47 / 55 / 67 / 69", "DIRECCION": "DG 22 C BIS 18 B 55", "ACTO_ADMIN": "DEC", "NUMERO_ACT": "606", "FECHA_ACTO": 996105600000, "OBSERVACIO": " ", "OTROS": "Oficio SDP 2-2017-44846 de agosto 28 de 2017", "LOCALIZACI": "Bien Interés Cultural - Fuera de Sector Interés Cultural", "Nivel_Inte": "POT 555 - Nivel 2", "Responsabl": "IDPC - Instituto Distrital de Patrimonio Cultural", "Localidad": "14", "Categoria": "Conservación Tipológica", "AMBITO": "Distrital", "Shape_Leng": 149.74668588200001, "Shape_Area": 1419.7335795199999, "FMI": "" }, "geometry": { "type": "Polygon", "coordinates": [ [ [ -74.078655905945666, 4.615608585579412 ], [ -74.078569279606171, 4.615619667970405 ], [ -74.07853619016268, 4.615623905908183 ], [ -74.078488790556733, 4.615629976733866 ], [ -74.078477173543462, 4.615631463996642 ], [ -74.078519470718604, 4.615990558615302 ], [ -74.078578405591159, 4.615982083639486 ], [ -74.078581886562873, 4.615981584005389 ], [ -74.078606861524406, 4.615977992549689 ], [ -74.078642532726022, 4.615972864584841 ], [ -74.078696055248969, 4.615965167712795 ], [ -74.078749578670227, 4.61595746546826 ], [ -74.078828038425456, 4.615946220119474 ], [ -74.078854345588553, 4.615928782172765 ], [ -74.078867150174617, 4.615920294660581 ], [ -74.078850536731736, 4.615870031287276 ], [ -74.078832256015701, 4.615814720530555 ], [ -74.078806963948892, 4.615745095875407 ], [ -74.078782174938624, 4.615676241259083 ], [ -74.078758003070959, 4.615606178738725 ], [ -74.078754195112467, 4.615595993540391 ], [ -74.078655905945666, 4.615608585579412 ] ] ] } },
{ "type": "Feature", "id": 103, "properties": { "FID": 103, "LotCodigo": "006103049022", "NUMERO_FIC": "006103-049-22", "NOMBRE": "DG 23 BIS 19 25", "DIRECCION": "DG 23 BIS 19 25", "ACTO_ADMIN": "DEC", "NUMERO_ACT": "606", "FECHA_ACTO": 996105600000, "OBSERVACIO": " ", "OTROS": "Oficio SDP 2-2017-44846 de agosto 28 de 2017", "LOCALIZACI": "Bien Interés Cultural - Fuera de Sector Interés Cultural", "Nivel_Inte": "POT 555 - Nivel 2", "Responsabl": "IDPC - Instituto Distrital de Patrimonio Cultural", "Localidad": "14", "Categoria": "Conservación Tipológica", "AMBITO": "Distrital", "Shape_Leng": 65.693960731399997, "Shape_Area": 196.82200810699999, "FMI": "" }, "geometry": { "type": "Polygon", "coordinates": [ [ [ -74.078762504528839, 4.616558366542522 ], [ -74.078746388752663, 4.616560423278288 ], [ -74.078702614747172, 4.616566011474909 ], [ -74.078675793747735, 4.616569432801459 ], [ -74.078587373472629, 4.616580716642637 ], [ -74.078599851970253, 4.616652017405973 ], [ -74.078676776504651, 4.616642429454958 ], [ -74.078724986391009, 4.616636419525169 ], [ -74.078752855724375, 4.616632946265689 ], [ -74.078778827815881, 4.616629708496572 ], [ -74.07883228925337, 4.616623044924118 ], [ -74.078804185459717, 4.616580427428165 ], [ -74.078787534287613, 4.616555173543137 ], [ -74.078762504528839, 4.616558366542522 ] ] ] } },
{ "type": "Feature", "id": 104, "properties": { "FID": 104, "LotCodigo": "006103054001", "NUMERO_FIC": "006103-054-01", "NOMBRE": "DG 23 BIS 19 A 11", "DIRECCION": "DG 23 BIS 19 A 11", "ACTO_ADMIN": "DEC", "NUMERO_ACT": "606", "FECHA_ACTO": 996105600000, "OBSERVACIO": " ", "OTROS": "Oficio SDP 2-2017-44846 de agosto 28 de 2017", "LOCALIZACI": "Bien Interés Cultural - Fuera de Sector Interés Cultural", "Nivel_Inte": "POT 555 - Nivel 2", "Responsabl": "IDPC - Instituto Distrital de Patrimonio Cultural", "Localidad": "14", "Categoria": "Conservación Tipológica", "AMBITO": "Distrital", "Shape_Leng": 56.631682777400002, "Shape_Area": 187.355468608, "FMI": "" }, "geometry": { "type": "Polygon", "coordinates": [ [ [ -74.078679506484804, 4.617229817467934 ], [ -74.078678006298276, 4.617230699436925 ], [ -74.078675828782025, 4.617231978068104 ], [ -74.078674411240499, 4.61723280899931 ], [ -74.078665505342784, 4.617238039926038 ], [ -74.078666952528692, 4.61724701362465 ], [ -74.078667352279012, 4.617249488510162 ], [ -74.078667658604516, 4.617251391235123 ], [ -74.078682051412002, 4.617340649175384 ], [ -74.078736963628685, 4.617337310229326 ], [ -74.078770258786363, 4.617335284834832 ], [ -74.078832208405018, 4.617331517887607 ], [ -74.078813439005458, 4.617302855241848 ], [ -74.078802591848401, 4.617286288552649 ], [ -74.078795121458484, 4.617274880262105 ], [ -74.078782825318896, 4.617256103725129 ], [ -74.078741697750246, 4.617193294996528 ], [ -74.078679506484804, 4.617229817467934 ] ] ] } },
{ "type": "Feature", "id": 105, "properties": { "FID": 105, "LotCodigo": "006103057013", "NUMERO_FIC": "006103-057-13", "NOMBRE": "KR 19 B 22 A 34", "DIRECCION": "KR 19 B 22 A 34", "ACTO_ADMIN": "DEC", "NUMERO_ACT": "606", "FECHA_ACTO": 996105600000, "OBSERVACIO": " ", "OTROS": "Oficio SDP 2-2017-44846 de agosto 28 de 2017", "LOCALIZACI": "Bien Interés Cultural - Fuera de Sector Interés Cultural", "Nivel_Inte": "POT 555 - Nivel 2", "Responsabl": "IDPC - Instituto Distrital de Patrimonio Cultural", "Localidad": "14", "Categoria": "Conservación Tipológica", "AMBITO": "Distrital", "Shape_Leng": 49.917746263200002, "Shape_Area": 154.61010061900001, "FMI": "" }, "geometry": { "type": "Polygon", "coordinates": [ [ [ -74.080536542467684, 4.616398937718258 ], [ -74.080500839825049, 4.616427771422098 ], [ -74.080520393453824, 4.616452610741053 ], [ -74.080537152423759, 4.616473901585147 ], [ -74.080577897310107, 4.616525663816768 ], [ -74.080656038163411, 4.61645067040711 ], [ -74.080643874076145, 4.616437375493247 ], [ -74.080619483917886, 4.616410719405106 ], [ -74.080609773129652, 4.616400106216616 ], [ -74.080596928119405, 4.616386066328128 ], [ -74.08058653550988, 4.616374709956368 ], [ -74.080578040142242, 4.616365422856354 ], [ -74.080536542467684, 4.616398937718258 ] ] ] } },
{ "type": "Feature", "id": 106, "properties": { "FID": 106, "LotCodigo": "006104026019", "NUMERO_FIC": "006104-026-19", "NOMBRE": "CL 21 17 25", "DIRECCION": "CL 21 17 25", "ACTO_ADMIN": "DEC", "NUMERO_ACT": "606", "FECHA_ACTO": 996105600000, "OBSERVACIO": " ", "OTROS": "Oficio SDP 2-2017-44846 de agosto 28 de 2017", "LOCALIZACI": "Bien Interés Cultural - Fuera de Sector Interés Cultural", "Nivel_Inte": "POT 555 - Nivel 1", "Responsabl": "IDPC - Instituto Distrital de Patrimonio Cultural", "Localidad": "14", "Categoria": "Conservación Integral", "AMBITO": "Distrital", "Shape_Leng": 73.4822765941, "Shape_Area": 268.26387693599997, "FMI": "" }, "geometry": { "type": "Polygon", "coordinates": [ [ [ -74.078389115289426, 4.612006760841137 ], [ -74.07836184603066, 4.61204273469516 ], [ -74.078329123998131, 4.612085900452275 ], [ -74.078310030306753, 4.612111088236257 ], [ -74.07826368172968, 4.612172233749466 ], [ -74.078274333053997, 4.612180559237908 ], [ -74.078324086245999, 4.612219444049069 ], [ -74.078334751943373, 4.612227779386425 ], [ -74.078381102317095, 4.612166633877989 ], [ -74.07838273814923, 4.612164475053164 ], [ -74.078403464079457, 4.61213713381866 ], [ -74.078460186401458, 4.612062305595599 ], [ -74.07847927649955, 4.612037122286938 ], [ -74.078408207184168, 4.611981574844271 ], [ -74.078389115289426, 4.612006760841137 ] ] ] } },
{ "type": "Feature", "id": 107, "properties": { "FID": 107, "LotCodigo": "006104026020", "NUMERO_FIC": "006104-026-20", "NOMBRE": "KR 17 20 47", "DIRECCION": "KR 17 20 47", "ACTO_ADMIN": "DEC", "NUMERO_ACT": "606", "FECHA_ACTO": 996105600000, "OBSERVACIO": " ", "OTROS": "Oficio SDP 2-2017-44846 de agosto 28 de 2017", "LOCALIZACI": "Bien Interés Cultural - Fuera de Sector Interés Cultural", "Nivel_Inte": "POT 555 - Nivel 2", "Responsabl": "IDPC - Instituto Distrital de Patrimonio Cultural", "Localidad": "14", "Categoria": "Conservación Tipológica", "AMBITO": "Distrital", "Shape_Leng": 64.078567507800003, "Shape_Area": 239.923002642, "FMI": "" }, "geometry": { "type": "Polygon", "coordinates": [ [ [ -74.078180978333037, 4.611982720069347 ], [ -74.078162979688003, 4.612006463566155 ], [ -74.078131892589283, 4.612047470500336 ], [ -74.078120985245107, 4.612061859683151 ], [ -74.078135255881719, 4.612072898254607 ], [ -74.078235141354781, 4.612150159295735 ], [ -74.078258687096692, 4.612168370966344 ], [ -74.07826368172968, 4.612172233749466 ], [ -74.078310030306753, 4.612111088236257 ], [ -74.078329123998131, 4.612085900452275 ], [ -74.078298091696638, 4.612062634209784 ], [ -74.078246133140595, 4.612023675071291 ], [ -74.078184796173005, 4.61197768430253 ], [ -74.078180978333037, 4.611982720069347 ] ] ] } },
{ "type": "Feature", "id": 108, "properties": { "FID": 108, "LotCodigo": "006104026021", "NUMERO_FIC": "006104-026-21", "NOMBRE": "KR 17 20 37", "DIRECCION": "KR 17 20 37", "ACTO_ADMIN": "DEC", "NUMERO_ACT": "606", "FECHA_ACTO": 996105600000, "OBSERVACIO": " ", "OTROS": "Oficio SDP 2-2017-44846 de agosto 28 de 2017", "LOCALIZACI": "Bien Interés Cultural - Fuera de Sector Interés Cultural", "Nivel_Inte": "POT 555 - Nivel 2", "Responsabl": "IDPC - Instituto Distrital de Patrimonio Cultural", "Localidad": "14", "Categoria": "Conservación Tipológica", "AMBITO": "Distrital", "Shape_Leng": 62.364962019899998, "Shape_Area": 222.71678678000001, "FMI": "" }, "geometry": { "type": "Polygon", "coordinates": [ [ [ -74.078184796173005, 4.61197768430253 ], [ -74.078246133140595, 4.612023675071291 ], [ -74.078298091696638, 4.612062634209784 ], [ -74.078329123998131, 4.612085900452275 ], [ -74.07836184603066, 4.61204273469516 ], [ -74.078389115289426, 4.612006760841137 ], [ -74.078357588016203, 4.611983121211521 ], [ -74.078353031761097, 4.611979705235266 ], [ -74.078320557663574, 4.611955355547267 ], [ -74.078302515899395, 4.611941827743479 ], [ -74.078244788362625, 4.611898542888497 ], [ -74.078184796173005, 4.61197768430253 ] ] ] } },
{ "type": "Feature", "id": 109, "properties": { "FID": 109, "LotCodigo": "006106020001", "NUMERO_FIC": "006106-020-01", "NOMBRE": "Colegio San Fason", "DIRECCION": "AC 19 19 27", "ACTO_ADMIN": "DEC", "NUMERO_ACT": "606", "FECHA_ACTO": 996105600000, "OBSERVACIO": " ", "OTROS": "Oficio SDP 2-2017-44846 de agosto 28 de 2017", "LOCALIZACI": "Bien Interés Cultural - Fuera de Sector Interés Cultural", "Nivel_Inte": "POT 555 - Nivel 1", "Responsabl": "IDPC - Instituto Distrital de Patrimonio Cultural", "Localidad": "14", "Categoria": "Conservación Integral", "AMBITO": "Distrital", "Shape_Leng": 1350.33476774, "Shape_Area": 76092.108762000003, "FMI": "" }, "geometry": { "type": "Polygon", "coordinates": [ [ [ -74.081047217638726, 4.612026532313636 ], [ -74.081208707777364, 4.612154536937645 ], [ -74.081425233201855, 4.612326169310699 ], [ -74.081758903430995, 4.612577328014028 ], [ -74.082006771075768, 4.612783037632288 ], [ -74.082292772204354, 4.613000708910847 ], [ -74.082457222291836, 4.613130799653264 ], [ -74.082700324374017, 4.61332362512983 ], [ -74.08286591801685, 4.613469943233411 ], [ -74.08344931630171, 4.613940737935298 ], [ -74.083973917156285, 4.613278435832706 ], [ -74.084061338504782, 4.613167924045959 ], [ -74.084148197507929, 4.613058327346171 ], [ -74.084233435950281, 4.612950780212421 ], [ -74.08357783826942, 4.612457504791058 ], [ -74.083504813321653, 4.612402560884981 ], [ -74.082868534809293, 4.611923820219806 ], [ -74.082857730771366, 4.611938321330977 ], [ -74.082852275302628, 4.611945639489653 ], [ -74.082777045889173, 4.611893090756958 ], [ -74.082726447382484, 4.611857705177613 ], [ -74.082615467715641, 4.611780222939143 ], [ -74.082600687734271, 4.611769911433567 ], [ -74.082526653978448, 4.611718349426351 ], [ -74.082437842936216, 4.611656337120064 ], [ -74.082464872344801, 4.61162018147883 ], [ -74.082523270923105, 4.611555129256645 ], [ -74.082588388899723, 4.611482594110242 ], [ -74.082614978133819, 4.61145297672419 ], [ -74.082614224447298, 4.611453614254164 ], [ -74.082613384522503, 4.611454188210238 ], [ -74.082612534716247, 4.611454746944363 ], [ -74.082611675926842, 4.611455290456582 ], [ -74.082610807255961, 4.611455820537693 ], [ -74.082609929601929, 4.611456333606082 ], [ -74.082609042964748, 4.611456832347934 ], [ -74.082608147344402, 4.611457314972457 ], [ -74.082607243639231, 4.611457781479634 ], [ -74.082606331849206, 4.611458233660325 ], [ -74.082605412872681, 4.611458668828257 ], [ -74.082604485811302, 4.61145908698346 ], [ -74.08260355336003, 4.61145948991671 ], [ -74.082602611925623, 4.611459876732668 ], [ -74.082601663304672, 4.611460245640474 ], [ -74.082600711090478, 4.611460599326337 ], [ -74.082599751689756, 4.611460935999462 ], [ -74.08259878689914, 4.611461254764476 ], [ -74.082597816718632, 4.61146155741211 ], [ -74.082596839351609, 4.611461843047037 ], [ -74.082595860187936, 4.611462110773806 ], [ -74.082594873837763, 4.611462362383286 ], [ -74.08259388479263, 4.611462596084561 ], [ -74.082592893052563, 4.611462811877702 ], [ -74.082591895024279, 4.611463011553517 ], [ -74.08259089519936, 4.611463193321205 ], [ -74.082589893577818, 4.611463357180745 ], [ -74.082588886566384, 4.611463504027506 ], [ -74.082587877758328, 4.611463632966188 ], [ -74.082586868051948, 4.611463743996667 ], [ -74.082585856548945, 4.611463837119022 ], [ -74.082584842350983, 4.611463913228663 ], [ -74.082583828153034, 4.611463969639307 ], [ -74.08258281305676, 4.611464009932616 ], [ -74.082581797062161, 4.611464033213227 ], [ -74.082580779270955, 4.611464036794857 ], [ -74.082579764174668, 4.611464024259138 ], [ -74.082578748180097, 4.611463994710706 ], [ -74.082577733083824, 4.611463944567914 ], [ -74.082576718885861, 4.611463878307752 ], [ -74.082575705586237, 4.611463793244057 ], [ -74.082574694083206, 4.611463691167639 ], [ -74.08257368527515, 4.611463572078486 ], [ -74.08257267736542, 4.611463434185779 ], [ -74.082571673947243, 4.611463279280302 ], [ -74.082570672325687, 4.611463105571276 ], [ -74.082569674297417, 4.611462915744954 ], [ -74.08256867896408, 4.611462708905879 ], [ -74.08256768812231, 4.611462484158648 ], [ -74.082566699975501, 4.611462241503287 ], [ -74.082565718116896, 4.611461981835179 ], [ -74.082564738953252, 4.611461704258936 ], [ -74.082563766077797, 4.611461410565347 ], [ -74.08256279769391, 4.611461100754426 ], [ -74.082561836496566, 4.611460773035344 ], [ -74.082560878892465, 4.611460428303547 ], [ -74.082559928474893, 4.611460067454416 ], [ -74.082558984345525, 4.611459689592546 ], [ -74.082557865044677, 4.61145920249099 ], [ -74.082424437377213, 4.611356954136131 ], [ -74.082408665655777, 4.611344867926868 ], [ -74.082572261445421, 4.611125870937465 ], [ -74.082598561422003, 4.611089360687771 ], [ -74.082617085581475, 4.611063645472411 ], [ -74.082757059272424, 4.610869478956453 ], [ -74.082743154250139, 4.610860471151727 ], [ -74.082804323232779, 4.610775872996076 ], [ -74.082824453579974, 4.610748614981105 ], [ -74.082829916235212, 4.6107412215958 ], [ -74.082888366017485, 4.610662039750652 ], [ -74.082889609285857, 4.610660498753004 ], [ -74.082902480347229, 4.610644556008382 ], [ -74.082919265368318, 4.61062376641813 ], [ -74.082868409045147, 4.610584253838357 ], [ -74.082786541980042, 4.6105206467106 ], [ -74.082695877713348, 4.610449512772933 ], [ -74.082692388656795, 4.610446655524257 ], [ -74.082589924120541, 4.610362815730475 ], [ -74.082587857995392, 4.610361126094323 ], [ -74.082547956627096, 4.610328475912247 ], [ -74.082546796003754, 4.610327527674417 ], [ -74.082468880627587, 4.610268314294566 ], [ -74.082461041030101, 4.610262356244528 ], [ -74.082453030752717, 4.610256267464778 ], [ -74.082448093611916, 4.610252515701936 ], [ -74.082446720986155, 4.610251471655283 ], [ -74.082446091267144, 4.610250993507002 ], [ -74.082446064317679, 4.610250972912587 ], [ -74.08244307741937, 4.610248702155891 ], [ -74.082438904744876, 4.61024552972251 ], [ -74.082429672758693, 4.610238515985301 ], [ -74.08240701634891, 4.610221295482799 ], [ -74.082395018449972, 4.610212177534572 ], [ -74.082391427883792, 4.610209449223813 ], [ -74.082304598525056, 4.610169478171623 ], [ -74.08185445183787, 4.609904788983584 ], [ -74.081688666853879, 4.609807305773612 ], [ -74.081417091770433, 4.610007944596876 ], [ -74.081265478608344, 4.610175582174078 ], [ -74.081124906639431, 4.610422035370313 ], [ -74.081034873888413, 4.610612206696508 ], [ -74.08106653950216, 4.610645684222832 ], [ -74.081031135998501, 4.610689678317481 ], [ -74.081015793671767, 4.610681907964676 ], [ -74.080902019346098, 4.611095452146622 ], [ -74.08088736602717, 4.611240716814539 ], [ -74.080864335019925, 4.611408934324812 ], [ -74.080867989366496, 4.611476165086194 ], [ -74.080855108423634, 4.61162998349994 ], [ -74.080852414376096, 4.611700486057501 ], [ -74.080846342663094, 4.611859351830659 ], [ -74.081047217638726, 4.612026532313636 ] ] ] } },
{ "type": "Feature", "id": 110, "properties": { "FID": 110, "LotCodigo": "006106022011", "NUMERO_FIC": "006106-022-03", "NOMBRE": "AC 13 18 90", "DIRECCION": "AC 13 18 90", "ACTO_ADMIN": "DEC", "NUMERO_ACT": "606", "FECHA_ACTO": 996105600000, "OBSERVACIO": "Englobado al predio de la Estación de la Sabana. Estación del Ferrocarril / Declarado Monumento Nacional mediante los Decretos 746 de abril 24 de 1996 y 2390 de septiembre 28 de 1984.", "OTROS": " ", "LOCALIZACI": "Bien Interés Cultural - Fuera de Sector Interés Cultural", "Nivel_Inte": "POT 555 - BIC de Ámbito Nacional", "Responsabl": "Ministerio de Cultura", "Localidad": "14", "Categoria": "Conservación Monumental", "AMBITO": "Nacional", "Shape_Leng": 1818.65149606, "Shape_Area": 75238.737254000007, "FMI": "" }, "geometry": { "type": "Polygon", "coordinates": [ [ [ -74.0805875353348, 4.610692298281986 ], [ -74.080611312842052, 4.610742858401942 ], [ -74.08064306199914, 4.610807946514779 ], [ -74.080666061565367, 4.610894058801518 ], [ -74.080685975418575, 4.610911815637096 ], [ -74.080686357202566, 4.610914020131489 ], [ -74.080686401220007, 4.610914276218169 ], [ -74.080688351462499, 4.610925544031861 ], [ -74.080690731998004, 4.610939303765699 ], [ -74.080690796676706, 4.610941303211568 ], [ -74.080693264348781, 4.611017124560001 ], [ -74.080697970622552, 4.611066242154926 ], [ -74.080702220552183, 4.611161725746891 ], [ -74.080704236371659, 4.611281658428161 ], [ -74.080715204801294, 4.611616833551766 ], [ -74.08075647520208, 4.61162071245519 ], [ -74.080770168221946, 4.611621998259764 ], [ -74.080855108423634, 4.61162998349994 ], [ -74.080867989366496, 4.611476165086194 ], [ -74.080864335019925, 4.611408934324812 ], [ -74.08088736602717, 4.611240716814539 ], [ -74.080902019346098, 4.611095452146622 ], [ -74.081015793671767, 4.610681907964676 ], [ -74.081031135998501, 4.610689678317481 ], [ -74.08106653950216, 4.610645684222832 ], [ -74.081034873888413, 4.610612206696508 ], [ -74.081124906639431, 4.610422035370313 ], [ -74.081265478608344, 4.610175582174078 ], [ -74.081417091770433, 4.610007944596876 ], [ -74.081688666853879, 4.609807305773612 ], [ -74.08185445183787, 4.609904788983584 ], [ -74.082304598525056, 4.610169478171623 ], [ -74.082304983902304, 4.610168983010492 ], [ -74.083330283238368, 4.608880456199322 ], [ -74.083819129348001, 4.608266107609811 ], [ -74.083821705716218, 4.60826286801172 ], [ -74.084172986518183, 4.607765830396481 ], [ -74.084056032156411, 4.60768061941064 ], [ -74.084059268786376, 4.607647182038207 ], [ -74.08385771558271, 4.60746304947465 ], [ -74.083830196592288, 4.607437911669034 ], [ -74.083708736281039, 4.607326946790549 ], [ -74.083684672211206, 4.607304962622983 ], [ -74.083684618312304, 4.60730491427069 ], [ -74.083678333698572, 4.607313475309653 ], [ -74.083630959245426, 4.607378014848743 ], [ -74.08360444187656, 4.607414141157217 ], [ -74.083591142318781, 4.607405073316071 ], [ -74.083484299393831, 4.607332224351705 ], [ -74.083362420467651, 4.607249123801346 ], [ -74.083378326936398, 4.607235495621731 ], [ -74.083342295510349, 4.607208797999263 ], [ -74.083329766707081, 4.607222073386798 ], [ -74.08324081373101, 4.60716189449333 ], [ -74.083254820262923, 4.607143746268717 ], [ -74.083215834277908, 4.607117895703276 ], [ -74.083202671264047, 4.607135196868108 ], [ -74.083090707941977, 4.607050652889226 ], [ -74.082972034204744, 4.607218042239208 ], [ -74.082892154213056, 4.607330712000049 ], [ -74.082879686495218, 4.607348299691674 ], [ -74.082879607443473, 4.607348411618209 ], [ -74.082877768592084, 4.607351005628103 ], [ -74.082877451486794, 4.607351450648082 ], [ -74.082719810629158, 4.60757380570087 ], [ -74.08270440003048, 4.607595540935544 ], [ -74.082679628088187, 4.60763048349818 ], [ -74.082679311881193, 4.607630928517977 ], [ -74.082677472131508, 4.607633521631413 ], [ -74.082677392181452, 4.60763363534874 ], [ -74.082603653971333, 4.607737643723851 ], [ -74.082509647971818, 4.60787023989673 ], [ -74.082457428904334, 4.607943894676491 ], [ -74.082436561040296, 4.607973329544861 ], [ -74.08239827933447, 4.608027326447945 ], [ -74.082395508031823, 4.608025635910865 ], [ -74.082352856022126, 4.607999632262101 ], [ -74.082290289260911, 4.608082709444043 ], [ -74.082263790756642, 4.608117895534618 ], [ -74.082251456887789, 4.608132388664775 ], [ -74.082243234607986, 4.60812538117459 ], [ -74.082243054046629, 4.6081256327852 ], [ -74.081997508546863, 4.608469006885599 ], [ -74.081700641396608, 4.608884146186103 ], [ -74.081692763171574, 4.608895162421622 ], [ -74.08169177322813, 4.608896546726288 ], [ -74.081597379156378, 4.608827137186828 ], [ -74.081566161801945, 4.608804182440535 ], [ -74.081537036623814, 4.608782766009013 ], [ -74.081224512736455, 4.608552960620039 ], [ -74.081222504103465, 4.608555751615902 ], [ -74.081158797380169, 4.60864450384668 ], [ -74.081136670078081, 4.608675330154353 ], [ -74.081066298753669, 4.608773355243001 ], [ -74.081055053642942, 4.608789020452355 ], [ -74.080986600221678, 4.608884371829535 ], [ -74.080933944572962, 4.6089577220647 ], [ -74.080748640096161, 4.60921585899439 ], [ -74.080708178179137, 4.609272216103962 ], [ -74.080666080429964, 4.609330853818222 ], [ -74.080630805385397, 4.609379998392019 ], [ -74.080572671810103, 4.609460970304208 ], [ -74.079919551682778, 4.609751609518642 ], [ -74.079866706489568, 4.609775125656024 ], [ -74.079804953601993, 4.609802606665301 ], [ -74.079803520789099, 4.609803245092176 ], [ -74.080395170998173, 4.610212427353633 ], [ -74.080395429712965, 4.610212606435379 ], [ -74.080362040232174, 4.61026423033512 ], [ -74.080356385337453, 4.610258336754489 ], [ -74.080277290473319, 4.610175905416681 ], [ -74.07997285322017, 4.609953347920062 ], [ -74.079756722156063, 4.609833645134779 ], [ -74.079715851505597, 4.609893161199194 ], [ -74.079715903607877, 4.609893196120145 ], [ -74.079760734930446, 4.609922959522938 ], [ -74.079861815162843, 4.609975473480374 ], [ -74.080065376999485, 4.610081571397416 ], [ -74.080050887173954, 4.610120655999665 ], [ -74.080209845860097, 4.610190684140283 ], [ -74.080325954008899, 4.610299443179989 ], [ -74.080326095942709, 4.610299577491295 ], [ -74.080331634056435, 4.610304763698676 ], [ -74.080415752299629, 4.610413005174683 ], [ -74.0804971872751, 4.610517791253017 ], [ -74.080540398935213, 4.610573393430045 ], [ -74.080566572249325, 4.610607075111283 ], [ -74.080553436184914, 4.610622926525113 ], [ -74.080565729629569, 4.610644540786415 ], [ -74.0805875353348, 4.610692298281986 ] ] ] } },
{ "type": "Feature", "id": 111, "properties": { "FID": 111, "LotCodigo": "006107001011", "NUMERO_FIC": "006107-001-11", "NOMBRE": "Plaza de Paloquemao", "DIRECCION": "AC 19 25 2", "ACTO_ADMIN": "DEC", "NUMERO_ACT": "606", "FECHA_ACTO": 996105600000, "OBSERVACIO": " ", "OTROS": "Oficio SDP 2-2017-44846 de agosto 28 de 2017", "LOCALIZACI": "Bien Interés Cultural - Fuera de Sector Interés Cultural", "Nivel_Inte": "POT 555 - Nivel 2", "Responsabl": "IDPC - Instituto Distrital de Patrimonio Cultural", "Localidad": "14", "Categoria": "Conservación Tipológica", "AMBITO": "Distrital", "Shape_Leng": 866.55577781500006, "Shape_Area": 46958.059063399996, "FMI": "" }, "geometry": { "type": "Polygon", "coordinates": [ [ [ -74.084085768188942, 4.615023997044364 ], [ -74.083969650158679, 4.615162234684402 ], [ -74.083952186909556, 4.615183025932592 ], [ -74.083897077961822, 4.615248632971906 ], [ -74.083824463544147, 4.615334993641991 ], [ -74.083751849126472, 4.615421356092395 ], [ -74.083679256268354, 4.61550773644028 ], [ -74.083606668800144, 4.615594121254671 ], [ -74.083534079535283, 4.61568050516318 ], [ -74.083494323694069, 4.615729682427462 ], [ -74.083463139577304, 4.615768256339763 ], [ -74.083392201415947, 4.615856009296329 ], [ -74.083321955855681, 4.615944322763443 ], [ -74.0832517102954, 4.616032635324157 ], [ -74.083005013155457, 4.616342787116499 ], [ -74.082915656835837, 4.616455125026987 ], [ -74.082974922288386, 4.616514152542899 ], [ -74.083474231076124, 4.617011468772871 ], [ -74.083557348596102, 4.617094254790985 ], [ -74.084257679683176, 4.617791788190878 ], [ -74.084460392611874, 4.617551453132211 ], [ -74.084480752927803, 4.617527311368052 ], [ -74.085590411255538, 4.616211699485702 ], [ -74.084114793654081, 4.614989438973229 ], [ -74.084085768188942, 4.615023997044364 ] ] ] } },
{ "type": "Feature", "id": 112, "properties": { "FID": 112, "LotCodigo": "006108019008", "NUMERO_FIC": "006108-019-08", "NOMBRE": "Casa San Vicente de Paul", "DIRECCION": "CL 22 C 26 35", "ACTO_ADMIN": "DEC", "NUMERO_ACT": "606", "FECHA_ACTO": 996105600000, "OBSERVACIO": " ", "OTROS": "Oficio SDP 2-2017-44846 de agosto 28 de 2017", "LOCALIZACI": "Bien Interés Cultural - Fuera de Sector Interés Cultural", "Nivel_Inte": "POT 555 - Nivel 1", "Responsabl": "IDPC - Instituto Distrital de Patrimonio Cultural", "Localidad": "14", "Categoria": "Conservación Integral", "AMBITO": "Distrital", "Shape_Leng": 267.728036379, "Shape_Area": 3685.28877121, "FMI": "" }, "geometry": { "type": "Polygon", "coordinates": [ [ [ -74.082154479261291, 4.620116501490656 ], [ -74.082217386484004, 4.620212622282483 ], [ -74.082252853768054, 4.620266817032649 ], [ -74.082292787475694, 4.620327835592265 ], [ -74.08229504404369, 4.620331283762577 ], [ -74.082359693998072, 4.620430070119043 ], [ -74.082368240569664, 4.620443126782748 ], [ -74.082386054161759, 4.620470347714182 ], [ -74.082398724000527, 4.620473238947558 ], [ -74.082450120211192, 4.620484965947592 ], [ -74.082469534601117, 4.620454176863968 ], [ -74.082704467404099, 4.620081598940005 ], [ -74.082663371276482, 4.620016744480701 ], [ -74.082621364257164, 4.619950452903993 ], [ -74.082602991912978, 4.619921459962724 ], [ -74.082586073941243, 4.619894761921865 ], [ -74.082533462309982, 4.619929558824918 ], [ -74.082514650689632, 4.619942012000531 ], [ -74.082480759948908, 4.619964446161299 ], [ -74.082431149589013, 4.619889070780846 ], [ -74.082378029511318, 4.619808359723232 ], [ -74.082310022552747, 4.619705033618009 ], [ -74.082293128835502, 4.61967936527545 ], [ -74.082264819327648, 4.619636352197667 ], [ -74.082233982858881, 4.619656785155971 ], [ -74.082028808546312, 4.61979273594534 ], [ -74.0819686699313, 4.619832584681635 ], [ -74.081980052484255, 4.619849973285554 ], [ -74.082154479261291, 4.620116501490656 ] ] ] } },
{ "type": "Feature", "id": 113, "properties": { "FID": 113, "LotCodigo": "006108019009", "NUMERO_FIC": "0061081909", "NOMBRE": "Casa San Vicente de Paul", "DIRECCION": "KR 26 22 B 53", "ACTO_ADMIN": "DEC", "NUMERO_ACT": "606", "FECHA_ACTO": 996105600000, "OBSERVACIO": " ", "OTROS": " ", "LOCALIZACI": "Bien Interés Cultural - Fuera de Sector Interés Cultural", "Nivel_Inte": "POT 555 - Nivel 1", "Responsabl": "IDPC - Instituto Distrital de Patrimonio Cultural", "Localidad": "14", "Categoria": "Conservación Integral", "AMBITO": "Distrital", "Shape_Leng": 101.729904671, "Shape_Area": 308.472392275, "FMI": "" }, "geometry": { "type": "Polygon", "coordinates": [ [ [ -74.082264819327648, 4.619636352197667 ], [ -74.082293128835502, 4.61967936527545 ], [ -74.082310022552747, 4.619705033618009 ], [ -74.082378029511318, 4.619808359723232 ], [ -74.082431149589013, 4.619889070780846 ], [ -74.082480759948908, 4.619964446161299 ], [ -74.082514650689632, 4.619942012000531 ], [ -74.082533462309982, 4.619929558824918 ], [ -74.082483770203424, 4.619854088528684 ], [ -74.082430673481923, 4.619773449994241 ], [ -74.082362649455348, 4.619670137314889 ], [ -74.0823457494499, 4.619644471657253 ], [ -74.082317431857206, 4.61960146394973 ], [ -74.082264819327648, 4.619636352197667 ] ] ] } },
{ "type": "Feature", "id": 114, "properties": { "FID": 114, "LotCodigo": "006203003001", "NUMERO_FIC": "006203-003-01", "NOMBRE": "Cervecería Andina", "DIRECCION": "CL 22 B 31 43", "ACTO_ADMIN": "DEC", "NUMERO_ACT": "606", "FECHA_ACTO": 996105600000, "OBSERVACIO": " ", "OTROS": "Oficio SDP 2-2017-49940 de septiembre 18 de 2017", "LOCALIZACI": "Bien Interés Cultural - Fuera de Sector Interés Cultural", "Nivel_Inte": "POT 555 - Nivel 1", "Responsabl": "IDPC - Instituto Distrital de Patrimonio Cultural", "Localidad": "16", "Categoria": "Conservación Integral", "AMBITO": "Distrital", "Shape_Leng": 571.97093032199996, "Shape_Area": 19831.709615399999, "FMI": "" }, "geometry": { "type": "Polygon", "coordinates": [ [ [ -74.086146424398962, 4.621460374634623 ], [ -74.086127517557188, 4.62148330569135 ], [ -74.086062600803174, 4.621562040422556 ], [ -74.08603391130795, 4.621596836348387 ], [ -74.085997721778412, 4.621640729479887 ], [ -74.085983377479948, 4.62165812788879 ], [ -74.085899548494268, 4.621759799020722 ], [ -74.085741062321958, 4.621952021342428 ], [ -74.085734136311117, 4.621960421929201 ], [ -74.085716938065005, 4.621981281028036 ], [ -74.085615301775434, 4.622104550804182 ], [ -74.085483756078489, 4.622264097433064 ], [ -74.08552124187699, 4.622295217733692 ], [ -74.085574690738071, 4.622339587171346 ], [ -74.085937720605642, 4.622640957770716 ], [ -74.086306616472015, 4.62294719828325 ], [ -74.086595686245602, 4.623187169774263 ], [ -74.086631128376808, 4.623216592370282 ], [ -74.086660948850991, 4.623182254069586 ], [ -74.086769017976295, 4.623057823156683 ], [ -74.086851273113609, 4.622963113889655 ], [ -74.08688972010944, 4.622918846565832 ], [ -74.086958516687176, 4.622839631159372 ], [ -74.086981574643886, 4.622813084549824 ], [ -74.087053729124122, 4.622730002824367 ], [ -74.087083327714424, 4.622695922373295 ], [ -74.08714430266096, 4.62262571459735 ], [ -74.087197570960683, 4.622564381057128 ], [ -74.08729043340486, 4.622457458558405 ], [ -74.087317708053533, 4.622426105462582 ], [ -74.087285960693066, 4.622398798648494 ], [ -74.087093921546582, 4.622233616442156 ], [ -74.08682046628924, 4.621998406333391 ], [ -74.086599525645127, 4.621808365204594 ], [ -74.086304759654311, 4.621554824438038 ], [ -74.086191203619265, 4.621457147632295 ], [ -74.086166560136064, 4.621435952745016 ], [ -74.086146424398962, 4.621460374634623 ] ] ] } },
{ "type": "Feature", "id": 115, "properties": { "FID": 115, "LotCodigo": "006210001001", "NUMERO_FIC": "0062100101", "NOMBRE": "CENTRO URBANO ANTONIO NARIÑO - CUAN / Residencias Estudiantiles Universidad Nacional de Colombia", "DIRECCION": "KR 33 23 51", "ACTO_ADMIN": "RES", "NUMERO_ACT": "0965", "FECHA_ACTO": 993168000000, "OBSERVACIO": "Se declara BIC del ámbito Nacional mediante Resolución 0965 de junio 22 de 2001 / Zona de Influencia Resolución 1359 de mayo 24 de 2013 / Patrimonio Material / Inmueble / Grupo Arquitectónico", "OTROS": "MINCULTURA", "LOCALIZACI": "SIC Centro Urbano Antonio Nariño", "Nivel_Inte": "POT 555 - BIC de Ámbito Nacional", "Responsabl": "Ministerio de Cultura", "Localidad": "13", "Categoria": "Conservación Monumental", "AMBITO": "Nacional", "Shape_Leng": 447.94645335199999, "Shape_Area": 10058.348390700001, "FMI": "" }, "geometry": { "type": "Polygon", "coordinates": [ [ [ -74.08720390857502, 4.627199940358388 ], [ -74.087205079079837, 4.627199578621881 ], [ -74.087206340314495, 4.627199127346639 ], [ -74.087207601549153, 4.627198675176006 ], [ -74.087208772952295, 4.62719822300536 ], [ -74.087210033288628, 4.627197770834698 ], [ -74.087211205590066, 4.627197318664085 ], [ -74.087212376094882, 4.627196777850085 ], [ -74.087213638227865, 4.627196235245323 ], [ -74.087214808732668, 4.627195691745182 ], [ -74.087215980135795, 4.627195059601648 ], [ -74.087217060809095, 4.627194516996903 ], [ -74.087218232212223, 4.627193884853387 ], [ -74.08721940361535, 4.627193251814486 ], [ -74.087220484288636, 4.627192529236859 ], [ -74.087221655691778, 4.627191896197966 ], [ -74.08722273726336, 4.627191172724921 ], [ -74.087223818834971, 4.627190450147289 ], [ -74.087224899508257, 4.627189726674261 ], [ -74.087225980181557, 4.627189004096629 ], [ -74.087226971023298, 4.627188191084835 ], [ -74.087228052594909, 4.62718737717766 ], [ -74.087229042538354, 4.627186564165926 ], [ -74.087230033380109, 4.627185750258743 ], [ -74.08723102512019, 4.627184937246959 ], [ -74.087232016860256, 4.62718403290566 ], [ -74.087233007702011, 4.627183218998498 ], [ -74.087233907813925, 4.627182316447981 ], [ -74.087234899554005, 4.627181411211314 ], [ -74.087235799665919, 4.627180417331271 ], [ -74.087236701574469, 4.627179513885373 ], [ -74.087237602584707, 4.627178519109938 ], [ -74.087238412865076, 4.62717752433448 ], [ -74.087239313875315, 4.627176531349819 ], [ -74.087240125054009, 4.627175537469803 ], [ -74.087241385390371, 4.627173910550816 ], [ -74.087282741131091, 4.627125191623601 ], [ -74.087284451523388, 4.627123654243261 ], [ -74.087285532196688, 4.627122750797265 ], [ -74.087286705396451, 4.627121846455887 ], [ -74.087287786069723, 4.627121032548648 ], [ -74.087288867641334, 4.627120219536809 ], [ -74.087290038146136, 4.627119316090805 ], [ -74.087291209549278, 4.627118592617742 ], [ -74.087292380054095, 4.627117779605858 ], [ -74.087293551457236, 4.627117056132757 ], [ -74.087294722860349, 4.627116243120908 ], [ -74.087295983196697, 4.627115519647805 ], [ -74.087297155498149, 4.627114886608833 ], [ -74.087298417631118, 4.627114164031123 ], [ -74.087299677967465, 4.627113531887547 ], [ -74.087300939202109, 4.62711289974397 ], [ -74.08730219953847, 4.627112266704994 ], [ -74.08730346256975, 4.62711172410015 ], [ -74.087304722906097, 4.627111091061203 ], [ -74.087305984140755, 4.627110548456368 ], [ -74.087307336105255, 4.627110097181059 ], [ -74.087308687171429, 4.627109554576213 ], [ -74.087309948406087, 4.627109103300905 ], [ -74.087311300370615, 4.627108651130224 ], [ -74.087312650538479, 4.627108198959517 ], [ -74.087314002502978, 4.627107838118337 ], [ -74.087315354467478, 4.627107475486388 ], [ -74.087316704635342, 4.627107114645258 ], [ -74.08731805570153, 4.627106752908681 ], [ -74.087319408564369, 4.627106481606267 ], [ -74.087320758732233, 4.627106121660468 ], [ -74.087322199629952, 4.627105849462698 ], [ -74.087323552492762, 4.627105668594385 ], [ -74.087324903558951, 4.627105398187374 ], [ -74.08732634355836, 4.627105217319074 ], [ -74.08732769642117, 4.627105126884954 ], [ -74.087329137318875, 4.627104946016668 ], [ -74.087330487486767, 4.627104855582534 ], [ -74.087331930181108, 4.627104766043764 ], [ -74.087333371078813, 4.627104675609627 ], [ -74.087334723043327, 4.62710467560962 ], [ -74.087336164839357, 4.627104586070906 ], [ -74.087337515007221, 4.627104676505034 ], [ -74.087338956803251, 4.627104676505034 ], [ -74.087340307869439, 4.627104676505034 ], [ -74.087341749665484, 4.627104767834568 ], [ -74.087343100731658, 4.627104949598208 ], [ -74.087344541629363, 4.627105039136972 ], [ -74.087345893593891, 4.627105220005244 ], [ -74.087347334491596, 4.627105400873523 ], [ -74.087348685557771, 4.627105581741786 ], [ -74.087350127353815, 4.627105763505465 ], [ -74.087351479318315, 4.627106033912512 ], [ -74.087352829486193, 4.627106304319536 ], [ -74.087354271282223, 4.627106666951494 ], [ -74.087355623246722, 4.627106938253902 ], [ -74.087356973414586, 4.627107299990467 ], [ -74.087358324480789, 4.627107661727011 ], [ -74.087359676445288, 4.627108113897694 ], [ -74.087361028409788, 4.627108474738854 ], [ -74.087362288746135, 4.627108927804943 ], [ -74.08736363981231, 4.62710937997565 ], [ -74.087364990878498, 4.627109921685104 ], [ -74.087366253011481, 4.627110373855808 ], [ -74.08736760407767, 4.627110917356018 ], [ -74.087368864414017, 4.627111459065469 ], [ -74.087370126546986, 4.627112092104453 ], [ -74.087371386883319, 4.627112725143391 ], [ -74.087372649016302, 4.627113266852828 ], [ -74.08737391025096, 4.627113991221348 ], [ -74.087375170587308, 4.627114623364922 ], [ -74.087376341990435, 4.627115347733394 ], [ -74.087377603225093, 4.627115979877003 ], [ -74.08737877462822, 4.627116792888846 ], [ -74.087379945133037, 4.627117516361961 ], [ -74.087381116536179, 4.627118239835069 ], [ -74.087382287040981, 4.627119052846894 ], [ -74.087383458444108, 4.627119867649541 ], [ -74.08738462984725, 4.627120771095509 ], [ -74.087385710520536, 4.627121585002753 ], [ -74.087386792092133, 4.627122489344119 ], [ -74.087387871867108, 4.627123301460589 ], [ -74.08738895254038, 4.627124297131498 ], [ -74.087390034112005, 4.627125201472865 ], [ -74.08739102495376, 4.627126104918823 ], [ -74.087392105627032, 4.627127098798954 ], [ -74.087393096468801, 4.627128094469842 ], [ -74.087394088208868, 4.627129088349938 ], [ -74.087394989219106, 4.62713008312543 ], [ -74.087395980060862, 4.62713116743969 ], [ -74.087396880172776, 4.627132162215189 ], [ -74.087397871014531, 4.627133246529427 ], [ -74.08739877202477, 4.627134331739042 ], [ -74.08739958320345, 4.62713541605331 ], [ -74.087400484213688, 4.62713659169705 ], [ -74.087401294494086, 4.627137676011295 ], [ -74.087402105672766, 4.627138851655034 ], [ -74.087402915953177, 4.627140026403422 ], [ -74.087403726233561, 4.627141202047183 ], [ -74.087404447580724, 4.627142377690934 ], [ -74.087405168029576, 4.627143551543899 ], [ -74.087405887580118, 4.627144728083032 ], [ -74.08740660892731, 4.62714599237016 ], [ -74.087407238646321, 4.62714725934343 ], [ -74.087407959993499, 4.627148434091753 ], [ -74.087408590610821, 4.627149698378874 ], [ -74.087409130498315, 4.627150965352129 ], [ -74.087409761115637, 4.627152320968748 ], [ -74.087410301901443, 4.627153586151225 ], [ -74.087410842687234, 4.627154852229061 ], [ -74.087411382574729, 4.62715620784568 ], [ -74.087411833528989, 4.62715747392356 ], [ -74.087412373416484, 4.627158829540161 ], [ -74.087412824370759, 4.627160186052131 ], [ -74.087413184595178, 4.627161451234594 ], [ -74.087541819750612, 4.626276861606694 ], [ -74.087552407294552, 4.625761704084434 ], [ -74.087021351146348, 4.625703439314853 ], [ -74.086857258588353, 4.627142235324323 ], [ -74.08720390857502, 4.627199940358388 ] ] ] } },
{ "type": "Feature", "id": 116, "properties": { "FID": 116, "LotCodigo": "006210001002", "NUMERO_FIC": "0062100102", "NOMBRE": "CENTRO URBANO ANTONIO NARIÑO - CUAN", "DIRECCION": "AC 23 33 50", "ACTO_ADMIN": "RES", "NUMERO_ACT": "0965", "FECHA_ACTO": 993168000000, "OBSERVACIO": "Se declara BIC del ámbito Nacional mediante Resolución 0965 de junio 22 de 2001 / Zona de Influencia Resolución 1359 de mayo 24 de 2013 / Patrimonio Material / Inmueble / Grupo Arquitectónico", "OTROS": "MINCULTURA", "LOCALIZACI": "SIC Centro Urbano Antonio Nariño", "Nivel_Inte": "POT 555 - BIC de Ámbito Nacional", "Responsabl": "Ministerio de Cultura", "Localidad": "13", "Categoria": "Conservación Monumental", "AMBITO": "Nacional", "Shape_Leng": 1791.55557914, "Shape_Area": 132799.187916, "FMI": "" }, "geometry": { "type": "Polygon", "coordinates": [ [ [ -74.088286872565789, 4.629834592283008 ], [ -74.088287593912952, 4.629834592283008 ], [ -74.088288315260115, 4.629834592283008 ], [ -74.088289035708996, 4.629834592283008 ], [ -74.088289756157849, 4.629834592283008 ], [ -74.088290567336557, 4.629834500953813 ], [ -74.08829128778541, 4.629834501849209 ], [ -74.088292008234262, 4.629834410520033 ], [ -74.08829272958144, 4.629834320981641 ], [ -74.088293450030307, 4.629834230547823 ], [ -74.088294170479159, 4.629834140114032 ], [ -74.088294890928012, 4.629834049680253 ], [ -74.088295611376864, 4.629833960141858 ], [ -74.088296332724028, 4.62983377927429 ], [ -74.088297053172909, 4.629833687945093 ], [ -74.088297774520072, 4.629833507972885 ], [ -74.088298405137408, 4.629833327105315 ], [ -74.088299126484571, 4.629833146237742 ], [ -74.088299845136817, 4.629832966265529 ], [ -74.08830056648398, 4.62983269406875 ], [ -74.088301287831143, 4.629832514096593 ], [ -74.088301917550154, 4.62983224369059 ], [ -74.088302638897346, 4.62983206192763 ], [ -74.088303270412993, 4.629831790626266 ], [ -74.088303989963535, 4.629831520220266 ], [ -74.088304620580871, 4.629831248023494 ], [ -74.088305341928034, 4.629830887183704 ], [ -74.088305971647046, 4.629830615882354 ], [ -74.088306692994209, 4.629830254147172 ], [ -74.088307324509856, 4.629829983741206 ], [ -74.088307954228881, 4.629829622006021 ], [ -74.088308584846203, 4.629829260270877 ], [ -74.088309215463539, 4.629828898535677 ], [ -74.088309846080861, 4.629828537695936 ], [ -74.088310477596494, 4.629828175065375 ], [ -74.08831110821383, 4.629827724687178 ], [ -74.08831164810131, 4.629827362056617 ], [ -74.088312278718647, 4.629826910783046 ], [ -74.088312909335983, 4.629826549047896 ], [ -74.088313449223463, 4.629826097774311 ], [ -74.088314260402157, 4.629825463842397 ], [ -74.088314286453311, 4.629825446830083 ], [ -74.088939601027633, 4.629411505277679 ], [ -74.08897338397054, 4.62938918692075 ], [ -74.08988576507538, 4.628785252416585 ], [ -74.090071507930034, 4.628662302560548 ], [ -74.090878566059374, 4.628128084001733 ], [ -74.090864244218807, 4.628102953196086 ], [ -74.090749758427421, 4.627935171222442 ], [ -74.090744984780017, 4.627925498362356 ], [ -74.090741471468931, 4.627917995023607 ], [ -74.090738048887701, 4.627910491684781 ], [ -74.090734805969518, 4.627902897911794 ], [ -74.090731744511046, 4.627895215495504 ], [ -74.090728772884091, 4.627887531288376 ], [ -74.090725890190328, 4.627879756647078 ], [ -74.09072318805795, 4.627871982005734 ], [ -74.090720666486959, 4.627864118721027 ], [ -74.09071823474747, 4.62785625275003 ], [ -74.090715892839526, 4.627848297240338 ], [ -74.090713732391279, 4.627840342625926 ], [ -74.090711749809444, 4.627832297577363 ], [ -74.090709858855774, 4.627824253424118 ], [ -74.090708148463463, 4.627816208375398 ], [ -74.090706527902697, 4.627808071997138 ], [ -74.090705087004977, 4.627799935618774 ], [ -74.090703736837099, 4.627791801031094 ], [ -74.090702566332283, 4.627783575113893 ], [ -74.090701575490542, 4.627775438735267 ], [ -74.090700675378613, 4.627767212817854 ], [ -74.090699955828072, 4.627758986900385 ], [ -74.090699326109061, 4.627750670548715 ], [ -74.090698876053111, 4.62774244463105 ], [ -74.090698606558519, 4.627734218713283 ], [ -74.090698427793782, 4.627725901465912 ], [ -74.090698427793782, 4.627717676443357 ], [ -74.090698519421949, 4.627709451420685 ], [ -74.090698789814837, 4.627701134173074 ], [ -74.090726833421385, 4.627432282605706 ], [ -74.090864960176091, 4.626108035176958 ], [ -74.089673083541967, 4.625984554785683 ], [ -74.089018474007915, 4.625918565513408 ], [ -74.088053015046185, 4.625816710528148 ], [ -74.087983869922127, 4.626340992914476 ], [ -74.087728474395291, 4.626311696698034 ], [ -74.087676682027578, 4.626305755795156 ], [ -74.087572177417314, 4.626293768333409 ], [ -74.087582855691096, 4.625765051049308 ], [ -74.087552407294552, 4.625761704084434 ], [ -74.087541819750612, 4.626276861606694 ], [ -74.087413184595178, 4.627161451234594 ], [ -74.087412824370759, 4.627160186052131 ], [ -74.087412373416484, 4.627158829540161 ], [ -74.087411833528989, 4.62715747392356 ], [ -74.087411382574729, 4.62715620784568 ], [ -74.087410842687234, 4.627154852229061 ], [ -74.087410301901443, 4.627153586151225 ], [ -74.087409761115637, 4.627152320968748 ], [ -74.087409130498315, 4.627150965352129 ], [ -74.087408590610821, 4.627149698378874 ], [ -74.087407959993499, 4.627148434091753 ], [ -74.087407238646321, 4.62714725934343 ], [ -74.08740660892731, 4.62714599237016 ], [ -74.087405887580118, 4.627144728083032 ], [ -74.087405168029576, 4.627143551543899 ], [ -74.087404447580724, 4.627142377690934 ], [ -74.087403726233561, 4.627141202047183 ], [ -74.087402915953177, 4.627140026403422 ], [ -74.087402105672766, 4.627138851655034 ], [ -74.087401294494086, 4.627137676011295 ], [ -74.087400484213688, 4.62713659169705 ], [ -74.08739958320345, 4.62713541605331 ], [ -74.08739877202477, 4.627134331739042 ], [ -74.087397871014531, 4.627133246529427 ], [ -74.087396880172776, 4.627132162215189 ], [ -74.087395980060862, 4.62713116743969 ], [ -74.087394989219106, 4.62713008312543 ], [ -74.087394088208868, 4.627129088349938 ], [ -74.087393096468801, 4.627128094469842 ], [ -74.087392105627032, 4.627127098798954 ], [ -74.08739102495376, 4.627126104918823 ], [ -74.087390034112005, 4.627125201472865 ], [ -74.08738895254038, 4.627124297131498 ], [ -74.087387871867108, 4.627123301460589 ], [ -74.087386792092133, 4.627122489344119 ], [ -74.087385710520536, 4.627121585002753 ], [ -74.08738462984725, 4.627120771095509 ], [ -74.087383458444108, 4.627119867649541 ], [ -74.087382287040981, 4.627119052846894 ], [ -74.087381116536179, 4.627118239835069 ], [ -74.087379945133037, 4.627117516361961 ], [ -74.08737877462822, 4.627116792888846 ], [ -74.087377603225093, 4.627115979877003 ], [ -74.087376341990435, 4.627115347733394 ], [ -74.087375170587308, 4.627114623364922 ], [ -74.08737391025096, 4.627113991221348 ], [ -74.087372649016302, 4.627113266852828 ], [ -74.087371386883319, 4.627112725143391 ], [ -74.087370126546986, 4.627112092104453 ], [ -74.087368864414017, 4.627111459065469 ], [ -74.08736760407767, 4.627110917356018 ], [ -74.087366253011481, 4.627110373855808 ], [ -74.087364990878498, 4.627109921685104 ], [ -74.08736363981231, 4.62710937997565 ], [ -74.087362288746135, 4.627108927804943 ], [ -74.087361028409788, 4.627108474738854 ], [ -74.087359676445288, 4.627108113897694 ], [ -74.087358324480789, 4.627107661727011 ], [ -74.087356973414586, 4.627107299990467 ], [ -74.087355623246722, 4.627106938253902 ], [ -74.087354271282223, 4.627106666951494 ], [ -74.087352829486193, 4.627106304319536 ], [ -74.087351479318315, 4.627106033912512 ], [ -74.087350127353815, 4.627105763505465 ], [ -74.087348685557771, 4.627105581741786 ], [ -74.087347334491596, 4.627105400873523 ], [ -74.087345893593891, 4.627105220005244 ], [ -74.087344541629363, 4.627105039136972 ], [ -74.087343100731658, 4.627104949598208 ], [ -74.087341749665484, 4.627104767834568 ], [ -74.087340307869439, 4.627104676505034 ], [ -74.087338956803251, 4.627104676505034 ], [ -74.087337515007221, 4.627104676505034 ], [ -74.087336164839357, 4.627104586070906 ], [ -74.087334723043327, 4.62710467560962 ], [ -74.087333371078813, 4.627104675609627 ], [ -74.087331930181108, 4.627104766043764 ], [ -74.087330487486767, 4.627104855582534 ], [ -74.087329137318875, 4.627104946016668 ], [ -74.08732769642117, 4.627105126884954 ], [ -74.08732634355836, 4.627105217319074 ], [ -74.087324903558951, 4.627105398187374 ], [ -74.087323552492762, 4.627105668594385 ], [ -74.087322199629952, 4.627105849462698 ], [ -74.087320758732233, 4.627106121660468 ], [ -74.087319408564369, 4.627106481606267 ], [ -74.08731805570153, 4.627106752908681 ], [ -74.087316704635342, 4.627107114645258 ], [ -74.087315354467478, 4.627107475486388 ], [ -74.087314002502978, 4.627107838118337 ], [ -74.087312650538479, 4.627108198959517 ], [ -74.087311300370615, 4.627108651130224 ], [ -74.087309948406087, 4.627109103300905 ], [ -74.087308687171429, 4.627109554576213 ], [ -74.087307336105255, 4.627110097181059 ], [ -74.087305984140755, 4.627110548456368 ], [ -74.087304722906097, 4.627111091061203 ], [ -74.08730346256975, 4.62711172410015 ], [ -74.08730219953847, 4.627112266704994 ], [ -74.087300939202109, 4.62711289974397 ], [ -74.087299677967465, 4.627113531887547 ], [ -74.087298417631118, 4.627114164031123 ], [ -74.087297155498149, 4.627114886608833 ], [ -74.087295983196697, 4.627115519647805 ], [ -74.087294722860349, 4.627116243120908 ], [ -74.087293551457236, 4.627117056132757 ], [ -74.087292380054095, 4.627117779605858 ], [ -74.087291209549278, 4.627118592617742 ], [ -74.087290038146136, 4.627119316090805 ], [ -74.087288867641334, 4.627120219536809 ], [ -74.087287786069723, 4.627121032548648 ], [ -74.087286705396451, 4.627121846455887 ], [ -74.087285532196688, 4.627122750797265 ], [ -74.087284451523388, 4.627123654243261 ], [ -74.087282741131091, 4.627125191623601 ], [ -74.087241385390371, 4.627173910550816 ], [ -74.087240125054009, 4.627175537469803 ], [ -74.087239313875315, 4.627176531349819 ], [ -74.087238412865076, 4.62717752433448 ], [ -74.087237602584707, 4.627178519109938 ], [ -74.087236701574469, 4.627179513885373 ], [ -74.087235799665919, 4.627180417331271 ], [ -74.087234899554005, 4.627181411211314 ], [ -74.087233907813925, 4.627182316447981 ], [ -74.087233007702011, 4.627183218998498 ], [ -74.087232016860256, 4.62718403290566 ], [ -74.08723102512019, 4.627184937246959 ], [ -74.087230033380109, 4.627185750258743 ], [ -74.087229042538354, 4.627186564165926 ], [ -74.087228052594909, 4.62718737717766 ], [ -74.087226971023298, 4.627188191084835 ], [ -74.087225980181557, 4.627189004096629 ], [ -74.087224899508257, 4.627189726674261 ], [ -74.087223818834971, 4.627190450147289 ], [ -74.08722273726336, 4.627191172724921 ], [ -74.087221655691778, 4.627191896197966 ], [ -74.087220484288636, 4.627192529236859 ], [ -74.08721940361535, 4.627193251814486 ], [ -74.087218232212223, 4.627193884853387 ], [ -74.087217060809095, 4.627194516996903 ], [ -74.087215980135795, 4.627195059601648 ], [ -74.087214808732668, 4.627195691745182 ], [ -74.087213638227865, 4.627196235245323 ], [ -74.087212376094882, 4.627196777850085 ], [ -74.087211205590066, 4.627197318664085 ], [ -74.087210033288628, 4.627197770834698 ], [ -74.087208772952295, 4.62719822300536 ], [ -74.087207601549153, 4.627198675176006 ], [ -74.087206340314495, 4.627199127346639 ], [ -74.087205079079837, 4.627199578621881 ], [ -74.08720390857502, 4.627199940358388 ], [ -74.086857258588353, 4.627142235324323 ], [ -74.086834177275421, 4.627345802532242 ], [ -74.086833816152691, 4.627348785067035 ], [ -74.086828767620787, 4.627393711118939 ], [ -74.086807849451091, 4.627577752552231 ], [ -74.086807849451091, 4.627580012508802 ], [ -74.086807940180933, 4.627582182031307 ], [ -74.08680812074229, 4.627584351553808 ], [ -74.086808210573835, 4.62758661061497 ], [ -74.086808480068427, 4.627588781032856 ], [ -74.086808659731474, 4.627590950555309 ], [ -74.086808930124363, 4.627593120077785 ], [ -74.086809290348796, 4.627595288704851 ], [ -74.086809649674905, 4.62759745822729 ], [ -74.086810009899352, 4.627599627749742 ], [ -74.086810460853627, 4.627601798167584 ], [ -74.086810910909563, 4.627603966794609 ], [ -74.086811451695368, 4.62760613721246 ], [ -74.086811990684552, 4.627608216300797 ], [ -74.086812532368668, 4.62761038671858 ], [ -74.08681316208768, 4.627612464911508 ], [ -74.086813793603326, 4.627614543999847 ], [ -74.086814512255543, 4.627616623088175 ], [ -74.086815233602721, 4.627618702176476 ], [ -74.086816042984793, 4.627620780369406 ], [ -74.08681676343366, 4.627622860353098 ], [ -74.086817664443885, 4.627624849007333 ], [ -74.086818474724268, 4.627626927200215 ], [ -74.086819376632818, 4.627628916749807 ], [ -74.086820367474559, 4.627630906299416 ], [ -74.086821358316328, 4.62763289495361 ], [ -74.086822347361448, 4.627634793173742 ], [ -74.086823338203217, 4.627636782723287 ], [ -74.086824419774814, 4.627638680048025 ], [ -74.086825591177956, 4.627640579163546 ], [ -74.086826672749552, 4.627642476488251 ], [ -74.086827843254355, 4.627644284274261 ], [ -74.086829104489013, 4.627646183389778 ], [ -74.086830274993844, 4.627647990280394 ], [ -74.086832796564849, 4.627651426775053 ], [ -74.088206344888775, 4.629730630126854 ], [ -74.088228774024799, 4.629764529371752 ], [ -74.088273361005605, 4.629831787940097 ], [ -74.088274080556133, 4.62983205924146 ], [ -74.08827471207178, 4.629832330542848 ], [ -74.088275432520646, 4.62983260184422 ], [ -74.088276152969513, 4.629832782711786 ], [ -74.088276784485146, 4.62983296357936 ], [ -74.088277504035688, 4.629833143551572 ], [ -74.088278225382865, 4.629833325314545 ], [ -74.088278945831718, 4.629833506182125 ], [ -74.08827966628057, 4.629833687049689 ], [ -74.088280386729437, 4.629833868812661 ], [ -74.088281108076615, 4.629833958351095 ], [ -74.088281829423778, 4.629834048784875 ], [ -74.088282548974334, 4.629834229652445 ], [ -74.088283270321497, 4.629834320086236 ], [ -74.088283991668675, 4.629834320086236 ], [ -74.088284711219217, 4.629834410520033 ], [ -74.088285432566394, 4.629834500953813 ], [ -74.088286153015247, 4.629834500953813 ], [ -74.088286872565789, 4.629834592283008 ] ], [ [ -74.088683496730042, 4.626219023979878 ], [ -74.088621194073482, 4.626792391235503 ], [ -74.088509216378384, 4.62678081118352 ], [ -74.088572419146843, 4.626207623891635 ], [ -74.088683496730042, 4.626219023979878 ] ] ] } },
{ "type": "Feature", "id": 117, "properties": { "FID": 117, "LotCodigo": "006210001003", "NUMERO_FIC": "0062100103", "NOMBRE": "CENTRO URBANO ANTONIO NARIÑO - CUAN / Iglesia Santo Cosme y Damián", "DIRECCION": "AC 23 33 20", "ACTO_ADMIN": "RES", "NUMERO_ACT": "0965", "FECHA_ACTO": 993168000000, "OBSERVACIO": "Se declara BIC del ámbito Nacional mediante Resolución 0965 de junio 22 de 2001 / Zona de Influencia Resolución 1359 de mayo 24 de 2013 / Patrimonio Material / Inmueble / Grupo Arquitectónico", "OTROS": "MINCULTURA", "LOCALIZACI": "SIC Centro Urbano Antonio Nariño", "Nivel_Inte": "POT 555 - BIC de Ámbito Nacional", "Responsabl": "Ministerio de Cultura", "Localidad": "13", "Categoria": "Conservación Monumental", "AMBITO": "Nacional", "Shape_Leng": 216.905046556, "Shape_Area": 2910.7127878900001, "FMI": "" }, "geometry": { "type": "Polygon", "coordinates": [ [ [ -74.087572177417314, 4.626293768333409 ], [ -74.087676682027578, 4.626305755795156 ], [ -74.087728474395291, 4.626311696698034 ], [ -74.087983869922127, 4.626340992914476 ], [ -74.088053015046185, 4.625816710528148 ], [ -74.087582855691096, 4.625765051049308 ], [ -74.087572177417314, 4.626293768333409 ] ] ] } },
{ "type": "Feature", "id": 118, "properties": { "FID": 118, "LotCodigo": "006210001004", "NUMERO_FIC": "0062100104", "NOMBRE": "CENTRO URBANO ANTONIO NARIÑO - CUAN", "DIRECCION": "AC 23 33 50", "ACTO_ADMIN": "RES", "NUMERO_ACT": "0965", "FECHA_ACTO": 993168000000, "OBSERVACIO": "Se declara BIC del ámbito Nacional mediante Resolución 0965 de junio 22 de 2001 / Zona de Influencia Resolución 1359 de mayo 24 de 2013 / Patrimonio Material / Inmueble / Grupo Arquitectónico", "OTROS": "MINCULTURA", "LOCALIZACI": "SIC Centro Urbano Antonio Nariño", "Nivel_Inte": "POT 555 - BIC de Ámbito Nacional", "Responsabl": "Ministerio de Cultura", "Localidad": "13", "Categoria": "Conservación Monumental", "AMBITO": "Nacional", "Shape_Leng": 153.77374707300001, "Shape_Area": 803.85427951300005, "FMI": "" }, "geometry": { "type": "Polygon", "coordinates": [ [ [ -74.088509216378384, 4.62678081118352 ], [ -74.088621194073482, 4.626792391235503 ], [ -74.088683496730042, 4.626219023979878 ], [ -74.088572419146843, 4.626207623891635 ], [ -74.088509216378384, 4.62678081118352 ] ] ] } },
{ "type": "Feature", "id": 119, "properties": { "FID": 119, "LotCodigo": "006211005006", "NUMERO_FIC": "006211-005-06", "NOMBRE": "Iglesia San Gregorio Magno", "DIRECCION": "CL 19 A 32 41", "ACTO_ADMIN": "DEC", "NUMERO_ACT": "606", "FECHA_ACTO": 996105600000, "OBSERVACIO": " ", "OTROS": "Oficio SDP 2-2017-49940 de septiembre 18 de 2017", "LOCALIZACI": "Bien Interés Cultural - Fuera de Sector Interés Cultural", "Nivel_Inte": "POT 555 - Nivel 1", "Responsabl": "IDPC - Instituto Distrital de Patrimonio Cultural", "Localidad": "16", "Categoria": "Conservación Integral", "AMBITO": "Distrital", "Shape_Leng": 209.89646481400001, "Shape_Area": 2578.6712260700001, "FMI": "" }, "geometry": { "type": "Polygon", "coordinates": [ [ [ -74.089683960343422, 4.620666070487213 ], [ -74.089716028402449, 4.620696485286253 ], [ -74.089839266479629, 4.620560654653207 ], [ -74.089885837838892, 4.620509324296846 ], [ -74.089912377665669, 4.62053378203422 ], [ -74.090004619373971, 4.620438438489619 ], [ -74.089939930792056, 4.620376995521799 ], [ -74.089924638770981, 4.620362468616581 ], [ -74.089900679804032, 4.62033971033506 ], [ -74.089829098448931, 4.620271716640421 ], [ -74.089696480163525, 4.6201457460303 ], [ -74.089633425617123, 4.620085852968271 ], [ -74.089597039356548, 4.620051288875952 ], [ -74.089464426461021, 4.620192915506586 ], [ -74.089374978513248, 4.62028844264042 ], [ -74.089357700317066, 4.620306896754517 ], [ -74.089357271820688, 4.6203073596743 ], [ -74.089356852307446, 4.620307829757238 ], [ -74.089356439980719, 4.620308307003381 ], [ -74.089356036637156, 4.620308790517289 ], [ -74.089355642276743, 4.620309282089724 ], [ -74.089355255102859, 4.620309779929992 ], [ -74.089354877810436, 4.620310285828771 ], [ -74.089354509501177, 4.620310797099974 ], [ -74.089354149276758, 4.620311314638909 ], [ -74.089353798933786, 4.620311837550248 ], [ -74.089353457573978, 4.620312368520112 ], [ -74.089353125197334, 4.620312903966983 ], [ -74.089352803600462, 4.620313444786246 ], [ -74.089352489190105, 4.620313992768662 ], [ -74.089352186457859, 4.620314544332651 ], [ -74.089351891810438, 4.620315103059812 ], [ -74.089351607044492, 4.620315666263987 ], [ -74.089351332160035, 4.620316234840488 ], [ -74.0893510662587, 4.620316806103197 ], [ -74.089350812933787, 4.620317382738265 ], [ -74.089350567693714, 4.620317964745759 ], [ -74.089350334131737, 4.620318550334796 ], [ -74.08935010955291, 4.620319140400847 ], [ -74.089349895753898, 4.62031973315305 ], [ -74.089349691836318, 4.620320329486826 ], [ -74.089349499596835, 4.62032092940223 ], [ -74.089349316340531, 4.6203215337946 ], [ -74.089349144762295, 4.62032214176852 ], [ -74.089348983065548, 4.620322751533273 ], [ -74.089348832148602, 4.620323363984189 ], [ -74.089348691113088, 4.620323979121321 ], [ -74.089348561755685, 4.620324596944606 ], [ -74.089348443178068, 4.620325216558697 ], [ -74.089348334481912, 4.620325837963596 ], [ -74.089348238362177, 4.62032646205467 ], [ -74.089348152123918, 4.620327087041142 ], [ -74.089348077563741, 4.620327713818398 ], [ -74.089348012885054, 4.620328341491054 ], [ -74.089347958087814, 4.620328970059097 ], [ -74.08934791676532, 4.620329599522555 ], [ -74.089347885324287, 4.620330229881392 ], [ -74.089347863764701, 4.620330860240236 ], [ -74.089347853883226, 4.620331491494476 ], [ -74.089347855679875, 4.620332122748687 ], [ -74.089347867357972, 4.62033275400294 ], [ -74.089347891612476, 4.620333383466373 ], [ -74.08934792574847, 4.620334013825193 ], [ -74.089347970664235, 4.620334644184067 ], [ -74.089348026359772, 4.620335271856698 ], [ -74.08934809283511, 4.620335899529371 ], [ -74.089348170988544, 4.620336525411211 ], [ -74.089348259921763, 4.620337150397676 ], [ -74.089348359634755, 4.620337774488733 ], [ -74.089348470127533, 4.620338396788986 ], [ -74.089348590501771, 4.620339015507687 ], [ -74.089348723452446, 4.620339631540202 ], [ -74.089348866284553, 4.620340246677266 ], [ -74.089349019896488, 4.620340858232801 ], [ -74.089349184288167, 4.620341467102121 ], [ -74.089349357663025, 4.620342073285245 ], [ -74.08934954361429, 4.620342676782217 ], [ -74.089349738548719, 4.620343276697585 ], [ -74.089349945161231, 4.620343873031342 ], [ -74.089350160756894, 4.620344465783528 ], [ -74.089350388030667, 4.620345054058781 ], [ -74.089350625185901, 4.620345638752395 ], [ -74.089350870425974, 4.620346218969054 ], [ -74.089351128242456, 4.620346795604105 ], [ -74.089351395042087, 4.620347366866778 ], [ -74.089351671723193, 4.620347932757102 ], [ -74.089351959184086, 4.620348495065804 ], [ -74.089352254729818, 4.620349052002162 ], [ -74.089352561055335, 4.620349602670733 ], [ -74.089352876363989, 4.620350148862343 ], [ -74.089353201554118, 4.620350688786155 ], [ -74.089353536625723, 4.620351224232995 ], [ -74.089353879782166, 4.620351752516669 ], [ -74.08935423192176, 4.620352273637194 ], [ -74.089354593942815, 4.620352791176092 ], [ -74.089354964048709, 4.620353299761047 ], [ -74.089355344036079, 4.620353803869025 ], [ -74.089355733006585, 4.620354299918465 ], [ -74.089356129163647, 4.620354789700077 ], [ -74.089356533405521, 4.620355273213975 ], [ -74.089356948427181, 4.620355747773871 ], [ -74.089357368838719, 4.620356215170627 ], [ -74.089357800030072, 4.62035667719495 ], [ -74.089358237509614, 4.620357130265345 ], [ -74.089358683073982, 4.620357576172597 ], [ -74.089359213080016, 4.62035808565294 ], [ -74.089458062795543, 4.620451834508206 ], [ -74.089683960343422, 4.620666070487213 ] ] ] } },
{ "type": "Feature", "id": 120, "properties": { "FID": 120, "LotCodigo": "006410066001", "NUMERO_FIC": "006410-066-01", "NOMBRE": "Estación del Ferrocarril Fontibón", "DIRECCION": "KR 99 21 82", "ACTO_ADMIN": "DEC", "NUMERO_ACT": "606", "FECHA_ACTO": 996105600000, "OBSERVACIO": "Se declara Bien de Interés Cultural del ámbito Nacional mediante Decreto 746 de abril 24 de 1996 / Patrimonio Material / Inmueble / Grupo Arquitectónico / Para Zona de Influencia aplica Resolución 1359 de mayo 24 de 2013", "OTROS": "MINCULTURA", "LOCALIZACI": "Bien Interés Cultural - Fuera de Sector Interés Cultural", "Nivel_Inte": "POT 555 - BIC de Ámbito Nacional", "Responsabl": "Ministerio de Cultura", "Localidad": "09", "Categoria": "Conservación Monumental", "AMBITO": "Nacional", "Shape_Leng": 61.797785578499997, "Shape_Area": 231.16470135500001, "FMI": "" }, "geometry": { "type": "Polygon", "coordinates": [ [ [ -74.14043672684717, 4.676064531043354 ], [ -74.140655111714352, 4.676282932476676 ], [ -74.140713101509178, 4.676223940702814 ], [ -74.140716536575283, 4.676198848526271 ], [ -74.140614198701485, 4.676089383385395 ], [ -74.140614199017918, 4.676089383568222 ], [ -74.140514564413607, 4.675988807892148 ], [ -74.14043672684717, 4.676064531043354 ] ] ] } },
{ "type": "Feature", "id": 121, "properties": { "FID": 121, "LotCodigo": "006418018047", "NUMERO_FIC": "0064181847", "NOMBRE": "Estación del Ferrocarril Engativá", "DIRECCION": "AK 129 19 9", "ACTO_ADMIN": "DEC", "NUMERO_ACT": "746", "FECHA_ACTO": 830304000000, "OBSERVACIO": "Se declara BIC del ámbito Nacional mediante Decreto 746 de abril 24 de 1996 / Zona de Influencia aplica Resolución 1359 de mayo 24 de 2013 / Patrimonio Material / Inmueble / Grupo Arquitectónico", "OTROS": "MINCULTURA", "LOCALIZACI": "Bien Interés Cultural - Fuera de Sector Interés Cultural", "Nivel_Inte": "POT 555 - Nivel 1", "Responsabl": "Ministerio de Cultura", "Localidad": "09", "Categoria": "Conservación Integral", "AMBITO": "Nacional", "Shape_Leng": 207.266278086, "Shape_Area": 2603.4762348899999, "FMI": "" }, "geometry": { "type": "Polygon", "coordinates": [ [ [ -74.160347273511036, 4.694071324778133 ], [ -74.160323150837186, 4.694085907435134 ], [ -74.160344591684321, 4.694192055130403 ], [ -74.160860672916726, 4.694469762552189 ], [ -74.160996395779748, 4.694212304176671 ], [ -74.161022896080638, 4.694162035651893 ], [ -74.160672536950145, 4.693968083646721 ], [ -74.16057202714795, 4.693912444185183 ], [ -74.160347273511036, 4.694071324778133 ] ] ] } },
{ "type": "Feature", "id": 122, "properties": { "FID": 122, "LotCodigo": "006420007017", "NUMERO_FIC": "006402-007-17", "NOMBRE": "CL 22 H BIS 98 A 75", "DIRECCION": "CL 22 H BIS 98 A 75", "ACTO_ADMIN": "DEC", "NUMERO_ACT": "606", "FECHA_ACTO": 996105600000, "OBSERVACIO": " ", "OTROS": "Oficio SDP 2-2017-49940 de septiembre 18 de 2017", "LOCALIZACI": "Bien Interés Cultural - Fuera de Sector Interés Cultural", "Nivel_Inte": "POT 555 - Nivel 1", "Responsabl": "IDPC - Instituto Distrital de Patrimonio Cultural", "Localidad": "09", "Categoria": "Conservación Integral", "AMBITO": "Distrital", "Shape_Leng": 96.904516744600002, "Shape_Area": 586.888564825, "FMI": "" }, "geometry": { "type": "Polygon", "coordinates": [ [ [ -74.139643386679012, 4.67728282763083 ], [ -74.139635832745782, 4.677287752806527 ], [ -74.139605617012876, 4.677307449927798 ], [ -74.139537624427319, 4.677351772925159 ], [ -74.1395149590344, 4.67736654755541 ], [ -74.139632742541195, 4.677548484450717 ], [ -74.139718104052747, 4.677492836519678 ], [ -74.139759658321168, 4.6774657485084 ], [ -74.139786102926493, 4.677448509949961 ], [ -74.139816324049292, 4.677428808356074 ], [ -74.13978631043733, 4.677383693897543 ], [ -74.139767647937305, 4.677355638932505 ], [ -74.139725126183322, 4.677291721776522 ], [ -74.139696274991351, 4.677248350504507 ], [ -74.139643386679012, 4.67728282763083 ] ] ] } },
{ "type": "Feature", "id": 123, "properties": { "FID": 123, "LotCodigo": "007105004009", "NUMERO_FIC": "007105-004-09", "NOMBRE": "KR 15 28 B 34", "DIRECCION": "KR 15 28 B 34", "ACTO_ADMIN": "DEC", "NUMERO_ACT": "606", "FECHA_ACTO": 996105600000, "OBSERVACIO": "Se modifica modalidad de SIC a IIC con el Decreto Distrital 492 de 2007, reglamentario de la UPZ 101 Teusaquillo.", "OTROS": " ", "LOCALIZACI": "Bien Interés Cultural - Fuera de Sector Interés Cultural", "Nivel_Inte": "POT 555 - Nivel 2", "Responsabl": "IDPC - Instituto Distrital de Patrimonio Cultural", "Localidad": "13", "Categoria": "Conservación Tipológica", "AMBITO": "Distrital", "Shape_Leng": 61.667745221499999, "Shape_Area": 183.311567078, "FMI": "" }, "geometry": { "type": "Polygon", "coordinates": [ [ [ -74.072223672067324, 4.617622420709371 ], [ -74.0722078248874, 4.61765347943118 ], [ -74.0722564435072, 4.617679176499849 ], [ -74.072288332801463, 4.617696032393906 ], [ -74.072312742722673, 4.617708934203831 ], [ -74.072318721010902, 4.617712095859097 ], [ -74.072383165251068, 4.61774615774637 ], [ -74.072388741992356, 4.617749105401002 ], [ -74.072408541759529, 4.617710133143647 ], [ -74.072421473008049, 4.617684677833921 ], [ -74.072344886240188, 4.617644368741584 ], [ -74.072329742441127, 4.617636397895433 ], [ -74.072321666586703, 4.617632148329481 ], [ -74.072302617811104, 4.617622121645943 ], [ -74.072268426134769, 4.617604127697344 ], [ -74.072240503800785, 4.617589430609388 ], [ -74.072223672067324, 4.617622420709371 ] ] ] } },
{ "type": "Feature", "id": 124, "properties": { "FID": 124, "LotCodigo": "007105008001", "NUMERO_FIC": "007105-008-01", "NOMBRE": "CL 28 B 15 6", "DIRECCION": "CL 28 B 15 6", "ACTO_ADMIN": "DEC", "NUMERO_ACT": "606", "FECHA_ACTO": 996105600000, "OBSERVACIO": " ", "OTROS": " ", "LOCALIZACI": "SIC Teusaquillo", "Nivel_Inte": "POT 555 - Nivel 2", "Responsabl": "IDPC - Instituto Distrital de Patrimonio Cultural", "Localidad": "13", "Categoria": "Conservación Tipológica", "AMBITO": "Distrital", "Shape_Leng": 51.707123212500001, "Shape_Area": 165.890843872, "FMI": "" }, "geometry": { "type": "Polygon", "coordinates": [ [ [ -74.072650235283348, 4.617498672905993 ], [ -74.072613928972828, 4.617568369916461 ], [ -74.072618709806775, 4.617570899420253 ], [ -74.072671238793006, 4.617598681877418 ], [ -74.072699199754553, 4.617613470295924 ], [ -74.072699996560203, 4.617613892029099 ], [ -74.072723904323169, 4.617626536860885 ], [ -74.072742909979624, 4.617592175904395 ], [ -74.072762374675222, 4.617556984015436 ], [ -74.072775927557899, 4.61753248230086 ], [ -74.072679317342349, 4.617483967757303 ], [ -74.072662335590223, 4.617475440866126 ], [ -74.072650235283348, 4.617498672905993 ] ] ] } },
{ "type": "Feature", "id": 125, "properties": { "FID": 125, "LotCodigo": "007105008002", "NUMERO_FIC": "007105-008-02", "NOMBRE": "CL 28 B 15 16", "DIRECCION": "CL 28 B 15 16", "ACTO_ADMIN": "DEC", "NUMERO_ACT": "606", "FECHA_ACTO": 996105600000, "OBSERVACIO": " ", "OTROS": " ", "LOCALIZACI": "SIC Teusaquillo", "Nivel_Inte": "POT 555 - Nivel 2", "Responsabl": "IDPC - Instituto Distrital de Patrimonio Cultural", "Localidad": "13", "Categoria": "Conservación Tipológica", "AMBITO": "Distrital", "Shape_Leng": 104.11390951, "Shape_Area": 653.65258478199996, "FMI": "" }, "geometry": { "type": "Polygon", "coordinates": [ [ [ -74.072762374675222, 4.617556984015436 ], [ -74.072742909979624, 4.617592175904395 ], [ -74.072723904323169, 4.617626536860885 ], [ -74.07271472533759, 4.617643133985728 ], [ -74.072694614753331, 4.617679492575845 ], [ -74.072685872348984, 4.617695299061791 ], [ -74.072743816379756, 4.617726507312065 ], [ -74.072734050794296, 4.617745862264588 ], [ -74.072747644999495, 4.61775293591937 ], [ -74.072758041202292, 4.617758345026731 ], [ -74.0727972275116, 4.617778735955362 ], [ -74.072810024012824, 4.61778539503995 ], [ -74.07283401442082, 4.617797877801417 ], [ -74.07284201571504, 4.617802042303452 ], [ -74.072868403726517, 4.617815773251168 ], [ -74.072875603723517, 4.61781951870626 ], [ -74.072885923569515, 4.617824889310939 ], [ -74.072905991034631, 4.617835331456868 ], [ -74.073005032091331, 4.617652713864628 ], [ -74.072775927557899, 4.61753248230086 ], [ -74.072762374675222, 4.617556984015436 ] ] ] } },
{ "type": "Feature", "id": 126, "properties": { "FID": 126, "LotCodigo": "007105008003", "NUMERO_FIC": "007105-008-03", "NOMBRE": "KR 16 28 B 22", "DIRECCION": "KR 16 28 B 22", "ACTO_ADMIN": "DEC", "NUMERO_ACT": "606", "FECHA_ACTO": 996105600000, "OBSERVACIO": " ", "OTROS": " ", "LOCALIZACI": "SIC Teusaquillo", "Nivel_Inte": "POT 555 - Nivel 2", "Responsabl": "IDPC - Instituto Distrital de Patrimonio Cultural", "Localidad": "13", "Categoria": "Conservación Tipológica", "AMBITO": "Distrital", "Shape_Leng": 59.014164612899997, "Shape_Area": 170.82025721599999, "FMI": "" }, "geometry": { "type": "Polygon", "coordinates": [ [ [ -74.072730386566263, 4.617753119476236 ], [ -74.072719807107163, 4.617774089728368 ], [ -74.072715794332794, 4.617782042664982 ], [ -74.072714516928457, 4.617784573063396 ], [ -74.072703125392337, 4.617807154137874 ], [ -74.072726820254573, 4.617820194732682 ], [ -74.072728400391171, 4.617821063269973 ], [ -74.072736302870723, 4.617825413119502 ], [ -74.07273938499047, 4.617827109005685 ], [ -74.07274814805605, 4.617831931625967 ], [ -74.072807441356389, 4.61786456176419 ], [ -74.072810545934004, 4.617866271081263 ], [ -74.072840614343193, 4.617882818953546 ], [ -74.072842929301686, 4.617884092211179 ], [ -74.072853197943701, 4.617889743970687 ], [ -74.072872945608594, 4.617900612325654 ], [ -74.072905991034631, 4.617835331456868 ], [ -74.072885923569515, 4.617824889310939 ], [ -74.072875603723517, 4.61781951870626 ], [ -74.072868403726517, 4.617815773251168 ], [ -74.07284201571504, 4.617802042303452 ], [ -74.07283401442082, 4.617797877801417 ], [ -74.072810024012824, 4.61778539503995 ], [ -74.0727972275116, 4.617778735955362 ], [ -74.072758041202292, 4.617758345026731 ], [ -74.072747644999495, 4.61775293591937 ], [ -74.072734050794296, 4.617745862264588 ], [ -74.072730386566263, 4.617753119476236 ] ] ] } },
{ "type": "Feature", "id": 127, "properties": { "FID": 127, "LotCodigo": "007105008024", "NUMERO_FIC": "007105-008-24", "NOMBRE": "KR 15 28 B 25", "DIRECCION": "KR 15 28 B 25", "ACTO_ADMIN": "DEC", "NUMERO_ACT": "606", "FECHA_ACTO": 996105600000, "OBSERVACIO": " ", "OTROS": " ", "LOCALIZACI": "SIC Teusaquillo", "Nivel_Inte": "POT 555 - Nivel 2", "Responsabl": "IDPC - Instituto Distrital de Patrimonio Cultural", "Localidad": "13", "Categoria": "Conservación Tipológica", "AMBITO": "Distrital", "Shape_Leng": 61.542721046499999, "Shape_Area": 207.382614391, "FMI": "" }, "geometry": { "type": "Polygon", "coordinates": [ [ [ -74.072543744497992, 4.617709001358794 ], [ -74.07254292972604, 4.617710619345484 ], [ -74.072539677824707, 4.617717074279653 ], [ -74.072622100946958, 4.617762499679617 ], [ -74.072638719779732, 4.617771659614617 ], [ -74.072646254848337, 4.617775810685853 ], [ -74.072671523558952, 4.61778973862191 ], [ -74.072703125392337, 4.617807154137874 ], [ -74.072714516928457, 4.617784573063396 ], [ -74.072715794332794, 4.617782042664982 ], [ -74.072719807107163, 4.617774089728368 ], [ -74.072730386566263, 4.617753119476236 ], [ -74.072734050794296, 4.617745862264588 ], [ -74.072743816379756, 4.617726507312065 ], [ -74.072685872348984, 4.617695299061791 ], [ -74.072685271376074, 4.617694974927173 ], [ -74.072678728047521, 4.617691452425913 ], [ -74.072661264798413, 4.617682047150415 ], [ -74.072646975297175, 4.617674350296904 ], [ -74.072579509124395, 4.617638015882294 ], [ -74.072543744497992, 4.617709001358794 ] ] ] } },
{ "type": "Feature", "id": 128, "properties": { "FID": 128, "LotCodigo": "007105008025", "NUMERO_FIC": "007105-008-25", "NOMBRE": "KR 15 28 B 11", "DIRECCION": "KR 15 28 B 11", "ACTO_ADMIN": "DEC", "NUMERO_ACT": "606", "FECHA_ACTO": 996105600000, "OBSERVACIO": " ", "OTROS": " ", "LOCALIZACI": "SIC Teusaquillo", "Nivel_Inte": "POT 555 - Nivel 2", "Responsabl": "IDPC - Instituto Distrital de Patrimonio Cultural", "Localidad": "13", "Categoria": "Conservación Tipológica", "AMBITO": "Distrital", "Shape_Leng": 44.757226742100002, "Shape_Area": 119.063969347, "FMI": "" }, "geometry": { "type": "Polygon", "coordinates": [ [ [ -74.072609125680998, 4.6175780885833 ], [ -74.072603922638891, 4.617588615795831 ], [ -74.072583511118992, 4.617629916993949 ], [ -74.072579509124395, 4.617638015882294 ], [ -74.072646975297175, 4.617674350296904 ], [ -74.072661264798413, 4.617682047150415 ], [ -74.072678728047521, 4.617691452425913 ], [ -74.072685271376074, 4.617694974927173 ], [ -74.072685872348984, 4.617695299061791 ], [ -74.072694614753331, 4.617679492575845 ], [ -74.07271472533759, 4.617643133985728 ], [ -74.072723904323169, 4.617626536860885 ], [ -74.072699996560203, 4.617613892029099 ], [ -74.072699199754553, 4.617613470295924 ], [ -74.072671238793006, 4.617598681877418 ], [ -74.072618709806775, 4.617570899420253 ], [ -74.072613928972828, 4.617568369916461 ], [ -74.072609125680998, 4.6175780885833 ] ] ] } },
{ "type": "Feature", "id": 129, "properties": { "FID": 129, "LotCodigo": "007105009001", "NUMERO_FIC": "0071050901", "NOMBRE": "KR 15 28 A 1", "DIRECCION": "KR 15 28 A 1", "ACTO_ADMIN": "RES", "NUMERO_ACT": "0602", "FECHA_ACTO": 1433289600000, "OBSERVACIO": "Se incluye mediante Resolución SDP 0602 de junio 3 de 2015.", "OTROS": " ", "LOCALIZACI": "SIC Teusaquillo", "Nivel_Inte": "POT 555 - Nivel 2", "Responsabl": "IDPC - Instituto Distrital de Patrimonio Cultural", "Localidad": "13", "Categoria": "Conservación Tipológica", "AMBITO": "Distrital", "Shape_Leng": 56.543210741800003, "Shape_Area": 166.394455292, "FMI": "" }, "geometry": { "type": "Polygon", "coordinates": [ [ [ -74.073096543469319, 4.616679520534127 ], [ -74.073094885179316, 4.616679619028212 ], [ -74.073082837873045, 4.616680359524559 ], [ -74.073055246119097, 4.616682061681261 ], [ -74.073029573166579, 4.616734049538675 ], [ -74.073020454368148, 4.616752517176256 ], [ -74.073047672422931, 4.61676660899075 ], [ -74.073040961109442, 4.616778366495663 ], [ -74.07306034405832, 4.616785707884881 ], [ -74.073054344210547, 4.616797857574919 ], [ -74.073090237296029, 4.616814726920915 ], [ -74.073099900473537, 4.616826648283317 ], [ -74.073090371145014, 4.616836343679935 ], [ -74.073100051390526, 4.616848250715579 ], [ -74.073104239336374, 4.616844823122551 ], [ -74.0731391415801, 4.6168162526834 ], [ -74.073161467409861, 4.616797978454002 ], [ -74.073169121056083, 4.616791701696183 ], [ -74.073100155595085, 4.616679326232178 ], [ -74.073096543469319, 4.616679520534127 ] ] ] } },
{ "type": "Feature", "id": 130, "properties": { "FID": 130, "LotCodigo": "007105009008", "NUMERO_FIC": "007105-009-08", "NOMBRE": "CL 28 B 15 29", "DIRECCION": "CL 28 B 15 29", "ACTO_ADMIN": "DEC", "NUMERO_ACT": "606", "FECHA_ACTO": 996105600000, "OBSERVACIO": " ", "OTROS": " ", "LOCALIZACI": "SIC Teusaquillo", "Nivel_Inte": "POT 555 - Nivel 2", "Responsabl": "IDPC - Instituto Distrital de Patrimonio Cultural", "Localidad": "13", "Categoria": "Conservación Tipológica", "AMBITO": "Distrital", "Shape_Leng": 64.004468143699995, "Shape_Area": 251.78499295500001, "FMI": "" }, "geometry": { "type": "Polygon", "coordinates": [ [ [ -74.07300452633983, 4.617369149752236 ], [ -74.073001728986043, 4.617374200702606 ], [ -74.072987019073253, 4.617400751992811 ], [ -74.0729865806954, 4.617401543526198 ], [ -74.072957621705584, 4.617453817858783 ], [ -74.072951324515444, 4.617465185853445 ], [ -74.07294805464781, 4.617471088328243 ], [ -74.072935799830702, 4.617493210968065 ], [ -74.072996200753778, 4.617523897209284 ], [ -74.073049124100422, 4.61755078426874 ], [ -74.073124300513285, 4.617407636721664 ], [ -74.073105002904356, 4.617397851792882 ], [ -74.073100178052954, 4.617395407351487 ], [ -74.073084901303261, 4.617387661247885 ], [ -74.073081681741272, 4.617386028934035 ], [ -74.073074106248484, 4.617382187668897 ], [ -74.073070899262916, 4.617380562518239 ], [ -74.073061606191303, 4.617375849133647 ], [ -74.073040329593795, 4.617365061356645 ], [ -74.073029423147929, 4.617359530471912 ], [ -74.073020380706282, 4.617354946920155 ], [ -74.073018970351285, 4.617354230600268 ], [ -74.073014146398208, 4.617351785263302 ], [ -74.07300452633983, 4.617369149752236 ] ] ] } },
{ "type": "Feature", "id": 131, "properties": { "FID": 131, "LotCodigo": "007105009014", "NUMERO_FIC": "0071050914", "NOMBRE": "KR 15 28 A 19", "DIRECCION": "KR 15 28 A 19", "ACTO_ADMIN": "RES", "NUMERO_ACT": "1075", "FECHA_ACTO": 1243555200000, "OBSERVACIO": "Se incluye mediante Resolución SDP 1075 de mayo 29 de 2009.", "OTROS": " ", "LOCALIZACI": "SIC Teusaquillo", "Nivel_Inte": "POT 555 - Nivel 2", "Responsabl": "IDPC - Instituto Distrital de Patrimonio Cultural", "Localidad": "13", "Categoria": "Conservación Tipológica", "AMBITO": "Distrital", "Shape_Leng": 42.849578716400003, "Shape_Area": 90.931731713600001, "FMI": "" }, "geometry": { "type": "Polygon", "coordinates": [ [ [ -74.073018055866328, 4.616757376515281 ], [ -74.07300805582058, 4.616777626894814 ], [ -74.072982861670113, 4.616828656666661 ], [ -74.07303971155288, 4.61685806609555 ], [ -74.073069336194322, 4.616873392665148 ], [ -74.073100051390526, 4.616848250715579 ], [ -74.073090371145014, 4.616836343679935 ], [ -74.073099900473537, 4.616826648283317 ], [ -74.073090237296029, 4.616814726920915 ], [ -74.073054344210547, 4.616797857574919 ], [ -74.07306034405832, 4.616785707884881 ], [ -74.073040961109442, 4.616778366495663 ], [ -74.073047672422931, 4.61676660899075 ], [ -74.073020454368148, 4.616752517176256 ], [ -74.073018055866328, 4.616757376515281 ] ] ] } },
{ "type": "Feature", "id": 132, "properties": { "FID": 132, "LotCodigo": "007105011001", "NUMERO_FIC": "007105-011-01", "NOMBRE": "KR 16 28 B 7", "DIRECCION": "KR 16 28 B 7", "ACTO_ADMIN": "DEC", "NUMERO_ACT": "606", "FECHA_ACTO": 996105600000, "OBSERVACIO": " ", "OTROS": " ", "LOCALIZACI": "SIC Teusaquillo", "Nivel_Inte": "POT 555 - Nivel 2", "Responsabl": "IDPC - Instituto Distrital de Patrimonio Cultural", "Localidad": "13", "Categoria": "Conservación Tipológica", "AMBITO": "Distrital", "Shape_Leng": 71.664178184899995, "Shape_Area": 312.82555039200003, "FMI": "" }, "geometry": { "type": "Polygon", "coordinates": [ [ [ -74.073011323891592, 4.617836868857349 ], [ -74.072997735076271, 4.617864412232527 ], [ -74.073021846756831, 4.617876660398003 ], [ -74.073025865819403, 4.617878701908126 ], [ -74.073118294377309, 4.617925655744037 ], [ -74.073132282942908, 4.617897302930376 ], [ -74.073185841398455, 4.617788750101108 ], [ -74.073188638752256, 4.617783076851159 ], [ -74.073201030113282, 4.617757963586631 ], [ -74.073079666820092, 4.617698338047382 ], [ -74.073011323891592, 4.617836868857349 ] ] ] } },
{ "type": "Feature", "id": 133, "properties": { "FID": 133, "LotCodigo": "007105011003", "NUMERO_FIC": "007105-011-03", "NOMBRE": "KR 16 A 28 B 10", "DIRECCION": "KR 16 A 28 B 10", "ACTO_ADMIN": "DEC", "NUMERO_ACT": "606", "FECHA_ACTO": 996105600000, "OBSERVACIO": " ", "OTROS": " ", "LOCALIZACI": "SIC Teusaquillo", "Nivel_Inte": "POT 555 - Nivel 2", "Responsabl": "IDPC - Instituto Distrital de Patrimonio Cultural", "Localidad": "13", "Categoria": "Conservación Tipológica", "AMBITO": "Distrital", "Shape_Leng": 73.065344128299998, "Shape_Area": 325.45361619099998, "FMI": "" }, "geometry": { "type": "Polygon", "coordinates": [ [ [ -74.073317912609852, 4.617842964735269 ], [ -74.073314873609249, 4.61784912418648 ], [ -74.073257318548983, 4.617965775891148 ], [ -74.073245326938249, 4.617990080603017 ], [ -74.073269532043582, 4.618002143418765 ], [ -74.073281635045419, 4.618008173931125 ], [ -74.073300190645909, 4.618017421612067 ], [ -74.073318441717547, 4.618026518865852 ], [ -74.073335966950438, 4.618035253482985 ], [ -74.073342645924569, 4.618038581680977 ], [ -74.073366338091859, 4.618050390202558 ], [ -74.073386392980581, 4.618012963420442 ], [ -74.073386423523303, 4.618012907905694 ], [ -74.073455879464447, 4.617883174426986 ], [ -74.073328863971469, 4.617820768683604 ], [ -74.073317912609852, 4.617842964735269 ] ] ] } },
{ "type": "Feature", "id": 134, "properties": { "FID": 134, "LotCodigo": "007105020028", "NUMERO_FIC": "007105-020-28", "NOMBRE": "CL 28 A 16 A 31", "DIRECCION": "CL 28 A 16 A 31", "ACTO_ADMIN": "DEC", "NUMERO_ACT": "606", "FECHA_ACTO": 996105600000, "OBSERVACIO": "Se modifica modalidad de SIC a IIC con el Decreto Distrital 492 de 2007, reglamentario de la UPZ 101 Teusaquillo.", "OTROS": " ", "LOCALIZACI": "Bien Interés Cultural - Fuera de Sector Interés Cultural", "Nivel_Inte": "POT 555 - Nivel 2", "Responsabl": "IDPC - Instituto Distrital de Patrimonio Cultural", "Localidad": "13", "Categoria": "Conservación Tipológica", "AMBITO": "Distrital", "Shape_Leng": 54.3056625655, "Shape_Area": 184.08502670300001, "FMI": "" }, "geometry": { "type": "Polygon", "coordinates": [ [ [ -74.074112939602585, 4.617741109484855 ], [ -74.074099083089351, 4.617750698316431 ], [ -74.074082626851663, 4.617762084214349 ], [ -74.074068438860053, 4.617771902267845 ], [ -74.074046036673508, 4.617787403420586 ], [ -74.074031452524878, 4.617797496361331 ], [ -74.074083490132637, 4.61787128531672 ], [ -74.074099101953976, 4.617893423165836 ], [ -74.074113943020777, 4.617883152937416 ], [ -74.07414361257797, 4.617862622329531 ], [ -74.074158431186902, 4.617852367322437 ], [ -74.074165752456466, 4.617847301153692 ], [ -74.074188142964914, 4.617831806270098 ], [ -74.074202834911404, 4.617821639907085 ], [ -74.074187223090064, 4.617799502055716 ], [ -74.074159122889682, 4.61775965320515 ], [ -74.074152141183276, 4.617749751879322 ], [ -74.074149757054514, 4.617746370851412 ], [ -74.074135189075548, 4.617725713988245 ], [ -74.074112939602585, 4.617741109484855 ] ] ] } },
{ "type": "Feature", "id": 135, "properties": { "FID": 135, "LotCodigo": "007105020029", "NUMERO_FIC": "007105-020-29", "NOMBRE": "CL 28 A 16 A 19", "DIRECCION": "CL 28 A 16 A 19", "ACTO_ADMIN": "DEC", "NUMERO_ACT": "606", "FECHA_ACTO": 996105600000, "OBSERVACIO": "Se modifica modalidad de SIC a IIC con el Decreto Distrital 492 de 2007, reglamentario de la UPZ 101 Teusaquillo.", "OTROS": " ", "LOCALIZACI": "Bien Interés Cultural - Fuera de Sector Interés Cultural", "Nivel_Inte": "POT 555 - Nivel 2", "Responsabl": "IDPC - Instituto Distrital de Patrimonio Cultural", "Localidad": "13", "Categoria": "Conservación Tipológica", "AMBITO": "Distrital", "Shape_Leng": 54.319880456900002, "Shape_Area": 184.184215303, "FMI": "" }, "geometry": { "type": "Polygon", "coordinates": [ [ [ -74.074023102684293, 4.617660472500946 ], [ -74.074015590971882, 4.617665660445335 ], [ -74.073997926500141, 4.617677859367286 ], [ -74.073963733925495, 4.617701468363673 ], [ -74.074020271194513, 4.617781642421495 ], [ -74.074031452524878, 4.617797496361331 ], [ -74.074046036673508, 4.617787403420586 ], [ -74.074068438860053, 4.617771902267845 ], [ -74.074082626851663, 4.617762084214349 ], [ -74.074099083089351, 4.617750698316431 ], [ -74.074112939602585, 4.617741109484855 ], [ -74.074135189075548, 4.617725713988245 ], [ -74.074119578152533, 4.617703576133846 ], [ -74.074083154162722, 4.617651923226897 ], [ -74.07406754234141, 4.617629787161028 ], [ -74.074023102684293, 4.617660472500946 ] ] ] } },
{ "type": "Feature", "id": 136, "properties": { "FID": 136, "LotCodigo": "007105020032", "NUMERO_FIC": "007105-020-32", "NOMBRE": "CL 28 A 16 59", "DIRECCION": "CL 28 A 16 59", "ACTO_ADMIN": "DEC", "NUMERO_ACT": "606", "FECHA_ACTO": 996105600000, "OBSERVACIO": "Se modifica modalidad de SIC a IIC con el Decreto Distrital 492 de 2007, reglamentario de la UPZ 101 Teusaquillo.", "OTROS": " ", "LOCALIZACI": "Bien Interés Cultural - Fuera de Sector Interés Cultural", "Nivel_Inte": "POT 555 - Nivel 2", "Responsabl": "IDPC - Instituto Distrital de Patrimonio Cultural", "Localidad": "13", "Categoria": "Conservación Tipológica", "AMBITO": "Distrital", "Shape_Leng": 54.341107940199997, "Shape_Area": 184.287693206, "FMI": "" }, "geometry": { "type": "Polygon", "coordinates": [ [ [ -74.073856534369369, 4.617347575988633 ], [ -74.073830564972823, 4.617365522487558 ], [ -74.073823100871124, 4.617370679990546 ], [ -74.073763743790408, 4.617411699150418 ], [ -74.07376376534998, 4.617411732280207 ], [ -74.073828974056454, 4.617509295032065 ], [ -74.073884620196736, 4.61747084030254 ], [ -74.073888331137155, 4.617468275877786 ], [ -74.073899465755119, 4.617460580812771 ], [ -74.073903088660657, 4.617458078170579 ], [ -74.073910595881486, 4.617452890224668 ], [ -74.073932848049381, 4.617437512629801 ], [ -74.073923734640829, 4.617423865842362 ], [ -74.073883709305022, 4.617363919721862 ], [ -74.073867663597426, 4.617339885399297 ], [ -74.073856534369369, 4.617347575988633 ] ] ] } },
{ "type": "Feature", "id": 137, "properties": { "FID": 137, "LotCodigo": "007105020035", "NUMERO_FIC": "007105-020-35", "NOMBRE": "CL 28 A 16 9", "DIRECCION": "CL 28 A 16 9", "ACTO_ADMIN": "DEC", "NUMERO_ACT": "606", "FECHA_ACTO": 996105600000, "OBSERVACIO": "Se modifica modalidad de SIC a IIC con el Decreto Distrital 492 de 2007, reglamentario de la UPZ 101 Teusaquillo.", "OTROS": " ", "LOCALIZACI": "Bien Interés Cultural - Fuera de Sector Interés Cultural", "Nivel_Inte": "POT 555 - Nivel 2", "Responsabl": "IDPC - Instituto Distrital de Patrimonio Cultural", "Localidad": "13", "Categoria": "Conservación Tipológica", "AMBITO": "Distrital", "Shape_Leng": 80.536491721800004, "Shape_Area": 368.68739577500003, "FMI": "" }, "geometry": { "type": "Polygon", "coordinates": [ [ [ -74.073576700175224, 4.616970231112166 ], [ -74.073553181382763, 4.616986483523283 ], [ -74.073545762196829, 4.616991611480773 ], [ -74.073542572279251, 4.616993815956328 ], [ -74.073498054468715, 4.617024577432752 ], [ -74.073631660002604, 4.617217619433658 ], [ -74.073646498374487, 4.617207365312669 ], [ -74.073691112304743, 4.617176534002959 ], [ -74.073735628318659, 4.617145769846933 ], [ -74.073668776593522, 4.617049284211534 ], [ -74.073635865914767, 4.617001783228058 ], [ -74.07360192576671, 4.616952797667664 ], [ -74.073576700175224, 4.616970231112166 ] ] ] } },
{ "type": "Feature", "id": 138, "properties": { "FID": 138, "LotCodigo": "007105020036", "NUMERO_FIC": "007105-020-36", "NOMBRE": "CL 28 A 15 55", "DIRECCION": "CL 28 A 15 55", "ACTO_ADMIN": "DEC", "NUMERO_ACT": "606", "FECHA_ACTO": 996105600000, "OBSERVACIO": "Se modifica modalidad de SIC a IIC con el Decreto Distrital 492 de 2007, reglamentario de la UPZ 101 Teusaquillo.", "OTROS": " ", "LOCALIZACI": "Bien Interés Cultural - Fuera de Sector Interés Cultural", "Nivel_Inte": "POT 555 - Nivel 2", "Responsabl": "IDPC - Instituto Distrital de Patrimonio Cultural", "Localidad": "13", "Categoria": "Conservación Tipológica", "AMBITO": "Distrital", "Shape_Leng": 54.331887676400001, "Shape_Area": 184.26281885399999, "FMI": "" }, "geometry": { "type": "Polygon", "coordinates": [ [ [ -74.073512795822523, 4.616871708416921 ], [ -74.073509825093893, 4.616873761570145 ], [ -74.07347569629961, 4.616897347312896 ], [ -74.073431173997491, 4.616928115061302 ], [ -74.073431200048645, 4.616928157145111 ], [ -74.073498054468715, 4.617024577432752 ], [ -74.073542572279251, 4.616993815956328 ], [ -74.073545762196829, 4.616991611480773 ], [ -74.073553181382763, 4.616986483523283 ], [ -74.073576700175224, 4.616970231112166 ], [ -74.07360192576671, 4.616952797667664 ], [ -74.073577754797356, 4.616917930777348 ], [ -74.073573633326831, 4.616911984423334 ], [ -74.073563344921894, 4.616897144056984 ], [ -74.07355923333283, 4.616891212029196 ], [ -74.073535049787054, 4.616856329018664 ], [ -74.073512795822523, 4.616871708416921 ] ] ] } },
{ "type": "Feature", "id": 139, "properties": { "FID": 139, "LotCodigo": "007105020044", "NUMERO_FIC": "007105-020-44", "NOMBRE": "CL 28 A 16 A 11", "DIRECCION": "CL 28 A 16 A 11", "ACTO_ADMIN": "DEC", "NUMERO_ACT": "606", "FECHA_ACTO": 996105600000, "OBSERVACIO": "Se modifica modalidad de SIC a IIC con el Decreto Distrital 492 de 2007, reglamentario de la UPZ 101 Teusaquillo.", "OTROS": " ", "LOCALIZACI": "Bien Interés Cultural - Fuera de Sector Interés Cultural", "Nivel_Inte": "POT 555 - Nivel 2", "Responsabl": "IDPC - Instituto Distrital de Patrimonio Cultural", "Localidad": "13", "Categoria": "Conservación Tipológica", "AMBITO": "Distrital", "Shape_Leng": 54.319341373100002, "Shape_Area": 184.170776972, "FMI": "" }, "geometry": { "type": "Polygon", "coordinates": [ [ [ -74.073951671347857, 4.617567187989027 ], [ -74.073947957712463, 4.617569753308787 ], [ -74.073913093197973, 4.617593846719924 ], [ -74.073895980291809, 4.617605674052329 ], [ -74.073909091203376, 4.617624210612973 ], [ -74.073963733925495, 4.617701468363673 ], [ -74.073997926500141, 4.617677859367286 ], [ -74.074015590971882, 4.617665660445335 ], [ -74.074023102684293, 4.617660472500946 ], [ -74.07406754234141, 4.617629787161028 ], [ -74.074051932316721, 4.617607648408254 ], [ -74.074018112542888, 4.617559688122184 ], [ -74.074001376929147, 4.617535956451348 ], [ -74.073999898302191, 4.617533859425452 ], [ -74.073951671347857, 4.617567187989027 ] ] ] } },
{ "type": "Feature", "id": 140, "properties": { "FID": 140, "LotCodigo": "007105020045", "NUMERO_FIC": "007105-020-45", "NOMBRE": "CL 28 A 16 71", "DIRECCION": "CL 28 A 16 71", "ACTO_ADMIN": "DEC", "NUMERO_ACT": "606", "FECHA_ACTO": 996105600000, "OBSERVACIO": "Se modifica modalidad de SIC a IIC con el Decreto Distrital 492 de 2007, reglamentario de la UPZ 101 Teusaquillo.", "OTROS": " ", "LOCALIZACI": "Bien Interés Cultural - Fuera de Sector Interés Cultural", "Nivel_Inte": "POT 555 - Nivel 2", "Responsabl": "IDPC - Instituto Distrital de Patrimonio Cultural", "Localidad": "13", "Categoria": "Conservación Tipológica", "AMBITO": "Distrital", "Shape_Leng": 54.338167115799997, "Shape_Area": 184.29842248700001, "FMI": "" }, "geometry": { "type": "Polygon", "coordinates": [ [ [ -74.073910595881486, 4.617452890224668 ], [ -74.073903088660657, 4.617458078170579 ], [ -74.073899465755119, 4.617460580812771 ], [ -74.073888331137155, 4.617468275877786 ], [ -74.073884620196736, 4.61747084030254 ], [ -74.073828974056454, 4.617509295032065 ], [ -74.073829000107594, 4.617509335325036 ], [ -74.07384519583384, 4.617532622878564 ], [ -74.073895980291809, 4.617605674052329 ], [ -74.073913093197973, 4.617593846719924 ], [ -74.073947957712463, 4.617569753308787 ], [ -74.073951671347857, 4.617567187989027 ], [ -74.073999898302191, 4.617533859425452 ], [ -74.073974109467017, 4.617496802416136 ], [ -74.073959152517531, 4.617475311928597 ], [ -74.073956057821377, 4.617470864478323 ], [ -74.073932848049381, 4.617437512629801 ], [ -74.073910595881486, 4.617452890224668 ] ] ] } },
{ "type": "Feature", "id": 141, "properties": { "FID": 141, "LotCodigo": "007105020046", "NUMERO_FIC": "007105-020-46", "NOMBRE": "CL 28 A 16 41", "DIRECCION": "CL 28 A 16 41", "ACTO_ADMIN": "DEC", "NUMERO_ACT": "606", "FECHA_ACTO": 996105600000, "OBSERVACIO": "Se modifica modalidad de SIC a IIC con el Decreto Distrital 492 de 2007, reglamentario de la UPZ 101 Teusaquillo.", "OTROS": " ", "LOCALIZACI": "Bien Interés Cultural - Fuera de Sector Interés Cultural", "Nivel_Inte": "POT 555 - Nivel 2", "Responsabl": "IDPC - Instituto Distrital de Patrimonio Cultural", "Localidad": "13", "Categoria": "Conservación Tipológica", "AMBITO": "Distrital", "Shape_Leng": 54.340746312, "Shape_Area": 184.28797509200001, "FMI": "" }, "geometry": { "type": "Polygon", "coordinates": [ [ [ -74.073791255594301, 4.617250013214555 ], [ -74.073783096196578, 4.617255650652749 ], [ -74.073781610383094, 4.617256677676502 ], [ -74.073759352825306, 4.617272057961509 ], [ -74.073757868808443, 4.617273084089819 ], [ -74.073750455012416, 4.617278209359071 ], [ -74.073745631957649, 4.617281542037627 ], [ -74.073743034928157, 4.617283337314454 ], [ -74.073698514422702, 4.617314103255344 ], [ -74.073698531490678, 4.61731412922194 ], [ -74.073718078831263, 4.617343375667951 ], [ -74.073763743790408, 4.617411699150418 ], [ -74.073823100871124, 4.617370679990546 ], [ -74.073830564972823, 4.617365522487558 ], [ -74.073856534369369, 4.617347575988633 ], [ -74.073867663597426, 4.617339885399297 ], [ -74.073802385720683, 4.617242320833379 ], [ -74.073791255594301, 4.617250013214555 ] ] ] } },
{ "type": "Feature", "id": 142, "properties": { "FID": 142, "LotCodigo": "008107001002", "NUMERO_FIC": "008107-001-02", "NOMBRE": "Edificio Flota Mercante", "DIRECCION": "KR 13 26 A 65", "ACTO_ADMIN": "DEC", "NUMERO_ACT": "606", "FECHA_ACTO": 996105600000, "OBSERVACIO": "Se aclara inconsistencia de nomenclatura mediante Resolución 0588 de octubre 21 de 2004.", "OTROS": "Oficio SDP 2-2017-39239 de agosto 4 de de 2017", "LOCALIZACI": "Bien Interés Cultural - Fuera de Sector Interés Cultural", "Nivel_Inte": "POT 555 - Nivel 1", "Responsabl": "IDPC - Instituto Distrital de Patrimonio Cultural", "Localidad": "03", "Categoria": "Conservación Integral", "AMBITO": "Distrital", "Shape_Leng": 182.58554534300001, "Shape_Area": 1866.29894018, "FMI": "" }, "geometry": { "type": "Polygon", "coordinates": [ [ [ -74.070419201901601, 4.615236955132469 ], [ -74.070411378473779, 4.615244421893943 ], [ -74.070577488647928, 4.615407748663813 ], [ -74.070817569695791, 4.615643807113271 ], [ -74.070967412278463, 4.615400948083336 ], [ -74.070928250223645, 4.615361385626843 ], [ -74.070781452031497, 4.615213076537925 ], [ -74.070765577003797, 4.615197038087413 ], [ -74.070724303009754, 4.615155340084312 ], [ -74.07069530179912, 4.61512603982398 ], [ -74.070617627171444, 4.615047566731352 ], [ -74.070419201901601, 4.615236955132469 ] ] ] } },
{ "type": "Feature", "id": 143, "properties": { "FID": 143, "LotCodigo": "008107006001", "NUMERO_FIC": "008107006001", "NOMBRE": "Hotel Tequendama", "DIRECCION": "KR 10 26 21", "ACTO_ADMIN": "DEC", "NUMERO_ACT": "606", "FECHA_ACTO": 996105600000, "OBSERVACIO": "Se declara BIC del ámbito Nacional inicialmente con la Resolución 1582 de agosto 5 de 2002 que incluye de Carrera 10 a Carrera 13 y de Calle 26 a 28 / Posteriormente se precisa declaratoria mediante Resolución 1498 de agosto 30 de 2001 / Zona de Influ", "OTROS": "MINCULTURA", "LOCALIZACI": "Zona de Influencia PEMPCHB", "Nivel_Inte": "POT 555 - Nivel 1", "Responsabl": "Ministerio de Cultura", "Localidad": "03", "Categoria": "Conservación Integral", "AMBITO": "Nacional", "Shape_Leng": 325.39555741499998, "Shape_Area": 6220.6680321699996, "FMI": "" }, "geometry": { "type": "Polygon", "coordinates": [ [ [ -74.070608988971685, 4.61268387951315 ], [ -74.070572545218923, 4.612742079092475 ], [ -74.070484312691704, 4.612882980112733 ], [ -74.07035196390089, 4.613094334276907 ], [ -74.070308746850898, 4.613163347630366 ], [ -74.07027475999044, 4.613217621714602 ], [ -74.070236506132375, 4.613278711617439 ], [ -74.070290301743157, 4.613309466091647 ], [ -74.070348773085001, 4.613342892452758 ], [ -74.07057622831158, 4.613472922244966 ], [ -74.070610871840515, 4.613492726806651 ], [ -74.070632894938015, 4.613505316196758 ], [ -74.070725910994099, 4.613558489802573 ], [ -74.070946005425242, 4.613684308468128 ], [ -74.071019111221375, 4.613726098784267 ], [ -74.071174649122923, 4.61323946959768 ], [ -74.071115548062068, 4.613180140057886 ], [ -74.071061226038509, 4.613125608094108 ], [ -74.070703994796119, 4.612766990172818 ], [ -74.070646340921186, 4.61270911383701 ], [ -74.070613703330281, 4.612676350046323 ], [ -74.070608988971685, 4.61268387951315 ] ] ] } },
{ "type": "Feature", "id": 144, "properties": { "FID": 144, "LotCodigo": "008107006008", "NUMERO_FIC": "008107006008", "NOMBRE": "Centro Internacional Tequendama", "DIRECCION": "KR 10 26 71", "ACTO_ADMIN": "DEC", "NUMERO_ACT": "606", "FECHA_ACTO": 996105600000, "OBSERVACIO": "Se declara BIC del ámbito Nacional mediante con la Resolución 1582 de agosto 5 de 2002 que incluye de Carrera 10 a Carrera 13 y de Calle 26 a 28 / Zona de Influencia aplica Resolución 1359 de mayo 24 de 2013 / Patrimonio Material / Inmueble / Grupo Ar", "OTROS": "MINCULTURA", "LOCALIZACI": "Zona de Influencia PEMPCHB", "Nivel_Inte": "POT 555 - Nivel 1", "Responsabl": "Ministerio de Cultura", "Localidad": "03", "Categoria": "Conservación Integral", "AMBITO": "Nacional", "Shape_Leng": 561.44018783499996, "Shape_Area": 18771.664913299999, "FMI": "" }, "geometry": { "type": "Polygon", "coordinates": [ [ [ -74.070236059669682, 4.613279442267892 ], [ -74.070136376317535, 4.613454615694906 ], [ -74.070118282451077, 4.6134881459161 ], [ -74.070090030435395, 4.613540494855525 ], [ -74.070040242209089, 4.613632748390708 ], [ -74.069948125366594, 4.613813004940808 ], [ -74.069860072502451, 4.613995296698607 ], [ -74.069778266522789, 4.614176425280019 ], [ -74.069777970078746, 4.614177082506463 ], [ -74.069777995231561, 4.614177096832901 ], [ -74.06983000858483, 4.614206500103864 ], [ -74.069842483489182, 4.614213553199612 ], [ -74.069560036095865, 4.614718591207858 ], [ -74.069556063745694, 4.614725693545724 ], [ -74.069535887584408, 4.614761768442565 ], [ -74.069620942770456, 4.614810035145558 ], [ -74.069635906008145, 4.614818527148031 ], [ -74.069865658226874, 4.614948903190881 ], [ -74.070195913061312, 4.615136311883121 ], [ -74.070291034768431, 4.615046360623845 ], [ -74.070382308991185, 4.614952478534564 ], [ -74.070463460997331, 4.614861675723763 ], [ -74.070469573134517, 4.614854834844908 ], [ -74.070553403916819, 4.614757355000616 ], [ -74.070631670534283, 4.614655323808224 ], [ -74.070704127746765, 4.614549060029433 ], [ -74.070760149382835, 4.614448272522593 ], [ -74.070809997796275, 4.6143442713978 ], [ -74.070837414378744, 4.614276928982498 ], [ -74.070853493324009, 4.614237438095635 ], [ -74.070887555642969, 4.614136789332172 ], [ -74.070890474269319, 4.614128161220132 ], [ -74.070920806783192, 4.614016842806581 ], [ -74.070960638082894, 4.613894800119503 ], [ -74.071019111221375, 4.613726098784267 ], [ -74.070946005425242, 4.613684308468128 ], [ -74.070725910994099, 4.613558489802573 ], [ -74.070632894938015, 4.613505316196758 ], [ -74.070610871840515, 4.613492726806651 ], [ -74.07057622831158, 4.613472922244966 ], [ -74.070348773085001, 4.613342892452758 ], [ -74.070290301743157, 4.613309466091647 ], [ -74.070236506132375, 4.613278711617439 ], [ -74.070236481877856, 4.613278698186379 ], [ -74.070236059669682, 4.613279442267892 ] ] ] } },
{ "type": "Feature", "properties": { "FID": 150, "LotCodigo": " ", "NUMERO_FIC": " ", "NOMBRE": "Estacion Facatativa", "DIRECCION": " ", "ACTO_ADMIN": " ", "NUMERO_ACT": " ", "FECHA_ACTO": null, "OBSERVACIO": " ", "OTROS": " ", "LOCALIZACI": " ", "Nivel_Inte": " ", "Responsabl": " ", "Localidad": " ", "Categoria": " ", "AMBITO": " ", "Shape_Leng": 0.0016503967383000001, "Shape_Area": 628.7371571, "FMI": "156-53293" }, "geometry": { "type": "Polygon", "coordinates": [ [ [ -74.355032991434058, 4.808437570592807 ], [ -74.355102272519829, 4.808349642625092 ], [ -74.355505832021564, 4.808678937441855 ], [ -74.355431092935106, 4.808764381724614 ], [ -74.355032991434058, 4.808437570592807 ] ] ] } },
{ "type": "Feature", "id": 147, "properties": { "FID": 147, "LotCodigo": " ", "NUMERO_FIC": " ", "NOMBRE": "Estacion tren Cerrito la floresta", "DIRECCION": " ", "ACTO_ADMIN": " ", "NUMERO_ACT": " ", "FECHA_ACTO": null, "OBSERVACIO": " ", "OTROS": " ", "LOCALIZACI": " ", "Nivel_Inte": " ", "Responsabl": " ", "Localidad": " ", "Categoria": " ", "AMBITO": " ", "Shape_Leng": 0.00100651183642, "Shape_Area": 341.18895220100001, "FMI": "50C-777298" }, "geometry": { "type": "Polygon", "coordinates": [ [ [ -74.181531024185475, 4.699460853521282 ], [ -74.181533273703792, 4.699528752056888 ], [ -74.181645102521585, 4.69952502252708 ], [ -74.181642852992454, 4.699457123992056 ], [ -74.181531024185475, 4.699460853521282 ] ] ] } },
{ "type": "Feature", "id": 148, "properties": { "FID": 148, "LotCodigo": " ", "NUMERO_FIC": " ", "NOMBRE": "Estacion el Corzo", "DIRECCION": " ", "ACTO_ADMIN": " ", "NUMERO_ACT": " ", "FECHA_ACTO": null, "OBSERVACIO": " ", "OTROS": " ", "LOCALIZACI": " ", "Nivel_Inte": " ", "Responsabl": " ", "Localidad": " ", "Categoria": " ", "AMBITO": " ", "Shape_Leng": 0.0041574692820599999, "Shape_Area": 2893.6099343300002, "FMI": "50C-776980" }, "geometry": { "type": "Polygon", "coordinates": [ [ [ -74.316599614994047, 4.772733007525596 ], [ -74.316449203575914, 4.772873339190534 ], [ -74.316449203575914, 4.772873339190534 ], [ -74.316178996191709, 4.772573114008297 ], [ -74.316178996191709, 4.772573114008297 ], [ -74.316389351830182, 4.77239774747273 ], [ -74.316389351830182, 4.77239774747273 ], [ -74.316599614994047, 4.772733007525596 ] ] ] } },
{ "type": "Feature", "id": 149, "properties": { "FID": 149, "LotCodigo": " ", "NUMERO_FIC": " ", "NOMBRE": "Estacion Mosquera", "DIRECCION": " ", "ACTO_ADMIN": " ", "NUMERO_ACT": " ", "FECHA_ACTO": null, "OBSERVACIO": " ", "OTROS": " ", "LOCALIZACI": " ", "Nivel_Inte": " ", "Responsabl": " ", "Localidad": " ", "Categoria": " ", "AMBITO": " ", "Shape_Leng": 0.00091453985027000004, "Shape_Area": 542.58796710800004, "FMI": "50C-776980" }, "geometry": { "type": "Polygon", "coordinates": [ [ [ -74.229417814355102, 4.707331767635124 ], [ -74.229417814355102, 4.707331767635124 ], [ -74.229170990592237, 4.707130784486272 ], [ -74.22908394445308, 4.707239052398499 ], [ -74.229330103977446, 4.707440165942097 ], [ -74.229330103977446, 4.707440165942097 ], [ -74.229417814355102, 4.707331767635124 ] ] ] } },
{ "type": "Feature", "id": 151, "properties": { "FID": 151, "LotCodigo": " ", "NUMERO_FIC": " ", "NOMBRE": "Estacion Madrid Centro", "DIRECCION": " ", "ACTO_ADMIN": " ", "NUMERO_ACT": " ", "FECHA_ACTO": null, "OBSERVACIO": " ", "OTROS": " ", "LOCALIZACI": " ", "Nivel_Inte": " ", "Responsabl": " ", "Localidad": " ", "Categoria": " ", "AMBITO": " ", "Shape_Leng": 0.0016176878192499999, "Shape_Area": 839.55910668299998, "FMI": "50C-776980" }, "geometry": { "type": "Polygon", "coordinates": [ [ [ -74.262983661454342, 4.73377297654181 ], [ -74.26294399160993, 4.73383978522071 ], [ -74.262934114618403, 4.733833040046511 ], [ -74.262737953795465, 4.733699359740884 ], [ -74.262717729821674, 4.733685595332933 ], [ -74.26259515540815, 4.733602163677854 ], [ -74.262631752217885, 4.733546415368313 ], [ -74.262635994124366, 4.733539952989 ], [ -74.26275885855442, 4.733622571591242 ], [ -74.262836598933276, 4.733674846615409 ], [ -74.262854811560302, 4.73368709232959 ], [ -74.262983661454342, 4.73377297654181 ] ] ] } },
{ "type": "Feature", "id": 154, "properties": { "FID": 154, "LotCodigo": " ", "NUMERO_FIC": " ", "NOMBRE": "LOS MICOS", "DIRECCION": " ", "ACTO_ADMIN": " ", "NUMERO_ACT": " ", "FECHA_ACTO": null, "OBSERVACIO": " ", "OTROS": " ", "LOCALIZACI": " ", "Nivel_Inte": " ", "Responsabl": " ", "Localidad": " ", "Categoria": " ", "AMBITO": " ", "Shape_Leng": 0.0, "Shape_Area": 83.959519526400001, "FMI": " " }, "geometry": { "type": "Polygon", "coordinates": [ [ [ -74.349300212601676, 4.803490957531996 ], [ -74.349216105935653, 4.80342377293366 ], [ -74.349177277861045, 4.803471828205203 ], [ -74.349260723171085, 4.803542062356752 ], [ -74.349300212601676, 4.803490957531996 ] ] ] } }
]
}
