{"type":"FeatureCollection","features":[{"type":"Feature","id":0,"geometry":{"type":"LineString","coordinates":[[-74.07831828873293,4.6132442041370574],[-74.078311062780358,4.6132381687754425],[-74.078306100695741,4.6132451789978397],[-74.078192622498477,4.6134055088871886],[-74.078195045886162,4.6134249524698054],[-74.078177283828026,4.6134275379111447],[-74.078173371623464,4.6133984073533485],[-74.078169022307947,4.6133458081238787],[-74.078170847220647,4.6132930587729968],[-74.078174152864875,4.6132776104296864],[-74.078179854841693,4.6132628819154222],[-74.078187807154407,4.6132492458063341],[-74.07819781153583,4.6132370457406102],[-74.078209613843498,4.6132265864711108],[-74.078222916676552,4.613218133865411],[-74.078113409909932,4.6131277318318249],[-74.078105657670562,4.6131456833108011],[-74.078095044971917,4.6131620947508685],[-74.078081868313333,4.6131765149005899],[-74.078066489081877,4.6131885413412999],[-74.078060243662208,4.6131926360652038],[-74.078033951616106,4.6132098731520434],[-74.07802387332778,4.6132153966893847],[-74.078021497724777,4.6132166988985732],[-74.07800812909808,4.6132214772860234],[-74.077994180086947,4.613224092562338],[-74.077979993153377,4.6132244778083003],[-74.077965923376382,4.6132226230762017],[-74.077961171266352,4.6132212087372562],[-74.077933525559288,4.6131848979655103],[-74.077830934740533,4.613050156624392],[-74.077591602584889,4.6128099563871361],[-74.077504438878421,4.6127649904446448],[-74.077461285106679,4.6127372986395123],[-74.077254203104459,4.6126044182703083],[-74.077253634438136,4.6126040529285532],[-74.077343528825565,4.6124936782108348],[-74.077366323250544,4.6124656907022876],[-74.077327985593115,4.6124351277031224],[-74.07730670612176,4.6124184657717908],[-74.07736785714188,4.6123418977949591],[-74.07736793374508,4.6123419665225871],[-74.077397163737018,4.6123053799232059],[-74.077397077220496,4.6123053102912737],[-74.077342797092953,4.6122616492531145],[-74.077342899831422,4.6122615208410087],[-74.077375023620789,4.6122215114268883],[-74.077375747295946,4.6122206098291993],[-74.077442220850202,4.6122752663806255],[-74.077618027047507,4.6124159020707811],[-74.077782347331166,4.612550244622887],[-74.077887666921654,4.6126365275757903],[-74.078320367546738,4.6129887661942712],[-74.078321236318999,4.6129894923548012],[-74.07845530123592,4.6131016276242534],[-74.078459259384431,4.6131097899276483],[-74.07870680104449,4.6133138753032297],[-74.078587158594289,4.6134635940836333],[-74.07831828873293,4.6132442041370574]]},"properties":{"FID":0,"FID_blu_me":1,"TYPE":"PROJECT","Shape_Leng":80702.565733299998,"Shape_Area":779165.23685999995}},{"type":"Feature","id":1,"geometry":{"type":"LineString","coordinates":[[-74.073924550216532,4.6145601385589403],[-74.073846088046466,4.6144628849687672],[-74.073804131704534,4.614498270428685],[-74.073793395602095,4.6144797066825713],[-74.07383848362565,4.6144534520645726],[-74.073923856162494,4.6144037416373376],[-74.073929434711673,4.6144004933814537],[-74.074111533309107,4.614294460229095],[-74.074121641296415,4.6143072128669296],[-74.074193346140959,4.6144090548680632],[-74.073924550216532,4.6145601385589403]]},"properties":{"FID":1,"FID_blu_me":1,"TYPE":"PROJECT","Shape_Leng":80702.565733299998,"Shape_Area":779165.23685999995}},{"type":"Feature","id":2,"geometry":{"type":"LineString","coordinates":[[-74.073761478529107,4.6145696139886434],[-74.073796504487959,4.6145399591120206],[-74.073899556352771,4.6146410670050857],[-74.073867673038592,4.614650950958155],[-74.073761478529107,4.6145696139886434]]},"properties":{"FID":2,"FID_blu_me":1,"TYPE":"PROJECT","Shape_Leng":80702.565733299998,"Shape_Area":779165.23685999995}},{"type":"Feature","id":3,"geometry":{"type":"LineString","coordinates":[[-74.077157871318562,4.6127010275550697],[-74.077188898349632,4.6126835372955393],[-74.077401668837553,4.6127750111040431],[-74.077332430281203,4.6128492712798916],[-74.077330162823671,4.6128517029709331],[-74.076981908870039,4.6130517218648954],[-74.07684909760961,4.6131285718890274],[-74.076508383861182,4.6133258794325194],[-74.076330319712554,4.613428839457451],[-74.075989648935163,4.6136266359824329],[-74.075989434445489,4.6136267607768557],[-74.075846815928514,4.6137078255834068],[-74.07584499276598,4.6137088619192346],[-74.07551607179883,4.6138996435044888],[-74.075514739798891,4.6139004429114188],[-74.075303867407627,4.6140270548309035],[-74.075301819840178,4.6140282259069298],[-74.074802425870658,4.6143137684237763],[-74.074523712185965,4.6144723662218112],[-74.074332286884854,4.6145835594345614],[-74.074321377623448,4.6145897231673665],[-74.07421671268483,4.6146501993717797],[-74.07420541319263,4.6146567257295867],[-74.074300272151206,4.6143593155578477],[-74.074303029913651,4.6143506685513778],[-74.074303384998103,4.6143495544421693],[-74.074303700428459,4.6143485660319987],[-74.07430624457028,4.6143470965385998],[-74.074406604333362,4.6142891306681282],[-74.074458358638381,4.6142592389020436],[-74.075301161840656,4.6137724506623563],[-74.075305004633194,4.6137702305914692],[-74.075466266708403,4.6136793822101456],[-74.075466950732491,4.6136789879326336],[-74.075896827735406,4.6134312721062143],[-74.076224009936681,4.6132427330293364],[-74.076241103311148,4.613231252835309],[-74.076255392099284,4.6132216572194897],[-74.07636504670694,4.6131480130512985],[-74.076365544178358,4.6131476784571319],[-74.077157871318562,4.6127010275550697]]},"properties":{"FID":3,"FID_blu_me":1,"TYPE":"PROJECT","Shape_Leng":80702.565733299998,"Shape_Area":779165.23685999995}},{"type":"Feature","id":4,"geometry":{"type":"LineString","coordinates":[[-74.073494032639189,4.6148522060006618],[-74.073599447946563,4.6147066867213029],[-74.073599527253435,4.6147067319372725],[-74.073693813937908,4.6146269026151412],[-74.073768006973481,4.6147366031315773],[-74.073732886432666,4.6147555247425682],[-74.073713042685171,4.6147257212692612],[-74.073494224599159,4.6148520947715443],[-74.073494032639189,4.6148522060006618]]},"properties":{"FID":4,"FID_blu_me":1,"TYPE":"PROJECT","Shape_Leng":80702.565733299998,"Shape_Area":779165.23685999995}},{"type":"Feature","id":5,"geometry":{"type":"LineString","coordinates":[[-74.10570706790844,4.6405739647063875],[-74.105140146931163,4.63993487421879],[-74.104058199809074,4.6388186942966163],[-74.103684129103513,4.6384345465278924],[-74.103497152936285,4.6382425340576745],[-74.103317201449158,4.6380577349606043],[-74.101977718457476,4.6366821597848853],[-74.101944918289604,4.6366484762751687],[-74.100903515250877,4.6355790066170757],[-74.100685246153517,4.6353422256389658],[-74.099135354840314,4.6337511519649839],[-74.098256502856287,4.6328483747283222],[-74.098161432700138,4.6327507156304364],[-74.097596485696357,4.6321703872291087],[-74.097497402387347,4.6320686063073726],[-74.096345698148497,4.6308829823315438],[-74.096217252977908,4.6307507520723457],[-74.09605929965042,4.6305881467826815],[-74.09591859292803,4.630443294426783],[-74.095380926177313,4.6298897889517487],[-74.095134812949595,4.6296361849294652],[-74.094988311615339,4.62941622413312],[-74.094846845242174,4.6292566421703949],[-74.094570447491975,4.6289729757959073],[-74.09447595336313,4.628875996215208],[-74.093801037635217,4.6281833483647787],[-74.093052028457834,4.627414755692886],[-74.092602598560561,4.6269397926887406],[-74.09260712987907,4.6269360270437812],[-74.092560104284232,4.626885240167284],[-74.092529025468934,4.6268516710184953],[-74.092478843705919,4.6267978927447331],[-74.092471291207048,4.6267897984224335],[-74.092298567947594,4.6266046852002898],[-74.092242410917066,4.6265445008994792],[-74.092167215848022,4.6264639202682796],[-74.092046075493599,4.6263150036478695],[-74.091985380823516,4.626255746337347],[-74.091977247044454,4.6262478021369979],[-74.091922653845515,4.626194498675738],[-74.091879641710548,4.6261524997591605],[-74.091811672183525,4.626086142840248],[-74.091293948070046,4.6255806743518297],[-74.091278229402874,4.6255653158500047],[-74.091269969598997,4.6255641973786323],[-74.091159847903342,4.6255496943717125],[-74.091168057257164,4.6254577466454059],[-74.091141661514214,4.6254319734035505],[-74.091003353367981,4.6252969281467653],[-74.09087767805363,4.6251742264609446],[-74.090834084737665,4.6251316668177802],[-74.090682270627042,4.6249834396180125],[-74.090316531444159,4.6246263459008023],[-74.090305885930874,4.6246159564708167],[-74.090255414336355,4.6245643782276051],[-74.089936227318148,4.6242381927997398],[-74.089555459457145,4.6238490809279336],[-74.088523400944126,4.6227944176235178],[-74.088490326274794,4.6227606168201367],[-74.088441579141687,4.6227188755069344],[-74.088333881064344,4.6226266637172113],[-74.088226302879548,4.6225345513831764],[-74.087830950276654,4.6221295491421142],[-74.087701845775257,4.6219912566160586],[-74.086634985746954,4.6208798608808905],[-74.086470833310401,4.620689296713592],[-74.086436890886262,4.6206498927148516],[-74.086354735851671,4.6205545206345509],[-74.086284928693303,4.6204734817136464],[-74.086214718808151,4.6204010265062596],[-74.085366733513609,4.6195259133896762],[-74.085268618023107,4.6194246588164791],[-74.084363817834529,4.618490913210425],[-74.084283287443867,4.6184078060322866],[-74.084227654469728,4.6183503945948816],[-74.084126403011922,4.618244980965021],[-74.084008448499418,4.6180578856184944],[-74.083945482272199,4.6179934585837952],[-74.083562541834681,4.6176016286901387],[-74.083525795133582,4.6175640295760596],[-74.083511315082717,4.6175480713292965],[-74.083447652253824,4.6174778991698933],[-74.083187677507397,4.6171913460618841],[-74.083105099754818,4.617098965057421],[-74.083101513767659,4.6170949535637424],[-74.083051115286125,4.6170385701915757],[-74.082914553123274,4.616885792485605],[-74.082758209945283,4.6167060347913838],[-74.082425565068107,4.6162953173661521],[-74.082308915676933,4.616151290416024],[-74.082302469202915,4.616143331621533],[-74.082166874520937,4.6160122671641339],[-74.082148402040772,4.6159822794394261],[-74.082055243878898,4.615831050362063],[-74.081784416902408,4.6153913997107372],[-74.081640449467514,4.615143593212947],[-74.08151188496204,4.6149172061003183],[-74.081391744283863,4.6147032577104357],[-74.081355932267542,4.6146394850110779],[-74.08133229579164,4.6145925505094487],[-74.081203305015478,4.6143290386723086],[-74.081230004566052,4.6143482460920993],[-74.08126865318448,4.6143354318057375],[-74.081299689236204,4.6143251423934393],[-74.081623746770845,4.614913233727842],[-74.081725041107774,4.6150970008203442],[-74.081833978767577,4.6152874479937926],[-74.081981856614576,4.6155239876199481],[-74.082077019865679,4.6156648306873693],[-74.082178203298767,4.6158061982020335],[-74.082232948318264,4.6158800655517771],[-74.082235299619114,4.615883235144981],[-74.082260335667669,4.6159117831609953],[-74.082387195825859,4.6160564421631358],[-74.082443489145732,4.6161252616233455],[-74.08244928944103,4.6161323513785089],[-74.082449885151902,4.6161330793444337],[-74.082509394962756,4.6162058289109167],[-74.082828164510673,4.6165955229882476],[-74.082828486249028,4.6165959163609775],[-74.082829768695049,4.6165973089897374],[-74.082829994903094,4.6165975603864133],[-74.083053729992031,4.6168406789708358],[-74.083096811368549,4.6168861582232177],[-74.083291837060557,4.6170920320183892],[-74.083668581153276,4.6174804266421985],[-74.083976906105534,4.6177992331784425],[-74.084042660729779,4.6178672249774451],[-74.084084927510716,4.6179109281097839],[-74.084350564482449,4.6181168407384909],[-74.084357185806979,4.6181219726372271],[-74.084403893770357,4.618158180781057],[-74.084416375814683,4.6181710028795644],[-74.084516159185839,4.6182735082198283],[-74.085036363576805,4.6188079115612393],[-74.085383238134185,4.6191642522809602],[-74.085453992934148,4.6192260168079127],[-74.085473182862955,4.6192427689459086],[-74.08554860670462,4.6192858114690809],[-74.085576995415465,4.619302012774738],[-74.085643771243582,4.6193548418350403],[-74.085994854215897,4.6197139484867451],[-74.086313354196292,4.6200333941137544],[-74.086384756893381,4.6200750864610898],[-74.086437401988121,4.6201542482407882],[-74.086461167718454,4.6201899844851528],[-74.086461275867421,4.6201901481639922],[-74.086505903535411,4.6202572546757441],[-74.086755048249486,4.6206318955689403],[-74.086812104630354,4.620688662011565],[-74.086813600683016,4.6206901495827575],[-74.086825047288798,4.6207015383192038],[-74.086964111726942,4.6208398932754564],[-74.086979398508277,4.6208551026700793],[-74.087333780385094,4.6212076785704417],[-74.087591772435786,4.6214643553467116],[-74.087591791361788,4.6214643743369708],[-74.08782280726389,4.6217258098921121],[-74.087861345229342,4.6217694233212558],[-74.087977167340654,4.6219004978091141],[-74.0882616479104,4.622222437127224],[-74.088321140714626,4.622289763946168],[-74.088629297253618,4.6226384974701213],[-74.088759212251929,4.6227765727765924],[-74.089509574169313,4.6235740601011495],[-74.089517253674813,4.6235822195641827],[-74.089543754774724,4.6236103874805661],[-74.089958674580487,4.6240513654871735],[-74.089968325121021,4.6240616229107587],[-74.089993578030843,4.6240884587825084],[-74.090003074459361,4.6240985552410452],[-74.090192101838525,4.6242994580080552],[-74.090215848040856,4.6243336604113932],[-74.090357804934072,4.6244689435940369],[-74.090511483479673,4.6246153938617907],[-74.090477817739085,4.6246484108525401],[-74.090998567102972,4.6251630866812219],[-74.091229463146689,4.6253912885914064],[-74.09171734503721,4.6258734708330964],[-74.091950824523096,4.6261042379787627],[-74.092031177255436,4.6261836510634833],[-74.092063579895964,4.6262156656981883],[-74.092111525499277,4.6262630523829262],[-74.092126156938363,4.6262600895601693],[-74.092126172259725,4.6262601103589773],[-74.092166732161516,4.6263020107413597],[-74.092200905802216,4.6263373170226849],[-74.092373687414067,4.6265158423681116],[-74.092422340583482,4.6265659980147325],[-74.093210882664593,4.6273789830952348],[-74.093760925472409,4.6279451611837281],[-74.093809501312094,4.6279944929074235],[-74.093840421570619,4.6280258934660381],[-74.093875657041792,4.6280616807328236],[-74.093887646249783,4.6279479779017185],[-74.094283606079898,4.6283673407258767],[-74.094841327230412,4.6289337438485632],[-74.094928628644084,4.6290670524143991],[-74.094950864755916,4.6291010023876797],[-74.095143205611706,4.6293227507786048],[-74.095216049943971,4.6293650399336244],[-74.0952459869264,4.6293904457809312],[-74.095395619596658,4.6295173863770573],[-74.095532146001929,4.6296585204245915],[-74.095598572457121,4.6297271884335816],[-74.096354481812767,4.630516009385353],[-74.096372589071024,4.6305349044651534],[-74.096405069660818,4.6305687989546378],[-74.096461514821101,4.6306277105435889],[-74.096514833510497,4.6306833458959442],[-74.096539809299443,4.630709396593665],[-74.09692113283279,4.6311073189038954],[-74.096909768376719,4.6311791630458803],[-74.097043666427822,4.6313180767830664],[-74.097066098887623,4.6313413503951377],[-74.097089549777252,4.6313656802125962],[-74.097629954432264,4.6319263292326376],[-74.09769725283212,4.6319961427746525],[-74.097698748932856,4.6319976872937421],[-74.097716653472162,4.6320161057723723],[-74.097732979896577,4.6320329046761195],[-74.098276827368011,4.6325924561600953],[-74.098852079768108,4.6331935810209002],[-74.098896527842342,4.6331565192383763],[-74.099942761723227,4.6342400384556566],[-74.099935218549064,4.6342470489071781],[-74.100041624504527,4.6343584275921872],[-74.100049423602471,4.6343504983522781],[-74.100812210311389,4.6351404644543113],[-74.100812221127143,4.6351404906789533],[-74.101037170195937,4.6353765343841289],[-74.101037591992792,4.635376985620808],[-74.101718189926657,4.636081951009956],[-74.10193814629362,4.6363061924393785],[-74.1025609723565,4.6369538899339853],[-74.102561661781564,4.6369531058727178],[-74.102607246745464,4.6369012692027196],[-74.102607678424633,4.6369007781470417],[-74.102815695341249,4.6371170843988141],[-74.102831320356287,4.6372216998494569],[-74.102823556277528,4.6372259983133555],[-74.102825976787074,4.6372699838665925],[-74.102837213934805,4.6372816472544782],[-74.102853085460268,4.6372981214052507],[-74.102861110466051,4.6373069037762358],[-74.103581692018125,4.6380544109482527],[-74.103586547219734,4.638059463148962],[-74.103675792106557,4.638152708677989],[-74.103678955604849,4.6381560156224459],[-74.10436904922895,4.6388681699984931],[-74.104718116201127,4.6392261910367276],[-74.105046003383379,4.6395636306286026],[-74.105069481848034,4.6395877928744058],[-74.105080512843656,4.6395803590158042],[-74.105170296590373,4.6396151171779954],[-74.105328778313464,4.6396800548736552],[-74.105845342915558,4.6398917549883301],[-74.105888503352119,4.6399273378505876],[-74.106047153951565,4.6399974624985871],[-74.106009305254034,4.6400465002342202],[-74.105985286016477,4.6400229285564993],[-74.106009282728508,4.6400466422117912],[-74.106047142240087,4.6399975818679602],[-74.106066892565991,4.640006311277312],[-74.107199945130901,4.6410476642078766],[-74.106683220161088,4.6416137150286261],[-74.106517215245461,4.6414409950654232],[-74.106455434549304,4.6413540427797919],[-74.10640870021021,4.6412882525327239],[-74.106322996729219,4.6412010027919761],[-74.105707762800293,4.6405746736575919],[-74.10570706790844,4.6405739647063875]]},"properties":{"FID":5,"FID_blu_me":1,"TYPE":"PROJECT","Shape_Leng":80702.565733299998,"Shape_Area":779165.23685999995}},{"type":"Feature","id":6,"geometry":{"type":"LineString","coordinates":[[-74.138911779424618,4.675009004714731],[-74.138968167825141,4.674955933131236],[-74.138984737971569,4.6749751120636809],[-74.139006370903971,4.6749968180939723],[-74.139009352643285,4.6749998101895391],[-74.139025837840194,4.6750163512601164],[-74.139050377700428,4.6750409689075658],[-74.139070998792079,4.6750662009240216],[-74.139085113654247,4.6750834755957147],[-74.139086066138191,4.675102023786347],[-74.139072210395938,4.6751311970960936],[-74.139030472710829,4.6752071572614593],[-74.138981649768425,4.6751569814611607],[-74.138917053087638,4.6750940662356548],[-74.138883961956381,4.6750613720479741],[-74.138921418561239,4.6750274562876042],[-74.138911779424618,4.675009004714731]]},"properties":{"FID":6,"FID_blu_me":1,"TYPE":"PROJECT","Shape_Leng":80702.565733299998,"Shape_Area":779165.23685999995}},{"type":"Feature","id":7,"geometry":{"type":"LineString","coordinates":[[-74.191926171460949,4.6987829254106082],[-74.191932681333952,4.6988579827063308],[-74.191927645918071,4.698798855436257],[-74.191926171460949,4.6987829254106082]]},"properties":{"FID":7,"FID_blu_me":1,"TYPE":"PROJECT","Shape_Leng":80702.565733299998,"Shape_Area":779165.23685999995}},{"type":"Feature","id":8,"geometry":{"type":"LineString","coordinates":[[-74.26081677074329,4.7323194436489215],[-74.260901830013793,4.7322351581592867],[-74.260960525655634,4.7323028387341388],[-74.260989746800291,4.7323365307473617],[-74.260944850671351,4.7323942046266554],[-74.26096464791226,4.7324136129582577],[-74.260952030253719,4.7324327188000677],[-74.260948511684219,4.7324374799838322],[-74.260943166177483,4.7324461428151325],[-74.260939514408491,4.7324516726917594],[-74.260935807677754,4.7324572839702181],[-74.260932101849264,4.732462898865613],[-74.260906262844571,4.7324437715635419],[-74.260854216110744,4.7324052466673674],[-74.260791443728294,4.7323585940180841],[-74.260782693444312,4.7323523050984102],[-74.260792489627264,4.7323426698683724],[-74.260809611996976,4.7323258344457884],[-74.26081677074329,4.7323194436489215]]},"properties":{"FID":8,"FID_blu_me":1,"TYPE":"PROJECT","Shape_Leng":80702.565733299998,"Shape_Area":779165.23685999995}},{"type":"Feature","id":9,"geometry":{"type":"LineString","coordinates":[[-74.191926171460949,4.6987829254106082],[-74.192018472722395,4.6987744748818816],[-74.192104745027279,4.6987659774038617],[-74.192148711734134,4.6987616466845132],[-74.192195632928076,4.6987570251938608],[-74.192250570354545,4.6987516138252516],[-74.192367081535281,4.6987401379765767],[-74.192438703070138,4.6987330834317191],[-74.192464954564997,4.6987304973076203],[-74.192624819223326,4.6987237564502138],[-74.19264029392231,4.6987231082197143],[-74.192823643270572,4.6987153732220124],[-74.192865791519594,4.6987135947119514],[-74.192866167368507,4.6987135792765731],[-74.192876935393073,4.6987131253412748],[-74.192966423575953,4.6986990286619328],[-74.192976678481642,4.6987133909713457],[-74.192976856083092,4.6987136396262796],[-74.192962299911656,4.6987147697075713],[-74.193052836903576,4.6987096263842538],[-74.193068517974794,4.6987087981530395],[-74.193068499036912,4.6987087366633213],[-74.193202381117331,4.6987011309414717],[-74.19343492601925,4.6986854586560636],[-74.193480686552263,4.6986823981056318],[-74.193544872609777,4.6986780774992853],[-74.193550121446449,4.6987461257046412],[-74.193553654592719,4.698745897231233],[-74.193553990737186,4.6987510526277472],[-74.193611569201849,4.6987467105073355],[-74.193611229554449,4.6987421763701107],[-74.193649008982263,4.6987397347792115],[-74.193649317917917,4.6987438637921075],[-74.193858422112115,4.6987280957963984],[-74.193872995409905,4.6987269828753684],[-74.19387301347129,4.6987271935758379],[-74.19396050008622,4.6987257103730764],[-74.194047207058773,4.6987242399499625],[-74.194054183039967,4.6987227086968479],[-74.194065030961212,4.6987203285566599],[-74.19409169901077,4.6987186556515397],[-74.194154988308526,4.6987146832970828],[-74.194335157881753,4.6987076628366014],[-74.194477485549683,4.6987013576564358],[-74.194515268704734,4.6986996855830636],[-74.194695224962629,4.6986891111403528],[-74.194785118127555,4.6986824041544626],[-74.194875107098952,4.6986773013808989],[-74.194931489405292,4.6986724411854812],[-74.195040640190953,4.698665575382055],[-74.195041065610667,4.6986655490854501],[-74.195194492483225,4.6986558986662548],[-74.195474856694034,4.6986386323781879],[-74.195479359653419,4.6986383548983843],[-74.195590888113969,4.6986314867981207],[-74.195643216538457,4.6986282640269952],[-74.197500937423285,4.6985138521995271],[-74.197567347933514,4.6985097614391123],[-74.197577069688847,4.6985103222435392],[-74.197619244765747,4.6985127566064318],[-74.197664391085993,4.6985127632958079],[-74.197677276227822,4.6985118413951463],[-74.197709347576179,4.6985095452577719],[-74.197754337517708,4.6985069276706541],[-74.19779931480187,4.6985040858147809],[-74.197844369824097,4.6985025551871242],[-74.19788927660052,4.698498525078822],[-74.197934190610823,4.6984946342295864],[-74.197979115464989,4.6984909097680205],[-74.198024159602753,4.698488988470225],[-74.198069122202412,4.6984846291731452],[-74.198114258152984,4.6984820024945497],[-74.19815949700029,4.6984802276520021],[-74.198204723182783,4.6984781851339887],[-74.198249942134723,4.6984760286716636],[-74.198295128500845,4.6984730709964557],[-74.198340396422054,4.698472648979755],[-74.198385532485048,4.6984706878532609],[-74.198430647128845,4.6984699620102877],[-74.198475658744286,4.6984676265166225],[-74.198520695719566,4.6984660054178242],[-74.198565732695187,4.6984643879333676],[-74.198610679146043,4.6984604970350636],[-74.198655665706255,4.6984592231900359],[-74.198700480562806,4.6984553305002317],[-74.198745268585668,4.6984526333054557],[-74.198790376908164,4.6984570656048268],[-74.198835262589512,4.6984561968950906],[-74.198879980056461,4.6984520419618487],[-74.198924768048386,4.6984491729373294],[-74.198969561290994,4.6984453977938845],[-74.1990142964993,4.6984396060541407],[-74.199059375033258,4.6984385727126137],[-74.199104433655521,4.698437063706435],[-74.199149450701952,4.6984348927522319],[-74.199194632263399,4.6984354600065492],[-74.199284340934369,4.6984256742151871],[-74.199374268360614,4.6984195634757917],[-74.199464356680082,4.6984160986975363],[-74.199554379916023,4.6984115577943326],[-74.199644356146152,4.6984062373755391],[-74.199734415539353,4.6984023131798391],[-74.199824427920362,4.6983975732963135],[-74.19991438968546,4.6983920285772891],[-74.200004197776479,4.6983839192604897],[-74.200094271623314,4.6983802156666723],[-74.200184289427597,4.6983756005301593],[-74.200274294571713,4.6983707556904513],[-74.20036408099034,4.6983624600441285],[-74.20040904036864,4.698360444559686],[-74.200453840848155,4.6983569116740886],[-74.200498578226075,4.6983533299642239],[-74.200575102176302,4.6983426673473705],[-74.201288944756683,4.698298375552266],[-74.20145175050115,4.698288273558993],[-74.201664364527076,4.6982750807834321],[-74.20186465581051,4.6982626533759673],[-74.202134878050714,4.6982458872123294],[-74.202135297678367,4.6982335496847041],[-74.202138174068395,4.6981488011892738],[-74.202172695819314,4.6981450756051926],[-74.202192897650107,4.6981428962315066],[-74.202424610311994,4.6981178886637327],[-74.202438144424562,4.6982032437216743],[-74.202443841045081,4.6982401962783511],[-74.203127424536376,4.6981978396266548],[-74.203475239708524,4.6981762887442349],[-74.2035350822769,4.6981725802209908],[-74.204420769325409,4.6981176999860157],[-74.204438060980536,4.698116627948183],[-74.204438131282942,4.6981166243181383],[-74.204448934398698,4.6981159540689594],[-74.204582050388325,4.6981051622446097],[-74.204590520882377,4.6981044815666566],[-74.204589699096786,4.6980907597719499],[-74.204679671617939,4.6980853989165983],[-74.204691301403244,4.6980856047857165],[-74.204770062711091,4.6980869975148396],[-74.204859974653544,4.6980806021208608],[-74.204949929990619,4.6980749400998487],[-74.205049806019261,4.6980684569510283],[-74.205129806303731,4.6980630354647177],[-74.20521971010281,4.6980565089015967],[-74.205309662718307,4.6980507898635127],[-74.205514114257298,4.6980378876962012],[-74.205579527793773,4.6980337918364805],[-74.205669183865112,4.6980231235381797],[-74.205692406205173,4.6980220350059598],[-74.205849282550517,4.6980149254287866],[-74.206029010554673,4.6980005337474742],[-74.206208981751431,4.6979902095448312],[-74.206253942681485,4.6979871021865636],[-74.206298071760799,4.6979843711704756],[-74.206298922598208,4.6979843185635577],[-74.206343948621466,4.697982295450708],[-74.206389100623767,4.6979791527804933],[-74.20642973519638,4.697975965727359],[-74.206478737512441,4.6979721224063544],[-74.206524296830878,4.6979685473936668],[-74.206565288320149,4.6979653331374385],[-74.206583527189309,4.6979639027659488],[-74.206600190571891,4.6979625956713198],[-74.206619839086628,4.6979610547125334],[-74.207608838886401,4.6978935109102933],[-74.207795412044717,4.697882367574798],[-74.20784819551352,4.6978792152456528],[-74.209017054062286,4.6978094030760333],[-74.20961949186426,4.6977734207920365],[-74.209661489329733,4.6977709124269831],[-74.209755342793954,4.6977653069248575],[-74.209864145308629,4.6977583656254103],[-74.211420791781336,4.6976590595474352],[-74.211509749224305,4.6976533860229956],[-74.211884123418173,4.6976295026932799],[-74.211884533029078,4.6976363599674711],[-74.211884730148469,4.6976396588381473],[-74.211913582885373,4.6976379242440167],[-74.212026773003629,4.6976311210256485],[-74.212104588504502,4.6976264443115934],[-74.212104351708291,4.6976230532094627],[-74.212103822985014,4.6976154869824631],[-74.212140215152516,4.6976131658376286],[-74.212605909947527,4.6975834552215439],[-74.212767826779881,4.69757434098217],[-74.212860989839626,4.6975690969198043],[-74.213655957356707,4.6975243472082537],[-74.213765123252486,4.6975232967850564],[-74.214008771275473,4.6975209521953838],[-74.214019337445933,4.69751628662077],[-74.214107843988245,4.6974772050769937],[-74.214414253226195,4.697486736959859],[-74.2144677063404,4.6974883994292842],[-74.214859325103802,4.6975005811734052],[-74.214888617285013,4.6975014932736228],[-74.215038094927536,4.6975061426875051],[-74.215084409007616,4.6975140417072891],[-74.215096019131579,4.6975151607559953],[-74.215141275285575,4.6975195982974158],[-74.215186524238504,4.6975240819569386],[-74.215231822674085,4.6975281044076631],[-74.215276919582294,4.697534001521543],[-74.215322083066738,4.6975392764568058],[-74.215367187159828,4.6975450361088447],[-74.215412254354348,4.6975510751958245],[-74.215469021608016,4.6975480508193135],[-74.215721213121952,4.6975909300903265],[-74.215829071415541,4.6976092688269002],[-74.215869183827493,4.6976187009185448],[-74.215886207851895,4.6976227036156857],[-74.215924336367678,4.6976316703802539],[-74.215949096783191,4.6976374919079378],[-74.216316950436422,4.6977221739459889],[-74.217004271192508,4.6979625459782053],[-74.217099702717093,4.6979972712156348],[-74.217244058889861,4.6980503521844161],[-74.21732552944475,4.6980874178186944],[-74.21733393682581,4.6980912431551598],[-74.217426196277643,4.698133217898822],[-74.217451454259418,4.698175244062365],[-74.217767245629148,4.6983425016062297],[-74.218001068676628,4.6984802074366598],[-74.218155374158457,4.6985755661210948],[-74.218310894851328,4.6986763557852509],[-74.218465341947692,4.6987852907126886],[-74.21846433190295,4.6987869674999132],[-74.218463338977486,4.6987886153458831],[-74.218884526629338,4.6991020365995446],[-74.219657328011593,4.6997104410395547],[-74.220506405601597,4.700387002722648],[-74.221304920383346,4.7010189516869074],[-74.221397203943781,4.7010919842550978],[-74.222225574787146,4.7017364125873469],[-74.222983596299159,4.7023261097217484],[-74.222996802862752,4.7023277238619299],[-74.224074641355514,4.7031748755737208],[-74.224318861951346,4.7033672332128429],[-74.22461645415369,4.7036038054517286],[-74.224711204829362,4.7036787559693805],[-74.224751561270907,4.7037106793673908],[-74.224768103383397,4.7037237647866021],[-74.22478282721643,4.7037354127442761],[-74.225381367252879,4.7042088751731663],[-74.226325856340821,4.7049548741859057],[-74.226383982581822,4.7050120030050699],[-74.22636135046244,4.7050386884692168],[-74.226530104605288,4.7051830355666384],[-74.226591019389218,4.7052349567800125],[-74.226636926455058,4.7051824628750047],[-74.226643117874502,4.7051875762996378],[-74.226665887347323,4.705154102177115],[-74.226683783742445,4.7051564413977056],[-74.226741205437591,4.7051639456771648],[-74.226741070279957,4.7051641419403847],[-74.226707919777638,4.705212575500255],[-74.226757708487824,4.7052514436269304],[-74.226776446707703,4.7052240690002671],[-74.226826514759992,4.7052625870958007],[-74.226846855042055,4.7052328690686389],[-74.226909587766599,4.7052844697391016],[-74.226891999300321,4.7053102172772219],[-74.226963854130432,4.7053648101397467],[-74.226938318415932,4.7054021896557305],[-74.227008309910048,4.7054595998241124],[-74.226995268078795,4.7054784320699241],[-74.226998812732461,4.7054813594493172],[-74.22700564962318,4.7054870062720813],[-74.226988442369091,4.7055082982183984],[-74.22698465237572,4.70551298785524],[-74.226978550192214,4.7055205961817297],[-74.226963453324103,4.7055394162079374],[-74.227927658361523,4.7062998160665215],[-74.227939281649469,4.7062859387990512],[-74.228012797148025,4.7063416308222275],[-74.22801679912962,4.7063419663583881],[-74.22840195057853,4.7066437834555828],[-74.228400161104062,4.7066464280320179],[-74.228831914370602,4.7069938361701311],[-74.228944694198745,4.7070845839836828],[-74.229050873353955,4.7071700204223133],[-74.229029803125215,4.7071918223824643],[-74.229029839184946,4.7071918522166838],[-74.229046481694382,4.7072058074475116],[-74.229110652859049,4.7072596186188029],[-74.229343841016927,4.7074551563243103],[-74.229350774869673,4.7074505509937268],[-74.229380783112902,4.7074306216979904],[-74.229869870836296,4.7077850213839483],[-74.230077895217079,4.7079357587324022],[-74.230192790953822,4.708019014603618],[-74.230388358834958,4.7081729097077583],[-74.23052666767471,4.7083097621555012],[-74.230619847235531,4.7083909066536966],[-74.230704515280081,4.7084585725371024],[-74.231896441500282,4.7094111580618767],[-74.231919358414487,4.7094296731412477],[-74.231919540516799,4.7094298214068475],[-74.232504210267479,4.7099022033742264],[-74.232647476614886,4.7100119884167082],[-74.232719734252967,4.7100660786683335],[-74.232781155533218,4.7101341157137586],[-74.232854891786744,4.7101900178473581],[-74.232891483161268,4.7102177591741476],[-74.232924995056948,4.7102431644631464],[-74.233001984302263,4.7102911667496361],[-74.233066663026577,4.7103550079689454],[-74.233209006850018,4.7104659831600149],[-74.233646639941057,4.7108062391752137],[-74.233707725099123,4.710853730400685],[-74.233778277164646,4.71091001657084],[-74.233990348824491,4.7110783359763397],[-74.234125159040346,4.7111990511223309],[-74.234253245198047,4.7113030896617261],[-74.234335625277325,4.7113700041128137],[-74.23435807211699,4.7113858171496972],[-74.234369622387163,4.7113962484132523],[-74.234370458664287,4.711395517546241],[-74.234376927195612,4.7113898641815535],[-74.234564658270685,4.7115369648570784],[-74.234990345903313,4.7118752431473503],[-74.235405377314493,4.7122050538619362],[-74.23551812431073,4.7122946502724421],[-74.235528505084446,4.7123028996937952],[-74.235549276548795,4.7123194048638775],[-74.235610644373139,4.712368171821157],[-74.235674796039007,4.712419150068671],[-74.235682258973952,4.7124224843508324],[-74.235683475002148,4.71242302665698],[-74.235827607308195,4.7125313413103056],[-74.235828170740561,4.7125317643965969],[-74.235832652056772,4.712535131911106],[-74.235833801489377,4.7125361300017437],[-74.235854429971667,4.712554035058476],[-74.235975477145516,4.7126460051077581],[-74.236045241057766,4.7126990103949531],[-74.236080137364652,4.7127271724316717],[-74.236095255951341,4.7127370231911421],[-74.2361082416557,4.7127454845205579],[-74.236097295829339,4.7127615357142005],[-74.23608862963286,4.7127742467902003],[-74.236096620539911,4.7127805949948831],[-74.236131965721583,4.7128087650650574],[-74.236139111928864,4.7128144695970038],[-74.236162648872622,4.7128276263802835],[-74.236364966216684,4.7129868273270565],[-74.236487943487987,4.7130835959851378],[-74.236765565157867,4.7133020504219809],[-74.237026170255746,4.7135071149902386],[-74.23727114616392,4.7136998826957059],[-74.237523947248064,4.7138988068219634],[-74.237771149239293,4.7140933254651696],[-74.237799185985708,4.7141153867441732],[-74.237984013097204,4.714260824089596],[-74.238127708270554,4.7143738931699959],[-74.238128454715564,4.7143744798911147],[-74.238158370218486,4.7143980201627267],[-74.238177530895783,4.7144410588228158],[-74.238222060756669,4.7144764122601108],[-74.238420206295416,4.7146337226331303],[-74.238437230987188,4.7146422480909385],[-74.238505903598735,4.7146789017323831],[-74.238701014523329,4.7148248383806184],[-74.238710681846726,4.7148150009211633],[-74.239670564916992,4.7155826134657053],[-74.239681748053385,4.7155717374976245],[-74.240397533934456,4.7161489919376525],[-74.24042954844586,4.7161748095556968],[-74.24064220358251,4.7163463080040051],[-74.240712727757739,4.7162706716899825],[-74.241343289208046,4.7167927735011643],[-74.24132391342178,4.716813723570314],[-74.241399331421675,4.7168707637666634],[-74.241392362210632,4.7168860590072352],[-74.242428499044564,4.7177133136842437],[-74.242388491248207,4.7177638484770643],[-74.243372875913224,4.7185483077803339],[-74.244678991718743,4.7195828512723361],[-74.244691795769,4.7195657387533254],[-74.245308222675021,4.720057386764787],[-74.245608022195668,4.7203062510510279],[-74.245847460977899,4.7204901031445932],[-74.246544096699836,4.7210477754656486],[-74.247613998672151,4.7218865561779078],[-74.248275523127575,4.7224105589684928],[-74.248338448531058,4.7224707375615873],[-74.248356558053686,4.7224837595995606],[-74.248381848100379,4.7225019443479841],[-74.248419905326912,4.7225293073475259],[-74.248456486785003,4.7225556090557603],[-74.248461888631127,4.7225594935184159],[-74.248464337176287,4.7225614371683955],[-74.248586108133196,4.7226580700002039],[-74.249167032785707,4.7231210819876761],[-74.250217810023756,4.7239570435201106],[-74.251332947832424,4.7248421252713779],[-74.251394502546489,4.724890606740396],[-74.251713626522346,4.7251419447618952],[-74.251793659980521,4.7252049772217815],[-74.251895768360384,4.7252853984006471],[-74.253132026893965,4.7262619060419189],[-74.255079681993465,4.7278298319632617],[-74.255158269905664,4.7278949279979443],[-74.255286466412457,4.7280011164096045],[-74.255311053431015,4.7280214804400664],[-74.255414825236315,4.7281074376866732],[-74.256440407740513,4.7289207699107259],[-74.256644803072774,4.7290806087709729],[-74.257081396525351,4.7294390863634437],[-74.257080241672057,4.7294417634007155],[-74.257076699641345,4.7294499735846394],[-74.257148712536235,4.7295047086693547],[-74.257301198763869,4.7296151189026743],[-74.257440836304539,4.729729599994613],[-74.257581697475402,4.729842292026202],[-74.257723416572475,4.729954157270603],[-74.257864060651428,4.7300670256362372],[-74.257905151948691,4.730102193235644],[-74.258001372749121,4.7301845447669919],[-74.258071720570868,4.7302411864541689],[-74.258119196843111,4.7302683031717923],[-74.258108649020386,4.7302818234477266],[-74.258136888144165,4.7303042409949381],[-74.258172267514311,4.7303323266596156],[-74.258194917225467,4.7303127100300166],[-74.259780891406194,4.7315732095229661],[-74.259821118582337,4.731605317970013],[-74.260219037854441,4.7319229200757587],[-74.260767568354467,4.7323651836656495],[-74.260810350753616,4.7323929850832842],[-74.260912124486723,4.73247830805738],[-74.261029792661375,4.7325627821823684],[-74.261523136918271,4.7328876975022611],[-74.261827779739647,4.7330986283135994],[-74.262116716293647,4.733298684407254],[-74.26240112552685,4.7334956054595843],[-74.262418381799165,4.7334705191021964],[-74.262419044947436,4.7334695549380639],[-74.262420240393951,4.7334704489742618],[-74.262572550802886,4.7335845050692749],[-74.262563380413113,4.7335984265525504],[-74.262943433401631,4.7338652895132176],[-74.263034923648505,4.7337228164816301],[-74.263234564828466,4.7338603526183167],[-74.263241750928714,4.7338653062695544],[-74.263458734938084,4.7340147898540268],[-74.263508328484363,4.7339421854193118],[-74.263703520487141,4.7340790045931387],[-74.263868265693048,4.7341935354176217],[-74.264007105112498,4.7342890023402777],[-74.264008198290639,4.7342883373830205],[-74.264091374236514,4.7343378779903142],[-74.263967959534114,4.7345408250637169],[-74.264050770190721,4.7345927440893956],[-74.264165600138881,4.734661705097273],[-74.264167204485318,4.7346714774652456],[-74.264191917077952,4.7346877102681386],[-74.264222467847929,4.734707414017528],[-74.264255351961694,4.7347293815099762],[-74.264273512300406,4.73474140021849],[-74.264367426070777,4.7348035511062285],[-74.264939415402637,4.7351938236919828],[-74.265162905058958,4.7353455937333013],[-74.2651640534705,4.7353659221480955],[-74.265204105597618,4.7353889474910185],[-74.265214726267288,4.7354051659923595],[-74.265230608010441,4.7354172811485418],[-74.265303016767604,4.7354713514611779],[-74.265316473435135,4.7354819769826078],[-74.265363029937561,4.7355187378130736],[-74.265373868479543,4.7355272959038786],[-74.265447616013162,4.7355788573008972],[-74.26552139971966,4.7356308165729315],[-74.26559525730805,4.7356826238936227],[-74.265669199581538,4.7357342304276839],[-74.265706528467049,4.7357596709688172],[-74.265743228435213,4.7357859780009743],[-74.26578029417972,4.7358116139388891],[-74.265817232001766,4.7358375049228858],[-74.265854349109048,4.7358630648811459],[-74.265891581578359,4.7358885669305026],[-74.26592870864819,4.735914282421863],[-74.265965671717325,4.7359401661561282],[-74.266002715875558,4.7359659142207517],[-74.266039700579753,4.7359917861889684],[-74.2660766149761,4.7360176437053774],[-74.266113799682259,4.7360431204345721],[-74.266150959167007,4.7360686496180442],[-74.266188390795861,4.7360939146687722],[-74.266225364705733,4.736119818279958],[-74.266262551217764,4.7361452669667532],[-74.266337066644553,4.7361960856207599],[-74.266411924463682,4.7362463950503058],[-74.266486720889688,4.736296296647498],[-74.266491348333986,4.7362989603631371],[-74.26650483039738,4.7363067219263364],[-74.266565601106237,4.7363417081613832],[-74.266604834772764,4.7363642950554032],[-74.266608366884739,4.7363663287707283],[-74.266644064835788,4.7363868801394826],[-74.266719575053216,4.7364363284591953],[-74.266756680534257,4.7364619896511062],[-74.266794596931035,4.7364864804512976],[-74.266832145716393,4.7365115012712913],[-74.266868838542209,4.7365377630267096],[-74.266906026927373,4.7365633048194526],[-74.266943148641076,4.7365889461015991],[-74.266980455965935,4.7366143178485993],[-74.267018521935327,4.7366385499642281],[-74.267055612982929,4.7366640899664718],[-74.267092408501171,4.7366900586870502],[-74.26712932475867,4.7367158555549578],[-74.267166412210344,4.7367414009776736],[-74.267204166411148,4.7367659695685411],[-74.267240545675548,4.7367925533206989],[-74.267314437746023,4.7368442971354527],[-74.267388218116338,4.7368962561964816],[-74.26746246161585,4.736947536894931],[-74.267536946596152,4.7369984630319344],[-74.267610388221115,4.737050923144432],[-74.267684583098358,4.7371022743664764],[-74.267759610516975,4.7371524027339103],[-74.267834201859273,4.7372031732675488],[-74.267907502969948,4.7372558377574441],[-74.267981642028175,4.7373072721567926],[-74.268056626241219,4.7373574638030256],[-74.268094277829917,4.7373823253645808],[-74.268130891462093,4.7374087136728189],[-74.268168851200045,4.737433121185231],[-74.268205290042374,4.7374597663594011],[-74.26824223705502,4.7374856644374299],[-74.268280281495421,4.7375099471262185],[-74.268317682621088,4.7375351795079972],[-74.268355202681562,4.7375602346115153],[-74.268392230794944,4.7375860114820885],[-74.268430158115976,4.7376104696291579],[-74.268468155717187,4.7376348210469255],[-74.268505331604601,4.7376603844548502],[-74.26854268228891,4.737685687373224],[-74.268580613223975,4.7377101382761326],[-74.268576926307091,4.737715556067128],[-74.270065634662501,4.7387355326415666],[-74.270140062354443,4.7387865435005105],[-74.270214331478471,4.7388377804707664],[-74.270251330858159,4.7388634686216635],[-74.270288279784864,4.7388892327459278],[-74.270325178257977,4.7389150710349783],[-74.270343605873435,4.7389280290697258],[-74.270362028080839,4.7389409852968658],[-74.270398827450677,4.7389669755321684],[-74.270435579972997,4.7389930417398602],[-74.270472307269685,4.7390191441246028],[-74.270509039977796,4.7390452483143282],[-74.270545772689132,4.7390713543106013],[-74.27057808330494,4.7390943172805109],[-74.27058250720593,4.7390974603042677],[-74.270656050174168,4.7391497229056627],[-74.270729681474648,4.7392019384502797],[-74.270803507401837,4.7392538645553266],[-74.270807947505816,4.7392471895621258],[-74.270882254573678,4.7392983884646052],[-74.270919335147838,4.7393241579419314],[-74.270956628374961,4.7393496633013061],[-74.270993851327972,4.7393752771945179],[-74.271031477929085,4.739400283281384],[-74.271041484188359,4.7394072408950025],[-74.271068574746266,4.7394260798746828],[-74.271086856256261,4.7394386418448144],[-74.271087193433928,4.7394388741560904],[-74.271105812121746,4.7394516666283479],[-74.271142775596203,4.7394776603926729],[-74.27117990125231,4.7395034099477922],[-74.271217279190452,4.739528783240341],[-74.271254945452881,4.7395537350450132],[-74.271292056700162,4.7395795026838154],[-74.271329373357617,4.7396048922645182],[-74.271403698517702,4.7396560531215268],[-74.271478290385232,4.7397068214279443],[-74.271551923597158,4.7397590007065897],[-74.271626421782386,4.7398099082848484],[-74.271699800932069,4.7398624565733742],[-74.271774322564923,4.7399133297645575],[-74.27181238707999,4.7399375869207976],[-74.271849465900672,4.73996329123566],[-74.271886031151581,4.7399897462637606],[-74.271923353248624,4.7400150942108636],[-74.271961024937227,4.7400399284137764],[-74.271972043622696,4.7400474825676984],[-74.272011286985077,4.7400743844647941],[-74.272025770684721,4.7400082921683451],[-74.272032748316335,4.7399796690369138],[-74.272062015144201,4.739912595932207],[-74.272120772176322,4.7396715954888311],[-74.272127028630095,4.7396459314366206],[-74.272181477363375,4.7394221049017924],[-74.272207115415497,4.7393041477230335],[-74.272242279728033,4.7391109607596258],[-74.272329341301742,4.7386214102606177],[-74.272382548644501,4.738323301049685],[-74.272398047664041,4.7382426962152788],[-74.272419934038012,4.738137239352076],[-74.272451439528268,4.737998548474347],[-74.272476867380462,4.7378899147009719],[-74.272516310527635,4.7377198350568905],[-74.272536469021432,4.7376242988736346],[-74.272564950380513,4.7374695430083689],[-74.272596439353862,4.7372785490901839],[-74.272632027945107,4.7370625771829804],[-74.272660188779142,4.7368963928305465],[-74.272696975994037,4.7367119915843787],[-74.272745204570811,4.7364933701142924],[-74.272780084644296,4.7363353605614291],[-74.27278073316711,4.7363305006575098],[-74.272780554223132,4.7363256002936094],[-74.272779554161815,4.7363208014434113],[-74.272777760062226,4.7363162397445819],[-74.272775225142325,4.7363120481145549],[-74.272772020643899,4.7363083468054308],[-74.272768238535889,4.7363052406902915],[-74.272763988810183,4.7363028192640453],[-74.272759392269805,4.73630115302812],[-74.27276006936161,4.7362985267429636],[-74.272868580272302,4.7363266560769439],[-74.272867694045885,4.7363292191201012],[-74.272860778257908,4.7363274513538087],[-74.272853665404668,4.7363268746092482],[-74.272846556495139,4.7363275032985559],[-74.272839654332188,4.7363293201826577],[-74.27283315269527,4.7363322736616453],[-74.272827239045228,4.7363362795824573],[-74.272822078300877,4.7363412257650426],[-74.27281781914796,4.7363469701919714],[-74.272814580521356,4.7363533500552437],[-74.272812456112817,4.736360185372261],[-74.272771231266617,4.7365469336375607],[-74.272723307438142,4.7367658425910859],[-74.272696355636867,4.7369040908968421],[-74.272679198059194,4.7370036322973768],[-74.272626343396126,4.7373243869725519],[-74.272603563095004,4.7374626377142475],[-74.2725781282669,4.7376041519266918],[-74.27255588024309,4.7377119745517566],[-74.272534661087178,4.7378051833603188],[-74.272508007049453,4.7379190570090408],[-74.272467595032467,4.7380927613691153],[-74.27243101384083,4.7382665406081506],[-74.27239086173752,4.7384865704892274],[-74.272350084848142,4.7387158515562993],[-74.27230490176261,4.7389699207884011],[-74.272278776986951,4.7391168212073866],[-74.272278723889059,4.7391171178334695],[-74.272246785543771,4.7392940210222516],[-74.272197390483143,4.7395133825021709],[-74.272172710407872,4.7396146134352231],[-74.27215533682444,4.7397350912883187],[-74.272159441969819,4.7397361535917026],[-74.272181221596057,4.7397417893994955],[-74.272189395829315,4.739743904068705],[-74.272261561294727,4.7397625756659147],[-74.272178976001697,4.7400628942093324],[-74.272162397836411,4.7401139901492231],[-74.272143197136273,4.740173178524155],[-74.272515376853164,4.7404281700378137],[-74.272530048614385,4.7404382235471303],[-74.27254777534867,4.7404394176490303],[-74.272669330824485,4.7405227003140968],[-74.272743731834026,4.7405736493894395],[-74.272747040505976,4.7405759037844133],[-74.272818093111582,4.7406243054735526],[-74.272830101675055,4.7406324010101688],[-74.272892641775655,4.740674570837597],[-74.272967439124628,4.7407244635502401],[-74.273042544679555,4.7407740921107839],[-74.27311788099199,4.7408237043199053],[-74.273193242556488,4.740873327364775],[-74.273268674478373,4.7409230914521192],[-74.273344056038866,4.7409732281175065],[-74.273419197953217,4.7410237500748051],[-74.273494074976881,4.741074635628034],[-74.273568627566277,4.7411256966993136],[-74.273605832654439,4.7411512200175263],[-74.275767161886222,4.742633980512208],[-74.275784973909936,4.7426242921334403],[-74.275812982424895,4.7426435059367025],[-74.280215063289248,4.7456634712746819],[-74.280207453198429,4.7456736116356915],[-74.280215466286236,4.7456637469683587],[-74.280244074579628,4.7456833727653613],[-74.280311190298562,4.7457294154659033],[-74.280320946078291,4.74573610895367],[-74.284087421946339,4.7483199856676324],[-74.284087542756083,4.7483200679228901],[-74.284088905023069,4.7483210025626486],[-74.284185160778563,4.7483870356648286],[-74.288385519280311,4.7512685128845842],[-74.288422791260729,4.7512941067694365],[-74.288460068684316,4.7513198064537008],[-74.288497295656143,4.7513455821125561],[-74.288534465865041,4.7513714292264],[-74.288608513328413,4.7514230837481195],[-74.288830522354701,4.751577969533157],[-74.288867476233037,4.7516037434456893],[-74.288904394023604,4.7516294025209476],[-74.288941357764401,4.75165498561869],[-74.288978388191197,4.7516805053928133],[-74.290526560850765,4.7527456805237733],[-74.290567597092434,4.752773915488504],[-74.290605277661797,4.7527998400949194],[-74.290607239496765,4.752801190513976],[-74.290644997604787,4.7528271684478414],[-74.290650095366388,4.7528197100061007],[-74.290678625820206,4.7528393398860818],[-74.290686389313151,4.7528446800948201],[-74.291315614029003,4.7532775973893679],[-74.291369195815591,4.7533144626756521],[-74.29142941774397,4.7533558971373138],[-74.291443931377202,4.753365881539473],[-74.291483625238641,4.753393191762787],[-74.291499162167042,4.7534038812006472],[-74.29158220310444,4.7534610153638752],[-74.291763680407541,4.7535858745648465],[-74.291998671107095,4.7537475519461649],[-74.292195102183925,4.7538826991228742],[-74.292243557673117,4.7539160445860542],[-74.292333788840679,4.7539781166069242],[-74.292477374730382,4.754076905574653],[-74.292644653367645,4.7541921028854022],[-74.292735815295345,4.7542556422394142],[-74.293015215575736,4.7544503819854382],[-74.293030644403501,4.7544611347212005],[-74.293079076554676,4.7544742427826341],[-74.293116737573371,4.7545004792319547],[-74.293126386874391,4.7545205191338233],[-74.293145210018025,4.7545389320403944],[-74.2931873536604,4.754556489412856],[-74.293230924416349,4.7545892132675425],[-74.293274162212924,4.7546237078443108],[-74.29333931826605,4.7546699424188494],[-74.293365377481521,4.7546873963019953],[-74.293579921325602,4.7548331692444901],[-74.293695001419039,4.7549127803317317],[-74.293793993450322,4.7549806116026581],[-74.293862519123536,4.7550273424316503],[-74.293948039224247,4.7550843371529492],[-74.294005195196945,4.7551208728356675],[-74.294042095426164,4.7551468381796225],[-74.294080131093509,4.7551717885391813],[-74.294112039615968,4.7551983631382946],[-74.294116628794114,4.755201880329226],[-74.294116785671434,4.7552019933174856],[-74.294162261328992,4.7552324069260363],[-74.294198070037964,4.7552556560851089],[-74.294245282779684,4.7552892631313002],[-74.294337830733411,4.7553537685194875],[-74.294397129574364,4.7553938881407216],[-74.294450308255676,4.7554291391206549],[-74.294579740266741,4.7555195356447904],[-74.294672569307991,4.7555833789481321],[-74.29471004442486,4.7556085500965386],[-74.294749297387227,4.7556346756235124],[-74.294785895655494,4.7556576079957305],[-74.294821092606654,4.7556845143047601],[-74.294875512690894,4.7556943485854681],[-74.294861394915159,4.7557167670347082],[-74.294911744876003,4.7557513759113297],[-74.294970970054095,4.7557920860111853],[-74.295109500558667,4.7558873103298884],[-74.295237551060396,4.7559753324645362],[-74.295340198488503,4.7560458906167487],[-74.295366793490956,4.7560641716844234],[-74.295604248531518,4.756226125493253],[-74.295700287648913,4.7562929373546661],[-74.295798025279424,4.7563577501592036],[-74.296007321431304,4.7565009991480043],[-74.296015889718745,4.7564884537816985],[-74.296049472425054,4.7565298474293796],[-74.296090381036009,4.7565578478684634],[-74.2962088601451,4.7566380958628987],[-74.296346842981663,4.7567334647768709],[-74.296470135663057,4.7568196605864559],[-74.296606040912678,4.7569123452371915],[-74.296646583353095,4.7569395572073185],[-74.296681724773464,4.7569614590329445],[-74.296758882316595,4.7570187870159435],[-74.296944458086855,4.7571458743588648],[-74.297442565375832,4.7574842529722599],[-74.297690639214537,4.7576529080059595],[-74.297736809749594,4.7576565059206581],[-74.297755673506856,4.7576971219641155],[-74.297874909525504,4.7577781859925601],[-74.298619048952858,4.7582921995089276],[-74.299618086385294,4.7589423664148525],[-74.299664275876978,4.7588754884559794],[-74.299729487296275,4.7589231918523254],[-74.299698448838868,4.7589687568990939],[-74.299696968422836,4.7589733656908386],[-74.299694047213833,4.7589824638939247],[-74.299820315366006,4.759068857950175],[-74.30005402017116,4.7592287612775186],[-74.300155438674693,4.7592981516061563],[-74.30019846184382,4.759327588032674],[-74.300207441721454,4.7593337316557562],[-74.30027534619154,4.7593801916162359],[-74.300319024830046,4.7594100772597274],[-74.300402213145048,4.7594669959164877],[-74.300517680365999,4.7595459997748986],[-74.300525967824484,4.7595516697645879],[-74.300587389869989,4.7595936952958517],[-74.300703439562511,4.7596730968241205],[-74.300777750833177,4.7597239405095069],[-74.300794444769465,4.7597353627347578],[-74.300862599960695,4.7597819952730864],[-74.300899826832364,4.7598074663688745],[-74.300915522706632,4.7598182061683261],[-74.300952368206836,4.7598434151377962],[-74.300988658327242,4.7598682453837675],[-74.301049444802686,4.7599098352044962],[-74.301088763390055,4.759936738021306],[-74.301154432204115,4.7599822427698086],[-74.301175586406785,4.7599969009300978],[-74.301264335252739,4.7600583979479527],[-74.301303092271226,4.76008525391061],[-74.301362970144154,4.7601267454283613],[-74.301412599550474,4.7601611360933784],[-74.301423529763625,4.7601691138897753],[-74.301443869175301,4.760183959496441],[-74.301451860142393,4.7601897941532467],[-74.301451945795549,4.7601898574263846],[-74.301441339279535,4.7602044825056637],[-74.301455101450131,4.7602145284186053],[-74.301482972010788,4.7602348733349356],[-74.301756177882567,4.7604343055139822],[-74.301758858877733,4.7604211262756291],[-74.30181451020573,4.7604265927185798],[-74.30181159060443,4.7604823347253546],[-74.301827624182266,4.7604947789979324],[-74.302881108925646,4.7613123741172307],[-74.303670683159169,4.7619107841823904],[-74.303670057944501,4.7619284327047655],[-74.303716885485088,4.7619666348311522],[-74.30374416685909,4.7619875712542701],[-74.303777782421719,4.76201695175385],[-74.303810853067333,4.7620421220106133],[-74.303850170201386,4.7620721634825873],[-74.303882468144707,4.7620966964584595],[-74.303922593926032,4.7621270008111098],[-74.303969346558475,4.762162083108894],[-74.303992519330023,4.7621801433916344],[-74.304026790630004,4.7622052372806891],[-74.304062317569759,4.7622330490797706],[-74.30410104136628,4.7622623627702465],[-74.304137489444969,4.7622898776513587],[-74.304170170602262,4.7623147134267585],[-74.304208276762054,4.7623434557966764],[-74.304223411155547,4.7623541468676081],[-74.304242925562704,4.7623679346257877],[-74.304282212427211,4.762396266049997],[-74.304318398028983,4.7624232203413657],[-74.304354278837209,4.7624497985424297],[-74.3043887275754,4.7624743931799873],[-74.304425271829714,4.7625010037130382],[-74.304461296162387,4.7625281732728295],[-74.304497761945314,4.762554615627848],[-74.304534888436805,4.7625809962703407],[-74.304570466910604,4.7626091588923085],[-74.30461282177356,4.7626417865161361],[-74.304644836535275,4.7626657254217459],[-74.304680814232782,4.7626908205207226],[-74.304715349690056,4.7627159070510992],[-74.304751371433383,4.7627433587368415],[-74.304786263225978,4.7627720352158702],[-74.304821518995794,4.7628001292035833],[-74.304856772999202,4.7628283253758168],[-74.304892441420179,4.7628558232896152],[-74.304928580464221,4.7628835932400451],[-74.304964389304502,4.7629104680408343],[-74.304999555921157,4.7629387790800672],[-74.305035088594721,4.7629673504346055],[-74.305069781957002,4.7629955856653021],[-74.305096228425199,4.7630156415185319],[-74.305105612540743,4.7630227606784397],[-74.3051415477224,4.7630500351279084],[-74.305174832092163,4.7630751889655087],[-74.305213501000964,4.7631045170751154],[-74.305253183249462,4.7631343385944884],[-74.305287877773367,4.763160573501759],[-74.305326341087166,4.7631896430428329],[-74.305357560746856,4.7632132294989864],[-74.305393613095021,4.763240397188004],[-74.305429533887335,4.7632677041807501],[-74.305465409638046,4.7632950889561476],[-74.305501294371567,4.7633223706363905],[-74.305537153903842,4.7633497590303131],[-74.305573559449371,4.7633764238013443],[-74.305609801014555,4.7634033065609263],[-74.305646717436602,4.763429293837846],[-74.305682592297842,4.7634566641324847],[-74.305718770800411,4.7634836291980509],[-74.305754716847503,4.7635109072264088],[-74.305791268371564,4.7635373747992418],[-74.305827442399305,4.7635644122040857],[-74.305863991227071,4.7635908870080064],[-74.305900094060149,4.7636179560828422],[-74.305935695934892,4.7636456854608307],[-74.305962690764446,4.7636665296452056],[-74.305971427558987,4.7636732474982839],[-74.306007831335549,4.7636999140536433],[-74.306043598905447,4.7637271252067803],[-74.306080519864253,4.7637531025097672],[-74.306117534530856,4.7637789567947104],[-74.306243605845125,4.7638757201552524],[-74.306252264410745,4.7638639143556771],[-74.306302114839369,4.7639000516735024],[-74.306320715945446,4.7639103110945689],[-74.306455937883584,4.7640111452385048],[-74.30644706219077,4.7640205547186509],[-74.306446809886594,4.7640208215710587],[-74.306436045964531,4.7640335830142986],[-74.306447086534277,4.7640205718922521],[-74.306484378240441,4.764041828604145],[-74.306512263054955,4.7640825580184725],[-74.306545555991548,4.7641115116485544],[-74.30658138947625,4.764138936164132],[-74.306617462631806,4.7641660440929563],[-74.306653450194105,4.7641932641813884],[-74.306689360272799,4.7642205873837957],[-74.306725706440446,4.7642473298783861],[-74.306761174874396,4.7642747635485128],[-74.306797160645644,4.7643019854380082],[-74.306833031091486,4.7643293619991649],[-74.306869033087565,4.7643565657931797],[-74.306904791813736,4.7643840888840865],[-74.306940820844289,4.7644112528758029],[-74.306976586774994,4.7644387388839933],[-74.307012702308526,4.7644657907096146],[-74.30704870071358,4.7644929963032316],[-74.307084706329604,4.7645201928494068],[-74.307120872326635,4.7645471741166716],[-74.307157027515586,4.7645741734714679],[-74.307192906995297,4.764601525593168],[-74.307229118052163,4.7646284507726584],[-74.307265184949884,4.7646555640925357],[-74.307301223019635,4.7646827199220976],[-74.30733714756353,4.7647100204755004],[-74.307373076604335,4.764737282140473],[-74.307408924570382,4.7647646903270795],[-74.307444858133991,4.7647919827326444],[-74.307480726827663,4.7648193601620772],[-74.307516790141705,4.7648464807032669],[-74.307552848052538,4.7648736084786067],[-74.307588958263139,4.7649007832579864],[-74.307624962118837,4.7649279815826766],[-74.307660958770313,4.7649551925679594],[-74.307697067147984,4.7649822515914382],[-74.307733057497046,4.7650094680005388],[-74.307768642371755,4.7650371475447502],[-74.307804765174211,4.7650641884712934],[-74.307840219435107,4.7650921203548187],[-74.307876446759209,4.7651190210758072],[-74.307912301970845,4.7651464147627243],[-74.307948638322983,4.7651731734680478],[-74.307984701672993,4.7652002930783217],[-74.308020594735339,4.7652276370099464],[-74.308056855424354,4.7652545349965694],[-74.308092973093252,4.7652823337114452],[-74.308128630724539,4.765309157743661],[-74.308164649115085,4.765336567638971],[-74.308200755730823,4.7653636320601889],[-74.308236682147097,4.7653909316577057],[-74.308273219447884,4.7654174226043509],[-74.308308850340993,4.765445116571577],[-74.30834491371921,4.7654722370656666],[-74.308380135562516,4.7655004755545463],[-74.308415469039318,4.7655282844616682],[-74.308451290956384,4.7655557242485447],[-74.308487152520783,4.7655831124749843],[-74.308523264567043,4.7656101678330192],[-74.30855289685239,4.7656331017611677],[-74.308560321781869,4.7656387050181976],[-74.308650032248309,4.7657063987528314],[-74.30892725499298,4.7659155875080454],[-74.309129730812217,4.7660683748568342],[-74.309130607199705,4.7660690401259123],[-74.309132788250338,4.7660706951632514],[-74.309347226435492,4.7662334663988561],[-74.309593313171519,4.7664208355758513],[-74.309777952592242,4.7665584292756371],[-74.310078251211621,4.7667814292322106],[-74.310238124669084,4.7669054865823428],[-74.310290958196845,4.7669440895055164],[-74.310310952674328,4.766958698018815],[-74.310341876576686,4.7669863572941233],[-74.310342122716605,4.7669865245061116],[-74.310344293658716,4.7669849114048635],[-74.310397846790579,4.7670243189017576],[-74.310417120668006,4.7670351169384944],[-74.31043619454006,4.767046229738586],[-74.310472196865206,4.7670735816330314],[-74.310507635152291,4.7671016426873631],[-74.310542581452296,4.7671302302087417],[-74.310578787282864,4.7671569273153889],[-74.310614618377841,4.7671843552209676],[-74.310632589602292,4.7671974424746546],[-74.310653756193275,4.7672128581188407],[-74.310692619768147,4.7672407190548558],[-74.310723881270818,4.7672643576820493],[-74.310759557403543,4.7672919881950628],[-74.310785708584135,4.7673121885991829],[-74.310803843919928,4.7673254213845047],[-74.310832504404928,4.7673449951596911],[-74.310867872496615,4.7673733112300569],[-74.310887378515801,4.7673881550088897],[-74.310904053394708,4.7674008438991828],[-74.310945393523212,4.7674324767152214],[-74.310974819863446,4.7674563601142745],[-74.311012263701173,4.767481405525082],[-74.311048291249421,4.7675085765183702],[-74.311083290002216,4.7675375456062605],[-74.311117663308167,4.7675668874761756],[-74.31112666943234,4.7675727506037662],[-74.311155094308063,4.7675912546584653],[-74.311160534397231,4.7675942315705129],[-74.311190044664841,4.7676210267746457],[-74.311197509360923,4.7676268153686179],[-74.311205689961,4.7676331589587759],[-74.311225426910369,4.767648463841283],[-74.311263400405736,4.7676723605970794],[-74.311322518627264,4.7677162261267503],[-74.311338982383091,4.767728294728137],[-74.311370108639693,4.7677570318087223],[-74.311385523407154,4.7677698296311029],[-74.311385555847394,4.7677697988738723],[-74.311429600048697,4.7678062018208145],[-74.311431031865169,4.7678073353246164],[-74.311474808659,4.7678419767844655],[-74.311512444106867,4.7678684219558169],[-74.311544312650042,4.767901050878887],[-74.311613102343543,4.7679589568543586],[-74.31162151814425,4.7679650815185752],[-74.311665593553073,4.767997740639462],[-74.311709668966046,4.7680303997572873],[-74.311737285764039,4.7680502324769778],[-74.31175893352291,4.7680649597484983],[-74.311793370126239,4.76809472838913],[-74.311864836209296,4.7681501918165834],[-74.311902991448889,4.7681729418208221],[-74.311911515132991,4.7681808687127338],[-74.311960450804648,4.7682263807682865],[-74.312000376013117,4.768258580089463],[-74.312060814580406,4.7683041867797566],[-74.312146066091259,4.7683707764878909],[-74.312194617921065,4.7684087006816718],[-74.312194648576877,4.7684087241829571],[-74.312315111917854,4.7684996229659724],[-74.312345703601423,4.7685227182581356],[-74.312383323557086,4.7685511175736348],[-74.312415500325187,4.7685754087083252],[-74.312451799386551,4.7686028119337012],[-74.312481455253533,4.7686254219307029],[-74.312584568711713,4.7687040371706129],[-74.312649063420437,4.7687541566781473],[-74.312654401197776,4.7687584077700365],[-74.312740814588025,4.7688272161503349],[-74.312828801307447,4.7688997189460949],[-74.312919427379001,4.76897755257274],[-74.313003213447899,4.7690523256700068],[-74.313061386958054,4.7691060066235691],[-74.31313366721686,4.7691746959068757],[-74.313214868113562,4.7692548124614467],[-74.313294565978097,4.7693363881557023],[-74.313421371778134,4.7694717462231067],[-74.313515027616816,4.7695733210945228],[-74.313556475300842,4.7696182740276196],[-74.313893551462471,4.7699922684284655],[-74.314109502878352,4.7702318712902967],[-74.315282288159139,4.7715331023716949],[-74.31532434782325,4.7715797695228082],[-74.315365360554466,4.7716252732010052],[-74.315378819253056,4.7716402057474889],[-74.315390746771257,4.7716534387422831],[-74.315899993712222,4.7722184461844241],[-74.315900350552937,4.7722181033312348],[-74.31602940872078,4.7721016390688815],[-74.316090073898266,4.7721700408561869],[-74.316181437094812,4.7720857411069408],[-74.316211487615192,4.7721305766466777],[-74.316209622290302,4.7721323045060267],[-74.316246226682011,4.7721893259047432],[-74.316169869086792,4.772260014365739],[-74.316264837362866,4.7723670937300851],[-74.316326730275009,4.772315440355273],[-74.316351085336166,4.7723540219297895],[-74.316268655244329,4.7724230323273922],[-74.31616998278264,4.7725056381657973],[-74.316157333914688,4.7725153393597042],[-74.316160351207344,4.7725187203883435],[-74.316147445028776,4.7725298504636795],[-74.316168552882843,4.7725727267842437],[-74.316449868427355,4.7728832989644543],[-74.316476348055872,4.7728564754781866],[-74.316527206979146,4.7728860898328147],[-74.317280635552493,4.7737251103295595],[-74.317267241143455,4.773737214526105],[-74.31732395387219,4.7738003699231664],[-74.317368487407691,4.7738499632826086],[-74.317380665709877,4.773863525315261],[-74.317449359097168,4.7739628529825513],[-74.317470582731858,4.7739935419809703],[-74.317468414719272,4.7739958134331149],[-74.317604082458686,4.7741396995857164],[-74.317676887080424,4.7742177847162024],[-74.317709139991962,4.7742523764160936],[-74.317856599329104,4.7744043066429933],[-74.318070416620529,4.7746216594745707],[-74.318469631227458,4.7750857519400194],[-74.318484794208942,4.7750891250740155],[-74.318536572220367,4.7751118463784774],[-74.318577285930232,4.7751542671901124],[-74.318600778147726,4.7751787410110564],[-74.318611707277867,4.7751901277154696],[-74.31878780609668,4.7753736085771683],[-74.319066132470923,4.7756592771167696],[-74.31912863837205,4.775723430459184],[-74.319162144277854,4.7757860142021737],[-74.319148962406118,4.7758130175830216],[-74.31914479273982,4.7758215574386531],[-74.319220331455995,4.7758989170776207],[-74.319258024457227,4.775871403172081],[-74.319275895076004,4.7758998379670654],[-74.319339439840306,4.775983117739738],[-74.319428465638097,4.7760760518532965],[-74.31947837985031,4.7761251376569387],[-74.319571066614444,4.7762162889901978],[-74.319666940164637,4.776313301751534],[-74.319800063787611,4.7764305594349219],[-74.319915323055184,4.7765320822802515],[-74.319979644317883,4.7765929559076241],[-74.320092043159107,4.7766834147353769],[-74.320257331583647,4.7768424910770646],[-74.320666454762062,4.7772199431830016],[-74.321030036526295,4.7775553830214452],[-74.321466794421895,4.7779123858329937],[-74.321559153236223,4.7779847501862927],[-74.321656398213108,4.7780609424895104],[-74.321696818227352,4.7780926129000534],[-74.321764845548643,4.7781459142365241],[-74.32195667027942,4.7782962134983338],[-74.322272606792069,4.7785449727100966],[-74.322566128859307,4.7787786018229177],[-74.322846577073378,4.7790025052285863],[-74.323017967742359,4.7791394812186763],[-74.323149270132362,4.7792348891849326],[-74.323245208793054,4.7793046015094331],[-74.323280571656966,4.7793302980285324],[-74.323729894185902,4.7796852501395346],[-74.323963102659135,4.7798595385151836],[-74.324165082175455,4.7800104890671147],[-74.324418624418385,4.7802029300704527],[-74.324570280242838,4.7803180377757988],[-74.324950703197757,4.780608323077292],[-74.325381234576724,4.7809282627551202],[-74.325445079938063,4.7809767814693611],[-74.325545879309871,4.7810533833399713],[-74.325556318834117,4.7810613174886889],[-74.325567798884762,4.7810700425213017],[-74.325620584397811,4.7811101561544929],[-74.325856610007847,4.7812873546483567],[-74.326125283982464,4.7814759534478624],[-74.326496372783552,4.7817255034856974],[-74.326708580259606,4.7818546315107691],[-74.327098420398073,4.7820629953661458],[-74.327414163612147,4.7821939989256688],[-74.327588535156522,4.7822663469419284],[-74.327801375027647,4.7823784744821456],[-74.327994175820294,4.7824892709192737],[-74.328488392672497,4.7827175789365501],[-74.32851472663134,4.7827292501012062],[-74.328664989519453,4.782795843573787],[-74.32878419784484,4.7828486750460577],[-74.328787076562875,4.7828499617099745],[-74.328926763386562,4.7829124408301356],[-74.329115101765453,4.7829966811563498],[-74.32929234893561,4.7830608500970913],[-74.329538289927612,4.7831737733408692],[-74.330037429249714,4.7833619818159621],[-74.330374671143346,4.783486677585568],[-74.3305189191192,4.7835409183391624],[-74.330915825681302,4.783687801335426],[-74.331117808380895,4.7837619965251319],[-74.331506557388892,4.7839091806036542],[-74.331828414726402,4.7840156416532595],[-74.331961765554723,4.7840478574509762],[-74.332062888829299,4.7840513828012634],[-74.332195400310312,4.7840320086954158],[-74.332449105908694,4.783908146721604],[-74.332645912583047,4.7837089561799484],[-74.332739095711275,4.7834291897132228],[-74.332814133582318,4.7834476709053249],[-74.332744258065503,4.7837331782175356],[-74.332618578487768,4.7842466878299357],[-74.332610988240972,4.7842777026328953],[-74.332610976539172,4.7842777478521228],[-74.332596872521066,4.7843353776499153],[-74.332880245659979,4.7844103739276278],[-74.333003805852684,4.7844440545111881],[-74.333402172859238,4.7845837915128371],[-74.333380720367373,4.7846484206178239],[-74.333416149660437,4.7846935083030511],[-74.333540849963157,4.7847483037018668],[-74.333633861119992,4.784792313621443],[-74.333709276206321,4.7848308618261788],[-74.333770036720594,4.7848619188823571],[-74.333862085633427,4.7849119879212614],[-74.334022599041987,4.7850037411085058],[-74.334086774922028,4.7850464451085806],[-74.334262492228532,4.7851633699826168],[-74.33448261285595,4.7853306384566272],[-74.334655482283381,4.7854754582427583],[-74.334657091837215,4.7854768122754505],[-74.334711748074355,4.7855274405269919],[-74.334805222405791,4.7856140045213396],[-74.334819619583385,4.7856273383983634],[-74.334837665879903,4.7856458688038117],[-74.334927838760834,4.785738458448388],[-74.334954904607798,4.7857662508878072],[-74.334967656595225,4.7857793439326866],[-74.335035075612282,4.7858549250536289],[-74.335101668643944,4.7859345468776402],[-74.335109933208756,4.7859449124391809],[-74.335137514526991,4.7859795049912481],[-74.335200902960821,4.7860590095471691],[-74.3352805723502,4.7861632450145297],[-74.335336326029761,4.7862363599541444],[-74.335359601526648,4.7862668847803294],[-74.335364830577063,4.7862737419045036],[-74.335451374611466,4.7863884031135813],[-74.335562350618147,4.7865333074554837],[-74.335687027890799,4.7866961026483184],[-74.335892217454301,4.7869626463682762],[-74.335923593599205,4.7870037185479859],[-74.335965242979299,4.7870582373614212],[-74.336002606666156,4.7871071457228824],[-74.336091565882626,4.7872243072103693],[-74.336210720473048,4.7873826389588512],[-74.336286533208494,4.7874851557735996],[-74.336391239634693,4.7876239619404934],[-74.336547893845264,4.787830133023439],[-74.336641698338909,4.7879542086562736],[-74.336732918017319,4.7880747024284647],[-74.336886995177608,4.7882783043842823],[-74.336988311683129,4.7884102463059399],[-74.337088637032593,4.7885431941642729],[-74.337186525401876,4.7886725601056819],[-74.337195939171835,4.788680044111449],[-74.337301936167776,4.7887980128140413],[-74.337408736410822,4.7889089095905701],[-74.337543608147769,4.7890507280594594],[-74.337561549335859,4.7890697747759363],[-74.337645498238771,4.7891588993008885],[-74.337685317353532,4.7891998307222901],[-74.337734010389227,4.7892461013516101],[-74.337773066302006,4.789280675850307],[-74.337835961212249,4.7893335514784914],[-74.337872732688098,4.7893627860626751],[-74.337919394709459,4.789396849442193],[-74.33798267528131,4.7894397378538374],[-74.338038502580005,4.7894772412970319],[-74.338076751024801,4.7895027857754409],[-74.338110362835693,4.7895244489671915],[-74.338127261917819,4.7895361477476435],[-74.338169016534039,4.7895606129627204],[-74.338256678482793,4.7896137919970094],[-74.338261097420698,4.7896164724570172],[-74.33826929144341,4.7896212259348792],[-74.338290966850053,4.7896390775345807],[-74.338327273838331,4.7896699400036082],[-74.338463182927455,4.78977468170332],[-74.338508962612053,4.789811413051428],[-74.33862214340769,4.7898981714988373],[-74.338756834150047,4.7899989600140387],[-74.338880691760849,4.7900956778787966],[-74.339043318921838,4.7902178567441256],[-74.339175262057523,4.7902613210380993],[-74.339295038747508,4.7903455737473157],[-74.339408184546926,4.7904251628017702],[-74.339436116642702,4.7904448115163083],[-74.339711242240639,4.7906550455125245],[-74.339836684125103,4.7907688574064098],[-74.340041318173675,4.7910273534784915],[-74.340147566029614,4.7911815766525701],[-74.340187919657836,4.7912642238165857],[-74.340195180984566,4.7912790958032838],[-74.340207991943842,4.7913186249240924],[-74.340213275168622,4.791334929172125],[-74.340231982930732,4.7914159415412652],[-74.340296697623245,4.7916962088520236],[-74.340328256863771,4.7918613665071623],[-74.340366718343873,4.7920664462028286],[-74.340411614440299,4.7922435806530208],[-74.340413604033401,4.7922745701339009],[-74.340421356546031,4.7922938630343026],[-74.340425484487596,4.7923016329721388],[-74.340442100895913,4.79233290801095],[-74.340460507285627,4.7923729033975135],[-74.340479892458973,4.7924124317898551],[-74.340501831789382,4.7924506099883342],[-74.340523116794998,4.7924890904727011],[-74.340545342696572,4.7925270316334387],[-74.340568493260108,4.7925644117735429],[-74.340591063464316,4.7926022189640536],[-74.340614583580489,4.7926394904444196],[-74.340641924748553,4.792674036711575],[-74.340668665714844,4.7927089810990084],[-74.340696257381992,4.7927432505523857],[-74.340724685320168,4.7927768269912772],[-74.340753929690166,4.7928096905286655],[-74.340770693048896,4.7928291571958805],[-74.340782674864926,4.7928430715145343],[-74.34080074129038,4.7928614597574857],[-74.340803937386411,4.7928580610840763],[-74.340810141254551,4.7928514636593249],[-74.34083214009847,4.7928307314200493],[-74.340867342931745,4.7927975554934719],[-74.340902655696709,4.7927642746244592],[-74.340955642041706,4.7928087076176489],[-74.341006275789411,4.7928511692423035],[-74.340974655492829,4.7928896312171174],[-74.340969870190449,4.7928954522100691],[-74.340948188110062,4.7929218235250532],[-74.340996331303344,4.7929669203256857],[-74.341025188630226,4.7929329890365944],[-74.341057932100782,4.7928944868374428],[-74.341105737143835,4.7929345757660489],[-74.341145624128657,4.7929680247823097],[-74.341080220475163,4.7930483090388485],[-74.341083419788703,4.7930509564898376],[-74.34127335597644,4.7931820026069918],[-74.341325206195023,4.7931291029509433],[-74.341633926790635,4.7933919531566724],[-74.341839893297973,4.7935531222601107],[-74.342087703990558,4.7937594392813025],[-74.34225403524556,4.7939460343204896],[-74.342370277282583,4.7940390639925239],[-74.342508322915535,4.7941801060422362],[-74.342517271413072,4.7941892477220378],[-74.342721812014645,4.7944104858785375],[-74.342795342618643,4.7944975600714637],[-74.342914805426943,4.7946390252179514],[-74.342938910909709,4.7946626351722896],[-74.343068740208409,4.7947897830577384],[-74.34310346668029,4.7948256321463569],[-74.343103506359654,4.7948256737285835],[-74.343366213116539,4.7950968622795944],[-74.343684346459369,4.7954064336848194],[-74.34369119637779,4.7954130965842721],[-74.343738896434729,4.7954605716408745],[-74.343853662464781,4.7955747955989727],[-74.344014362734796,4.7956923854943474],[-74.34402461202238,4.7957293581713483],[-74.344147138124782,4.7956237572803859],[-74.344202035203196,4.795682532292],[-74.344231266633855,4.7957138276171261],[-74.344111020453269,4.7958268663745232],[-74.344071003766871,4.7958805049513682],[-74.344443733701254,4.796308809546975],[-74.344622698311312,4.7965144597449108],[-74.344624909632927,4.7965169999525239],[-74.344653693869844,4.7965433100455739],[-74.344675550014927,4.7965636544921075],[-74.344689598674805,4.796576781186646],[-74.344712113210562,4.7966003094013336],[-74.344722499243616,4.7966109344359547],[-74.344753959585333,4.7966411536541624],[-74.344754166081515,4.7966413235810563],[-74.344754282411074,4.7966414356682971],[-74.344767527019428,4.7966523245424648],[-74.344789314627491,4.7966702626795303],[-74.344822971394649,4.7967017877426921],[-74.344830244312575,4.7967089631995323],[-74.344863541252181,4.7967424046049549],[-74.3448835425081,4.7967634316094374],[-74.344915392403252,4.7967985845068526],[-74.344942196195902,4.7968202626522078],[-74.34494222955982,4.7968202897680285],[-74.344950933964398,4.7968274510984683],[-74.344951098079207,4.7968275857743459],[-74.344951597685508,4.796828119113469],[-74.344981960064175,4.7968605859258204],[-74.34501406735194,4.7968923195733266],[-74.345041180255762,4.796918397898553],[-74.345062910827423,4.7969402968655217],[-74.345078164793989,4.7969559026590023],[-74.345084235606592,4.7969618234206477],[-74.345084270779367,4.7969618659088029],[-74.345093361161034,4.7969740603985223],[-74.345095585939902,4.7969764269742843],[-74.345138057704631,4.7970235576225742],[-74.345166061192046,4.797051819468475],[-74.345167561782802,4.7970533371936765],[-74.345170188720473,4.7970559993163722],[-74.345201455273113,4.7970861697553069],[-74.345202109967289,4.7970868043146115],[-74.345213339342976,4.7970986597573253],[-74.345234203750607,4.7971208430066179],[-74.345235107306621,4.7971216411459272],[-74.345235153298489,4.7971216881512913],[-74.345268582168586,4.797151221114623],[-74.345300785415844,4.7971839295405045],[-74.345332945491421,4.7972168803329938],[-74.345337790770003,4.7972215735384864],[-74.345337886360227,4.7972216693563814],[-74.345366183401055,4.7972490765180247],[-74.345383686831354,4.79726789619433],[-74.345409912928659,4.7972967591786988],[-74.345409939081776,4.7972967881059319],[-74.345413336312362,4.7973006282232848],[-74.345426590306317,4.7973193473798563],[-74.345428595044936,4.7973214816365939],[-74.34545836056688,4.7973535733761015],[-74.345485609821168,4.7973870939851375],[-74.345535787230915,4.7974598068320722],[-74.345572403390136,4.7975164529428556],[-74.345613282863539,4.7975810181072758],[-74.345637224465477,4.7976092118949261],[-74.345646805509205,4.7976220690324531],[-74.345666266930621,4.7976525415956797],[-74.345738658063212,4.7977838260037524],[-74.345761938596027,4.7978273550992876],[-74.345821680441148,4.7979440871063526],[-74.345882349448559,4.7980596820420667],[-74.345907250766842,4.7981123683007398],[-74.345942019902068,4.7981989265147007],[-74.345970279058733,4.7982791734905357],[-74.345978388129353,4.7983060486945899],[-74.34601451094035,4.7984079540840403],[-74.346035912872154,4.7984813862642905],[-74.346074896160715,4.7986160296587732],[-74.346097064018025,4.7987001828687754],[-74.346153674174801,4.7989431729790875],[-74.346192690749731,4.7991558742794131],[-74.346214910499398,4.7992573736686834],[-74.346248547734618,4.7993767320257055],[-74.346276528417761,4.7994845809187252],[-74.346303343835544,4.7995770545233221],[-74.346356858506795,4.799647091974073],[-74.346362212359026,4.7996590365200795],[-74.346364810791329,4.7996648347469844],[-74.346371819546377,4.799708636085434],[-74.346387268106,4.7997490321376004],[-74.346393153555212,4.7997741366937303],[-74.346402929402288,4.7997894118281499],[-74.346422139954456,4.7998281587699054],[-74.346441858817968,4.7998666342218836],[-74.346459591308331,4.799906159439189],[-74.346485197168903,4.7999414385964068],[-74.346501534565817,4.7999818324862034],[-74.346504593022829,4.8000021688978638],[-74.346518922891917,4.8000218208366485],[-74.346548634688887,4.8000543963362636],[-74.346563732872781,4.8001023795645015],[-74.346597639952378,4.8001256156474277],[-74.346623261972383,4.8001606849953626],[-74.346647696297424,4.8001967965594696],[-74.346670879875816,4.8002340769661602],[-74.346672345446478,4.8002359157262129],[-74.346698344220741,4.8002685360886996],[-74.346722730211638,4.8003055049411998],[-74.346737583435626,4.8003264407683588],[-74.346748451868464,4.8003417588719346],[-74.346776421166993,4.8003765632326081],[-74.346804197712785,4.800411760132433],[-74.346836144959212,4.8004531009804676],[-74.346858997690418,4.8004833949194268],[-74.346886240911388,4.8005194149351338],[-74.346911616900755,4.8005568699000154],[-74.34693833744673,4.8005932934355942],[-74.347007611806191,4.8007035286965243],[-74.347036137449123,4.8007478351666393],[-74.347077747461213,4.8008124632310523],[-74.347158777461573,4.8009383209675409],[-74.347198916339806,4.8010006644484378],[-74.347258444941701,4.801061953991713],[-74.34728191369669,4.8010861165439804],[-74.347284405402945,4.8010886810464415],[-74.347287975676963,4.8010923574064455],[-74.347308647012994,4.801113639976835],[-74.347339207578926,4.8011541701917766],[-74.347369571523572,4.80119442195969],[-74.347429234556927,4.801290324262478],[-74.347434819864191,4.8013039271848461],[-74.347493201230307,4.8014461217984774],[-74.347806811186302,4.8018580635602479],[-74.34794077981681,4.8020340388935612],[-74.348064753767332,4.8021655665938514],[-74.348079647966244,4.8021553086854016],[-74.348084141369142,4.8021522133073633],[-74.348085844214054,4.8021545222035593],[-74.348108053360519,4.8021846535749066],[-74.348166688529062,4.8022452253699868],[-74.34830805707449,4.8024365670953442],[-74.348442505488038,4.8026010403850483],[-74.348534314649271,4.802713351815278],[-74.348731210860933,4.8029297266974655],[-74.34877457499357,4.8029773794049007],[-74.348805899880645,4.8030057961968957],[-74.348931898323457,4.8031200834175785],[-74.348935042806971,4.8031229361236818],[-74.349074545351726,4.8032494720527312],[-74.349058991778065,4.8032792060625651],[-74.349053069223359,4.8032905283942409],[-74.348772269425112,4.8030307057378945],[-74.348665163217731,4.802917721300048],[-74.348629701802224,4.8028715864695011],[-74.348542096405993,4.8029313843816706],[-74.348508586755031,4.8028946850953549],[-74.348389808823811,4.8028461209484901],[-74.34834292737736,4.8027873169309583],[-74.34823679501288,4.8026541924605297],[-74.348160343240636,4.8025447939610801],[-74.348120108703952,4.8024872207478815],[-74.348113706607393,4.8024780591536231],[-74.347969946682355,4.8022893136627482],[-74.347833672589616,4.8020917229653088],[-74.347715341436626,4.8019273001272547],[-74.347563118197812,4.8017183179362979],[-74.347465070515199,4.8015741758001944],[-74.347445070672791,4.8015458466966825],[-74.347301458081972,4.8013456616370664],[-74.347180789496207,4.8011875127132679],[-74.346966190541636,4.8009062574566581],[-74.346842670272338,4.8007443721331757],[-74.346808379639896,4.8006994294962224],[-74.346783927048932,4.8006673818531249],[-74.346704914314671,4.8005638277298655],[-74.34665402675698,4.8004971342690368],[-74.346635122700349,4.8004722853403354],[-74.346603887718757,4.8004312290547002],[-74.346592198952962,4.8004158642488131],[-74.346548320679574,4.8003573934913586],[-74.346522233403533,4.8003220548441927],[-74.346487840848184,4.8002745494535652],[-74.346445680101212,4.8002144231497175],[-74.346396670362978,4.8001409629835896],[-74.346378832118106,4.8001122314838174],[-74.346286068353962,4.7999843607744692],[-74.346108461835357,4.7997214523606822],[-74.3460411940695,4.799587463962502],[-74.345988229154614,4.7994501258437294],[-74.345934049456574,4.7992905931543328],[-74.345961772631313,4.7992770973899779],[-74.345971059309733,4.7992724637421436],[-74.345930221627825,4.7991191148060048],[-74.345917287025813,4.7990527897752573],[-74.345889402768663,4.7989215946124606],[-74.345832601646947,4.798637176033365],[-74.345804424088499,4.7984888753141286],[-74.345782749361902,4.7984093329037512],[-74.345761495623023,4.7982951756808472],[-74.345738236469657,4.7982025433000919],[-74.345626793844573,4.7979372268007863],[-74.345614854857715,4.7979088031314552],[-74.345601347706804,4.7978766453345356],[-74.345503772045163,4.7977198606016698],[-74.345418875156838,4.7975975932872235],[-74.34531291223162,4.7974631081375536],[-74.345278886829078,4.7974411326144928],[-74.345197043244994,4.7973490621362638],[-74.345162439538811,4.7973096303002629],[-74.345083373047942,4.7972284120806332],[-74.345041796899281,4.7971825498063909],[-74.344974604110504,4.797110279453193],[-74.344884069920823,4.7970022894880557],[-74.34482458059307,4.7969385273378604],[-74.344811053419633,4.7969474526098992],[-74.344707246275334,4.7968204703578046],[-74.344582792994274,4.7966853538774439],[-74.34453132610922,4.7966250918046924],[-74.344522023647954,4.7966122399661009],[-74.34449222549442,4.7966305491442638],[-74.344369251310212,4.7964831914878721],[-74.344295185691564,4.7964378120885209],[-74.344235076131341,4.7964991269550534],[-74.344132010257439,4.7963701087438411],[-74.344100811551812,4.7963310544178661],[-74.344092209381174,4.796320162813636],[-74.343993956334515,4.7961957410462608],[-74.343878353084577,4.7960498507996716],[-74.34384882434037,4.7960096663429779],[-74.343762135748975,4.7959009765917306],[-74.343737236906165,4.795874987776835],[-74.343572003487566,4.7956670639964392],[-74.343489352913906,4.7955663430999547],[-74.343489326759212,4.7955663096511545],[-74.343471301174887,4.7955443449806978],[-74.343311266275265,4.7953521032186348],[-74.343310985797402,4.7953517669295191],[-74.343304060423506,4.7953434482887367],[-74.343071990343077,4.7950663545130414],[-74.343071752253351,4.7950660706565102],[-74.343061587438925,4.7950539326197763],[-74.342876779863133,4.7948348301046977],[-74.342785663235375,4.7947272533091017],[-74.342785626259598,4.794727209917248],[-74.342671103954814,4.7945919978490847],[-74.342507923732185,4.7944097586080341],[-74.342285987802498,4.7941619001146414],[-74.342230438941087,4.79410930152806],[-74.342210736851925,4.7940922586498624],[-74.342164945661054,4.7940526455922026],[-74.342009551403294,4.7939359836851327],[-74.341742266367632,4.7937353187872223],[-74.341508647267744,4.7935599285200592],[-74.341508606691249,4.7935598977896419],[-74.341448275908604,4.7935146040785259],[-74.341398655628822,4.7934800474606805],[-74.341236376941822,4.7933670296218338],[-74.341134517954671,4.7932960906796724],[-74.341042186118102,4.7932317873932782],[-74.34093065648679,4.7931630360229978],[-74.340903558292496,4.7931463314477867],[-74.340834443916393,4.7931008719589814],[-74.340835249120957,4.7930990947059708],[-74.340748804828223,4.793054169993141],[-74.340679457804612,4.7930155289735046],[-74.340598852556411,4.7929740500753404],[-74.340648618050096,4.7928959060222232],[-74.340622258710113,4.7928665256247145],[-74.340612344765347,4.7928548956647363],[-74.340596665348144,4.7928365028806112],[-74.340591515833438,4.7928304632568359],[-74.340576175145245,4.7928115151036979],[-74.340562367625168,4.7927944617658689],[-74.340560964355731,4.7927928047301789],[-74.340556196306437,4.7927871755099458],[-74.340531527267686,4.7927580539910783],[-74.340530981652975,4.7927574121504124],[-74.340504510016927,4.7927172182118234],[-74.340486766632552,4.7926925802420577],[-74.340477420082308,4.792679601755248],[-74.340450969092231,4.7926391636461512],[-74.340426800394681,4.7925983376190304],[-74.340410590071301,4.792570585563932],[-74.340403326050449,4.7925581506615442],[-74.340379417622614,4.792516667108611],[-74.340358218358503,4.7924737247867819],[-74.340337858750942,4.7924318727230233],[-74.340327605753188,4.7924104791976223],[-74.340317356365318,4.792389094713589],[-74.340316253819836,4.7923865025189549],[-74.340309448577486,4.7923739200386031],[-74.340303884587954,4.7923636312816162],[-74.340268341532109,4.7922471353629348],[-74.340186652030823,4.7919130381803257],[-74.340063731293895,4.7914616785766482],[-74.340051823822904,4.7914180671108122],[-74.340036199050189,4.7913608419808114],[-74.340019793693912,4.7913155791866169],[-74.340003265820272,4.7912846929478059],[-74.339986734340329,4.7912538012841219],[-74.339944164388882,4.7911742539822626],[-74.339943658323293,4.7911733082821355],[-74.339926469570599,4.7911491611136814],[-74.339887886426226,4.7910949588099712],[-74.339870332401716,4.7910703008523532],[-74.339825298512977,4.791020598991298],[-74.339770690974319,4.7909603295698986],[-74.339599301301433,4.7907711729954716],[-74.339339551765292,4.7905546662923495],[-74.339140197743333,4.7904074326414623],[-74.338914342617116,4.7902556116117463],[-74.338894634950279,4.7902423639613811],[-74.338883007093756,4.7902345480464463],[-74.338745851469497,4.7901329755721402],[-74.33847034232565,4.7899321821623593],[-74.338334030437295,4.7898279018112841],[-74.338142125535327,4.7896810936394152],[-74.337942601923302,4.7895274527291516],[-74.337825212823191,4.7894296787127217],[-74.337773019531497,4.7893858618761618],[-74.337690503208748,4.7893212468885817],[-74.337519358435088,4.7891812454102416],[-74.337452146032703,4.7891053733114806],[-74.33735073656085,4.788985574406273],[-74.337184317997767,4.7887997683980625],[-74.337007131687926,4.7885822436895209],[-74.336961092592276,4.7885264841119364],[-74.336706529445848,4.7881942243191888],[-74.335938286651825,4.7871904376908718],[-74.335906059073338,4.7871408943788172],[-74.335732436471289,4.7868739896994992],[-74.335670664775236,4.7867865023614353],[-74.335593283756864,4.786684074679787],[-74.335530569279257,4.786601608339967],[-74.33552946169776,4.7865999358077724],[-74.335505439493943,4.7865685983070048],[-74.33547796493518,4.7865327568980218],[-74.335450490378619,4.7864969136791604],[-74.335430986548204,4.7864714704899507],[-74.335423014022112,4.7864610704596773],[-74.335395541274906,4.7864252290461486],[-74.335368064924197,4.7863893858241022],[-74.335340590379261,4.7863535426000547],[-74.335313115837209,4.7863176993747087],[-74.335285971383385,4.786282290086417],[-74.335285639495879,4.7862818579573494],[-74.335258164959654,4.7862460147294366],[-74.335230690426982,4.7862101733088176],[-74.335203214093681,4.7861743300789765],[-74.335182112169903,4.7861468003651861],[-74.335179453461393,4.7861433324820233],[-74.335176794752883,4.7861398645988631],[-74.33517574137035,4.7861384904636681],[-74.335174136045723,4.7861364003328699],[-74.335171475535091,4.7861329342589576],[-74.335168818631573,4.7861294718008551],[-74.335166161727372,4.7861260075341576],[-74.335163503021022,4.7861225450767293],[-74.335160849721916,4.7861190790000361],[-74.335158189214113,4.7861156201604311],[-74.335156216831379,4.7861130572203372],[-74.335156078845543,4.7861128773171266],[-74.335155527805583,4.7861121631297703],[-74.335152864594932,4.7861087079083422],[-74.335150207693601,4.786105250875953],[-74.335148266875464,4.7861027268087089],[-74.335147547187944,4.7861017974620754],[-74.335144879472907,4.7860983494767027],[-74.335120855633932,4.7860673655408812],[-74.335120691495192,4.7860671549014304],[-74.335118180718226,4.7860639455913123],[-74.335099373382079,4.7860400177309881],[-74.335092898076965,4.7860318634070103],[-74.335091621056719,4.7860302650901074],[-74.335064764936803,4.785996875882967],[-74.335064568334488,4.7859966327009822],[-74.335064094868642,4.7859960550332099],[-74.3350366167423,4.7859626027579951],[-74.335036334466821,4.7859622592312672],[-74.335036272240202,4.7859621841980005],[-74.335035996280467,4.785961856041947],[-74.335007417285624,4.7859277955875168],[-74.33500723511635,4.7859275795290142],[-74.335006895129226,4.7859271817661364],[-74.334978209085662,4.785893705526548],[-74.334978106278911,4.7858935880065872],[-74.334977788839694,4.7858932227898991],[-74.33494899844824,4.7858603217211915],[-74.334948646743285,4.7858599257712866],[-74.334947449141936,4.7858585752016385],[-74.334918736568838,4.7858264572235631],[-74.334918564324127,4.785826264673033],[-74.334918159417029,4.785825820815365],[-74.334889009717941,4.7857938739124046],[-74.334888596695691,4.7857934237276831],[-74.334888482167372,4.7857932980734326],[-74.334888310827466,4.785793114565533],[-74.334857880839664,4.7857604618862828],[-74.334857742866788,4.7857603163463187],[-74.334857439867079,4.7857599954346979],[-74.334826941599317,4.7857279468501286],[-74.334826776573493,4.7857277741913968],[-74.334826434800576,4.7857274216439398],[-74.334795669854898,4.7856957529628685],[-74.334795353333163,4.7856954302476931],[-74.334794569696157,4.7856946374735623],[-74.334764061104352,4.78566389379057],[-74.334763799592352,4.7856636316426515],[-74.334763201723831,4.7856630377440581],[-74.334744425242192,4.7856444271285072],[-74.334740666710829,4.7856407317737553],[-74.334732127964244,4.7856323602855424],[-74.334731982781364,4.7856322183654454],[-74.334731793412985,4.7856320348642338],[-74.334699864129689,4.7856011660145246],[-74.334699706323448,4.7856010150561792],[-74.334699284305373,4.7856006137067579],[-74.3346689702867,4.7855719000931716],[-74.334667281318872,4.7855703100688087],[-74.334667168600902,4.7855702043083639],[-74.334667008091074,4.7855700551596181],[-74.334634377730268,4.7855397960661632],[-74.334634300180497,4.7855397237515174],[-74.334634131556484,4.7855395709886235],[-74.334601161477764,4.7855096267164159],[-74.334600976623335,4.7855094612994558],[-74.334600395008479,4.785508941546964],[-74.334568031124917,4.7854801572587116],[-74.334567850779337,4.785479996361528],[-74.334567808398049,4.785479958396949],[-74.334567633464431,4.7854798065406916],[-74.334567498206411,4.7854796890328455],[-74.334533795494451,4.7854503391554415],[-74.334533592608153,4.7854501647022358],[-74.33453319765637,4.7854498257390397],[-74.334499654780274,4.7854212272707697],[-74.334499537557249,4.7854211269377833],[-74.334499081292918,4.7854207463999074],[-74.334465214026125,4.7853924708856663],[-74.334464771288637,4.7853921048114527],[-74.334463869584937,4.7853913645304296],[-74.334430475939683,4.7853640790420178],[-74.33443028387795,4.7853639244792765],[-74.334429771713417,4.7853635123119229],[-74.334396261962667,4.7853366989084325],[-74.334395445027354,4.785336049929513],[-74.3343932250623,4.7853343054687878],[-74.33439288151898,4.7853340388300083],[-74.334315714253151,4.7852744926766659],[-74.334315624986218,4.7852744239835614],[-74.334288631408072,4.7852541823711139],[-74.334287839735822,4.7852535948748027],[-74.334277850972612,4.785246215938237],[-74.334271380552863,4.7852414491011057],[-74.334267845992684,4.7852388605193212],[-74.33425781578444,4.785231535855802],[-74.334252468869579,4.785227643956917],[-74.334251697039576,4.7852270853906296],[-74.334218149556676,4.7852029984480007],[-74.334218028733403,4.7852029125850466],[-74.334217491340922,4.7852025320774105],[-74.334209966048945,4.7851972203439166],[-74.334179322122296,4.7851757032276936],[-74.33417896145842,4.785175453776862],[-74.334142348733238,4.7851503081429021],[-74.33414167429595,4.785149852629865],[-74.334105114077801,4.7851253020017115],[-74.334104922927409,4.7851251736631255],[-74.334067621762273,4.7851006866113135],[-74.334066970775638,4.7851002672613072],[-74.334032028512723,4.7850778375040459],[-74.334029875393057,4.7850764637788981],[-74.334029224409846,4.7850760534718191],[-74.333991880379983,4.7850526371195823],[-74.333989956292271,4.7850514495937322],[-74.333953638526538,4.7850292084413084],[-74.333952864928463,4.7850287421136688],[-74.333915607857875,4.7850064470530249],[-74.333915157045439,4.7850061813584492],[-74.333914900983629,4.7850060295324131],[-74.333876437740173,4.784983557678947],[-74.333875858900228,4.7849832251142592],[-74.333837486019931,4.7849613392092909],[-74.333836802595641,4.784960956043097],[-74.333800610013228,4.7849408037618737],[-74.333798305491683,4.7849395295653023],[-74.333796983730025,4.784938804813617],[-74.333758901564636,4.7849181305535167],[-74.333757614069739,4.7849174392479208],[-74.333728405883718,4.7849024994312392],[-74.333616125741926,4.7848486236153631],[-74.333527745414386,4.7848075943348647],[-74.333484893202851,4.7847877013464819],[-74.333372973740893,4.7847437328353912],[-74.333331754071821,4.7847264038141448],[-74.333298697182698,4.7847124682818123],[-74.333167497327153,4.7846617518367776],[-74.333133938941899,4.7846494134725059],[-74.33265479513129,4.7844732252520181],[-74.332498790663166,4.7844148024499971],[-74.332329089348391,4.7843596365615912],[-74.332274177758251,4.7843637064374631],[-74.33224406143691,4.784379246237024],[-74.332212156953688,4.7843906377838099],[-74.332179028529083,4.7843976837309459],[-74.331765534806749,4.7842451865516615],[-74.331739124359643,4.7843172471623401],[-74.331610702444237,4.7842604705838614],[-74.331491537978124,4.7841982086952601],[-74.331149451271557,4.784039166464928],[-74.330980451666392,4.7839502732905492],[-74.330918398862025,4.7839049403080844],[-74.330624109201722,4.783793849479971],[-74.330335511293868,4.7836829264268257],[-74.330285225319159,4.7836609597059612],[-74.330184059120981,4.7836188893248428],[-74.330100636996278,4.7835828331974861],[-74.330017715664894,4.7835456645887717],[-74.329935305950897,4.7835074015808159],[-74.329853292585412,4.7834683534860591],[-74.329771461255163,4.7834291371145561],[-74.329689972518409,4.7833900381652796],[-74.329608646074817,4.7833510151070371],[-74.329527319640718,4.7833119938472235],[-74.329045772632966,4.7830890553079852],[-74.329022816743404,4.7830786227167614],[-74.328999859050995,4.7830681883167925],[-74.328688881872793,4.7829296916738819],[-74.3286552052557,4.782911581896145],[-74.328384835472207,4.7827876312198025],[-74.327784215497118,4.7825174695130297],[-74.327070140664702,4.7821967368510325],[-74.326868945334766,4.7821039495754532],[-74.326557949399401,4.7819362015036067],[-74.326326303856348,4.7817927211452007],[-74.325914092478541,4.7814990444291894],[-74.325461402253197,4.7811705431095035],[-74.325461386036011,4.7811705666271127],[-74.324765057770406,4.7806704412067038],[-74.324573871638279,4.7805348148121869],[-74.324274089311132,4.7803079747512163],[-74.324237068720208,4.7802346060987739],[-74.324203736391354,4.780210628877958],[-74.324113060849399,4.7801861297121198],[-74.323925382828136,4.7800441157057163],[-74.323950277260039,4.780005930905709],[-74.323477570011008,4.7796314933957502],[-74.323468912867384,4.7796418923139186],[-74.323265846724226,4.7795067761924424],[-74.323255907225715,4.7795207403112201],[-74.323255449253153,4.7795205975962869],[-74.322744149109681,4.7791101334717636],[-74.32255135731134,4.7789588500190785],[-74.322082932599415,4.7785927150050078],[-74.321776843547056,4.7783652158657786],[-74.321649520820444,4.7783016546812913],[-74.321522198116696,4.77823809437613],[-74.321520685616719,4.7782357753892324],[-74.321520318135484,4.7782366174217472],[-74.321463564174138,4.7781481990498049],[-74.321428413848892,4.7781190416041897],[-74.321361782496055,4.7780749346418689],[-74.320849037115025,4.7776013268538806],[-74.320714373919998,4.7774802420494868],[-74.320588993172606,4.7773656920030119],[-74.320569401758306,4.7773477929344708],[-74.320450607704643,4.7772332007361342],[-74.32042374024077,4.7772183978454654],[-74.320384324851133,4.7771748779754555],[-74.32038297941304,4.7771733926896234],[-74.320312958794034,4.777116214278295],[-74.320246306383353,4.7770553324691614],[-74.320179878350871,4.7769942046042688],[-74.320162825717063,4.7769773508978481],[-74.320157205227986,4.7769717950681887],[-74.320147747874373,4.7769624479683159],[-74.32011340979048,4.776933145473282],[-74.320083481450567,4.7769064268059305],[-74.320051397147836,4.7768777845524788],[-74.320020060357194,4.7768498094053191],[-74.319989441322818,4.7768224760547033],[-74.319951132592323,4.7767882781783628],[-74.319915374773956,4.7767563546130276],[-74.319843905135215,4.7766925526748114],[-74.319841637280589,4.7766903017729181],[-74.319779636939018,4.7766287726006631],[-74.319747315410439,4.776597053087511],[-74.319581801553525,4.776442401424962],[-74.319502390222297,4.7763675354450825],[-74.319465793224751,4.7763330330904639],[-74.319235910139085,4.7761626620109867],[-74.319190892819563,4.7761404221828228],[-74.319111534608922,4.7761012162430383],[-74.31908925876094,4.7760418487508058],[-74.319141307443488,4.7759903297119051],[-74.31914010625249,4.7759888886831421],[-74.319128188132581,4.7759745995385297],[-74.319080614851572,4.7759175514386074],[-74.319069713055725,4.7759044782164555],[-74.319018878955092,4.7759338749669586],[-74.318981977949718,4.7759217730701993],[-74.318957961681093,4.7759042055773131],[-74.318935038695656,4.7758578954733952],[-74.318897646122593,4.7758062614289383],[-74.318839709434044,4.7757289914153933],[-74.318811844385706,4.7756889462169054],[-74.318725848811354,4.7755895117562206],[-74.318606038320539,4.7754509782540122],[-74.318512444411013,4.7753427566507671],[-74.31850779004607,4.7753081634386065],[-74.318174528494964,4.774945770619806],[-74.31817006778472,4.7749417254481292],[-74.318035243802939,4.7748194364933356],[-74.318004134138846,4.7747856971643747],[-74.317354372175515,4.7740809894076719],[-74.317110414542597,4.7738164026709864],[-74.316948647400466,4.7736255933169183],[-74.316934235686233,4.7736102325005456],[-74.31692184642732,4.7735991582586861],[-74.316810719646597,4.7734753261723792],[-74.316758348850598,4.7734192634388188],[-74.316380370684769,4.7729987478528182],[-74.316345129814124,4.7729592268855763],[-74.315466064081946,4.7719803781836072],[-74.315406811073672,4.7720311868573653],[-74.31522527832027,4.7718367124381871],[-74.315197119575387,4.7718065466373245],[-74.315194401720149,4.7718036339271981],[-74.315252737675181,4.7717492870675526],[-74.315189360134198,4.7716752487390259],[-74.315024319420544,4.7714824415007593],[-74.314823886012448,4.7712508312270536],[-74.314819275270878,4.7712455028826124],[-74.314654160130232,4.7710584812732373],[-74.314645156949723,4.771048279368733],[-74.314645136209521,4.7710482567684078],[-74.314539293867469,4.7709283688002815],[-74.314247338733722,4.7706043244458582],[-74.314093974117796,4.7704341050294712],[-74.314049328377507,4.7703845539707306],[-74.313772149809296,4.7700769399322507],[-74.313622801830377,4.7699111907736027],[-74.313547283829706,4.7698273800688433],[-74.31348618795235,4.7697607858713971],[-74.313475214626976,4.7697488221474655],[-74.313346753087501,4.7696087993836276],[-74.313198477592337,4.7694471760689972],[-74.313174624678751,4.769421176611023],[-74.3131449449005,4.7693920511804242],[-74.312942646367404,4.7691935165670269],[-74.312908084871992,4.7691625905300077],[-74.31279417172,4.769060660786498],[-74.312786815795477,4.7690540781996482],[-74.31269842044253,4.768980753531574],[-74.312610025108114,4.7689074288510085],[-74.312520186820905,4.7688372914018764],[-74.31250651064309,4.7688266135943485],[-74.312456836223063,4.768787831629373],[-74.312419665295806,4.7687598553773354],[-74.312176859670501,4.7685771080556689],[-74.312108798669072,4.7685258819523142],[-74.312108732849481,4.7685258322383497],[-74.311777561844934,4.7682747236883145],[-74.311600581305385,4.7681411982158544],[-74.311479696155658,4.7680499946937553],[-74.311227340741937,4.7678596026012219],[-74.311095516140099,4.7677601446658144],[-74.311096588785944,4.7677413828040294],[-74.310991093973115,4.7676596618644052],[-74.310946829095812,4.7676263353887904],[-74.31084982218141,4.7675532982410305],[-74.310793236477195,4.767510695114721],[-74.310788145846701,4.7675068617095429],[-74.310613123231718,4.7673750878282517],[-74.310490324236838,4.7672826323117974],[-74.310470157383975,4.7672674487285738],[-74.310461023829433,4.767260571915485],[-74.310406428078707,4.7672194665040415],[-74.310346907609656,4.7671746533205841],[-74.310302753688319,4.7671413918719425],[-74.310216818957358,4.767076653248786],[-74.310163874118473,4.7670367671572542],[-74.310053446450851,4.7669533196152232],[-74.30998992361738,4.7669053164800843],[-74.309845710867876,4.766796337489656],[-74.309748356963766,4.7667227694668828],[-74.309614920611764,4.7666219345198932],[-74.30936277078581,4.7664313887882965],[-74.3091974392906,4.7663064504634498],[-74.309042584309154,4.7661905922545653],[-74.308742248546125,4.7659626100397094],[-74.308676382476733,4.7659126117722463],[-74.308621623626706,4.7658710432606046],[-74.308088933965067,4.7654691425506241],[-74.307549104012139,4.7650618550613224],[-74.30700702782849,4.7646528704921147],[-74.306563063722677,4.7643179104054232],[-74.306384363964398,4.7641830728148751],[-74.306380393200271,4.764180077287393],[-74.306337782320497,4.7641479246248757],[-74.306302891171981,4.7641215976024505],[-74.306272208866289,4.7640985897663475],[-74.306184839592888,4.7640330769936829],[-74.30595467610965,4.7638595297599258],[-74.305745482846319,4.7637021072862371],[-74.305539011569849,4.763546394776208],[-74.305433768369156,4.7634666324453319],[-74.305341633929928,4.763396807626088],[-74.305211142555592,4.7632979132132007],[-74.305091223682211,4.7632070508830191],[-74.30493884572752,4.7630924686290612],[-74.304879719035299,4.7630478591743071],[-74.304647083911377,4.762872339101583],[-74.304499316876488,4.7627608515421009],[-74.304333532663634,4.7626354762270209],[-74.304133880244038,4.7624854002254802],[-74.303902742632545,4.7623096198527843],[-74.303878461990379,4.7622914116265838],[-74.30383530772778,4.7622590500817248],[-74.303657885082714,4.7621260027219918],[-74.303641603602344,4.7621137186385445],[-74.30364374084094,4.7620999834291933],[-74.303636755053645,4.7620946376959203],[-74.303420935042766,4.7619350454107794],[-74.303359236986779,4.7618880818618869],[-74.303007171429783,4.7616200959289117],[-74.302448494310312,4.7612062269774382],[-74.302084382928783,4.7609264017585504],[-74.301887910717454,4.7607819261523359],[-74.301720374926049,4.760658730089915],[-74.301714893124242,4.7606546986977412],[-74.301677777847914,4.7606289093002427],[-74.301658579173278,4.760615569893849],[-74.301398175602699,4.7604211098775435],[-74.301377281581765,4.760405510264059],[-74.301377316709065,4.7604054261527473],[-74.301313753673995,4.7603576590893066],[-74.301283027700208,4.7603351845636741],[-74.301240599730804,4.7603041501191337],[-74.301124475443189,4.7602175721893714],[-74.301090100745142,4.7601926716985314],[-74.300943362304039,4.7600863772783759],[-74.300839574250006,4.7600126797596332],[-74.300836910914484,4.7600107888280281],[-74.300779658218545,4.7599701356013151],[-74.300671719602462,4.7598946796337644],[-74.300539660927683,4.7598036259569225],[-74.300386607149875,4.7596991438643821],[-74.300188340307912,4.759563885847701],[-74.300005388010192,4.7594390765297208],[-74.29984887860563,4.7593323057378791],[-74.299737407427884,4.7592562611503313],[-74.299618783035598,4.7591753347261232],[-74.299537718121314,4.7591200321734854],[-74.29952873555311,4.7591139048195013],[-74.299437048990768,4.759051355904961],[-74.299270613227151,4.7589378131549092],[-74.299147583763613,4.7588538830729679],[-74.298986285362631,4.7587438436629235],[-74.298936677080647,4.7587100008103507],[-74.298809148754941,4.7586230011068418],[-74.298695988218981,4.7585458029943712],[-74.298606066217815,4.7584844570179428],[-74.298452766900141,4.7583798759744109],[-74.298292774219135,4.758270727611257],[-74.298080633608706,4.7581260062724704],[-74.29786012272406,4.7579755705555877],[-74.297691792326674,4.7578607348531579],[-74.297618996190693,4.7578110731526424],[-74.297528050171948,4.7577490301370453],[-74.297377874277274,4.7576465774663239],[-74.297200409140814,4.7575255112092814],[-74.297029937685437,4.7574092137627666],[-74.296794020012257,4.7572482682903088],[-74.296643462058185,4.7571455569396939],[-74.296472411967457,4.7570288652544059],[-74.296447013349166,4.757011536985293],[-74.296233339895352,4.7568657665353484],[-74.296214621147129,4.7568529974271652],[-74.29612416583781,4.7567912868396247],[-74.296108929021031,4.7567808913161622],[-74.296058769244311,4.756746673131703],[-74.29595830815515,4.7566781364185946],[-74.295816823106719,4.7565816146463193],[-74.295541422839406,4.7563937330724526],[-74.295339728223681,4.7562561352187833],[-74.294981053323554,4.7560114417332731],[-74.294831519195341,4.7559094277550793],[-74.29476189425732,4.755861683656331],[-74.294755911119211,4.7558568873243754],[-74.294746408063844,4.7558492688760188],[-74.294553032878753,4.7557179982560083],[-74.294314210098193,4.7555536842690582],[-74.294127720825358,4.7554253756514253],[-74.294034139923809,4.7553609917356567],[-74.293994535109363,4.755333743134937],[-74.29384967571167,4.755234076832493],[-74.29375671154412,4.7551701158953961],[-74.293511655514436,4.7550012911064821],[-74.293394478061614,4.754919336698344],[-74.293197806776689,4.7547786601677018],[-74.292968342057151,4.7546117546422551],[-74.292832937209468,4.7545136278909972],[-74.292686400131657,4.7544093607683147],[-74.292570614967204,4.7543285289164778],[-74.292575765009587,4.7543211066169908],[-74.29235450051921,4.7541687213824488],[-74.291966236279222,4.7539015906942481],[-74.291581351456458,4.7536367845837217],[-74.29141343389152,4.7535211133437247],[-74.290989197406745,4.7532294306102854],[-74.290741225254763,4.75305876270337],[-74.290589123138815,4.7529529341920158],[-74.290548561920502,4.7529247108383359],[-74.290543336464296,4.7529302250718688],[-74.290500279061987,4.7529012085104618],[-74.290499577637192,4.7529007366821325],[-74.290306174592516,4.7527704061716234],[-74.290064065744673,4.7526038299642952],[-74.290041861687769,4.7525885523160731],[-74.289670135916921,4.7523327939626938],[-74.289278942679033,4.7520636504857974],[-74.288942863054999,4.7518323945535066],[-74.288942212116865,4.7518319453155087],[-74.288870188836455,4.7517823854782497],[-74.288814492955368,4.7517435863328723],[-74.288467535232897,4.7515018824792579],[-74.288103079043495,4.7512509490605925],[-74.28802341959863,4.7511963020543346],[-74.287853835432202,4.7510799666380894],[-74.287554989207166,4.7508749568140995],[-74.287353895237189,4.7507370054063003],[-74.287082915088263,4.7505511119481598],[-74.286845542062295,4.7503882732818559],[-74.286788542007216,4.7503491714163326],[-74.286638222118341,4.7502460489089922],[-74.286378185611895,4.750067662961956],[-74.286060519550006,4.7498513579966328],[-74.285804781533955,4.7496743034587201],[-74.285718632946683,4.7496152035393324],[-74.285562549638811,4.749508130724533],[-74.285326134779638,4.749345946828571],[-74.285102361822865,4.7491924367170615],[-74.285094007889256,4.7491867059606951],[-74.284887610955465,4.749045115567049],[-74.284707671512294,4.7489216737238271],[-74.284633825901821,4.7488710161388923],[-74.284426169662964,4.7487285614636985],[-74.284367948251983,4.7486886205589656],[-74.284201199816152,4.7485742284845509],[-74.284069199616937,4.7484836751050388],[-74.284061491221806,4.7484783872497278],[-74.284053783728496,4.7484731002983409],[-74.283995712921168,4.7484332624053254],[-74.283950464198711,4.7484022204275096],[-74.28395014414258,4.7484020007780483],[-74.283854494258222,4.7483363825353599],[-74.283747454005507,4.7482629518062369],[-74.283622300414038,4.7481770950389643],[-74.283507593294701,4.7480984044303556],[-74.283281836782876,4.7479435314977776],[-74.283112365071204,4.7478272716675018],[-74.282865406638251,4.7476578546959889],[-74.282733152540345,4.7475671265888106],[-74.282696303803505,4.7475418478511866],[-74.2823843914299,4.7473276174513304],[-74.282084561242527,4.747122179460451],[-74.281967869223678,4.7470421254801085],[-74.281789268720715,4.7469196030060816],[-74.281685552958393,4.7468484525040981],[-74.281297190626205,4.7465820307236637],[-74.280918877385446,4.7463224947182869],[-74.280833812403841,4.7462641823790097],[-74.28027142534323,4.7458786785246057],[-74.280250737244856,4.7458644843518911],[-74.280220290667117,4.7458436120634069],[-74.280165913066895,4.7458062577626725],[-74.280123423442632,4.7457770694296242],[-74.280123052901615,4.7457768154295827],[-74.279818799023673,4.7455678138332722],[-74.279595843472222,4.7454148694764529],[-74.279431332446649,4.7453020083076485],[-74.27909370878821,4.7450703841698552],[-74.279079930277575,4.7450609310049172],[-74.278861789360604,4.7449112793607116],[-74.278662894979803,4.744774832980923],[-74.278651017864576,4.7447666832560662],[-74.278388716173581,4.744586736641156],[-74.278095170282441,4.7443853552874078],[-74.277729468551826,4.7441344724430357],[-74.277495730400943,4.7439741215437188],[-74.277320340082525,4.7438537979767723],[-74.276942802396221,4.7435947929599784],[-74.27650143590121,4.7432920008256119],[-74.276351922573781,4.7431903858777202],[-74.276339486571956,4.7431819333302236],[-74.275876579745827,4.7428673232226579],[-74.275775890894664,4.7428018001841146],[-74.275678703654918,4.7427385558707646],[-74.275656340142859,4.7427340579581987],[-74.275656220252941,4.7427340335764328],[-74.275440091911648,4.7425849562427382],[-74.275440044129496,4.7425849237015587],[-74.274896363953047,4.742212769975656],[-74.274725069355867,4.7420952551067863],[-74.274651421712448,4.7420447310667617],[-74.274369363685324,4.7418512275477278],[-74.274131622369183,4.7416881265928783],[-74.274037289665813,4.7416234099219157],[-74.273663428184264,4.7413669249520289],[-74.273486889691256,4.7412458121220942],[-74.273447841965151,4.7412194772567569],[-74.273447795986414,4.7412194465235329],[-74.27316986320514,4.7410319992331607],[-74.272699148226366,4.7407153516761369],[-74.272682418285157,4.7407040987430982],[-74.272657206623805,4.7406871384406424],[-74.272465122924757,4.7405579235573718],[-74.272386200950692,4.7405048334340032],[-74.272385809489748,4.7404717161870193],[-74.272143689448498,4.7403058331997618],[-74.272081774005756,4.7402634126332845],[-74.272013493665085,4.7402263192884746],[-74.271967157553462,4.7402386832888812],[-74.271888876634037,4.7401859718274792],[-74.271791881727694,4.7401181918027619],[-74.271790907153871,4.7401175111371057],[-74.27174829084619,4.7400744159296293],[-74.271732950211373,4.7400770110671644],[-74.27161169181872,4.7399917386800032],[-74.27124888618448,4.7397470422207713],[-74.271108785745383,4.7396492386776847],[-74.270741306206929,4.7394119666624306],[-74.270575691549539,4.7393071916353398],[-74.27045662464262,4.7392315980731539],[-74.270172303941621,4.739045333207371],[-74.270189750371429,4.7390304670386758],[-74.26985323393923,4.7388011139095427],[-74.269809996044984,4.7387716438705478],[-74.269428011586896,4.7385113018714557],[-74.268767431336101,4.7380587241848486],[-74.26802484627153,4.7375502897619057],[-74.267487616208072,4.7371691582767061],[-74.267030845804015,4.7368318955344959],[-74.266824596487737,4.736692794316566],[-74.266520542469678,4.7364905234814785],[-74.266432619346077,4.7364371122590239],[-74.266455796580672,4.7363952602255024],[-74.266154904174059,4.7361906986603852],[-74.265945928543729,4.7360481308102615],[-74.265916644854258,4.7360279240045635],[-74.265895458494271,4.7360889322277648],[-74.265882971662805,4.7361248888959233],[-74.265867997818447,4.7361203569913801],[-74.265847471170218,4.7360611126669365],[-74.265847428772688,4.7360609896933248],[-74.265364665208949,4.7357332587812708],[-74.265359198316972,4.735729547198817],[-74.265360099329328,4.7357282320979337],[-74.265401289998891,4.7356680829691644],[-74.265404241631444,4.7356701457863046],[-74.26540478944392,4.7356693353822452],[-74.265321761821014,4.7356125460135541],[-74.265316871903153,4.735609197803762],[-74.265314651838437,4.7356125479439148],[-74.265215419489863,4.7355425167341823],[-74.264598345925393,4.7351215066790386],[-74.264205206465903,4.7348545089575929],[-74.264204338041509,4.7348630702268615],[-74.264203536614843,4.7348626517509258],[-74.264166137286239,4.7348430502263534],[-74.264137315662879,4.7348279452925501],[-74.264025540494572,4.7347693639501234],[-74.263912304926805,4.7347100170377772],[-74.263865750250446,4.7346795997877127],[-74.263701149689766,4.7345704766609691],[-74.263511819836467,4.7344430660936965],[-74.263444547761964,4.7343974711372177],[-74.263403791536717,4.7343701540549006],[-74.262867831126457,4.7340064334741374],[-74.262867069323093,4.7340058702974748],[-74.262866684364923,4.734005587353793],[-74.262818406792604,4.7339699834089384],[-74.262802691982586,4.733948105294834],[-74.262586801922552,4.7337968840395259],[-74.26257335548047,4.7338108989054488],[-74.262365470585252,4.7336632799876934],[-74.262262036581745,4.7335726367684279],[-74.26225067713483,4.7335641393530503],[-74.262240713277407,4.7335566860348912],[-74.262172705833621,4.7335926077260106],[-74.262172742799379,4.7335926447925596],[-74.26204860722865,4.733658640477687],[-74.261922224485318,4.7334282604805145],[-74.261814443676883,4.7332811518607381],[-74.261816077295975,4.733275650550576],[-74.261827052439457,4.7332386815298557],[-74.26181346339682,4.7332281699135104],[-74.261734796072446,4.7331673131800587],[-74.261720321711906,4.7331561163357643],[-74.261316852145356,4.7328790456851877],[-74.261106944831781,4.7327371439052079],[-74.26107505168055,4.7327055741017761],[-74.261043613743666,4.7326775128718763],[-74.260966712562393,4.7326210070831269],[-74.260889806885899,4.7325644985735806],[-74.260798323360135,4.7324972779238035],[-74.260703275136962,4.7324273000801869],[-74.26060822513044,4.7323573240317351],[-74.260497268617854,4.732293554789214],[-74.260191371620763,4.7320474028916806],[-74.259998987435537,4.7318854929444383],[-74.259850077516973,4.7317636682916007],[-74.259735912655188,4.7316736207153482],[-74.259684093384678,4.731715159048993],[-74.259683385062218,4.7317157262334568],[-74.259613905572479,4.7316579251780864],[-74.259338974304995,4.7314315743965034],[-74.259267705351661,4.731376014636961],[-74.259174966576623,4.7313089432978979],[-74.259104962807385,4.7312520285422712],[-74.259020451641035,4.731191679421622],[-74.258949489172267,4.7311360128389026],[-74.25819631700287,4.7305316324388613],[-74.258128036238432,4.7304725811633253],[-74.258111413259982,4.7304096405664531],[-74.258121928645139,4.7303961573753499],[-74.258086547470597,4.7303680708043574],[-74.25805830834571,4.7303456532551609],[-74.258047378392988,4.7303593635335046],[-74.258005074205641,4.7303256006427485],[-74.257934544398651,4.7302693189091691],[-74.257880793340973,4.7302266380407332],[-74.25779320007473,4.7301570882766297],[-74.257651243064956,4.7300456083442084],[-74.257509972723554,4.7299333034775843],[-74.257368383436884,4.72982135134112],[-74.257226574321294,4.7297096234979161],[-74.257155471563721,4.7296540797394222],[-74.257084365211028,4.7295985323568219],[-74.257021800666834,4.7295484809168924],[-74.256943345496097,4.7294857154655903],[-74.256803153007752,4.729371861997766],[-74.256742331924556,4.7293225570340232],[-74.256663052575036,4.7292582870011124],[-74.256627051317892,4.7292299554443904],[-74.256521143645713,4.7291466042440389],[-74.256379254651165,4.7290351547609166],[-74.256237521589824,4.7289235225371655],[-74.256097451823209,4.7288093198233057],[-74.255851160917544,4.7286117676582053],[-74.255498180275751,4.7283306001756058],[-74.255401373854284,4.7282541978340236],[-74.255250186606773,4.7281348803376479],[-74.255208158479888,4.7281010267625243],[-74.255216810485408,4.7280899124624884],[-74.255124900276968,4.7280169478895679],[-74.255116496891674,4.7280274580500308],[-74.254943948082726,4.7278924553882176],[-74.254861719657939,4.7278275592070802],[-74.254754681817715,4.7277430821488],[-74.254543768846915,4.7275732228675826],[-74.254330429465256,4.7274066829305657],[-74.25419291013425,4.7272955854353542],[-74.254189992746575,4.7272932286598985],[-74.254051197786964,4.7271775692484228],[-74.253977579965081,4.7271260445061936],[-74.253965859285429,4.72711757597519],[-74.25394012175326,4.7270989846216951],[-74.253909651782777,4.7270648802401798],[-74.253873359488892,4.7270396322793156],[-74.253835962640977,4.7270128219609768],[-74.253767307859277,4.7269547126022111],[-74.253733468727944,4.7269245500240844],[-74.253697274308948,4.7268977719468772],[-74.253663197580209,4.7268690147131753],[-74.253612402562325,4.7268726439326407],[-74.253608641270517,4.7268729134665666],[-74.253565896535349,4.726838329289607],[-74.253170287282813,4.726518248330998],[-74.252889858090612,4.7262913572294929],[-74.252734210031434,4.7261758293065039],[-74.2525877106807,4.7260670912600737],[-74.252501806342664,4.7260033288002949],[-74.252460168600138,4.7259724238823297],[-74.252330735251903,4.72586952869763],[-74.252145819715878,4.7257225264914062],[-74.252109968572043,4.725694697438481],[-74.2521098892379,4.725694637774418],[-74.252062699205524,4.7257610924670574],[-74.252018592621198,4.7257263276704116],[-74.251798380151001,4.7255505168063321],[-74.251700129257159,4.7254725751504925],[-74.251744680453484,4.725410983585645],[-74.25173335904806,4.7254021902690369],[-74.251405553930894,4.7251397206533037],[-74.251335230617073,4.7250831849432569],[-74.251271640901166,4.7250321646949116],[-74.251267083645985,4.7250285079285383],[-74.251231016873305,4.7249995729175938],[-74.251185273037265,4.7249628714555136],[-74.251137135633613,4.7249242498485149],[-74.251124196819745,4.7249138689689776],[-74.251105758619602,4.7248989534786219],[-74.251020452654316,4.7248299466156336],[-74.250983364403169,4.724799945672391],[-74.250844512960697,4.7246850289243554],[-74.250705091019043,4.7245701611213988],[-74.25051270043771,4.7244126450716433],[-74.250496309607257,4.7243992238672048],[-74.25045864217951,4.7243742663405834],[-74.250420981966144,4.7243493124271945],[-74.250349541172028,4.7242929360461652],[-74.250278762096627,4.7242370206872941],[-74.250207817304357,4.7241815936860601],[-74.25013547388842,4.7241272377209249],[-74.249994755454949,4.7240136994143276],[-74.249837575192998,4.7238873023506454],[-74.249713569538088,4.7237875866348897],[-74.249501766193887,4.7236196123098493],[-74.249427942974506,4.7235656816557148],[-74.249364270063865,4.7235014611173423],[-74.249288526313094,4.7234521157438403],[-74.249223287250018,4.7233894166184882],[-74.249186152183967,4.7233663506902479],[-74.249147707857091,4.7233412504002077],[-74.249110239248182,4.7233143240769992],[-74.249074664741414,4.7232851907816107],[-74.249040813526221,4.7232556663987815],[-74.249005276398819,4.7232282349902635],[-74.248970423957218,4.7231994017394694],[-74.248934956101792,4.7231714096415418],[-74.248900710305307,4.7231426974137785],[-74.24886371418134,4.7231164093981306],[-74.248829446424679,4.7230863389075983],[-74.248687540981791,4.722975055944147],[-74.248653199534019,4.722945822847854],[-74.24861773371326,4.7229186735432922],[-74.248596877394775,4.7229004967538666],[-74.248578960305821,4.7228930352401548],[-74.248338355702089,4.7227028633599737],[-74.248325202373749,4.7226884917840977],[-74.248301805157254,4.7226629310650088],[-74.248304803537309,4.72265018054562],[-74.248262419186815,4.7226165300756087],[-74.248255586365318,4.7226178420940101],[-74.248220330774544,4.722624620390981],[-74.248149004266239,4.7225660471852313],[-74.248004604473209,4.7224563074287991],[-74.247934308436484,4.7223985234034869],[-74.247865872818494,4.7223408184923636],[-74.247510885484061,4.7220620733975638],[-74.247300005756017,4.7218924097918853],[-74.247229226816657,4.7218350652999721],[-74.247161665521077,4.721776949546463],[-74.24708923200059,4.7217244470875448],[-74.247057708320355,4.7216990094860458],[-74.246877769067581,4.7215538167861029],[-74.246666053598346,4.7213858306622445],[-74.246523399823175,4.7212745673029701],[-74.246487116355667,4.7212462234956876],[-74.246451368523182,4.7212151069597441],[-74.246420730003948,4.7211859017810731],[-74.246385532098657,4.7211626462227549],[-74.246347804057137,4.7211354503211327],[-74.246310949319607,4.7211078147131111],[-74.246097055323872,4.720938854093963],[-74.246063507536419,4.7209107239184442],[-74.246027122663264,4.7208840774888472],[-74.245990085992403,4.7208531755604985],[-74.245957559531121,4.7208216793116815],[-74.245953800028175,4.7208180376874429],[-74.245924334587926,4.7207941721160545],[-74.245888722553289,4.7207653271279151],[-74.245855190661487,4.7207357645200121],[-74.245820512907272,4.7207089006317098],[-74.245749137797404,4.7206527299095633],[-74.245396570649021,4.7203709834950844],[-74.245326381731829,4.7203146062581478],[-74.245255762149597,4.7202589290491472],[-74.244972202113644,4.7200353812031155],[-74.24475932305225,4.7198675538958001],[-74.244618828278774,4.7197548933524089],[-74.244612020069255,4.719749738649214],[-74.244547201449166,4.7197006677171212],[-74.244404757306967,4.7195887536475549],[-74.244265097496367,4.7194731674028159],[-74.244125512511729,4.7193650072561439],[-74.244047161553254,4.7193176821167526],[-74.243904472042729,4.7192004769125981],[-74.243764197622468,4.7190884672306854],[-74.243696192762727,4.7190276111799472],[-74.243273291443259,4.7186920417910301],[-74.243201459242442,4.7186374968373705],[-74.243130426865434,4.7185804937859404],[-74.243061469528612,4.7185240400489334],[-74.24291574849056,4.7184156125276884],[-74.242846217281169,4.7183564116281254],[-74.242566159054121,4.7181305468797294],[-74.242496383611254,4.7180750518397838],[-74.242422838328508,4.7180215779036452],[-74.242283135155958,4.7179067029302857],[-74.242072207155843,4.7177395904892858],[-74.241997399602042,4.7176880122262483],[-74.241784101628738,4.7175188963149601],[-74.241503111772587,4.7172917001930568],[-74.241151004203957,4.7170104632033212],[-74.240939475447277,4.7168429363652766],[-74.240866439608823,4.7167891998855849],[-74.240440975530149,4.7164526580354327],[-74.240260558065373,4.7163091872190295],[-74.240231772921547,4.7162711290757944],[-74.239953533294795,4.7160522720399811],[-74.239741426637551,4.7158855606303716],[-74.239595816426359,4.7157763039985294],[-74.239456096633504,4.7156635879005728],[-74.239434529327312,4.7156480922446731],[-74.239419746654491,4.7156374728252732],[-74.239381804238448,4.7156084679618067],[-74.239350209120531,4.7155796442869073],[-74.239309852181535,4.7155552573606565],[-74.239276647624536,4.7155201672266918],[-74.238926824255941,4.715239919619437],[-74.23868037345909,4.7150423537378945],[-74.238611237281475,4.7149890447415617],[-74.238437776760918,4.7148831935900928],[-74.238437503670795,4.7148401785974263],[-74.238438750021089,4.7147805339958566],[-74.238339202892533,4.7147087643055796],[-74.238295199481598,4.7146737914671215],[-74.238197291107952,4.7145906316596591],[-74.238190992615912,4.7145988261159353],[-74.2380201248654,4.7145573571246517],[-74.237558064394065,4.7141689156649438],[-74.237528141340519,4.7141437611843049],[-74.237534738403525,4.7141010855292018],[-74.237508269782879,4.7140465602458717],[-74.237291314200448,4.7138719771824658],[-74.237092772878086,4.7137122122761959],[-74.236841849691629,4.7135102979237908],[-74.236701359166034,4.7133972468180163],[-74.236691449855002,4.7133894015316589],[-74.236528711630655,4.7132605636111808],[-74.23638932776224,4.7131502151517255],[-74.2363055773817,4.7130839089668637],[-74.236099444649852,4.7129207163689086],[-74.236089325069102,4.7129076984983325],[-74.236102610252644,4.7128893471240705],[-74.236025115355488,4.7128276053102329],[-74.236020582199558,4.7128222049318511],[-74.235971947928505,4.7128548252502602],[-74.23591983203751,4.7128129461171504],[-74.235919749098969,4.7128128783131897],[-74.235867716152285,4.7127710651712649],[-74.235604142121133,4.7125636541480631],[-74.235433569536454,4.7124294271759997],[-74.235369009619518,4.712378623529184],[-74.235321111986337,4.7123563857943784],[-74.235295193990964,4.7123443526683975],[-74.235236379915804,4.7122966259578201],[-74.235236354673845,4.7122966060688372],[-74.235213342903165,4.7122779337787817],[-74.235207633847693,4.7122740293815868],[-74.235200951196987,4.7122694596368691],[-74.235089234719922,4.7121809580528842],[-74.234863835681068,4.7120023953467953],[-74.234441394543467,4.7116717006526461],[-74.234018953801751,4.7113410056853429],[-74.233998719014153,4.7113420411475202],[-74.23311384265358,4.7106392819437009],[-74.233113768582783,4.7106385567077407],[-74.232964445444097,4.7105224068172333],[-74.232934437485056,4.7104990652758589],[-74.232695813565584,4.7103134521035024],[-74.232361402771005,4.7100533309809274],[-74.232065023383555,4.7098227919048261],[-74.232053756560575,4.709814028075944],[-74.231926306617552,4.7097148921076455],[-74.231922260731324,4.7097117451202184],[-74.231021775177808,4.7090113024755391],[-74.23082434213309,4.7088577281003436],[-74.230567071160223,4.7086576086866785],[-74.230419460782855,4.7085427898801635],[-74.230055491935445,4.7082596748846193],[-74.230038884591622,4.7082459891550172],[-74.229950857204258,4.7081734388671288],[-74.229719832954103,4.7079830409792187],[-74.229559024710966,4.7078519491819799],[-74.229479221005263,4.707786891009988],[-74.229447636324196,4.7077611405842132],[-74.229441978556039,4.7077565126815957],[-74.229028860690136,4.707418485775956],[-74.228985965004497,4.7073833881794815],[-74.228982551956221,4.7073805937151478],[-74.228973848053457,4.7073734733021677],[-74.228927885498393,4.7073358651139703],[-74.228857499739405,4.7072782734730954],[-74.228852643239975,4.7072735377788018],[-74.228788819090497,4.7072113083306899],[-74.228691419580258,4.707116343088817],[-74.228699788545612,4.7070541576280975],[-74.228694643656993,4.7070495811529449],[-74.22863699873264,4.7069983087174005],[-74.228620491478679,4.7070054436528164],[-74.228507706387987,4.7068816705596639],[-74.228470365457028,4.7068539598973169],[-74.228267653483684,4.7066915960477909],[-74.228213834796918,4.7066488223107221],[-74.228149747296754,4.7065978867243148],[-74.228001863838145,4.7064835268176486],[-74.227869737403523,4.7063813345180918],[-74.227587906688186,4.7061633555912383],[-74.227553623828129,4.7061388346063673],[-74.226764166334775,4.7055129682452295],[-74.226763525614416,4.7055135561810495],[-74.22651162257344,4.7053131781031432],[-74.226493256677415,4.7052985693639524],[-74.226483883967617,4.7052911135636384],[-74.226466926835357,4.7052764312735302],[-74.226445120279578,4.7052604749499425],[-74.226435239723813,4.7052511446326166],[-74.226408980525846,4.7052263496756463],[-74.226408271037101,4.7052256797371363],[-74.226390706908816,4.7052090940121207],[-74.226375121596902,4.7051943779669436],[-74.226290902168046,4.7051217549310342],[-74.226097484762931,4.7049549663699812],[-74.226090813987923,4.7049590425935888],[-74.226086517006706,4.7049616687090499],[-74.225720712930851,4.7046993760381834],[-74.225260821111561,4.7043467187151569],[-74.225048091967878,4.704182625154826],[-74.224734219324645,4.7039405122620757],[-74.224605249340996,4.7038380997961307],[-74.224599069708987,4.703833194340068],[-74.22459899488625,4.7038331346717053],[-74.224588900134833,4.7038251192317508],[-74.224406642942398,4.7036803955799176],[-74.224350261073354,4.7037137853853226],[-74.224322557694649,4.7037301917101297],[-74.22422251896073,4.7036509269070201],[-74.223897458135951,4.7033933632018385],[-74.223714927016843,4.7032477984127015],[-74.223516341155843,4.7030917488032751],[-74.223515243155447,4.7030908646226601],[-74.223445051358425,4.7030342960333202],[-74.222655251021692,4.70240728899772],[-74.222575170436457,4.7023440585480181],[-74.22224187244187,4.7020808926609412],[-74.221820235372007,4.7017455994074577],[-74.221308894436888,4.7013404324286885],[-74.221295879896758,4.7013301215087431],[-74.22113844969256,4.7012053796945414],[-74.221145013435731,4.7011980281451029],[-74.221099996819603,4.7011586133143437],[-74.221045409130824,4.7011108175387317],[-74.220641340747761,4.7007570286655049],[-74.220670299927463,4.700724335683276],[-74.220676291450189,4.7007175702458079],[-74.22060232042837,4.7006588589238261],[-74.220532518762411,4.7006036816687615],[-74.220395607433048,4.7004963569128329],[-74.220388466907337,4.7004907589159952],[-74.220370054331312,4.7004758398382149],[-74.220319187847423,4.7004346238713772],[-74.220249054247347,4.7003780151383134],[-74.220203320966789,4.7003419752612663],[-74.22020329662719,4.7003419562758397],[-74.220178253844637,4.7003222204093822],[-74.220107366892435,4.7002662602026053],[-74.220036843107422,4.7002099192011864],[-74.219966110285412,4.7001538676127703],[-74.219895601843717,4.7000975184543119],[-74.219886339253975,4.7000901611066208],[-74.219824991618438,4.7000414387921934],[-74.219754232774022,4.6999857932195743],[-74.219703138072305,4.6999477694508993],[-74.219682572048328,4.6999317855209952],[-74.219668871812189,4.6999222695933884],[-74.21964307952787,4.6999043560355016],[-74.219629938191986,4.6998952297488694],[-74.219607427186958,4.6998795952752808],[-74.219550761477279,4.6998373847907216],[-74.219536068598984,4.6998264402595495],[-74.219404807455746,4.6997166019846093],[-74.219396617552235,4.6997097490142554],[-74.219395168899979,4.6997086288743297],[-74.219169511816034,4.6995339990724663],[-74.218895721230226,4.6993221188469629],[-74.218825376248773,4.6992665273488861],[-74.218561992382007,4.6990583787533247],[-74.218514471488845,4.6990245221148434],[-74.218187941704898,4.6987918839742431],[-74.218165708332634,4.6987760441181186],[-74.217877542659096,4.6985976781364505],[-74.217536011804256,4.6984062618612139],[-74.217297531281986,4.6982843432726158],[-74.217270716999536,4.6983206438691445],[-74.216837743220282,4.6981533851074735],[-74.216824628897086,4.6981483190935061],[-74.216814185392323,4.6981442834543925],[-74.216793610264574,4.6981363350989636],[-74.21642648381831,4.6980066702873575],[-74.21592197534298,4.6978761165015372],[-74.215862868231753,4.6978608210457899],[-74.21586145128353,4.6978604541787394],[-74.215838361878824,4.6978544794889636],[-74.215773423831479,4.6978376758956752],[-74.215753996180254,4.6978529914561875],[-74.21575044192376,4.6978557927963909],[-74.215457151281242,4.6977960048199119],[-74.215451200525152,4.6977947924185841],[-74.215321329081277,4.6977847170017535],[-74.215320625137394,4.6977846529351668],[-74.215174622827632,4.6977749008032372],[-74.214956447971474,4.6977502418224981],[-74.214885571590074,4.697744885116963],[-74.214566592281926,4.6977207775986907],[-74.214509974103336,4.6977164986977034],[-74.214472017769339,4.6977168642595331],[-74.214428497594398,4.6977172815529675],[-74.214418378489128,4.6977173793963534],[-74.214231564858878,4.6977191749271778],[-74.214218880692172,4.6977197688303258],[-74.214194265855298,4.6977209194116352],[-74.214197292553123,4.6977860433198559],[-74.214133022949028,4.6977858207964145],[-74.21412096852022,4.697766433028792],[-74.214105792743638,4.6977420251654483],[-74.214072020191082,4.6977323756011007],[-74.214035723913398,4.6977318455511154],[-74.214031747330466,4.6977320660760764],[-74.213991983301057,4.6977342586638793],[-74.213971395559895,4.6977353939802011],[-74.213952370691572,4.6977364430810455],[-74.213759692070724,4.6977470692773009],[-74.213660995829684,4.6977525125836728],[-74.213461228387601,4.697763529837764],[-74.213360011174075,4.6977691119520184],[-74.213261691673011,4.6977745334252905],[-74.213062160358618,4.6977855378591515],[-74.213059029204132,4.697785709381705],[-74.212878325367043,4.6977956755766437],[-74.2127878788083,4.6978006631964986],[-74.212573512796624,4.6978124851487157],[-74.212252762323487,4.6978301730363325],[-74.212113916748734,4.6978404429291052],[-74.211943191006981,4.6978530710418882],[-74.211825214305492,4.6978617968202112],[-74.211463956806028,4.6978898799123439],[-74.211450868875829,4.6978953806077834],[-74.211450427553103,4.6978970807880511],[-74.211446552915945,4.6979119881142273],[-74.211450443399499,4.6979565027392249],[-74.211450467789319,4.6979567866866647],[-74.211445570090433,4.6979571981824684],[-74.211383951373421,4.6979623537095536],[-74.21136504287152,4.6978127344681049],[-74.2113424777273,4.6978096840535972],[-74.21115146201096,4.6978205624173377],[-74.210707195935086,4.6978458658125595],[-74.210622575451524,4.6978506838381984],[-74.21037400861313,4.697866526763419],[-74.210262770748443,4.6978736169126343],[-74.21017287789293,4.6978803530167488],[-74.21008283674324,4.6978845715491815],[-74.210024408423195,4.6978882885028135],[-74.209992886007882,4.6978902930096895],[-74.209902946125837,4.6978962224469747],[-74.209876093451115,4.6978982179231155],[-74.209813049643756,4.6979028861610743],[-74.209772154991626,4.6979032918144199],[-74.209753532039343,4.6979040278348139],[-74.209684509527435,4.6979074121760309],[-74.209668516779033,4.6979089443893036],[-74.209633114436684,4.6979123386296395],[-74.209633027009772,4.6979123449763565],[-74.209588031745881,4.6979148710896323],[-74.209574521093487,4.6979156531607149],[-74.20957408846408,4.6979156776589335],[-74.209543040101153,4.6979174731610227],[-74.209504027934372,4.6979206908344038],[-74.209503954027241,4.6979206971785423],[-74.209498113558595,4.6979211784707546],[-74.209497252806543,4.6979212283705154],[-74.209453121908879,4.6979237588330109],[-74.209408241488646,4.6979282942813176],[-74.209318184940471,4.6979321799335407],[-74.209273155219677,4.6979336208656477],[-74.209273122772487,4.6979336226803881],[-74.209183269670703,4.6979409790039197],[-74.20913835939723,4.6979449474405914],[-74.209138312529049,4.6979449501623645],[-74.209048338111728,4.6979494506925432],[-74.209003477629437,4.6979497828959431],[-74.209003207233479,4.6979497847555409],[-74.208958204735964,4.697952218590423],[-74.20894745485343,4.6979531375834851],[-74.208872429197896,4.6979595460718322],[-74.208823452200889,4.6979637286707279],[-74.208778628715436,4.6979691159243879],[-74.208733506865116,4.6979695385903089],[-74.208693009665396,4.6979698165984844],[-74.208692723947181,4.6979698193651727],[-74.208688377783105,4.6979698491206685],[-74.208643340921597,4.6979716897168942],[-74.208598390859166,4.6979749898441083],[-74.208553397395775,4.6979775556799437],[-74.208545103531506,4.6979780446597657],[-74.208463418611132,4.6979828564466848],[-74.208373452471648,4.6979883091229144],[-74.208322324667762,4.6979911555258411],[-74.208283456504446,4.6979933195874288],[-74.208193549128097,4.6979997425500661],[-74.208103468174542,4.6980033621843704],[-74.208038892942795,4.6980077384584078],[-74.208038856890454,4.6980077411780856],[-74.208013539101884,4.6980094568647859],[-74.207979052129929,4.6980109337209566],[-74.207923476216138,4.69801331430505],[-74.207833505548763,4.6980187063241532],[-74.207736245016761,4.6980290733776231],[-74.207653745041554,4.6980325558920537],[-74.207563714702204,4.6980369802799222],[-74.207473734989776,4.6980422384171261],[-74.207443430189912,4.6980439622472092],[-74.207383746236673,4.6980473572812693],[-74.207293739397002,4.6980521596300173],[-74.207264646926745,4.6980541744133131],[-74.207264518940647,4.6980541825758744],[-74.207113881222512,4.6980643759003327],[-74.207060984291857,4.6980681964777364],[-74.207060954548609,4.6980681982918773],[-74.207023975637853,4.6980708692482365],[-74.207015980994854,4.6980712785753864],[-74.207015932324026,4.6980712812973406],[-74.207004789396393,4.6980718539842785],[-74.206933957941899,4.6980754888828278],[-74.206889174215618,4.6980815596637724],[-74.206844106598425,4.6980828810780029],[-74.206799152000656,4.6980861268321057],[-74.206754081671562,4.6980874084515509],[-74.206740286196691,4.6980882067982277],[-74.206709091802864,4.6980900103403469],[-74.206669612535876,4.6980922015546707],[-74.206667979358585,4.698092292287849],[-74.206664092901235,4.6980925073283775],[-74.2066499351684,4.6980937045394331],[-74.206619173554671,4.6980963046912052],[-74.20657781789491,4.6980993589560107],[-74.206574225277478,4.6980996245827997],[-74.206561952109737,4.6981002933283671],[-74.206529224563894,4.6981020781558165],[-74.20648422746649,4.6981045932180736],[-74.206443016855999,4.6981073092375247],[-74.206442943849979,4.6981073146768573],[-74.206439257490715,4.6981075568083233],[-74.206394289317458,4.6981105222039705],[-74.206349182827253,4.6981112304738213],[-74.206309054015833,4.6981151164578021],[-74.20630429692703,4.6981155776284771],[-74.206259411927491,4.6981199247801175],[-74.206214376862221,4.698121841181246],[-74.206169410501644,4.6981248734807783],[-74.206124375423727,4.6981267247660741],[-74.206095713708308,4.6981283632298956],[-74.206074203863295,4.6981293818282479],[-74.206034278156778,4.6981300420984953],[-74.205989505267951,4.6981363009156443],[-74.205944530761741,4.6981391613840398],[-74.205899409800793,4.6981396155174293],[-74.205899301642901,4.6981396191545644],[-74.205854421738138,4.6981422797480441],[-74.205850713725042,4.6981424034162833],[-74.205850677672501,4.6981424052315264],[-74.205764305480372,4.6981452751160981],[-74.205698525835473,4.6981534124056319],[-74.205698369009042,4.6981534314248874],[-74.205698368980791,4.6981532767885019],[-74.205674676511364,4.6981563621158013],[-74.205591105769429,4.6981600353923136],[-74.205584619011859,4.6981603196318131],[-74.205494702575621,4.6981667910818663],[-74.205410511864898,4.6981712493884897],[-74.20540470200369,4.6981715570141054],[-74.205314744852757,4.6981771964867027],[-74.205294244534713,4.6981784915937492],[-74.205224791312574,4.6981828757365465],[-74.205198927355653,4.6981848572874956],[-74.205107712939267,4.698190947308273],[-74.205086472231201,4.6982148104134325],[-74.205058727112146,4.6982459833116765],[-74.204646367317167,4.6982718150825988],[-74.204565360164807,4.6982768894439957],[-74.204517049880479,4.6982799159166664],[-74.204494701867318,4.6982813162364625],[-74.20449009166002,4.6982816046455582],[-74.204478396244795,4.6982823374550815],[-74.204378763491405,4.6982885790289233],[-74.204084791786187,4.6983069944023637],[-74.203833037489176,4.698322765951052],[-74.203784117011111,4.6983258404118571],[-74.203265647498696,4.6983583101020896],[-74.203060174561998,4.698370943218503],[-74.202869638217379,4.6983830056844988],[-74.202704254766132,4.6983934783331165],[-74.202516634127448,4.6984052318108995],[-74.202469951590473,4.698408155663671],[-74.20244709973403,4.6984095867547424],[-74.202252968008935,4.698421747362171],[-74.201965876782481,4.6984397310683583],[-74.201812284239836,4.6984493522573336],[-74.201727638083952,4.6984526318906257],[-74.201727190129887,4.6984526482479607],[-74.20163900360474,4.6984560632429666],[-74.201498344469869,4.698467668821352],[-74.201461630232473,4.6984688382880142],[-74.201276200527531,4.6984747437979868],[-74.201246529178519,4.6984756886392809],[-74.201172329173843,4.6984780511930371],[-74.200829996133919,4.6984975607514023],[-74.200482471508025,4.6985173658618322],[-74.200147205616133,4.6985364723271799],[-74.199695135990396,4.698563115708752],[-74.199650265306957,4.6985673231709457],[-74.197754416125804,4.6986711226001283],[-74.197665553797378,4.6986759868137007],[-74.197584565345053,4.698680421018496],[-74.196862465684291,4.6987232499947416],[-74.196265954702355,4.6987626738310357],[-74.195535514174964,4.6988118773151619],[-74.19551325894443,4.6988132104135154],[-74.195451443265341,4.6988169122543422],[-74.195257832126046,4.6988285065443112],[-74.195191361159573,4.6988324867705753],[-74.194095979174705,4.698907231815916],[-74.194088628070446,4.6989077331269122],[-74.19407219894731,4.6989088535973114],[-74.194108046745797,4.6990359840774127],[-74.193981975307665,4.6990425559512277],[-74.193976845022419,4.6990428226745768],[-74.193941896696316,4.6990130424595282],[-74.193905278154034,4.6989828519662735],[-74.193837771338835,4.6989856050927852],[-74.193623226412697,4.6989997390038756],[-74.193539028459256,4.6990052855720394],[-74.193279382716597,4.6990223912005424],[-74.193067964498226,4.69903132827565],[-74.193045537618886,4.6990467522310446],[-74.19303544529599,4.6990618956151993],[-74.192974930510246,4.6990730485089056],[-74.192940699151777,4.6989359721327704],[-74.192816316251921,4.6989447283210302],[-74.192726536809445,4.6989527408543745],[-74.192698225593858,4.6989541625817921],[-74.192692991655662,4.6989544247912818],[-74.192692794274166,4.6989544745607468],[-74.192591424259703,4.6989596856410047],[-74.192366273414407,4.698979159039129],[-74.192230547480662,4.6989887163992581],[-74.19209466975957,4.6989960645366233],[-74.192042704326937,4.6989981168098742],[-74.191967486718895,4.6990010980033539],[-74.191958726813667,4.6990014132360818],[-74.191913478000302,4.6990032356073241],[-74.191890892925386,4.6990049095681208],[-74.191868316863307,4.6990065817181392],[-74.19182314097462,4.6990079021813047],[-74.191778013818109,4.6990095970165857],[-74.191732931485447,4.6990098051613201],[-74.191642881112372,4.6990146841771017],[-74.191642850467559,4.6990146850864143],[-74.191552788901859,4.699017255397286],[-74.191508005771013,4.6990283350543347],[-74.191463046970142,4.6990288650946228],[-74.191418174826964,4.6990302008551792],[-74.191373368602157,4.6990322889853235],[-74.191328594773481,4.6990340615042214],[-74.191283444355207,4.6990257257407686],[-74.191238663446725,4.6990283048966646],[-74.191193769427969,4.6990281404014516],[-74.191148960497742,4.6990302249003646],[-74.191104194933729,4.6990329460213331],[-74.191061692083849,4.6990381020689682],[-74.191016702120791,4.6990410167425196],[-74.190969982538235,4.6990440528718178],[-74.190925089015636,4.6990469666194867],[-74.19088013870973,4.6990498830864125],[-74.190834269063629,4.6990528593841789],[-74.190745216581874,4.6990586143953132],[-74.190711687706326,4.699060710598352],[-74.190711301042725,4.6990607350774347],[-74.190655259149153,4.6990642393218423],[-74.190565302615752,4.6990698624280096],[-74.190475333462402,4.6990754873332641],[-74.190462131917542,4.699076312391731],[-74.19038788978898,4.6990809544686334],[-74.190372700989485,4.6990827917664983],[-74.190213629246728,4.6990943166689272],[-74.190074772135972,4.6991043778156429],[-74.190068643467555,4.6991176612635259],[-74.189989704752819,4.6991236523779643],[-74.189543294764078,4.6991575335876465],[-74.189529298287027,4.6991585956846444],[-74.189304294603701,4.6991750395500613],[-74.189302918299148,4.6991751392445549],[-74.189286357292957,4.6991802024013376],[-74.189286152702536,4.6991802648313303],[-74.189264188331137,4.6991914103174093],[-74.189261710793886,4.6991926667967769],[-74.189259670875614,4.6991969200787871],[-74.189132115097067,4.6992049644309981],[-74.18914822632685,4.6992564386123812],[-74.189158923881465,4.6993115046627469],[-74.189159410994776,4.6993140104189335],[-74.1891626312716,4.6993300514017626],[-74.189153887128455,4.6992991806718667],[-74.189141898361214,4.6992861786599294],[-74.189125038904521,4.6992678944672459],[-74.189093225162125,4.6992468898003699],[-74.189072246591408,4.6992395085887795],[-74.189041484511577,4.6992286844373714],[-74.188682344693547,4.6992491140336865],[-74.188616898398479,4.6992528357439971],[-74.188069362036742,4.6992839803194348],[-74.187908723322579,4.6992931175762154],[-74.187899296466142,4.6992936535145651],[-74.187853977432781,4.6992962316346416],[-74.187841678084396,4.6992969308021681],[-74.187819269683246,4.6992988379146912],[-74.187788483593323,4.6993014571371914],[-74.187768909713739,4.6993196802083581],[-74.187771405703373,4.6993383202908401],[-74.187775340091974,4.699367709641419],[-74.187741057282523,4.6993729935030775],[-74.187741015776467,4.6993727059400534],[-74.187736253430586,4.6993398550335144],[-74.187729191119544,4.6992911375223789],[-74.187728723727943,4.6992879155509444],[-74.187717450727689,4.6992353183246314],[-74.187503959650641,4.6992580510530404],[-74.187463928945405,4.6992623139412224],[-74.18696535581222,4.6993154010707681],[-74.186245615884246,4.6993920379791136],[-74.185410374679407,4.6994329610620582],[-74.184891757264012,4.6994720719447791],[-74.184819729716125,4.6994775043578025],[-74.184787788976465,4.6994799138267336],[-74.18478768983195,4.6994799210764633],[-74.18475804023025,4.699482156564482],[-74.184619876033153,4.6994861549519475],[-74.184582111638917,4.6994872477311631],[-74.184268406831691,4.6995050284060635],[-74.184008595294017,4.6995197550017318],[-74.183311779920544,4.6995663967608676],[-74.183207049940776,4.699573995264779],[-74.183206922855476,4.6995740043271121],[-74.183139681226336,4.6995788824053797],[-74.183135630721182,4.6995791760146837],[-74.182863394226757,4.699598929301402],[-74.182539160902778,4.6996224540452456],[-74.182543329906963,4.6996430616693807],[-74.182543228878842,4.6996786524954635],[-74.182543210046504,4.6996853109107635],[-74.182543045737717,4.6997437282637344],[-74.182488560449713,4.6997480961365907],[-74.182488915996061,4.6997208158535946],[-74.182466673815426,4.6996893059127824],[-74.182435434839277,4.6996833629891155],[-74.18223187092471,4.6996961850272578],[-74.181981690115592,4.6997123318977003],[-74.18144997397809,4.6997499184340477],[-74.181379478682473,4.6997557852359284],[-74.181372245645449,4.6997563867737036],[-74.181407167138488,4.6996995151251015],[-74.181422763568875,4.6996746262703368],[-74.181422435490575,4.6996746507355294],[-74.18127840367768,4.6996852516823733],[-74.181152981211042,4.6997122177900135],[-74.181144333386499,4.6997391972679674],[-74.181088266394028,4.699726131131194],[-74.180446116110147,4.6997867081314348],[-74.179906399796764,4.6998376205438017],[-74.179602430555846,4.6998662945945089],[-74.178901555895663,4.6999324086147736],[-74.178309672534354,4.6999774728984285],[-74.178035154620503,4.6999983712967914],[-74.177742338911841,4.7000319831602262],[-74.176921799495858,4.7001171507751893],[-74.176288074327019,4.7001800685299857],[-74.176033122639154,4.7002039747119104],[-74.175997040376373,4.7002073564950049],[-74.175623776078922,4.7002493382521813],[-74.175321496095776,4.7002691525161602],[-74.175273703776838,4.7002722845079967],[-74.175236846590366,4.7002772724101947],[-74.175116778846288,4.700293520647131],[-74.175026454937552,4.7002976361338584],[-74.174937209873406,4.7003079522925661],[-74.174832135875405,4.700319270814405],[-74.17471303509376,4.7003344987885578],[-74.174572325763492,4.7003484564878608],[-74.174310547577491,4.7003808562461131],[-74.174222876826676,4.7003891509684363],[-74.174131063201912,4.7003946772654723],[-74.174041036584129,4.7004044345564182],[-74.173952314888751,4.7004193389718933],[-74.173690245760667,4.7004469574661307],[-74.173683596769834,4.7004475796428471],[-74.173414576596343,4.7004751845241879],[-74.173317759211784,4.7004837706744445],[-74.17319018772875,4.7004925355658633],[-74.173128699893155,4.7004967598859322],[-74.17288462198897,4.70050402236624],[-74.172666041195441,4.7005011403784263],[-74.172411117382367,4.7004865561104978],[-74.172263175555287,4.7004725142641099],[-74.172155687183093,4.7004597220716189],[-74.171980134410461,4.7004340979295787],[-74.171811885382397,4.7004039584528021],[-74.171637760604483,4.7003669180555265],[-74.171479006771733,4.7003278535108066],[-74.171360575512949,4.7002953541971788],[-74.171204120774647,4.7002479226283587],[-74.171138574347722,4.7002256538272897],[-74.1710316867822,4.7001893376335353],[-74.170921218590962,4.7001487110701063],[-74.1708307343646,4.7001131884366094],[-74.170789336972859,4.7000963069439488],[-74.170497575840642,4.699970311717963],[-74.170314552143793,4.69989684667412],[-74.170211173767512,4.6998487205355586],[-74.170091189283809,4.6997928611424227],[-74.170034052620068,4.6997662603906374],[-74.169906889567699,4.6997069908707187],[-74.169652202974802,4.6995882854148032],[-74.169445494238914,4.6994718071762804],[-74.169455558409055,4.699444184684614],[-74.169194451345234,4.6993008809348913],[-74.169176147613669,4.6993449809870373],[-74.169085819691546,4.6992901719384381],[-74.169085807077366,4.6992902053994499],[-74.168060688132599,4.6986681821559619],[-74.168076318409248,4.6986505868247121],[-74.168076289565647,4.6986505768810742],[-74.168100226128331,4.6986236272185025],[-74.168100263077207,4.6986235856155805],[-74.168091836915963,4.6986189864986274],[-74.168076509739805,4.6986106209334411],[-74.168037066826557,4.6985887508599031],[-74.168020564225202,4.6985795996029482],[-74.168020550709784,4.6985796339683725],[-74.167997703242762,4.6985669630657725],[-74.167980518753197,4.6985959664351524],[-74.167957246712419,4.6985829013083098],[-74.167957228690028,4.6985829329613846],[-74.16792733595446,4.6985661537975645],[-74.167927358483794,4.6985661248568071],[-74.167908329279001,4.6985554429323351],[-74.167894221653796,4.6985475239327723],[-74.167894113492707,4.698547505860672],[-74.16753374494543,4.6983452227427707],[-74.167005259825416,4.6980485712296289],[-74.166916446253097,4.6979992318529122],[-74.16683770744973,4.6979552238750166],[-74.166686177410284,4.6978720478890681],[-74.166603271138882,4.6978368474674879],[-74.165685264886051,4.6973216608100055],[-74.165682503042618,4.6973201111761291],[-74.165398538323757,4.6971705013110672],[-74.165216951811601,4.6970764834247829],[-74.164936021895898,4.6969257525479104],[-74.164902915900186,4.6969074290964308],[-74.164601936975203,4.6967408381350602],[-74.164343317724175,4.6965975177400381],[-74.164051086046399,4.6964355708734633],[-74.163607137596344,4.6961895456371092],[-74.163043596085458,4.6958772436122329],[-74.162693992162644,4.6956835023133721],[-74.162236217493785,4.6954298147671194],[-74.161932626698203,4.6952615698665801],[-74.161869215596937,4.6952264280030578],[-74.161837905303301,4.6952090763158889],[-74.161767163295451,4.6951698451454034],[-74.161584111344979,4.6950684292299272],[-74.161224347884996,4.6948690437112539],[-74.160823548523538,4.6946469394598349],[-74.160287787878033,4.694348286879567],[-74.160115281924405,4.6942482149274927],[-74.16005276121227,4.6942105796128164],[-74.159942863010841,4.6941444244079564],[-74.159962238040379,4.6941317030306307],[-74.159962243444241,4.6941316686662944],[-74.159940706812222,4.6941192758647095],[-74.159899573452321,4.6940967652687471],[-74.159859534364458,4.6940748531928458],[-74.159824395154217,4.6940556209047459],[-74.15962695975405,4.6939474111906296],[-74.15951350009145,4.6938852271506146],[-74.159341169869833,4.6937907752539472],[-74.159271434128613,4.6937525547219243],[-74.158809086645746,4.6934971544544659],[-74.158294257897353,4.6932125725114888],[-74.158281226477598,4.6932109317967932],[-74.158273174768695,4.693200912998253],[-74.158051921844105,4.6930785694437578],[-74.157381677251152,4.692707941754712],[-74.156492592431135,4.6922108852171505],[-74.155994485752132,4.6918852314057196],[-74.155954736254287,4.6919200463006057],[-74.155954495627398,4.6919202624572245],[-74.155930824102171,4.6919014437569126],[-74.155489890908655,4.6915509002143247],[-74.155212833045994,4.6913291911895616],[-74.154748516513919,4.6909588291418114],[-74.154721077847157,4.6909179827788252],[-74.154687201609406,4.6909392196740143],[-74.154554998919025,4.6907269335176407],[-74.154038561623679,4.6902039259271886],[-74.153878934965817,4.6900407348040378],[-74.153847368405181,4.6900084625994527],[-74.153439356966459,4.6895913389536705],[-74.153315054490548,4.6894671764993561],[-74.153212111548655,4.6893617209353584],[-74.15319212186229,4.6893412522813716],[-74.153181908863132,4.6893306548981259],[-74.151964069153351,4.6880678544825676],[-74.151136158865,4.6872286900560365],[-74.150790841506563,4.6868756193581547],[-74.150778059568367,4.6868623110915495],[-74.150698270718649,4.6867792352396318],[-74.150602688066314,4.6866855643475578],[-74.150529947641047,4.6865866153220148],[-74.150171494472303,4.6862085921953707],[-74.149814630825404,4.6858493982148985],[-74.149699500139505,4.6857222245973142],[-74.149661504837084,4.6857240823518325],[-74.149632688367404,4.6857076070222012],[-74.14958824342294,4.6856577353938063],[-74.149518611075408,4.6855776027802269],[-74.149233488162707,4.6852774614610269],[-74.149202118224409,4.6852423476789715],[-74.14917136214801,4.6852079138722651],[-74.149108487976363,4.6851375289649004],[-74.149002413129296,4.6850298077766448],[-74.148973835386485,4.6850028514624746],[-74.148964522003084,4.6850098698459819],[-74.14884056494536,4.6851032939234125],[-74.14879259179645,4.68504762869948],[-74.148769356100942,4.685020667310603],[-74.148732003396802,4.6849773249118165],[-74.148693578918795,4.6849327391962508],[-74.148645787878337,4.6848772855512104],[-74.148580524788997,4.6848015590889291],[-74.148467500380136,4.6846518596312459],[-74.148397956426336,4.6845611754230116],[-74.148157757578232,4.6842732969326342],[-74.147898080072636,4.683995857841091],[-74.147759455444699,4.6838477515159047],[-74.147756878232713,4.6838348870856175],[-74.147730797719916,4.6837047181494205],[-74.147386573994737,4.6833477841759175],[-74.147340617217253,4.6833003957782031],[-74.147044245548429,4.6829947980457316],[-74.146673758009612,4.6826140142784372],[-74.14634566420429,4.6822759501810483],[-74.146326128307493,4.6822558212956782],[-74.146060603203082,4.6819823338868174],[-74.145753717011345,4.6816659301252228],[-74.145732245859008,4.6816437929423538],[-74.145672642279266,4.6815827904935938],[-74.145462558762446,4.6813677772546747],[-74.145030093251918,4.6809219661579196],[-74.144824177880736,4.6807084028260597],[-74.144824064305197,4.6807082807553488],[-74.144793025847235,4.6806760894575286],[-74.144688586381974,4.6805588269708966],[-74.144656833777077,4.6805231749470666],[-74.144465933996102,4.6803254372688681],[-74.144465843857247,4.6803253441337],[-74.14436501091464,4.6802208998227037],[-74.144270673499491,4.6801241713405055],[-74.144039761561984,4.6798874055962205],[-74.143977809253343,4.6798238820071845],[-74.143976533791204,4.6798225735940031],[-74.143743776914206,4.6795839152048924],[-74.1437161295908,4.6795554321048503],[-74.143398845347321,4.6792285635844575],[-74.143315401396165,4.6791425997337006],[-74.143005483638404,4.6788233192901023],[-74.142862405106939,4.6786759159119189],[-74.142765228703425,4.6785758035594442],[-74.142703178346551,4.6785118792524676],[-74.142651111724845,4.6784582396155594],[-74.142454465045645,4.6782556502809571],[-74.142360826685476,4.6781591828089084],[-74.142356489231361,4.6781547123094391],[-74.142229455578544,4.6780238398771523],[-74.142060042594892,4.6778493086012256],[-74.141853491876219,4.6776365166895708],[-74.14168841652409,4.6774664531090666],[-74.141597766450971,4.6773730644265861],[-74.141502632934973,4.6772750551248938],[-74.141502337282233,4.677274751304255],[-74.141351040595779,4.6771188822164236],[-74.141222887868395,4.6769875828609448],[-74.141046738564057,4.6768071097291912],[-74.140930166861338,4.6766876737950263],[-74.140837732983826,4.6766807949450842],[-74.140827753773635,4.6766800525057137],[-74.140767966603036,4.6766327752308143],[-74.14069995003068,4.6765789912887534],[-74.140404283372504,4.6762520271559689],[-74.139953971418322,4.6757661209465882],[-74.139927283435782,4.6757383248787354],[-74.139852783700988,4.675660719227122],[-74.139851219811959,4.6756590943237519],[-74.13977236373961,4.6755769584647293],[-74.139772154620147,4.6755767405449404],[-74.139689693058671,4.6754908430727991],[-74.1396151140558,4.6754131632484093],[-74.139512461704115,4.6753062441773476],[-74.139457517416048,4.6752490153453792],[-74.139412751474765,4.6752023886282048],[-74.139361506449461,4.6751490127204915],[-74.139322242519285,4.6751081251583155],[-74.139315864383661,4.6751014736267607],[-74.139268938765071,4.6750525971706152],[-74.139177871159362,4.6749596277960617],[-74.139177371798382,4.6749591187142698],[-74.139163583487274,4.6749450769189655],[-74.139102061143404,4.6748824155502966],[-74.13906691118946,4.6748466197734118],[-74.139053392393322,4.6748328519576896],[-74.139044524660335,4.6748235555394526],[-74.139021605385082,4.6747995354972858],[-74.138963234114655,4.674738339723512],[-74.138907099166403,4.6746794904295959],[-74.138866553509331,4.6746369833361827],[-74.138800502551646,4.6745677389693796],[-74.138753946540547,4.6745189338851052],[-74.138740756548643,4.6745030924545832],[-74.138689718235526,4.674441797446379],[-74.138661193841799,4.6744073322119499],[-74.138659933722309,4.674406035543293],[-74.138536849460721,4.6742794231668325],[-74.138244113983362,4.6739735462980114],[-74.138113923453048,4.6738395589179973],[-74.138025322180368,4.6737476363625863],[-74.137903166467765,4.6736209044205683],[-74.137703563590691,4.673418642206892],[-74.137472123963903,4.6731779911363285],[-74.137296182457078,4.6730021398252504],[-74.137124426427675,4.6728238754163707],[-74.136932613454988,4.6726276024513096],[-74.136843717511908,4.672543370005914],[-74.136686992313997,4.6723948650129161],[-74.136573546913624,4.6722869453320328],[-74.136505780744884,4.6722224810591584],[-74.136349306992429,4.672061286705917],[-74.136308093073708,4.6720210665103625],[-74.136157273461947,4.6718738775721134],[-74.135461988415599,4.6711744218004485],[-74.13532300818764,4.6710346090473402],[-74.135274363452424,4.6709856619167516],[-74.135036776995236,4.6707466029992677],[-74.135057864559883,4.6707371358687233],[-74.135067699054289,4.6707327202259998],[-74.135067649481911,4.670732701239575],[-74.135057784344752,4.670737129545163],[-74.135036696780077,4.6707465966756869],[-74.13444177499774,4.670147986454813],[-74.134441735346641,4.6701480551855017],[-74.134273335130914,4.6699786104021515],[-74.13422805319388,4.669917832755309],[-74.134228029757224,4.6699177929676026],[-74.134206204545862,4.669888519542031],[-74.134150086100874,4.6698346399293147],[-74.134112360737973,4.6697984199796272],[-74.134100488074736,4.6697870212203192],[-74.133825612510933,4.6695017447519858],[-74.133817921195558,4.6694937395231095],[-74.13286868731079,4.6685058060762596],[-74.131279211326756,4.6668705430353645],[-74.131206073694784,4.6667952974684566],[-74.130675835061695,4.6662041159952814],[-74.130615216947916,4.6661365298169892],[-74.130466115998686,4.6659676668018726],[-74.130466134924106,4.6659676469056457],[-74.130317017821582,4.6657987630593603],[-74.130181777883209,4.665691162256218],[-74.129125540870803,4.6646565782368281],[-74.128972306518776,4.6645014760647072],[-74.128972280383181,4.6645014968657197],[-74.128826118060459,4.6643535553654329],[-74.128854743733868,4.6643180030749267],[-74.128617704149605,4.664077379201399],[-74.128543096166965,4.6640016460291021],[-74.128470806460399,4.663928264788253],[-74.126880242021642,4.6623136566977088],[-74.126039374127231,4.6614926423552374],[-74.125611397183221,4.6610747706141451],[-74.125469702230177,4.6611016834979955],[-74.124935255577526,4.6605504745818207],[-74.124208702500212,4.6597988161855453],[-74.124207672273272,4.6597977473604626],[-74.122263318421204,4.6577756429365342],[-74.121926403188979,4.6574298066741271],[-74.12188257316943,4.6573962604690822],[-74.121836000067006,4.6573688194264875],[-74.121786514413259,4.6573470268802524],[-74.121734799389557,4.6573311839218343],[-74.121681576025352,4.6573215111569342],[-74.121649730389734,4.6573195236759455],[-74.121515906786854,4.65718625314316],[-74.121485407647299,4.6571550970724376],[-74.121674384429369,4.6569835142353142],[-74.120915071103653,4.6561744325095278],[-74.120207905762257,4.6554209889242326],[-74.119611773923765,4.6548094440078405],[-74.11945088447473,4.6546181107835922],[-74.119311960196711,4.6544776164930113],[-74.119039504406743,4.6542020795898642],[-74.118615745198909,4.6537735296093397],[-74.118383290479429,4.6535384443888557],[-74.118200509011203,4.6533630388359537],[-74.11708833498092,4.6522014416337152],[-74.116849385969545,4.651951873735312],[-74.116814173364133,4.6519155839517889],[-74.115634747851061,4.6507000957883795],[-74.114989723766058,4.6500298941235121],[-74.114517491018674,4.6495392280383205],[-74.114328947470668,4.6493367720371808],[-74.114332220928304,4.6493035520519559],[-74.114335494385386,4.6492703266408357],[-74.114338410658334,4.6492316220363339],[-74.114343489686505,4.6491530029002277],[-74.114339490584072,4.6491489888788644],[-74.11427770504433,4.6490869890207245],[-74.11405855298888,4.6488652890221589],[-74.114007434443494,4.6488135751081661],[-74.113969270392957,4.6487749675840044],[-74.113248119965377,4.6480454319176081],[-74.113106623174886,4.6479022886674457],[-74.112999966371163,4.647794391816694],[-74.112350112072491,4.6471221929758517],[-74.112216243222292,4.6469837199229556],[-74.111559307077059,4.6463041921490706],[-74.111394197623014,4.6461334049345044],[-74.110881805422181,4.645603389018925],[-74.110575402276538,4.6452864474066899],[-74.11028425751806,4.6449859561508626],[-74.110163901758213,4.6448619257015888],[-74.109861192823374,4.6445499726738424],[-74.109489018537687,4.6441664329795538],[-74.109446733322997,4.6441228571106308],[-74.109504477292248,4.6440761514133273],[-74.109510825496471,4.6440710164542223],[-74.109514178006989,4.6440675636472557],[-74.110128134117005,4.6446762146829323],[-74.110329432629683,4.6448815578159968],[-74.110356356200626,4.6449090186416244],[-74.110649036605238,4.6452075347836539],[-74.110651632351406,4.6452103090840069],[-74.110678914716686,4.6452392592781848],[-74.110775406957828,4.6453394323590613],[-74.110775424984183,4.6453394585832024],[-74.110890318193583,4.6454587071937246],[-74.111421738661448,4.6460103451410308],[-74.112702423326382,4.6473304180993384],[-74.114139984275454,4.6488247020892075],[-74.114286521782915,4.6489770208917953],[-74.114286538007491,4.6489770570633482],[-74.114321100554136,4.6490312053191101],[-74.114371451774232,4.6491100783810229],[-74.114373576218824,4.6491134088422399],[-74.114455310109634,4.6492414321961517],[-74.114480045431193,4.6492801760443765],[-74.11450121327313,4.6493133323498386],[-74.114535544180015,4.649349286801205],[-74.115088458831536,4.6499283439374333],[-74.115124358080621,4.6499659414058296],[-74.115268632967158,4.6501182664466336],[-74.115601781391234,4.6504638882925899],[-74.116016465955468,4.6508826695912715],[-74.116125093626337,4.6509865760466429],[-74.117039538309129,4.6519194761430693],[-74.117115444487482,4.6519983593189353],[-74.117179711076886,4.6520651489066687],[-74.118749787014877,4.6536968327075714],[-74.118750681119437,4.6536976610026368],[-74.118966901544908,4.6539182148027143],[-74.118782829227442,4.6537274470718897],[-74.118940517952737,4.6538735335217503],[-74.119311760987898,4.6542174647640868],[-74.119486792685151,4.6544035612283121],[-74.119481635336626,4.6544137675723016],[-74.119988437335095,4.6549769067083009],[-74.119347701945898,4.6543128781263992],[-74.119322468524061,4.6542867242841162],[-74.119971897919584,4.654972825653954],[-74.120596239289696,4.6556036321299379],[-74.120598086766023,4.6556015792344549],[-74.120638577344991,4.6556340215658114],[-74.12107891848899,4.655986838772681],[-74.121078957241025,4.6559867971720692],[-74.121842986084104,4.6567684995582406],[-74.121935377634031,4.6568630284191999],[-74.122194075186641,4.6571277088008811],[-74.122240998378018,4.6571757174092614],[-74.122607014811834,4.6575502010811292],[-74.123961867104342,4.6589363846630389],[-74.124344042810137,4.6593293178521717],[-74.124344028392869,4.6593293648772081],[-74.125192128807598,4.6602013332535455],[-74.125484430762043,4.660501860528881],[-74.125845364464183,4.6609383359003607],[-74.126019242158847,4.6611486065516798],[-74.126048310717948,4.6611837586596003],[-74.126206692276995,4.6613458198012161],[-74.126651923690588,4.6618013960392775],[-74.126675795185363,4.6617794920012896],[-74.126702906739652,4.6618090130847119],[-74.126834629320385,4.6619524390376341],[-74.129222447860371,4.6644037235816356],[-74.129261516777518,4.6644438313315746],[-74.129392479930047,4.6645782734330439],[-74.130261235965946,4.6654643429288996],[-74.130432242954001,4.6656405120617102],[-74.130442066779551,4.6656506323474716],[-74.130463140375966,4.6656724345526914],[-74.130527168779935,4.6657386224263595],[-74.130790977362764,4.6660113637502461],[-74.130840430054533,4.6660624344624981],[-74.131291480576039,4.6665282412553619],[-74.132200181140576,4.6674642356992626],[-74.132644551600819,4.6679219485390195],[-74.134005003838752,4.6693237478738929],[-74.134057867548606,4.669387153751539],[-74.134263264356235,4.6696335640385209],[-74.134351271498161,4.6697245312864117],[-74.134381751046433,4.6697560503090889],[-74.13461551112799,4.6699746063793546],[-74.134792255200495,4.6701398544051917],[-74.135084000963985,4.67044922802258],[-74.135437038998589,4.6708235882215599],[-74.135502058176982,4.6708925345847723],[-74.135511977717712,4.6709030553972042],[-74.135532005185354,4.6709242923367356],[-74.135539116969255,4.6709318336836159],[-74.135847238532619,4.6712585665329796],[-74.136469388287495,4.6719182963601407],[-74.136478338214133,4.6719305471824146],[-74.136495631431188,4.6719542187222309],[-74.136525032156413,4.6719944652219247],[-74.13655584536761,4.6720366450134412],[-74.136580676037582,4.6720706358875903],[-74.136600583625153,4.6720909901998393],[-74.136647574586306,4.6721390384913777],[-74.136688866209738,4.6721812589908973],[-74.136724666709227,4.672217864194419],[-74.136953312088693,4.6724516493463559],[-74.137006122329041,4.6725056474707261],[-74.13709327380019,4.672594756980688],[-74.137378959045805,4.6728880704929399],[-74.137477784278389,4.6729895345256312],[-74.137768394949489,4.673288124995886],[-74.137806538237982,4.6733273153586969],[-74.13790411249758,4.6734275685667619],[-74.138693295991516,4.674240026882158],[-74.138971782339823,4.6745252775268353],[-74.139105066648682,4.6746621519266203],[-74.139220735455481,4.6747809353486538],[-74.139221033810287,4.6747812418829984],[-74.139239941033225,4.6748006593411269],[-74.139253959203657,4.6748150546993825],[-74.139301359661374,4.6748625004989757],[-74.139301398420386,4.6748625393808307],[-74.139325863465842,4.6748870259005075],[-74.139329043507431,4.6748902105949535],[-74.139355154532865,4.6749171675394896],[-74.139355468211164,4.6749174894456864],[-74.139505985223778,4.6750728797720171],[-74.139912383111152,4.6754924284194033],[-74.140027458238947,4.6756112298409036],[-74.140096604939885,4.6756655816565074],[-74.140120151983453,4.675683987658183],[-74.140496519630489,4.6759744096980276],[-74.140496501387005,4.6760022452221852],[-74.140447541166779,4.6760516809388166],[-74.140434919673368,4.6760644400582487],[-74.14065523919605,4.6762840478467673],[-74.140713571114532,4.6762249206996573],[-74.140793115855701,4.6763260025553999],[-74.140894881982504,4.6764563928401106],[-74.140969488986229,4.6765519859683131],[-74.140978863538564,4.6765639961451715],[-74.140980461708963,4.6765659266991184],[-74.140986565041857,4.6765732826961344],[-74.141019571363969,4.6766131470510901],[-74.141101829837268,4.6767124923509646],[-74.141128023896798,4.6767392231415679],[-74.141274661993407,4.6768888764882526],[-74.141596795143911,4.6772176283479379],[-74.14176867397984,4.6773940522342308],[-74.141893199747372,4.6775218720401828],[-74.142300732383077,4.677940182035865],[-74.142427930942461,4.6780707442624339],[-74.142455717860088,4.678099266288406],[-74.142461912217911,4.6781062442624446],[-74.14246661747805,4.6781115439780185],[-74.142538743176672,4.678192789400919],[-74.142646315204203,4.678313963973288],[-74.142729731775432,4.6784079283280153],[-74.143889018745369,4.6796145213293334],[-74.144034307966649,4.6797650875487875],[-74.144089076278945,4.6798218430678222],[-74.144518584185519,4.6802669451794134],[-74.144660890077418,4.6804144170044983],[-74.144728048088012,4.6804840142698545],[-74.144728946772844,4.6804849410996301],[-74.144751077666143,4.6805076660520282],[-74.144881943996367,4.6806420201271308],[-74.145711638395539,4.6814938298812034],[-74.145748741498181,4.6815323136266844],[-74.146196737310291,4.681996982989304],[-74.146642685816033,4.6824602469574508],[-74.146820864551771,4.6826453430430774],[-74.147142477091634,4.6829794421615736],[-74.147265984594341,4.6831077439651914],[-74.147547722450938,4.6834004195968122],[-74.147567413471251,4.6834208757904587],[-74.147798658239338,4.6836637353166086],[-74.147807762367336,4.6836732965569681],[-74.147815240342823,4.6836808576308355],[-74.147818022048767,4.683683669749847],[-74.14782539724564,4.6836909287949879],[-74.147839368043932,4.6837057707057665],[-74.147849338429495,4.6837163627698537],[-74.147880892716614,4.6837486470171052],[-74.147887547307917,4.6837422420364119],[-74.14792192299663,4.6837776838422123],[-74.147950342254475,4.683806985993221],[-74.147991286961158,4.6838454683223736],[-74.147991321214093,4.6838455017783103],[-74.148016195954725,4.683868879256158],[-74.148082862564053,4.6839299820651386],[-74.148087178341981,4.6839332877804916],[-74.14809972753423,4.6839455471249769],[-74.148116140097017,4.6839615788531015],[-74.148120107939221,4.6839645608610541],[-74.148140482927687,4.6839834769317479],[-74.14814911462544,4.6839914900394701],[-74.148181589978549,4.6840228427419808],[-74.148197961189041,4.6840399108095117],[-74.148235178068461,4.6840778192647923],[-74.148424373697225,4.6842660372872302],[-74.148596644704369,4.6844362847552796],[-74.148755029226223,4.6845960942599518],[-74.149090566766304,4.684928396870216],[-74.149099910880963,4.6849222556608439],[-74.150638122572289,4.6864994051966908],[-74.150777518966891,4.6866390519436063],[-74.151218645240817,4.6870948618485029],[-74.151257411118152,4.6871349195115739],[-74.153018347138669,4.6889544641898393],[-74.153504309941894,4.6894573866948264],[-74.153571660779917,4.6895270879450104],[-74.154150728240978,4.6901219363018347],[-74.154339491377726,4.6903150468020911],[-74.15449355198561,4.6904726543280288],[-74.154577757673891,4.6905515115441485],[-74.154842296849736,4.6907992500114446],[-74.154847872904909,4.6908040783982106],[-74.154881994470017,4.6908336219754103],[-74.155140849369104,4.6910577404312299],[-74.155481587610922,4.6913361406766345],[-74.155998366550151,4.691721471664783],[-74.156129347547193,4.6918036512784109],[-74.156212903473531,4.6918560754428436],[-74.156516988521759,4.692060309772569],[-74.156764062347847,4.6922040594801313],[-74.15686949221076,4.6922629242734111],[-74.157144476515597,4.6924164570888438],[-74.157278879258229,4.6924914983886392],[-74.157312273341304,4.6925104307776175],[-74.157345667426171,4.6925293631649643],[-74.157561535095255,4.6926314745847515],[-74.157734103393665,4.6927158158399571],[-74.15881802549336,4.6933222720458616],[-74.158862877904895,4.6933473667855781],[-74.15890416808594,4.693370468843483],[-74.15894784001425,4.6932887369339227],[-74.159477164626011,4.6935782451634491],[-74.159447925834826,4.6936239595453575],[-74.159177563475993,4.6934709262964747],[-74.159155308314638,4.6935109815955629],[-74.159177562578265,4.6934709570430613],[-74.159447910515169,4.6936239830591377],[-74.159447975414324,4.6936240201281541],[-74.159428968531827,4.6936556776524219],[-74.159425179231079,4.6936619946868632],[-74.159422427142886,4.6936665699028293],[-74.159431823464587,4.6936751000391954],[-74.159498098907591,4.6937352612764069],[-74.159498848882663,4.6937359412277253],[-74.159885828803965,4.6939545039118258],[-74.159898882543331,4.6939618652443089],[-74.160020397179849,4.6940304932695289],[-74.160113555232371,4.6940815747303422],[-74.160166108130298,4.6941103915073965],[-74.160233072226433,4.6941471102216159],[-74.160320133926191,4.694084600475521],[-74.160343596749144,4.6942045929949083],[-74.160465640828463,4.69426800121364],[-74.160651315282067,4.694369717349149],[-74.160736769793715,4.694420229024395],[-74.162010554978252,4.6951213430084691],[-74.162005964718574,4.6951301334348585],[-74.165059034167157,4.6968172853213073],[-74.165059226161787,4.6968173920054932],[-74.165090436727809,4.6968361027312371],[-74.165103601502878,4.696843995682678],[-74.165107384635789,4.6968463156606566],[-74.165150800076972,4.696872944775917],[-74.165229851494985,4.6969176022034027],[-74.165273654127915,4.6969483594259929],[-74.166104344435226,4.6974236117697403],[-74.166149024269657,4.6974483904472573],[-74.166273401847292,4.6975173678616571],[-74.16644558700078,4.6976119943606829],[-74.166492014956745,4.6976330931655097],[-74.166530129526905,4.6976573761909446],[-74.16656722270416,4.6976729960789827],[-74.166606488903426,4.6976951918113459],[-74.166623479795945,4.6977028744450227],[-74.16670120577983,4.6977422127339938],[-74.166740790981024,4.697763826043782],[-74.16681948560263,4.6978079172353455],[-74.166903631444953,4.6978521270874509],[-74.167832688355361,4.6983795902619985],[-74.168007860630354,4.6984790422665492],[-74.168036923209641,4.6984955421038244],[-74.168028227504337,4.698511515110682],[-74.168067589288299,4.6985333417885897],[-74.168091470646573,4.6985465840768672],[-74.168107034002418,4.6985552154774846],[-74.168130699029135,4.6985683375196006],[-74.168138291820412,4.6985547411748065],[-74.16815388765815,4.6985636321063442],[-74.168185799244682,4.6985446230317027],[-74.168349114877401,4.6986384435595037],[-74.168428871204739,4.6986806082513537],[-74.168487569248015,4.698710567532367],[-74.168526887828222,4.6987326618644021],[-74.168629512231163,4.6987862621310175],[-74.168782515030173,4.6988661747503038],[-74.169276636523648,4.6991267891414941],[-74.169566879558772,4.6992687741518351],[-74.170265104737382,4.6996799171614567],[-74.170418405554813,4.69974776681702],[-74.170571708204022,4.6998156164379008],[-74.170588229706397,4.6998105148426532],[-74.170598211466043,4.6998074325344676],[-74.170639173941822,4.6998276690773348],[-74.170677081345119,4.6998510331208498],[-74.170778271875236,4.6998964339001885],[-74.170796885338333,4.6999047844957245],[-74.17079893867465,4.699905678580822],[-74.170915620101155,4.6999564524687987],[-74.170918921844631,4.6999578889706015],[-74.170959445842556,4.6999747334962425],[-74.171001540655936,4.6999901119266019],[-74.171041487917478,4.7000077640711631],[-74.171083247872943,4.7000196175515629],[-74.171125747268533,4.7000341124117639],[-74.171167946360384,4.7000473765474178],[-74.171176722030182,4.7000501615388295],[-74.171176892388047,4.7000502175829979],[-74.171210751186763,4.7000609607238406],[-74.171253052317056,4.7000756138565531],[-74.171294882871436,4.7000896231832048],[-74.171379564472232,4.7001190424634309],[-74.171400144325617,4.7001250515260553],[-74.1714207241792,4.7001310596837769],[-74.171459157040246,4.7001405415916215],[-74.17150717040127,4.7001523869687825],[-74.171543665530564,4.7001627237036558],[-74.171822379156367,4.7002068940070192],[-74.171855892015458,4.7002120675344043],[-74.171900758334758,4.7002199940424676],[-74.17194361953392,4.7002303497886739],[-74.171986475664667,4.7002365249203644],[-74.172030373797384,4.7002432162675154],[-74.172074909115594,4.7002495213862323],[-74.172117622222117,4.7002578044694685],[-74.17216139277113,4.700260795400272],[-74.172205709977149,4.7002671475641646],[-74.172249651030356,4.7002712706589476],[-74.172314006493522,4.7002776047182877],[-74.172529490043758,4.7002988139312887],[-74.172608375021426,4.7003062537585345],[-74.172650532319366,4.7003101021619269],[-74.172702866744018,4.7003026182027154],[-74.172954878445722,4.7003181794158992],[-74.172965432853601,4.7003173803713185],[-74.17299984775542,4.7003409762671273],[-74.173208377073976,4.7003251602663898],[-74.173208567251578,4.7003251457713535],[-74.173416903677875,4.7003093442038342],[-74.173744804228633,4.7002721229299871],[-74.173745308061484,4.7002720658890791],[-74.173946778994093,4.7002491961421118],[-74.173962505092092,4.7002475969591764],[-74.174053530428552,4.700238344143802],[-74.174122388887398,4.700231344306351],[-74.174379760409934,4.7002051777175282],[-74.174454652245345,4.7001975629841093],[-74.174454700916286,4.7001975584557876],[-74.174458123198789,4.700197210725741],[-74.17550662583254,4.7000906144603061],[-74.176225312942506,4.7000175490079306],[-74.176296275916286,4.7000103343376569],[-74.176295366114132,4.7000013366102538],[-74.176353054567286,4.699995471233378],[-74.176376529229401,4.6999930850542713],[-74.176558056995972,4.6999746294991791],[-74.178271453481713,4.6998004313684181],[-74.178629536251222,4.6997640236486333],[-74.178858461834551,4.6997456573793226],[-74.179213752480862,4.6997171488890759],[-74.179273109201532,4.6997110723244804],[-74.179489187628135,4.6996889512327042],[-74.179936840668162,4.699643120417333],[-74.180112986487202,4.6996250870423966],[-74.180475304272008,4.6995879931942515],[-74.181324913578706,4.6995010102824422],[-74.181430204680467,4.6995210132369971],[-74.181509574786887,4.6995360915702733],[-74.181527544085,4.6995395053608382],[-74.181535493985265,4.6995410161757487],[-74.181661675961266,4.6995305146048256],[-74.181685140202021,4.699500685243585],[-74.181893978798684,4.6994769466860307],[-74.182034862363523,4.6994732721726988],[-74.182032808536277,4.6994147122705785],[-74.182255924734093,4.6994015292486493],[-74.182256317707683,4.6994015056776108],[-74.182264863081755,4.6994010006943761],[-74.18242742527832,4.6993913960154963],[-74.18242750549544,4.6993913914818579],[-74.182443252381361,4.6993904612924391],[-74.18259498387475,4.699384251164922],[-74.182655608026565,4.6993797349562758],[-74.182660345369086,4.6993796392894085],[-74.18270366284888,4.6993787555755473],[-74.18295413958775,4.6993835078432005],[-74.183024503142875,4.6993890080420613],[-74.183357683080501,4.6993668417942551],[-74.183686451347285,4.6993409159512494],[-74.184121561988164,4.6993074209249093],[-74.184368048728203,4.6992956488939823],[-74.184475506798108,4.6992870143666803],[-74.184900710399972,4.6992560650955033],[-74.185255026532516,4.6992241462579978],[-74.185593381341448,4.6991996793966901],[-74.185875106536301,4.6991787913814287],[-74.186221972295968,4.6991472548299775],[-74.186745834415547,4.6991096939331882],[-74.187804683714489,4.6990417394512667],[-74.188040382776862,4.699032773896259],[-74.18843618105717,4.699011958087028],[-74.188504147100943,4.6990118532203793],[-74.188645284563876,4.6990074421319816],[-74.188786232082563,4.6989988441047341],[-74.18902476616266,4.6989810010890523],[-74.189073497580551,4.6989784386248239],[-74.189076874809189,4.6989782608401791],[-74.189115971406608,4.6989777210407127],[-74.189523043979506,4.698972104208293],[-74.189600437239278,4.6989737936732725],[-74.189691579592164,4.698966170174204],[-74.189692717046384,4.6989660750389195],[-74.189943616730801,4.6989450899663003],[-74.190107521889544,4.6989313813488449],[-74.190251261115762,4.6989193579653756],[-74.190723537963819,4.6988798563609189],[-74.191003394098672,4.6988571832900714],[-74.191235252728603,4.6988385249225342],[-74.191325183726235,4.6988312884515873],[-74.191573053221845,4.6988113414336503],[-74.191926171460949,4.6987829254106082]]},"properties":{"FID":9,"FID_blu_me":1,"TYPE":"PROJECT","Shape_Leng":80702.565733299998,"Shape_Area":779165.23685999995}},{"type":"Feature","id":10,"geometry":{"type":"LineString","coordinates":[[-74.353129256784314,4.8068424197829387],[-74.352821117406776,4.806584829186189],[-74.352477711510858,4.806300069542349],[-74.352284907144607,4.8061389385463107],[-74.352196084037146,4.8060641818783516],[-74.352127233066895,4.8060062352385806],[-74.352095852103176,4.805975782166489],[-74.3519423038924,4.8058516987020123],[-74.351848846181767,4.8057761751984467],[-74.351667268854627,4.8056242000037086],[-74.351436944725648,4.8054362895540761],[-74.350589559186588,4.8047291990717929],[-74.350567258122013,4.804708689535957],[-74.350458445262831,4.8046215228347471],[-74.350424124699273,4.8045930783895328],[-74.350213602724878,4.804419266568229],[-74.349919805189458,4.8041783259082838],[-74.349885440507762,4.8041499040580513],[-74.349973444101721,4.8040712702404704],[-74.349990456539004,4.8040855332285179],[-74.350001988627156,4.8040964452776747],[-74.350014249040584,4.8041072376685712],[-74.35005750029444,4.8041517117295474],[-74.350467288069339,4.8045252479873026],[-74.350629900067844,4.8046205146207637],[-74.350646919211229,4.8046085276962245],[-74.350713852217183,4.8046634241781412],[-74.350830827347622,4.8047608721179165],[-74.351164232800372,4.805038620271664],[-74.351410655975201,4.8052451383787353],[-74.351656418841699,4.805450175416607],[-74.352088429012525,4.8058100585506116],[-74.35213434527671,4.8058434582930181],[-74.352174918879498,4.805872972618606],[-74.352200767465732,4.8058917760699975],[-74.352203680007904,4.805893894564881],[-74.35225923707921,4.8059401838573885],[-74.352262588899606,4.8059429767793436],[-74.352265945228751,4.8059457733166377],[-74.352269297951381,4.8059485680467544],[-74.352272650673299,4.8059513609682805],[-74.352276001591633,4.8059541520819336],[-74.352279353411788,4.8059569440994858],[-74.35228270883816,4.8059597370198741],[-74.352286055247504,4.8059625236137995],[-74.352289409771728,4.8059653147259258],[-74.352292761590931,4.8059681040305069],[-74.352296110703975,4.8059708888147066],[-74.352299458013405,4.8059736717910218],[-74.352302812535967,4.8059764583815907],[-74.35230616074584,4.8059792386446212],[-74.352309508955713,4.8059820189076197],[-74.352312051898807,4.8059841276037494],[-74.352312858967451,4.8059847964570048],[-74.352316211684652,4.8059875767181559],[-74.352319562597529,4.805990353362839],[-74.352322911706466,4.8059931272953316],[-74.35232626171539,4.8059958976102948],[-74.35232961443019,4.8059986715412979],[-74.352332764248814,4.8060012728336652],[-74.352332959027194,4.8060014337197234],[-74.352333833726249,4.8060021558991179],[-74.352336315346747,4.806004204936368],[-74.352339671664893,4.8060069725358101],[-74.352343023473622,4.8060097347112753],[-74.352346375281655,4.8060124950781216],[-74.35234972438316,4.8060152500202822],[-74.352353082500684,4.8060180085759816],[-74.352356433403713,4.8060207599001741],[-74.352359795125665,4.8060235148372161],[-74.352363081100194,4.8060262065040682],[-74.352486149184017,4.8061248245438799],[-74.352611228316277,4.8062208717401171],[-74.3526146260171,4.8062234240990609],[-74.352618099461083,4.8062260288765408],[-74.352621576511623,4.8062286354611636],[-74.35262505175784,4.8062312384292722],[-74.352628521592806,4.8062338350695066],[-74.352631998639438,4.8062364317068083],[-74.352635482898094,4.806239029245484],[-74.352638967157503,4.8062416285927174],[-74.352642449611835,4.8062442225148985],[-74.352645939279284,4.8062468200513173],[-74.35264942714312,4.8062494157798588],[-74.352650319848308,4.8062500791723481],[-74.352639977992297,4.8062828459679858],[-74.352652861307263,4.8062934318753854],[-74.352735334088507,4.8063240966964722],[-74.352782631140684,4.8063410141461551],[-74.352790606691997,4.8063464782951177],[-74.352842650210505,4.8063821335363475],[-74.352938630693288,4.8064629342439718],[-74.353007292247497,4.8065135931549001],[-74.353010805353648,4.806516186158313],[-74.353014324771053,4.8065187818720609],[-74.353017838779067,4.8065213757793614],[-74.353021352786726,4.8065239687823738],[-74.353024871303504,4.8065265663050134],[-74.353028387114847,4.8065291611158365],[-74.353031901123316,4.8065317559273799],[-74.353035424149638,4.8065343588739013],[-74.353038942667212,4.8065369582050534],[-74.353042458480147,4.8065395566329814],[-74.353045982409071,4.8065421622919597],[-74.35304949912458,4.8065447634323633],[-74.353053016742294,4.8065473663809959],[-74.353056538869481,4.8065499747535236],[-74.353060058291959,4.8065525822228476],[-74.353063576813042,4.8065551896925189],[-74.35306709533522,4.8065577998750548],[-74.353070614759233,4.8065604109614757],[-74.353074135987626,4.8065630256643681],[-74.353077656315335,4.8065656421761664],[-74.353081175741991,4.806568259592618],[-74.353084694267935,4.8065708788180039],[-74.353088213696452,4.8065735007558787],[-74.353091728617358,4.8065761217912897],[-74.353095248047367,4.8065787473463173],[-74.353098771085754,4.8065813792299226],[-74.353102282403128,4.8065840056924802],[-74.353105801836847,4.8065866402903916],[-74.353109314057519,4.8065892712740341],[-74.353112832592018,4.8065919112980522],[-74.35311641875667,4.8065946037438367],[-74.353245184338306,4.8066934707232747],[-74.353260836612037,4.8067054897103123],[-74.353328448974267,4.8066217761524959],[-74.353329185996316,4.8066208625159863],[-74.353373323274923,4.8066551888858848],[-74.353692369373093,4.8069033203922062],[-74.35371602291076,4.806924149387541],[-74.353835587350929,4.8070293835005238],[-74.353766877701204,4.8071124898647639],[-74.354009594658066,4.8073144254666174],[-74.354843683232318,4.8080083646033298],[-74.354879852797467,4.8080384592933312],[-74.354742917911807,4.8082075730002058],[-74.354370035131467,4.8078883492483495],[-74.354033666192606,4.8075983155733901],[-74.353755932201281,4.8073630582422497],[-74.353512313093788,4.8071592654898705],[-74.353322863309629,4.8070022389613865],[-74.353129256784314,4.8068424197829387]]},"properties":{"FID":10,"FID_blu_me":1,"TYPE":"PROJECT","Shape_Leng":80702.565733299998,"Shape_Area":779165.23685999995}}]}