{"type":"FeatureCollection","features":[{"type":"Feature","id":0,"geometry":{"type":"LineString","coordinates":[[-74.103637813697247,4.6382533749975092],[-74.103652602978627,4.6381458684167391]]},"properties":{"FID":0,"Entity":"LWPolyline","Handle":"46F","Layer":".CF JETDUCTO ACTUAL 2","LyrFrzn":0,"LyrOn":1,"Color":30,"Linetype":"Continuous","Elevation":0,"LineWt":13,"RefName":" ","DocUpdate":1771286400000,"DocId":3052202820320000000,"GlobalWidt":0,"Shape_Leng":0}},{"type":"Feature","id":1,"geometry":{"type":"LineString","coordinates":[[-74.103637063937612,4.638253266843634],[-74.103651852668989,4.6381457597109579]]},"properties":{"FID":1,"Entity":"LWPolyline","Handle":"470","Layer":".CF JETDUCTO ACTUAL 2","LyrFrzn":0,"LyrOn":1,"Color":30,"Linetype":"Continuous","Elevation":7.6942492341899993e-06,"LineWt":13,"RefName":" ","DocUpdate":1771286400000,"DocId":3052202820320000000,"GlobalWidt":0,"Shape_Leng":0}},{"type":"Feature","id":2,"geometry":{"type":"LineString","coordinates":[[-74.103638556308226,4.6382535471774986],[-74.103653345589478,4.6381460400447629]]},"properties":{"FID":2,"Entity":"LWPolyline","Handle":"471","Layer":".CF JETDUCTO ACTUAL 2","LyrFrzn":0,"LyrOn":1,"Color":30,"Linetype":"Continuous","Elevation":-2546.0298658400002,"LineWt":13,"RefName":" ","DocUpdate":1771286400000,"DocId":3052202820320000000,"GlobalWidt":0,"Shape_Leng":0}},{"type":"Feature","id":3,"geometry":{"type":"LineString","coordinates":[[-74.10365261342757,4.6381457999749189],[-74.103654197794214,4.6381347471770997],[-74.103657893663879,4.6381170571381247],[-74.103666256296378,4.6380818696536394],[-74.103670437337328,4.6380642772912228],[-74.10367489616965,4.6380467533599194],[-74.103681750071843,4.6380301339809851],[-74.10368990767509,4.6380140057864851],[-74.103698066928231,4.6379978781437865],[-74.103706226180989,4.6379817505009804],[-74.103714383783213,4.6379656245139733],[-74.103722543035246,4.6379494968709754],[-74.103733405982453,4.6379351519163672],[-74.103744930688421,4.6379212468387836],[-74.10375645704417,4.6379073417609451],[-74.103767981749229,4.6378934366829894],[-74.103779508104012,4.6378795299489273],[-74.103791032808161,4.6378656248705799],[-74.103802559162105,4.6378517197919802],[-74.103814116320862,4.6378378401016063],[-74.103825709785369,4.6378239907667744],[-74.103837301049097,4.6378101403279368],[-74.103848892312399,4.6377962909927977]]},"properties":{"FID":3,"Entity":"3DPolyline","Handle":"472","Layer":". CF JETDUCTO EL DORADO 6IN ACTUAL","LyrFrzn":0,"LyrOn":1,"Color":30,"Linetype":"CENTER","Elevation":2546.0298658400002,"LineWt":0,"RefName":" ","DocUpdate":1771286400000,"DocId":3052202820320000000,"GlobalWidt":0,"Shape_Leng":0}},{"type":"Feature","id":4,"geometry":{"type":"LineString","coordinates":[[-74.103750291279894,4.6386985663238782],[-74.103738060908427,4.6386852792058884],[-74.103725832187678,4.6386719931915215],[-74.103713601817191,4.638658707728947],[-74.103701371447073,4.6386454200583538],[-74.103689142727717,4.6386321345952757],[-74.103676923359757,4.6386188380926896],[-74.103664905313991,4.6386053588879621],[-74.10365551547541,4.6385901144591397],[-74.103647681218789,4.638573826240787],[-74.103639845312287,4.6385575380223996],[-74.103632011056391,4.638541249803863],[-74.103616342545664,4.6385086733664833],[-74.103608506640612,4.638492385147706],[-74.103607031798063,4.6384751076046982],[-74.103609583501225,4.6384572040049203],[-74.103612135204202,4.6384392987492831],[-74.10361468635702,4.6384213951494919],[-74.103617238059812,4.6384034915496626],[-74.103619779310918,4.6383855857424123],[-74.103622239149942,4.6383676677953209],[-74.103624696788614,4.638349751504137],[-74.103627145625865,4.6383318335574177],[-74.103629580160842,4.6383139117475869],[-74.103632016345998,4.6382959921454621],[-74.10363445088079,4.6382780719914356],[-74.103636887615764,4.6382601518373132],[-74.103637815347483,4.6382533749974426]]},"properties":{"FID":4,"Entity":"3DPolyline","Handle":"48B","Layer":". CF JETDUCTO EL DORADO 6IN ACTUAL","LyrFrzn":0,"LyrOn":1,"Color":30,"Linetype":"CENTER","Elevation":2546.3425999999999,"LineWt":0,"RefName":" ","DocUpdate":1771286400000,"DocId":3052202820320000000,"GlobalWidt":0,"Shape_Leng":0}},{"type":"Feature","id":5,"geometry":{"type":"LineString","coordinates":[[-74.103663680768037,4.6381398849007693],[-74.103638022941567,4.6382592206606796]]},"properties":{"FID":5,"Entity":"LWPolyline","Handle":"4A9","Layer":". CF POLIDUCTO MANSILLA 10IN REALINEACION","LyrFrzn":0,"LyrOn":1,"Color":6,"Linetype":"DASHED2","Elevation":2548.5956367099998,"LineWt":13,"RefName":" ","DocUpdate":1771286400000,"DocId":3052202820320000000,"GlobalWidt":0,"Shape_Leng":0}},{"type":"Feature","id":6,"geometry":{"type":"LineString","coordinates":[[-74.103653365387217,4.6381459026092227],[-74.103654949203758,4.638134850363377],[-74.103658645623483,4.6381171597724293],[-74.103667007705965,4.6380819750476903],[-74.103671188746887,4.6380643821333214],[-74.103675647579195,4.6380468582020065],[-74.103682502031376,4.6380302366152497],[-74.103690659634623,4.6380141089727074],[-74.103698818887793,4.6379979829858273],[-74.103706978140536,4.6379818553430141],[-74.103715135192616,4.6379657277001867],[-74.103723294994694,4.6379496000571505],[-74.103734157941986,4.637935257310323],[-74.103745682647912,4.6379213516807782],[-74.103757209003575,4.6379074449470945],[-74.103768733708634,4.637893539869113],[-74.103780260063459,4.6378796347908935],[-74.103791784767537,4.6378657280566857],[-74.103803311121467,4.6378518229780799],[-74.103814868280267,4.6378379449435316],[-74.103826459544393,4.6378240939529203],[-74.103838050808164,4.6378102451699181],[-74.103849643721631,4.6377963941788654]]},"properties":{"FID":6,"Entity":"3DPolyline","Handle":"4AE","Layer":". CF JETDUCTO EL DORADO 6IN ACTUAL","LyrFrzn":0,"LyrOn":1,"Color":30,"Linetype":"Continuous","Elevation":2546.0298658400002,"LineWt":0,"RefName":" ","DocUpdate":1771286400000,"DocId":3052202820320000000,"GlobalWidt":0,"Shape_Leng":0}},{"type":"Feature","id":7,"geometry":{"type":"LineString","coordinates":[[-74.103651862017912,4.6381456945808592],[-74.103653445834496,4.6381346423350083],[-74.103657142254278,4.6381169522960226],[-74.103665506537112,4.6380817670192638],[-74.103669687578062,4.6380641741049136],[-74.103674145860339,4.6380466501736226],[-74.103680998662327,4.6380300291388927],[-74.103689156265602,4.6380139009444088],[-74.103697315518801,4.6379977749575589],[-74.103705474771587,4.6379816473147573],[-74.103713632373768,4.6379655196719263],[-74.103721791625816,4.6379493920289319],[-74.103732654573122,4.6379350492821265],[-74.10374417927909,4.6379211442045536],[-74.103755705634768,4.6379072369189416],[-74.103767230339827,4.6378933318409929],[-74.103778756694695,4.637879426762785],[-74.103790281398801,4.6378655200286101],[-74.103801807752745,4.6378516149500175],[-74.103813364911588,4.6378377369155022],[-74.103824957825978,4.6378238859248579],[-74.103836549089777,4.6378100371418762],[-74.103848142553332,4.6377961861508279]]},"properties":{"FID":7,"Entity":"3DPolyline","Handle":"4C7","Layer":". CF JETDUCTO EL DORADO 6IN ACTUAL","LyrFrzn":0,"LyrOn":1,"Color":30,"Linetype":"Continuous","Elevation":2546.0298658400002,"LineWt":0,"RefName":" ","DocUpdate":1771286400000,"DocId":3052202820320000000,"GlobalWidt":0,"Shape_Leng":0}},{"type":"Feature","id":8,"geometry":{"type":"LineString","coordinates":[[-74.103749539869668,4.6386984614818676],[-74.103737311148507,4.6386851760196546],[-74.103725080777537,4.6386718900053303],[-74.103712850407007,4.6386586028868964],[-74.103700621687196,4.6386453168720738],[-74.103688391317633,4.6386320314090375],[-74.103676173599908,4.6386187349063785],[-74.103664153903935,4.6386052557016999],[-74.103654764065354,4.6385900112728686],[-74.103646929808761,4.6385737230545123],[-74.103639093902274,4.6385574348361214],[-74.103631259646392,4.6385411466175626],[-74.103615591135636,4.6385085685243341],[-74.103607755230612,4.6384922803055444],[-74.10360628148824,4.6384750027624966],[-74.10360883154118,4.6384570991627854],[-74.103611383244228,4.6384391955629933],[-74.103613934947163,4.6384212919631826],[-74.103616486649898,4.6384033867075125],[-74.103619027350945,4.6383854809002845],[-74.103621487190068,4.6383675646090401],[-74.103623945378772,4.638349646661994],[-74.103626394216036,4.6383317287152845],[-74.103628828751098,4.6383138085612901],[-74.103631264936269,4.6382958889591706],[-74.103633699471018,4.6382779671493042],[-74.103636135655933,4.638260046995204],[-74.10363706393774,4.6382532701553147]]},"properties":{"FID":8,"Entity":"3DPolyline","Handle":"4E0","Layer":". CF JETDUCTO EL DORADO 6IN ACTUAL","LyrFrzn":0,"LyrOn":1,"Color":30,"Linetype":"Continuous","Elevation":0.33643242268099999,"LineWt":0,"RefName":" ","DocUpdate":1771286400000,"DocId":3052202820320000000,"GlobalWidt":0,"Shape_Leng":0}},{"type":"Feature","id":9,"geometry":{"type":"LineString","coordinates":[[-74.103751042690078,4.6386986695100401],[-74.103738812318639,4.6386853840479132],[-74.103726584147964,4.6386720980335303],[-74.103714353227318,4.6386588109151496],[-74.103702122857243,4.6386455249004133],[-74.10368989468796,4.6386322394373192],[-74.103677674769898,4.6386189429347677],[-74.103665657274192,4.6386054637300385],[-74.103656267435596,4.6385902193012232],[-74.103648431528725,4.6385739310829406],[-74.103640597272431,4.6385576428645043],[-74.103632763016506,4.6385413546459739],[-74.103617094505708,4.6385087765527766],[-74.10360925805054,4.6384924883340304],[-74.103607783207977,4.6384752107910181],[-74.103610334911124,4.6384573071912305],[-74.103612884963894,4.6384394035915024],[-74.103615436666786,4.6384214999916855],[-74.103617988369479,4.6384035941840658],[-74.103620529070497,4.6383856889287767],[-74.103622988909578,4.6383677726375279],[-74.103625448748488,4.638349854690424],[-74.103627897585724,4.6383319367437021],[-74.10363033212073,4.6383140165897103],[-74.103632766655636,4.6382960969876414],[-74.103635202840579,4.6382781751777058],[-74.103637637375229,4.6382602550236562],[-74.103638567307314,4.6382534798395465]]},"properties":{"FID":9,"Entity":"3DPolyline","Handle":"4FE","Layer":". CF JETDUCTO EL DORADO 6IN ACTUAL","LyrFrzn":0,"LyrOn":1,"Color":30,"Linetype":"Continuous","Elevation":0.33643242268099999,"LineWt":0,"RefName":" ","DocUpdate":1771286400000,"DocId":3052202820320000000,"GlobalWidt":0,"Shape_Leng":0}},{"type":"Feature","id":10,"geometry":{"type":"LineString","coordinates":[[-74.103755596362518,4.6386574383468053],[-74.103742756527367,4.6386447456984685],[-74.103729839684661,4.6386321308772933],[-74.103716891489128,4.638619547518009],[-74.10370397629751,4.6386069310404361],[-74.103691171117745,4.6385942019613529],[-74.10367839784179,4.6385814408679229],[-74.103665705974862,4.6385686002908635],[-74.103653551516203,4.6385552657010898],[-74.103643460339583,4.6385402978235124],[-74.103634842237838,4.6385244131072714],[-74.103627150450365,4.6385080652731094],[-74.103620565401712,4.6384912311325976],[-74.103615551906145,4.6384738736881426],[-74.103611627003815,4.6384562236714739],[-74.103609203803984,4.6384383092166468],[-74.103607926961459,4.638420268323558],[-74.103608604544391,4.6384022146634374],[-74.103611783339673,4.6383844181181555],[-74.103615870869774,4.6383668053376113],[-74.103619934746007,4.6383491837267705],[-74.10362391775999,4.638331544456574],[-74.10362775060139,4.6383138720750816],[-74.10363149542944,4.638296179826721],[-74.103635231456025,4.6382784859228252],[-74.103638956480822,4.6382607903634625],[-74.103642638599055,4.6382430859745094],[-74.103646388927217,4.6382253953816832],[-74.103650220117288,4.6382077235520294],[-74.103654077160925,4.6381900550330659],[-74.103657912201186,4.6381723843071141],[-74.103661725788001,4.6381547069585585],[-74.103665555327069,4.6381370345769026],[-74.103669415670467,4.6381193677135526],[-74.103673591210637,4.6381017714877055],[-74.10367755771955,4.6380841300099256],[-74.103681315197107,4.6380664416243613],[-74.103684950556385,4.6380487278537403],[-74.103688648624768,4.6380310267755469],[-74.103692444057373,4.638013345563806],[-74.103696493627879,4.6379957278165174],[-74.103703760641181,4.6379792182594919],[-74.103713322070504,4.6379639008228111],[-74.103723994132778,4.6379493246096404],[-74.103734873579512,4.6379349045895957],[-74.10374636913059,4.6379209790910316],[-74.103757895486297,4.6379070740131789],[-74.103769466949288,4.6378932070177914],[-74.103781103322959,4.6378793941106089],[-74.10381588096871,4.6378378455553442],[-74.103827377066537,4.6378239150878917],[-74.103838856661056,4.6378099702702489],[-74.103850442423351,4.6377961154158216]]},"properties":{"FID":10,"Entity":"3DPolyline","Handle":"51C","Layer":". CF POLIDUCTO ACTUAL","LyrFrzn":0,"LyrOn":1,"Color":6,"Linetype":"Continuous","Elevation":5095.1130367100004,"LineWt":0,"RefName":" ","DocUpdate":1771286400000,"DocId":3052202820320000000,"GlobalWidt":0,"Shape_Leng":0}},{"type":"Feature","id":11,"geometry":{"type":"LineString","coordinates":[[-74.103753191952876,4.6386569118787238],[-74.103740352117796,4.638644219782301],[-74.103727434725116,4.6386316066169302],[-74.103714489280009,4.6386190227055586],[-74.103701571888124,4.638606406228031],[-74.103688766708444,4.6385936777008467],[-74.103675995082696,4.6385809149514685],[-74.103663303215825,4.63856807437437],[-74.103651147106987,4.638554739784607],[-74.103641057580717,4.6385397735627727],[-74.10363243782875,4.6385238871907255],[-74.10362474604139,4.6385075410123742],[-74.103618160992738,4.6384907046640578],[-74.103613147497242,4.6384733477715265],[-74.10360922424519,4.6384556977547797],[-74.10360680104543,4.6384377832999508],[-74.103605524203033,4.6384197440626922],[-74.103606199585656,4.6384016887468187],[-74.103609378931125,4.6383838933054244],[-74.103613468111462,4.6383662794209402],[-74.103617531987751,4.6383486578101021],[-74.103621512801524,4.6383310196438989],[-74.10362534784322,4.6383133456064982],[-74.103629092671426,4.6382956555659396],[-74.103632828698068,4.6382779616620518],[-74.103636552072672,4.6382602661027637],[-74.103640234190948,4.6382425611618725],[-74.103643984519181,4.6382248711210075],[-74.103647815709294,4.6382071987394173],[-74.103651672752974,4.6381895302204716],[-74.103655507793277,4.6381718583906322],[-74.103659323030357,4.6381541804900772],[-74.103663150369186,4.6381365086604713],[-74.103667010712641,4.6381188417971337],[-74.103671186803012,4.6381012472271257],[-74.103675153311968,4.6380836057493555],[-74.10367891078954,4.6380659157079611],[-74.103682545598787,4.6380482019373721],[-74.103686243667227,4.6380305008591804],[-74.103690039099902,4.6380128196474546],[-74.103694088670437,4.6379952013482395],[-74.103701357884177,4.6379786939989387],[-74.10371091766325,4.637963374906513],[-74.103721589725623,4.637948800349208],[-74.103732470822621,4.6379343797772083],[-74.103743964723449,4.6379204531748455],[-74.103755492729505,4.6379065497528051],[-74.103767064192482,4.6378926811016195],[-74.103778700566167,4.6378788681944778],[-74.103813476561854,4.6378373207432828],[-74.103824972109635,4.6378233902758916],[-74.103836451704211,4.6378094454582843],[-74.103848038016636,4.6377955911558306]]},"properties":{"FID":11,"Entity":"3DPolyline","Handle":"553","Layer":". CF POLIDUCTO ACTUAL","LyrFrzn":0,"LyrOn":1,"Color":6,"Linetype":"Continuous","Elevation":5095.1130367100004,"LineWt":0,"RefName":" ","DocUpdate":1771286400000,"DocId":3052202820320000000,"GlobalWidt":0,"Shape_Leng":0}},{"type":"Feature","id":12,"geometry":{"type":"LineString","coordinates":[[-74.103633447652655,4.6381913396253811],[-74.103638753151486,4.6381614503938557]]},"properties":{"FID":12,"Entity":"Line","Handle":"58E","Layer":".CF ENTIBADO","LyrFrzn":0,"LyrOn":1,"Color":1,"Linetype":"Continuous","Elevation":1.3640356096199999,"LineWt":0,"RefName":" ","DocUpdate":1771286400000,"DocId":3052202820320000000,"GlobalWidt":0,"Shape_Leng":0}},{"type":"Feature","id":13,"geometry":{"type":"LineString","coordinates":[[-74.103632915724191,4.6381912436062764],[-74.103638225073013,4.6381613383681568]]},"properties":{"FID":13,"Entity":"Line","Handle":"58F","Layer":".CF ENTIBADO","LyrFrzn":0,"LyrOn":1,"Color":1,"Linetype":"Continuous","Elevation":1.3640356096199999,"LineWt":0,"RefName":" ","DocUpdate":1771286400000,"DocId":3052202820320000000,"GlobalWidt":0,"Shape_Leng":0}},{"type":"Feature","id":14,"geometry":{"type":"LineString","coordinates":[[-74.103639079279802,4.6381596107423579],[-74.103644276435517,4.6381303363837709]]},"properties":{"FID":14,"Entity":"Line","Handle":"590","Layer":".CF ENTIBADO","LyrFrzn":0,"LyrOn":1,"Color":1,"Linetype":"Continuous","Elevation":1.3640356096199999,"LineWt":0,"RefName":" ","DocUpdate":1771286400000,"DocId":3052202820320000000,"GlobalWidt":0,"Shape_Leng":0}},{"type":"Feature","id":15,"geometry":{"type":"LineString","coordinates":[[-74.103638551201385,4.6381595003724998],[-74.10364374450711,4.638130240364676]]},"properties":{"FID":15,"Entity":"Line","Handle":"591","Layer":".CF ENTIBADO","LyrFrzn":0,"LyrOn":1,"Color":1,"Linetype":"Continuous","Elevation":1.3640356096199999,"LineWt":0,"RefName":" ","DocUpdate":1771286400000,"DocId":3052202820320000000,"GlobalWidt":0,"Shape_Leng":0}},{"type":"Feature","id":16,"geometry":{"type":"LineString","coordinates":[[-74.103645864461242,4.6381290359377996],[-74.103674300916552,4.6381345455237657]]},"properties":{"FID":16,"Entity":"Line","Handle":"592","Layer":".CF ENTIBADO","LyrFrzn":0,"LyrOn":1,"Color":1,"Linetype":"Continuous","Elevation":1.3640356096199999,"LineWt":0,"RefName":" ","DocUpdate":1771286400000,"DocId":3052202820320000000,"GlobalWidt":0,"Shape_Leng":0}},{"type":"Feature","id":17,"geometry":{"type":"LineString","coordinates":[[-74.103675315876032,4.6381363558723976],[-74.103669837098664,4.638166086149873]]},"properties":{"FID":17,"Entity":"Line","Handle":"593","Layer":".CF ENTIBADO","LyrFrzn":0,"LyrOn":1,"Color":1,"Linetype":"Continuous","Elevation":1.3640356096199999,"LineWt":0,"RefName":" ","DocUpdate":1771286400000,"DocId":3052202820320000000,"GlobalWidt":0,"Shape_Leng":0}},{"type":"Feature","id":18,"geometry":{"type":"LineString","coordinates":[[-74.103675847254436,4.6381364535473244],[-74.103670365177095,4.6381661965197178]]},"properties":{"FID":18,"Entity":"Line","Handle":"594","Layer":".CF ENTIBADO","LyrFrzn":0,"LyrOn":1,"Color":1,"Linetype":"Continuous","Elevation":1.3640356096199999,"LineWt":0,"RefName":" ","DocUpdate":1771286400000,"DocId":3052202820320000000,"GlobalWidt":0,"Shape_Leng":0}},{"type":"Feature","id":19,"geometry":{"type":"LineString","coordinates":[[-74.103669498318524,4.6381679219382264],[-74.103663996441739,4.6381977697812173]]},"properties":{"FID":19,"Entity":"Line","Handle":"595","Layer":".CF ENTIBADO","LyrFrzn":0,"LyrOn":1,"Color":1,"Linetype":"Continuous","Elevation":1.3640356096199999,"LineWt":0,"RefName":" ","DocUpdate":1771286400000,"DocId":3052202820320000000,"GlobalWidt":0,"Shape_Leng":0}},{"type":"Feature","id":20,"geometry":{"type":"LineString","coordinates":[[-74.103670028047162,4.6381680323080028],[-74.103664528370345,4.6381978696639177]]},"properties":{"FID":20,"Entity":"Line","Handle":"596","Layer":".CF ENTIBADO","LyrFrzn":0,"LyrOn":1,"Color":1,"Linetype":"Continuous","Elevation":1.3640356096199999,"LineWt":0,"RefName":" ","DocUpdate":1771286400000,"DocId":3052202820320000000,"GlobalWidt":0,"Shape_Leng":0}},{"type":"Feature","id":21,"geometry":{"type":"LineString","coordinates":[[-74.103633800805099,4.638191413573213],[-74.10363910630393,4.6381615243416938]]},"properties":{"FID":21,"Entity":"Line","Handle":"597","Layer":".CF ENTIBADO","LyrFrzn":0,"LyrOn":1,"Color":1,"Linetype":"Continuous","Elevation":1.3640356096199999,"LineWt":0,"RefName":" ","DocUpdate":1771286400000,"DocId":3052202820320000000,"GlobalWidt":0,"Shape_Leng":0}},{"type":"Feature","id":22,"geometry":{"type":"LineString","coordinates":[[-74.10363943243226,4.6381596852421376],[-74.103644629587933,4.6381304103315983]]},"properties":{"FID":22,"Entity":"Line","Handle":"598","Layer":".CF ENTIBADO","LyrFrzn":0,"LyrOn":1,"Color":1,"Linetype":"Continuous","Elevation":1.3640356096199999,"LineWt":0,"RefName":" ","DocUpdate":1771286400000,"DocId":3052202820320000000,"GlobalWidt":0,"Shape_Leng":0}},{"type":"Feature","id":23,"geometry":{"type":"LineString","coordinates":[[-74.103645790763892,4.6381293902905201],[-74.103674226669156,4.6381349004284491]]},"properties":{"FID":23,"Entity":"Line","Handle":"599","Layer":".CF ENTIBADO","LyrFrzn":0,"LyrOn":1,"Color":1,"Linetype":"Continuous","Elevation":1.3640356096199999,"LineWt":0,"RefName":" ","DocUpdate":1771286400000,"DocId":3052202820320000000,"GlobalWidt":0,"Shape_Leng":0}},{"type":"Feature","id":24,"geometry":{"type":"LineString","coordinates":[[-74.103645687918956,4.6381299218193108],[-74.103674124374379,4.6381354336130638]]},"properties":{"FID":24,"Entity":"Line","Handle":"59A","Layer":".CF ENTIBADO","LyrFrzn":0,"LyrOn":1,"Color":1,"Linetype":"Continuous","Elevation":1.3640356096199999,"LineWt":0,"RefName":" ","DocUpdate":1771286400000,"DocId":3052202820320000000,"GlobalWidt":0,"Shape_Leng":0}},{"type":"Feature","id":25,"geometry":{"type":"LineString","coordinates":[[-74.103674964373837,4.6381362819245116],[-74.103669483946163,4.6381660105462146]]},"properties":{"FID":25,"Entity":"Line","Handle":"59B","Layer":".CF ENTIBADO","LyrFrzn":0,"LyrOn":1,"Color":1,"Linetype":"Continuous","Elevation":1.3640356096199999,"LineWt":0,"RefName":" ","DocUpdate":1771286400000,"DocId":3052202820320000000,"GlobalWidt":0,"Shape_Leng":0}},{"type":"Feature","id":26,"geometry":{"type":"LineString","coordinates":[[-74.103669145166009,4.6381678463345706],[-74.103663643289281,4.6381976958333908]]},"properties":{"FID":26,"Entity":"Line","Handle":"59C","Layer":".CF ENTIBADO","LyrFrzn":0,"LyrOn":1,"Color":1,"Linetype":"Continuous","Elevation":1.3640356096199999,"LineWt":0,"RefName":" ","DocUpdate":1771286400000,"DocId":3052202820320000000,"GlobalWidt":0,"Shape_Leng":0}},{"type":"Feature","id":27,"geometry":{"type":"LineString","coordinates":[[-74.103662705950015,4.6381974988230272],[-74.103664957434546,4.6381979723101763],[-74.103664575197911,4.6381997992689783],[-74.103662323713337,4.6381993252298788],[-74.103662705950015,4.6381974988230272]]},"properties":{"FID":27,"Entity":"LWPolyline","Handle":"59D","Layer":".CF ENTIBADO","LyrFrzn":0,"LyrOn":1,"Color":1,"Linetype":"Continuous","Elevation":1.3640356096199999,"LineWt":0,"RefName":" ","DocUpdate":1771286400000,"DocId":3052202820320000000,"GlobalWidt":0,"Shape_Leng":0}},{"type":"Feature","id":28,"geometry":{"type":"LineString","coordinates":[[-74.103634381211407,4.6381934430609428],[-74.103632131927199,4.6381929690216701],[-74.10363251196361,4.6381911426149056],[-74.103634763448113,4.6381916161021541],[-74.103634381211407,4.6381934430609428]]},"properties":{"FID":28,"Entity":"LWPolyline","Handle":"59E","Layer":".CF ENTIBADO","LyrFrzn":0,"LyrOn":1,"Color":1,"Linetype":"Continuous","Elevation":1.3640356096199999,"LineWt":0,"RefName":" ","DocUpdate":1771286400000,"DocId":3052202820320000000,"GlobalWidt":0,"Shape_Leng":0}},{"type":"Feature","id":29,"geometry":{"type":"LineString","coordinates":[[-74.103640019989612,4.6381617158334949],[-74.103637770705504,4.6381612423461771],[-74.103638152942196,4.6381594153873893],[-74.103640402226304,4.6381598894266469],[-74.103640019989612,4.6381617158334949]]},"properties":{"FID":29,"Entity":"LWPolyline","Handle":"59F","Layer":".CF ENTIBADO","LyrFrzn":0,"LyrOn":1,"Color":1,"Linetype":"Continuous","Elevation":1.26990687497,"LineWt":0,"RefName":" ","DocUpdate":1771286400000,"DocId":3052202820320000000,"GlobalWidt":0,"Shape_Leng":0}},{"type":"Feature","id":30,"geometry":{"type":"LineString","coordinates":[[-74.103670419705381,4.6381681156374963],[-74.103668169871142,4.6381676415983533],[-74.103668552107777,4.638165815191492],[-74.103670801391914,4.6381662886787023],[-74.103670419705381,4.6381681156374963]]},"properties":{"FID":30,"Entity":"LWPolyline","Handle":"5A0","Layer":".CF ENTIBADO","LyrFrzn":0,"LyrOn":1,"Color":1,"Linetype":"Continuous","Elevation":1.26990687497,"LineWt":0,"RefName":" ","DocUpdate":1771286400000,"DocId":3052202820320000000,"GlobalWidt":0,"Shape_Leng":0}},{"type":"Feature","id":31,"geometry":{"type":"LineString","coordinates":[[-74.103675128298178,4.638136316139156],[-74.103673981927955,4.6381360755327288],[-74.103674363614459,4.638134249125887],[-74.103676613448584,4.6381347226130618],[-74.103676231211949,4.6381365479160266],[-74.103675128298178,4.638136316139156]]},"properties":{"FID":31,"Entity":"LWPolyline","Handle":"5A1","Layer":".CF ENTIBADO","LyrFrzn":0,"LyrOn":1,"Color":1,"Linetype":"Continuous","Elevation":1.3640356096199999,"LineWt":0,"RefName":" ","DocUpdate":1771286400000,"DocId":3052202820320000000,"GlobalWidt":0,"Shape_Leng":0}},{"type":"Feature","id":32,"geometry":{"type":"LineString","coordinates":[[-74.103645536672602,4.6381306001677993],[-74.103643286838519,4.6381301266805259],[-74.103643669075169,4.6381282997217319],[-74.103645918359248,4.638128775416809],[-74.103645536672602,4.6381306001677993]]},"properties":{"FID":32,"Entity":"LWPolyline","Handle":"5A2","Layer":".CF ENTIBADO","LyrFrzn":0,"LyrOn":1,"Color":1,"Linetype":"Continuous","Elevation":1.3640356096199999,"LineWt":0,"RefName":" ","DocUpdate":1771286400000,"DocId":3052202820320000000,"GlobalWidt":0,"Shape_Leng":0}},{"type":"Feature","id":33,"geometry":{"type":"LineString","coordinates":[[-74.103664608080038,4.6381665659855456],[-74.103663337391083,4.6381662928188421],[-74.103663578833348,4.6381651585587553],[-74.103664849522261,4.6381654300696313],[-74.103664608080038,4.6381665659855456]]},"properties":{"FID":33,"Entity":"LWPolyline","Handle":"5A3","Layer":".CF ENTIBADO","LyrFrzn":0,"LyrOn":1,"Color":1,"Linetype":"Continuous","Elevation":1.26990687497,"LineWt":0,"RefName":" ","DocUpdate":1771286400000,"DocId":3052202820320000000,"GlobalWidt":0,"Shape_Leng":0}},{"type":"Feature","id":34,"geometry":{"type":"LineString","coordinates":[[-74.103668298016444,4.6381670234129357],[-74.103667439888895,4.6381668407502579],[-74.103667565834854,4.6381662490583917],[-74.103668423962418,4.6381664317210642],[-74.103668298016444,4.6381670234129357]]},"properties":{"FID":34,"Entity":"LWPolyline","Handle":"5A4","Layer":".CF ENTIBADO","LyrFrzn":0,"LyrOn":1,"Color":1,"Linetype":"Continuous","Elevation":1.26990687497,"LineWt":0,"RefName":" ","DocUpdate":1771286400000,"DocId":3052202820320000000,"GlobalWidt":0,"Shape_Leng":0}},{"type":"Feature","id":35,"geometry":{"type":"LineString","coordinates":[[-74.103645144498429,4.638161370125002],[-74.103652332966035,4.6381628783301068]]},"properties":{"FID":35,"Entity":"LWPolyline","Handle":"5A5","Layer":".CF ENTIBADO","LyrFrzn":0,"LyrOn":1,"Color":1,"Linetype":"Continuous","Elevation":1.26990687497,"LineWt":0,"RefName":" ","DocUpdate":1771286400000,"DocId":3052202820320000000,"GlobalWidt":0,"Shape_Leng":0}},{"type":"Feature","id":36,"geometry":{"type":"LineString","coordinates":[[-74.103653605855101,4.6381631459772841],[-74.103663562883909,4.6381652347280422]]},"properties":{"FID":36,"Entity":"LWPolyline","Handle":"5A6","Layer":".CF ENTIBADO","LyrFrzn":0,"LyrOn":1,"Color":1,"Linetype":"Continuous","Elevation":1.26990687497,"LineWt":0,"RefName":" ","DocUpdate":1771286400000,"DocId":3052202820320000000,"GlobalWidt":0,"Shape_Leng":0}},{"type":"Feature","id":37,"geometry":{"type":"LineString","coordinates":[[-74.10366483522283,4.6381655007193778],[-74.103667602133797,4.6381660812651484],[-74.10366738929055,4.6381670791932583],[-74.103664624579508,4.6381664881604054]]},"properties":{"FID":37,"Entity":"LWPolyline","Handle":"5A7","Layer":".CF ENTIBADO","LyrFrzn":0,"LyrOn":1,"Color":1,"Linetype":"Continuous","Elevation":1.26990687497,"LineWt":0,"RefName":" ","DocUpdate":1771286400000,"DocId":3052202820320000000,"GlobalWidt":0,"Shape_Leng":0}},{"type":"Feature","id":38,"geometry":{"type":"LineString","coordinates":[[-74.10366335334065,4.6381662205131873],[-74.103653394661606,4.638164131762494]]},"properties":{"FID":38,"Entity":"LWPolyline","Handle":"5A8","Layer":".CF ENTIBADO","LyrFrzn":0,"LyrOn":1,"Color":1,"Linetype":"Continuous","Elevation":1.26990687497,"LineWt":0,"RefName":" ","DocUpdate":1771286400000,"DocId":3052202820320000000,"GlobalWidt":0,"Shape_Leng":0}},{"type":"Feature","id":39,"geometry":{"type":"LineString","coordinates":[[-74.103652122322671,4.6381638657711379],[-74.103644933855094,4.6381623581179712]]},"properties":{"FID":39,"Entity":"LWPolyline","Handle":"5A9","Layer":".CF ENTIBADO","LyrFrzn":0,"LyrOn":1,"Color":1,"Linetype":"Continuous","Elevation":1.26990687497,"LineWt":0,"RefName":" ","DocUpdate":1771286400000,"DocId":3052202820320000000,"GlobalWidt":0,"Shape_Leng":0}},{"type":"Feature","id":40,"geometry":{"type":"LineString","coordinates":[[-74.103643660966029,4.6381620904707761],[-74.103640892404883,4.6381615099249753],[-74.103641105248087,4.6381605097890919],[-74.103643872159481,4.6381611030297343]]},"properties":{"FID":40,"Entity":"LWPolyline","Handle":"5AA","Layer":".CF ENTIBADO","LyrFrzn":0,"LyrOn":1,"Color":1,"Linetype":"Continuous","Elevation":1.26990687497,"LineWt":0,"RefName":" ","DocUpdate":1771286400000,"DocId":3052202820320000000,"GlobalWidt":0,"Shape_Leng":0}},{"type":"Feature","id":41,"geometry":{"type":"LineString","coordinates":[[-74.103668218818939,4.6381673943242667],[-74.103667949814678,4.6381669489129909]]},"properties":{"FID":41,"Entity":"LWPolyline","Handle":"5AB","Layer":".CF ENTIBADO","LyrFrzn":0,"LyrOn":1,"Color":1,"Linetype":"Continuous","Elevation":1.26990687497,"LineWt":0,"RefName":" ","DocUpdate":1771286400000,"DocId":3052202820320000000,"GlobalWidt":0,"Shape_Leng":0}},{"type":"Feature","id":42,"geometry":{"type":"LineString","coordinates":[[-74.10366807631074,4.6381663577730432],[-74.103668503159923,4.6381660613616749]]},"properties":{"FID":42,"Entity":"LWPolyline","Handle":"5AC","Layer":".CF ENTIBADO","LyrFrzn":0,"LyrOn":1,"Color":1,"Linetype":"Continuous","Elevation":1.26990687497,"LineWt":0,"RefName":" ","DocUpdate":1771286400000,"DocId":3052202820320000000,"GlobalWidt":0,"Shape_Leng":0}},{"type":"Feature","id":43,"geometry":{"type":"LineString","coordinates":[[-74.103641071149454,4.6381606775822428],[-74.103640274080973,4.6381605076120573],[-74.103640148135,4.6381610993039262],[-74.103640944653392,4.6381612692741347]]},"properties":{"FID":43,"Entity":"LWPolyline","Handle":"5AD","Layer":".CF ENTIBADO","LyrFrzn":0,"LyrOn":1,"Color":1,"Linetype":"Continuous","Elevation":1.26990687497,"LineWt":0,"RefName":" ","DocUpdate":1771286400000,"DocId":3052202820320000000,"GlobalWidt":0,"Shape_Leng":0}},{"type":"Feature","id":44,"geometry":{"type":"LineString","coordinates":[[-74.103640068937395,4.6381614680074676],[-74.103640495786649,4.6381611732519641]]},"properties":{"FID":44,"Entity":"LWPolyline","Handle":"5AE","Layer":".CF ENTIBADO","LyrFrzn":0,"LyrOn":1,"Color":1,"Linetype":"Continuous","Elevation":1.26990687497,"LineWt":0,"RefName":" ","DocUpdate":1771286400000,"DocId":3052202820320000000,"GlobalWidt":0,"Shape_Leng":0}},{"type":"Feature","id":45,"geometry":{"type":"LineString","coordinates":[[-74.103640622282754,4.6381605821120226],[-74.10364035327845,4.6381601350448864]]},"properties":{"FID":45,"Entity":"LWPolyline","Handle":"5AF","Layer":".CF ENTIBADO","LyrFrzn":0,"LyrOn":1,"Color":1,"Linetype":"Continuous","Elevation":1.26990687497,"LineWt":0,"RefName":" ","DocUpdate":1771286400000,"DocId":3052202820320000000,"GlobalWidt":0,"Shape_Leng":0}},{"type":"Feature","id":46,"geometry":{"type":"LineString","coordinates":[[-74.103644915705658,4.6381624431184854],[-74.103643645016774,4.6381621716075765],[-74.103643886459011,4.6381610356916685],[-74.103645157147966,4.6381613088584182],[-74.103644915705658,4.6381624431184854]]},"properties":{"FID":46,"Entity":"LWPolyline","Handle":"5B0","Layer":".CF ENTIBADO","LyrFrzn":0,"LyrOn":1,"Color":1,"Linetype":"Continuous","Elevation":1.26990687497,"LineWt":0,"RefName":" ","DocUpdate":1771286400000,"DocId":3052202820320000000,"GlobalWidt":0,"Shape_Leng":0}},{"type":"Feature","id":47,"geometry":{"type":"LineString","coordinates":[[-74.103658969302884,4.6381982926612331],[-74.103657698613887,4.638198020046457],[-74.103657940056124,4.6381968841305428],[-74.103659210745136,4.638197157297264],[-74.103658969302884,4.6381982926612331]]},"properties":{"FID":47,"Entity":"LWPolyline","Handle":"5B1","Layer":".CF ENTIBADO","LyrFrzn":0,"LyrOn":1,"Color":1,"Linetype":"Continuous","Elevation":1.3640356096199999,"LineWt":0,"RefName":" ","DocUpdate":1771286400000,"DocId":3052202820320000000,"GlobalWidt":0,"Shape_Leng":0}},{"type":"Feature","id":48,"geometry":{"type":"LineString","coordinates":[[-74.103662451858654,4.638198707044463],[-74.103661593731061,4.6381985243817896],[-74.103661719677049,4.6381979326899119],[-74.103662577804641,4.638198115352596],[-74.103662451858654,4.638198707044463]]},"properties":{"FID":48,"Entity":"LWPolyline","Handle":"5B2","Layer":".CF ENTIBADO","LyrFrzn":0,"LyrOn":1,"Color":1,"Linetype":"Continuous","Elevation":1.3640356096199999,"LineWt":0,"RefName":" ","DocUpdate":1771286400000,"DocId":3052202820320000000,"GlobalWidt":0,"Shape_Leng":0}},{"type":"Feature","id":49,"geometry":{"type":"LineString","coordinates":[[-74.10363950572048,4.6381930973524899],[-74.10364669418837,4.6381946055576506]]},"properties":{"FID":49,"Entity":"LWPolyline","Handle":"5B3","Layer":".CF ENTIBADO","LyrFrzn":0,"LyrOn":1,"Color":1,"Linetype":"Continuous","Elevation":1.3640356096199999,"LineWt":0,"RefName":" ","DocUpdate":1771286400000,"DocId":3052202820320000000,"GlobalWidt":0,"Shape_Leng":0}},{"type":"Feature","id":50,"geometry":{"type":"LineString","coordinates":[[-74.103647966527362,4.6381948715490191],[-74.103657923556568,4.6381969597479049]]},"properties":{"FID":50,"Entity":"LWPolyline","Handle":"5B4","Layer":".CF ENTIBADO","LyrFrzn":0,"LyrOn":1,"Color":1,"Linetype":"Continuous","Elevation":1.3640356096199999,"LineWt":0,"RefName":" ","DocUpdate":1771286400000,"DocId":3052202820320000000,"GlobalWidt":0,"Shape_Leng":0}},{"type":"Feature","id":51,"geometry":{"type":"LineString","coordinates":[[-74.103659196445705,4.6381972273950689],[-74.103661755975978,4.6381977648966739],[-74.103661543132787,4.63819876503256],[-74.103658985252281,4.6381982148361107]]},"properties":{"FID":51,"Entity":"LWPolyline","Handle":"5B5","Layer":".CF ENTIBADO","LyrFrzn":0,"LyrOn":1,"Color":1,"Linetype":"Continuous","Elevation":1.3640356096199999,"LineWt":0,"RefName":" ","DocUpdate":1771286400000,"DocId":3052202820320000000,"GlobalWidt":0,"Shape_Leng":0}},{"type":"Feature","id":52,"geometry":{"type":"LineString","coordinates":[[-74.103657712913218,4.6381979471889299],[-74.103647755883983,4.6381958589900449]]},"properties":{"FID":52,"Entity":"LWPolyline","Handle":"5B6","Layer":".CF ENTIBADO","LyrFrzn":0,"LyrOn":1,"Color":1,"Linetype":"Continuous","Elevation":1.3640356096199999,"LineWt":0,"RefName":" ","DocUpdate":1771286400000,"DocId":3052202820320000000,"GlobalWidt":0,"Shape_Leng":0}},{"type":"Feature","id":53,"geometry":{"type":"LineString","coordinates":[[-74.103646483544935,4.6381955913428303],[-74.103639295077087,4.638194084793513]]},"properties":{"FID":53,"Entity":"LWPolyline","Handle":"5B7","Layer":".CF ENTIBADO","LyrFrzn":0,"LyrOn":1,"Color":1,"Linetype":"Continuous","Elevation":1.3640356096199999,"LineWt":0,"RefName":" ","DocUpdate":1771286400000,"DocId":3052202820320000000,"GlobalWidt":0,"Shape_Leng":0}},{"type":"Feature","id":54,"geometry":{"type":"LineString","coordinates":[[-74.10363802218798,4.6381938171463073],[-74.103635253626706,4.6381932366004799],[-74.103635466469939,4.6381922364646035],[-74.103638233381432,4.6381928297052664]]},"properties":{"FID":54,"Entity":"LWPolyline","Handle":"5B8","Layer":".CF ENTIBADO","LyrFrzn":0,"LyrOn":1,"Color":1,"Linetype":"Continuous","Elevation":1.3640356096199999,"LineWt":0,"RefName":" ","DocUpdate":1771286400000,"DocId":3052202820320000000,"GlobalWidt":0,"Shape_Leng":0}},{"type":"Feature","id":55,"geometry":{"type":"LineString","coordinates":[[-74.10366237266112,4.6381990774038568],[-74.103662105857182,4.6381986325444391]]},"properties":{"FID":55,"Entity":"LWPolyline","Handle":"5B9","Layer":".CF ENTIBADO","LyrFrzn":0,"LyrOn":1,"Color":1,"Linetype":"Continuous","Elevation":1.3640356096199999,"LineWt":0,"RefName":" ","DocUpdate":1771286400000,"DocId":3052202820320000000,"GlobalWidt":0,"Shape_Leng":0}},{"type":"Feature","id":56,"geometry":{"type":"LineString","coordinates":[[-74.103662230152949,4.6381980414045696],[-74.103662657002147,4.6381977444412605]]},"properties":{"FID":56,"Entity":"LWPolyline","Handle":"5BA","Layer":".CF ENTIBADO","LyrFrzn":0,"LyrOn":1,"Color":1,"Linetype":"Continuous","Elevation":1.3640356096199999,"LineWt":0,"RefName":" ","DocUpdate":1771286400000,"DocId":3052202820320000000,"GlobalWidt":0,"Shape_Leng":0}},{"type":"Feature","id":57,"geometry":{"type":"LineString","coordinates":[[-74.103635430171011,4.6381924048097805],[-74.10363463530274,4.6381922331836618],[-74.103634509356723,4.6381928243235881],[-74.103635304225008,4.6381929965016502]]},"properties":{"FID":57,"Entity":"LWPolyline","Handle":"5BB","Layer":".CF ENTIBADO","LyrFrzn":0,"LyrOn":1,"Color":1,"Linetype":"Continuous","Elevation":1.3640356096199999,"LineWt":0,"RefName":" ","DocUpdate":1771286400000,"DocId":3052202820320000000,"GlobalWidt":0,"Shape_Leng":0}},{"type":"Feature","id":58,"geometry":{"type":"LineString","coordinates":[[-74.103634430159204,4.6381931952349218],[-74.103634857008487,4.6381929004794165]]},"properties":{"FID":58,"Entity":"LWPolyline","Handle":"5BC","Layer":".CF ENTIBADO","LyrFrzn":0,"LyrOn":1,"Color":1,"Linetype":"Continuous","Elevation":1.3640356096199999,"LineWt":0,"RefName":" ","DocUpdate":1771286400000,"DocId":3052202820320000000,"GlobalWidt":0,"Shape_Leng":0}},{"type":"Feature","id":59,"geometry":{"type":"LineString","coordinates":[[-74.103634983504563,4.6381923087875281],[-74.103634714500274,4.638191862272337]]},"properties":{"FID":59,"Entity":"LWPolyline","Handle":"5BD","Layer":".CF ENTIBADO","LyrFrzn":0,"LyrOn":1,"Color":1,"Linetype":"Continuous","Elevation":1.3640356096199999,"LineWt":0,"RefName":" ","DocUpdate":1771286400000,"DocId":3052202820320000000,"GlobalWidt":0,"Shape_Leng":0}},{"type":"Feature","id":60,"geometry":{"type":"LineString","coordinates":[[-74.103639276927666,4.6381941697940237],[-74.103638006238654,4.6381938966272704],[-74.103638247680991,4.6381927629191493],[-74.103639518369931,4.6381930338781112],[-74.103639276927666,4.6381941697940237]]},"properties":{"FID":60,"Entity":"LWPolyline","Handle":"5BE","Layer":".CF ENTIBADO","LyrFrzn":0,"LyrOn":1,"Color":1,"Linetype":"Continuous","Elevation":1.3640356096199999,"LineWt":0,"RefName":" ","DocUpdate":1771286400000,"DocId":3052202820320000000,"GlobalWidt":0,"Shape_Leng":0}},{"type":"Feature","id":61,"geometry":{"type":"LineString","coordinates":[[-74.103647741584496,4.6381959274320037],[-74.103646470895555,4.6381956564730498],[-74.103646712337806,4.6381945205571382],[-74.103647983026818,4.6381947937238825],[-74.103647741584496,4.6381959274320037]]},"properties":{"FID":61,"Entity":"LWPolyline","Handle":"5BF","Layer":".CF ENTIBADO","LyrFrzn":0,"LyrOn":1,"Color":1,"Linetype":"Continuous","Elevation":1.3640356096199999,"LineWt":0,"RefName":" ","DocUpdate":1771286400000,"DocId":3052202820320000000,"GlobalWidt":0,"Shape_Leng":0}},{"type":"Feature","id":62,"geometry":{"type":"LineString","coordinates":[[-74.103674966744862,4.6382007029732089],[-74.103656698855318,4.6383103860101933]]},"properties":{"FID":62,"Entity":"Line","Handle":"5C0","Layer":". CF EXCAVACION","LyrFrzn":0,"LyrOn":1,"Color":4,"Linetype":"Continuous","Elevation":1.74861252557,"LineWt":0,"RefName":" ","DocUpdate":1771286400000,"DocId":3052202820320000000,"GlobalWidt":0,"Shape_Leng":0}},{"type":"Feature","id":63,"geometry":{"type":"LineString","coordinates":[[-74.103640671931586,4.638194372306951],[-74.103626893353763,4.6382777537975937]]},"properties":{"FID":63,"Entity":"Line","Handle":"5C1","Layer":". CF EXCAVACION","LyrFrzn":0,"LyrOn":1,"Color":4,"Linetype":"Continuous","Elevation":1.3640356096199999,"LineWt":0,"RefName":" ","DocUpdate":1771286400000,"DocId":3052202820320000000,"GlobalWidt":0,"Shape_Leng":0}},{"type":"Feature","id":64,"geometry":{"type":"LineString","coordinates":[[-74.103599999215135,4.6382996229328635],[-74.103618558613206,4.6381888227456951]]},"properties":{"FID":64,"Entity":"Line","Handle":"5C2","Layer":". CF EXCAVACION","LyrFrzn":0,"LyrOn":1,"Color":4,"Linetype":"Continuous","Elevation":4.45291813547,"LineWt":0,"RefName":" ","DocUpdate":1771286400000,"DocId":3052202820320000000,"GlobalWidt":0,"Shape_Leng":0}},{"type":"Feature","id":65,"geometry":{"type":"LineString","coordinates":[[-74.103640107429257,4.6382808226860819],[-74.103653870042294,4.6381971409366187]]},"properties":{"FID":65,"Entity":"Line","Handle":"5C3","Layer":". CF EXCAVACION","LyrFrzn":0,"LyrOn":1,"Color":4,"Linetype":"Continuous","Elevation":3.7035236736399999,"LineWt":0,"RefName":" ","DocUpdate":1771286400000,"DocId":3052202820320000000,"GlobalWidt":0,"Shape_Leng":0}},{"type":"Feature","id":66,"geometry":{"type":"LineString","coordinates":[[-74.103656698855318,4.6383103860101933],[-74.103599999215135,4.6382996229328635]]},"properties":{"FID":66,"Entity":"Line","Handle":"5C4","Layer":". CF EXCAVACION","LyrFrzn":0,"LyrOn":1,"Color":4,"Linetype":"Continuous","Elevation":4.45291813547,"LineWt":0,"RefName":" ","DocUpdate":1771286400000,"DocId":3052202820320000000,"GlobalWidt":0,"Shape_Leng":0}},{"type":"Feature","id":67,"geometry":{"type":"LineString","coordinates":[[-74.103640107429257,4.6382808226860819],[-74.103656698855318,4.6383103860101933]]},"properties":{"FID":67,"Entity":"Line","Handle":"5C5","Layer":". CF EXCAVACION","LyrFrzn":0,"LyrOn":1,"Color":4,"Linetype":"Continuous","Elevation":3.7035236736399999,"LineWt":0,"RefName":" ","DocUpdate":1771286400000,"DocId":3052202820320000000,"GlobalWidt":0,"Shape_Leng":0}},{"type":"Feature","id":68,"geometry":{"type":"LineString","coordinates":[[-74.103626893353763,4.6382777537975937],[-74.103599999215135,4.6382996229328635]]},"properties":{"FID":68,"Entity":"Line","Handle":"5C6","Layer":". CF EXCAVACION","LyrFrzn":0,"LyrOn":1,"Color":4,"Linetype":"Continuous","Elevation":3.9828882961300001,"LineWt":0,"RefName":" ","DocUpdate":1771286400000,"DocId":3052202820320000000,"GlobalWidt":0,"Shape_Leng":0}},{"type":"Feature","id":69,"geometry":{"type":"LineString","coordinates":[[-74.103674966744862,4.6382007029732089],[-74.103664823789003,4.6381986053983546]]},"properties":{"FID":69,"Entity":"Line","Handle":"5C7","Layer":". CF EXCAVACION","LyrFrzn":0,"LyrOn":1,"Color":4,"Linetype":"Continuous","Elevation":1.74861252557,"LineWt":0,"RefName":" ","DocUpdate":1771286400000,"DocId":3052202820320000000,"GlobalWidt":0,"Shape_Leng":0}},{"type":"Feature","id":70,"geometry":{"type":"LineString","coordinates":[[-74.103618558613206,4.6381888227456951],[-74.103632383818166,4.6381917574886398]]},"properties":{"FID":70,"Entity":"Line","Handle":"5C8","Layer":". CF EXCAVACION","LyrFrzn":0,"LyrOn":1,"Color":4,"Linetype":"Continuous","Elevation":1.72031784401,"LineWt":0,"RefName":" ","DocUpdate":1771286400000,"DocId":3052202820320000000,"GlobalWidt":0,"Shape_Leng":0}},{"type":"Feature","id":71,"geometry":{"type":"LineString","coordinates":[[-74.103640107429257,4.6382808226860819],[-74.103626893353763,4.6382777537975937]]},"properties":{"FID":71,"Entity":"Line","Handle":"5C9","Layer":". CF EXCAVACION","LyrFrzn":0,"LyrOn":1,"Color":4,"Linetype":"Continuous","Elevation":3.7035236736399999,"LineWt":0,"RefName":" ","DocUpdate":1771286400000,"DocId":3052202820320000000,"GlobalWidt":0,"Shape_Leng":0}},{"type":"Feature","id":72,"geometry":{"type":"LineString","coordinates":[[-74.103664877307494,4.6381880289875204],[-74.103657828008807,4.6381865097384516],[-74.103656313905688,4.6381935835475678],[-74.103663362104271,4.6381951022447421],[-74.103664877307494,4.6381880289875204]]},"properties":{"FID":72,"Entity":"LWPolyline","Handle":"5CE","Layer":". CF EXCAVACION","LyrFrzn":0,"LyrOn":1,"Color":4,"Linetype":"Continuous","Elevation":0,"LineWt":0,"RefName":" ","DocUpdate":1771286400000,"DocId":3052202820320000000,"GlobalWidt":0,"Shape_Leng":0}},{"type":"Feature","id":73,"geometry":{"type":"LineString","coordinates":[[-74.103662736457068,4.6381894177655241],[-74.103659212082761,4.6381886584169525],[-74.103658453655981,4.6381921942176731],[-74.10366197913045,4.6381929535662065],[-74.103662736457068,4.6381894177655241]]},"properties":{"FID":73,"Entity":"LWPolyline","Handle":"5CF","Layer":". CF EXCAVACION","LyrFrzn":0,"LyrOn":1,"Color":4,"Linetype":"Continuous","Elevation":0,"LineWt":0,"RefName":" ","DocUpdate":1771286400000,"DocId":3052202820320000000,"GlobalWidt":0,"Shape_Leng":0}},{"type":"Feature","id":74,"geometry":{"type":"LineString","coordinates":[[-74.103653380362189,4.6381642024122378],[-74.103652109673234,4.6381639292455112],[-74.103652351115457,4.638162793329597],[-74.103653621804412,4.6381630664963271],[-74.103653380362189,4.6381642024122378]]},"properties":{"FID":74,"Entity":"LWPolyline","Handle":"5D5","Layer":".CF ENTIBADO","LyrFrzn":0,"LyrOn":1,"Color":1,"Linetype":"Continuous","Elevation":1.26990687497,"LineWt":0,"RefName":" ","DocUpdate":1771286400000,"DocId":3052202820320000000,"GlobalWidt":0,"Shape_Leng":0}},{"type":"Feature","id":75,"geometry":{"type":"LineString","coordinates":[[-74.181367941322534,4.6997351993846523],[-74.181368407086921,4.6997376245625162]]},"properties":{"FID":75,"Entity":"Line","Handle":"679","Layer":". CF CENIT REALINEACION 10IN","LyrFrzn":0,"LyrOn":1,"Color":6,"Linetype":"Continuous","Elevation":0,"LineWt":0,"RefName":" ","DocUpdate":1771286400000,"DocId":3052202820320000000,"GlobalWidt":0,"Shape_Leng":0}},{"type":"Feature","id":76,"geometry":{"type":"LineString","coordinates":[[-74.181365695458624,4.6997483393270709],[-74.181398850704127,4.6997431869447528]]},"properties":{"FID":76,"Entity":"Line","Handle":"67A","Layer":". CF CENIT REALINEACION 10IN","LyrFrzn":0,"LyrOn":1,"Color":6,"Linetype":"CENTER2","Elevation":0,"LineWt":0,"RefName":" ","DocUpdate":1771286400000,"DocId":3052202820320000000,"GlobalWidt":0,"Shape_Leng":0}},{"type":"Feature","id":77,"geometry":{"type":"LineString","coordinates":[[-74.181406623886801,4.6997426630939332],[-74.181517346129368,4.6997448206920787]]},"properties":{"FID":77,"Entity":"Line","Handle":"67B","Layer":". CF CENIT REALINEACION 10IN","LyrFrzn":0,"LyrOn":1,"Color":6,"Linetype":"CENTER2","Elevation":0,"LineWt":0,"RefName":" ","DocUpdate":1771286400000,"DocId":3052202820320000000,"GlobalWidt":0,"Shape_Leng":0}},{"type":"Feature","id":78,"geometry":{"type":"LineString","coordinates":[[-74.181521259701597,4.6997447262773653],[-74.182090209284851,4.6997061462726935]]},"properties":{"FID":78,"Entity":"Line","Handle":"67C","Layer":". CF CENIT REALINEACION 10IN","LyrFrzn":0,"LyrOn":1,"Color":6,"Linetype":"CENTER2","Elevation":0,"LineWt":0,"RefName":" ","DocUpdate":1771286400000,"DocId":3052202820320000000,"GlobalWidt":0,"Shape_Leng":0}},{"type":"Feature","id":79,"geometry":{"type":"LineString","coordinates":[[-74.182092468064866,4.699705936194591],[-74.182191347346489,4.6996941908592262]]},"properties":{"FID":79,"Entity":"Line","Handle":"67D","Layer":". CF CENIT REALINEACION 10IN","LyrFrzn":0,"LyrOn":1,"Color":6,"Linetype":"CENTER2","Elevation":0,"LineWt":0,"RefName":" ","DocUpdate":1771286400000,"DocId":3052202820320000000,"GlobalWidt":0,"Shape_Leng":0}},{"type":"Feature","id":80,"geometry":{"type":"LineString","coordinates":[[-74.182191347346489,4.6996941908592262],[-74.182376818181694,4.6996734688968109]]},"properties":{"FID":80,"Entity":"Line","Handle":"67E","Layer":". CF CENIT REALINEACION 10IN","LyrFrzn":0,"LyrOn":1,"Color":6,"Linetype":"CENTER2","Elevation":0,"LineWt":0,"RefName":" ","DocUpdate":1771286400000,"DocId":3052202820320000000,"GlobalWidt":0,"Shape_Leng":0}},{"type":"Feature","id":81,"geometry":{"type":"LineString","coordinates":[[-74.182376818181694,4.6996734688968109],[-74.182669681371834,4.6996441777476647]]},"properties":{"FID":81,"Entity":"Line","Handle":"67F","Layer":". CF CENIT REALINEACION 10IN","LyrFrzn":0,"LyrOn":1,"Color":6,"Linetype":"CENTER2","Elevation":0,"LineWt":0,"RefName":" ","DocUpdate":1771286400000,"DocId":3052202820320000000,"GlobalWidt":0,"Shape_Leng":0}},{"type":"Feature","id":82,"geometry":{"type":"LineString","coordinates":[[-74.182671413692844,4.6996440378441573],[-74.183347211174862,4.6996027786555841]]},"properties":{"FID":82,"Entity":"Line","Handle":"680","Layer":". CF CENIT REALINEACION 10IN","LyrFrzn":0,"LyrOn":1,"Color":6,"Linetype":"CENTER2","Elevation":0,"LineWt":0,"RefName":" ","DocUpdate":1771286400000,"DocId":3052202820320000000,"GlobalWidt":0,"Shape_Leng":0}},{"type":"Feature","id":83,"geometry":{"type":"LineString","coordinates":[[-74.183347211174862,4.6996027786555841],[-74.183971532742632,4.6995534042528888]]},"properties":{"FID":83,"Entity":"Line","Handle":"681","Layer":". CF CENIT REALINEACION 10IN","LyrFrzn":0,"LyrOn":1,"Color":6,"Linetype":"CENTER2","Elevation":0,"LineWt":0,"RefName":" ","DocUpdate":1771286400000,"DocId":3052202820320000000,"GlobalWidt":0,"Shape_Leng":0}},{"type":"Feature","id":84,"geometry":{"type":"LineString","coordinates":[[-74.183971532742632,4.6995534042528888],[-74.184475510317554,4.6995126007140158]]},"properties":{"FID":84,"Entity":"Line","Handle":"682","Layer":". CF CENIT REALINEACION 10IN","LyrFrzn":0,"LyrOn":1,"Color":6,"Linetype":"CENTER2","Elevation":0,"LineWt":0,"RefName":" ","DocUpdate":1771286400000,"DocId":3052202820320000000,"GlobalWidt":0,"Shape_Leng":0}},{"type":"Feature","id":85,"geometry":{"type":"LineString","coordinates":[[-74.184475806281156,4.699512579142735],[-74.184832376317516,4.6994860646316523]]},"properties":{"FID":85,"Entity":"Line","Handle":"683","Layer":". CF CENIT REALINEACION 10IN","LyrFrzn":0,"LyrOn":1,"Color":6,"Linetype":"CENTER2","Elevation":0,"LineWt":0,"RefName":" ","DocUpdate":1771286400000,"DocId":3052202820320000000,"GlobalWidt":0,"Shape_Leng":0}},{"type":"Feature","id":86,"geometry":{"type":"LineString","coordinates":[[-74.184835224842573,4.699485942765107],[-74.184861801304635,4.6994856582842166]]},"properties":{"FID":86,"Entity":"Line","Handle":"684","Layer":". CF CENIT REALINEACION 10IN","LyrFrzn":0,"LyrOn":1,"Color":6,"Linetype":"CENTER2","Elevation":0,"LineWt":0,"RefName":" ","DocUpdate":1771286400000,"DocId":3052202820320000000,"GlobalWidt":0,"Shape_Leng":0}},{"type":"Feature","id":87,"geometry":{"type":"LineString","coordinates":[[-74.181365507685427,4.699747118452243],[-74.181398661280824,4.6997419682779524],[-74.181406646809123,4.6997414278371314],[-74.181517369601607,4.6997435854351846],[-74.181521176450147,4.6997434943480823],[-74.182090095776147,4.6997049182116521],[-74.18209235455592,4.6997047064777142],[-74.182191206331623,4.69969296445817],[-74.18237668871889,4.6996722408382183],[-74.182670449148205,4.699642860690588],[-74.183347126269965,4.6996015472787818],[-74.183971435183764,4.6995521728781071],[-74.184475412758076,4.6995113709951672],[-74.184475714222657,4.6995113477672046],[-74.184832286458814,4.6994848327038996],[-74.184835212001019,4.6994847091696519],[-74.184861788462769,4.6994844230329331]]},"properties":{"FID":87,"Entity":"LWPolyline","Handle":"685","Layer":". CF CENIT REALINEACION 10IN","LyrFrzn":0,"LyrOn":1,"Color":6,"Linetype":"CENTER2","Elevation":0,"LineWt":0,"RefName":" ","DocUpdate":1771286400000,"DocId":3052202820320000000,"GlobalWidt":0,"Shape_Leng":0}},{"type":"Feature","id":88,"geometry":{"type":"LineString","coordinates":[[-74.181365884882212,4.6997495602016528],[-74.181399038477394,4.6997444078195736],[-74.181406598763758,4.6997438966952263],[-74.18151732100651,4.6997460542933638],[-74.181521341302584,4.6997459576549572],[-74.182090323344013,4.6997073765414372],[-74.182092582123971,4.6997071659113825],[-74.182191487811224,4.6996954172603695],[-74.182376948194317,4.6996746947475252],[-74.18267064426098,4.6996453206808741],[-74.183347296079873,4.6996040105843404],[-74.183971630301329,4.699554634523766],[-74.184475610077627,4.6995138309844782],[-74.184475896689023,4.6995138088626858],[-74.184832466726263,4.6994872960073693],[-74.184835237684382,4.699487178016386],[-74.184861815796609,4.699486891879415]]},"properties":{"FID":88,"Entity":"LWPolyline","Handle":"686","Layer":". CF CENIT REALINEACION 10IN","LyrFrzn":0,"LyrOn":1,"Color":6,"Linetype":"CENTER2","Elevation":0,"LineWt":0,"RefName":" ","DocUpdate":1771286400000,"DocId":3052202820320000000,"GlobalWidt":0,"Shape_Leng":0}},{"type":"Feature","id":89,"geometry":{"type":"LineString","coordinates":[[-74.201734011815361,4.6984698859973735],[-74.201742985277249,4.6984690520655423],[-74.201748621758171,4.6984688835905253],[-74.201754235086952,4.69846942258732],[-74.201759737363332,4.6984706607590851],[-74.201876044376334,4.6985046276803093],[-74.201881812997627,4.6985058088174414],[-74.201887685854459,4.698506225414472],[-74.201893562720258,4.6985058702944862],[-74.202114430575236,4.6984779063079332],[-74.202117287316952,4.6984776358963058],[-74.204143457893338,4.6983517044650505],[-74.20415055810733,4.698350689390816],[-74.204157407938297,4.6983485571869945],[-74.204163833856484,4.6983453616777204],[-74.204231815083546,4.6983044927148914],[-74.204238304108841,4.6983012717472361],[-74.204245223468902,4.6982991348640093],[-74.204252394587684,4.6982981371933015],[-74.204264814585656,4.6982974223746039]]},"properties":{"FID":89,"Entity":"LWPolyline","Handle":"78F","Layer":". CF POLIDUCTO MANSILLA 10 REALINEACION","LyrFrzn":0,"LyrOn":1,"Color":6,"Linetype":"DASHED2","Elevation":0,"LineWt":13,"RefName":" ","DocUpdate":1771286400000,"DocId":3052202820320000000,"GlobalWidt":0,"Shape_Leng":0}},{"type":"Feature","id":90,"geometry":{"type":"LineString","coordinates":[[-74.204264885224092,4.6982986554064361],[-74.204252465226119,4.6982993702251328],[-74.204245489993269,4.6983003407475232],[-74.204238759634762,4.6983024192525837],[-74.20423244791634,4.6983055523338759],[-74.204164466688923,4.6983464196409352],[-74.20415786521383,4.698349702516353],[-74.204150828246711,4.6983518930576951],[-74.204143534032511,4.6983529358400666],[-74.20211736345297,4.6984788694794153],[-74.202114585377217,4.6984791304939133],[-74.201893716421708,4.6985070950326682],[-74.201887675561636,4.6985074597697105],[-74.201881638893028,4.6985070308157857],[-74.201875709561804,4.6985058155253441],[-74.201759394846704,4.6984718475015477],[-74.201754042385062,4.6984706428771288],[-74.201748581868273,4.6984701184580455],[-74.201743098820401,4.6984702823303657],[-74.201734125358428,4.698471115710257],[-74.201733897722491,4.6984686579404178],[-74.201742872834714,4.6984678240082989],[-74.201748662911342,4.6984676507479328],[-74.201754429220813,4.69846820453155],[-74.201760081530736,4.6984694762241039],[-74.201876377540401,4.6985034392836322],[-74.201881986076941,4.6985045869425424],[-74.201887695884778,4.6985049913188481],[-74.201893409569024,4.6985046461081561],[-74.202114276873402,4.6984766815698054],[-74.202117211731419,4.6984764045208847],[-74.204143381754065,4.69835047253809],[-74.204150288049675,4.6983494847009721],[-74.204156950829415,4.6983474107227607],[-74.204163201023761,4.6983443020586799],[-74.204231183901427,4.6983034347514412],[-74.204237850060778,4.6983001255098253],[-74.204244958533778,4.6982979304049861],[-74.204252325599839,4.6982969052650585],[-74.204264743947405,4.6982961904466647],[-74.204264885224092,4.6982986554064361]]},"properties":{"FID":90,"Entity":"LWPolyline","Handle":"790","Layer":". CF POLIDUCTO MANSILLA 10 REALINEACION","LyrFrzn":0,"LyrOn":1,"Color":6,"Linetype":"Continuous","Elevation":0,"LineWt":13,"RefName":" ","DocUpdate":1771286400000,"DocId":3052202820320000000,"GlobalWidt":0,"Shape_Leng":0}},{"type":"Feature","id":91,"geometry":{"type":"LineString","coordinates":[[-74.238079608361431,4.7149592460513432],[-74.238079065137029,4.7149558009441916],[-74.238075680202229,4.7149344437122718],[-74.238074143566237,4.7149278903180347],[-74.238071669525439,4.7149216323695766],[-74.238025861627875,4.7148266931797256],[-74.23802385311221,4.7148218112498013],[-74.23802243584872,4.7148167247636525],[-74.23799838035012,4.7147051935326401],[-74.237997422280216,4.7146977666605077],[-74.23799771986728,4.7146902838417093],[-74.237999265171553,4.7146829573128031],[-74.23800201434058,4.7146759949848542],[-74.23800588977646,4.7146695947392665]]},"properties":{"FID":91,"Entity":"LWPolyline","Handle":"7E7","Layer":". CF PROPANODUCTO 6IN REALINEACION","LyrFrzn":0,"LyrOn":1,"Color":6,"Linetype":"Continuous","Elevation":0,"LineWt":15,"RefName":" ","DocUpdate":1771286400000,"DocId":3052202820320000000,"GlobalWidt":0,"Shape_Leng":0}},{"type":"Feature","id":92,"geometry":{"type":"LineString","coordinates":[[-74.238078115905978,4.7149595140889851],[-74.238077567173121,4.7149560380742521],[-74.238074182238876,4.7149346830501013],[-74.238072695817948,4.7149283469340153],[-74.23807030314201,4.7149222966736568],[-74.238024495244048,4.7148273552759381],[-74.238022418062982,4.7148223068637432],[-74.238020952208103,4.714817046889606],[-74.237996898910254,4.7147055156580358],[-74.237995907835412,4.7146978344255617],[-74.237996215609854,4.7146900952940385],[-74.23799781389063,4.7146825178155485],[-74.238000657318338,4.7146753170395508],[-74.238004665520066,4.7146686975615637]]},"properties":{"FID":92,"Entity":"LWPolyline","Handle":"7E8","Layer":". CF PROPANODUCTO 6IN REALINEACION","LyrFrzn":0,"LyrOn":1,"Color":6,"Linetype":"Continuous","Elevation":0,"LineWt":15,"RefName":" ","DocUpdate":1771286400000,"DocId":3052202820320000000,"GlobalWidt":0,"Shape_Leng":0}},{"type":"Feature","id":93,"geometry":{"type":"LineString","coordinates":[[-74.238690927696041,4.7137427298335686],[-74.238677631862288,4.7137610160531391],[-74.238674246524226,4.713765145568539],[-74.238670405843621,4.7137688524840886],[-74.23866616246201,4.7137720873924867],[-74.238657478289269,4.71377793890594],[-74.238651466944845,4.7137828040411396],[-74.23864638894652,4.7137886425623279]]},"properties":{"FID":93,"Entity":"LWPolyline","Handle":"7E9","Layer":". CF PROPANODUCTO 6IN REALINEACION","LyrFrzn":0,"LyrOn":1,"Color":6,"Linetype":"Continuous","Elevation":0,"LineWt":15,"RefName":" ","DocUpdate":1771286400000,"DocId":3052202820320000000,"GlobalWidt":0,"Shape_Leng":0}},{"type":"Feature","id":94,"geometry":{"type":"LineString","coordinates":[[-74.23868970344023,4.7137418315531416],[-74.23867640595644,4.7137601194288994],[-74.238673132742804,4.7137641119856823],[-74.238669419370936,4.7137676960182899],[-74.238665316614387,4.713770823637522],[-74.238656632441518,4.7137766745990177],[-74.238650415799967,4.7137817070276791],[-74.23864516469105,4.7137877459376583]]},"properties":{"FID":94,"Entity":"LWPolyline","Handle":"7EA","Layer":". CF PROPANODUCTO 6IN REALINEACION","LyrFrzn":0,"LyrOn":1,"Color":6,"Linetype":"Continuous","Elevation":0,"LineWt":15,"RefName":" ","DocUpdate":1771286400000,"DocId":3052202820320000000,"GlobalWidt":0,"Shape_Leng":0}},{"type":"Feature","id":95,"geometry":{"type":"LineString","coordinates":[[-74.23800588977646,4.7146695947392665],[-74.23864638894652,4.7137886425623279]]},"properties":{"FID":95,"Entity":"Line","Handle":"7EB","Layer":". CF PROPANODUCTO 6IN PHD","LyrFrzn":0,"LyrOn":1,"Color":1,"Linetype":"Continuous","Elevation":0,"LineWt":15,"RefName":" ","DocUpdate":1771286400000,"DocId":3052202820320000000,"GlobalWidt":0,"Shape_Leng":0}},{"type":"Feature","id":96,"geometry":{"type":"LineString","coordinates":[[-74.238004665520066,4.7146686975615637],[-74.23864516469105,4.7137877459376583]]},"properties":{"FID":96,"Entity":"Line","Handle":"7EC","Layer":". CF PROPANODUCTO 6IN PHD","LyrFrzn":0,"LyrOn":1,"Color":1,"Linetype":"Continuous","Elevation":0,"LineWt":15,"RefName":" ","DocUpdate":1771286400000,"DocId":3052202820320000000,"GlobalWidt":0,"Shape_Leng":0}},{"type":"Feature","id":97,"geometry":{"type":"LineString","coordinates":[[-74.238079590179979,4.7149591284915378],[-74.238079065137029,4.7149558009441916],[-74.238076441593307,4.7149392526219502],[-74.238076391261572,4.7149380792012305],[-74.238074075317186,4.7149242474748769],[-74.238071664940506,4.7149088510098762],[-74.238067514641912,4.7148821516914712],[-74.238062535239166,4.7148504387078267],[-74.238058336203082,4.7148247141331776],[-74.238058188468727,4.7148234154437363],[-74.238055294458505,4.7148053371958243],[-74.238052864375561,4.7147903662838431],[-74.23804986412685,4.7147720148482755],[-74.238046654577147,4.7147525750280268],[-74.238045553301504,4.7147457985174306],[-74.238045161670456,4.7147436857673437],[-74.238042503113434,4.7147279808229232],[-74.238040672574357,4.7147173502577795],[-74.238038604054438,4.7147053144988886],[-74.238037376041902,4.7146976405570555],[-74.23803686902184,4.7146937378801104],[-74.238036592120508,4.7146905421899143],[-74.23803647423469,4.7146874618192101],[-74.238036524255605,4.7146848847823994],[-74.238036731022945,4.7146821244640487],[-74.238037155507683,4.7146787713078444],[-74.238037679623361,4.7146756642955108],[-74.238038392401151,4.7146724082147804],[-74.238039547232702,4.7146680420730886],[-74.238045132745782,4.7146488336928121],[-74.238049706318449,4.7146333649650529],[-74.238050176277028,4.7146315925651541],[-74.238054980121632,4.714615102688267],[-74.238056291810778,4.7146110384235111],[-74.238057632203976,4.7146073969410232],[-74.238058918809131,4.7146043007913505],[-74.238060311084411,4.7146013972456409],[-74.238061790874838,4.7145986841002756],[-74.238063531409722,4.7145958858953234],[-74.238066467038649,4.7145915662572886],[-74.238072214116571,4.7145835832709793],[-74.238077085201553,4.7145772215457908],[-74.238081247831389,4.7145713771555702],[-74.238086805774188,4.7145638804752812],[-74.238104513470532,4.7145397133901401],[-74.238107638380754,4.7145355477004944],[-74.238110222625423,4.7145318921318129],[-74.238124571095071,4.7145120751392184],[-74.238136050390978,4.7144960937146534],[-74.23814479253322,4.7144838926333579],[-74.23815278287509,4.7144727117177849],[-74.23815943459887,4.7144633177534727],[-74.238165231666841,4.7144550295299945],[-74.238170423694385,4.7144472117024279],[-74.238174885593494,4.714441356203606],[-74.238176114666217,4.7144392723318322],[-74.238182016223163,4.7144308262281571],[-74.238189269576949,4.714420488852622]]},"properties":{"FID":97,"Entity":"LWPolyline","Handle":"7ED","Layer":". CF PROPANODUCTO 6IN RETIRO OLD","LyrFrzn":0,"LyrOn":1,"Color":161,"Linetype":"DASHED","Elevation":0,"LineWt":5,"RefName":" ","DocUpdate":1771286400000,"DocId":3052202820320000000,"GlobalWidt":0,"Shape_Leng":0}},{"type":"Feature","id":98,"geometry":{"type":"LineString","coordinates":[[-74.238078090565779,4.71495936617392],[-74.238077567173121,4.7149560380742521],[-74.238074929306393,4.7149394047559801],[-74.238074880626712,4.714938238510153],[-74.238072576804853,4.7149244917803204],[-74.238070166976328,4.7149090864840861],[-74.238066016677777,4.7148823871656766],[-74.238061037276353,4.7148506797014544],[-74.238056834932436,4.7148249242187088],[-74.238056684997133,4.714823623873948],[-74.23805379649616,4.7148055798452573],[-74.238051366413643,4.7147906105891026],[-74.238048368366407,4.7147722630166315],[-74.238045156616181,4.7147528231968847],[-74.238044057544002,4.7147460593804817],[-74.238043669215045,4.7147439521490684],[-74.238041008455369,4.7147282378221034],[-74.23803917791669,4.7147176089127951],[-74.238037107744361,4.7147055643231717],[-74.238035874773161,4.7146978578177938],[-74.238035361689199,4.7146939010517697],[-74.238035078170427,4.7146906363701415],[-74.238034956415547,4.714687477072375],[-74.238035008066859,4.7146848128280752],[-74.2380352203173,4.7146819730285685],[-74.238035655788153,4.7146785475651916],[-74.238036190340949,4.7146753732133115],[-74.238036917956677,4.714672048688139],[-74.238038084880444,4.7146676356284338],[-74.238043678090392,4.7146484051686386],[-74.238048246165519,4.7146329530004731],[-74.238048714474601,4.7146311844645616],[-74.238053530963469,4.7146146559486981],[-74.238054858594495,4.7146105392456121],[-74.238056218779391,4.7146068403563959],[-74.238057533976118,4.7146036768629962],[-74.238058960893426,4.7146007015565923],[-74.238060481926865,4.7145979138892935],[-74.238062260406494,4.7145950522020517],[-74.238065224632948,4.7145906911616375],[-74.238070997009231,4.7145826739489776],[-74.238075866444575,4.7145763155358456],[-74.238080021924688,4.7145704799783834],[-74.238085585367315,4.7145629766734967],[-74.238103296363235,4.7145388040681926],[-74.238106412473712,4.7145346488675184],[-74.238108989019409,4.714531005995326],[-74.238123341338351,4.7145111818265928],[-74.238134820635167,4.7144952042656598],[-74.238143558926865,4.7144830048410995],[-74.238151547619111,4.7144718272375838],[-74.23815819549371,4.7144624410013831],[-74.238163978812011,4.7144541687874568],[-74.23816918843842,4.7144463272222588],[-74.238173625038428,4.7144405026381415],[-74.238174838163459,4.7144384458153024],[-74.238180776018154,4.7144299511321979],[-74.238188029371443,4.7144196115488946]]},"properties":{"FID":98,"Entity":"LWPolyline","Handle":"7EE","Layer":". CF PROPANODUCTO 6IN RETIRO OLD","LyrFrzn":0,"LyrOn":1,"Color":161,"Linetype":"DASHED","Elevation":0,"LineWt":5,"RefName":" ","DocUpdate":1771286400000,"DocId":3052202820320000000,"GlobalWidt":0,"Shape_Leng":0}},{"type":"Feature","id":99,"geometry":{"type":"LineString","coordinates":[[-74.238188031021465,4.7144196098926843],[-74.238193666417217,4.7144116181001499],[-74.238200739414793,4.7144016654709873],[-74.238207841583019,4.7143917724449373],[-74.238216260929576,4.7143801631211266],[-74.238223968610853,4.714369465220912],[-74.238234031716487,4.7143552740758858],[-74.238240568015954,4.7143463421144425],[-74.238241656331056,4.714344594408848],[-74.238249652196174,4.7143335222238649],[-74.238256624599856,4.7143239278289064],[-74.238269007033736,4.7143071751279484],[-74.23828179867337,4.7142900138937449],[-74.238309201785214,4.7142532497564273],[-74.238310517310708,4.7142515240759062],[-74.238314472618526,4.7142460390477066],[-74.238323773585847,4.7142333786177755],[-74.238339542054547,4.7142116626059316],[-74.238371563445895,4.7141673098269452],[-74.238376970123483,4.7141599351590404],[-74.238380329242418,4.7141551374384463],[-74.238392990404421,4.7141375838005226],[-74.238406131688564,4.714119400835366],[-74.238422714660587,4.7140966375958921],[-74.238431699981135,4.7140845611941655],[-74.23844531332648,4.7140665856498165],[-74.238447045184515,4.7140643443571921],[-74.238474695457967,4.7140283125857856],[-74.238486809686933,4.7140127377911938],[-74.238497144830944,4.7139997729985019],[-74.23851523853304,4.7139772986254576],[-74.238516428114991,4.7139757391088057],[-74.23852888452538,4.7139601625784104]]},"properties":{"FID":99,"Entity":"LWPolyline","Handle":"7EF","Layer":". CF PROPANODUCTO 6IN A CONDENAR","LyrFrzn":0,"LyrOn":1,"Color":5,"Linetype":"DASHED","Elevation":0,"LineWt":5,"RefName":" ","DocUpdate":1771286400000,"DocId":3052202820320000000,"GlobalWidt":0,"Shape_Leng":0}},{"type":"Feature","id":100,"geometry":{"type":"LineString","coordinates":[[-74.238189269576949,4.714420488852622],[-74.238194903323048,4.7144125003721262],[-74.238201972470563,4.7144025516074475],[-74.238209069139074,4.7143926657579209],[-74.238217489035762,4.714381056433969],[-74.238225201666964,4.7143703530131633],[-74.238235261472681,4.7143561657324904],[-74.23824182472022,4.7143471967845683],[-74.238242914684591,4.7143454441111015],[-74.238250880302687,4.7143344171924797],[-74.238257847206668,4.7143248299740534],[-74.23827022414045,4.7143080827937913],[-74.238283013580414,4.7142909254236685],[-74.238310411192415,4.7142541679109033],[-74.238311734417763,4.7142524333975011],[-74.238315698525312,4.7142469378803282],[-74.238324997842611,4.7142342791065994],[-74.238340769610446,4.714212555918694],[-74.238372787702204,4.71416820865986],[-74.238378201528874,4.7141608223994664],[-74.238381563947584,4.714156020262557],[-74.238394220160416,4.714138475456858],[-74.23840735924513,4.7141202974596839],[-74.238423935067047,4.7140975413971002],[-74.238432911588333,4.7140854776920946],[-74.238446517784453,4.7140675131882634],[-74.238448245792071,4.7140652741043025],[-74.238475894415842,4.7140292456448885],[-74.238488001495469,4.7140136813388613],[-74.23849832783948,4.7140007259312453],[-74.238516431991201,4.713978238861035],[-74.23851762322353,4.7139766793440092],[-74.238530067533745,4.71396111495915]]},"properties":{"FID":100,"Entity":"LWPolyline","Handle":"7F0","Layer":". CF PROPANODUCTO 6IN A CONDENAR","LyrFrzn":0,"LyrOn":1,"Color":5,"Linetype":"DASHED","Elevation":0,"LineWt":5,"RefName":" ","DocUpdate":1771286400000,"DocId":3052202820320000000,"GlobalWidt":0,"Shape_Leng":0}},{"type":"Feature","id":101,"geometry":{"type":"LineString","coordinates":[[-74.238528879025694,4.7139601697549489],[-74.238538746083663,4.7139475522427405],[-74.238547241459159,4.7139364688998899],[-74.238558888629967,4.7139209339522914],[-74.238567626997607,4.71390912695467],[-74.238573685383457,4.7139008966215021],[-74.238579203705712,4.7138933982908382],[-74.238586194242941,4.7138837514539089],[-74.238586502256183,4.7138834820339728],[-74.238593094065266,4.7138743541164994],[-74.238594555907696,4.7138725527852623],[-74.238602216894591,4.7138621948892494],[-74.238620326107537,4.7138378267911012],[-74.238629401567678,4.7138254214075888],[-74.238657943283542,4.7137856704257883],[-74.238661141862551,4.7137813198155625],[-74.238671722497102,4.7137665628022187],[-74.23868970344023,4.7137418315531416]]},"properties":{"FID":101,"Entity":"LWPolyline","Handle":"7F1","Layer":". CF PROPANODUCTO 6IN A RETIRAR","LyrFrzn":0,"LyrOn":1,"Color":90,"Linetype":"DASHED","Elevation":0,"LineWt":35,"RefName":" ","DocUpdate":1771286400000,"DocId":3052202820320000000,"GlobalWidt":0,"Shape_Leng":0}},{"type":"Feature","id":102,"geometry":{"type":"LineString","coordinates":[[-74.238530072483314,4.7139611077827306],[-74.238539945041481,4.7139484853017422],[-74.238548449216182,4.7139373892621288],[-74.238560103536571,4.713921844929815],[-74.238568845753633,4.71391003130796],[-74.238574906339878,4.7139018004223256],[-74.238580427962177,4.7138942987792296],[-74.23858731895595,4.7138847860876831],[-74.238587629169601,4.7138845161153],[-74.238594296872691,4.7138752816550831],[-74.238595754865329,4.7138734852922308],[-74.238603433450791,4.7138631025546553],[-74.238621544863378,4.7138387305923564],[-74.238630629673736,4.7138263163755676],[-74.238659169189418,4.7137865670500636],[-74.238662368318685,4.7137822169916381],[-74.238672950052589,4.7137674561144145],[-74.238690927695657,4.7137427281777367]]},"properties":{"FID":102,"Entity":"LWPolyline","Handle":"7F2","Layer":". CF PROPANODUCTO 6IN A RETIRAR","LyrFrzn":0,"LyrOn":1,"Color":90,"Linetype":"DASHED","Elevation":0,"LineWt":35,"RefName":" ","DocUpdate":1771286400000,"DocId":3052202820320000000,"GlobalWidt":0,"Shape_Leng":0}},{"type":"Feature","id":103,"geometry":{"type":"LineString","coordinates":[[-74.262268525046721,4.7334988782440757],[-74.262275814688294,4.73350364729085],[-74.262289702535156,4.7335156400580782],[-74.262302513914804,4.733528289924295],[-74.262331655423807,4.7335494193408625],[-74.262375520642735,4.7335811537142316],[-74.262390146966467,4.7335917266853302],[-74.262414277841785,4.733609166043844],[-74.262419400164802,4.7336128704186278],[-74.262434027039546,4.7336234417327718],[-74.262441082407278,4.733628539798155]]},"properties":{"FID":103,"Entity":"LWPolyline","Handle":"963","Layer":". CF POLIDUCTO MANSILLA 10IN ABANDONO","LyrFrzn":0,"LyrOn":1,"Color":146,"Linetype":"DASHED","Elevation":0,"LineWt":25,"RefName":" ","DocUpdate":1771286400000,"DocId":3052202820320000000,"GlobalWidt":0,"Shape_Leng":0}},{"type":"Feature","id":104,"geometry":{"type":"LineString","coordinates":[[-74.262267182130742,4.7335009456281165],[-74.262274333110867,4.7335056247452565],[-74.262288035514715,4.7335174563947513],[-74.262300921184575,4.7335301818573159],[-74.262330214013488,4.7335514199662585],[-74.262374080883518,4.7335831565470361],[-74.262388708857713,4.7335937295177226],[-74.262412838082625,4.7336111688767257],[-74.262417962056105,4.7336148732510894],[-74.262432588931176,4.7336254456691416],[-74.262439642648602,4.7336305442869211]]},"properties":{"FID":104,"Entity":"LWPolyline","Handle":"964","Layer":". CF POLIDUCTO MANSILLA 10IN ABANDONO","LyrFrzn":0,"LyrOn":1,"Color":146,"Linetype":"DASHED","Elevation":0,"LineWt":25,"RefName":" ","DocUpdate":1771286400000,"DocId":3052202820320000000,"GlobalWidt":0,"Shape_Leng":0}},{"type":"Feature","id":105,"geometry":{"type":"LineString","coordinates":[[-74.26243964429905,4.7336305442864877],[-74.262443253971014,4.733633152907065],[-74.262447269591448,4.7336376010442196],[-74.262541139496761,4.7337312892023204],[-74.262588328661295,4.7337751532694252],[-74.262669527487091,4.7338520061288909],[-74.262752488211675,4.7339299949563465],[-74.262754171740553,4.7339281946204936],[-74.262671212666604,4.733850206344747],[-74.26259000998877,4.7337733496229069],[-74.262542844486845,4.7337295087311766],[-74.262449050521937,4.7336358950652722],[-74.262444902827298,4.7336313023544294],[-74.262441082407278,4.733628539798155]]},"properties":{"FID":105,"Entity":"LWPolyline","Handle":"965","Layer":". CF CENIT RETIRO 10IN POLIDUCTO","LyrFrzn":0,"LyrOn":1,"Color":3,"Linetype":"DASHED","Elevation":0,"LineWt":25,"RefName":" ","DocUpdate":1771286400000,"DocId":3052202820320000000,"GlobalWidt":0,"Shape_Leng":0}},{"type":"Feature","id":106,"geometry":{"type":"LineString","coordinates":[[-74.262268584436924,4.7334987805343527],[-74.262245831925725,4.7334842942480257],[-74.262046922345959,4.733354070064193],[-74.261981992514862,4.7333099336109115],[-74.261852246356668,4.7332222236363286],[-74.261720211607454,4.7331344998945521],[-74.261681554783635,4.7331113854368505],[-74.261652983975665,4.7330991829614364],[-74.261600454323727,4.7330666891630289],[-74.261557058813153,4.7330384175014064],[-74.261492186881782,4.7329945635787238],[-74.261464063450475,4.7329764811299828],[-74.261361552785971,4.7329064143962718],[-74.261330704308435,4.7328856165552802],[-74.261267202515626,4.7328426735038445],[-74.261164695384281,4.7327712533745485],[-74.261103637724176,4.7327275590164772],[-74.261024268258296,4.7326687987102849],[-74.260909955773343,4.7325815475361228],[-74.260812418277681,4.7325083046232619],[-74.260732577693091,4.7324486292849448],[-74.260624624035231,4.7323681928707009],[-74.260496690275588,4.7322736998736268],[-74.260375116394727,4.7321859951717133],[-74.260364390287236,4.7321781140540109]]},"properties":{"FID":106,"Entity":"2DPolyline","Handle":"966","Layer":". CF CENIT RETIRO 10IN POLIDUCTO","LyrFrzn":0,"LyrOn":1,"Color":3,"Linetype":"DASHED","Elevation":0,"LineWt":25,"RefName":" ","DocUpdate":1771286400000,"DocId":3052202820320000000,"GlobalWidt":0,"Shape_Leng":0}},{"type":"Feature","id":107,"geometry":{"type":"LineString","coordinates":[[-74.262267265182174,4.733500866126195],[-74.262244500015157,4.7334863710121109],[-74.262045559621257,4.7333561264142485],[-74.261980613832961,4.7333119794781977],[-74.261850878679411,4.7332242766756858],[-74.261718901155518,4.7331365910024887],[-74.26168043746452,4.7331135924013035],[-74.261651850700247,4.7331013827548318],[-74.261599138919181,4.7330687764084702],[-74.261555702139788,4.7330404760567175],[-74.261490835710788,4.7329966259960523],[-74.26146270622678,4.7329785396852744],[-74.261360174102947,4.7329084602623777],[-74.261329329477277,4.732887665731961],[-74.261265813377733,4.7328447121972967],[-74.261163278733534,4.732773272205165],[-74.261102194660523,4.7327295563282066],[-74.261022792179787,4.7326707739529015],[-74.260908472541303,4.7325835172609745],[-74.260810946050952,4.7325102837280317],[-74.260731109317717,4.7324506100443546],[-74.260623160612056,4.732370177492184],[-74.260495242809867,4.7322756971853206],[-74.260373671129699,4.7321879935864661],[-74.260362935667928,4.7321801058479016]]},"properties":{"FID":107,"Entity":"2DPolyline","Handle":"981","Layer":". CF CENIT RETIRO 10IN POLIDUCTO","LyrFrzn":0,"LyrOn":1,"Color":3,"Linetype":"DASHED","Elevation":0,"LineWt":25,"RefName":" ","DocUpdate":1771286400000,"DocId":3052202820320000000,"GlobalWidt":0,"Shape_Leng":0}},{"type":"Feature","id":108,"geometry":{"type":"LineString","coordinates":[[-74.313757039911366,4.7700865196099018],[-74.313810142023002,4.7700967183089302],[-74.313916912370459,4.77011386512297],[-74.31402426567162,4.7701271012221707],[-74.31407798486218,4.7701334272743159]]},"properties":{"FID":108,"Entity":"LWPolyline","Handle":"A0D","Layer":". CF CENIT REALINEACION 10IN","LyrFrzn":0,"LyrOn":1,"Color":6,"Linetype":"CENTER2","Elevation":0,"LineWt":0,"RefName":" ","DocUpdate":1771286400000,"DocId":3052202820320000000,"GlobalWidt":0,"Shape_Leng":0}},{"type":"Feature","id":109,"geometry":{"type":"LineString","coordinates":[[-74.313756577491247,4.7700889433389824],[-74.313809715366972,4.7700991492009583],[-74.313916567145824,4.7701163103374524],[-74.314023972716015,4.7701295519380986],[-74.314077697408521,4.7701358779883627]]},"properties":{"FID":109,"Entity":"LWPolyline","Handle":"A0E","Layer":". CF CENIT REALINEACION 10IN","LyrFrzn":0,"LyrOn":1,"Color":6,"Linetype":"CENTER2","Elevation":0,"LineWt":0,"RefName":" ","DocUpdate":1771286400000,"DocId":3052202820320000000,"GlobalWidt":0,"Shape_Leng":0}},{"type":"Feature","id":110,"geometry":{"type":"LineString","coordinates":[[-74.335486163475807,4.78656892912025],[-74.335558084041068,4.7865613316110913],[-74.335601923557732,4.7865743745142062]]},"properties":{"FID":110,"Entity":"LWPolyline","Handle":"A56","Layer":". CF CENIT RETIRO 10IN POLIDUCTO","LyrFrzn":0,"LyrOn":1,"Color":3,"Linetype":"DASHED","Elevation":0,"LineWt":0,"RefName":" ","DocUpdate":1771286400000,"DocId":3052202820320000000,"GlobalWidt":0,"Shape_Leng":0}},{"type":"Feature","id":111,"geometry":{"type":"LineString","coordinates":[[-74.335486822386088,4.7865712911715717],[-74.335557852250261,4.7865638380542679],[-74.335601224604233,4.786576740389056]]},"properties":{"FID":111,"Entity":"LWPolyline","Handle":"A57","Layer":". CF CENIT RETIRO 10IN POLIDUCTO","LyrFrzn":0,"LyrOn":1,"Color":3,"Linetype":"DASHED","Elevation":0,"LineWt":0,"RefName":" ","DocUpdate":1771286400000,"DocId":3052202820320000000,"GlobalWidt":0,"Shape_Leng":0}},{"type":"Feature","id":112,"geometry":{"type":"LineString","coordinates":[[-74.335602371465257,4.7865583664535363],[-74.33558707233459,4.7865568041631912],[-74.3355462239102,4.786554750896169],[-74.335505440619528,4.7865517929738459],[-74.335485037187752,4.7865511620707526],[-74.335483764586726,4.786551122810784],[-74.335478981826569,4.7865526711469961]]},"properties":{"FID":112,"Entity":"LWPolyline","Handle":"A59","Layer":". CF PROPANODUCTO 6IN RETIRO","LyrFrzn":0,"LyrOn":1,"Color":161,"Linetype":"DASHED","Elevation":0,"LineWt":0,"RefName":" ","DocUpdate":1771286400000,"DocId":3052202820320000000,"GlobalWidt":0,"Shape_Leng":0}},{"type":"Feature","id":113,"geometry":{"type":"LineString","coordinates":[[-74.33560247763333,4.7865568491327242],[-74.335587186756968,4.7865552907028315],[-74.335546316873874,4.7865532335803387],[-74.335505517627823,4.7865502756640304],[-74.335484912274197,4.7865496376618326],[-74.33548354944142,4.786549596228113],[-74.335478516375858,4.7865512257937226]]},"properties":{"FID":113,"Entity":"LWPolyline","Handle":"A5A","Layer":". CF PROPANODUCTO 6IN RETIRO","LyrFrzn":0,"LyrOn":1,"Color":161,"Linetype":"DASHED","Elevation":0,"LineWt":0,"RefName":" ","DocUpdate":1771286400000,"DocId":3052202820320000000,"GlobalWidt":0,"Shape_Leng":0}},{"type":"Feature","id":114,"geometry":{"type":"LineString","coordinates":[[-74.340117793253285,4.7912424652974286],[-74.340095077005714,4.7912095320998764],[-74.340072321125277,4.7911765431707973],[-74.34006410613587,4.7911633798225974],[-74.340055890595963,4.7911502148186607],[-74.340049512178595,4.791140014677004],[-74.340040681710491,4.7911258950546358],[-74.340031851242571,4.7911117748801999],[-74.340022919479054,4.7910974957860946],[-74.340017518250349,4.7910888600157238],[-74.340001374572637,4.7910630487186223],[-74.33998381328604,4.7910349678404494],[-74.339925216846893,4.7909414769754024],[-74.339918571383294,4.7909321765951445],[-74.339894589791399,4.7909037741897089],[-74.339858854191021,4.7908645847830256],[-74.339785138800323,4.7907848418790353],[-74.339730614183011,4.7907269351426036],[-74.339683662532877,4.7906852271132996],[-74.339651584826896,4.7906581088521412],[-74.339619508773794,4.7906309900367461],[-74.339595784022038,4.7906109350453114],[-74.339572059820796,4.7905908772930657],[-74.339522832207209,4.790552481757282],[-74.339473604598396,4.7905140845618011],[-74.339433578481305,4.790483131150574],[-74.339393593649348,4.7904522229799547]]},"properties":{"FID":114,"Entity":"LWPolyline","Handle":"AA3","Layer":". CF CENIT RETIRO 10IN POLIDUCTO","LyrFrzn":0,"LyrOn":1,"Color":3,"Linetype":"DASHED","Elevation":-1628.48695391,"LineWt":25,"RefName":" ","DocUpdate":1771286400000,"DocId":3052202820320000000,"GlobalWidt":0,"Shape_Leng":0}},{"type":"Feature","id":115,"geometry":{"type":"LineString","coordinates":[[-74.340119526790687,4.7912407138814785],[-74.34009681109265,4.7912077790279479],[-74.340074055212824,4.7911747917547478],[-74.340065841323153,4.7911616267503234],[-74.340057626334072,4.7911484634020223],[-74.340051245715912,4.7911382632612183],[-74.340042415247822,4.7911241436388767],[-74.340033584779889,4.791110023464455],[-74.340024653566545,4.791095744370172],[-74.340019252337839,4.7910871085998048],[-74.340003108660099,4.7910612973027487],[-74.3399855468233,4.7910332164248297],[-74.339926950383443,4.790939723904116],[-74.339920304920469,4.7909304251796954],[-74.339896323328588,4.7909020227743184],[-74.339860588278398,4.7908628333675169],[-74.339786872887714,4.7907830904637043],[-74.339732349920993,4.7907251837267788],[-74.339685398270873,4.790683475697592],[-74.339653320014719,4.7906563574367205],[-74.339621242311068,4.7906292386220359],[-74.339597518108675,4.790609181422699],[-74.339573793358099,4.7905891258784719],[-74.339524567945304,4.7905507303419714],[-74.339475340336548,4.7905123331466095],[-74.339435312018722,4.7904813797363195],[-74.339395098230057,4.7904502690918864]]},"properties":{"FID":115,"Entity":"LWPolyline","Handle":"AA4","Layer":". CF CENIT RETIRO 10IN POLIDUCTO","LyrFrzn":0,"LyrOn":1,"Color":3,"Linetype":"DASHED","Elevation":2219.10103411,"LineWt":25,"RefName":" ","DocUpdate":1771286400000,"DocId":3052202820320000000,"GlobalWidt":0,"Shape_Leng":0}},{"type":"Feature","id":116,"geometry":{"type":"LineString","coordinates":[[-74.345829812916662,4.7979358142553821],[-74.345821096584544,4.7979327229609847],[-74.345814633381835,4.7979298506465069],[-74.345808687332948,4.7979260155098098],[-74.345803399983993,4.79792130865013],[-74.345787616674443,4.797904909030116],[-74.345782137859587,4.7979000820258033],[-74.345775943999413,4.797896221872108],[-74.345769202944211,4.7978934329667249],[-74.345762097255488,4.7978917906455907],[-74.345613103630498,4.7978701083010504],[-74.345613320921345,4.7978686030793103],[-74.345762314545354,4.7978902837680062],[-74.345769663345152,4.7978919822836437],[-74.345776635090047,4.7978948664518422],[-74.345783040966737,4.7978988584924851],[-74.345788707302376,4.7979038505354481],[-74.345804490612807,4.7979202523631841],[-74.345809603101827,4.797924802351182],[-74.345815351685857,4.7979285103141347],[-74.345821600554629,4.7979312866188861],[-74.345830316887373,4.7979343795690816],[-74.345829812916662,4.7979358142553821]]},"properties":{"FID":116,"Entity":"LWPolyline","Handle":"B0A","Layer":". CF PROPANODUCTO 6IN REALINEACION","LyrFrzn":0,"LyrOn":1,"Color":6,"Linetype":"Continuous","Elevation":0,"LineWt":35,"RefName":" ","DocUpdate":1771286400000,"DocId":3052202820320000000,"GlobalWidt":0,"Shape_Leng":0}},{"type":"Feature","id":117,"geometry":{"type":"LineString","coordinates":[[-74.34561321172562,4.797869355414428],[-74.345762207000604,4.7978910366544376],[-74.345769434146021,4.7978927069527213],[-74.345776290409233,4.7978955435516442],[-74.345782590154684,4.7978994696517905],[-74.345788162813392,4.7979043789545504],[-74.345803946123596,4.7979207802303661],[-74.345809145558832,4.7979254087518504],[-74.345814992654752,4.7979291801558626],[-74.345821348294479,4.7979320047900371],[-74.345830064626583,4.7979350960844336]]},"properties":{"FID":117,"Entity":"LWPolyline","Handle":"B0B","Layer":". CF PROPANODUCTO 6IN REALINEACION","LyrFrzn":0,"LyrOn":1,"Color":6,"Linetype":"1_LIMITE DE INTERVENCION$0$DASHED","Elevation":0,"LineWt":35,"RefName":" ","DocUpdate":1771286400000,"DocId":3052202820320000000,"GlobalWidt":0,"Shape_Leng":0}},{"type":"Feature","id":118,"geometry":{"type":"LineString","coordinates":[[-74.251644780499305,4.7253555122898403],[-74.252154225921672,4.7257588396801165]]},"properties":{"FID":118,"Entity":"LWPolyline","Handle":"B8E","Layer":". CF POLIDUCTO MANSILLA 10IN RETIRO","LyrFrzn":0,"LyrOn":1,"Color":3,"Linetype":"Continuous","Elevation":2545.6660572400001,"LineWt":60,"RefName":" ","DocUpdate":1771286400000,"DocId":3052202820320000000,"GlobalWidt":0,"Shape_Leng":0}},{"type":"Feature","id":119,"geometry":{"type":"LineString","coordinates":[[-74.251643329682395,4.7253573578003127],[-74.252152773454782,4.7257606846400897]]},"properties":{"FID":119,"Entity":"LWPolyline","Handle":"B8F","Layer":". CF POLIDUCTO MANSILLA 10IN RETIRO","LyrFrzn":0,"LyrOn":1,"Color":3,"Linetype":"Continuous","Elevation":2545.6660572400001,"LineWt":60,"RefName":" ","DocUpdate":1771286400000,"DocId":3052202820320000000,"GlobalWidt":0,"Shape_Leng":0}},{"type":"Feature","id":120,"geometry":{"type":"LineString","coordinates":[[-74.236174964147011,4.7127697633167385],[-74.235991518136501,4.7129125786814781]]},"properties":{"FID":120,"Entity":"LWPolyline","Handle":"BE4","Layer":". CF VANTI STEEL ACTUAL","LyrFrzn":0,"LyrOn":1,"Color":201,"Linetype":"Continuous","Elevation":0,"LineWt":0,"RefName":" ","DocUpdate":1771286400000,"DocId":3052202820320000000,"GlobalWidt":0,"Shape_Leng":0}},{"type":"Feature","id":121,"geometry":{"type":"LineString","coordinates":[[-74.236177771751784,4.7127733928102389],[-74.235995212399928,4.7129155169398995]]},"properties":{"FID":121,"Entity":"LWPolyline","Handle":"BE5","Layer":". CF VANTI STEEL ACTUAL","LyrFrzn":0,"LyrOn":1,"Color":201,"Linetype":"Continuous","Elevation":0,"LineWt":0,"RefName":" ","DocUpdate":1771286400000,"DocId":3052202820320000000,"GlobalWidt":0,"Shape_Leng":0}},{"type":"Feature","id":122,"geometry":{"type":"LineString","coordinates":[[-74.350601873813389,4.8046039313744258],[-74.350494413136317,4.8046935986824737]]},"properties":{"FID":122,"Entity":"LWPolyline","Handle":"C55","Layer":". CF TGI 4IN ACTUAL","LyrFrzn":0,"LyrOn":1,"Color":53,"Linetype":"Continuous","Elevation":0,"LineWt":80,"RefName":" ","DocUpdate":1771286400000,"DocId":3052202820320000000,"GlobalWidt":0,"Shape_Leng":0}},{"type":"Feature","id":123,"geometry":{"type":"LineString","coordinates":[[-74.350602532171891,4.8046047264537304],[-74.350495057194166,4.8046944053583127]]},"properties":{"FID":123,"Entity":"LWPolyline","Handle":"C56","Layer":". CF TGI 4IN ACTUAL","LyrFrzn":0,"LyrOn":1,"Color":53,"Linetype":"Continuous","Elevation":0,"LineWt":80,"RefName":" ","DocUpdate":1771286400000,"DocId":3052202820320000000,"GlobalWidt":0,"Shape_Leng":0}},{"type":"Feature","id":124,"geometry":{"type":"LineString","coordinates":[[-74.109272191542544,4.6443790354009282],[-74.109277766860629,4.6443842780933844],[-74.109281712766546,4.6443879875507141],[-74.109335592292808,4.6444386461191298],[-74.109338728446019,4.6444416375297708],[-74.10936806560278,4.644469904717293],[-74.109412384352595,4.6445126046372618],[-74.109445600313975,4.6445446066706104],[-74.109448646798725,4.6445474656175518],[-74.109488907494679,4.6445878193900976],[-74.109492732940424,4.6445916535916822],[-74.109502297655183,4.6446012410273037],[-74.109505931663804,4.6446048848158217]]},"properties":{"FID":124,"Entity":"LWPolyline","Handle":"D4D","Layer":"C-ROAD-SAMP","LyrFrzn":0,"LyrOn":1,"Color":6,"Linetype":"HIDDEN","Elevation":0,"LineWt":25,"RefName":" ","DocUpdate":1771286400000,"DocId":3052202820320000000,"GlobalWidt":0.10000000000000001,"Shape_Leng":0}},{"type":"Feature","id":125,"geometry":{"type":"LineString","coordinates":[[-74.109272973722014,4.644378197510302],[-74.109278551240436,4.6443834407545967],[-74.109282497146353,4.6443871502119292],[-74.109336377772848,4.644437810436072],[-74.109339518326976,4.6444408073659798],[-74.109368858784322,4.6444690767611077],[-74.109413177534108,4.6445117761290851],[-74.109446387994481,4.6445437742990165],[-74.109449441630588,4.6445466393170411],[-74.109489714979077,4.6445870074395996],[-74.109493542075057,4.6445908416411017],[-74.109503106789802,4.644600428524762],[-74.109506740798437,4.6446040728652171]]},"properties":{"FID":125,"Entity":"LWPolyline","Handle":"D4E","Layer":"C-ROAD-SAMP","LyrFrzn":0,"LyrOn":1,"Color":6,"Linetype":"HIDDEN","Elevation":0,"LineWt":25,"RefName":" ","DocUpdate":1771286400000,"DocId":3052202820320000000,"GlobalWidt":0.10000000000000001,"Shape_Leng":0}},{"type":"Feature","id":126,"geometry":{"type":"LineString","coordinates":[[-74.109271407712825,4.6443798727396786],[-74.109276984681216,4.6443851170879036],[-74.109280930587147,4.6443888265452493],[-74.10933480791293,4.6444394818021326],[-74.109337937464915,4.6444424676935991],[-74.109367274621604,4.6444707332253099],[-74.109411592821317,4.6445134325934188],[-74.109444812633527,4.6445454401460982],[-74.10944785031657,4.6445482902622848],[-74.10948809836016,4.6445886335484667],[-74.109491923805891,4.6445924677500461],[-74.109501487970533,4.6446020546337641],[-74.109505124179435,4.6446056973182861]]},"properties":{"FID":126,"Entity":"LWPolyline","Handle":"D4F","Layer":"C-ROAD-SAMP","LyrFrzn":0,"LyrOn":1,"Color":6,"Linetype":"HIDDEN","Elevation":0,"LineWt":25,"RefName":" ","DocUpdate":1771286400000,"DocId":3052202820320000000,"GlobalWidt":0.10000000000000001,"Shape_Leng":0}},{"type":"Feature","id":127,"geometry":{"type":"LineString","coordinates":[[-74.109503642651433,4.6446144402243172],[-74.109267168597029,4.6443881002510849]]},"properties":{"FID":127,"Entity":"LWPolyline","Handle":"D50","Layer":". CF JETDUCTO EL DORADO 6 REALINEACIÓN","LyrFrzn":0,"LyrOn":1,"Color":30,"Linetype":"1_LIMITE DE INTERVENCION$0$DASHED","Elevation":0,"LineWt":30,"RefName":" ","DocUpdate":1771286400000,"DocId":3052202820320000000,"GlobalWidt":0.10000000000000001,"Shape_Leng":0}},{"type":"Feature","id":128,"geometry":{"type":"LineString","coordinates":[[-74.109503168502869,4.644614939205824],[-74.109266694448465,4.6443885992324354]]},"properties":{"FID":128,"Entity":"LWPolyline","Handle":"D51","Layer":". CF JETDUCTO EL DORADO 6 REALINEACIÓN","LyrFrzn":0,"LyrOn":1,"Color":30,"Linetype":"1_LIMITE DE INTERVENCION$0$DASHED","Elevation":0,"LineWt":30,"RefName":" ","DocUpdate":1771286400000,"DocId":3052202820320000000,"GlobalWidt":0.10000000000000001,"Shape_Leng":0}},{"type":"Feature","id":129,"geometry":{"type":"LineString","coordinates":[[-74.109504116800068,4.6446139428986513],[-74.109267642745579,4.6443876007177884]]},"properties":{"FID":129,"Entity":"LWPolyline","Handle":"D52","Layer":". CF JETDUCTO EL DORADO 6 REALINEACIÓN","LyrFrzn":0,"LyrOn":1,"Color":30,"Linetype":"1_LIMITE DE INTERVENCION$0$DASHED","Elevation":0,"LineWt":30,"RefName":" ","DocUpdate":1771286400000,"DocId":3052202820320000000,"GlobalWidt":0.10000000000000001,"Shape_Leng":0}},{"type":"Feature","id":130,"geometry":{"type":"LineString","coordinates":[[-74.109245101513139,4.6444130580755161],[-74.109250678481558,4.6444183013200488],[-74.109254624387518,4.6444220107775296],[-74.109308503914477,4.6444726693479614],[-74.10931163841741,4.6444756591029561],[-74.109340977224832,4.6445039279473397],[-74.109385295975173,4.6445466278689693],[-74.109418511936909,4.6445786293516083],[-74.10942155677148,4.6445814888506858],[-74.10946181746786,4.6446218426247405],[-74.109465642363546,4.6446256768264922],[-74.109475207078376,4.6446352637105264],[-74.109478843287391,4.6446389080510224]]},"properties":{"FID":130,"Entity":"LWPolyline","Handle":"D57","Layer":"C-ROAD-SAMP","LyrFrzn":0,"LyrOn":1,"Color":6,"Linetype":"HIDDEN","Elevation":0,"LineWt":25,"RefName":" ","DocUpdate":1771286400000,"DocId":3052202820320000000,"GlobalWidt":0.10000000000000001,"Shape_Leng":0}},{"type":"Feature","id":131,"geometry":{"type":"LineString","coordinates":[[-74.109245883692608,4.6444122190810271],[-74.109251460661,4.6444174617736111],[-74.109255406567044,4.6444211728869309],[-74.109309289394588,4.6444718336649427],[-74.109312429948659,4.644474828939118],[-74.109341770406346,4.6445030977833959],[-74.109386088606669,4.6445457993608468],[-74.109419297967193,4.6445777958762271],[-74.109422353253649,4.6445806625501387],[-74.109462626602564,4.6446210306741964],[-74.109466452048324,4.6446248648759179],[-74.10947601621308,4.6446344517599654],[-74.109479652422081,4.6446380961004543]]},"properties":{"FID":131,"Entity":"LWPolyline","Handle":"D58","Layer":"C-ROAD-SAMP","LyrFrzn":0,"LyrOn":1,"Color":6,"Linetype":"HIDDEN","Elevation":0,"LineWt":25,"RefName":" ","DocUpdate":1771286400000,"DocId":3052202820320000000,"GlobalWidt":0.10000000000000001,"Shape_Leng":0}},{"type":"Feature","id":132,"geometry":{"type":"LineString","coordinates":[[-74.109244319333612,4.6444138959661041],[-74.109249894651754,4.6444191386587734],[-74.109253840557813,4.644422849772111],[-74.109307717884278,4.6444735050310078],[-74.109310847436305,4.644476490922596],[-74.109340184043177,4.6445047547995948],[-74.109384502793574,4.6445474558251689],[-74.109417724256417,4.6445794633790189],[-74.109420761939489,4.6445823134953148],[-74.10946100833317,4.644622655127236],[-74.109464834879077,4.6446264887769653],[-74.1094743979437,4.6446360762130361],[-74.109478033602628,4.6446397205535526]]},"properties":{"FID":132,"Entity":"LWPolyline","Handle":"D59","Layer":"C-ROAD-SAMP","LyrFrzn":0,"LyrOn":1,"Color":6,"Linetype":"HIDDEN","Elevation":0,"LineWt":25,"RefName":" ","DocUpdate":1771286400000,"DocId":3052202820320000000,"GlobalWidt":0.10000000000000001,"Shape_Leng":0}},{"type":"Feature","id":133,"geometry":{"type":"LineString","coordinates":[[-74.109476552624301,4.644648463459502],[-74.109240078016981,4.6444221234774448]]},"properties":{"FID":133,"Entity":"LWPolyline","Handle":"D5A","Layer":". CF JETDUCTO EL DORADO 6 REALINEACIÓN","LyrFrzn":0,"LyrOn":1,"Color":30,"Linetype":"1_LIMITE DE INTERVENCION$0$DASHED","Elevation":0,"LineWt":30,"RefName":" ","DocUpdate":1771286400000,"DocId":3052202820320000000,"GlobalWidt":0.10000000000000001,"Shape_Leng":0}},{"type":"Feature","id":134,"geometry":{"type":"LineString","coordinates":[[-74.109476078475694,4.644648962440991],[-74.109239604418448,4.6444226224587499]]},"properties":{"FID":134,"Entity":"LWPolyline","Handle":"D5B","Layer":". CF JETDUCTO EL DORADO 6 REALINEACIÓN","LyrFrzn":0,"LyrOn":1,"Color":30,"Linetype":"1_LIMITE DE INTERVENCION$0$DASHED","Elevation":0,"LineWt":30,"RefName":" ","DocUpdate":1771286400000,"DocId":3052202820320000000,"GlobalWidt":0.10000000000000001,"Shape_Leng":0}},{"type":"Feature","id":135,"geometry":{"type":"LineString","coordinates":[[-74.109477028423115,4.6446479639259906],[-74.109240552165573,4.6444216239441669]]},"properties":{"FID":135,"Entity":"LWPolyline","Handle":"D5C","Layer":". CF JETDUCTO EL DORADO 6 REALINEACIÓN","LyrFrzn":0,"LyrOn":1,"Color":30,"Linetype":"1_LIMITE DE INTERVENCION$0$DASHED","Elevation":0,"LineWt":30,"RefName":" ","DocUpdate":1771286400000,"DocId":3052202820320000000,"GlobalWidt":0.10000000000000001,"Shape_Leng":0}},{"type":"Feature","id":136,"geometry":{"type":"LineString","coordinates":[[-74.217915430827787,4.6986537022082908],[-74.217897209553499,4.6986421978353627]]},"properties":{"FID":136,"Entity":"Line","Handle":"66D","Layer":". CF POLIDUCTO MANSILLA 10 REALINEACION","LyrFrzn":0,"LyrOn":1,"Color":6,"Linetype":"DASHED2","Elevation":0,"LineWt":13,"RefName":" ","DocUpdate":1773792000000,"DocId":1168559752809999872,"GlobalWidt":0,"Shape_Leng":0}},{"type":"Feature","id":137,"geometry":{"type":"LineString","coordinates":[[-74.217897209553499,4.6986421978353627],[-74.217884490217131,4.6986354088516631],[-74.217870924546929,4.6986305410930154]]},"properties":{"FID":137,"Entity":"Arc","Handle":"66E","Layer":". CF POLIDUCTO MANSILLA 10 REALINEACION","LyrFrzn":0,"LyrOn":1,"Color":6,"Linetype":"DASHED2","Elevation":0,"LineWt":13,"RefName":" ","DocUpdate":1773792000000,"DocId":1168559752809999872,"GlobalWidt":0,"Shape_Leng":0}},{"type":"Feature","id":138,"geometry":{"type":"LineString","coordinates":[[-74.217870924546929,4.6986305410930154],[-74.217811214176351,4.6986139103303461]]},"properties":{"FID":138,"Entity":"Line","Handle":"66F","Layer":". CF POLIDUCTO MANSILLA 10 REALINEACION","LyrFrzn":0,"LyrOn":1,"Color":6,"Linetype":"DASHED2","Elevation":0,"LineWt":13,"RefName":" ","DocUpdate":1773792000000,"DocId":1168559752809999872,"GlobalWidt":0,"Shape_Leng":0}},{"type":"Feature","id":139,"geometry":{"type":"LineString","coordinates":[[-74.217786115517768,4.6986036569407981],[-74.217798368404203,4.6986095140861632],[-74.217811214176351,4.6986139103303461]]},"properties":{"FID":139,"Entity":"Arc","Handle":"670","Layer":". CF POLIDUCTO MANSILLA 10 REALINEACION","LyrFrzn":0,"LyrOn":1,"Color":6,"Linetype":"DASHED2","Elevation":0,"LineWt":13,"RefName":" ","DocUpdate":1773792000000,"DocId":1168559752809999872,"GlobalWidt":0,"Shape_Leng":0}},{"type":"Feature","id":140,"geometry":{"type":"LineString","coordinates":[[-74.217786115517768,4.6986036569407981],[-74.217774373499466,4.698597180578969]]},"properties":{"FID":140,"Entity":"Line","Handle":"671","Layer":". CF POLIDUCTO MANSILLA 10 REALINEACION","LyrFrzn":0,"LyrOn":1,"Color":6,"Linetype":"DASHED2","Elevation":0,"LineWt":13,"RefName":" ","DocUpdate":1773792000000,"DocId":1168559752809999872,"GlobalWidt":0,"Shape_Leng":0}},{"type":"Feature","id":141,"geometry":{"type":"LineString","coordinates":[[-74.217774373499466,4.698597180578969],[-74.217002868027947,4.6981717221350294]]},"properties":{"FID":141,"Entity":"Line","Handle":"672","Layer":". CF POLIDUCTO MANSILLA 10 REALINEACION","LyrFrzn":0,"LyrOn":1,"Color":6,"Linetype":"DASHED2","Elevation":0,"LineWt":13,"RefName":" ","DocUpdate":1773792000000,"DocId":1168559752809999872,"GlobalWidt":0,"Shape_Leng":0}},{"type":"Feature","id":142,"geometry":{"type":"LineString","coordinates":[[-74.217002868027947,4.6981717221350294],[-74.216881926209268,4.6981088276547798],[-74.216758072560452,4.6980519225988413],[-74.21663160177161,4.6980011416740233],[-74.216502814451502,4.6979566055815942],[-74.216372016714928,4.6979184201794517],[-74.21623951945503,4.6978866762305254],[-74.216105637604485,4.6978614491870756],[-74.215970689457123,4.6978427983866542]]},"properties":{"FID":142,"Entity":"Arc","Handle":"673","Layer":". CF POLIDUCTO MANSILLA 10 REALINEACION","LyrFrzn":0,"LyrOn":1,"Color":6,"Linetype":"DASHED2","Elevation":0,"LineWt":13,"RefName":" ","DocUpdate":1773792000000,"DocId":1168559752809999872,"GlobalWidt":0,"Shape_Leng":0}},{"type":"Feature","id":143,"geometry":{"type":"LineString","coordinates":[[-74.215970689457123,4.6978427983866542],[-74.215105283683044,4.6977446987323814]]},"properties":{"FID":143,"Entity":"Line","Handle":"674","Layer":". CF POLIDUCTO MANSILLA 10 REALINEACION","LyrFrzn":0,"LyrOn":1,"Color":6,"Linetype":"DASHED2","Elevation":0,"LineWt":13,"RefName":" ","DocUpdate":1773792000000,"DocId":1168559752809999872,"GlobalWidt":0,"Shape_Leng":0}},{"type":"Feature","id":144,"geometry":{"type":"LineString","coordinates":[[-74.215105283683044,4.6977446987323814],[-74.215092416035816,4.6977432402742414]]},"properties":{"FID":144,"Entity":"Line","Handle":"675","Layer":". CF POLIDUCTO MANSILLA 10 REALINEACION","LyrFrzn":0,"LyrOn":1,"Color":6,"Linetype":"DASHED2","Elevation":0,"LineWt":13,"RefName":" ","DocUpdate":1773792000000,"DocId":1168559752809999872,"GlobalWidt":0,"Shape_Leng":0}},{"type":"Feature","id":145,"geometry":{"type":"LineString","coordinates":[[-74.215065143164779,4.697737593742743],[-74.215078651485086,4.6977410399300883],[-74.215092416035816,4.6977432402742414]]},"properties":{"FID":145,"Entity":"Arc","Handle":"676","Layer":". CF POLIDUCTO MANSILLA 10 REALINEACION","LyrFrzn":0,"LyrOn":1,"Color":6,"Linetype":"DASHED2","Elevation":0,"LineWt":13,"RefName":" ","DocUpdate":1773792000000,"DocId":1168559752809999872,"GlobalWidt":0,"Shape_Leng":0}},{"type":"Feature","id":146,"geometry":{"type":"LineString","coordinates":[[-74.215065143164779,4.697737593742743],[-74.215011819379257,4.6977213666030604]]},"properties":{"FID":146,"Entity":"Line","Handle":"677","Layer":". CF POLIDUCTO MANSILLA 10 REALINEACION","LyrFrzn":0,"LyrOn":1,"Color":6,"Linetype":"DASHED2","Elevation":0,"LineWt":13,"RefName":" ","DocUpdate":1773792000000,"DocId":1168559752809999872,"GlobalWidt":0,"Shape_Leng":0}},{"type":"Feature","id":147,"geometry":{"type":"LineString","coordinates":[[-74.215011819379257,4.6977213666030604],[-74.214997901786475,4.6977180464266741],[-74.214983684611468,4.6977164526687405]]},"properties":{"FID":147,"Entity":"Arc","Handle":"678","Layer":". CF POLIDUCTO MANSILLA 10 REALINEACION","LyrFrzn":0,"LyrOn":1,"Color":6,"Linetype":"DASHED2","Elevation":0,"LineWt":13,"RefName":" ","DocUpdate":1773792000000,"DocId":1168559752809999872,"GlobalWidt":0,"Shape_Leng":0}},{"type":"Feature","id":148,"geometry":{"type":"LineString","coordinates":[[-74.214983684611468,4.6977164526687405],[-74.214949886413521,4.6977147499592249]]},"properties":{"FID":148,"Entity":"Line","Handle":"679","Layer":". CF POLIDUCTO MANSILLA 10 REALINEACION","LyrFrzn":0,"LyrOn":1,"Color":6,"Linetype":"DASHED2","Elevation":0,"LineWt":13,"RefName":" ","DocUpdate":1773792000000,"DocId":1168559752809999872,"GlobalWidt":0,"Shape_Leng":0}},{"type":"Feature","id":149,"geometry":{"type":"LineString","coordinates":[[-74.215817786982853,4.6977656100353125],[-74.215817084621833,4.6977691387561249]]},"properties":{"FID":149,"Entity":"Line","Handle":"67A","Layer":"CIV-PROYECCIÓN","LyrFrzn":0,"LyrOn":1,"Color":8,"Linetype":"DASHED2","Elevation":2542.7269999999999,"LineWt":9,"RefName":" ","DocUpdate":1773792000000,"DocId":1168559752809999872,"GlobalWidt":0,"Shape_Leng":0}},{"type":"Feature","id":150,"geometry":{"type":"LineString","coordinates":[[-74.215817084621833,4.6977691387561249],[-74.215764970041036,4.6977587714300624]]},"properties":{"FID":150,"Entity":"Line","Handle":"67B","Layer":"CIV-PROYECCIÓN","LyrFrzn":0,"LyrOn":1,"Color":8,"Linetype":"DASHED2","Elevation":2542.7269999999999,"LineWt":9,"RefName":" ","DocUpdate":1773792000000,"DocId":1168559752809999872,"GlobalWidt":0,"Shape_Leng":0}},{"type":"Feature","id":151,"geometry":{"type":"LineString","coordinates":[[-74.215764970041036,4.6977587714300624],[-74.215765670748027,4.6977552228396098]]},"properties":{"FID":151,"Entity":"Line","Handle":"67C","Layer":"CIV-PROYECCIÓN","LyrFrzn":0,"LyrOn":1,"Color":8,"Linetype":"DASHED2","Elevation":2542.7269999999999,"LineWt":9,"RefName":" ","DocUpdate":1773792000000,"DocId":1168559752809999872,"GlobalWidt":0,"Shape_Leng":0}},{"type":"Feature","id":152,"geometry":{"type":"LineString","coordinates":[[-74.215765670748027,4.6977552228396098],[-74.215817786982853,4.6977656100353125]]},"properties":{"FID":152,"Entity":"Line","Handle":"67D","Layer":"CIV-PROYECCIÓN","LyrFrzn":0,"LyrOn":1,"Color":8,"Linetype":"DASHED2","Elevation":2542.7269999999999,"LineWt":9,"RefName":" ","DocUpdate":1773792000000,"DocId":1168559752809999872,"GlobalWidt":0,"Shape_Leng":0}},{"type":"Feature","id":153,"geometry":{"type":"LineString","coordinates":[[-74.235847212686508,4.7127867396799656],[-74.235828630401997,4.7127702926754571]]},"properties":{"FID":153,"Entity":"Line","Handle":"67E","Layer":". CF POLIDUCTO MANSILLA 10 REALINEACION","LyrFrzn":0,"LyrOn":1,"Color":6,"Linetype":"DASHED2","Elevation":0,"LineWt":13,"RefName":" ","DocUpdate":1773792000000,"DocId":1168559752809999872,"GlobalWidt":0,"Shape_Leng":0}},{"type":"Feature","id":154,"geometry":{"type":"LineString","coordinates":[[-74.235828630401997,4.7127702926754571],[-74.235807479343393,4.7127529565220145]]},"properties":{"FID":154,"Entity":"Arc","Handle":"67F","Layer":". CF POLIDUCTO MANSILLA 10 REALINEACION","LyrFrzn":0,"LyrOn":1,"Color":6,"Linetype":"DASHED2","Elevation":0,"LineWt":13,"RefName":" ","DocUpdate":1773792000000,"DocId":1168559752809999872,"GlobalWidt":0,"Shape_Leng":0}},{"type":"Feature","id":155,"geometry":{"type":"LineString","coordinates":[[-74.235807479343393,4.7127529565220145],[-74.235405763018164,4.7124484058096217]]},"properties":{"FID":155,"Entity":"Line","Handle":"680","Layer":". CF POLIDUCTO MANSILLA 10 REALINEACION","LyrFrzn":0,"LyrOn":1,"Color":6,"Linetype":"DASHED2","Elevation":0,"LineWt":13,"RefName":" ","DocUpdate":1773792000000,"DocId":1168559752809999872,"GlobalWidt":0,"Shape_Leng":0}},{"type":"Feature","id":156,"geometry":{"type":"LineString","coordinates":[[-74.235387307181924,4.7124315083776258],[-74.23539614518009,4.7124403857217159],[-74.235405763018164,4.7124484058096217]]},"properties":{"FID":156,"Entity":"Arc","Handle":"681","Layer":". CF POLIDUCTO MANSILLA 10 REALINEACION","LyrFrzn":0,"LyrOn":1,"Color":6,"Linetype":"DASHED2","Elevation":0,"LineWt":13,"RefName":" ","DocUpdate":1773792000000,"DocId":1168559752809999872,"GlobalWidt":0,"Shape_Leng":0}},{"type":"Feature","id":157,"geometry":{"type":"LineString","coordinates":[[-74.235387307181924,4.7124315083776258],[-74.2353088276612,4.7123450404624521]]},"properties":{"FID":157,"Entity":"Line","Handle":"682","Layer":". CF POLIDUCTO MANSILLA 10 REALINEACION","LyrFrzn":0,"LyrOn":1,"Color":6,"Linetype":"DASHED2","Elevation":0,"LineWt":13,"RefName":" ","DocUpdate":1773792000000,"DocId":1168559752809999872,"GlobalWidt":0,"Shape_Leng":0}},{"type":"Feature","id":158,"geometry":{"type":"LineString","coordinates":[[-74.2353088276612,4.7123450404624521],[-74.235289628940563,4.7123272137228538]]},"properties":{"FID":158,"Entity":"Arc","Handle":"683","Layer":". CF POLIDUCTO MANSILLA 10 REALINEACION","LyrFrzn":0,"LyrOn":1,"Color":6,"Linetype":"DASHED2","Elevation":0,"LineWt":13,"RefName":" ","DocUpdate":1773792000000,"DocId":1168559752809999872,"GlobalWidt":0,"Shape_Leng":0}},{"type":"Feature","id":159,"geometry":{"type":"LineString","coordinates":[[-74.235289628940563,4.7123272137228538],[-74.234723691183873,4.7118854098867509]]},"properties":{"FID":159,"Entity":"Line","Handle":"684","Layer":". CF POLIDUCTO MANSILLA 10 REALINEACION","LyrFrzn":0,"LyrOn":1,"Color":6,"Linetype":"DASHED2","Elevation":0,"LineWt":13,"RefName":" ","DocUpdate":1773792000000,"DocId":1168559752809999872,"GlobalWidt":0,"Shape_Leng":0}},{"type":"Feature","id":160,"geometry":{"type":"LineString","coordinates":[[-74.234723691183873,4.7118854098867509],[-74.228322127416817,4.7067306737191625]]},"properties":{"FID":160,"Entity":"Line","Handle":"685","Layer":". CF POLIDUCTO MANSILLA 10 REALINEACION","LyrFrzn":0,"LyrOn":1,"Color":6,"Linetype":"DASHED2","Elevation":0,"LineWt":13,"RefName":" ","DocUpdate":1773792000000,"DocId":1168559752809999872,"GlobalWidt":0,"Shape_Leng":0}},{"type":"Feature","id":161,"geometry":{"type":"LineString","coordinates":[[-74.228322127416817,4.7067306737191625],[-74.228232666494904,4.7066614793085551]]},"properties":{"FID":161,"Entity":"Arc","Handle":"686","Layer":". CF POLIDUCTO MANSILLA 10 REALINEACION","LyrFrzn":0,"LyrOn":1,"Color":6,"Linetype":"DASHED2","Elevation":0,"LineWt":13,"RefName":" ","DocUpdate":1773792000000,"DocId":1168559752809999872,"GlobalWidt":0,"Shape_Leng":0}},{"type":"Feature","id":162,"geometry":{"type":"LineString","coordinates":[[-74.228232666494904,4.7066614793085551],[-74.226510727254308,4.7053828133332827]]},"properties":{"FID":162,"Entity":"Line","Handle":"687","Layer":". CF POLIDUCTO MANSILLA 10 REALINEACION","LyrFrzn":0,"LyrOn":1,"Color":6,"Linetype":"DASHED2","Elevation":0,"LineWt":13,"RefName":" ","DocUpdate":1773792000000,"DocId":1168559752809999872,"GlobalWidt":0,"Shape_Leng":0}},{"type":"Feature","id":163,"geometry":{"type":"LineString","coordinates":[[-74.226510727254308,4.7053828133332827],[-74.226497959860978,4.7053744094515659],[-74.226484329405821,4.7053675036359994]]},"properties":{"FID":163,"Entity":"Arc","Handle":"688","Layer":". CF POLIDUCTO MANSILLA 10 REALINEACION","LyrFrzn":0,"LyrOn":1,"Color":6,"Linetype":"DASHED2","Elevation":0,"LineWt":13,"RefName":" ","DocUpdate":1773792000000,"DocId":1168559752809999872,"GlobalWidt":0,"Shape_Leng":0}},{"type":"Feature","id":164,"geometry":{"type":"LineString","coordinates":[[-74.226484329405821,4.7053675036359994],[-74.226434628968761,4.705345762150146]]},"properties":{"FID":164,"Entity":"Line","Handle":"689","Layer":". CF POLIDUCTO MANSILLA 10 REALINEACION","LyrFrzn":0,"LyrOn":1,"Color":6,"Linetype":"DASHED2","Elevation":0,"LineWt":13,"RefName":" ","DocUpdate":1773792000000,"DocId":1168559752809999872,"GlobalWidt":0,"Shape_Leng":0}},{"type":"Feature","id":165,"geometry":{"type":"LineString","coordinates":[[-74.226412209916731,4.7053317122393441],[-74.226422903285766,4.7053395662287922],[-74.226434628968761,4.705345762150146]]},"properties":{"FID":165,"Entity":"Arc","Handle":"68A","Layer":". CF POLIDUCTO MANSILLA 10 REALINEACION","LyrFrzn":0,"LyrOn":1,"Color":6,"Linetype":"DASHED2","Elevation":0,"LineWt":13,"RefName":" ","DocUpdate":1773792000000,"DocId":1168559752809999872,"GlobalWidt":0,"Shape_Leng":0}},{"type":"Feature","id":166,"geometry":{"type":"LineString","coordinates":[[-74.226412209916731,4.7053317122393441],[-74.226400894479568,4.7053220423898177]]},"properties":{"FID":166,"Entity":"Line","Handle":"68B","Layer":". CF POLIDUCTO MANSILLA 10 REALINEACION","LyrFrzn":0,"LyrOn":1,"Color":6,"Linetype":"DASHED2","Elevation":0,"LineWt":13,"RefName":" ","DocUpdate":1773792000000,"DocId":1168559752809999872,"GlobalWidt":0,"Shape_Leng":0}},{"type":"Feature","id":167,"geometry":{"type":"LineString","coordinates":[[-74.140909637960476,4.6764539406287646],[-74.140893128984459,4.6764693265178607]]},"properties":{"FID":167,"Entity":"Line","Handle":"68C","Layer":"DESMANTELAR","LyrFrzn":0,"LyrOn":1,"Color":22,"Linetype":"Continuous","Elevation":0,"LineWt":25,"RefName":" ","DocUpdate":1773792000000,"DocId":1168559752809999872,"GlobalWidt":0,"Shape_Leng":0}},{"type":"Feature","id":168,"geometry":{"type":"LineString","coordinates":[[-74.140893128984459,4.6764693265178607],[-74.140778370504492,4.6763453559902128]]},"properties":{"FID":168,"Entity":"Line","Handle":"68D","Layer":"DESMANTELAR","LyrFrzn":0,"LyrOn":1,"Color":22,"Linetype":"Continuous","Elevation":0,"LineWt":25,"RefName":" ","DocUpdate":1773792000000,"DocId":1168559752809999872,"GlobalWidt":0,"Shape_Leng":0}},{"type":"Feature","id":169,"geometry":{"type":"LineString","coordinates":[[-74.140778370504492,4.6763453559902128],[-74.140723926795147,4.6761653387014546]]},"properties":{"FID":169,"Entity":"Line","Handle":"68E","Layer":"DESMANTELAR","LyrFrzn":0,"LyrOn":1,"Color":22,"Linetype":"Continuous","Elevation":0,"LineWt":25,"RefName":" ","DocUpdate":1773792000000,"DocId":1168559752809999872,"GlobalWidt":0,"Shape_Leng":0}},{"type":"Feature","id":170,"geometry":{"type":"LineString","coordinates":[[-74.140723926795147,4.6761653387014546],[-74.140537904182381,4.6759725259002973]]},"properties":{"FID":170,"Entity":"Line","Handle":"68F","Layer":"DESMANTELAR","LyrFrzn":0,"LyrOn":1,"Color":22,"Linetype":"Continuous","Elevation":0,"LineWt":25,"RefName":" ","DocUpdate":1773792000000,"DocId":1168559752809999872,"GlobalWidt":0,"Shape_Leng":0}},{"type":"Feature","id":171,"geometry":{"type":"LineString","coordinates":[[-74.140537904182381,4.6759725259002973],[-74.140412930407237,4.6759106518269684]]},"properties":{"FID":171,"Entity":"Line","Handle":"690","Layer":"DESMANTELAR","LyrFrzn":0,"LyrOn":1,"Color":22,"Linetype":"Continuous","Elevation":0,"LineWt":25,"RefName":" ","DocUpdate":1773792000000,"DocId":1168559752809999872,"GlobalWidt":0,"Shape_Leng":0}},{"type":"Feature","id":172,"geometry":{"type":"LineString","coordinates":[[-74.140412930407237,4.6759106518269684],[-74.140237729590311,4.6757853227723931]]},"properties":{"FID":172,"Entity":"Line","Handle":"691","Layer":"DESMANTELAR","LyrFrzn":0,"LyrOn":1,"Color":22,"Linetype":"Continuous","Elevation":0,"LineWt":25,"RefName":" ","DocUpdate":1773792000000,"DocId":1168559752809999872,"GlobalWidt":0,"Shape_Leng":0}},{"type":"Feature","id":173,"geometry":{"type":"LineString","coordinates":[[-74.140237729590311,4.6757853227723931],[-74.14012476738327,4.6756545829035749]]},"properties":{"FID":173,"Entity":"Line","Handle":"692","Layer":"DESMANTELAR","LyrFrzn":0,"LyrOn":1,"Color":22,"Linetype":"Continuous","Elevation":0,"LineWt":25,"RefName":" ","DocUpdate":1773792000000,"DocId":1168559752809999872,"GlobalWidt":0,"Shape_Leng":0}},{"type":"Feature","id":174,"geometry":{"type":"LineString","coordinates":[[-74.14012476738327,4.6756545829035749],[-74.140032743631053,4.6755703277092522]]},"properties":{"FID":174,"Entity":"Line","Handle":"693","Layer":"DESMANTELAR","LyrFrzn":0,"LyrOn":1,"Color":22,"Linetype":"Continuous","Elevation":0,"LineWt":25,"RefName":" ","DocUpdate":1773792000000,"DocId":1168559752809999872,"GlobalWidt":0,"Shape_Leng":0}},{"type":"Feature","id":175,"geometry":{"type":"LineString","coordinates":[[-74.140032743631053,4.6755703277092522],[-74.139921780729637,4.6754599014544027]]},"properties":{"FID":175,"Entity":"Line","Handle":"694","Layer":"DESMANTELAR","LyrFrzn":0,"LyrOn":1,"Color":22,"Linetype":"Continuous","Elevation":0,"LineWt":25,"RefName":" ","DocUpdate":1773792000000,"DocId":1168559752809999872,"GlobalWidt":0,"Shape_Leng":0}},{"type":"Feature","id":176,"geometry":{"type":"LineString","coordinates":[[-74.139921780729637,4.6754599014544027],[-74.13993764767109,4.6754438505498621]]},"properties":{"FID":176,"Entity":"Line","Handle":"695","Layer":"DESMANTELAR","LyrFrzn":0,"LyrOn":1,"Color":22,"Linetype":"Continuous","Elevation":0,"LineWt":25,"RefName":" ","DocUpdate":1773792000000,"DocId":1168559752809999872,"GlobalWidt":0,"Shape_Leng":0}},{"type":"Feature","id":177,"geometry":{"type":"LineString","coordinates":[[-74.13993764767109,4.6754438505498621],[-74.140048276628562,4.6755539456643644]]},"properties":{"FID":177,"Entity":"Line","Handle":"696","Layer":"DESMANTELAR","LyrFrzn":0,"LyrOn":1,"Color":22,"Linetype":"Continuous","Elevation":0,"LineWt":25,"RefName":" ","DocUpdate":1773792000000,"DocId":1168559752809999872,"GlobalWidt":0,"Shape_Leng":0}},{"type":"Feature","id":178,"geometry":{"type":"LineString","coordinates":[[-74.140048276628562,4.6755539456643644],[-74.140140929752903,4.6756387737205429]]},"properties":{"FID":178,"Entity":"Line","Handle":"697","Layer":"DESMANTELAR","LyrFrzn":0,"LyrOn":1,"Color":22,"Linetype":"Continuous","Elevation":0,"LineWt":25,"RefName":" ","DocUpdate":1773792000000,"DocId":1168559752809999872,"GlobalWidt":0,"Shape_Leng":0}},{"type":"Feature","id":179,"geometry":{"type":"LineString","coordinates":[[-74.140140929752903,4.6756387737205429],[-74.140252995744902,4.6757684782160753]]},"properties":{"FID":179,"Entity":"Line","Handle":"698","Layer":"DESMANTELAR","LyrFrzn":0,"LyrOn":1,"Color":22,"Linetype":"Continuous","Elevation":0,"LineWt":25,"RefName":" ","DocUpdate":1773792000000,"DocId":1168559752809999872,"GlobalWidt":0,"Shape_Leng":0}},{"type":"Feature","id":180,"geometry":{"type":"LineString","coordinates":[[-74.140252995744902,4.6757684782160753],[-74.140424532066945,4.6758911847479094]]},"properties":{"FID":180,"Entity":"Line","Handle":"699","Layer":"DESMANTELAR","LyrFrzn":0,"LyrOn":1,"Color":22,"Linetype":"Continuous","Elevation":0,"LineWt":25,"RefName":" ","DocUpdate":1773792000000,"DocId":1168559752809999872,"GlobalWidt":0,"Shape_Leng":0}},{"type":"Feature","id":181,"geometry":{"type":"LineString","coordinates":[[-74.140424532066945,4.6758911847479094],[-74.140551378485185,4.6759539864721846]]},"properties":{"FID":181,"Entity":"Line","Handle":"69A","Layer":"DESMANTELAR","LyrFrzn":0,"LyrOn":1,"Color":22,"Linetype":"Continuous","Elevation":0,"LineWt":25,"RefName":" ","DocUpdate":1773792000000,"DocId":1168559752809999872,"GlobalWidt":0,"Shape_Leng":0}},{"type":"Feature","id":182,"geometry":{"type":"LineString","coordinates":[[-74.140551378485185,4.6759539864721846],[-74.140743906162839,4.6761535429126981]]},"properties":{"FID":182,"Entity":"Line","Handle":"69B","Layer":"DESMANTELAR","LyrFrzn":0,"LyrOn":1,"Color":22,"Linetype":"Continuous","Elevation":0,"LineWt":25,"RefName":" ","DocUpdate":1773792000000,"DocId":1168559752809999872,"GlobalWidt":0,"Shape_Leng":0}},{"type":"Feature","id":183,"geometry":{"type":"LineString","coordinates":[[-74.140743906162839,4.6761535429126981],[-74.140798421411318,4.676333795322499]]},"properties":{"FID":183,"Entity":"Line","Handle":"69C","Layer":"DESMANTELAR","LyrFrzn":0,"LyrOn":1,"Color":22,"Linetype":"Continuous","Elevation":0,"LineWt":25,"RefName":" ","DocUpdate":1773792000000,"DocId":1168559752809999872,"GlobalWidt":0,"Shape_Leng":0}},{"type":"Feature","id":184,"geometry":{"type":"LineString","coordinates":[[-74.140798421411318,4.676333795322499],[-74.140909637960476,4.6764539406287646]]},"properties":{"FID":184,"Entity":"Line","Handle":"69D","Layer":"DESMANTELAR","LyrFrzn":0,"LyrOn":1,"Color":22,"Linetype":"Continuous","Elevation":0,"LineWt":25,"RefName":" ","DocUpdate":1773792000000,"DocId":1168559752809999872,"GlobalWidt":0,"Shape_Leng":0}},{"type":"Feature","id":185,"geometry":{"type":"LineString","coordinates":[[-74.153540751123501,4.6897597860320532],[-74.153514765198565,4.689732929104693],[-74.153507939483873,4.6897245462446255],[-74.153502637022726,4.6897151191743642],[-74.153487204699744,4.6896811984522149],[-74.153483594785456,4.6896743932237843],[-74.153479187132291,4.6896680787471174],[-74.153474047115026,4.6896623486791382],[-74.153320483290514,4.68951083047416],[-74.153314205394537,4.6895036204409877],[-74.153309083018669,4.6894955429690164],[-74.153305233329903,4.6894867828188396],[-74.153302744384277,4.6894775403663465],[-74.153301673112821,4.6894680270194131],[-74.153302044019298,4.6894584603821814],[-74.153322788929515,4.6892775440819348],[-74.153323156716567,4.6892678920197755],[-74.153322056571056,4.689258296182623],[-74.15331951410856,4.6892489799976884],[-74.153315588527235,4.6892401603808125],[-74.153310371229452,4.6892320426858607],[-74.153303983693533,4.6892248159233176],[-74.153040986079077,4.6889694949587524],[-74.15245640872655,4.6883636715407047],[-74.151335316183392,4.6872336933802838],[-74.141729940075308,4.6773171895627144],[-74.141390719912152,4.6769670162561079],[-74.140831352679555,4.6763893802785947],[-74.140804430267664,4.6763611990311889],[-74.140793389386516,4.6763475902385849],[-74.140784678908815,4.6763323739256606],[-74.140778526592271,4.6763159479620855],[-74.14074240935129,4.6761892376977627],[-74.140734508818866,4.6761682614198659],[-74.140723271939279,4.6761488777290872],[-74.140709005804936,4.6761316163614044],[-74.140563215231808,4.6759822811296523],[-74.140547373167877,4.6759678730162673],[-74.140529942192714,4.6759554483781276],[-74.140511167562593,4.6759451820316018],[-74.140429761014033,4.6759067616595233],[-74.140418730569039,4.6759009182872155],[-74.140408283837672,4.6758940797561053],[-74.140259012661247,4.6757861892338628],[-74.140246605866864,4.6757760510928019],[-74.140235479740511,4.6757645132558725],[-74.140148082978783,4.675662428252874],[-74.140132849708436,4.6756466783676371],[-74.140014547051834,4.6755383672316686],[-74.139994960244209,4.6755193115794782],[-74.137582681415296,4.6730260559977861],[-74.13749055437961,4.6729351139685784],[-74.13739436022162,4.6728485149661294],[-74.137294302113446,4.6727664418953587],[-74.13719059138802,4.6726890681019402],[-74.13569231190435,4.6716240196270329],[-74.135681358975205,4.6716148449248154],[-74.135671986305795,4.6716040509231478],[-74.135664428781567,4.6715919081270982],[-74.135609670368325,4.6714861175827869],[-74.135602752063193,4.6714748516176332],[-74.135594269184864,4.6714647192958383],[-74.135538593653891,4.671407327427457]]},"properties":{"FID":185,"Entity":" ","Handle":" ","Layer":". CF POLIDUCTO ACTUAL","LyrFrzn":0,"LyrOn":0,"Color":6,"Linetype":"Continuous","Elevation":0,"LineWt":0,"RefName":" ","DocUpdate":null,"DocId":0,"GlobalWidt":0,"Shape_Leng":2864.6733912899999}}]}