{
"type": "FeatureCollection",
"name": "roadsProy",
"features": [
{ "type": "Feature", "id": 48, "properties": { "OBJECTID": 48, "Entity": "LWPolyline", "Handle": "A4", "Layer": "DG-BORDE-VIA", "LyrFrzn": 0, "LyrOn": 1, "Color": 3, "Linetype": "Continuous", "Elevation": 0.0, "LineWt": 30, "RefName": "", "DocUpdate": 1739339458000, "DocId": 1.1701160655876131e+19, "GlobalWidth": 0.0, "Shape_Length": 5.0000893189721012 }, "geometry": { "type": "LineString", "coordinates": [ [ -74.207013702381488, 4.698246726169036 ], [ -74.206969274045022, 4.698254310698032 ] ] } },
{ "type": "Feature", "id": 49, "properties": { "OBJECTID": 49, "Entity": "LWPolyline", "Handle": "A5", "Layer": "0", "LyrFrzn": 0, "LyrOn": 1, "Color": 7, "Linetype": "Continuous", "Elevation": 0.0, "LineWt": 25, "RefName": "", "DocUpdate": 1739339458000, "DocId": 1.1701160655876131e+19, "GlobalWidth": 0.0, "Shape_Length": 0.50015045711515649 }, "geometry": { "type": "LineString", "coordinates": [ [ -74.204624659145935, 4.698342347700939 ], [ -74.204628929345006, 4.698340898223602 ] ] } },
{ "type": "Feature", "id": 50, "properties": { "OBJECTID": 50, "Entity": "LWPolyline", "Handle": "A6", "Layer": "DG-BORDE-VIA", "LyrFrzn": 0, "LyrOn": 1, "Color": 3, "Linetype": "Continuous", "Elevation": 0.0, "LineWt": 30, "RefName": "", "DocUpdate": 1739339458000, "DocId": 1.1701160655876131e+19, "GlobalWidth": 0.0, "Shape_Length": 9.4167271449328886 }, "geometry": { "type": "LineString", "coordinates": [ [ -74.204640909782896, 4.698391048868563 ], [ -74.204639103295193, 4.698383767887117 ], [ -74.204638525784134, 4.698376288410556 ], [ -74.204639193153753, 4.698368816415746 ], [ -74.204641087025394, 4.698361557673512 ], [ -74.204644155243855, 4.698354712081927 ], [ -74.204648313313641, 4.698348468161335 ], [ -74.204653446725899, 4.698342997862697 ], [ -74.204659414111902, 4.698338451832243 ], [ -74.204666051136172, 4.69833495526284 ], [ -74.204673175022066, 4.698332604446307 ], [ -74.204680589585323, 4.698331464121636 ], [ -74.204683008707718, 4.698331328034429 ] ] } },
{ "type": "Feature", "id": 51, "properties": { "OBJECTID": 51, "Entity": "LWPolyline", "Handle": "A7", "Layer": "DG-ANDEN", "LyrFrzn": 0, "LyrOn": 1, "Color": 210, "Linetype": "Continuous", "Elevation": 0.0, "LineWt": 30, "RefName": "", "DocUpdate": 1739339458000, "DocId": 1.1701160655876131e+19, "GlobalWidth": 0.0, "Shape_Length": 8.5077389764733304 }, "geometry": { "type": "LineString", "coordinates": [ [ -74.204645179982563, 4.698389601199728 ], [ -74.204643554235815, 4.698383048458536 ], [ -74.20464303454483, 4.698376317084909 ], [ -74.204643635221402, 4.698369592454267 ], [ -74.204645339723484, 4.698363059756334 ], [ -74.204648101110763, 4.698356898895198 ], [ -74.204651843337345, 4.698351279534926 ], [ -74.20465646334597, 4.698346356427182 ], [ -74.204661833906158, 4.698342265149519 ], [ -74.204667807117943, 4.698339118371708 ], [ -74.204674218484939, 4.698337002752918 ], [ -74.204680891444397, 4.698335976555216 ], [ -74.204683362837883, 4.698335809712044 ] ] } },
{ "type": "Feature", "id": 52, "properties": { "OBJECTID": 52, "Entity": "LWPolyline", "Handle": "AA", "Layer": "DG-BORDE-VIA", "LyrFrzn": 0, "LyrOn": 1, "Color": 3, "Linetype": "Continuous", "Elevation": 0.0, "LineWt": 30, "RefName": "", "DocUpdate": 1739339458000, "DocId": 1.1701160655876131e+19, "GlobalWidth": 0.0, "Shape_Length": 4.5040016779597707 }, "geometry": { "type": "LineString", "coordinates": [ [ -74.204606719343701, 4.69840263564941 ], [ -74.204645179982563, 4.698389601199728 ] ] } },
{ "type": "Feature", "id": 53, "properties": { "OBJECTID": 53, "Entity": "LWPolyline", "Handle": "AB", "Layer": "DG-BORDE-VIA", "LyrFrzn": 0, "LyrOn": 1, "Color": 3, "Linetype": "Continuous", "Elevation": 0.0, "LineWt": 30, "RefName": "", "DocUpdate": 1739339458000, "DocId": 1.1701160655876131e+19, "GlobalWidth": 0.0, "Shape_Length": 14.668181179052311 }, "geometry": { "type": "LineString", "coordinates": [ [ -74.204606719343701, 4.69840263564941 ], [ -74.204564467866859, 4.698276946577912 ] ] } },
{ "type": "Feature", "id": 54, "properties": { "OBJECTID": 54, "Entity": "LWPolyline", "Handle": "AC", "Layer": "DG-BORDE-VIA", "LyrFrzn": 0, "LyrOn": 1, "Color": 3, "Linetype": "Continuous", "Elevation": 0.0, "LineWt": 30, "RefName": "", "DocUpdate": 1739339458000, "DocId": 1.1701160655876131e+19, "GlobalWidth": 0.0, "Shape_Length": 6.2754978031836162 }, "geometry": { "type": "LineString", "coordinates": [ [ -74.204602575307248, 4.69827455949794 ], [ -74.204606580490008, 4.698280542632505 ], [ -74.204611488011622, 4.69828581099276 ], [ -74.204617172426083, 4.698290229908955 ], [ -74.204623488428481, 4.698293686424815 ], [ -74.20463027456924, 4.698296092184928 ], [ -74.204637357381117, 4.698297385693288 ], [ -74.204644555813402, 4.698297533885251 ], [ -74.204650695533445, 4.698297080612438 ] ] } },
{ "type": "Feature", "id": 55, "properties": { "OBJECTID": 55, "Entity": "LWPolyline", "Handle": "AD", "Layer": "DG-ANDEN", "LyrFrzn": 0, "LyrOn": 1, "Color": 210, "Linetype": "Continuous", "Elevation": 0.0, "LineWt": 30, "RefName": "", "DocUpdate": 1739339458000, "DocId": 1.1701160655876131e+19, "GlobalWidth": 0.0, "Shape_Length": 5.6647860420240956 }, "geometry": { "type": "LineString", "coordinates": [ [ -74.204607637071234, 4.69827424206798 ], [ -74.20461132088974, 4.698279185345437 ], [ -74.204615711989419, 4.69828351255637 ], [ -74.204620708723951, 4.698287123533372 ], [ -74.204626195427622, 4.698289934688605 ], [ -74.204632045092765, 4.698291880948715 ], [ -74.204638122309845, 4.698292917261169 ], [ -74.20464428640183, 4.698293019637133 ], [ -74.204652165653286, 4.698292461147554 ] ] } },
{ "type": "Feature", "id": 56, "properties": { "OBJECTID": 56, "Entity": "LWPolyline", "Handle": "AE", "Layer": "DG-BORDE-VIA", "LyrFrzn": 0, "LyrOn": 1, "Color": 3, "Linetype": "Continuous", "Elevation": 0.0, "LineWt": 30, "RefName": "", "DocUpdate": 1739339458000, "DocId": 1.1701160655876131e+19, "GlobalWidth": 0.0, "Shape_Length": 4.7988739718803552 }, "geometry": { "type": "LineString", "coordinates": [ [ -74.204607637071234, 4.69827424206798 ], [ -74.204564467866859, 4.698276946577912 ] ] } },
{ "type": "Feature", "id": 57, "properties": { "OBJECTID": 57, "Entity": "LWPolyline", "Handle": "AF", "Layer": "0", "LyrFrzn": 0, "LyrOn": 1, "Color": 5, "Linetype": "DASHED", "Elevation": 0.0, "LineWt": 25, "RefName": "", "DocUpdate": 1739339458000, "DocId": 1.1701160655876131e+19, "GlobalWidth": 0.5, "Shape_Length": 584.50058608696236 }, "geometry": { "type": "LineString", "coordinates": [ [ -74.207013933958777, 4.698251272977875 ], [ -74.207004788494913, 4.698071853080133 ], [ -74.205107712939267, 4.698190947308281 ], [ -74.205058727112146, 4.698245983311684 ], [ -74.204564467866859, 4.698276946577912 ], [ -74.204608360512893, 4.69840685303497 ], [ -74.204651159847785, 4.698392347391875 ], [ -74.204649035688277, 4.698386868138382 ], [ -74.204647826698377, 4.698381117258806 ], [ -74.204647564781823, 4.698375246511648 ], [ -74.204648256850277, 4.698369410818567 ], [ -74.204649884640887, 4.698363764176189 ], [ -74.204652405198331, 4.698358455592325 ], [ -74.20465575200825, 4.69835362515385 ], [ -74.204659836752526, 4.698349400329982 ], [ -74.204664551639866, 4.698345892608525 ], [ -74.204669772250313, 4.698343194553851 ], [ -74.204675360818499, 4.69834137736424 ], [ -74.204681169869119, 4.698340488993054 ], [ -74.204683628649377, 4.698340351089986 ], [ -74.206900196447293, 4.698203648007095 ], [ -74.206910734850482, 4.698203914573195 ], [ -74.206921074546457, 4.698205968760806 ], [ -74.2069309145364, 4.698209750770484 ], [ -74.206939968368474, 4.698215150504184 ], [ -74.206947972476684, 4.698222010770312 ], [ -74.206954693853476, 4.698230131859727 ], [ -74.206959936832945, 4.698239277359477 ], [ -74.20696354878676, 4.698249181035008 ], [ -74.206965424567372, 4.698259554580519 ], [ -74.207013933958777, 4.698251272977875 ] ] } },
{ "type": "Feature", "id": 58, "properties": { "OBJECTID": 58, "Entity": "Circle", "Handle": "B1", "Layer": "C-ROAD-STAN", "LyrFrzn": 0, "LyrOn": 1, "Color": 11, "Linetype": "Continuous", "Elevation": 0.0, "LineWt": 25, "RefName": "", "DocUpdate": 1739339458000, "DocId": 1.1701160655876131e+19, "GlobalWidth": null, "Shape_Length": 0.31445888246399178 }, "geometry": { "type": "LineString", "coordinates": [ [ -74.204596811287658, 4.698318976458921 ], [ -74.204596889878701, 4.698318969589812 ], [ -74.204596966082946, 4.698318949177871 ], [ -74.204597037584989, 4.698318915843303 ], [ -74.204597102212276, 4.698318870598962 ], [ -74.204597158001121, 4.698318814819576 ], [ -74.204597203256426, 4.698318750199971 ], [ -74.204597236603121, 4.698318678703583 ], [ -74.204597257027984, 4.698318602502792 ], [ -74.204597263910429, 4.698318523912921 ], [ -74.204597257041314, 4.698318445321885 ], [ -74.204597236629368, 4.698318369117631 ], [ -74.20459720329481, 4.698318297615588 ], [ -74.204597158050461, 4.698318232988307 ], [ -74.20459710227108, 4.698318177199458 ], [ -74.204597037651467, 4.698318131944156 ], [ -74.20459696615508, 4.69831809859746 ], [ -74.204596889954288, 4.698318078172593 ], [ -74.204596811364425, 4.698318071290155 ], [ -74.204596732773382, 4.698318078159264 ], [ -74.204596656569137, 4.698318098571205 ], [ -74.204596585067094, 4.698318131905773 ], [ -74.204596520439807, 4.698318177150114 ], [ -74.204596464650962, 4.6983182329295 ], [ -74.204596419395656, 4.698318297549105 ], [ -74.204596386048962, 4.698318369045493 ], [ -74.204596365624099, 4.698318445246284 ], [ -74.204596358741654, 4.698318523836154 ], [ -74.204596365610769, 4.698318602427191 ], [ -74.204596386022715, 4.698318678631445 ], [ -74.204596419357273, 4.698318750133488 ], [ -74.204596464601622, 4.698318814760769 ], [ -74.204596520381003, 4.698318870549618 ], [ -74.204596585000616, 4.698318915804919 ], [ -74.204596656497003, 4.698318949151616 ], [ -74.204596732697794, 4.698318969576483 ], [ -74.204596811287658, 4.698318976458921 ] ] } },
{ "type": "Feature", "id": 59, "properties": { "OBJECTID": 59, "Entity": "Line", "Handle": "B2", "Layer": "C-ROAD-LINE-EXTN", "LyrFrzn": 0, "LyrOn": 1, "Color": 252, "Linetype": "HIDDEN", "Elevation": 0.0, "LineWt": 25, "RefName": "", "DocUpdate": 1739339458000, "DocId": 1.1701160655876131e+19, "GlobalWidth": null, "Shape_Length": 8.8461583275497944 }, "geometry": { "type": "LineString", "coordinates": [ [ -74.206898538431872, 4.698176569768049 ], [ -74.206978120590392, 4.698171662697595 ] ] } },
{ "type": "Feature", "id": 60, "properties": { "OBJECTID": 60, "Entity": "Circle", "Handle": "B3", "Layer": "C-ROAD-STAN", "LyrFrzn": 0, "LyrOn": 1, "Color": 11, "Linetype": "Continuous", "Elevation": 0.0, "LineWt": 25, "RefName": "", "DocUpdate": 1739339458000, "DocId": 1.1701160655876131e+19, "GlobalWidth": null, "Shape_Length": 0.3148903309648729 }, "geometry": { "type": "LineString", "coordinates": [ [ -74.206978120673824, 4.698172114850719 ], [ -74.206978199367938, 4.698172107918156 ], [ -74.206978275662692, 4.698172087425823 ], [ -74.206978347239897, 4.698172053996371 ], [ -74.206978411924723, 4.698172008645537 ], [ -74.206978467751753, 4.698171952751282 ], [ -74.206978513024694, 4.698171888011925 ], [ -74.206978546367978, 4.698171816394538 ], [ -74.206978566768484, 4.69817174007518 ], [ -74.206978573606321, 4.698171661372776 ], [ -74.206978566673769, 4.698171582678658 ], [ -74.206978546181432, 4.698171506383908 ], [ -74.206978512751974, 4.698171434806702 ], [ -74.206978467401143, 4.698171370121878 ], [ -74.206978411506896, 4.698171314294853 ], [ -74.206978346767528, 4.6981712690219 ], [ -74.206978275150149, 4.698171235678616 ], [ -74.206978198830782, 4.698171215278122 ], [ -74.206978120128383, 4.698171208440273 ], [ -74.206978041434269, 4.698171215372836 ], [ -74.206977965139515, 4.698171235865169 ], [ -74.206977893562311, 4.698171269294621 ], [ -74.206977828877484, 4.698171314645455 ], [ -74.206977773050454, 4.69817137053971 ], [ -74.206977727777513, 4.698171435279067 ], [ -74.206977694434229, 4.698171506896454 ], [ -74.206977674033723, 4.698171583215812 ], [ -74.206977667195886, 4.698171661918217 ], [ -74.206977674128439, 4.698171740612334 ], [ -74.206977694620775, 4.698171816907085 ], [ -74.206977728050234, 4.69817188848429 ], [ -74.206977773401064, 4.698171953169114 ], [ -74.206977829295312, 4.698172008996139 ], [ -74.206977894034679, 4.698172054269092 ], [ -74.206977965652058, 4.698172087612376 ], [ -74.206978041971425, 4.69817210801287 ], [ -74.206978120673824, 4.698172114850719 ] ] } },
{ "type": "Feature", "id": 61, "properties": { "OBJECTID": 61, "Entity": "Circle", "Handle": "B4", "Layer": "C-ROAD-STAN", "LyrFrzn": 0, "LyrOn": 1, "Color": 11, "Linetype": "Continuous", "Elevation": 0.0, "LineWt": 25, "RefName": "", "DocUpdate": 1739339458000, "DocId": 1.1701160655876131e+19, "GlobalWidth": null, "Shape_Length": 0.314147830269975 }, "geometry": { "type": "LineString", "coordinates": [ [ -74.205747674142287, 4.698248000136956 ], [ -74.205747752666426, 4.698247993399923 ], [ -74.205747828827739, 4.698247973129668 ], [ -74.20574790031209, 4.69824793994209 ], [ -74.205747964947477, 4.698247894845577 ], [ -74.205748020769988, 4.698247839210365 ], [ -74.205748066083459, 4.698247774726902 ], [ -74.205748099511098, 4.698247703354484 ], [ -74.205748120037185, 4.698247627261726 ], [ -74.205748127038078, 4.698247548760669 ], [ -74.205748120301052, 4.698247470236527 ], [ -74.205748100030789, 4.698247394075216 ], [ -74.205748066843213, 4.698247322590861 ], [ -74.2057480217467, 4.698247257955475 ], [ -74.205747966111488, 4.698247202132973 ], [ -74.20574790162803, 4.698247156819494 ], [ -74.205747830255618, 4.698247123391864 ], [ -74.205747754162857, 4.698247102865765 ], [ -74.205747675661797, 4.698247095864873 ], [ -74.205747597137659, 4.698247102601905 ], [ -74.205747520976345, 4.698247122872161 ], [ -74.205747449491994, 4.698247156059739 ], [ -74.205747384856608, 4.698247201156251 ], [ -74.205747329034097, 4.698247256791463 ], [ -74.205747283720626, 4.698247321274926 ], [ -74.205747250292987, 4.698247392647344 ], [ -74.205747229766899, 4.698247468740102 ], [ -74.205747222766007, 4.698247547241159 ], [ -74.205747229503032, 4.698247625765301 ], [ -74.205747249773296, 4.698247701926612 ], [ -74.205747282960871, 4.698247773410968 ], [ -74.205747328057384, 4.698247838046353 ], [ -74.205747383692596, 4.698247893868856 ], [ -74.205747448176055, 4.698247939182335 ], [ -74.205747519548467, 4.698247972609964 ], [ -74.205747595641228, 4.698247993136063 ], [ -74.205747674142287, 4.698248000136956 ] ] } },
{ "type": "Feature", "id": 62, "properties": { "OBJECTID": 62, "Entity": "LWPolyline", "Handle": "B5", "Layer": "DG-EJE-VIA", "LyrFrzn": 0, "LyrOn": 1, "Color": 10, "Linetype": "CENTER", "Elevation": 0.0, "LineWt": 30, "RefName": "", "DocUpdate": 1739339458000, "DocId": 1.1701160655876131e+19, "GlobalWidth": 0.0, "Shape_Length": 255.85453379895455 }, "geometry": { "type": "LineString", "coordinates": [ [ -74.204596811205789, 4.698318524305756 ], [ -74.206898538431872, 4.698176569768049 ] ] } },
{ "type": "Feature", "id": 63, "properties": { "OBJECTID": 63, "Entity": "Circle", "Handle": "B6", "Layer": "C-ROAD-STAN", "LyrFrzn": 0, "LyrOn": 1, "Color": 11, "Linetype": "Continuous", "Elevation": 0.0, "LineWt": 25, "RefName": "", "DocUpdate": 1739339458000, "DocId": 1.1701160655876131e+19, "GlobalWidth": null, "Shape_Length": 0.31421919248952362 }, "geometry": { "type": "LineString", "coordinates": [ [ -74.206898538515219, 4.698177021921168 ], [ -74.20689861704318, 4.698177015021232 ], [ -74.206898693179966, 4.698176994589883 ], [ -74.206898764612205, 4.698176961247917 ], [ -74.206898829169447, 4.698176916008414 ], [ -74.206898884890165, 4.698176860245954 ], [ -74.206898930081309, 4.69817679565485 ], [ -74.206898963369767, 4.698176724197669 ], [ -74.206898983744097, 4.698176648045603 ], [ -74.206898990585216, 4.698176569512493 ], [ -74.206898983685278, 4.698176490984529 ], [ -74.206898963253934, 4.698176414847742 ], [ -74.206898929911972, 4.698176343415511 ], [ -74.206898884672469, 4.698176278858267 ], [ -74.206898828910013, 4.69817622313755 ], [ -74.206898764318908, 4.698176177946406 ], [ -74.206898692861728, 4.698176144657944 ], [ -74.206898616709651, 4.698176124283618 ], [ -74.206898538176546, 4.698176117442491 ], [ -74.206898459648585, 4.698176124342428 ], [ -74.206898383511799, 4.698176144773777 ], [ -74.206898312079559, 4.698176178115743 ], [ -74.206898247522318, 4.698176223355246 ], [ -74.206898191801599, 4.698176279117706 ], [ -74.206898146610456, 4.69817634370881 ], [ -74.206898113321998, 4.698176415165991 ], [ -74.206898092947668, 4.698176491318057 ], [ -74.206898086106548, 4.698176569851166 ], [ -74.206898093006487, 4.698176648379131 ], [ -74.20689811343783, 4.698176724515918 ], [ -74.206898146779793, 4.698176795948148 ], [ -74.206898192019295, 4.698176860505392 ], [ -74.206898247781751, 4.698176916226109 ], [ -74.206898312372857, 4.698176961417253 ], [ -74.206898383830037, 4.698176994705715 ], [ -74.206898459982114, 4.698177015080041 ], [ -74.206898538515219, 4.698177021921168 ] ] } },
{ "type": "Feature", "id": 64, "properties": { "OBJECTID": 64, "Entity": "Circle", "Handle": "B7", "Layer": "C-ROAD-STAN", "LyrFrzn": 0, "LyrOn": 1, "Color": 11, "Linetype": "Continuous", "Elevation": 0.0, "LineWt": 25, "RefName": "", "DocUpdate": 1739339458000, "DocId": 1.1701160655876131e+19, "GlobalWidth": null, "Shape_Length": 0.31374028127478909 }, "geometry": { "type": "LineString", "coordinates": [ [ -74.20695913606697, 4.698196131324281 ], [ -74.206959214488222, 4.698196124584104 ], [ -74.206959290547658, 4.698196104328619 ], [ -74.206959361934238, 4.698196071173277 ], [ -74.206959426478946, 4.698196026125488 ], [ -74.206959482220611, 4.698195970554006 ], [ -74.206959527465543, 4.698195906147342 ], [ -74.206959560838996, 4.69819583486246 ], [ -74.206959581326956, 4.698195758865316 ], [ -74.206959588306873, 4.698195680465043 ], [ -74.206959581566707, 4.698195602043794 ], [ -74.206959561311223, 4.69819552598436 ], [ -74.206959528155878, 4.698195454597768 ], [ -74.206959483108079, 4.698195390053064 ], [ -74.206959427536603, 4.698195334311404 ], [ -74.20695936312994, 4.698195289066473 ], [ -74.206959291845052, 4.698195255693014 ], [ -74.206959215847917, 4.698195235205062 ], [ -74.20695913744764, 4.698195228225134 ], [ -74.206959059026389, 4.698195234965311 ], [ -74.206958982966952, 4.698195255220797 ], [ -74.206958911580372, 4.698195288376138 ], [ -74.206958847035665, 4.698195333423928 ], [ -74.206958791293999, 4.698195388995409 ], [ -74.206958746049068, 4.698195453402073 ], [ -74.206958712675615, 4.698195524686955 ], [ -74.206958692187655, 4.6981956006841 ], [ -74.206958685207738, 4.698195679084373 ], [ -74.206958691947904, 4.698195757505621 ], [ -74.206958712203388, 4.698195833565055 ], [ -74.206958745358733, 4.698195904951647 ], [ -74.206958790406532, 4.698195969496352 ], [ -74.206958845978008, 4.698196025238011 ], [ -74.206958910384671, 4.698196070482942 ], [ -74.206958981669558, 4.698196103856402 ], [ -74.206959057666694, 4.698196124344354 ], [ -74.20695913606697, 4.698196131324281 ] ] } },
{ "type": "Feature", "id": 65, "properties": { "OBJECTID": 65, "Entity": "LWPolyline", "Handle": "B8", "Layer": "DG-EJE-VIA", "LyrFrzn": 0, "LyrOn": 1, "Color": 10, "Linetype": "CENTER", "Elevation": 0.0, "LineWt": 30, "RefName": "", "DocUpdate": 1739339458000, "DocId": 1.1701160655876131e+19, "GlobalWidth": 0.0, "Shape_Length": 14.414728250916216 }, "geometry": { "type": "LineString", "coordinates": [ [ -74.20699148911622, 4.698250526572477 ], [ -74.206987948490521, 4.698236527113635 ], [ -74.206982186310768, 4.698223286337126 ], [ -74.206974354862894, 4.698211154177281 ], [ -74.206964661120637, 4.698200451269313 ], [ -74.206953361275367, 4.698191460475406 ], [ -74.206940753965455, 4.698184419409071 ], [ -74.206927172383658, 4.698179514155378 ], [ -74.206912975471255, 4.698176874352999 ], [ -74.206898538431872, 4.698176569768049 ] ] } },
{ "type": "Feature", "id": 66, "properties": { "OBJECTID": 66, "Entity": "Line", "Handle": "B9", "Layer": "C-ROAD-LINE-EXTN", "LyrFrzn": 0, "LyrOn": 1, "Color": 252, "Linetype": "HIDDEN", "Elevation": 0.0, "LineWt": 25, "RefName": "", "DocUpdate": 1739339458000, "DocId": 1.1701160655876131e+19, "GlobalWidth": null, "Shape_Length": 8.8461555497390467 }, "geometry": { "type": "LineString", "coordinates": [ [ -74.206978120590392, 4.698171662697595 ], [ -74.20699148911622, 4.698250526572477 ] ] } },
{ "type": "Feature", "id": 67, "properties": { "OBJECTID": 67, "Entity": "Circle", "Handle": "BA", "Layer": "C-ROAD-STAN", "LyrFrzn": 0, "LyrOn": 1, "Color": 11, "Linetype": "Continuous", "Elevation": 0.0, "LineWt": 25, "RefName": "", "DocUpdate": 1739339458000, "DocId": 1.1701160655876131e+19, "GlobalWidth": null, "Shape_Length": 0.31450809251821321 }, "geometry": { "type": "LineString", "coordinates": [ [ -74.207007257856148, 4.698343999972884 ], [ -74.207007336476934, 4.698343993305447 ], [ -74.207007412745497, 4.698343973086948 ], [ -74.207007484344473, 4.698343939931716 ], [ -74.20700754909835, 4.698343894847155 ], [ -74.207007605039621, 4.698343839203137 ], [ -74.20700765046854, 4.698343774690376 ], [ -74.207007684004765, 4.698343703269062 ], [ -74.207007704629305, 4.698343627109294 ], [ -74.207007711715519, 4.698343548525148 ], [ -74.207007705048085, 4.698343469904365 ], [ -74.207007684829591, 4.698343393635795 ], [ -74.20700765167436, 4.698343322036822 ], [ -74.207007606589798, 4.698343257282944 ], [ -74.207007550945775, 4.698343201341674 ], [ -74.207007486433014, 4.698343155912761 ], [ -74.207007415011702, 4.698343122376539 ], [ -74.207007338851938, 4.698343101751988 ], [ -74.207007260267787, 4.698343094665774 ], [ -74.207007181647, 4.698343101333211 ], [ -74.207007105378437, 4.69834312155171 ], [ -74.207007033779462, 4.698343154706942 ], [ -74.207006969025585, 4.698343199791503 ], [ -74.207006913084314, 4.698343255435521 ], [ -74.207006867655394, 4.698343319948282 ], [ -74.20700683411917, 4.698343391369596 ], [ -74.20700681349463, 4.698343467529364 ], [ -74.207006806408415, 4.698343546113509 ], [ -74.20700681307585, 4.698343624734293 ], [ -74.207006833294344, 4.698343701002863 ], [ -74.207006866449575, 4.698343772601836 ], [ -74.207006911534137, 4.698343837355714 ], [ -74.20700696717816, 4.698343893296983 ], [ -74.207007031690921, 4.698343938725897 ], [ -74.207007103112232, 4.698343972262119 ], [ -74.207007179271997, 4.69834399288667 ], [ -74.207007257856148, 4.698343999972884 ] ] } },
{ "type": "Feature", "id": 68, "properties": { "OBJECTID": 68, "Entity": "Circle", "Handle": "BB", "Layer": "C-ROAD-STAN", "LyrFrzn": 0, "LyrOn": 1, "Color": 11, "Linetype": "Continuous", "Elevation": 0.0, "LineWt": 25, "RefName": "", "DocUpdate": 1739339458000, "DocId": 1.1701160655876131e+19, "GlobalWidth": null, "Shape_Length": 0.31498621569879753 }, "geometry": { "type": "LineString", "coordinates": [ [ -74.206991489199638, 4.698250978725584 ], [ -74.206991567923993, 4.698250971862565 ], [ -74.206991644260611, 4.69825095143347 ], [ -74.206991715890013, 4.698250918059025 ], [ -74.206991780635803, 4.698250872753296 ], [ -74.206991836530705, 4.698250816892876 ], [ -74.206991881876363, 4.698250752175054 ], [ -74.206991915294992, 4.698250680566249 ], [ -74.206991935771185, 4.698250604242258 ], [ -74.206991942682777, 4.698250525522147 ], [ -74.206991935819758, 4.698250446797786 ], [ -74.20699191539066, 4.698250370461177 ], [ -74.206991882016212, 4.698250298831767 ], [ -74.206991836710486, 4.698250234085981 ], [ -74.206991780850061, 4.698250178191086 ], [ -74.206991716132237, 4.698250132845419 ], [ -74.206991644523441, 4.698250099426788 ], [ -74.206991568199442, 4.698250078950599 ], [ -74.206991489479336, 4.698250072039011 ], [ -74.206991410754981, 4.69825007890203 ], [ -74.206991334418362, 4.698250099331125 ], [ -74.206991262788961, 4.69825013270557 ], [ -74.20699119804317, 4.698250178011299 ], [ -74.206991142148269, 4.698250233871719 ], [ -74.206991096802611, 4.698250298589541 ], [ -74.206991063383981, 4.698250370198346 ], [ -74.206991042907788, 4.698250446522337 ], [ -74.206991035996197, 4.698250525242448 ], [ -74.206991042859215, 4.698250603966809 ], [ -74.206991063288314, 4.698250680303418 ], [ -74.206991096662762, 4.698250751932828 ], [ -74.206991141968487, 4.698250816678614 ], [ -74.206991197828913, 4.698250872573509 ], [ -74.206991262546737, 4.698250917919176 ], [ -74.206991334155532, 4.698250951337807 ], [ -74.206991410479532, 4.698250971813996 ], [ -74.206991489199638, 4.698250978725584 ] ] } },
{ "type": "Feature", "id": 69, "properties": { "OBJECTID": 69, "Entity": "Circle", "Handle": "BC", "Layer": "C-ROAD-STAN", "LyrFrzn": 0, "LyrOn": 1, "Color": 11, "Linetype": "Continuous", "Elevation": 0.0, "LineWt": 25, "RefName": "", "DocUpdate": 1739339458000, "DocId": 1.1701160655876131e+19, "GlobalWidth": null, "Shape_Length": 0.31493870200160778 }, "geometry": { "type": "LineString", "coordinates": [ [ -74.206999373527324, 4.698297489349321 ], [ -74.206999452248084, 4.698297482582879 ], [ -74.206999528597905, 4.698297462249518 ], [ -74.206999600256964, 4.698297428967058 ], [ -74.206999665047903, 4.69829738374677 ], [ -74.20699972100212, 4.698297327962648 ], [ -74.206999766419443, 4.698297263309667 ], [ -74.206999799919913, 4.698297191752273 ], [ -74.20699982048562, 4.698297115464701 ], [ -74.2069998274917, 4.698297036764912 ], [ -74.206999820725244, 4.698296958044158 ], [ -74.206999800391884, 4.69829688169433 ], [ -74.206999767109423, 4.698296810035278 ], [ -74.206999721889147, 4.698296745244327 ], [ -74.20699966610502, 4.698296689290117 ], [ -74.20699960145204, 4.698296643872787 ], [ -74.206999529894645, 4.698296610372322 ], [ -74.206999453607068, 4.698296589806614 ], [ -74.206999374907284, 4.698296582800544 ], [ -74.206999296186524, 4.698296589566986 ], [ -74.206999219836703, 4.698296609900347 ], [ -74.206999148177644, 4.698296643182807 ], [ -74.206999083386705, 4.698296688403095 ], [ -74.206999027432488, 4.698296744187217 ], [ -74.206998982015165, 4.698296808840198 ], [ -74.206998948514695, 4.698296880397592 ], [ -74.206998927948987, 4.698296956685164 ], [ -74.206998920942908, 4.698297035384953 ], [ -74.206998927709364, 4.698297114105707 ], [ -74.206998948042724, 4.698297190455535 ], [ -74.206998981325185, 4.698297262114587 ], [ -74.206999026545461, 4.698297326905538 ], [ -74.206999082329588, 4.698297382859749 ], [ -74.206999146982568, 4.698297428277078 ], [ -74.206999218539963, 4.698297461777543 ], [ -74.20699929482754, 4.698297482343251 ], [ -74.206999373527324, 4.698297489349321 ] ] } },
{ "type": "Feature", "id": 70, "properties": { "OBJECTID": 70, "Entity": "LWPolyline", "Handle": "BD", "Layer": "DG-EJE-VIA", "LyrFrzn": 0, "LyrOn": 1, "Color": 10, "Linetype": "CENTER", "Elevation": 0.0, "LineWt": 30, "RefName": "", "DocUpdate": 1739339458000, "DocId": 1.1701160655876131e+19, "GlobalWidth": 0.0, "Shape_Length": 10.434191869831258 }, "geometry": { "type": "LineString", "coordinates": [ [ -74.20699148911622, 4.698250526572477 ], [ -74.207007257772702, 4.698343547819762 ] ] } },
{ "type": "Feature", "id": 71, "properties": { "OBJECTID": 71, "Entity": "LWPolyline", "Handle": "BE", "Layer": "DG-BORDE-VIA", "LyrFrzn": 0, "LyrOn": 1, "Color": 3, "Linetype": "Continuous", "Elevation": 0.0, "LineWt": 30, "RefName": "", "DocUpdate": 1739339458000, "DocId": 1.1701160655876131e+19, "GlobalWidth": 0.0, "Shape_Length": 249.7418815573181 }, "geometry": { "type": "LineString", "coordinates": [ [ -74.204650695533445, 4.698297080612438 ], [ -74.206897431886674, 4.698158518211768 ] ] } },
{ "type": "Feature", "id": 72, "properties": { "OBJECTID": 72, "Entity": "LWPolyline", "Handle": "BF", "Layer": "DG-BORDE-VIA", "LyrFrzn": 0, "LyrOn": 1, "Color": 3, "Linetype": "Continuous", "Elevation": 0.0, "LineWt": 30, "RefName": "", "DocUpdate": 1739339458000, "DocId": 1.1701160655876131e+19, "GlobalWidth": 0.0, "Shape_Length": 17.341190735431827 }, "geometry": { "type": "LineString", "coordinates": [ [ -74.207009259007137, 4.698247484803014 ], [ -74.20700499810134, 4.698230643560353 ], [ -74.20699806484582, 4.69821471519758 ], [ -74.206988642456309, 4.698200120631863 ], [ -74.206976979925471, 4.698187245533928 ], [ -74.206963385443117, 4.698176430136469 ], [ -74.206948218252151, 4.698167960243276 ], [ -74.206931879155277, 4.69816205967669 ], [ -74.206914799923581, 4.698158884362956 ], [ -74.206897431886674, 4.698158518211768 ] ] } },
{ "type": "Feature", "id": 73, "properties": { "OBJECTID": 73, "Entity": "LWPolyline", "Handle": "C0", "Layer": "DG-BORDE-VIA", "LyrFrzn": 0, "LyrOn": 1, "Color": 3, "Linetype": "Continuous", "Elevation": 0.0, "LineWt": 30, "RefName": "", "DocUpdate": 1739339458000, "DocId": 1.1701160655876131e+19, "GlobalWidth": 0.0, "Shape_Length": 246.39582041108227 }, "geometry": { "type": "LineString", "coordinates": [ [ -74.204683008707718, 4.698331328034429 ], [ -74.206899643174467, 4.698194621324662 ] ] } },
{ "type": "Feature", "id": 74, "properties": { "OBJECTID": 74, "Entity": "LWPolyline", "Handle": "C1", "Layer": "DG-BORDE-VIA", "LyrFrzn": 0, "LyrOn": 1, "Color": 3, "Linetype": "Continuous", "Elevation": 0.0, "LineWt": 30, "RefName": "", "DocUpdate": 1739339458000, "DocId": 1.1701160655876131e+19, "GlobalWidth": 0.0, "Shape_Length": 11.48692407837699 }, "geometry": { "type": "LineString", "coordinates": [ [ -74.206973717419814, 4.698253553872916 ], [ -74.206970895212535, 4.698242398055553 ], [ -74.206966302775086, 4.698231846911861 ], [ -74.206960061470355, 4.698222179273572 ], [ -74.206952336235304, 4.698213650624298 ], [ -74.206943331222291, 4.69820648634795 ], [ -74.206933284403945, 4.69820087577259 ], [ -74.206922461284336, 4.698196967167114 ], [ -74.206911147882607, 4.698194863823001 ], [ -74.206899643174467, 4.698194621324662 ] ] } },
{ "type": "Feature", "id": 75, "properties": { "OBJECTID": 75, "Entity": "Insert", "Handle": "C5", "Layer": "C-ROAD-STAN-MAJR", "LyrFrzn": 0, "LyrOn": 1, "Color": 11, "Linetype": "Continuous", "Elevation": 0.0, "LineWt": 25, "RefName": "AeccTickLine", "DocUpdate": 1739339458000, "DocId": 1.1701160655876131e+19, "GlobalWidth": null, "Shape_Length": 0.59992972901498465 }, "geometry": { "type": "LineString", "coordinates": [ [ -74.204596977539225, 4.698321231768618 ], [ -74.204596644872325, 4.698315816842903 ] ] } },
{ "type": "Feature", "id": 76, "properties": { "OBJECTID": 76, "Entity": "Insert", "Handle": "CB", "Layer": "C-ROAD-STAN-MAJR", "LyrFrzn": 0, "LyrOn": 1, "Color": 11, "Linetype": "Continuous", "Elevation": 0.0, "LineWt": 25, "RefName": "AeccTickLine", "DocUpdate": 1739339458000, "DocId": 1.1701160655876131e+19, "GlobalWidth": null, "Shape_Length": 0.6001171232395075 }, "geometry": { "type": "LineString", "coordinates": [ [ -74.205046787828735, 4.698293492324372 ], [ -74.205046456960702, 4.698288075590002 ] ] } },
{ "type": "Feature", "id": 77, "properties": { "OBJECTID": 77, "Entity": "Insert", "Handle": "CD", "Layer": "C-ROAD-STAN-MAJR", "LyrFrzn": 0, "LyrOn": 1, "Color": 11, "Linetype": "Continuous", "Elevation": 0.0, "LineWt": 25, "RefName": "AeccTickLine", "DocUpdate": 1739339458000, "DocId": 1.1701160655876131e+19, "GlobalWidth": null, "Shape_Length": 0.59991749408792494 }, "geometry": { "type": "LineString", "coordinates": [ [ -74.205496599877165, 4.698265750781903 ], [ -74.205496269006034, 4.698260335856461 ] ] } },
{ "type": "Feature", "id": 78, "properties": { "OBJECTID": 78, "Entity": "Insert", "Handle": "CF", "Layer": "C-ROAD-STAN-MAJR", "LyrFrzn": 0, "LyrOn": 1, "Color": 11, "Linetype": "Continuous", "Elevation": 0.0, "LineWt": 25, "RefName": "AeccTickLine", "DocUpdate": 1739339458000, "DocId": 1.1701160655876131e+19, "GlobalWidth": null, "Shape_Length": 0.59992972907211239 }, "geometry": { "type": "LineString", "coordinates": [ [ -74.205946411882195, 4.6982380089502 ], [ -74.205946079204963, 4.698232594025391 ] ] } },
{ "type": "Feature", "id": 79, "properties": { "OBJECTID": 79, "Entity": "Insert", "Handle": "D1", "Layer": "C-ROAD-STAN-MAJR", "LyrFrzn": 0, "LyrOn": 1, "Color": 11, "Linetype": "Continuous", "Elevation": 0.0, "LineWt": 25, "RefName": "AeccTickLine", "DocUpdate": 1739339458000, "DocId": 1.1701160655876131e+19, "GlobalWidth": null, "Shape_Length": 0.60012935403989931 }, "geometry": { "type": "LineString", "coordinates": [ [ -74.206396223844095, 4.698210268637861 ], [ -74.206395891163083, 4.698204851904727 ] ] } },
{ "type": "Feature", "id": 80, "properties": { "OBJECTID": 80, "Entity": "Insert", "Handle": "D3", "Layer": "C-ROAD-STAN-MAJR", "LyrFrzn": 0, "LyrOn": 1, "Color": 11, "Linetype": "Continuous", "Elevation": 0.0, "LineWt": 25, "RefName": "AeccTickLine", "DocUpdate": 1739339458000, "DocId": 1.1701160655876131e+19, "GlobalWidth": null, "Shape_Length": 0.59992972901498465 }, "geometry": { "type": "LineString", "coordinates": [ [ -74.206846035762197, 4.698182526227651 ], [ -74.206845703078073, 4.698177111303451 ] ] } },
{ "type": "Feature", "id": 81, "properties": { "OBJECTID": 81, "Entity": "Insert", "Handle": "D5", "Layer": "C-ROAD-STAN-MAJR", "LyrFrzn": 0, "LyrOn": 1, "Color": 11, "Linetype": "Continuous", "Elevation": 0.0, "LineWt": 25, "RefName": "AeccTickLine", "DocUpdate": 1739339458000, "DocId": 1.1701160655876131e+19, "GlobalWidth": null, "Shape_Length": 0.59986175082617421 }, "geometry": { "type": "LineString", "coordinates": [ [ -74.207004593550224, 4.698344002276365 ], [ -74.207009923797827, 4.698343093362824 ] ] } },
{ "type": "Feature", "id": 82, "properties": { "OBJECTID": 82, "Entity": "Line", "Handle": "D7", "Layer": "C-ROAD-STAN", "LyrFrzn": 0, "LyrOn": 1, "Color": 11, "Linetype": "Continuous", "Elevation": 0.0, "LineWt": 25, "RefName": "", "DocUpdate": 1739339458000, "DocId": 1.1701160655876131e+19, "GlobalWidth": null, "Shape_Length": 0.65402434227213602 }, "geometry": { "type": "LineString", "coordinates": [ [ -74.204595438947138, 4.698296144782577 ], [ -74.204589555185962, 4.698296507577593 ] ] } },
{ "type": "Feature", "id": 83, "properties": { "OBJECTID": 83, "Entity": "Line", "Handle": "D8", "Layer": "C-ROAD-STAN", "LyrFrzn": 0, "LyrOn": 1, "Color": 11, "Linetype": "Continuous", "Elevation": 0.0, "LineWt": 25, "RefName": "", "DocUpdate": 1739339458000, "DocId": 1.1701160655876131e+19, "GlobalWidth": null, "Shape_Length": 4.9588901701009673 }, "geometry": { "type": "LineString", "coordinates": [ [ -74.204589555185962, 4.698296507577593 ], [ -74.204592297900348, 4.698341266624304 ] ] } },
{ "type": "Feature", "id": 84, "properties": { "OBJECTID": 84, "Entity": "Line", "Handle": "D9", "Layer": "C-ROAD-STAN", "LyrFrzn": 0, "LyrOn": 1, "Color": 11, "Linetype": "Continuous", "Elevation": 0.0, "LineWt": 25, "RefName": "", "DocUpdate": 1739339458000, "DocId": 1.1701160655876131e+19, "GlobalWidth": null, "Shape_Length": 0.65402434227213602 }, "geometry": { "type": "LineString", "coordinates": [ [ -74.204592297900348, 4.698341266624304 ], [ -74.204598181661879, 4.69834090382925 ] ] } },
{ "type": "Feature", "id": 85, "properties": { "OBJECTID": 85, "Entity": "Line", "Handle": "DA", "Layer": "C-ROAD-STAN", "LyrFrzn": 0, "LyrOn": 1, "Color": 11, "Linetype": "Continuous", "Elevation": 0.0, "LineWt": 25, "RefName": "", "DocUpdate": 1739339458000, "DocId": 1.1701160655876131e+19, "GlobalWidth": null, "Shape_Length": 4.9588901701009673 }, "geometry": { "type": "LineString", "coordinates": [ [ -74.204598181661879, 4.69834090382925 ], [ -74.204595438947138, 4.698296144782577 ] ] } },
{ "type": "Feature", "id": 86, "properties": { "OBJECTID": 86, "Entity": "Insert", "Handle": "DB", "Layer": "C-ROAD-STAN", "LyrFrzn": 0, "LyrOn": 1, "Color": 11, "Linetype": "Continuous", "Elevation": 0.0, "LineWt": 25, "RefName": "AeccTickCircle", "DocUpdate": 1739339458000, "DocId": 1.1701160655876131e+19, "GlobalWidth": null, "Shape_Length": 1.5708083132598782 }, "geometry": { "type": "LineString", "coordinates": [ [ -74.204596811615176, 4.698320785071534 ], [ -74.204597204191643, 4.698320750674964 ], [ -74.204597584831077, 4.698320648630768 ], [ -74.204597941967975, 4.698320482039507 ], [ -74.204598264750871, 4.698320255962972 ], [ -74.2045985433722, 4.698319977270383 ], [ -74.204598769366186, 4.698319654429676 ], [ -74.204598935866116, 4.6983192972502 ], [ -74.204599037812983, 4.698318916584674 ], [ -74.204599072109161, 4.698318523999427 ], [ -74.204599037712583, 4.698318131422964 ], [ -74.204598935668386, 4.698317750783519 ], [ -74.204598769077123, 4.698317393646633 ], [ -74.2045985430006, 4.698317070863727 ], [ -74.204598264308004, 4.698316792242397 ], [ -74.204597941467298, 4.698316566248411 ], [ -74.204597584287825, 4.698316399748482 ], [ -74.204597203622299, 4.698316297801626 ], [ -74.20459681103705, 4.698316263505447 ], [ -74.204596418460582, 4.698316297902017 ], [ -74.204596037821148, 4.698316399946212 ], [ -74.20459568068425, 4.698316566537474 ], [ -74.204595357901354, 4.698316792614009 ], [ -74.204595079280026, 4.698317071306597 ], [ -74.204594853286039, 4.698317394147304 ], [ -74.204594686786109, 4.698317751326781 ], [ -74.204594584839242, 4.698318131992306 ], [ -74.204594550543064, 4.698318524577553 ], [ -74.204594584939642, 4.698318917154017 ], [ -74.204594686983839, 4.698319297793462 ], [ -74.204594853575102, 4.698319654930348 ], [ -74.204595079651625, 4.698319977713254 ], [ -74.204595358344221, 4.698320256334584 ], [ -74.204595681184927, 4.69832048232857 ], [ -74.2045960383644, 4.698320648828499 ], [ -74.204596419029926, 4.698320750775355 ], [ -74.204596811615176, 4.698320785071534 ] ] } },
{ "type": "Feature", "id": 87, "properties": { "OBJECTID": 87, "Entity": "Line", "Handle": "E1", "Layer": "C-ROAD-STAN", "LyrFrzn": 0, "LyrOn": 1, "Color": 11, "Linetype": "Continuous", "Elevation": 0.0, "LineWt": 25, "RefName": "", "DocUpdate": 1739339458000, "DocId": 1.1701160655876131e+19, "GlobalWidth": null, "Shape_Length": 0.65382471619866589 }, "geometry": { "type": "LineString", "coordinates": [ [ -74.206897166100674, 4.698154192059933 ], [ -74.206891284145058, 4.698154554873982 ] ] } },
{ "type": "Feature", "id": 88, "properties": { "OBJECTID": 88, "Entity": "Line", "Handle": "E2", "Layer": "C-ROAD-STAN", "LyrFrzn": 0, "LyrOn": 1, "Color": 11, "Linetype": "Continuous", "Elevation": 0.0, "LineWt": 25, "RefName": "", "DocUpdate": 1739339458000, "DocId": 1.1701160655876131e+19, "GlobalWidth": null, "Shape_Length": 4.9586783120800728 }, "geometry": { "type": "LineString", "coordinates": [ [ -74.206891284145058, 4.698154554873982 ], [ -74.206894025202217, 4.698199312099531 ] ] } },
{ "type": "Feature", "id": 89, "properties": { "OBJECTID": 89, "Entity": "Line", "Handle": "E3", "Layer": "C-ROAD-STAN", "LyrFrzn": 0, "LyrOn": 1, "Color": 11, "Linetype": "Continuous", "Elevation": 0.0, "LineWt": 25, "RefName": "", "DocUpdate": 1739339458000, "DocId": 1.1701160655876131e+19, "GlobalWidth": null, "Shape_Length": 0.654024342386055 }, "geometry": { "type": "LineString", "coordinates": [ [ -74.206894025202217, 4.698199312099531 ], [ -74.20689990896085, 4.698198949285106 ] ] } },
{ "type": "Feature", "id": 90, "properties": { "OBJECTID": 90, "Entity": "Line", "Handle": "E4", "Layer": "C-ROAD-STAN", "LyrFrzn": 0, "LyrOn": 1, "Color": 11, "Linetype": "Continuous", "Elevation": 0.0, "LineWt": 25, "RefName": "", "DocUpdate": 1739339458000, "DocId": 1.1701160655876131e+19, "GlobalWidth": null, "Shape_Length": 4.9586905433404782 }, "geometry": { "type": "LineString", "coordinates": [ [ -74.20689990896085, 4.698198949285106 ], [ -74.206897166100674, 4.698154192059933 ] ] } },
{ "type": "Feature", "id": 91, "properties": { "OBJECTID": 91, "Entity": "Insert", "Handle": "E5", "Layer": "C-ROAD-STAN", "LyrFrzn": 0, "LyrOn": 1, "Color": 11, "Linetype": "Continuous", "Elevation": 0.0, "LineWt": 25, "RefName": "AeccTickCircle", "DocUpdate": 1739339458000, "DocId": 1.1701160655876131e+19, "GlobalWidth": null, "Shape_Length": 1.5709281544116642 }, "geometry": { "type": "LineString", "coordinates": [ [ -74.206898538848662, 4.698178830533632 ], [ -74.206898931451789, 4.698178796097332 ], [ -74.206899312110593, 4.698178694009377 ], [ -74.206899669258959, 4.698178527371661 ], [ -74.206899992045081, 4.698178301247386 ], [ -74.206900270661308, 4.698178022507221 ], [ -74.206900496641993, 4.698177699620548 ], [ -74.206900663120848, 4.698177342398114 ], [ -74.206900765039492, 4.698176961693942 ], [ -74.206900799301167, 4.698176569075534 ], [ -74.206900764864869, 4.698176176472405 ], [ -74.206900662776917, 4.6981757958136 ], [ -74.206900496139198, 4.698175438665244 ], [ -74.206900270014927, 4.698175115879111 ], [ -74.206899991274767, 4.698174837262892 ], [ -74.20689966838809, 4.698174611282202 ], [ -74.206899311165657, 4.698174444803348 ], [ -74.206898930461477, 4.698174342884707 ], [ -74.206898537843074, 4.698174308623025 ], [ -74.206898145239947, 4.698174343059326 ], [ -74.206897764581143, 4.69817444514728 ], [ -74.206897407432777, 4.698174611784996 ], [ -74.206897084646656, 4.698174837909272 ], [ -74.206896806030429, 4.698175116649436 ], [ -74.206896580049744, 4.69817543953611 ], [ -74.206896413570888, 4.698175796758544 ], [ -74.206896311652244, 4.698176177462716 ], [ -74.20689627739057, 4.698176570081123 ], [ -74.206896311826867, 4.698176962684252 ], [ -74.206896413914819, 4.698177343343057 ], [ -74.206896580552538, 4.698177700491414 ], [ -74.206896806676809, 4.698178023277547 ], [ -74.206897085416969, 4.698178301893766 ], [ -74.206897408303647, 4.698178527874456 ], [ -74.20689776552608, 4.698178694353309 ], [ -74.206898146230259, 4.69817879627195 ], [ -74.206898538848662, 4.698178830533632 ] ] } },
{ "type": "Feature", "id": 92, "properties": { "OBJECTID": 92, "Entity": "Line", "Handle": "E7", "Layer": "C-ROAD-STAN", "LyrFrzn": 0, "LyrOn": 1, "Color": 11, "Linetype": "Continuous", "Elevation": 0.0, "LineWt": 25, "RefName": "", "DocUpdate": 1739339458000, "DocId": 1.1701160655876131e+19, "GlobalWidth": null, "Shape_Length": 0.65404831616626946 }, "geometry": { "type": "LineString", "coordinates": [ [ -74.207013266157318, 4.698246809446237 ], [ -74.207012277233176, 4.698240978663182 ] ] } },
{ "type": "Feature", "id": 93, "properties": { "OBJECTID": 93, "Entity": "Line", "Handle": "E8", "Layer": "C-ROAD-STAN", "LyrFrzn": 0, "LyrOn": 1, "Color": 11, "Linetype": "Continuous", "Elevation": 0.0, "LineWt": 25, "RefName": "", "DocUpdate": 1739339458000, "DocId": 1.1701160655876131e+19, "GlobalWidth": null, "Shape_Length": 4.9016457193558765 }, "geometry": { "type": "LineString", "coordinates": [ [ -74.207012277233176, 4.698240978663182 ], [ -74.206968723150737, 4.698248411106298 ] ] } },
{ "type": "Feature", "id": 94, "properties": { "OBJECTID": 94, "Entity": "Line", "Handle": "E9", "Layer": "C-ROAD-STAN", "LyrFrzn": 0, "LyrOn": 1, "Color": 11, "Linetype": "Continuous", "Elevation": 0.0, "LineWt": 25, "RefName": "", "DocUpdate": 1739339458000, "DocId": 1.1701160655876131e+19, "GlobalWidth": null, "Shape_Length": 0.65404831616626946 }, "geometry": { "type": "LineString", "coordinates": [ [ -74.206968723150737, 4.698248411106298 ], [ -74.206969712074525, 4.698254241889424 ] ] } },
{ "type": "Feature", "id": 95, "properties": { "OBJECTID": 95, "Entity": "Line", "Handle": "EA", "Layer": "C-ROAD-STAN", "LyrFrzn": 0, "LyrOn": 1, "Color": 11, "Linetype": "Continuous", "Elevation": 0.0, "LineWt": 25, "RefName": "", "DocUpdate": 1739339458000, "DocId": 1.1701160655876131e+19, "GlobalWidth": null, "Shape_Length": 4.9016457193558765 }, "geometry": { "type": "LineString", "coordinates": [ [ -74.206969712074525, 4.698254241889424 ], [ -74.207013266157318, 4.698246809446237 ] ] } },
{ "type": "Feature", "id": 96, "properties": { "OBJECTID": 96, "Entity": "Insert", "Handle": "EB", "Layer": "C-ROAD-STAN", "LyrFrzn": 0, "LyrOn": 1, "Color": 11, "Linetype": "Continuous", "Elevation": 0.0, "LineWt": 25, "RefName": "AeccTickCircle", "DocUpdate": 1739339458000, "DocId": 1.1701160655876131e+19, "GlobalWidth": null, "Shape_Length": 1.571695151384416 }, "geometry": { "type": "LineString", "coordinates": [ [ -74.206991489533323, 4.698252787338045 ], [ -74.206991882332844, 4.69825275293862 ], [ -74.206992263191452, 4.69825265085288 ], [ -74.206992620536965, 4.698252484182648 ], [ -74.206992943511608, 4.698252257992114 ], [ -74.206993222301975, 4.698251979153963 ], [ -74.20699344843716, 4.698251656140552 ], [ -74.20699361504613, 4.698251298766479 ], [ -74.206993717066595, 4.698250917890375 ], [ -74.206993751398699, 4.698250525084967 ], [ -74.206993716999278, 4.69825013228545 ], [ -74.206993614913529, 4.698249751426837 ], [ -74.20699344824331, 4.698249394081325 ], [ -74.206993222052773, 4.698249071106676 ], [ -74.206992943214615, 4.698248792316313 ], [ -74.206992620201206, 4.698248566181137 ], [ -74.206992262827129, 4.698248399572154 ], [ -74.206991881951026, 4.698248297551691 ], [ -74.206991489145622, 4.698248263219591 ], [ -74.206991096346101, 4.698248297619015 ], [ -74.206990715487493, 4.698248399704755 ], [ -74.206990358141979, 4.698248566374987 ], [ -74.206990035167337, 4.698248792565521 ], [ -74.20698975637697, 4.698249071403672 ], [ -74.206989530241785, 4.698249394417084 ], [ -74.206989363632815, 4.698249751791156 ], [ -74.20698926161235, 4.69825013266726 ], [ -74.206989227280246, 4.698250525472668 ], [ -74.206989261679666, 4.698250918272185 ], [ -74.206989363765416, 4.698251299130798 ], [ -74.206989530435635, 4.698251656476311 ], [ -74.206989756626172, 4.698251979450959 ], [ -74.206990035464329, 4.698252258241323 ], [ -74.206990358477739, 4.698252484376498 ], [ -74.206990715851816, 4.698252650985482 ], [ -74.206991096727918, 4.698252753005944 ], [ -74.206991489533323, 4.698252787338045 ] ] } },
{ "type": "Feature", "id": 97, "properties": { "OBJECTID": 97, "Entity": "Line", "Handle": "ED", "Layer": "C-ROAD-STAN", "LyrFrzn": 0, "LyrOn": 1, "Color": 11, "Linetype": "Continuous", "Elevation": 0.0, "LineWt": 25, "RefName": "", "DocUpdate": 1739339458000, "DocId": 1.1701160655876131e+19, "GlobalWidth": null, "Shape_Length": 0.65404831616626946 }, "geometry": { "type": "LineString", "coordinates": [ [ -74.207029119538134, 4.698339816208326 ], [ -74.207028130613722, 4.698333985425312 ] ] } },
{ "type": "Feature", "id": 98, "properties": { "OBJECTID": 98, "Entity": "Line", "Handle": "EE", "Layer": "C-ROAD-STAN", "LyrFrzn": 0, "LyrOn": 1, "Color": 11, "Linetype": "Continuous", "Elevation": 0.0, "LineWt": 25, "RefName": "", "DocUpdate": 1739339458000, "DocId": 1.1701160655876131e+19, "GlobalWidth": null, "Shape_Length": 4.9205524444342705 }, "geometry": { "type": "LineString", "coordinates": [ [ -74.207028130613722, 4.698333985425312 ], [ -74.206984408885603, 4.6983414486471 ] ] } },
{ "type": "Feature", "id": 99, "properties": { "OBJECTID": 99, "Entity": "Line", "Handle": "EF", "Layer": "C-ROAD-STAN", "LyrFrzn": 0, "LyrOn": 1, "Color": 11, "Linetype": "Continuous", "Elevation": 0.0, "LineWt": 25, "RefName": "", "DocUpdate": 1739339458000, "DocId": 1.1701160655876131e+19, "GlobalWidth": null, "Shape_Length": 0.65385114538247657 }, "geometry": { "type": "LineString", "coordinates": [ [ -74.206984408885603, 4.6983414486471 ], [ -74.206985397809333, 4.698347277621574 ] ] } },
{ "type": "Feature", "id": 100, "properties": { "OBJECTID": 100, "Entity": "Line", "Handle": "F0", "Layer": "C-ROAD-STAN", "LyrFrzn": 0, "LyrOn": 1, "Color": 11, "Linetype": "Continuous", "Elevation": 0.0, "LineWt": 25, "RefName": "", "DocUpdate": 1739339458000, "DocId": 1.1701160655876131e+19, "GlobalWidth": null, "Shape_Length": 4.9205189400090728 }, "geometry": { "type": "LineString", "coordinates": [ [ -74.206985397809333, 4.698347277621574 ], [ -74.207029119538134, 4.698339816208326 ] ] } },
{ "type": "Feature", "id": 101, "properties": { "OBJECTID": 101, "Entity": "Insert", "Handle": "F1", "Layer": "C-ROAD-STAN", "LyrFrzn": 0, "LyrOn": 1, "Color": 11, "Linetype": "Continuous", "Elevation": 0.0, "LineWt": 25, "RefName": "AeccTickCircle", "DocUpdate": 1739339458000, "DocId": 1.1701160655876131e+19, "GlobalWidth": null, "Shape_Length": 1.5712160317514825 }, "geometry": { "type": "LineString", "coordinates": [ [ -74.207007258189861, 4.698345808585325 ], [ -74.207007650885799, 4.698345774381475 ], [ -74.207008031676366, 4.698345672506325 ], [ -74.20700838899144, 4.698345506055299 ], [ -74.207008711974183, 4.698345280085927 ], [ -74.207008990810905, 4.698345001464173 ], [ -74.207009217029324, 4.698344678655821 ], [ -74.207009383755889, 4.698344321469236 ], [ -74.207009485924715, 4.698343940757353 ], [ -74.207009520431427, 4.698343548087911 ], [ -74.207009486227577, 4.698343155391972 ], [ -74.207009384352432, 4.698342774601401 ], [ -74.207009217901401, 4.69834241728633 ], [ -74.207008991932028, 4.698342094303595 ], [ -74.207008713310273, 4.698341815466862 ], [ -74.207008390501926, 4.698341589248447 ], [ -74.207008033315347, 4.698341422521879 ], [ -74.207007652603465, 4.698341320353062 ], [ -74.207007259934016, 4.698341285846343 ], [ -74.207006867238078, 4.698341320050193 ], [ -74.207006486447511, 4.698341421925343 ], [ -74.207006129132438, 4.698341588376369 ], [ -74.207005806149695, 4.698341814345741 ], [ -74.207005527312973, 4.698342092967494 ], [ -74.207005301094554, 4.698342415775847 ], [ -74.207005134367989, 4.698342772962432 ], [ -74.207005032199163, 4.698343153674315 ], [ -74.207004997692451, 4.698343546343756 ], [ -74.207005031896301, 4.698343939039696 ], [ -74.207005133771446, 4.698344319830267 ], [ -74.207005300222477, 4.698344677145338 ], [ -74.20700552619185, 4.698345000128073 ], [ -74.207005804813605, 4.698345278964806 ], [ -74.207006127621952, 4.698345505183221 ], [ -74.207006484808531, 4.698345671909789 ], [ -74.207006865520412, 4.698345774078606 ], [ -74.207007258189861, 4.698345808585325 ] ] } },
{ "type": "Feature", "id": 102, "properties": { "OBJECTID": 102, "Entity": "Line", "Handle": "F4", "Layer": "C-ROAD-STAN", "LyrFrzn": 0, "LyrOn": 1, "Color": 11, "Linetype": "Continuous", "Elevation": 0.0, "LineWt": 25, "RefName": "", "DocUpdate": 1739339458000, "DocId": 1.1701160655876131e+19, "GlobalWidth": null, "Shape_Length": 9.9999326340481591 }, "geometry": { "type": "LineString", "coordinates": [ [ -74.204596811205789, 4.698318524305756 ], [ -74.204591280576764, 4.698228264689287 ] ] } },
{ "type": "Feature", "id": 103, "properties": { "OBJECTID": 103, "Entity": "Insert", "Handle": "F5", "Layer": "C-ROAD-STAN", "LyrFrzn": 0, "LyrOn": 1, "Color": 11, "Linetype": "Continuous", "Elevation": 0.0, "LineWt": 25, "RefName": "AeccTickTriangle", "DocUpdate": 1739339458000, "DocId": 1.1701160655876131e+19, "GlobalWidth": null, "Shape_Length": 1.4644036151041475 }, "geometry": { "type": "MultiLineString", "coordinates": [ [ [ -74.204596922968335, 4.69831851705093 ], [ -74.20459691807045, 4.69831849018738 ], [ -74.204596906866115, 4.698318465285521 ], [ -74.204596890010777, 4.698318443802094 ], [ -74.204596868490484, 4.698318426993866 ], [ -74.204596843564147, 4.698318415844104 ], [ -74.204596816689929, 4.698318411005065 ], [ -74.204596789439961, 4.698318412759827 ], [ -74.204596763408361, 4.698318421005738 ], [ -74.204596740117935, 4.698318435260418 ], [ -74.204596720931178, 4.698318454689979 ], [ -74.204596706970491, 4.698318478157804 ], [ -74.204596699052559, 4.698318504291041 ], [ -74.204596697640582, 4.698318531560916 ], [ -74.204596702619583, 4.698318558343423 ], [ -74.204596713868881, 4.698318583153633 ], [ -74.204596730733499, 4.698318604547033 ], [ -74.204596752231552, 4.698318621278046 ], [ -74.204596777111362, 4.698318632372549 ], [ -74.204596803924375, 4.698318637184594 ], [ -74.204596831109455, 4.698318635434011 ], [ -74.204596857083828, 4.698318627222721 ], [ -74.204596880335188, 4.698318613028809 ], [ -74.204596899509795, 4.698318593678679 ], [ -74.204596913491258, 4.698318570298945 ], [ -74.204596921465537, 4.698318544250833 ], [ -74.204596922968335, 4.69831851705093 ] ], [ [ -74.204596957655781, 4.698320931542551 ], [ -74.204598813701125, 4.698317192801801 ], [ -74.204594658655125, 4.698317448573588 ], [ -74.204596957655781, 4.698320931542551 ] ] ] } },
{ "type": "Feature", "id": 104, "properties": { "OBJECTID": 104, "Entity": "Insert", "Handle": "FB", "Layer": "C-ROAD-STAN-MINR", "LyrFrzn": 0, "LyrOn": 1, "Color": 11, "Linetype": "Continuous", "Elevation": 0.0, "LineWt": 25, "RefName": "AeccTickLine", "DocUpdate": 1739339458000, "DocId": 1.1701160655876131e+19, "GlobalWidth": null, "Shape_Length": 0.29996486447892839 }, "geometry": { "type": "LineString", "coordinates": [ [ -74.204641875222961, 4.698317103563233 ], [ -74.204641708889341, 4.698314396100386 ] ] } },
{ "type": "Feature", "id": 105, "properties": { "OBJECTID": 105, "Entity": "Insert", "Handle": "FE", "Layer": "C-ROAD-STAN-MINR", "LyrFrzn": 0, "LyrOn": 1, "Color": 11, "Linetype": "Continuous", "Elevation": 0.0, "LineWt": 25, "RefName": "AeccTickLine", "DocUpdate": 1739339458000, "DocId": 1.1701160655876131e+19, "GlobalWidth": null, "Shape_Length": 0.2999648645360562 }, "geometry": { "type": "LineString", "coordinates": [ [ -74.204686856073138, 4.698314329990705 ], [ -74.204686689739347, 4.698311622527873 ] ] } },
{ "type": "Feature", "id": 106, "properties": { "OBJECTID": 106, "Entity": "Insert", "Handle": "FF", "Layer": "C-ROAD-STAN-MINR", "LyrFrzn": 0, "LyrOn": 1, "Color": 11, "Linetype": "Continuous", "Elevation": 0.0, "LineWt": 25, "RefName": "AeccTickLine", "DocUpdate": 1739339458000, "DocId": 1.1701160655876131e+19, "GlobalWidth": null, "Shape_Length": 0.29995266282271588 }, "geometry": { "type": "LineString", "coordinates": [ [ -74.204731836922889, 4.698311556415269 ], [ -74.204731672391574, 4.698308848952131 ] ] } },
{ "type": "Feature", "id": 107, "properties": { "OBJECTID": 107, "Entity": "Insert", "Handle": "100", "Layer": "C-ROAD-STAN-MINR", "LyrFrzn": 0, "LyrOn": 1, "Color": 11, "Linetype": "Continuous", "Elevation": 0.0, "LineWt": 25, "RefName": "AeccTickLine", "DocUpdate": 1739339458000, "DocId": 1.1701160655876131e+19, "GlobalWidth": null, "Shape_Length": 0.29995266282271588 }, "geometry": { "type": "LineString", "coordinates": [ [ -74.204776817772199, 4.698308782836948 ], [ -74.204776653240728, 4.698306075373821 ] ] } },
{ "type": "Feature", "id": 108, "properties": { "OBJECTID": 108, "Entity": "Insert", "Handle": "101", "Layer": "C-ROAD-STAN-MINR", "LyrFrzn": 0, "LyrOn": 1, "Color": 11, "Linetype": "Continuous", "Elevation": 0.0, "LineWt": 25, "RefName": "AeccTickLine", "DocUpdate": 1739339458000, "DocId": 1.1701160655876131e+19, "GlobalWidth": null, "Shape_Length": 0.30016448782712307 }, "geometry": { "type": "LineString", "coordinates": [ [ -74.20482180042373, 4.698306009255401 ], [ -74.204821634089086, 4.698303299984006 ] ] } },
{ "type": "Feature", "id": 109, "properties": { "OBJECTID": 109, "Entity": "Insert", "Handle": "102", "Layer": "C-ROAD-STAN-MINR", "LyrFrzn": 0, "LyrOn": 1, "Color": 11, "Linetype": "Continuous", "Elevation": 0.0, "LineWt": 25, "RefName": "AeccTickLine", "DocUpdate": 1739339458000, "DocId": 1.1701160655876131e+19, "GlobalWidth": null, "Shape_Length": 0.2999648645360562 }, "geometry": { "type": "LineString", "coordinates": [ [ -74.204866781271846, 4.698303233862686 ], [ -74.204866614937373, 4.698300526399907 ] ] } },
{ "type": "Feature", "id": 110, "properties": { "OBJECTID": 110, "Entity": "Insert", "Handle": "103", "Layer": "C-ROAD-STAN-MINR", "LyrFrzn": 0, "LyrOn": 1, "Color": 11, "Linetype": "Continuous", "Elevation": 0.0, "LineWt": 25, "RefName": "AeccTickLine", "DocUpdate": 1739339458000, "DocId": 1.1701160655876131e+19, "GlobalWidth": null, "Shape_Length": 0.2999648645360562 }, "geometry": { "type": "LineString", "coordinates": [ [ -74.204911762119877, 4.698300460275674 ], [ -74.204911595785205, 4.698297752812927 ] ] } },
{ "type": "Feature", "id": 111, "properties": { "OBJECTID": 111, "Entity": "Insert", "Handle": "104", "Layer": "C-ROAD-STAN-MINR", "LyrFrzn": 0, "LyrOn": 1, "Color": 11, "Linetype": "Continuous", "Elevation": 0.0, "LineWt": 25, "RefName": "AeccTickLine", "DocUpdate": 1739339458000, "DocId": 1.1701160655876131e+19, "GlobalWidth": null, "Shape_Length": 0.30016448777003329 }, "geometry": { "type": "LineString", "coordinates": [ [ -74.204956742967454, 4.698297686685779 ], [ -74.204956576632298, 4.698294977414425 ] ] } },
{ "type": "Feature", "id": 112, "properties": { "OBJECTID": 112, "Entity": "Insert", "Handle": "105", "Layer": "C-ROAD-STAN-MINR", "LyrFrzn": 0, "LyrOn": 1, "Color": 11, "Linetype": "Continuous", "Elevation": 0.0, "LineWt": 25, "RefName": "AeccTickLine", "DocUpdate": 1739339458000, "DocId": 1.1701160655876131e+19, "GlobalWidth": null, "Shape_Length": 0.29996486447892839 }, "geometry": { "type": "LineString", "coordinates": [ [ -74.205001723814263, 4.698294911284383 ], [ -74.205001557479278, 4.698292203821661 ] ] } },
{ "type": "Feature", "id": 113, "properties": { "OBJECTID": 113, "Entity": "Insert", "Handle": "106", "Layer": "C-ROAD-STAN-MINR", "LyrFrzn": 0, "LyrOn": 1, "Color": 11, "Linetype": "Continuous", "Elevation": 0.0, "LineWt": 25, "RefName": "AeccTickLine", "DocUpdate": 1739339458000, "DocId": 1.1701160655876131e+19, "GlobalWidth": null, "Shape_Length": 0.29996486447892839 }, "geometry": { "type": "LineString", "coordinates": [ [ -74.205091687309903, 4.698289364089796 ], [ -74.205091520974563, 4.698286656627109 ] ] } },
{ "type": "Feature", "id": 114, "properties": { "OBJECTID": 114, "Entity": "Insert", "Handle": "107", "Layer": "C-ROAD-STAN-MINR", "LyrFrzn": 0, "LyrOn": 1, "Color": 11, "Linetype": "Continuous", "Elevation": 0.0, "LineWt": 25, "RefName": "AeccTickLine", "DocUpdate": 1739339458000, "DocId": 1.1701160655876131e+19, "GlobalWidth": null, "Shape_Length": 0.30016448777003329 }, "geometry": { "type": "LineString", "coordinates": [ [ -74.20513666815576, 4.698286590488336 ], [ -74.205136501819922, 4.698283881217047 ] ] } },
{ "type": "Feature", "id": 115, "properties": { "OBJECTID": 115, "Entity": "Insert", "Handle": "108", "Layer": "C-ROAD-STAN-MINR", "LyrFrzn": 0, "LyrOn": 1, "Color": 11, "Linetype": "Continuous", "Elevation": 0.0, "LineWt": 25, "RefName": "AeccTickLine", "DocUpdate": 1739339458000, "DocId": 1.1701160655876131e+19, "GlobalWidth": null, "Shape_Length": 0.29996486447892839 }, "geometry": { "type": "LineString", "coordinates": [ [ -74.205181649000835, 4.698283815075362 ], [ -74.205181482665154, 4.698281107612702 ] ] } },
{ "type": "Feature", "id": 116, "properties": { "OBJECTID": 116, "Entity": "Insert", "Handle": "109", "Layer": "C-ROAD-STAN-MINR", "LyrFrzn": 0, "LyrOn": 1, "Color": 11, "Linetype": "Continuous", "Elevation": 0.0, "LineWt": 25, "RefName": "AeccTickLine", "DocUpdate": 1739339458000, "DocId": 1.1701160655876131e+19, "GlobalWidth": null, "Shape_Length": 0.2999648645360562 }, "geometry": { "type": "LineString", "coordinates": [ [ -74.205226629845825, 4.698281041468119 ], [ -74.205226463509959, 4.698278334005467 ] ] } },
{ "type": "Feature", "id": 117, "properties": { "OBJECTID": 117, "Entity": "Insert", "Handle": "10A", "Layer": "C-ROAD-STAN-MINR", "LyrFrzn": 0, "LyrOn": 1, "Color": 11, "Linetype": "Continuous", "Elevation": 0.0, "LineWt": 25, "RefName": "AeccTickLine", "DocUpdate": 1739339458000, "DocId": 1.1701160655876131e+19, "GlobalWidth": null, "Shape_Length": 0.29995266282271588 }, "geometry": { "type": "LineString", "coordinates": [ [ -74.20527161069036, 4.698278267857977 ], [ -74.205271446156985, 4.698275560395 ] ] } },
{ "type": "Feature", "id": 118, "properties": { "OBJECTID": 118, "Entity": "Insert", "Handle": "10B", "Layer": "C-ROAD-STAN-MINR", "LyrFrzn": 0, "LyrOn": 1, "Color": 11, "Linetype": "Continuous", "Elevation": 0.0, "LineWt": 25, "RefName": "AeccTickLine", "DocUpdate": 1739339458000, "DocId": 1.1701160655876131e+19, "GlobalWidth": null, "Shape_Length": 0.29996486447892839 }, "geometry": { "type": "LineString", "coordinates": [ [ -74.205316593336775, 4.698275492435991 ], [ -74.205316427000582, 4.698272784973374 ] ] } },
{ "type": "Feature", "id": 119, "properties": { "OBJECTID": 119, "Entity": "Insert", "Handle": "10C", "Layer": "C-ROAD-STAN-MINR", "LyrFrzn": 0, "LyrOn": 1, "Color": 11, "Linetype": "Continuous", "Elevation": 0.0, "LineWt": 25, "RefName": "AeccTickLine", "DocUpdate": 1739339458000, "DocId": 1.1701160655876131e+19, "GlobalWidth": null, "Shape_Length": 0.29996486639519382 }, "geometry": { "type": "LineString", "coordinates": [ [ -74.205361574180458, 4.69827271882009 ], [ -74.20536140784408, 4.698270011357458 ] ] } },
{ "type": "Feature", "id": 120, "properties": { "OBJECTID": 120, "Entity": "Insert", "Handle": "10D", "Layer": "C-ROAD-STAN-MINR", "LyrFrzn": 0, "LyrOn": 1, "Color": 11, "Linetype": "Continuous", "Elevation": 0.0, "LineWt": 25, "RefName": "AeccTickLine", "DocUpdate": 1739339458000, "DocId": 1.1701160655876131e+19, "GlobalWidth": null, "Shape_Length": 0.2999648645360562 }, "geometry": { "type": "LineString", "coordinates": [ [ -74.2054065550237, 4.698269945201265 ], [ -74.205406388687152, 4.69826723773867 ] ] } },
{ "type": "Feature", "id": 121, "properties": { "OBJECTID": 121, "Entity": "Insert", "Handle": "10E", "Layer": "C-ROAD-STAN-MINR", "LyrFrzn": 0, "LyrOn": 1, "Color": 11, "Linetype": "Continuous", "Elevation": 0.0, "LineWt": 25, "RefName": "AeccTickLine", "DocUpdate": 1739339458000, "DocId": 1.1701160655876131e+19, "GlobalWidth": null, "Shape_Length": 0.30016448968626536 }, "geometry": { "type": "LineString", "coordinates": [ [ -74.205451535866516, 4.698267171579547 ], [ -74.20545136952947, 4.698264462308349 ] ] } },
{ "type": "Feature", "id": 122, "properties": { "OBJECTID": 122, "Entity": "Insert", "Handle": "10F", "Layer": "C-ROAD-STAN-MINR", "LyrFrzn": 0, "LyrOn": 1, "Color": 11, "Linetype": "Continuous", "Elevation": 0.0, "LineWt": 25, "RefName": "AeccTickLine", "DocUpdate": 1739339458000, "DocId": 1.1701160655876131e+19, "GlobalWidth": null, "Shape_Length": 0.29995266282271588 }, "geometry": { "type": "LineString", "coordinates": [ [ -74.205541497550499, 4.698261622518829 ], [ -74.205541333016072, 4.698258915055955 ] ] } },
{ "type": "Feature", "id": 123, "properties": { "OBJECTID": 123, "Entity": "Insert", "Handle": "110", "Layer": "C-ROAD-STAN-MINR", "LyrFrzn": 0, "LyrOn": 1, "Color": 11, "Linetype": "Continuous", "Elevation": 0.0, "LineWt": 25, "RefName": "AeccTickLine", "DocUpdate": 1739339458000, "DocId": 1.1701160655876131e+19, "GlobalWidth": null, "Shape_Length": 0.2999648645360562 }, "geometry": { "type": "LineString", "coordinates": [ [ -74.205586480194654, 4.698258848888107 ], [ -74.20558631385741, 4.698256141425589 ] ] } },
{ "type": "Feature", "id": 124, "properties": { "OBJECTID": 124, "Entity": "Insert", "Handle": "111", "Layer": "C-ROAD-STAN-MINR", "LyrFrzn": 0, "LyrOn": 1, "Color": 11, "Linetype": "Continuous", "Elevation": 0.0, "LineWt": 25, "RefName": "AeccTickLine", "DocUpdate": 1739339458000, "DocId": 1.1701160655876131e+19, "GlobalWidth": null, "Shape_Length": 0.30016448777003329 }, "geometry": { "type": "LineString", "coordinates": [ [ -74.205631461035722, 4.69825607525483 ], [ -74.20563129469798, 4.698253365983704 ] ] } },
{ "type": "Feature", "id": 125, "properties": { "OBJECTID": 125, "Entity": "Insert", "Handle": "112", "Layer": "C-ROAD-STAN-MINR", "LyrFrzn": 0, "LyrOn": 1, "Color": 11, "Linetype": "Continuous", "Elevation": 0.0, "LineWt": 25, "RefName": "AeccTickLine", "DocUpdate": 1739339458000, "DocId": 1.1701160655876131e+19, "GlobalWidth": null, "Shape_Length": 0.29996486447892839 }, "geometry": { "type": "LineString", "coordinates": [ [ -74.205676441876022, 4.698253299810044 ], [ -74.205676275538451, 4.698250592347541 ] ] } },
{ "type": "Feature", "id": 126, "properties": { "OBJECTID": 126, "Entity": "Insert", "Handle": "113", "Layer": "C-ROAD-STAN-MINR", "LyrFrzn": 0, "LyrOn": 1, "Color": 11, "Linetype": "Continuous", "Elevation": 0.0, "LineWt": 25, "RefName": "AeccTickLine", "DocUpdate": 1739339458000, "DocId": 1.1701160655876131e+19, "GlobalWidth": null, "Shape_Length": 0.29995266282271588 }, "geometry": { "type": "LineString", "coordinates": [ [ -74.205721422716223, 4.69825052617097 ], [ -74.205721258181114, 4.698247818708156 ] ] } },
{ "type": "Feature", "id": 127, "properties": { "OBJECTID": 127, "Entity": "Insert", "Handle": "114", "Layer": "C-ROAD-STAN-MINR", "LyrFrzn": 0, "LyrOn": 1, "Color": 11, "Linetype": "Continuous", "Elevation": 0.0, "LineWt": 25, "RefName": "AeccTickLine", "DocUpdate": 1739339458000, "DocId": 1.1701160655876131e+19, "GlobalWidth": null, "Shape_Length": 0.30015229422881717 }, "geometry": { "type": "LineString", "coordinates": [ [ -74.205766403555998, 4.698247752529011 ], [ -74.205766239020392, 4.698245043257602 ] ] } },
{ "type": "Feature", "id": 128, "properties": { "OBJECTID": 128, "Entity": "Insert", "Handle": "115", "Layer": "C-ROAD-STAN-MINR", "LyrFrzn": 0, "LyrOn": 1, "Color": 11, "Linetype": "Continuous", "Elevation": 0.0, "LineWt": 25, "RefName": "AeccTickLine", "DocUpdate": 1739339458000, "DocId": 1.1701160655876131e+19, "GlobalWidth": null, "Shape_Length": 0.29996486447892839 }, "geometry": { "type": "LineString", "coordinates": [ [ -74.205811386197652, 4.698244977075221 ], [ -74.205811219859541, 4.698242269612764 ] ] } },
{ "type": "Feature", "id": 129, "properties": { "OBJECTID": 129, "Entity": "Insert", "Handle": "116", "Layer": "C-ROAD-STAN-MINR", "LyrFrzn": 0, "LyrOn": 1, "Color": 11, "Linetype": "Continuous", "Elevation": 0.0, "LineWt": 25, "RefName": "AeccTickLine", "DocUpdate": 1739339458000, "DocId": 1.1701160655876131e+19, "GlobalWidth": null, "Shape_Length": 0.2999648645360562 }, "geometry": { "type": "LineString", "coordinates": [ [ -74.205856367036546, 4.698242203427467 ], [ -74.205856200698264, 4.698239495965034 ] ] } },
{ "type": "Feature", "id": 130, "properties": { "OBJECTID": 130, "Entity": "Insert", "Handle": "117", "Layer": "C-ROAD-STAN-MINR", "LyrFrzn": 0, "LyrOn": 1, "Color": 11, "Linetype": "Continuous", "Elevation": 0.0, "LineWt": 25, "RefName": "AeccTickLine", "DocUpdate": 1739339458000, "DocId": 1.1701160655876131e+19, "GlobalWidth": null, "Shape_Length": 0.2999648645360562 }, "geometry": { "type": "LineString", "coordinates": [ [ -74.205901347875013, 4.698239429776829 ], [ -74.205901181536575, 4.698236722314411 ] ] } },
{ "type": "Feature", "id": 131, "properties": { "OBJECTID": 131, "Entity": "Insert", "Handle": "118", "Layer": "C-ROAD-STAN-MINR", "LyrFrzn": 0, "LyrOn": 1, "Color": 11, "Linetype": "Continuous", "Elevation": 0.0, "LineWt": 25, "RefName": "AeccTickLine", "DocUpdate": 1739339458000, "DocId": 1.1701160655876131e+19, "GlobalWidth": null, "Shape_Length": 0.2999648645360562 }, "geometry": { "type": "LineString", "coordinates": [ [ -74.205991309550313, 4.698233880658264 ], [ -74.20599114321152, 4.698231173195873 ] ] } },
{ "type": "Feature", "id": 132, "properties": { "OBJECTID": 132, "Entity": "Insert", "Handle": "119", "Layer": "C-ROAD-STAN-MINR", "LyrFrzn": 0, "LyrOn": 1, "Color": 11, "Linetype": "Continuous", "Elevation": 0.0, "LineWt": 25, "RefName": "AeccTickLine", "DocUpdate": 1739339458000, "DocId": 1.1701160655876131e+19, "GlobalWidth": null, "Shape_Length": 0.29995266282271588 }, "geometry": { "type": "LineString", "coordinates": [ [ -74.206036290387473, 4.698231106998951 ], [ -74.206036125851156, 4.698228399536238 ] ] } },
{ "type": "Feature", "id": 133, "properties": { "OBJECTID": 133, "Entity": "Insert", "Handle": "11A", "Layer": "C-ROAD-STAN-MINR", "LyrFrzn": 0, "LyrOn": 1, "Color": 11, "Linetype": "Continuous", "Elevation": 0.0, "LineWt": 25, "RefName": "AeccTickLine", "DocUpdate": 1739339458000, "DocId": 1.1701160655876131e+19, "GlobalWidth": null, "Shape_Length": 0.29996486639519382 }, "geometry": { "type": "LineString", "coordinates": [ [ -74.20608127302684, 4.698228333336428 ], [ -74.206081106687719, 4.698225625874048 ] ] } },
{ "type": "Feature", "id": 134, "properties": { "OBJECTID": 134, "Entity": "Insert", "Handle": "11B", "Layer": "C-ROAD-STAN-MINR", "LyrFrzn": 0, "LyrOn": 1, "Color": 11, "Linetype": "Continuous", "Elevation": 0.0, "LineWt": 25, "RefName": "AeccTickLine", "DocUpdate": 1739339458000, "DocId": 1.1701160655876131e+19, "GlobalWidth": null, "Shape_Length": 0.2999648645360562 }, "geometry": { "type": "LineString", "coordinates": [ [ -74.206126253863147, 4.698225559671325 ], [ -74.206126087523842, 4.69822285220898 ] ] } },
{ "type": "Feature", "id": 135, "properties": { "OBJECTID": 135, "Entity": "Insert", "Handle": "11C", "Layer": "C-ROAD-STAN-MINR", "LyrFrzn": 0, "LyrOn": 1, "Color": 11, "Linetype": "Continuous", "Elevation": 0.0, "LineWt": 25, "RefName": "AeccTickLine", "DocUpdate": 1739339458000, "DocId": 1.1701160655876131e+19, "GlobalWidth": null, "Shape_Length": 0.30016448777003329 }, "geometry": { "type": "LineString", "coordinates": [ [ -74.206171234698999, 4.69822278600333 ], [ -74.206171068359197, 4.69822007673239 ] ] } },
{ "type": "Feature", "id": 136, "properties": { "OBJECTID": 136, "Entity": "Insert", "Handle": "11D", "Layer": "C-ROAD-STAN-MINR", "LyrFrzn": 0, "LyrOn": 1, "Color": 11, "Linetype": "Continuous", "Elevation": 0.0, "LineWt": 25, "RefName": "AeccTickLine", "DocUpdate": 1739339458000, "DocId": 1.1701160655876131e+19, "GlobalWidth": null, "Shape_Length": 0.29996486447892839 }, "geometry": { "type": "LineString", "coordinates": [ [ -74.206216215534099, 4.698220010523832 ], [ -74.206216049194438, 4.698217303061519 ] ] } },
{ "type": "Feature", "id": 137, "properties": { "OBJECTID": 137, "Entity": "Insert", "Handle": "11E", "Layer": "C-ROAD-STAN-MINR", "LyrFrzn": 0, "LyrOn": 1, "Color": 11, "Linetype": "Continuous", "Elevation": 0.0, "LineWt": 25, "RefName": "AeccTickLine", "DocUpdate": 1739339458000, "DocId": 1.1701160655876131e+19, "GlobalWidth": null, "Shape_Length": 0.29995266282271588 }, "geometry": { "type": "LineString", "coordinates": [ [ -74.20626119636907, 4.698217236850052 ], [ -74.2062610318319, 4.698214529387423 ] ] } },
{ "type": "Feature", "id": 138, "properties": { "OBJECTID": 138, "Entity": "Insert", "Handle": "11F", "Layer": "C-ROAD-STAN-MINR", "LyrFrzn": 0, "LyrOn": 1, "Color": 11, "Linetype": "Continuous", "Elevation": 0.0, "LineWt": 25, "RefName": "AeccTickLine", "DocUpdate": 1739339458000, "DocId": 1.1701160655876131e+19, "GlobalWidth": null, "Shape_Length": 0.30016448777003329 }, "geometry": { "type": "LineString", "coordinates": [ [ -74.206306179006276, 4.698214463173053 ], [ -74.206306012665962, 4.69821175390216 ] ] } },
{ "type": "Feature", "id": 139, "properties": { "OBJECTID": 139, "Entity": "Insert", "Handle": "120", "Layer": "C-ROAD-STAN-MINR", "LyrFrzn": 0, "LyrOn": 1, "Color": 11, "Linetype": "Continuous", "Elevation": 0.0, "LineWt": 25, "RefName": "AeccTickLine", "DocUpdate": 1739339458000, "DocId": 1.1701160655876131e+19, "GlobalWidth": null, "Shape_Length": 0.29996486447892839 }, "geometry": { "type": "LineString", "coordinates": [ [ -74.206351159840068, 4.698211687684878 ], [ -74.20635099349991, 4.698208980222609 ] ] } },
{ "type": "Feature", "id": 140, "properties": { "OBJECTID": 140, "Entity": "Insert", "Handle": "121", "Layer": "C-ROAD-STAN-MINR", "LyrFrzn": 0, "LyrOn": 1, "Color": 11, "Linetype": "Continuous", "Elevation": 0.0, "LineWt": 25, "RefName": "AeccTickLine", "DocUpdate": 1739339458000, "DocId": 1.1701160655876131e+19, "GlobalWidth": null, "Shape_Length": 0.2999648645360562 }, "geometry": { "type": "LineString", "coordinates": [ [ -74.206441121507012, 4.698206140317078 ], [ -74.206440955166499, 4.698203432854833 ] ] } },
{ "type": "Feature", "id": 141, "properties": { "OBJECTID": 141, "Entity": "Insert", "Handle": "122", "Layer": "C-ROAD-STAN-MINR", "LyrFrzn": 0, "LyrOn": 1, "Color": 11, "Linetype": "Continuous", "Elevation": 0.0, "LineWt": 25, "RefName": "AeccTickLine", "DocUpdate": 1739339458000, "DocId": 1.1701160655876131e+19, "GlobalWidth": null, "Shape_Length": 0.30015229422881717 }, "geometry": { "type": "LineString", "coordinates": [ [ -74.206486102339824, 4.69820336662883 ], [ -74.20648593780146, 4.698200657357665 ] ] } },
{ "type": "Feature", "id": 142, "properties": { "OBJECTID": 142, "Entity": "Insert", "Handle": "123", "Layer": "C-ROAD-STAN-MINR", "LyrFrzn": 0, "LyrOn": 1, "Color": 11, "Linetype": "Continuous", "Elevation": 0.0, "LineWt": 25, "RefName": "AeccTickLine", "DocUpdate": 1739339458000, "DocId": 1.1701160655876131e+19, "GlobalWidth": null, "Shape_Length": 0.29995266287922501 }, "geometry": { "type": "LineString", "coordinates": [ [ -74.206531083171868, 4.698200591129087 ], [ -74.206530918633661, 4.698197883666555 ] ] } },
{ "type": "Feature", "id": 143, "properties": { "OBJECTID": 143, "Entity": "Insert", "Handle": "124", "Layer": "C-ROAD-STAN-MINR", "LyrFrzn": 0, "LyrOn": 1, "Color": 11, "Linetype": "Continuous", "Elevation": 0.0, "LineWt": 25, "RefName": "AeccTickLine", "DocUpdate": 1739339458000, "DocId": 1.1701160655876131e+19, "GlobalWidth": null, "Shape_Length": 0.2999648645360562 }, "geometry": { "type": "LineString", "coordinates": [ [ -74.206576065806459, 4.698197817434735 ], [ -74.206575899465435, 4.698195109972543 ] ] } },
{ "type": "Feature", "id": 144, "properties": { "OBJECTID": 144, "Entity": "Insert", "Handle": "125", "Layer": "C-ROAD-STAN-MINR", "LyrFrzn": 0, "LyrOn": 1, "Color": 11, "Linetype": "Continuous", "Elevation": 0.0, "LineWt": 25, "RefName": "AeccTickLine", "DocUpdate": 1739339458000, "DocId": 1.1701160655876131e+19, "GlobalWidth": null, "Shape_Length": 0.2999648645360562 }, "geometry": { "type": "LineString", "coordinates": [ [ -74.206621046637977, 4.698195043737813 ], [ -74.206620880296782, 4.698192336275635 ] ] } },
{ "type": "Feature", "id": 145, "properties": { "OBJECTID": 145, "Entity": "Insert", "Handle": "126", "Layer": "C-ROAD-STAN-MINR", "LyrFrzn": 0, "LyrOn": 1, "Color": 11, "Linetype": "Continuous", "Elevation": 0.0, "LineWt": 25, "RefName": "AeccTickLine", "DocUpdate": 1739339458000, "DocId": 1.1701160655876131e+19, "GlobalWidth": null, "Shape_Length": 0.30016448782712307 }, "geometry": { "type": "LineString", "coordinates": [ [ -74.206666027469069, 4.698192270038004 ], [ -74.206665861127348, 4.698189560767231 ] ] } },
{ "type": "Feature", "id": 146, "properties": { "OBJECTID": 146, "Entity": "Insert", "Handle": "127", "Layer": "C-ROAD-STAN-MINR", "LyrFrzn": 0, "LyrOn": 1, "Color": 11, "Linetype": "Continuous", "Elevation": 0.0, "LineWt": 25, "RefName": "AeccTickLine", "DocUpdate": 1739339458000, "DocId": 1.1701160655876131e+19, "GlobalWidth": null, "Shape_Length": 0.29995266282271588 }, "geometry": { "type": "LineString", "coordinates": [ [ -74.206711008299365, 4.698189494526698 ], [ -74.206710843760462, 4.698186787064208 ] ] } },
{ "type": "Feature", "id": 147, "properties": { "OBJECTID": 147, "Entity": "Insert", "Handle": "128", "Layer": "C-ROAD-STAN-MINR", "LyrFrzn": 0, "LyrOn": 1, "Color": 11, "Linetype": "Continuous", "Elevation": 0.0, "LineWt": 25, "RefName": "AeccTickLine", "DocUpdate": 1739339458000, "DocId": 1.1701160655876131e+19, "GlobalWidth": null, "Shape_Length": 0.29995266282271588 }, "geometry": { "type": "LineString", "coordinates": [ [ -74.206755989129576, 4.698186720821101 ], [ -74.206755824590502, 4.69818401335863 ] ] } },
{ "type": "Feature", "id": 148, "properties": { "OBJECTID": 148, "Entity": "Insert", "Handle": "129", "Layer": "C-ROAD-STAN-MINR", "LyrFrzn": 0, "LyrOn": 1, "Color": 11, "Linetype": "Continuous", "Elevation": 0.0, "LineWt": 25, "RefName": "AeccTickLine", "DocUpdate": 1739339458000, "DocId": 1.1701160655876131e+19, "GlobalWidth": null, "Shape_Length": 0.30015229608803501 }, "geometry": { "type": "LineString", "coordinates": [ [ -74.206800969959346, 4.698183947112625 ], [ -74.206800805419775, 4.698181237841551 ] ] } },
{ "type": "Feature", "id": 149, "properties": { "OBJECTID": 149, "Entity": "Insert", "Handle": "12A", "Layer": "C-ROAD-STAN-MINR", "LyrFrzn": 0, "LyrOn": 1, "Color": 11, "Linetype": "Continuous", "Elevation": 0.0, "LineWt": 25, "RefName": "AeccTickLine", "DocUpdate": 1739339458000, "DocId": 1.1701160655876131e+19, "GlobalWidth": null, "Shape_Length": 0.29996486447892839 }, "geometry": { "type": "LineString", "coordinates": [ [ -74.206890933419899, 4.698178397878029 ], [ -74.206890767077667, 4.698175690415948 ] ] } },
{ "type": "Feature", "id": 150, "properties": { "OBJECTID": 150, "Entity": "Insert", "Handle": "12B", "Layer": "C-ROAD-STAN-MINR", "LyrFrzn": 0, "LyrOn": 1, "Color": 11, "Linetype": "Continuous", "Elevation": 0.0, "LineWt": 25, "RefName": "AeccTickLine", "DocUpdate": 1739339458000, "DocId": 1.1701160655876131e+19, "GlobalWidth": null, "Shape_Length": 0.30000000171363356 }, "geometry": { "type": "LineString", "coordinates": [ [ -74.20693474035329, 4.698183367048999 ], [ -74.206935691680258, 4.6981808275804 ] ] } },
{ "type": "Feature", "id": 151, "properties": { "OBJECTID": 151, "Entity": "Insert", "Handle": "12C", "Layer": "C-ROAD-STAN-MINR", "LyrFrzn": 0, "LyrOn": 1, "Color": 11, "Linetype": "Continuous", "Elevation": 0.0, "LineWt": 25, "RefName": "AeccTickLine", "DocUpdate": 1739339458000, "DocId": 1.1701160655876131e+19, "GlobalWidth": null, "Shape_Length": 0.29997573220326723 }, "geometry": { "type": "LineString", "coordinates": [ [ -74.206970639249761, 4.698208724365995 ], [ -74.20697270114924, 4.698206969628977 ] ] } },
{ "type": "Feature", "id": 152, "properties": { "OBJECTID": 152, "Entity": "Insert", "Handle": "12D", "Layer": "C-ROAD-STAN-MINR", "LyrFrzn": 0, "LyrOn": 1, "Color": 11, "Linetype": "Continuous", "Elevation": 0.0, "LineWt": 25, "RefName": "AeccTickLine", "DocUpdate": 1739339458000, "DocId": 1.1701160655876131e+19, "GlobalWidth": null, "Shape_Length": 0.29994032673695081 }, "geometry": { "type": "LineString", "coordinates": [ [ -74.206989723935962, 4.698248396354755 ], [ -74.2069923755259, 4.698247867747457 ] ] } },
{ "type": "Feature", "id": 153, "properties": { "OBJECTID": 153, "Entity": "Insert", "Handle": "12E", "Layer": "C-ROAD-STAN-MINR", "LyrFrzn": 0, "LyrOn": 1, "Color": 11, "Linetype": "Continuous", "Elevation": 0.0, "LineWt": 25, "RefName": "AeccTickLine", "DocUpdate": 1739339458000, "DocId": 1.1701160655876131e+19, "GlobalWidth": null, "Shape_Length": 0.29983228636134068 }, "geometry": { "type": "LineString", "coordinates": [ [ -74.20699730685709, 4.698292928412411 ], [ -74.206999971079384, 4.698292473955829 ] ] } },
{ "type": "Feature", "id": 154, "properties": { "OBJECTID": 154, "Entity": "Insert", "Handle": "12F", "Layer": "C-ROAD-STAN-MINR", "LyrFrzn": 0, "LyrOn": 1, "Color": 11, "Linetype": "Continuous", "Elevation": 0.0, "LineWt": 25, "RefName": "AeccTickLine", "DocUpdate": 1739339458000, "DocId": 1.1701160655876131e+19, "GlobalWidth": null, "Shape_Length": 0.30006299382045787 }, "geometry": { "type": "LineString", "coordinates": [ [ -74.207004862747624, 4.698337503881618 ], [ -74.20700752877238, 4.698337047616071 ] ] } },
{ "type": "Feature", "id": 155, "properties": { "OBJECTID": 155, "Entity": "LWPolyline", "Handle": "130", "Layer": "DG-ANDEN", "LyrFrzn": 0, "LyrOn": 1, "Color": 210, "Linetype": "Continuous", "Elevation": 0.0, "LineWt": 30, "RefName": "", "DocUpdate": 1739339458000, "DocId": 1.1701160655876131e+19, "GlobalWidth": 0.0, "Shape_Length": 246.38700018825739 }, "geometry": { "type": "LineString", "coordinates": [ [ -74.204683364645447, 4.698335836840888 ], [ -74.20689991981105, 4.698199135570179 ] ] } },
{ "type": "Feature", "id": 156, "properties": { "OBJECTID": 156, "Entity": "LWPolyline", "Handle": "131", "Layer": "DG-ANDEN", "LyrFrzn": 0, "LyrOn": 1, "Color": 210, "Linetype": "Continuous", "Elevation": 0.0, "LineWt": 30, "RefName": "", "DocUpdate": 1739339458000, "DocId": 1.1701160655876131e+19, "GlobalWidth": 0.0, "Shape_Length": 10.754780281112302 }, "geometry": { "type": "LineString", "coordinates": [ [ -74.206969274045022, 4.698254310698032 ], [ -74.206966631414403, 4.698243865997396 ], [ -74.206962331422261, 4.698233987468379 ], [ -74.206956487699912, 4.698224936160348 ], [ -74.206949254673191, 4.698216951262585 ], [ -74.206940823481574, 4.69821024378348 ], [ -74.206931416927205, 4.698204990974443 ], [ -74.206921283587064, 4.698201331645865 ], [ -74.206910691244161, 4.698199362498926 ], [ -74.20689991981105, 4.698199135570179 ] ] } },
{ "type": "Feature", "id": 157, "properties": { "OBJECTID": 157, "Entity": "LWPolyline", "Handle": "132", "Layer": "DG-ANDEN", "LyrFrzn": 0, "LyrOn": 1, "Color": 210, "Linetype": "Continuous", "Elevation": 0.0, "LineWt": 30, "RefName": "", "DocUpdate": 1739339458000, "DocId": 1.1701160655876131e+19, "GlobalWidth": 0.0, "Shape_Length": 249.54772266806995 }, "geometry": { "type": "LineString", "coordinates": [ [ -74.204652165653286, 4.698292461147554 ], [ -74.206897155250473, 4.698154005774856 ] ] } },
{ "type": "Feature", "id": 158, "properties": { "OBJECTID": 158, "Entity": "LWPolyline", "Handle": "133", "Layer": "DG-ANDEN", "LyrFrzn": 0, "LyrOn": 1, "Color": 210, "Linetype": "Continuous", "Elevation": 0.0, "LineWt": 30, "RefName": "", "DocUpdate": 1739339458000, "DocId": 1.1701160655876131e+19, "GlobalWidth": 0.0, "Shape_Length": 18.073029528052896 }, "geometry": { "type": "LineString", "coordinates": [ [ -74.207013702381488, 4.698246726169036 ], [ -74.207009261530018, 4.698229174218604 ], [ -74.207002035557451, 4.698212573693125 ], [ -74.206992215414559, 4.698197363271722 ], [ -74.206980060604664, 4.698183944899156 ], [ -74.206965892326139, 4.698172673164198 ], [ -74.206950084984442, 4.698163845929391 ], [ -74.20693305629834, 4.698157696459857 ], [ -74.206915256261368, 4.698154387259122 ], [ -74.206897155250473, 4.698154005774856 ] ] } },
{ "type": "Feature", "id": 159, "properties": { "OBJECTID": 159, "Entity": "LWPolyline", "Handle": "134", "Layer": "BORDE-V", "LyrFrzn": 0, "LyrOn": 1, "Color": 5, "Linetype": "Continuous", "Elevation": 0.0, "LineWt": 25, "RefName": "", "DocUpdate": 1739339458000, "DocId": 1.1701160655876131e+19, "GlobalWidth": 0.0, "Shape_Length": 5.0000286592695602 }, "geometry": { "type": "LineString", "coordinates": [ [ -74.189262440395538, 4.699274603207663 ], [ -74.189259817566409, 4.699229464249059 ] ] } },
{ "type": "Feature", "id": 160, "properties": { "OBJECTID": 160, "Entity": "LWPolyline", "Handle": "137", "Layer": "0", "LyrFrzn": 0, "LyrOn": 1, "Color": 5, "Linetype": "DASHED", "Elevation": 0.0, "LineWt": 25, "RefName": "", "DocUpdate": 1739339458000, "DocId": 1.1701160655876131e+19, "GlobalWidth": 0.25, "Shape_Length": 360.99853591236536 }, "geometry": { "type": "LineString", "coordinates": [ [ -74.189141897460033, 4.699286179564377 ], [ -74.187831206955053, 4.699362820257266 ], [ -74.187823966503643, 4.699363849923819 ], [ -74.187816987109528, 4.699366034507878 ], [ -74.187810451723578, 4.699369316744936 ], [ -74.187804531657861, 4.699373610597708 ], [ -74.187799382095079, 4.699378803511423 ], [ -74.187795138020718, 4.699384759364226 ], [ -74.187791910684723, 4.699391322035337 ], [ -74.187789784685251, 4.699398319497447 ], [ -74.187788815751134, 4.699405568326069 ], [ -74.187789029281035, 4.699412878507649 ], [ -74.187789538360875, 4.699417544650475 ], [ -74.187736471086097, 4.69942295718235 ], [ -74.187717450727675, 4.699235318324636 ], [ -74.187741056381199, 4.699372993503208 ], [ -74.187775340092116, 4.699367710545726 ], [ -74.187768909713725, 4.699319680208358 ], [ -74.187788483593337, 4.699301457137198 ], [ -74.189041484511733, 4.699228685341668 ], [ -74.189093225162111, 4.69924688980037 ], [ -74.18912503800334, 4.699267895371714 ], [ -74.189141897460033, 4.699286179564377 ] ] } },
{ "type": "Feature", "id": 161, "properties": { "OBJECTID": 161, "Entity": "Circle", "Handle": "138", "Layer": "C-ROAD-STAN", "LyrFrzn": 0, "LyrOn": 1, "Color": 11, "Linetype": "Continuous", "Elevation": 0.0, "LineWt": 25, "RefName": "", "DocUpdate": 1739339458000, "DocId": 1.1701160655876131e+19, "GlobalWidth": null, "Shape_Length": 0.31402756014766414 }, "geometry": { "type": "LineString", "coordinates": [ [ -74.187762659626117, 4.699420947287785 ], [ -74.187762738113719, 4.699420940477768 ], [ -74.187762814226389, 4.699420920141979 ], [ -74.187762885651452, 4.699420886898313 ], [ -74.187762950218698, 4.699420841756861 ], [ -74.187763005966303, 4.699420786089222 ], [ -74.187763051200392, 4.69942072158683 ], [ -74.187763084546546, 4.699420650209558 ], [ -74.187763104991575, 4.699420574126168 ], [ -74.187763111914236, 4.699420495648415 ], [ -74.187763105104224, 4.699420417160805 ], [ -74.187763084768434, 4.699420341048147 ], [ -74.187763051524769, 4.699420269623083 ], [ -74.187763006383321, 4.699420205055828 ], [ -74.18776295071568, 4.699420149308226 ], [ -74.187762886213292, 4.699420104074139 ], [ -74.18776281483602, 4.699420070727983 ], [ -74.187762738752625, 4.699420050282963 ], [ -74.187762660274871, 4.69942004336029 ], [ -74.187762581787268, 4.699420050170308 ], [ -74.187762505674598, 4.699420070506096 ], [ -74.187762434249535, 4.699420103749762 ], [ -74.187762369682289, 4.699420148891215 ], [ -74.187762313934684, 4.699420204558853 ], [ -74.187762268700595, 4.699420269061245 ], [ -74.187762235354441, 4.699420340438517 ], [ -74.187762214909412, 4.699420416521908 ], [ -74.187762207986751, 4.699420494999661 ], [ -74.187762214796763, 4.69942057348727 ], [ -74.187762235132553, 4.699420649599928 ], [ -74.187762268376218, 4.699420721024993 ], [ -74.187762313517666, 4.699420785592247 ], [ -74.187762369185307, 4.699420841339849 ], [ -74.187762433687695, 4.699420886573936 ], [ -74.187762505064967, 4.699420919920092 ], [ -74.187762581148363, 4.699420940365113 ], [ -74.187762659626117, 4.699420947287785 ] ] } },
{ "type": "Feature", "id": 162, "properties": { "OBJECTID": 162, "Entity": "Line", "Handle": "139", "Layer": "C-ROAD-LINE-EXTN", "LyrFrzn": 0, "LyrOn": 1, "Color": 252, "Linetype": "HIDDEN", "Elevation": 0.0, "LineWt": 25, "RefName": "", "DocUpdate": 1739339458000, "DocId": 1.1701160655876131e+19, "GlobalWidth": null, "Shape_Length": 8.4172368339714971 }, "geometry": { "type": "LineString", "coordinates": [ [ -74.187762150475692, 4.699415830800112 ], [ -74.187753895082238, 4.699340165133666 ] ] } },
{ "type": "Feature", "id": 163, "properties": { "OBJECTID": 163, "Entity": "Circle", "Handle": "13A", "Layer": "C-ROAD-STAN", "LyrFrzn": 0, "LyrOn": 1, "Color": 11, "Linetype": "Continuous", "Elevation": 0.0, "LineWt": 25, "RefName": "", "DocUpdate": 1739339458000, "DocId": 1.1701160655876131e+19, "GlobalWidth": null, "Shape_Length": 0.3144594195736794 }, "geometry": { "type": "LineString", "coordinates": [ [ -74.187753895153278, 4.699340617287092 ], [ -74.18775397375552, 4.699340610545244 ], [ -74.187754049992904, 4.699340590256685 ], [ -74.187754121548991, 4.699340557037871 ], [ -74.187754186249606, 4.699340511898141 ], [ -74.187754242128833, 4.699340456209042 ], [ -74.187754287488815, 4.699340391662659 ], [ -74.187754320951328, 4.699340320220201 ], [ -74.187754341499613, 4.699340244052411 ], [ -74.187754348509316, 4.699340165473609 ], [ -74.187754341767473, 4.699340086871373 ], [ -74.18775432147892, 4.69934001063399 ], [ -74.187754288260095, 4.699339939077896 ], [ -74.187754243120366, 4.699339874377286 ], [ -74.187754187431267, 4.699339818498056 ], [ -74.187754122884883, 4.699339773138067 ], [ -74.187754051442425, 4.699339739675561 ], [ -74.187753975274646, 4.699339719127278 ], [ -74.187753896695838, 4.699339712117567 ], [ -74.187753818093597, 4.699339718859415 ], [ -74.187753741856213, 4.699339739147974 ], [ -74.187753670300125, 4.699339772366788 ], [ -74.187753605599511, 4.699339817506518 ], [ -74.187753549720284, 4.699339873195617 ], [ -74.187753504360302, 4.699339937742 ], [ -74.187753470897789, 4.699340009184458 ], [ -74.187753450349504, 4.699340085352247 ], [ -74.187753443339801, 4.699340163931049 ], [ -74.187753450081644, 4.699340242533286 ], [ -74.187753470370197, 4.699340318770669 ], [ -74.187753503589022, 4.699340390326762 ], [ -74.18775354872875, 4.699340455027373 ], [ -74.18775360441785, 4.699340510906603 ], [ -74.187753668964234, 4.699340556266591 ], [ -74.187753740406691, 4.699340589729098 ], [ -74.187753816574471, 4.699340610277381 ], [ -74.187753895153278, 4.699340617287092 ] ] } },
{ "type": "Feature", "id": 164, "properties": { "OBJECTID": 164, "Entity": "Circle", "Handle": "13B", "Layer": "C-ROAD-STAN", "LyrFrzn": 0, "LyrOn": 1, "Color": 11, "Linetype": "Continuous", "Elevation": 0.0, "LineWt": 25, "RefName": "", "DocUpdate": 1739339458000, "DocId": 1.1701160655876131e+19, "GlobalWidth": null, "Shape_Length": 0.31501028809701431 }, "geometry": { "type": "LineString", "coordinates": [ [ -74.187762405086573, 4.699418616024971 ], [ -74.187762483820308, 4.699418609199399 ], [ -74.187762560172644, 4.699418588805553 ], [ -74.187762631823659, 4.699418555463091 ], [ -74.187762696596295, 4.699418510185106 ], [ -74.187762752522431, 4.699418454347348 ], [ -74.187762797902806, 4.699418389646418 ], [ -74.187762831358555, 4.699418318048221 ], [ -74.187762851873131, 4.699418241728232 ], [ -74.187762858823234, 4.699418163005395 ], [ -74.187762851997661, 4.699418084271665 ], [ -74.187762831603806, 4.699418007919325 ], [ -74.187762798261346, 4.699417936268302 ], [ -74.18776275298336, 4.699417871495678 ], [ -74.187762697145601, 4.699417815569535 ], [ -74.187762632444674, 4.69941777018916 ], [ -74.18776256084648, 4.699417736733414 ], [ -74.187762484526488, 4.699417716218832 ], [ -74.187762405803653, 4.69941770926874 ], [ -74.187762327069919, 4.699417716094312 ], [ -74.187762250717583, 4.699417736488158 ], [ -74.187762179066567, 4.69941776983062 ], [ -74.187762114293932, 4.699417815108605 ], [ -74.187762058367795, 4.699417870946363 ], [ -74.18776201298742, 4.699417935647293 ], [ -74.187761979531672, 4.69941800724549 ], [ -74.187761959017095, 4.69941808356548 ], [ -74.187761952066992, 4.699418162288316 ], [ -74.187761958892565, 4.699418241022046 ], [ -74.187761979286421, 4.699418317374386 ], [ -74.18776201262888, 4.699418389025409 ], [ -74.187762057906866, 4.699418453798033 ], [ -74.187762113744625, 4.699418509724176 ], [ -74.187762178445553, 4.699418555104551 ], [ -74.187762250043747, 4.699418588560297 ], [ -74.187762326363739, 4.699418609074879 ], [ -74.187762405086573, 4.699418616024971 ] ] } },
{ "type": "Feature", "id": 165, "properties": { "OBJECTID": 165, "Entity": "LWPolyline", "Handle": "13C", "Layer": "DG-EJE-VIA", "LyrFrzn": 0, "LyrOn": 1, "Color": 10, "Linetype": "CENTER", "Elevation": 0.0, "LineWt": 30, "RefName": "", "DocUpdate": 1739339458000, "DocId": 1.1701160655876131e+19, "GlobalWidth": 0.0, "Shape_Length": 0.5188743577410404 }, "geometry": { "type": "LineString", "coordinates": [ [ -74.187762659555062, 4.699420495134361 ], [ -74.187762150475692, 4.699415830800112 ] ] } },
{ "type": "Feature", "id": 166, "properties": { "OBJECTID": 166, "Entity": "Circle", "Handle": "13D", "Layer": "C-ROAD-STAN", "LyrFrzn": 0, "LyrOn": 1, "Color": 11, "Linetype": "Continuous", "Elevation": 0.0, "LineWt": 25, "RefName": "", "DocUpdate": 1739339458000, "DocId": 1.1701160655876131e+19, "GlobalWidth": null, "Shape_Length": 0.31484250902426519 }, "geometry": { "type": "LineString", "coordinates": [ [ -74.187762150546746, 4.699416282953537 ], [ -74.187762229238544, 4.699416276131639 ], [ -74.187762305550223, 4.699416255748692 ], [ -74.187762377163097, 4.699416222424024 ], [ -74.187762441901242, 4.699416177170187 ], [ -74.187762497797635, 4.699416121362197 ], [ -74.187762543153866, 4.69941605669575 ], [ -74.187762576591822, 4.699415985135705 ], [ -74.187762597095514, 4.699415908856375 ], [ -74.18776260404195, 4.699415830175472 ], [ -74.187762597220043, 4.699415751483675 ], [ -74.187762576837102, 4.699415675171992 ], [ -74.187762543512434, 4.699415603559117 ], [ -74.187762498258593, 4.69941553882097 ], [ -74.187762442450605, 4.699415482924588 ], [ -74.187762377784154, 4.699415437568352 ], [ -74.187762306224116, 4.699415404130391 ], [ -74.187762229944781, 4.699415383626699 ], [ -74.187762151263883, 4.699415376680271 ], [ -74.187762072572085, 4.69941538350217 ], [ -74.187761996260406, 4.699415403885117 ], [ -74.187761924647532, 4.699415437209784 ], [ -74.187761859909386, 4.699415482463621 ], [ -74.187761804012993, 4.699415538271611 ], [ -74.187761758656762, 4.699415602938059 ], [ -74.187761725218806, 4.699415674498104 ], [ -74.187761704715115, 4.699415750777433 ], [ -74.187761697768678, 4.699415829458336 ], [ -74.187761704590585, 4.699415908150134 ], [ -74.187761724973527, 4.699415984461816 ], [ -74.187761758298194, 4.699416056074692 ], [ -74.187761803552036, 4.699416120812838 ], [ -74.187761859360023, 4.699416176709221 ], [ -74.187761924026475, 4.699416222065456 ], [ -74.187761995586513, 4.699416255503417 ], [ -74.187762071865848, 4.699416276007109 ], [ -74.187762150546746, 4.699416282953537 ] ] } },
{ "type": "Feature", "id": 167, "properties": { "OBJECTID": 167, "Entity": "Circle", "Handle": "13E", "Layer": "C-ROAD-STAN", "LyrFrzn": 0, "LyrOn": 1, "Color": 11, "Linetype": "Continuous", "Elevation": 0.0, "LineWt": 25, "RefName": "", "DocUpdate": 1739339458000, "DocId": 1.1701160655876131e+19, "GlobalWidth": null, "Shape_Length": 0.3149863962595742 }, "geometry": { "type": "LineString", "coordinates": [ [ -74.187778762375075, 4.699361707215405 ], [ -74.187778841088161, 4.699361700223186 ], [ -74.187778917391242, 4.699361679668809 ], [ -74.18777898896586, 4.69936164617681 ], [ -74.187779053637286, 4.699361600764826 ], [ -74.187779109440498, 4.699361544812677 ], [ -74.187779154679944, 4.699361480020442 ], [ -74.18777918798105, 4.699361408356799 ], [ -74.187779208331975, 4.699361331999211 ], [ -74.187779215114361, 4.699361253267766 ], [ -74.187779208122151, 4.699361174554678 ], [ -74.18777918756777, 4.699361098251605 ], [ -74.18777915407577, 4.699361026676977 ], [ -74.18777910866379, 4.699360962005553 ], [ -74.187779052711633, 4.699360906202342 ], [ -74.187778987919401, 4.699360860962895 ], [ -74.187778916255752, 4.699360827661791 ], [ -74.187778839898172, 4.699360807310867 ], [ -74.187778761166726, 4.699360800528475 ], [ -74.18777868245364, 4.699360807520694 ], [ -74.187778606150559, 4.699360828075071 ], [ -74.187778534575941, 4.69936086156707 ], [ -74.187778469904515, 4.699360906979054 ], [ -74.187778414101302, 4.699360962931203 ], [ -74.187778368861856, 4.699361027723438 ], [ -74.187778335560751, 4.699361099387081 ], [ -74.187778315209826, 4.699361175744669 ], [ -74.18777830842744, 4.699361254476115 ], [ -74.187778315419649, 4.699361333189202 ], [ -74.187778335974031, 4.699361409492275 ], [ -74.187778369466031, 4.699361481066903 ], [ -74.187778414878011, 4.699361545738327 ], [ -74.187778470830168, 4.699361601541538 ], [ -74.1877785356224, 4.699361646780985 ], [ -74.187778607286049, 4.699361680082089 ], [ -74.187778683643629, 4.699361700433013 ], [ -74.187778762375075, 4.699361707215405 ] ] } },
{ "type": "Feature", "id": 168, "properties": { "OBJECTID": 168, "Entity": "LWPolyline", "Handle": "13F", "Layer": "DG-EJE-VIA", "LyrFrzn": 0, "LyrOn": 1, "Color": 10, "Linetype": "CENTER", "Elevation": 0.0, "LineWt": 30, "RefName": "", "DocUpdate": 1739339458000, "DocId": 1.1701160655876131e+19, "GlobalWidth": 0.0, "Shape_Length": 12.972881938823191 }, "geometry": { "type": "LineString", "coordinates": [ [ -74.187829632591288, 4.699335736516038 ], [ -74.187818047986639, 4.699337384271939 ], [ -74.187806881116117, 4.699340879864529 ], [ -74.187796424694199, 4.699346131664702 ], [ -74.187786952812473, 4.699353002008308 ], [ -74.18777871375508, 4.699361310804715 ], [ -74.187771923490388, 4.699370840257481 ], [ -74.18776676000995, 4.699381340573397 ], [ -74.187763358662821, 4.699392536510258 ], [ -74.187761808607661, 4.699404134591719 ], [ -74.187762150475692, 4.699415830800112 ] ] } },
{ "type": "Feature", "id": 169, "properties": { "OBJECTID": 169, "Entity": "Line", "Handle": "140", "Layer": "C-ROAD-LINE-EXTN", "LyrFrzn": 0, "LyrOn": 1, "Color": 252, "Linetype": "HIDDEN", "Elevation": 0.0, "LineWt": 25, "RefName": "", "DocUpdate": 1739339458000, "DocId": 1.1701160655876131e+19, "GlobalWidth": null, "Shape_Length": 8.4171814497554607 }, "geometry": { "type": "LineString", "coordinates": [ [ -74.187753895082238, 4.699340165133666 ], [ -74.187829632591288, 4.699335736516038 ] ] } },
{ "type": "Feature", "id": 170, "properties": { "OBJECTID": 170, "Entity": "Circle", "Handle": "141", "Layer": "C-ROAD-STAN", "LyrFrzn": 0, "LyrOn": 1, "Color": 11, "Linetype": "Continuous", "Elevation": 0.0, "LineWt": 25, "RefName": "", "DocUpdate": 1739339458000, "DocId": 1.1701160655876131e+19, "GlobalWidth": null, "Shape_Length": 0.31493843203144956 }, "geometry": { "type": "LineString", "coordinates": [ [ -74.189389343792584, 4.699244988505644 ], [ -74.189389422494202, 4.699244981520264 ], [ -74.189389498787151, 4.699244960974617 ], [ -74.189389570353342, 4.699244927492971 ], [ -74.189389635018244, 4.699244882092649 ], [ -74.189389690817052, 4.699244826153118 ], [ -74.189389736054366, 4.699244761374071 ], [ -74.189389769355657, 4.699244689723787 ], [ -74.189389789709082, 4.699244613379323 ], [ -74.189389796496215, 4.699244534660368 ], [ -74.189389789510841, 4.699244455958757 ], [ -74.189389768965185, 4.699244379665799 ], [ -74.189389735483545, 4.699244308099616 ], [ -74.189389690083217, 4.699244243434712 ], [ -74.189389634143694, 4.699244187635895 ], [ -74.18938956936465, 4.699244142398586 ], [ -74.189389497714359, 4.699244109097297 ], [ -74.189389421369896, 4.69924408874387 ], [ -74.189389342650941, 4.699244081956735 ], [ -74.189389263949323, 4.699244088942114 ], [ -74.189389187656374, 4.699244109487762 ], [ -74.189389116090183, 4.699244142969408 ], [ -74.18938905142528, 4.69924418836973 ], [ -74.189388995626473, 4.699244244309261 ], [ -74.189388950389159, 4.699244309088308 ], [ -74.189388917087868, 4.699244380738592 ], [ -74.189388896734442, 4.699244457083056 ], [ -74.18938888994731, 4.699244535802011 ], [ -74.189388896932684, 4.699244614503622 ], [ -74.18938891747834, 4.69924469079658 ], [ -74.18938895095998, 4.699244762362762 ], [ -74.189388996360307, 4.699244827027667 ], [ -74.18938905229983, 4.699244882826483 ], [ -74.189389117078875, 4.699244928063792 ], [ -74.189389188729166, 4.699244961365082 ], [ -74.189389265073629, 4.699244981718508 ], [ -74.189389343792584, 4.699244988505644 ] ] } },
{ "type": "Feature", "id": 171, "properties": { "OBJECTID": 171, "Entity": "Circle", "Handle": "142", "Layer": "C-ROAD-STAN", "LyrFrzn": 0, "LyrOn": 1, "Color": 11, "Linetype": "Continuous", "Elevation": 0.0, "LineWt": 25, "RefName": "", "DocUpdate": 1739339458000, "DocId": 1.1701160655876131e+19, "GlobalWidth": null, "Shape_Length": 0.31436363914206611 }, "geometry": { "type": "LineString", "coordinates": [ [ -74.187829632662385, 4.699336188669449 ], [ -74.187829711241704, 4.69933618194163 ], [ -74.187829787458952, 4.699336161670868 ], [ -74.187829858998313, 4.699336128473075 ], [ -74.187829923686095, 4.699336083356954 ], [ -74.187829979556795, 4.699336027693332 ], [ -74.187830024912799, 4.699335963173522 ], [ -74.187830058375994, 4.699335891757925 ], [ -74.187830078929622, 4.699335815616467 ], [ -74.187830085949173, 4.69933573706267 ], [ -74.187830079221357, 4.699335658483349 ], [ -74.187830058950595, 4.699335582266098 ], [ -74.187830025752802, 4.69933551072674 ], [ -74.187829980636678, 4.699335446038961 ], [ -74.187829924973059, 4.699335390168267 ], [ -74.187829860453249, 4.699335344812261 ], [ -74.18782978903765, 4.699335311349062 ], [ -74.187829712896189, 4.699335290795433 ], [ -74.187829634342393, 4.699335283775884 ], [ -74.187829555763074, 4.699335290503702 ], [ -74.187829479545826, 4.699335310774465 ], [ -74.187829408006465, 4.699335343972257 ], [ -74.187829343318683, 4.699335389088379 ], [ -74.187829287447983, 4.699335444752001 ], [ -74.187829242091979, 4.699335509271811 ], [ -74.187829208628784, 4.699335580687408 ], [ -74.187829188075156, 4.699335656828866 ], [ -74.187829181055605, 4.699335735382663 ], [ -74.187829187783422, 4.699335813961984 ], [ -74.187829208054183, 4.699335890179235 ], [ -74.187829241251976, 4.699335961718593 ], [ -74.1878292863681, 4.699336026406372 ], [ -74.187829342031719, 4.699336082277066 ], [ -74.187829406551529, 4.699336127633072 ], [ -74.187829477967128, 4.699336161096271 ], [ -74.187829554108589, 4.6993361816499 ], [ -74.187829632662385, 4.699336188669449 ] ] } },
{ "type": "Feature", "id": 172, "properties": { "OBJECTID": 172, "Entity": "Circle", "Handle": "143", "Layer": "C-ROAD-STAN", "LyrFrzn": 0, "LyrOn": 1, "Color": 11, "Linetype": "Continuous", "Elevation": 0.0, "LineWt": 25, "RefName": "", "DocUpdate": 1739339458000, "DocId": 1.1701160655876131e+19, "GlobalWidth": null, "Shape_Length": 0.31484253274509427 }, "geometry": { "type": "LineString", "coordinates": [ [ -74.188609488288421, 4.699290589022621 ], [ -74.18860956698073, 4.699290582206602 ], [ -74.188609643293944, 4.699290561829359 ], [ -74.188609714909319, 4.69929052851004 ], [ -74.188609779650847, 4.699290483261039 ], [ -74.188609835551404, 4.699290427457222 ], [ -74.18860988091248, 4.699290362794161 ], [ -74.18860991435578, 4.69929029123661 ], [ -74.188609934865184, 4.699290214958808 ], [ -74.188609941817489, 4.69929013627842 ], [ -74.188609935001466, 4.699290057586108 ], [ -74.188609914624223, 4.699289981272897 ], [ -74.188609881304913, 4.699289909657527 ], [ -74.188609836055903, 4.699289844915994 ], [ -74.188609780252094, 4.699289789015438 ], [ -74.188609715589024, 4.699289743654368 ], [ -74.188609644031473, 4.699289710211056 ], [ -74.188609567753673, 4.699289689701662 ], [ -74.188609489073286, 4.699289682749353 ], [ -74.188609410380977, 4.699289689565372 ], [ -74.188609334067763, 4.699289709942616 ], [ -74.188609262452388, 4.699289743261935 ], [ -74.188609197710861, 4.699289788510936 ], [ -74.188609141810304, 4.699289844314753 ], [ -74.188609096449227, 4.699289908977813 ], [ -74.188609063005927, 4.699289980535364 ], [ -74.188609042496523, 4.699290056813166 ], [ -74.188609035544218, 4.699290135493555 ], [ -74.188609042360241, 4.699290214185867 ], [ -74.188609062737484, 4.699290290499078 ], [ -74.188609096056794, 4.699290362114447 ], [ -74.188609141305804, 4.69929042685598 ], [ -74.188609197109614, 4.699290482756536 ], [ -74.188609261772683, 4.699290528117607 ], [ -74.188609333330234, 4.699290561560918 ], [ -74.188609409608034, 4.699290582070312 ], [ -74.188609488288421, 4.699290589022621 ] ] } },
{ "type": "Feature", "id": 173, "properties": { "OBJECTID": 173, "Entity": "LWPolyline", "Handle": "144", "Layer": "DG-EJE-VIA", "LyrFrzn": 0, "LyrOn": 1, "Color": 10, "Linetype": "CENTER", "Elevation": 0.0, "LineWt": 30, "RefName": "", "DocUpdate": 1739339458000, "DocId": 1.1701160655876131e+19, "GlobalWidth": 0.0, "Shape_Length": 173.34042823464213 }, "geometry": { "type": "LineString", "coordinates": [ [ -74.187829632591288, 4.699335736516038 ], [ -74.189389343720492, 4.699244536352238 ] ] } },
{ "type": "Feature", "id": 174, "properties": { "OBJECTID": 174, "Entity": "LWPolyline", "Handle": "145", "Layer": "DG-BORDE-VIA", "LyrFrzn": 0, "LyrOn": 1, "Color": 3, "Linetype": "Continuous", "Elevation": 0.0, "LineWt": 30, "RefName": "", "DocUpdate": 1739339458000, "DocId": 1.1701160655876131e+19, "GlobalWidth": 0.0, "Shape_Length": 159.09102110923229 }, "geometry": { "type": "LineString", "coordinates": [ [ -74.187828322123863, 4.699313167032841 ], [ -74.189259817566409, 4.699229464249059 ] ] } },
{ "type": "Feature", "id": 175, "properties": { "OBJECTID": 175, "Entity": "LWPolyline", "Handle": "146", "Layer": "BORDE-V", "LyrFrzn": 0, "LyrOn": 1, "Color": 5, "Linetype": "Continuous", "Elevation": 0.0, "LineWt": 25, "RefName": "", "DocUpdate": 1739339458000, "DocId": 1.1701160655876131e+19, "GlobalWidth": 0.0, "Shape_Length": 0.51887435969388107 }, "geometry": { "type": "LineString", "coordinates": [ [ -74.187785058860229, 4.699418035493514 ], [ -74.187784549780702, 4.699413371159279 ] ] } },
{ "type": "Feature", "id": 176, "properties": { "OBJECTID": 176, "Entity": "LWPolyline", "Handle": "147", "Layer": "DG-BORDE-VIA", "LyrFrzn": 0, "LyrOn": 1, "Color": 3, "Linetype": "Continuous", "Elevation": 0.0, "LineWt": 30, "RefName": "", "DocUpdate": 1739339458000, "DocId": 1.1701160655876131e+19, "GlobalWidth": 0.0, "Shape_Length": 8.9190188164345372 }, "geometry": { "type": "LineString", "coordinates": [ [ -74.187830944861474, 4.699358305998921 ], [ -74.187822980274674, 4.69935943866606 ], [ -74.187815302863399, 4.699361841775243 ], [ -74.187808113881673, 4.699365452331879 ], [ -74.18780160177991, 4.699370175689607 ], [ -74.187795937264951, 4.699375888031336 ], [ -74.187791268825208, 4.699382439614959 ], [ -74.187787718838152, 4.699389658698662 ], [ -74.187785380362371, 4.699397356042924 ], [ -74.187784314698192, 4.699405329871207 ], [ -74.187784549780702, 4.699413371159279 ] ] } },
{ "type": "Feature", "id": 177, "properties": { "OBJECTID": 177, "Entity": "LWPolyline", "Handle": "148", "Layer": "DG-BORDE-VIA", "LyrFrzn": 0, "LyrOn": 1, "Color": 3, "Linetype": "Continuous", "Elevation": 0.0, "LineWt": 30, "RefName": "", "DocUpdate": 1739339458000, "DocId": 1.1701160655876131e+19, "GlobalWidth": 0.0, "Shape_Length": 159.09102110934037 }, "geometry": { "type": "LineString", "coordinates": [ [ -74.187830944861474, 4.699358305998921 ], [ -74.189262440395538, 4.699274603207663 ] ] } },
{ "type": "Feature", "id": 178, "properties": { "OBJECTID": 178, "Entity": "Insert", "Handle": "14A", "Layer": "C-ROAD-STAN-MAJR", "LyrFrzn": 0, "LyrOn": 1, "Color": 11, "Linetype": "Continuous", "Elevation": 0.0, "LineWt": 25, "RefName": "AeccTickLine", "DocUpdate": 1739339458000, "DocId": 1.1701160655876131e+19, "GlobalWidth": null, "Shape_Length": 0.29997666568820397 }, "geometry": { "type": "LineString", "coordinates": [ [ -74.187764004306686, 4.699420348423954 ], [ -74.187761316606384, 4.699420643653108 ] ] } },
{ "type": "Feature", "id": 179, "properties": { "OBJECTID": 179, "Entity": "Insert", "Handle": "14C", "Layer": "C-ROAD-STAN-MAJR", "LyrFrzn": 0, "LyrOn": 1, "Color": 11, "Linetype": "Continuous", "Elevation": 0.0, "LineWt": 25, "RefName": "AeccTickLine", "DocUpdate": 1739339458000, "DocId": 1.1701160655876131e+19, "GlobalWidth": null, "Shape_Length": 0.29990518493286139 }, "geometry": { "type": "LineString", "coordinates": [ [ -74.188158210822451, 4.699317882249601 ], [ -74.188158053565232, 4.699315174779859 ] ] } },
{ "type": "Feature", "id": 180, "properties": { "OBJECTID": 180, "Entity": "Insert", "Handle": "14E", "Layer": "C-ROAD-STAN-MAJR", "LyrFrzn": 0, "LyrOn": 1, "Color": 11, "Linetype": "Continuous", "Elevation": 0.0, "LineWt": 25, "RefName": "AeccTickLine", "DocUpdate": 1739339458000, "DocId": 1.1701160655876131e+19, "GlobalWidth": null, "Shape_Length": 0.3001048497810313 }, "geometry": { "type": "LineString", "coordinates": [ [ -74.188608109420144, 4.69929157674547 ], [ -74.188607952160922, 4.699288867467235 ] ] } },
{ "type": "Feature", "id": 181, "properties": { "OBJECTID": 181, "Entity": "Insert", "Handle": "150", "Layer": "C-ROAD-STAN-MAJR", "LyrFrzn": 0, "LyrOn": 1, "Color": 11, "Linetype": "Continuous", "Elevation": 0.0, "LineWt": 25, "RefName": "AeccTickLine", "DocUpdate": 1739339458000, "DocId": 1.1701160655876131e+19, "GlobalWidth": null, "Shape_Length": 0.30009332027501862 }, "geometry": { "type": "LineString", "coordinates": [ [ -74.189058006174349, 4.699265269143402 ], [ -74.18905785071604, 4.699262559865024 ] ] } },
{ "type": "Feature", "id": 182, "properties": { "OBJECTID": 182, "Entity": "Insert", "Handle": "152", "Layer": "C-ROAD-STAN-MAJR", "LyrFrzn": 0, "LyrOn": 1, "Color": 11, "Linetype": "Continuous", "Elevation": 0.0, "LineWt": 25, "RefName": "AeccTickLine", "DocUpdate": 1739339458000, "DocId": 1.1701160655876131e+19, "GlobalWidth": null, "Shape_Length": 0.29990518673833522 }, "geometry": { "type": "LineString", "coordinates": [ [ -74.189389421449988, 4.699245889182763 ], [ -74.189389264188051, 4.69924318171339 ] ] } },
{ "type": "Feature", "id": 183, "properties": { "OBJECTID": 183, "Entity": "Line", "Handle": "154", "Layer": "C-ROAD-STAN", "LyrFrzn": 0, "LyrOn": 1, "Color": 11, "Linetype": "Continuous", "Elevation": 0.0, "LineWt": 25, "RefName": "", "DocUpdate": 1739339458000, "DocId": 1.1701160655876131e+19, "GlobalWidth": null, "Shape_Length": 4.0000792641857226 }, "geometry": { "type": "LineString", "coordinates": [ [ -74.187762659555062, 4.699420495134361 ], [ -74.187798499164245, 4.699416559346824 ] ] } },
{ "type": "Feature", "id": 184, "properties": { "OBJECTID": 184, "Entity": "Insert", "Handle": "155", "Layer": "C-ROAD-STAN", "LyrFrzn": 0, "LyrOn": 1, "Color": 11, "Linetype": "Continuous", "Elevation": 0.0, "LineWt": 25, "RefName": "AeccTickCircle", "DocUpdate": 1739339458000, "DocId": 1.1701160655876131e+19, "GlobalWidth": null, "Shape_Length": 0.78495479547100022 }, "geometry": { "type": "LineString", "coordinates": [ [ -74.187762659732698, 4.699421625517909 ], [ -74.187762855914244, 4.699421608392372 ], [ -74.187763046141527, 4.699421557460443 ], [ -74.187763224634594, 4.699421474269663 ], [ -74.18776338597003, 4.699421361347741 ], [ -74.187763525245728, 4.699421222125753 ], [ -74.187763638229868, 4.699421060833888 ], [ -74.187763721489489, 4.69942088237292 ], [ -74.18776377249479, 4.699420692165292 ], [ -74.187763789695993, 4.699420495990369 ], [ -74.187763772570463, 4.699420299808825 ], [ -74.187763721638532, 4.699420109581538 ], [ -74.187763638447748, 4.699419931088467 ], [ -74.187763525525838, 4.699419769753035 ], [ -74.187763386303843, 4.699419630477338 ], [ -74.187763225011977, 4.699419517493194 ], [ -74.187763046551012, 4.699419434233572 ], [ -74.187762856343383, 4.699419383228273 ], [ -74.18776266016846, 4.699419366027067 ], [ -74.187762463986914, 4.699419383152604 ], [ -74.187762273759631, 4.699419434084533 ], [ -74.187762095266564, 4.699419517275313 ], [ -74.187761933931128, 4.699419630197235 ], [ -74.18776179465543, 4.699419769419223 ], [ -74.18776168167129, 4.699419930711088 ], [ -74.187761598411669, 4.699420109172056 ], [ -74.187761547406367, 4.699420299379684 ], [ -74.187761530205165, 4.699420495554607 ], [ -74.187761547330695, 4.699420691736151 ], [ -74.187761598262625, 4.699420881963437 ], [ -74.187761681453409, 4.699421060456508 ], [ -74.187761794375319, 4.69942122179194 ], [ -74.187761933597315, 4.699421361067638 ], [ -74.18776209488918, 4.699421474051782 ], [ -74.187762273350145, 4.699421557311403 ], [ -74.187762463557775, 4.699421608316703 ], [ -74.187762659732698, 4.699421625517909 ] ] } },
{ "type": "Feature", "id": 185, "properties": { "OBJECTID": 185, "Entity": "Line", "Handle": "157", "Layer": "C-ROAD-STAN", "LyrFrzn": 0, "LyrOn": 1, "Color": 11, "Linetype": "Continuous", "Elevation": 0.0, "LineWt": 25, "RefName": "", "DocUpdate": 1739339458000, "DocId": 1.1701160655876131e+19, "GlobalWidth": null, "Shape_Length": 4.0000792641857226 }, "geometry": { "type": "LineString", "coordinates": [ [ -74.187762150475692, 4.699415830800112 ], [ -74.187797990084619, 4.699411895012602 ] ] } },
{ "type": "Feature", "id": 186, "properties": { "OBJECTID": 186, "Entity": "Insert", "Handle": "158", "Layer": "C-ROAD-STAN", "LyrFrzn": 0, "LyrOn": 1, "Color": 11, "Linetype": "Continuous", "Elevation": 0.0, "LineWt": 25, "RefName": "AeccTickCircle", "DocUpdate": 1739339458000, "DocId": 1.1701160655876131e+19, "GlobalWidth": null, "Shape_Length": 0.78615322665684007 }, "geometry": { "type": "LineString", "coordinates": [ [ -74.187762150653313, 4.69941696118366 ], [ -74.187762347134893, 4.699416944037842 ], [ -74.187762537654123, 4.699416893033839 ], [ -74.187762716422199, 4.699416809721384 ], [ -74.18776287800732, 4.699416696631881 ], [ -74.187763017499819, 4.699416557201499 ], [ -74.187763130661295, 4.699416395666761 ], [ -74.187763214053362, 4.699416216935815 ], [ -74.187763265142223, 4.699416026439313 ], [ -74.187763282375556, 4.699415829965394 ], [ -74.187763265229734, 4.699415633483818 ], [ -74.187763214225726, 4.69941544296458 ], [ -74.187763130913282, 4.699415264196508 ], [ -74.187763017823769, 4.699415102611382 ], [ -74.187762878393386, 4.699414963118882 ], [ -74.187762716858657, 4.699414849957418 ], [ -74.187762538127714, 4.699414766565345 ], [ -74.187762347631207, 4.699414715476488 ], [ -74.187762151157287, 4.699414698243155 ], [ -74.187761954675707, 4.699414715388973 ], [ -74.187761764156477, 4.699414766392976 ], [ -74.187761585388401, 4.699414849705431 ], [ -74.187761423803281, 4.699414962794934 ], [ -74.187761284310781, 4.699415102225315 ], [ -74.187761171149305, 4.699415263760054 ], [ -74.187761087757238, 4.699415442491 ], [ -74.187761036668377, 4.699415632987502 ], [ -74.187761019435044, 4.699415829461421 ], [ -74.187761036580866, 4.699416025942996 ], [ -74.187761087584875, 4.699416216462235 ], [ -74.187761170897318, 4.699416395230307 ], [ -74.187761283986831, 4.699416556815433 ], [ -74.187761423417214, 4.699416696307933 ], [ -74.187761584951943, 4.699416809469397 ], [ -74.187761763682886, 4.699416892861469 ], [ -74.187761954179393, 4.699416943950327 ], [ -74.187762150653313, 4.69941696118366 ] ] } },
{ "type": "Feature", "id": 187, "properties": { "OBJECTID": 187, "Entity": "Line", "Handle": "15A", "Layer": "C-ROAD-STAN", "LyrFrzn": 0, "LyrOn": 1, "Color": 11, "Linetype": "Continuous", "Elevation": 0.0, "LineWt": 25, "RefName": "", "DocUpdate": 1739339458000, "DocId": 1.1701160655876131e+19, "GlobalWidth": null, "Shape_Length": 3.999945383167776 }, "geometry": { "type": "LineString", "coordinates": [ [ -74.187829632591288, 4.699335736516038 ], [ -74.187831731141927, 4.69937184696535 ] ] } },
{ "type": "Feature", "id": 188, "properties": { "OBJECTID": 188, "Entity": "Insert", "Handle": "15B", "Layer": "C-ROAD-STAN", "LyrFrzn": 0, "LyrOn": 1, "Color": 11, "Linetype": "Continuous", "Elevation": 0.0, "LineWt": 25, "RefName": "AeccTickCircle", "DocUpdate": 1739339458000, "DocId": 1.1701160655876131e+19, "GlobalWidth": null, "Shape_Length": 0.78567405731368023 }, "geometry": { "type": "LineString", "coordinates": [ [ -74.187829632769024, 4.699336866899585 ], [ -74.187829829138124, 4.699336849847835 ], [ -74.187830019562924, 4.699336798956003 ], [ -74.187830198257473, 4.699336715770413 ], [ -74.18783035979223, 4.699336602818616 ], [ -74.187830499259022, 4.699336463532595 ], [ -74.187830612420257, 4.699336302144486 ], [ -74.187830695837548, 4.699336123557985 ], [ -74.187830746976331, 4.699335933199351 ], [ -74.187830764282779, 4.699335736852537 ], [ -74.187830747231018, 4.69933554048344 ], [ -74.187830696339191, 4.699335350058636 ], [ -74.187830613153608, 4.699335171364087 ], [ -74.187830500201798, 4.699335009829335 ], [ -74.187830360915783, 4.699334870362534 ], [ -74.187830199527681, 4.699334757201309 ], [ -74.187830020941178, 4.699334673784009 ], [ -74.187829830582544, 4.699334622645226 ], [ -74.187829634235726, 4.699334605338787 ], [ -74.187829437866625, 4.699334622390537 ], [ -74.187829247441826, 4.699334673282368 ], [ -74.187829068747277, 4.699334756467958 ], [ -74.18782890721252, 4.699334869419755 ], [ -74.187828767745728, 4.699335008705776 ], [ -74.187828654584493, 4.699335170093885 ], [ -74.187828571167202, 4.699335348680386 ], [ -74.187828520028418, 4.69933553903902 ], [ -74.18782850272197, 4.699335735385834 ], [ -74.187828519773731, 4.699335931754931 ], [ -74.187828570665559, 4.699336122179735 ], [ -74.187828653851142, 4.699336300874284 ], [ -74.187828766802951, 4.699336462409036 ], [ -74.187828906088967, 4.699336601875838 ], [ -74.187829067477068, 4.699336715037062 ], [ -74.187829246063572, 4.699336798454362 ], [ -74.187829436422206, 4.699336849593145 ], [ -74.187829632769024, 4.699336866899585 ] ] } },
{ "type": "Feature", "id": 189, "properties": { "OBJECTID": 189, "Entity": "Line", "Handle": "15D", "Layer": "C-ROAD-STAN", "LyrFrzn": 0, "LyrOn": 1, "Color": 11, "Linetype": "Continuous", "Elevation": 0.0, "LineWt": 25, "RefName": "", "DocUpdate": 1739339458000, "DocId": 1.1701160655876131e+19, "GlobalWidth": null, "Shape_Length": 3.9999337798176571 }, "geometry": { "type": "LineString", "coordinates": [ [ -74.189389343720492, 4.699244536352238 ], [ -74.189391440548249, 4.699280646795356 ] ] } },
{ "type": "Feature", "id": 190, "properties": { "OBJECTID": 190, "Entity": "Insert", "Handle": "15E", "Layer": "C-ROAD-STAN", "LyrFrzn": 0, "LyrOn": 1, "Color": 11, "Linetype": "Continuous", "Elevation": 0.0, "LineWt": 25, "RefName": "AeccTickCircle", "DocUpdate": 1739339458000, "DocId": 1.1701160655876131e+19, "GlobalWidth": null, "Shape_Length": 0.78586562501765278 }, "geometry": { "type": "LineString", "coordinates": [ [ -74.189389343900729, 4.69924566673573 ], [ -74.189389540296247, 4.699245649434558 ], [ -74.189389730703752, 4.699245598292506 ], [ -74.18938990933782, 4.6992455148635 ], [ -74.189390070770742, 4.699245401682488 ], [ -74.189390210097457, 4.699245262188417 ], [ -74.189390323084581, 4.699245100619745 ], [ -74.189390406299097, 4.699244921885653 ], [ -74.189390457212525, 4.699244731416888 ], [ -74.189390474277928, 4.699244535000745 ], [ -74.189390456976753, 4.69924433860523 ], [ -74.1893904058347, 4.699244148197722 ], [ -74.189390322405686, 4.699243969563655 ], [ -74.189390209224683, 4.699243808130737 ], [ -74.189390069730607, 4.699243668804023 ], [ -74.189389908161942, 4.699243555816886 ], [ -74.189389729427845, 4.699243472602383 ], [ -74.189389538959077, 4.699243421688945 ], [ -74.189389342542938, 4.699243404623551 ], [ -74.18938914614742, 4.699243421924723 ], [ -74.189388955739915, 4.699243473066775 ], [ -74.189388777105847, 4.699243556495781 ], [ -74.189388615672925, 4.699243669676793 ], [ -74.18938847634621, 4.699243809170864 ], [ -74.189388363359086, 4.699243970739536 ], [ -74.18938828014457, 4.699244149473627 ], [ -74.189388229231142, 4.699244339942393 ], [ -74.189388212165738, 4.699244536358536 ], [ -74.189388229466914, 4.699244732754051 ], [ -74.189388280608966, 4.699244923161559 ], [ -74.189388364037981, 4.699245101795626 ], [ -74.189388477218984, 4.699245263228544 ], [ -74.18938861671306, 4.699245402555258 ], [ -74.189388778281725, 4.699245515542395 ], [ -74.189388957015822, 4.699245598756898 ], [ -74.18938914748459, 4.699245649670336 ], [ -74.189389343900729, 4.69924566673573 ] ] } },
{ "type": "Feature", "id": 191, "properties": { "OBJECTID": 191, "Entity": "Insert", "Handle": "15F", "Layer": "C-ROAD-STAN-MINR", "LyrFrzn": 0, "LyrOn": 1, "Color": 11, "Linetype": "Continuous", "Elevation": 0.0, "LineWt": 25, "RefName": "AeccTickLine", "DocUpdate": 1739339458000, "DocId": 1.1701160655876131e+19, "GlobalWidth": null, "Shape_Length": 0.15000719910242677 }, "geometry": { "type": "LineString", "coordinates": [ [ -74.187769544194737, 4.699376714741678 ], [ -74.187768327315169, 4.699376123517492 ] ] } },
{ "type": "Feature", "id": 192, "properties": { "OBJECTID": 192, "Entity": "Insert", "Handle": "160", "Layer": "C-ROAD-STAN-MINR", "LyrFrzn": 0, "LyrOn": 1, "Color": 11, "Linetype": "Continuous", "Elevation": 0.0, "LineWt": 25, "RefName": "AeccTickLine", "DocUpdate": 1739339458000, "DocId": 1.1701160655876131e+19, "GlobalWidth": null, "Shape_Length": 0.14997813236498933 }, "geometry": { "type": "LineString", "coordinates": [ [ -74.187799915594169, 4.699344883761088 ], [ -74.187799273664297, 4.699343690177594 ] ] } },
{ "type": "Feature", "id": 193, "properties": { "OBJECTID": 193, "Entity": "Insert", "Handle": "161", "Layer": "C-ROAD-STAN-MINR", "LyrFrzn": 0, "LyrOn": 1, "Color": 11, "Linetype": "Continuous", "Elevation": 0.0, "LineWt": 25, "RefName": "AeccTickLine", "DocUpdate": 1739339458000, "DocId": 1.1701160655876131e+19, "GlobalWidth": null, "Shape_Length": 0.15004666013750931 }, "geometry": { "type": "LineString", "coordinates": [ [ -74.187843242556283, 4.699335620419176 ], [ -74.187843164829459, 4.6993342657798 ] ] } },
{ "type": "Feature", "id": 194, "properties": { "OBJECTID": 194, "Entity": "Insert", "Handle": "162", "Layer": "C-ROAD-STAN-MINR", "LyrFrzn": 0, "LyrOn": 1, "Color": 11, "Linetype": "Continuous", "Elevation": 0.0, "LineWt": 25, "RefName": "AeccTickLine", "DocUpdate": 1739339458000, "DocId": 1.1701160655876131e+19, "GlobalWidth": null, "Shape_Length": 0.14985859920812791 }, "geometry": { "type": "LineString", "coordinates": [ [ -74.187888232600798, 4.699332988997722 ], [ -74.187888153071512, 4.699331636167271 ] ] } },
{ "type": "Feature", "id": 195, "properties": { "OBJECTID": 195, "Entity": "Insert", "Handle": "163", "Layer": "C-ROAD-STAN-MINR", "LyrFrzn": 0, "LyrOn": 1, "Color": 11, "Linetype": "Continuous", "Elevation": 0.0, "LineWt": 25, "RefName": "AeccTickLine", "DocUpdate": 1739339458000, "DocId": 1.1701160655876131e+19, "GlobalWidth": null, "Shape_Length": 0.15005825606263226 }, "geometry": { "type": "LineString", "coordinates": [ [ -74.187933222645185, 4.699330359382008 ], [ -74.187933143115544, 4.699329004742938 ] ] } },
{ "type": "Feature", "id": 196, "properties": { "OBJECTID": 196, "Entity": "Insert", "Handle": "164", "Layer": "C-ROAD-STAN-MINR", "LyrFrzn": 0, "LyrOn": 1, "Color": 11, "Linetype": "Continuous", "Elevation": 0.0, "LineWt": 25, "RefName": "AeccTickLine", "DocUpdate": 1739339458000, "DocId": 1.1701160655876131e+19, "GlobalWidth": null, "Shape_Length": 0.15005825420319277 }, "geometry": { "type": "LineString", "coordinates": [ [ -74.18797821268889, 4.699327727954778 ], [ -74.187978133159163, 4.699326373315718 ] ] } },
{ "type": "Feature", "id": 197, "properties": { "OBJECTID": 197, "Entity": "Insert", "Handle": "165", "Layer": "C-ROAD-STAN-MINR", "LyrFrzn": 0, "LyrOn": 1, "Color": 11, "Linetype": "Continuous", "Elevation": 0.0, "LineWt": 25, "RefName": "AeccTickLine", "DocUpdate": 1739339458000, "DocId": 1.1701160655876131e+19, "GlobalWidth": null, "Shape_Length": 0.15004666013750931 }, "geometry": { "type": "LineString", "coordinates": [ [ -74.18802320092982, 4.699325098333548 ], [ -74.188023123202655, 4.699323743694198 ] ] } },
{ "type": "Feature", "id": 198, "properties": { "OBJECTID": 198, "Entity": "Insert", "Handle": "166", "Layer": "C-ROAD-STAN-MINR", "LyrFrzn": 0, "LyrOn": 1, "Color": 11, "Linetype": "Continuous", "Elevation": 0.0, "LineWt": 25, "RefName": "AeccTickLine", "DocUpdate": 1739339458000, "DocId": 1.1701160655876131e+19, "GlobalWidth": null, "Shape_Length": 0.15004665827792613 }, "geometry": { "type": "LineString", "coordinates": [ [ -74.188068190972714, 4.699322466900516 ], [ -74.18806811324545, 4.699321112261189 ] ] } },
{ "type": "Feature", "id": 199, "properties": { "OBJECTID": 199, "Entity": "Insert", "Handle": "167", "Layer": "C-ROAD-STAN-MINR", "LyrFrzn": 0, "LyrOn": 1, "Color": 11, "Linetype": "Continuous", "Elevation": 0.0, "LineWt": 25, "RefName": "AeccTickLine", "DocUpdate": 1739339458000, "DocId": 1.1701160655876131e+19, "GlobalWidth": null, "Shape_Length": 0.14984698777908845 }, "geometry": { "type": "LineString", "coordinates": [ [ -74.188113181015183, 4.699319835464593 ], [ -74.188113103288146, 4.69931848263388 ] ] } },
{ "type": "Feature", "id": 200, "properties": { "OBJECTID": 200, "Entity": "Insert", "Handle": "168", "Layer": "C-ROAD-STAN-MINR", "LyrFrzn": 0, "LyrOn": 1, "Color": 11, "Linetype": "Continuous", "Elevation": 0.0, "LineWt": 25, "RefName": "AeccTickLine", "DocUpdate": 1739339458000, "DocId": 1.1701160655876131e+19, "GlobalWidth": null, "Shape_Length": 0.14985859920812791 }, "geometry": { "type": "LineString", "coordinates": [ [ -74.188203161099224, 4.699314574392669 ], [ -74.188203081569355, 4.699313221562266 ] ] } },
{ "type": "Feature", "id": 201, "properties": { "OBJECTID": 201, "Entity": "Insert", "Handle": "169", "Layer": "C-ROAD-STAN-MINR", "LyrFrzn": 0, "LyrOn": 1, "Color": 11, "Linetype": "Continuous", "Elevation": 0.0, "LineWt": 25, "RefName": "AeccTickLine", "DocUpdate": 1739339458000, "DocId": 1.1701160655876131e+19, "GlobalWidth": null, "Shape_Length": 0.15005825606263226 }, "geometry": { "type": "LineString", "coordinates": [ [ -74.188248151140783, 4.699311944756687 ], [ -74.188248071610531, 4.699310590117653 ] ] } },
{ "type": "Feature", "id": 202, "properties": { "OBJECTID": 202, "Entity": "Insert", "Handle": "16A", "Layer": "C-ROAD-STAN-MINR", "LyrFrzn": 0, "LyrOn": 1, "Color": 11, "Linetype": "Continuous", "Elevation": 0.0, "LineWt": 25, "RefName": "AeccTickLine", "DocUpdate": 1739339458000, "DocId": 1.1701160655876131e+19, "GlobalWidth": null, "Shape_Length": 0.14985859920812791 }, "geometry": { "type": "LineString", "coordinates": [ [ -74.188293141181632, 4.699309313309174 ], [ -74.188293061651592, 4.699307960478778 ] ] } },
{ "type": "Feature", "id": 203, "properties": { "OBJECTID": 203, "Entity": "Insert", "Handle": "16B", "Layer": "C-ROAD-STAN-MINR", "LyrFrzn": 0, "LyrOn": 1, "Color": 11, "Linetype": "Continuous", "Elevation": 0.0, "LineWt": 25, "RefName": "AeccTickLine", "DocUpdate": 1739339458000, "DocId": 1.1701160655876131e+19, "GlobalWidth": null, "Shape_Length": 0.15005825606263226 }, "geometry": { "type": "LineString", "coordinates": [ [ -74.188338131222395, 4.699306683667388 ], [ -74.188338051691957, 4.699305329028376 ] ] } },
{ "type": "Feature", "id": 204, "properties": { "OBJECTID": 204, "Entity": "Insert", "Handle": "16C", "Layer": "C-ROAD-STAN-MINR", "LyrFrzn": 0, "LyrOn": 1, "Color": 11, "Linetype": "Continuous", "Elevation": 0.0, "LineWt": 25, "RefName": "AeccTickLine", "DocUpdate": 1739339458000, "DocId": 1.1701160655876131e+19, "GlobalWidth": null, "Shape_Length": 0.15005825606263226 }, "geometry": { "type": "LineString", "coordinates": [ [ -74.188383121262433, 4.699304052214086 ], [ -74.188383041731925, 4.699302697575082 ] ] } },
{ "type": "Feature", "id": 205, "properties": { "OBJECTID": 205, "Entity": "Insert", "Handle": "16D", "Layer": "C-ROAD-STAN-MINR", "LyrFrzn": 0, "LyrOn": 1, "Color": 11, "Linetype": "Continuous", "Elevation": 0.0, "LineWt": 25, "RefName": "AeccTickLine", "DocUpdate": 1739339458000, "DocId": 1.1701160655876131e+19, "GlobalWidth": null, "Shape_Length": 0.15004666013750931 }, "geometry": { "type": "LineString", "coordinates": [ [ -74.188428109499725, 4.699301422566792 ], [ -74.188428031771778, 4.699300067927513 ] ] } },
{ "type": "Feature", "id": 206, "properties": { "OBJECTID": 206, "Entity": "Insert", "Handle": "16E", "Layer": "C-ROAD-STAN-MINR", "LyrFrzn": 0, "LyrOn": 1, "Color": 11, "Linetype": "Continuous", "Elevation": 0.0, "LineWt": 25, "RefName": "AeccTickLine", "DocUpdate": 1739339458000, "DocId": 1.1701160655876131e+19, "GlobalWidth": null, "Shape_Length": 0.15004666008413006 }, "geometry": { "type": "LineString", "coordinates": [ [ -74.188473099538953, 4.699298791107706 ], [ -74.188473021810921, 4.699297436468425 ] ] } },
{ "type": "Feature", "id": 207, "properties": { "OBJECTID": 207, "Entity": "Insert", "Handle": "16F", "Layer": "C-ROAD-STAN-MINR", "LyrFrzn": 0, "LyrOn": 1, "Color": 11, "Linetype": "Continuous", "Elevation": 0.0, "LineWt": 25, "RefName": "AeccTickLine", "DocUpdate": 1739339458000, "DocId": 1.1701160655876131e+19, "GlobalWidth": null, "Shape_Length": 0.1498469878325388 }, "geometry": { "type": "LineString", "coordinates": [ [ -74.188518089577798, 4.699296159645711 ], [ -74.188518011849951, 4.699294806815072 ] ] } },
{ "type": "Feature", "id": 208, "properties": { "OBJECTID": 208, "Entity": "Insert", "Handle": "170", "Layer": "C-ROAD-STAN-MINR", "LyrFrzn": 0, "LyrOn": 1, "Color": 11, "Linetype": "Continuous", "Elevation": 0.0, "LineWt": 25, "RefName": "AeccTickLine", "DocUpdate": 1739339458000, "DocId": 1.1701160655876131e+19, "GlobalWidth": null, "Shape_Length": 0.15005825606263226 }, "geometry": { "type": "LineString", "coordinates": [ [ -74.188563079616515, 4.69929352998945 ], [ -74.188563000085665, 4.699292175350477 ] ] } },
{ "type": "Feature", "id": 209, "properties": { "OBJECTID": 209, "Entity": "Insert", "Handle": "171", "Layer": "C-ROAD-STAN-MINR", "LyrFrzn": 0, "LyrOn": 1, "Color": 11, "Linetype": "Continuous", "Elevation": 0.0, "LineWt": 25, "RefName": "AeccTickLine", "DocUpdate": 1739339458000, "DocId": 1.1701160655876131e+19, "GlobalWidth": null, "Shape_Length": 0.15005825606263226 }, "geometry": { "type": "LineString", "coordinates": [ [ -74.188653059692442, 4.699288268859619 ], [ -74.188652980161407, 4.69928691422065 ] ] } },
{ "type": "Feature", "id": 210, "properties": { "OBJECTID": 210, "Entity": "Insert", "Handle": "172", "Layer": "C-ROAD-STAN-MINR", "LyrFrzn": 0, "LyrOn": 1, "Color": 11, "Linetype": "Continuous", "Elevation": 0.0, "LineWt": 25, "RefName": "AeccTickLine", "DocUpdate": 1739339458000, "DocId": 1.1701160655876131e+19, "GlobalWidth": null, "Shape_Length": 0.15005825606263226 }, "geometry": { "type": "LineString", "coordinates": [ [ -74.188698049729652, 4.69928563738604 ], [ -74.188697970198547, 4.699284282747081 ] ] } },
{ "type": "Feature", "id": 211, "properties": { "OBJECTID": 211, "Entity": "Insert", "Handle": "173", "Layer": "C-ROAD-STAN-MINR", "LyrFrzn": 0, "LyrOn": 1, "Color": 11, "Linetype": "Continuous", "Elevation": 0.0, "LineWt": 25, "RefName": "AeccTickLine", "DocUpdate": 1739339458000, "DocId": 1.1701160655876131e+19, "GlobalWidth": null, "Shape_Length": 0.14985859926281705 }, "geometry": { "type": "LineString", "coordinates": [ [ -74.18874303976645, 4.699283005909564 ], [ -74.188742960235544, 4.699281653079242 ] ] } },
{ "type": "Feature", "id": 212, "properties": { "OBJECTID": 212, "Entity": "Insert", "Handle": "174", "Layer": "C-ROAD-STAN-MINR", "LyrFrzn": 0, "LyrOn": 1, "Color": 11, "Linetype": "Continuous", "Elevation": 0.0, "LineWt": 25, "RefName": "AeccTickLine", "DocUpdate": 1739339458000, "DocId": 1.1701160655876131e+19, "GlobalWidth": null, "Shape_Length": 0.15005825606263226 }, "geometry": { "type": "LineString", "coordinates": [ [ -74.188788029803135, 4.699280376238825 ], [ -74.188787950271859, 4.699279021599884 ] ] } },
{ "type": "Feature", "id": 213, "properties": { "OBJECTID": 213, "Entity": "Insert", "Handle": "175", "Layer": "C-ROAD-STAN-MINR", "LyrFrzn": 0, "LyrOn": 1, "Color": 11, "Linetype": "Continuous", "Elevation": 0.0, "LineWt": 25, "RefName": "AeccTickLine", "DocUpdate": 1739339458000, "DocId": 1.1701160655876131e+19, "GlobalWidth": null, "Shape_Length": 0.1498469878325388 }, "geometry": { "type": "LineString", "coordinates": [ [ -74.188833018036505, 4.699277744756852 ], [ -74.18883294030806, 4.699276391926256 ] ] } },
{ "type": "Feature", "id": 214, "properties": { "OBJECTID": 214, "Entity": "Insert", "Handle": "176", "Layer": "C-ROAD-STAN-MINR", "LyrFrzn": 0, "LyrOn": 1, "Color": 11, "Linetype": "Continuous", "Elevation": 0.0, "LineWt": 25, "RefName": "AeccTickLine", "DocUpdate": 1739339458000, "DocId": 1.1701160655876131e+19, "GlobalWidth": null, "Shape_Length": 0.15004666008413006 }, "geometry": { "type": "LineString", "coordinates": [ [ -74.188878008072365, 4.699275115080317 ], [ -74.188877930343551, 4.699273760441095 ] ] } },
{ "type": "Feature", "id": 215, "properties": { "OBJECTID": 215, "Entity": "Insert", "Handle": "177", "Layer": "C-ROAD-STAN-MINR", "LyrFrzn": 0, "LyrOn": 1, "Color": 11, "Linetype": "Continuous", "Elevation": 0.0, "LineWt": 25, "RefName": "AeccTickLine", "DocUpdate": 1739339458000, "DocId": 1.1701160655876131e+19, "GlobalWidth": null, "Shape_Length": 0.1498469878325388 }, "geometry": { "type": "LineString", "coordinates": [ [ -74.188922998107543, 4.699272483592257 ], [ -74.188922920378943, 4.699271130761677 ] ] } },
{ "type": "Feature", "id": 216, "properties": { "OBJECTID": 216, "Entity": "Insert", "Handle": "178", "Layer": "C-ROAD-STAN-MINR", "LyrFrzn": 0, "LyrOn": 1, "Color": 11, "Linetype": "Continuous", "Elevation": 0.0, "LineWt": 25, "RefName": "AeccTickLine", "DocUpdate": 1739339458000, "DocId": 1.1701160655876131e+19, "GlobalWidth": null, "Shape_Length": 0.15005825606263226 }, "geometry": { "type": "LineString", "coordinates": [ [ -74.188967988142622, 4.699269853909937 ], [ -74.188967908610991, 4.699268499271023 ] ] } },
{ "type": "Feature", "id": 217, "properties": { "OBJECTID": 217, "Entity": "Insert", "Handle": "179", "Layer": "C-ROAD-STAN-MINR", "LyrFrzn": 0, "LyrOn": 1, "Color": 11, "Linetype": "Continuous", "Elevation": 0.0, "LineWt": 25, "RefName": "AeccTickLine", "DocUpdate": 1739339458000, "DocId": 1.1701160655876131e+19, "GlobalWidth": null, "Shape_Length": 0.15005825606263226 }, "geometry": { "type": "LineString", "coordinates": [ [ -74.18901297817699, 4.699267222416086 ], [ -74.189012898645274, 4.699265867777184 ] ] } },
{ "type": "Feature", "id": 218, "properties": { "OBJECTID": 218, "Entity": "Insert", "Handle": "17A", "Layer": "C-ROAD-STAN-MINR", "LyrFrzn": 0, "LyrOn": 1, "Color": 11, "Linetype": "Continuous", "Elevation": 0.0, "LineWt": 25, "RefName": "AeccTickLine", "DocUpdate": 1739339458000, "DocId": 1.1701160655876131e+19, "GlobalWidth": null, "Shape_Length": 0.15005825606263226 }, "geometry": { "type": "LineString", "coordinates": [ [ -74.189102958244803, 4.699261961228334 ], [ -74.189102878712916, 4.699260606589438 ] ] } },
{ "type": "Feature", "id": 219, "properties": { "OBJECTID": 219, "Entity": "Insert", "Handle": "17B", "Layer": "C-ROAD-STAN-MINR", "LyrFrzn": 0, "LyrOn": 1, "Color": 11, "Linetype": "Continuous", "Elevation": 0.0, "LineWt": 25, "RefName": "AeccTickLine", "DocUpdate": 1739339458000, "DocId": 1.1701160655876131e+19, "GlobalWidth": null, "Shape_Length": 0.14985859920812791 }, "geometry": { "type": "LineString", "coordinates": [ [ -74.189147948277949, 4.699259329725792 ], [ -74.189147868746261, 4.699257976895535 ] ] } },
{ "type": "Feature", "id": 220, "properties": { "OBJECTID": 220, "Entity": "Insert", "Handle": "17C", "Layer": "C-ROAD-STAN-MINR", "LyrFrzn": 0, "LyrOn": 1, "Color": 11, "Linetype": "Continuous", "Elevation": 0.0, "LineWt": 25, "RefName": "AeccTickLine", "DocUpdate": 1739339458000, "DocId": 1.1701160655876131e+19, "GlobalWidth": null, "Shape_Length": 0.15004666013750931 }, "geometry": { "type": "LineString", "coordinates": [ [ -74.189192936508348, 4.699256700029284 ], [ -74.189192858778924, 4.699255345390115 ] ] } },
{ "type": "Feature", "id": 221, "properties": { "OBJECTID": 221, "Entity": "Insert", "Handle": "17D", "Layer": "C-ROAD-STAN-MINR", "LyrFrzn": 0, "LyrOn": 1, "Color": 11, "Linetype": "Continuous", "Elevation": 0.0, "LineWt": 25, "RefName": "AeccTickLine", "DocUpdate": 1739339458000, "DocId": 1.1701160655876131e+19, "GlobalWidth": null, "Shape_Length": 0.15004666008413006 }, "geometry": { "type": "LineString", "coordinates": [ [ -74.189237926540684, 4.699254068520955 ], [ -74.189237848811175, 4.69925271388179 ] ] } },
{ "type": "Feature", "id": 222, "properties": { "OBJECTID": 222, "Entity": "Insert", "Handle": "17E", "Layer": "C-ROAD-STAN-MINR", "LyrFrzn": 0, "LyrOn": 1, "Color": 11, "Linetype": "Continuous", "Elevation": 0.0, "LineWt": 25, "RefName": "AeccTickLine", "DocUpdate": 1739339458000, "DocId": 1.1701160655876131e+19, "GlobalWidth": null, "Shape_Length": 0.15004665827792613 }, "geometry": { "type": "LineString", "coordinates": [ [ -74.189282916572907, 4.699251438818339 ], [ -74.189282838843326, 4.699250084179205 ] ] } },
{ "type": "Feature", "id": 223, "properties": { "OBJECTID": 223, "Entity": "Insert", "Handle": "17F", "Layer": "C-ROAD-STAN-MINR", "LyrFrzn": 0, "LyrOn": 1, "Color": 11, "Linetype": "Continuous", "Elevation": 0.0, "LineWt": 25, "RefName": "AeccTickLine", "DocUpdate": 1739339458000, "DocId": 1.1701160655876131e+19, "GlobalWidth": null, "Shape_Length": 0.15004666013750931 }, "geometry": { "type": "LineString", "coordinates": [ [ -74.189327906604447, 4.699248807304238 ], [ -74.189327828874767, 4.699247452665092 ] ] } },
{ "type": "Feature", "id": 224, "properties": { "OBJECTID": 224, "Entity": "Insert", "Handle": "180", "Layer": "C-ROAD-STAN-MINR", "LyrFrzn": 0, "LyrOn": 1, "Color": 11, "Linetype": "Continuous", "Elevation": 0.0, "LineWt": 25, "RefName": "AeccTickLine", "DocUpdate": 1739339458000, "DocId": 1.1701160655876131e+19, "GlobalWidth": null, "Shape_Length": 0.15005825420319277 }, "geometry": { "type": "LineString", "coordinates": [ [ -74.189372896635845, 4.699246177595839 ], [ -74.189372817103447, 4.699244822957003 ] ] } },
{ "type": "Feature", "id": 225, "properties": { "OBJECTID": 225, "Entity": "LWPolyline", "Handle": "181", "Layer": "BORDE-V", "LyrFrzn": 0, "LyrOn": 1, "Color": 5, "Linetype": "Continuous", "Elevation": 0.0, "LineWt": 25, "RefName": "", "DocUpdate": 1739339458000, "DocId": 1.1701160655876131e+19, "GlobalWidth": 0.0, "Shape_Length": 0.51907317294896571 }, "geometry": { "type": "LineString", "coordinates": [ [ -74.187789538360875, 4.699417544650475 ], [ -74.187789029281035, 4.699412878507649 ] ] } },
{ "type": "Feature", "id": 226, "properties": { "OBJECTID": 226, "Entity": "LWPolyline", "Handle": "182", "Layer": "BORDE-V", "LyrFrzn": 0, "LyrOn": 1, "Color": 5, "Linetype": "Continuous", "Elevation": 0.0, "LineWt": 25, "RefName": "", "DocUpdate": 1739339458000, "DocId": 1.1701160655876131e+19, "GlobalWidth": 0.0, "Shape_Length": 8.1081039341140713 }, "geometry": { "type": "LineString", "coordinates": [ [ -74.187831206955053, 4.699362820257266 ], [ -74.187823966503643, 4.699363849923818 ], [ -74.187816987109528, 4.699366034507877 ], [ -74.187810451723578, 4.699369316744935 ], [ -74.187804531657861, 4.699373610597707 ], [ -74.187799382095079, 4.699378803511422 ], [ -74.187795138020718, 4.699384759364225 ], [ -74.187791910684723, 4.699391322035336 ], [ -74.187789784685251, 4.699398319497447 ], [ -74.187788815751134, 4.699405568326069 ], [ -74.187789029281035, 4.699412878507649 ] ] } },
{ "type": "Feature", "id": 227, "properties": { "OBJECTID": 227, "Entity": "LWPolyline", "Handle": "183", "Layer": "BORDE-V", "LyrFrzn": 0, "LyrOn": 1, "Color": 5, "Linetype": "Continuous", "Elevation": 0.0, "LineWt": 25, "RefName": "", "DocUpdate": 1739339458000, "DocId": 1.1701160655876131e+19, "GlobalWidth": 0.0, "Shape_Length": 159.09103271387207 }, "geometry": { "type": "LineString", "coordinates": [ [ -74.187831206955053, 4.699362820257266 ], [ -74.189262702497984, 4.699279115656659 ] ] } },
{ "type": "Feature", "id": 228, "properties": { "OBJECTID": 228, "Entity": "LWPolyline", "Handle": "184", "Layer": "DG-BORDE-VIA", "LyrFrzn": 0, "LyrOn": 1, "Color": 3, "Linetype": "Continuous", "Elevation": 0.0, "LineWt": 30, "RefName": "", "DocUpdate": 1739339458000, "DocId": 1.1701160655876131e+19, "GlobalWidth": 0.0, "Shape_Length": 17.026930798494892 }, "geometry": { "type": "LineString", "coordinates": [ [ -74.187828322123863, 4.699313167032841 ], [ -74.187813117297793, 4.699315329630672 ], [ -74.187798460735223, 4.699319917521157 ], [ -74.187784736625261, 4.699326810442979 ], [ -74.187772304714855, 4.699335827713565 ], [ -74.187761490878785, 4.699346732965277 ], [ -74.187752578577673, 4.699359240341264 ], [ -74.187745801427582, 4.699373021988558 ], [ -74.187741337076417, 4.699387716652011 ], [ -74.187739302547186, 4.699402939143796 ], [ -74.187739751170511, 4.699418290440238 ] ] } },
{ "type": "Feature", "id": 229, "properties": { "OBJECTID": 229, "Entity": "LWPolyline", "Handle": "185", "Layer": "DG-BORDE-VIA", "LyrFrzn": 0, "LyrOn": 1, "Color": 3, "Linetype": "Continuous", "Elevation": 0.0, "LineWt": 30, "RefName": "", "DocUpdate": 1739339458000, "DocId": 1.1701160655876131e+19, "GlobalWidth": 0.0, "Shape_Length": 166.19237703119407 }, "geometry": { "type": "LineString", "coordinates": [ [ -74.212884733541998, 4.697990831717721 ], [ -74.212875293695731, 4.697937801426369 ], [ -74.212874014549683, 4.697924103690727 ], [ -74.212875062587244, 4.697910386336986 ], [ -74.212878407816746, 4.697897041914335 ], [ -74.212883954507859, 4.6978844522998 ], [ -74.212891543931036, 4.697872977770083 ], [ -74.212900958899937, 4.697862946691528 ], [ -74.212911929986618, 4.697854646123274 ], [ -74.21292414323176, 4.697848313602485 ], [ -74.212937249129197, 4.697844130346758 ], [ -74.2129508726278, 4.697842216068226 ], [ -74.213995012966222, 4.697786927566159 ], [ -74.214018414408898, 4.697787760975752 ], [ -74.214041322620744, 4.69779261235913 ], [ -74.214063052957087, 4.697801336725767 ], [ -74.214082955975741, 4.697813673335486 ], [ -74.214100436846508, 4.697829253491058 ], [ -74.214114973128588, 4.697847611557247 ], [ -74.214126130384386, 4.697868198876985 ], [ -74.214133575163331, 4.697890400168773 ], [ -74.214137084967589, 4.697913551915248 ], [ -74.214136554901614, 4.69793696219335 ], [ -74.214133641687894, 4.697963997896559 ] ] } },
{ "type": "Feature", "id": 230, "properties": { "OBJECTID": 230, "Entity": "LWPolyline", "Handle": "186", "Layer": "DG-BORDE-VIA", "LyrFrzn": 0, "LyrOn": 1, "Color": 3, "Linetype": "Continuous", "Elevation": 0.0, "LineWt": 30, "RefName": "", "DocUpdate": 1739339458000, "DocId": 1.1701160655876131e+19, "GlobalWidth": 0.0, "Shape_Length": 179.05549137333279 }, "geometry": { "type": "LineString", "coordinates": [ [ -74.211468790637738, 4.698112083270788 ], [ -74.211462818211288, 4.698072871897102 ], [ -74.211461253170398, 4.698050363592532 ], [ -74.211463443920948, 4.698027907552373 ], [ -74.211469329747388, 4.698006126134268 ], [ -74.211478747527067, 4.697985622999056 ], [ -74.211491436251038, 4.697966966380624 ], [ -74.211507044257843, 4.697950673337587 ], [ -74.211525138979539, 4.697937195423284 ], [ -74.211545218930226, 4.697926906171203 ], [ -74.211566727604321, 4.697920090742691 ], [ -74.211589068899983, 4.697916938023859 ], [ -74.212742139766206, 4.697853542322874 ], [ -74.212755197438952, 4.697853893743571 ], [ -74.212768029693791, 4.697856334962453 ], [ -74.212780304261969, 4.697860802768432 ], [ -74.212791703315006, 4.697867181475493 ], [ -74.212801931694401, 4.697875305918185 ], [ -74.21281072455416, 4.697884965728286 ], [ -74.212817854218585, 4.697895910781926 ], [ -74.212823136077503, 4.697907857676103 ], [ -74.212826433366402, 4.697920497066908 ], [ -74.212839890238868, 4.697996087206803 ] ] } },
{ "type": "Feature", "id": 231, "properties": { "OBJECTID": 231, "Entity": "LWPolyline", "Handle": "187", "Layer": "DG-BORDE-VIA", "LyrFrzn": 0, "LyrOn": 1, "Color": 3, "Linetype": "Continuous", "Elevation": 0.0, "LineWt": 30, "RefName": "", "DocUpdate": 1739339458000, "DocId": 1.1701160655876131e+19, "GlobalWidth": 0.0, "Shape_Length": 217.10828545302709 }, "geometry": { "type": "LineString", "coordinates": [ [ -74.21277021984821, 4.697387571472638 ], [ -74.212785758397288, 4.697610977272501 ], [ -74.212786219973111, 4.697648214912648 ], [ -74.212782439631084, 4.697685263042291 ], [ -74.21277834806061, 4.697702477279914 ], [ -74.212771717379468, 4.697718881699848 ], [ -74.212762698023155, 4.697734104122048 ], [ -74.212751494620946, 4.697747799183379 ], [ -74.212738361353288, 4.697759656173156 ], [ -74.212723596185015, 4.697769406082475 ], [ -74.212707534105178, 4.697776827707435 ], [ -74.212654549880327, 4.697793514744347 ], [ -74.212600130061972, 4.697804662329509 ], [ -74.21254485215502, 4.69781015216438 ], [ -74.212345256525353, 4.697819624511647 ], [ -74.211821362078851, 4.69784776092308 ], [ -74.211476524334572, 4.69786843459138 ], [ -74.211461684242153, 4.697870600121005 ], [ -74.211447406764066, 4.697875190489285 ], [ -74.211434085237855, 4.697882079233815 ], [ -74.211422086665095, 4.697891076573043 ], [ -74.211411741600585, 4.697901934634662 ], [ -74.211403335045844, 4.697914354284368 ], [ -74.211397098597317, 4.69792799336687 ], [ -74.211393204066155, 4.697942476132095 ], [ -74.211391758744767, 4.697957403586924 ], [ -74.211392802451059, 4.697972364487257 ], [ -74.211415333048208, 4.698120279318633 ] ] } },
{ "type": "Feature", "id": 232, "properties": { "OBJECTID": 232, "Entity": "LWPolyline", "Handle": "188", "Layer": "DG-BORDE-VIA", "LyrFrzn": 0, "LyrOn": 1, "Color": 3, "Linetype": "Continuous", "Elevation": 0.0, "LineWt": 30, "RefName": "", "DocUpdate": 1739339458000, "DocId": 1.1701160655876131e+19, "GlobalWidth": 0.0, "Shape_Length": 211.44786278571911 }, "geometry": { "type": "LineString", "coordinates": [ [ -74.212815173480763, 4.697384424809391 ], [ -74.212829247832275, 4.697586704493762 ], [ -74.212834335971522, 4.697626722413693 ], [ -74.212843947412409, 4.697665900765887 ], [ -74.212853268097689, 4.69768901869032 ], [ -74.212866425362265, 4.697710189424679 ], [ -74.212883027209756, 4.697728782226085 ], [ -74.212902579018817, 4.697744243156405 ], [ -74.212924498279477, 4.697756111585813 ], [ -74.212948131947883, 4.697764033916399 ], [ -74.213002768420665, 4.69777433963919 ], [ -74.213058134843891, 4.697779429949692 ], [ -74.213113734510429, 4.697779259181349 ], [ -74.214129624038492, 4.697725464461973 ], [ -74.214142104900745, 4.697725909055854 ], [ -74.214154322684323, 4.69772849659348 ], [ -74.214165912239821, 4.697733149741854 ], [ -74.214176527193516, 4.697739729433665 ], [ -74.214185850299344, 4.697748039023552 ], [ -74.214193602920318, 4.697757830165187 ], [ -74.214199553356067, 4.69776881023353 ], [ -74.214203523767623, 4.697780651070426 ], [ -74.214205395492456, 4.697792998792182 ], [ -74.214205112590847, 4.697805484365981 ], [ -74.214187408408549, 4.697969829175636 ] ] } },
{ "type": "Feature", "id": 233, "properties": { "OBJECTID": 233, "Entity": "LWPolyline", "Handle": "189", "Layer": "DG-EJE-VIA", "LyrFrzn": 0, "LyrOn": 1, "Color": 5, "Linetype": "DASHED", "Elevation": 0.0, "LineWt": 30, "RefName": "", "DocUpdate": 1739339458000, "DocId": 1.1701160655876131e+19, "GlobalWidth": 0.25, "Shape_Length": 739.75050923578033 }, "geometry": { "type": "LineString", "coordinates": [ [ -74.214129162029238, 4.697963512257689 ], [ -74.214191888067262, 4.697970314814115 ], [ -74.214218880692343, 4.697719769734629 ], [ -74.214194265855298, 4.697720919411643 ], [ -74.214197292553109, 4.697786043319859 ], [ -74.214133022949042, 4.697785820796406 ], [ -74.214105792743638, 4.69774202516544 ], [ -74.214072020191082, 4.697732375601101 ], [ -74.214035720308459, 4.697731847360433 ], [ -74.213229933982603, 4.697776284918217 ], [ -74.21232896367033, 4.697825972273604 ], [ -74.211463956806028, 4.697889879912337 ], [ -74.211450868875815, 4.697895380607799 ], [ -74.211446552915945, 4.697911988114227 ], [ -74.211450467789334, 4.697956786686673 ], [ -74.211386684134638, 4.697962125299707 ], [ -74.2114108770472, 4.698120962021238 ], [ -74.211473246638633, 4.698111400567824 ], [ -74.211467274211913, 4.698072189194195 ], [ -74.211465761156092, 4.698050431225132 ], [ -74.211467878688154, 4.698028723746844 ], [ -74.21147356812186, 4.698007668369867 ], [ -74.211482671777787, 4.697987848632117 ], [ -74.211494937353223, 4.697969813826466 ], [ -74.211510024914659, 4.697954063777397 ], [ -74.21152751631881, 4.697941034988649 ], [ -74.21154692680129, 4.697931088545768 ], [ -74.211567718411473, 4.697924500108815 ], [ -74.211589314921611, 4.697921452272607 ], [ -74.21274238579521, 4.697858056571002 ], [ -74.212754718319417, 4.697858388464624 ], [ -74.212766837938887, 4.697860694138253 ], [ -74.212778430825352, 4.697864913888238 ], [ -74.212789196789956, 4.697870938447395 ], [ -74.212798857056299, 4.697878611814392 ], [ -74.212807161479191, 4.697887735293285 ], [ -74.212813895022009, 4.697898072638593 ], [ -74.2128188833248, 4.697909356172702 ], [ -74.212821997219322, 4.697921293717162 ], [ -74.212835454091319, 4.697996883857176 ], [ -74.212889169689433, 4.697990035067063 ], [ -74.212879729843223, 4.697937006584381 ], [ -74.212878521829154, 4.697924069743213 ], [ -74.212879511746934, 4.697911114388329 ], [ -74.21288267126755, 4.697898511270188 ], [ -74.212887909973276, 4.697886621059101 ], [ -74.21289507794522, 4.697875784023723 ], [ -74.212903970053588, 4.697866310293411 ], [ -74.212914331828088, 4.697858470983074 ], [ -74.212925866740164, 4.697852490434533 ], [ -74.212938244688942, 4.69784853979641 ], [ -74.212951111447893, 4.697846732126268 ], [ -74.213995251792653, 4.697791441815037 ], [ -74.214017872875488, 4.697792247815175 ], [ -74.214040017120368, 4.697796937745161 ], [ -74.214061022732864, 4.69780537144354 ], [ -74.214080261947274, 4.697817296864024 ], [ -74.214097159787769, 4.697832357608058 ], [ -74.214111211251989, 4.697850103576002 ], [ -74.214121996403208, 4.697870004418642 ], [ -74.214129192920524, 4.697891465387004 ], [ -74.214132585731605, 4.697913845106791 ], [ -74.214132073440155, 4.697936474746252 ], [ -74.214129162029238, 4.697963512257689 ] ] } },
{ "type": "Feature", "id": 555, "properties": { "OBJECTID": 555, "Entity": "LWPolyline", "Handle": "386", "Layer": "DG-BORDE-VIA", "LyrFrzn": 0, "LyrOn": 1, "Color": 3, "Linetype": "Continuous", "Elevation": 0.0, "LineWt": 30, "RefName": "", "DocUpdate": 1739339458000, "DocId": 1.1701160655876131e+19, "GlobalWidth": 0.0, "Shape_Length": 396.50315347280582 }, "geometry": { "type": "LineString", "coordinates": [ [ -74.192782641655327, 4.698652232264584 ], [ -74.192816299281446, 4.698674457102129 ], [ -74.192846303102939, 4.698701411691658 ], [ -74.192871994295416, 4.698732504163888 ], [ -74.192892808731287, 4.698767051789845 ], [ -74.192908289366883, 4.698804295972236 ], [ -74.192914267043761, 4.698826861052456 ], [ -74.192928238032806, 4.698884633086786 ], [ -74.192937089444456, 4.698920082252935 ], [ -74.192958844761193, 4.69901376482543 ], [ -74.192979997869287, 4.699095696935285 ], [ -74.193039363851938, 4.699081388201098 ], [ -74.193035678558189, 4.699066274229589 ], [ -74.193041056801988, 4.699056209619011 ], [ -74.193047991783899, 4.699047147173526 ], [ -74.19305630095775, 4.699039325439549 ], [ -74.193065765605112, 4.699032950304837 ], [ -74.193076136592623, 4.699028189579007 ], [ -74.193087140929748, 4.69902516857637 ], [ -74.193905876388243, 4.698975946580556 ], [ -74.193919843130757, 4.698977099511143 ], [ -74.1939334118685, 4.698980605007036 ], [ -74.193946189287971, 4.698986361455332 ], [ -74.193957805013426, 4.698994201995349 ], [ -74.193967922342807, 4.699003899355379 ], [ -74.193976248007715, 4.69901517244055 ], [ -74.193982540674241, 4.699027694480852 ], [ -74.194093089016476, 4.699001765806091 ], [ -74.194078702572398, 4.698939486802725 ], [ -74.194074114797516, 4.698929116540184 ], [ -74.194067980656683, 4.698919579122308 ], [ -74.19406044730809, 4.698911103351991 ], [ -74.194051695476958, 4.698903892563173 ], [ -74.194041935119941, 4.698898119742862 ], [ -74.194031400388241, 4.698893923381159 ], [ -74.19402034401034, 4.698891404148889 ], [ -74.194009031229029, 4.698890622482495 ], [ -74.193136406342731, 4.698943170534672 ], [ -74.193127347970005, 4.698942689137342 ], [ -74.193090498685052, 4.698931161578052 ], [ -74.193056108629023, 4.698913609413757 ], [ -74.193025154623626, 4.698890531199474 ], [ -74.193004101883872, 4.69886523622871 ], [ -74.192987402731717, 4.698836877954524 ], [ -74.192975494092181, 4.698806198357041 ], [ -74.192965312984597, 4.698763782632581 ], [ -74.192964211348155, 4.698753682985351 ], [ -74.192964829397624, 4.698743542251064 ], [ -74.192967149414798, 4.69873365114408 ], [ -74.192971104889452, 4.698724293222448 ], [ -74.192976582426127, 4.69871573675887 ], [ -74.193004211193141, 4.698689347856865 ], [ -74.193034903265854, 4.698666594404632 ], [ -74.193068183450535, 4.698647828685253 ], [ -74.193103536482681, 4.698633341241252 ], [ -74.193140415004706, 4.698623356376239 ], [ -74.192782641655327, 4.698652232264584 ] ] } },
{ "type": "Feature", "id": 556, "properties": { "OBJECTID": 556, "Entity": "LWPolyline", "Handle": "387", "Layer": "DG-BORDE-VIA", "LyrFrzn": 0, "LyrOn": 1, "Color": 3, "Linetype": "Continuous", "Elevation": 2543.7310570366699, "LineWt": 30, "RefName": "", "DocUpdate": 1739339458000, "DocId": 1.1701160655876131e+19, "GlobalWidth": 0.0, "Shape_Length": 134.262774262731 }, "geometry": { "type": "LineString", "coordinates": [ [ -74.18141427255263, 4.699646608486921 ], [ -74.181427839786409, 4.699660872725707 ], [ -74.181443405060023, 4.699672925136175 ], [ -74.181460611538313, 4.699682489415843 ], [ -74.18147906476139, 4.699689346302829 ], [ -74.1814983416876, 4.699693338602448 ], [ -74.18151800039189, 4.699694374790909 ], [ -74.181733850958864, 4.699680114179914 ], [ -74.181742431472216, 4.699679499776591 ], [ -74.182029840255808, 4.699655241202299 ], [ -74.182039563627882, 4.699654496403737 ], [ -74.182435627573284, 4.699634149668336 ], [ -74.182445688089416, 4.699633737598348 ], [ -74.182461367157913, 4.699635000427825 ], [ -74.182476621473171, 4.699638838890165 ], [ -74.182491030923032, 4.699645147272023 ], [ -74.182504198663395, 4.699653751837125 ], [ -74.18251576204753, 4.699664415611058 ], [ -74.182525402613521, 4.699676844907676 ], [ -74.182532854854927, 4.699690697417378 ], [ -74.182537913532968, 4.699705591634496 ], [ -74.182540439328889, 4.699721117364175 ], [ -74.182542409119208, 4.699741832932187 ] ] } },
{ "type": "Feature", "id": 557, "properties": { "OBJECTID": 557, "Entity": "LWPolyline", "Handle": "388", "Layer": "BORDE-V", "LyrFrzn": 0, "LyrOn": 1, "Color": 5, "Linetype": "Continuous", "Elevation": 0.0, "LineWt": 25, "RefName": "", "DocUpdate": 1739339458000, "DocId": 1.1701160655876131e+19, "GlobalWidth": 0.0, "Shape_Length": 117.75741685986608 }, "geometry": { "type": "LineString", "coordinates": [ [ -74.182490367412697, 4.699746814461392 ], [ -74.182490111031001, 4.699744103387617 ], [ -74.182489253426269, 4.699735102044846 ], [ -74.1824884120673, 4.69972624719737 ], [ -74.182487590963987, 4.69972024272252 ], [ -74.182486220185083, 4.699715120934115 ], [ -74.182484222115804, 4.699710207230772 ], [ -74.182481627413097, 4.699705581186901 ], [ -74.182478477548969, 4.699701316949459 ], [ -74.182474823007041, 4.699697477812294 ], [ -74.182470721481479, 4.699694127068199 ], [ -74.182466234270194, 4.699691317157766 ], [ -74.182461433485045, 4.699689087859602 ], [ -74.182456391237636, 4.699687477143758 ], [ -74.182451190453506, 4.699686510318343 ], [ -74.1824458293314, 4.699686196426685 ], [ -74.182438274483829, 4.699686532157683 ], [ -74.182429299168575, 4.699686994705406 ], [ -74.182420296813603, 4.699687457257097 ], [ -74.18241129626125, 4.699687919808382 ], [ -74.182402293905952, 4.699688380551212 ], [ -74.182393291551207, 4.699688844911155 ], [ -74.182384290998542, 4.699689305653505 ], [ -74.182375290446146, 4.699689768204324 ], [ -74.182366288091075, 4.69969023075532 ], [ -74.182357287538622, 4.69969069330591 ], [ -74.182348285183551, 4.699691155856673 ], [ -74.18233928463107, 4.69969161840703 ], [ -74.182330282275942, 4.699692080957556 ], [ -74.182321281723446, 4.699692543507686 ], [ -74.18231227936829, 4.699693006057985 ], [ -74.182303277013119, 4.699693468608147 ], [ -74.182294276460311, 4.699693929349317 ], [ -74.182285275907759, 4.699694391898991 ], [ -74.182276273552546, 4.699694854448803 ], [ -74.182267272999965, 4.699695316998259 ], [ -74.182258270644724, 4.699695779547858 ], [ -74.182249270092115, 4.699696242097057 ], [ -74.182240267736844, 4.69969670464643 ], [ -74.182231267184207, 4.69969716719539 ], [ -74.182222264828908, 4.699697629744529 ], [ -74.182213264276228, 4.699698092293257 ], [ -74.182204261920901, 4.699698554842167 ], [ -74.182195261367937, 4.699699015582059 ], [ -74.182186259012852, 4.699699479939343 ], [ -74.182177258459859, 4.699699940678995 ], [ -74.182168256104475, 4.699700403227427 ], [ -74.18215925555171, 4.699700865775482 ], [ -74.182150253196298, 4.699701328323671 ], [ -74.182141252643518, 4.699701790871498 ], [ -74.182132250288063, 4.699702253419461 ], [ -74.182123249735255, 4.69970271596705 ], [ -74.182114247379786, 4.699703178514792 ], [ -74.182105246826936, 4.69970364106214 ], [ -74.182096244471438, 4.699704103609649 ], [ -74.182087243918573, 4.699704566156761 ], [ -74.182078241562778, 4.699705026895412 ], [ -74.18206924100987, 4.699705489442306 ], [ -74.182060238654302, 4.699705951989346 ], [ -74.18205123810138, 4.699706414536006 ], [ -74.182042331285331, 4.699706871642646 ], [ -74.182034201437247, 4.699707507685443 ], [ -74.182025240586455, 4.699708265029889 ], [ -74.18201625990649, 4.699709022377196 ], [ -74.182007277423878, 4.699709779724677 ], [ -74.181998296744155, 4.699710538880364 ], [ -74.181989314261486, 4.699711296227602 ], [ -74.18198033358172, 4.699712055383077 ], [ -74.181971352901655, 4.69971281272981 ], [ -74.181962370418944, 4.699713570076693 ], [ -74.181953389739107, 4.699714329231825 ], [ -74.181944407256324, 4.699715086578474 ], [ -74.181935426576459, 4.699715845733362 ], [ -74.181926444093634, 4.699716603079802 ], [ -74.181917463413441, 4.699717360425841 ], [ -74.181908480930858, 4.699718119580653 ], [ -74.181899500250623, 4.699718876926458 ], [ -74.181890517767982, 4.699719636081054 ], [ -74.181881537087705, 4.699720393426634 ], [ -74.181872554605022, 4.699721152580992 ], [ -74.181863573924716, 4.69972190992634 ], [ -74.181854593244367, 4.699722667271571 ], [ -74.181845610761613, 4.699723426425576 ], [ -74.181836630081222, 4.699724183770594 ], [ -74.181827647598439, 4.699724942924358 ], [ -74.181818666918005, 4.699725700269132 ], [ -74.18180968443491, 4.699726457614076 ], [ -74.181800703754703, 4.699727216767231 ], [ -74.181791723074213, 4.699727974111656 ], [ -74.181782740591302, 4.699728733264861 ], [ -74.181773758108108, 4.699729490609331 ], [ -74.181764777427546, 4.699730247953404 ], [ -74.181755794944593, 4.699731007106269 ], [ -74.181746769198313, 4.699731768074081 ], [ -74.181737305396425, 4.699732447719677 ], [ -74.181728292244202, 4.699733044101489 ], [ -74.181719298920825, 4.699733638671602 ], [ -74.181710303794773, 4.699734233241881 ], [ -74.181701310471084, 4.699734826003171 ], [ -74.18169231714765, 4.699735420572953 ], [ -74.181683323824188, 4.699736015142616 ], [ -74.181674328698051, 4.699736609712418 ], [ -74.181665335374561, 4.699737204281853 ], [ -74.181656342050786, 4.699737797042561 ], [ -74.181647348727267, 4.699738391611765 ], [ -74.181638353601073, 4.699738986181119 ], [ -74.181629360277498, 4.69973958075007 ], [ -74.181620366953922, 4.699740175318932 ], [ -74.181611373630332, 4.699740769887669 ], [ -74.181602378503797, 4.699741362647954 ], [ -74.181593385180165, 4.699741957216469 ], [ -74.181584391856504, 4.699742551784841 ], [ -74.181575398532843, 4.699743146353118 ], [ -74.181566403406237, 4.699743739112936 ], [ -74.181557410082533, 4.699744333680981 ], [ -74.181548416758815, 4.699744928248892 ], [ -74.181539423435069, 4.69974552281671 ], [ -74.181530428308662, 4.699746117384675 ], [ -74.181521434984617, 4.699746710143648 ], [ -74.181512441660814, 4.699747304711109 ], [ -74.181503448337011, 4.699747899278448 ], [ -74.181494453210519, 4.699748493845948 ], [ -74.181485420228697, 4.699749090227596 ], [ -74.181475709441997, 4.699749625217356 ], [ -74.181471505682254, 4.699749732552651 ] ] } },
{ "type": "Feature", "id": 558, "properties": { "OBJECTID": 558, "Entity": "LWPolyline", "Handle": "389", "Layer": "DG-BORDE-VIA", "LyrFrzn": 0, "LyrOn": 1, "Color": 3, "Linetype": "Continuous", "Elevation": 0.0, "LineWt": 30, "RefName": "", "DocUpdate": 1739339458000, "DocId": 1.1701160655876131e+19, "GlobalWidth": 0.0, "Shape_Length": 118.970004986085 }, "geometry": { "type": "LineString", "coordinates": [ [ -74.18147122880589, 4.699742503563518 ], [ -74.18147542174971, 4.699742396229846 ], [ -74.181484986522861, 4.699741868496326 ], [ -74.181493979846877, 4.699741275737833 ], [ -74.181502973170623, 4.699740681170602 ], [ -74.181511968297002, 4.699740086603005 ], [ -74.181520961620691, 4.699739492035546 ], [ -74.181529954944367, 4.699738897467975 ], [ -74.181538948268312, 4.699738304708895 ], [ -74.181547943394619, 4.699737710140838 ], [ -74.181556936718252, 4.699737115572917 ], [ -74.18156593004187, 4.699736521004877 ], [ -74.18157492336546, 4.699735926436722 ], [ -74.181583918491683, 4.69973533186818 ], [ -74.181592911815514, 4.699734739108425 ], [ -74.181601905139061, 4.699734144539923 ], [ -74.181610898462566, 4.699733549971313 ], [ -74.181619891786085, 4.699732955402583 ], [ -74.181628886912478, 4.699732362642072 ], [ -74.181637880235968, 4.699731768073126 ], [ -74.181646873559416, 4.69973117350405 ], [ -74.181655866882849, 4.69973057893485 ], [ -74.181664862008915, 4.699729984365274 ], [ -74.181673855332591, 4.699729391604461 ], [ -74.181682848655967, 4.699728797034935 ], [ -74.18169184197933, 4.699728202465277 ], [ -74.181700837105325, 4.699727607895231 ], [ -74.181709830428659, 4.699727013325342 ], [ -74.181718823751964, 4.699726418755338 ], [ -74.181727817075526, 4.699725825993847 ], [ -74.18173681220145, 4.699725231423339 ], [ -74.181746209305786, 4.699724555404973 ], [ -74.181755191788952, 4.699723798060864 ], [ -74.181764172469457, 4.699723040716887 ], [ -74.181773154952296, 4.699722281563943 ], [ -74.181782135632744, 4.699721524219753 ], [ -74.181791118115555, 4.69972076506656 ], [ -74.181800098795961, 4.699720007722138 ], [ -74.181809081278999, 4.699719250377335 ], [ -74.181818061959092, 4.699718491224064 ], [ -74.181827044442088, 4.69971773387903 ], [ -74.181836025122124, 4.699716974725543 ], [ -74.18184500580243, 4.699716217380536 ], [ -74.181853988285084, 4.699715458226541 ], [ -74.181862968965333, 4.699714700881325 ], [ -74.181871951447945, 4.699713941727087 ], [ -74.181880932128152, 4.699713184381633 ], [ -74.181889914610977, 4.699712427035792 ], [ -74.181898895290871, 4.699711667881481 ], [ -74.181907877773682, 4.699710910535409 ], [ -74.181916858453519, 4.69971015138089 ], [ -74.181925840936273, 4.699709394034582 ], [ -74.181934821616352, 4.699708636688423 ], [ -74.181943804098793, 4.69970787753328 ], [ -74.181952784778815, 4.699707120186902 ], [ -74.181961765458553, 4.699706361031787 ], [ -74.181970747941193, 4.699705603684903 ], [ -74.181979728621158, 4.699704846338182 ], [ -74.181988711103486, 4.699704087182449 ], [ -74.181997691783408, 4.699703329835491 ], [ -74.182006674265963, 4.699702572488148 ], [ -74.182015654945573, 4.69970181333234 ], [ -74.182024637428086, 4.699701055984773 ], [ -74.182033618107639, 4.699700296828751 ], [ -74.182041866929083, 4.699699651725049 ], [ -74.182050869284566, 4.699699189178232 ], [ -74.182059869837673, 4.699698728440206 ], [ -74.182068872193142, 4.699698265893165 ], [ -74.18207787274595, 4.699697803346293 ], [ -74.18208687510139, 4.699697340799017 ], [ -74.182095875654156, 4.699696878251912 ], [ -74.182104878009582, 4.699696415704406 ], [ -74.182113878562333, 4.699695953157073 ], [ -74.182122880917703, 4.699695490609334 ], [ -74.182131881470426, 4.699695028061763 ], [ -74.182140883825781, 4.699694565513798 ], [ -74.182149884378461, 4.699694102965995 ], [ -74.182158886734058, 4.699693642226407 ], [ -74.182167887286454, 4.699693177869769 ], [ -74.182176889642008, 4.699692717129937 ], [ -74.182185890194646, 4.699692254581671 ], [ -74.182194892549916, 4.699691792033008 ], [ -74.182203893102525, 4.699691329484514 ], [ -74.182212895457766, 4.699690866935605 ], [ -74.182221896010333, 4.699690404386886 ], [ -74.182230898365532, 4.699689941837754 ], [ -74.182239898918098, 4.699689479288793 ], [ -74.182248901273269, 4.699689016739434 ], [ -74.182257901825793, 4.69968855419024 ], [ -74.182266904181205, 4.699688093449259 ], [ -74.18227590473343, 4.699687629091224 ], [ -74.182284907088814, 4.699687168350008 ], [ -74.182293907641281, 4.699686705800353 ], [ -74.182302909996366, 4.699686243250295 ], [ -74.182311910548805, 4.699685780700403 ], [ -74.182320912903862, 4.699685318150117 ], [ -74.182329913456272, 4.699684855599997 ], [ -74.1823389158113, 4.699684393049473 ], [ -74.182347916363682, 4.699683930499122 ], [ -74.182356918718682, 4.699683467948371 ], [ -74.182365919271021, 4.699683005397791 ], [ -74.182374921625993, 4.699682542846802 ], [ -74.182383922178587, 4.699682082104601 ], [ -74.182392924533261, 4.699681617744767 ], [ -74.182401925085827, 4.69968115700233 ], [ -74.182410927440742, 4.699680694450879 ], [ -74.182419927992996, 4.699680231899609 ], [ -74.182428930347896, 4.69967976934792 ], [ -74.182437930900122, 4.699679306796406 ], [ -74.182445878722163, 4.6996789529201 ], [ -74.182452060056349, 4.699679315520847 ], [ -74.182458149570465, 4.699680446796311 ], [ -74.182464049919375, 4.699682332292257 ], [ -74.182469670966114, 4.69968494127583 ], [ -74.182474924374731, 4.699688232162192 ], [ -74.182479725413202, 4.699692154322928 ], [ -74.182484003769034, 4.699696646275775 ], [ -74.182487689128692, 4.699701639303999 ], [ -74.182490727400818, 4.699707053836726 ], [ -74.182493066296175, 4.699712806685602 ], [ -74.182494673353546, 4.699718807424825 ], [ -74.182495575665925, 4.69972541234729 ], [ -74.182496431468095, 4.699734413690305 ], [ -74.182497289073197, 4.699743416841674 ], [ -74.182497545454666, 4.699746126106854 ] ] } }
]
}
