{"type":"FeatureCollection","features":[{"type":"Feature","id":1,"geometry":{"type":"Polygon","coordinates":[[[-74.347738994347381,4.7924604639136819],[-74.340570984093873,4.799572969383969],[-74.340744781093207,4.7997707208451077],[-74.340774762792577,4.7998026182856375],[-74.340868175165014,4.7998990815295803],[-74.341083521696703,4.8001012569554389],[-74.341251415039665,4.8002393703946131],[-74.341304803729244,4.8004730669665063],[-74.341315263426864,4.8005135084826485],[-74.341324867044577,4.8005500202574423],[-74.341410593463152,4.8008331241098956],[-74.341411622277818,4.800836154913406],[-74.34146591841079,4.8009960406364902],[-74.341497527094106,4.8010859968519135],[-74.341501178214514,4.8010960457889142],[-74.3415323985611,4.8011794297264876],[-74.341585362756618,4.8013167682262923],[-74.341625506833566,4.8014172706508074],[-74.341669540694099,4.8015201733771455],[-74.34168022493094,4.8015443121436165],[-74.341758020912749,4.801710866058686],[-74.341774122433307,4.801743260758939],[-74.341841389624364,4.8018772496039057],[-74.341872043931204,4.8019371925708407],[-74.341875787711189,4.801944380275688],[-74.341968168200154,4.8021129288116073],[-74.342018761665472,4.8021985677581487],[-74.342032681682142,4.8022215477636125],[-74.342137935597691,4.8023871089102839],[-74.342153416967321,4.8024101787367117],[-74.342331024584126,4.8026730882042195],[-74.342374065907492,4.8027356632618785],[-74.342379273747966,4.8027430999805665],[-74.342423019549884,4.8028044720469953],[-74.34244399482759,4.8028333869112858],[-74.342475221089785,4.8028801920066311],[-74.342504663042149,4.8029237694559646],[-74.342508214956339,4.8029289605449579],[-74.342538457429882,4.8029726136424165],[-74.342581803179442,4.8030344054455325],[-74.342620451267791,4.8030886463893117],[-74.342656773858238,4.8031388351788937],[-74.342681921386941,4.8031732411077135],[-74.342709388532029,4.8032104512603597],[-74.342730623304192,4.8032389825916608],[-74.34277567756115,4.8032990211897806],[-74.342793587727783,4.8033227284872826],[-74.342856070169432,4.8034048631077422],[-74.342860015117097,4.8034100431901168],[-74.343014481273173,4.8036124893532337],[-74.34304881331029,4.8036574828072354],[-74.343172300817088,4.8038193272395695],[-74.343464739470178,4.8042026022619817],[-74.343546386597822,4.804316412252077],[-74.343616633512866,4.8044196880126231],[-74.343658006299734,4.8044794747755475],[-74.343663039174643,4.8044866239847046],[-74.343705549436535,4.8045459834724555],[-74.343849707138574,4.8047438920611336],[-74.343931938714249,4.804858155724518],[-74.344040928009477,4.8050161876973911],[-74.344102365113329,4.8051030629113267],[-74.344109872830344,4.8051134195912306],[-74.344173582970186,4.8051991472613738],[-74.344257846922929,4.8053097802387983],[-74.344324676372466,4.8054054087132441],[-74.344400531345244,4.8055107023796513],[-74.34440969851984,4.8055230496658119],[-74.344449754535844,4.8055761794595995],[-74.344504395406759,4.8056461234444594],[-74.344658482195925,4.8058394178406081],[-74.344791043297064,4.8059981168467543],[-74.344844789855486,4.8060584502928645],[-74.3448679401276,4.806083976723122],[-74.345015902338844,4.8062395136456386],[-74.345231253915784,4.806441689354215],[-74.345279988604489,4.8064839171081974],[-74.34530618278805,4.806506286333037],[-74.345402373938754,4.8065861557387457],[-74.345408069322346,4.806590754557873],[-74.345412959139793,4.8065962091575134],[-74.34557868073199,4.8067714435693718],[-74.345663411971799,4.8068541750158698],[-74.345691596527331,4.8068809835338735],[-74.345822217205452,4.8070004257817214],[-74.34593229269386,4.8070941036616732],[-74.346307083740896,4.8074028489348306],[-74.34635379453556,4.8074421149285227],[-74.3463944327722,4.8074758707273721],[-74.346649675640819,4.8076853766943506],[-74.346846166725626,4.8078478878256421],[-74.346846208206102,4.8078479221724777],[-74.346881006705047,4.8078767011948518],[-74.346895416637508,4.8078885689018733],[-74.34718368533261,4.8081249788589302],[-74.347385237175516,4.8082913853301719],[-74.347418549648694,4.8083189712404186],[-74.347471916793864,4.8083624828938394],[-74.347497446908051,4.8083829749704785],[-74.347522512095722,4.8084040351279809],[-74.347534254739088,4.8084138674031465],[-74.348382796351828,4.8091219141968544],[-74.348421142444224,4.8091535547216377],[-74.348629563631192,4.8093236041740344],[-74.348790130413462,4.809457972833866],[-74.348849581099671,4.8095068661212128],[-74.348982127063508,4.8096139922315579],[-74.348982911605745,4.8096146828006967],[-74.349056437966794,4.8096779270547829],[-74.349214471274493,4.809810931127525],[-74.349226435804809,4.809820965844068],[-74.349419998062217,4.8099827303745624],[-74.349433306185873,4.8099938081077775],[-74.349769707999613,4.8102727610190312],[-74.35007130127201,4.8105248773369427],[-74.350092743259154,4.8105426888018341],[-74.350283295072032,4.8106999906631618],[-74.350460751902617,4.8108470773672138],[-74.350684760044089,4.8110344660714963],[-74.350935558886221,4.811246907388143],[-74.351249468925303,4.8115174820850362],[-74.35124975004949,4.8115171528085154],[-74.351291052593439,4.8115517960350402],[-74.351584075876673,4.8118038897355948],[-74.351585702672779,4.8118052907385085],[-74.358327936068846,4.8047241625223007],[-74.358268565736083,4.8046606258837121],[-74.358221763311647,4.8046143922718265],[-74.358191507579861,4.8045849373694391],[-74.358022957226567,4.8044290013677307],[-74.357929867922664,4.8043493893482827],[-74.357893698437692,4.8043192966219328],[-74.357893638921254,4.8043192460058828],[-74.35787476333924,4.8043035425445408],[-74.357587981201448,4.8040649481961557],[-74.357429719452199,4.8038716586095269],[-74.357255044327786,4.803683123261524],[-74.357226797375233,4.8036543221964578],[-74.357199762573401,4.8036269928254152],[-74.35698653319163,4.8034266902431426],[-74.356867414435797,4.8033218498491772],[-74.356844204611306,4.8033014114331145],[-74.356841239583915,4.8032988028516135],[-74.356739748026428,4.8032122165497331],[-74.356727042325417,4.8032016957554156],[-74.356619711392355,4.8031155621630166],[-74.356256528995061,4.8028331057683733],[-74.356237278819208,4.8028182180838153],[-74.355997463204929,4.8026459736394242],[-74.355970643286781,4.8026281518859495],[-74.355935370985591,4.8026048933410612],[-74.355711658317787,4.802466574988995],[-74.355451483531127,4.8023272043452385],[-74.355333455899753,4.8022712548394653],[-74.35532899584382,4.8022675653223859],[-74.35525621903389,4.8022069312099083],[-74.355140778030346,4.8021139207856169],[-74.355126743472525,4.8021029881406543],[-74.355104833232303,4.8020860306674091],[-74.355022899287619,4.802024740117627],[-74.354710049328688,4.801764124590024],[-74.354469774148413,4.8015636639227983],[-74.354227027944049,4.8013602308405909],[-74.354216838160696,4.8013517165102391],[-74.353765355721038,4.8009756076481764],[-74.35373892012106,4.8009537542943796],[-74.353700852092956,4.8009225299123743],[-74.353079482791713,4.8003959367500846],[-74.352677744221538,4.8000174992388533],[-74.352562845577452,4.7999129366413431],[-74.35252124203285,4.7998768141376074],[-74.352504123118052,4.799862133466327],[-74.352358320478629,4.7997422916424819],[-74.352155454889626,4.7995825426698628],[-74.352148751116616,4.7995764612663558],[-74.35214832725174,4.799575996628958],[-74.352076683239162,4.7994883539920981],[-74.352005042730511,4.7993913862487778],[-74.351972263122221,4.7993475790724291],[-74.351968341572828,4.7993424026524627],[-74.351954769514876,4.799324582633921],[-74.351779749473053,4.7991099243612947],[-74.351760415413835,4.7990876412413064],[-74.351748231319505,4.7990736584910358],[-74.351594170810884,4.7989062719361044],[-74.351542462504725,4.7988528578632481],[-74.351482325133773,4.7987527981725737],[-74.351422661795709,4.7986568980452198],[-74.351345620012822,4.7985372978662584],[-74.351311808575403,4.798487305683782],[-74.351298053572449,4.7984672575386309],[-74.351179276739686,4.7983022205529755],[-74.35111719041312,4.7982199219715271],[-74.351097884004304,4.7981945171896987],[-74.351013256548015,4.7980904160161444],[-74.351012322061422,4.7980889297283005],[-74.351012864555855,4.7980884918318818],[-74.351009094653563,4.7980837928127844],[-74.350979898256227,4.7980373363668551],[-74.350913731338011,4.7979351286145198],[-74.350891017780398,4.797901387583317],[-74.350880058836182,4.7978852647606738],[-74.350835749102117,4.7978212674031511],[-74.350797805811325,4.7977674607158631],[-74.350786987608075,4.797719882812066],[-74.350773576576842,4.7976625305085259],[-74.350753020834844,4.7975782728391199],[-74.350748251956219,4.7975595106104985],[-74.350733895334571,4.7975044646380622],[-74.350732618802098,4.7974997031273752],[-74.350719788520792,4.7974519524018744],[-74.350707080823881,4.7974041672636689],[-74.35070532580356,4.7973975846926562],[-74.350693109701794,4.7973528395996947],[-74.350680115801865,4.7973061903706053],[-74.35066523026272,4.7972539587756931],[-74.35065182015525,4.7972079499535818],[-74.350640620966786,4.797167941153563],[-74.350606287391074,4.7970513387097533],[-74.350601375429235,4.7970354431541802],[-74.350563777051235,4.7969193556524585],[-74.350558194230118,4.7969029847050573],[-74.350543034260838,4.7968587942136356],[-74.350528314979329,4.796816573101764],[-74.350526526316941,4.7968115242290983],[-74.350520555724955,4.7967947682062171],[-74.350506811548769,4.7967564387929498],[-74.350498884174542,4.7967334927429768],[-74.350474283729326,4.7966605747366131],[-74.350472381255685,4.7966549453513112],[-74.350406686228965,4.7964738230679584],[-74.350398153447586,4.7964517688937711],[-74.350359843863757,4.7963560192719532],[-74.350325102335702,4.796274255869716],[-74.350287849787932,4.7961889196906888],[-74.350268361208919,4.7961449117780566],[-74.350265719457681,4.7961390312928867],[-74.350252137292884,4.7961090918641709],[-74.350214222316353,4.7960263078670069],[-74.350160202557987,4.7959125635884696],[-74.350154713786438,4.7959014465575551],[-74.350146247894344,4.7958843587450266],[-74.350067665230469,4.7957330001268064],[-74.350049872244782,4.7957002518212306],[-74.350046007483826,4.7956927043012954],[-74.35001270172954,4.795626118006397],[-74.34998674886323,4.7955750410679387],[-74.349964944320106,4.795532793827225],[-74.349943672239036,4.7954920854848062],[-74.349941146315473,4.795487310001314],[-74.349916681197271,4.7954416962217525],[-74.349893203223075,4.7953985200291758],[-74.3498595013303,4.7953376580753861],[-74.349839044113168,4.7953013750279849],[-74.349838041007715,4.7952995957735522],[-74.349834517513514,4.7952933557278596],[-74.349814857886315,4.7952588773361979],[-74.349782268644972,4.7952032272956053],[-74.349775887616971,4.7951925048893056],[-74.349721804062213,4.7951039633173655],[-74.349697384874105,4.7950649978929496],[-74.349628207548719,4.7949579929853678],[-74.349586244530499,4.7948961576652183],[-74.349564996261719,4.7948654001705862],[-74.349544236443037,4.7948343096997581],[-74.349497080032577,4.794765084725868],[-74.349488872267244,4.7947532724625361],[-74.349419210196416,4.7946557990011991],[-74.34939162575516,4.7946182636105652],[-74.349352419444827,4.79456571610402],[-74.349347697048799,4.7945594837665624],[-74.349333726512782,4.7945411357339456],[-74.349301754205854,4.7944998673422763],[-74.349272624862337,4.7944627123647283],[-74.349238804084877,4.794420104538152],[-74.349234705934236,4.794415005938653],[-74.349209444338044,4.7943838557536171],[-74.34915160537679,4.7943131790820974],[-74.349097951604094,4.7942488416648432],[-74.349046089404112,4.7941878132540232],[-74.349003599596017,4.7941385351542118],[-74.348986785642381,4.7941194268256924],[-74.348970709437793,4.7941012604800566],[-74.348933479875654,4.7940597083990353],[-74.348928967116635,4.7940547329463223],[-74.348890924516269,4.7940133168299246],[-74.348859348176475,4.7939793694370811],[-74.348778156382224,4.7938943273120218],[-74.348768278057378,4.7938842465240734],[-74.348739849795763,4.7938554939601579],[-74.348723691480458,4.7938393785837725],[-74.348694311146247,4.7938102248881123],[-74.348665249797904,4.7937807527522924],[-74.34864680626616,4.7937621587008579],[-74.348609758938707,4.7937254499367663],[-74.348588702243987,4.7937048258712842],[-74.348575822428643,4.7936909084384292],[-74.348499457154531,4.79361083618089],[-74.348379763257228,4.7933380882626038],[-74.348201690991445,4.793047964781298],[-74.348029798835697,4.7928075298663275],[-74.347970712445587,4.7927320173955428],[-74.347944235064986,4.7926989107397935],[-74.347738994347381,4.7924604639136819]]]},"properties":{"OBJECTID":1,"Shape_Length":5883.7478135449028,"Shape_Area":1995040.7097448243,"Tramo":18,"Tramo_1":18,"PKini":37.799999999999997,"PKfinal":39.659999999999997,"Cant_km":1.8999999999999999,"Municipio":"FACATATIVA","Estacion":"FACATATIVA","PUENTE":" "}},{"type":"Feature","id":2,"geometry":{"type":"Polygon","coordinates":[[[-74.214509497636442,4.702522863137423],[-74.214639873803947,4.7025375993720022],[-74.21472809382513,4.7025466883588871],[-74.214738235736903,4.7025476322648716],[-74.214791407702975,4.7025522626852139],[-74.214801270175315,4.7025530619563964],[-74.214810974239782,4.7025550133443303],[-74.214818277074301,4.7025564750716766],[-74.214970905943588,4.7025841746029773],[-74.215002750836447,4.702589387971237],[-74.215015998919256,4.7025913440825633],[-74.215034271540915,4.7025960736119758],[-74.215141924447337,4.7026340946875855],[-74.21555297871285,4.7027928872194966],[-74.215699407209812,4.7028972096495778],[-74.215940955475205,4.7030880968120972],[-74.215977032164275,4.7031163094075552],[-74.216406883370993,4.7034489685544925],[-74.2204150955736,4.706344753307933],[-74.225119412437806,4.7033958154849023],[-74.226182488496946,4.7027294101720321],[-74.227431892421251,4.7018976390077398],[-74.228411094661666,4.701469324015898],[-74.228820643773659,4.7014307759904765],[-74.229359552005022,4.7015012515309973],[-74.228798380489067,4.701060440657904],[-74.228674919528203,4.7008876601258356],[-74.228487784300967,4.7006589819754421],[-74.228286142437483,4.700443072083039],[-74.228070859408604,4.7002408580665298],[-74.227890369620454,4.7000902741193435],[-74.22781810191816,4.7000331104780049],[-74.227285007153441,4.6996102671231315],[-74.227269128579707,4.6995977024979192],[-74.227024320791685,4.6994048829779063],[-74.227020662612887,4.6994020026453729],[-74.225942716665742,4.6985547703471715],[-74.225906254035777,4.6985264136623162],[-74.225787567460614,4.6984381425231696],[-74.225768663891557,4.6984245584483935],[-74.225728240935041,4.6983965028253127],[-74.225152723681518,4.6979487856940629],[-74.224340011501909,4.6973165420327412],[-74.223471028925943,4.6966288263754548],[-74.222627591016732,4.6959567632131929],[-74.222606864524622,4.6959403471414598],[-74.221833444728205,4.6953314540418729],[-74.221794159047491,4.695300874929452],[-74.221785005631176,4.6952938503665882],[-74.221779164178244,4.6952893788782353],[-74.221730251135043,4.6952524607607424],[-74.221451232947885,4.6950448337076356],[-74.221448615090537,4.6950427181721617],[-74.221363562114803,4.694975621755078],[-74.221212606671727,4.6948643780339721],[-74.221058160048258,4.6947554427851337],[-74.220989754892855,4.6947081345317496],[-74.220981528340843,4.6947025566564697],[-74.2209611431675,4.6946888153993971],[-74.220903407894241,4.6946507668435977],[-74.220747318950117,4.6945496088901359],[-74.220706590366859,4.6945235207920524],[-74.220701684771882,4.6945204164125283],[-74.220660642619507,4.694494747973895],[-74.220506337727684,4.694399389815703],[-74.220465492223781,4.6943744465780526],[-74.220460563223156,4.6943714724216026],[-74.22041925991914,4.6943468493992082],[-74.220185437822664,4.6942091443358454],[-74.220156631962212,4.6941923229014586],[-74.220097212173641,4.6941585194319666],[-74.220093482106407,4.6941564348648113],[-74.220087662547002,4.6941531552321951],[-74.22007552017746,4.6941450352377068],[-74.219828844025471,4.6939913771028232],[-74.219765465244507,4.6939553642877101],[-74.219726994563487,4.6939339129501976],[-74.219530263381159,4.6938305022292051],[-74.219398802965941,4.6937681155852555],[-74.219215116106696,4.69368455706066],[-74.219077936547777,4.6936248862420085],[-74.219049366100123,4.6936131342513878],[-74.219032293793532,4.6936061799838686],[-74.218887819767517,4.6935502146430856],[-74.218743036260108,4.6934969785296206],[-74.218728441097269,4.6934916406521721],[-74.218630985618589,4.6934561880602272],[-74.218578244109494,4.6934373728816769],[-74.21788933189552,4.6931964328608204],[-74.217853693267045,4.6931841360408031],[-74.217701541649305,4.6931353503731472],[-74.217678868624233,4.6931285219908441],[-74.217548797965719,4.6930914751720083],[-74.217439677499229,4.6930636245379329],[-74.217433820476543,4.6930622077603354],[-74.217385257180695,4.6930507436597919],[-74.217028237466721,4.692968554015712],[-74.21691906879947,4.6929428844947436],[-74.216781724193453,4.6929128491637515],[-74.216765206047597,4.6929095065271742],[-74.216752565514724,4.6929069679490398],[-74.216627231395535,4.6928838228117407],[-74.216267183965172,4.6928226042337924],[-74.216101544548351,4.6927976095677639],[-74.216076923627199,4.6927944312986272],[-74.216054020667073,4.6927915384483372],[-74.215785155421045,4.6927657738246253],[-74.215772607168773,4.6927649678607208],[-74.215749672049341,4.6927635291309127],[-74.215726819659835,4.692761119159254],[-74.215714943703233,4.6927598826114805],[-74.21567614856157,4.692755895067612],[-74.21565342053745,4.6927534018727499],[-74.215615476091756,4.6927486762433634],[-74.215354230769037,4.692723866700816],[-74.21531599476792,4.6927215230548773],[-74.215302098153899,4.6927207318175697],[-74.215186128689069,4.6927156236684215],[-74.214255884100581,4.692686686065354],[-74.214115343593463,4.6926845143116473],[-74.213921671867311,4.6926887282733647],[-74.213881630429341,4.6926904651308528],[-74.213780559952383,4.6926959884771113],[-74.213487085117791,4.6927250468084187],[-74.213407881943155,4.6927379793426445],[-74.213396074853506,4.6927386236987045],[-74.213388341661641,4.6927390520366608],[-74.212337294605305,4.6927982202315199],[-74.212303821984847,4.6928002306389791],[-74.211800730757545,4.6928323201582041],[-74.211791054367737,4.6928329477997446],[-74.211727305301181,4.692837608195056],[-74.211690701687829,4.6928405469934589],[-74.211655238896228,4.6928422195419683],[-74.211580991215769,4.6928463393578523],[-74.20946181034472,4.6929815300528919],[-74.207323820261564,4.6931092301778623],[-74.207296042062922,4.6931109752293549],[-74.207285558099883,4.6931116807291673],[-74.206294061157109,4.6931793961769621],[-74.206250528231692,4.6931825819410768],[-74.206229522487334,4.6931842226100668],[-74.206227883920107,4.6931843495151613],[-74.20619297829812,4.6931870869571677],[-74.206157265109596,4.6931898896563604],[-74.206079625121347,4.69319579461507],[-74.206051762218038,4.6931976861304481],[-74.206007100769313,4.6932004651493955],[-74.205966113033057,4.6932029884749262],[-74.205884712553114,4.6932077872330895],[-74.205881799534723,4.6932079595871032],[-74.205790764111129,4.6932133858864891],[-74.205783461738221,4.6932138285301717],[-74.205737962065371,4.6932166149204493],[-74.205716958065238,4.6932179499181865],[-74.205684399377191,4.693220216664387],[-74.205678061415043,4.6932206808332042],[-74.20561859532269,4.6932254321253426],[-74.205604340350448,4.6932266682157584],[-74.205566036776943,4.693229467743012],[-74.205549333789918,4.6932304673531613],[-74.205519781767279,4.6932320752050343],[-74.205446159382589,4.6932355268775652],[-74.205364789494283,4.6932400832155468],[-74.205355037381494,4.6932407180164937],[-74.205351237482674,4.6932409664925103],[-74.205195153723494,4.693253995374798],[-74.205185688286974,4.6932549520540476],[-74.205181787467652,4.6932553488538646],[-74.205154065333616,4.6932581753606462],[-74.205112974830129,4.6932606462052888],[-74.205087042490717,4.6932622805062802],[-74.205085791480272,4.6932623621225344],[-74.205001146396967,4.6932679680124263],[-74.204916124526932,4.6932733786306722],[-74.204905837037899,4.6932740460781357],[-74.204876422088802,4.6932760825191],[-74.204796579241787,4.6932818737949935],[-74.20472550060461,4.6932866904305888],[-74.204647663943888,4.6932917180891849],[-74.204628514820726,4.6932929188789894],[-74.204608101899012,4.6932932644245335],[-74.204590504683566,4.693293598605095],[-74.2045697024097,4.6932940328424433],[-74.204396393394575,4.6933010094463441],[-74.204306419679966,4.6933063720582568],[-74.204278104284526,4.6933081478340606],[-74.204063165747115,4.693327517297293],[-74.204033004758173,4.693330968173461],[-74.203954467700527,4.6933406530604049],[-74.203915292288556,4.693347064455482],[-74.20320164062808,4.6933912855235569],[-74.201854459313751,4.6934689716619289],[-74.20147855237407,4.6972788394189653],[-74.201471869699674,4.6974507528846319],[-74.20136722380316,4.7001426222658909],[-74.20162919671381,4.7018001918493528],[-74.201654901503701,4.7019878416884371],[-74.201737444404969,4.702142366597716],[-74.20182384750909,4.7022244920416023],[-74.202218246393429,4.7025993650321087],[-74.202997255645457,4.7028732118427028],[-74.203169110239202,4.7031665133964848],[-74.205356422114193,4.7030294900283032],[-74.205371146028739,4.7030285432297649],[-74.205664627394015,4.7029994881915806],[-74.20569278777343,4.70299567226325],[-74.205734779557176,4.7029898480364869],[-74.2059975768817,4.7029454126418191],[-74.206043391191386,4.7029346845433482],[-74.206090614572346,4.7029304961240062],[-74.206090641667558,4.7029307981572472],[-74.206111923476769,4.7029289783813404],[-74.206133266760261,4.7029281623732748],[-74.206246829346952,4.702922379153577],[-74.206291806861202,4.7029195168485627],[-74.206302190029533,4.7029188457421194],[-74.206335681123733,4.7029165100557506],[-74.206340952015367,4.7029161238463999],[-74.206349181021821,4.7029155110132779],[-74.20638371039621,4.7029129110751589],[-74.206403292456102,4.7029119380354327],[-74.206423943471876,4.702910865323636],[-74.20643099899219,4.7029104824005286],[-74.206434099527357,4.7029103136256794],[-74.206517419190121,4.7029057332606738],[-74.206566438234844,4.7029027689071157],[-74.206570009250129,4.7029025313172195],[-74.206582739441586,4.7029016825277008],[-74.206615961937104,4.702899341451829],[-74.206658073178531,4.7028962174057556],[-74.206700213338294,4.7028935075240179],[-74.206707528423166,4.7028930305021204],[-74.20677278372996,4.7028887283663146],[-74.20684020773335,4.7028849901087675],[-74.206887061808501,4.7028821455031267],[-74.206920785437674,4.7028797934680222],[-74.20695055407279,4.7028776067500129],[-74.206986992497889,4.7028752469727158],[-74.207000854801294,4.7028746475536263],[-74.207032245957947,4.7028731803581776],[-74.207044004564722,4.7028725885638574],[-74.207046209190864,4.7028724778285014],[-74.207124712260537,4.7028684951289073],[-74.207149671568871,4.7028671575365282],[-74.207164152142582,4.7028663427742483],[-74.20720713415281,4.7028637159013869],[-74.207290147042542,4.7028574679608504],[-74.207336869314119,4.7028535146702977],[-74.207368399119673,4.7028512190894807],[-74.207443523741887,4.7028457919027469],[-74.20752055562609,4.7028406609643447],[-74.207532355653825,4.7028398593550751],[-74.207585082620696,4.7028362087738476],[-74.207637876439861,4.7028333919463874],[-74.207653640492254,4.702832524484414],[-74.207744311251602,4.7028273674608609],[-74.207751312686341,4.7028269628311783],[-74.207819446876755,4.7028229819923046],[-74.207871072625267,4.7028204438920405],[-74.20794455905866,4.7028173428333675],[-74.208036417825042,4.702812523759885],[-74.208047433717368,4.7028118326142083],[-74.208061777266792,4.7028109111508805],[-74.208198418201221,4.7027998023508237],[-74.208217702649861,4.7027979376702751],[-74.208236552840788,4.7027970497212905],[-74.208272940873954,4.7027951872547744],[-74.208279623244522,4.70279481704332],[-74.208327346175722,4.7027919251540826],[-74.208328676518377,4.7027918380908353],[-74.208360053131571,4.7027897595275272],[-74.208391469546413,4.7027884496155012],[-74.208454361780142,4.7027853848574539],[-74.208462745838162,4.7027849184679189],[-74.20850833985493,4.7027821445263562],[-74.208532834006832,4.7027804615271052],[-74.2085855266902,4.7027766969342961],[-74.208638816200605,4.7027737298230967],[-74.208660429790214,4.7027724741941599],[-74.208747430306587,4.7027672092147741],[-74.208818418045752,4.7027630215590461],[-74.208841803650017,4.7027617999540592],[-74.208846906927661,4.7027616054703154],[-74.20888487426619,4.7027607283677453],[-74.208988863302736,4.7027571222683608],[-74.209008713958283,4.7027562033632808],[-74.209096601437082,4.7027512709575694],[-74.209240643900188,4.7027394407278775],[-74.209258868396603,4.7027376485635592],[-74.209276995722917,4.7027367788093493],[-74.209286255871788,4.7027363249044569],[-74.209376281373451,4.7027318207001754],[-74.209447422341015,4.7027276962529472],[-74.209456381418804,4.7027270959052618],[-74.20946596240266,4.7027264447984924],[-74.209500028499122,4.70272400033486],[-74.209544686815107,4.702720624235142],[-74.209576285115418,4.7027183809915094],[-74.209579987724453,4.7027181560215734],[-74.209616069350332,4.7027165774952886],[-74.209715463061073,4.7027111291835455],[-74.20972633653227,4.7027103982489562],[-74.209739450670895,4.7027095004965256],[-74.209785917038062,4.7027060806314891],[-74.209853784148791,4.702700732334236],[-74.209876679353982,4.7026991273620258],[-74.209919030423265,4.7026965691695226],[-74.20993529738108,4.7026955550629044],[-74.20997572861765,4.7026929664855661],[-74.210024477395237,4.7026908863521397],[-74.210128566972159,4.7026852327150861],[-74.210164880954281,4.7026826901259895],[-74.21023548811489,4.7026774588296378],[-74.21030044773903,4.7026731745069386],[-74.210345405384999,4.7026703155620764],[-74.210395735033771,4.7026679565750067],[-74.210458537049831,4.7026645733380343],[-74.21046605943728,4.7026641143233565],[-74.210488617576303,4.7026626848308153],[-74.210528619732855,4.7026598666096566],[-74.210592079455623,4.7026551123071698],[-74.210909362505362,4.7026348892080678],[-74.211356044424306,4.7026094503958911],[-74.211389015024352,4.7026097913131348],[-74.211436412242222,4.7026100317901101],[-74.211714118390759,4.7026013856246376],[-74.213008182762081,4.7025209756104553],[-74.213010560433005,4.702520826841762],[-74.213204885902456,4.7025086496104365],[-74.213666671825948,4.7024820741876407],[-74.213850623486636,4.7025002147554149],[-74.213913383571324,4.7025038884192778],[-74.213949492879209,4.7025057496433034],[-74.214156523334495,4.7025116340728061],[-74.214202090849057,4.7025118783379014],[-74.214202635250999,4.7025118818483058],[-74.214210621012725,4.702511923687827],[-74.214235036159039,4.702511984005973],[-74.214277351599137,4.702511776751539],[-74.214353167443619,4.7025110474597005],[-74.214509497636442,4.702522863137423]]]},"properties":{"OBJECTID":2,"Shape_Length":7731.3887499174562,"Shape_Area":2977010.1418652581,"Tramo":11,"Tramo_1":11,"PKini":18.18,"PKfinal":20.98,"Cant_km":2.7999999999999998,"Municipio":"MOSQUERA","Estacion":"MOSQUERA 2","PUENTE":"MOSQUERA"}},{"type":"Feature","id":3,"geometry":{"type":"Polygon","coordinates":[[[-74.315163242262713,4.7788157830295175],[-74.31524350493585,4.7789157941510227],[-74.315243380574117,4.7789158936670049],[-74.315259001745176,4.7789355278091739],[-74.315273889356021,4.7789557282963582],[-74.31532335316875,4.7790215856828056],[-74.315510538116541,4.7792502377555781],[-74.315559473609554,4.7793052654246138],[-74.315586813326632,4.7793355083379012],[-74.31573956958745,4.7794963607461609],[-74.315954902456468,4.7796985467359203],[-74.316079010486419,4.7798037512517331],[-74.316110565554297,4.779829536290638],[-74.31621451175937,4.7799119558550531],[-74.316454309936631,4.7800842135268837],[-74.316496527795294,4.7801121506767954],[-74.31649704893492,4.7801124905113399],[-74.316558514119393,4.780172102142533],[-74.316567267999773,4.7801803987417086],[-74.316665640918217,4.7802709064135165],[-74.316738767101342,4.7803362128471667],[-74.316739365830685,4.7803367461743358],[-74.316813431592593,4.7804028679485189],[-74.316813455036481,4.7804028878349021],[-74.316841319419808,4.7804277625927361],[-74.316900359302338,4.7804806434382705],[-74.316926227437506,4.7805040629689035],[-74.316955603302233,4.7805309230332114],[-74.317017260469143,4.7805876588821983],[-74.317029464206797,4.780598846215887],[-74.317096484604974,4.7806600655032936],[-74.317121469092342,4.7806827166809454],[-74.317152601343665,4.7807107281981152],[-74.317172195659126,4.7807291473328393],[-74.317283273422959,4.7808301276660261],[-74.317307916786689,4.7808516341135689],[-74.317331066891441,4.780871690587901],[-74.317352906286018,4.7808916245355118],[-74.317498386304194,4.7810245326121983],[-74.317524737804348,4.7810484167579856],[-74.317636444679536,4.7811488668885396],[-74.318058874123381,4.7815390519231666],[-74.318063510937549,4.7815439063780021],[-74.318107070800735,4.7815888726972293],[-74.318132184374193,4.7816144392469697],[-74.318156670269516,4.7816391776787412],[-74.318372006311861,4.7818413610178574],[-74.318577897082619,4.7820118248168564],[-74.318606155418465,4.7820338417737061],[-74.318628320231667,4.7820510011742368],[-74.318868119740785,4.7822232597313317],[-74.319100258684614,4.7823687229212242],[-74.319131167663855,4.7823868052218659],[-74.319149544250706,4.7823974983983302],[-74.319248491487073,4.7824530434747592],[-74.319611562464843,4.7827368323781627],[-74.319779746271394,4.7828688058953777],[-74.320270417207624,4.783262709085645],[-74.320343997529832,4.783320532770869],[-74.320495579194073,4.7834321725056741],[-74.320523200341896,4.7834516394814681],[-74.320611417244123,4.7835122558407379],[-74.3206680410578,4.783547550394422],[-74.320756790380614,4.7836301717376895],[-74.320787259055436,4.7836570348500729],[-74.320791993013685,4.7836612001747092],[-74.321020049841295,4.7838488224955098],[-74.321048423580535,4.7838704703479538],[-74.321236102130726,4.7840124832949886],[-74.321295485719446,4.7840566552099393],[-74.321317264415825,4.7840725811905118],[-74.321338511520977,4.7840892127122032],[-74.321368757286791,4.7841126829487877],[-74.321397132850393,4.7841343307848687],[-74.321696916023697,4.7843611720425985],[-74.321752534334067,4.7844025871478078],[-74.321759244498011,4.784407504136249],[-74.321815466460947,4.7844480418513973],[-74.321995113841851,4.7845754819602098],[-74.322675508421142,4.7850641637155285],[-74.323114965475199,4.7853830588356399],[-74.323146804876103,4.7854059514729368],[-74.323559973342938,4.7857003166840437],[-74.323632493337215,4.7857509204504698],[-74.323641248348167,4.7857569019467467],[-74.323675797649955,4.7857802746696319],[-74.32376254437709,4.7858369429531846],[-74.323768302213281,4.7858406105230715],[-74.323816369987995,4.7858708040161719],[-74.32404801646689,4.786014285162481],[-74.324163636927494,4.7860835290106074],[-74.324177642631255,4.7860916337076578],[-74.324177725580213,4.7860916825098556],[-74.324295464995274,4.7861574856213265],[-74.324606462391188,4.7863252346295351],[-74.324731501351451,4.7863901741345956],[-74.324746612020959,4.7863977231812589],[-74.324763998290962,4.7864063637974246],[-74.324873520940983,4.7864586704125793],[-74.325075939873201,4.7865520148157152],[-74.325116557733409,4.786570502057276],[-74.325830712136053,4.7868912799053049],[-74.326414555183192,4.7871538929228628],[-74.32657020755191,4.7872252523044443],[-74.326580846327317,4.787230491550881],[-74.326598881744644,4.7872393398701583],[-74.326750358543777,4.7873102033646546],[-74.327044719546393,4.7874412988400312],[-74.327058951876893,4.787447766613143],[-74.327495606227941,4.7876499221426787],[-74.327547171658708,4.7876746629730835],[-74.327547299684227,4.7876747244185287],[-74.327628496718674,4.7877136862512115],[-74.327628543600966,4.7877137079372165],[-74.327710090459931,4.7877528360226043],[-74.327712016252462,4.7877537595106494],[-74.327794215852606,4.7877931514017051],[-74.327804809508692,4.7877982115936355],[-74.327888314522184,4.787837962905737],[-74.327927641677391,4.787856450444183],[-74.32801286476456,4.7878960148262211],[-74.32806708584593,4.7879207510259008],[-74.328153341660794,4.787959414330933],[-74.328208703830782,4.7879837847646129],[-74.328295464038121,4.788021283130707],[-74.328352345940047,4.7880454034090238],[-74.328414141225608,4.7880711098273165],[-74.32842060191588,4.7880739415268687],[-74.328501256522429,4.7881083457895466],[-74.328503146208888,4.7881091300266743],[-74.328516060266693,4.7881144841568508],[-74.328624931199471,4.7881579644348307],[-74.328872378253564,4.7882530707881772],[-74.32890118633307,4.7882682234656295],[-74.330807400237717,4.7888942636507865],[-74.331402297034813,4.7891168737564973],[-74.332715817769966,4.784450420547179],[-74.334047129730834,4.7797207019631038],[-74.331515965381229,4.7787965807422959],[-74.331511759790615,4.7787977524616396],[-74.331374946837784,4.7787461641259403],[-74.331278303796097,4.7787018007006337],[-74.331126154070049,4.7786353242076034],[-74.331092111354195,4.7786213563584381],[-74.331073369862906,4.7786137563383804],[-74.330914104545343,4.7785526575730852],[-74.330901102552431,4.7785479491792398],[-74.330729258488546,4.7784710876836538],[-74.330715226513306,4.7784648405518491],[-74.330452966574313,4.7783486103106618],[-74.330185005183694,4.7782248221361829],[-74.330176109916636,4.7782197107063036],[-74.330103922075196,4.7781791053987321],[-74.330095232452493,4.7781743212477403],[-74.330022599863653,4.7781352027603905],[-74.329809761013195,4.7780230758460949],[-74.329706230031775,4.7779702306003626],[-74.329667790303787,4.7779514588558083],[-74.32965060083356,4.7779431655320659],[-74.32946264016698,4.7778577332683412],[-74.329457454401748,4.7778555196442225],[-74.329415164179338,4.7778377096638165],[-74.329414453754353,4.7778374151237273],[-74.329139434554207,4.7777233087151689],[-74.329072482211558,4.7776875248958302],[-74.32906663431757,4.7776839659163555],[-74.32882514120169,4.7775215648045775],[-74.328658091062763,4.7774043024023944],[-74.328494325479824,4.7772813543375809],[-74.328264800892924,4.7771069395557468],[-74.32822621871702,4.7770779437853577],[-74.32781888109713,4.7767752323519757],[-74.327462311876872,4.7765031488140481],[-74.327453086041672,4.7764961293981258],[-74.327046808919192,4.7761877670250845],[-74.327020076457103,4.7761676326073825],[-74.326635360085419,4.7758801098118484],[-74.326236258257651,4.775564831855065],[-74.326190330870389,4.775529031067089],[-74.326164637073958,4.7755094116864374],[-74.326155966698792,4.7755028423906003],[-74.326083100255957,4.7754487664509782],[-74.325909186218666,4.7753223922924244],[-74.325823390113896,4.7752538251055592],[-74.325821601192345,4.7752523951534176],[-74.325540942671523,4.7750283265963951],[-74.325535703952141,4.7750241506328708],[-74.325241464876996,4.7747899532861302],[-74.325222845381688,4.7747752127141885],[-74.324906096365524,4.7745258130414312],[-74.324897649541668,4.774519178538152],[-74.3246375438885,4.7743153801490283],[-74.324637500608347,4.7743153458012761],[-74.324446365357304,4.7741655904801652],[-74.324158706991028,4.7739304552128825],[-74.323528375848511,4.7733489228623789],[-74.32339942966469,4.7732248251890015],[-74.323364906484642,4.7731919482261169],[-74.323360778434392,4.7731880594133695],[-74.323245643404121,4.7730832617212959],[-74.323212729859804,4.7730546072468538],[-74.323198869099471,4.7730426555757779],[-74.323123450563045,4.7729790597531254],[-74.323104396333605,4.772963344440007],[-74.323085947599921,4.7729469145139829],[-74.323067435780473,4.7729305189733138],[-74.322943299525519,4.7728211776331468],[-74.322935942645486,4.77281228015912],[-74.322854466051865,4.7727164862133273],[-74.322818535788315,4.7726759069091189],[-74.32278882249814,4.7726427532882445],[-74.322779590131688,4.7726322956634375],[-74.322756035523682,4.772604878517904],[-74.322736786087987,4.7725826197600467],[-74.322716831513489,4.7725596956898535],[-74.322709570393613,4.7725513751212043],[-74.322545176293332,4.7723733286356591],[-74.322216916155952,4.7720364137037707],[-74.321978103831611,4.7717875906360163],[-74.32191722939146,4.7717253766805952],[-74.32176727224919,4.7715818057457415],[-74.321761128052856,4.7715761886208199],[-74.321687346143918,4.7714904168329451],[-74.321662691542869,4.7714619944560503],[-74.321587058681601,4.7713776937034007],[-74.32157480200982,4.7713643741262279],[-74.321470820013658,4.7712550795820219],[-74.321268265448339,4.7710491776369457],[-74.321185738442722,4.7709641486084271],[-74.321177973432981,4.7709531659453175],[-74.321076476569473,4.7708152313168872],[-74.321028768628764,4.7707540000962556],[-74.32100857168939,4.7707285295508317],[-74.320869095352805,4.7705611101339924],[-74.320830178680865,4.7705172039510826],[-74.320720886869324,4.7703954951399092],[-74.320649818568782,4.7702382899093791],[-74.320594861347445,4.7701302673848573],[-74.32057490523367,4.7700923065669727],[-74.32049073925792,4.769939437540847],[-74.320396104761684,4.7697825643524405],[-74.320371760401741,4.7697439973903375],[-74.320310563119662,4.7696496645077433],[-74.320260193505774,4.769575694405825],[-74.320241835177583,4.7695492989907811],[-74.320191546000302,4.7694784559191659],[-74.320178088671881,4.7694598791451472],[-74.320165431599278,4.7694407468487583],[-74.320156741040989,4.7694276611002371],[-74.320026036637941,4.7692418576088427],[-74.320000916952921,4.7692079878319422],[-74.319959744934351,4.7691533483623116],[-74.319772561478814,4.7689246973723103],[-74.319570873575515,4.7687088183234128],[-74.31953810146149,4.7686762986283151],[-74.319508031010002,4.7686467639741279],[-74.319325472857116,4.7684771004296973],[-74.319097421751337,4.7682894771792608],[-74.318968368255867,4.7681938169920173],[-74.318934084638997,4.7681693370121092],[-74.318823341791443,4.7680927384046443],[-74.318572831670096,4.7679365834069456],[-74.318395459395191,4.7678410395272399],[-74.317099110938514,4.7664027260845296],[-74.317064685861325,4.7663649619003392],[-74.316927813981479,4.7662165128535996],[-74.316903441764865,4.7661902876302245],[-74.316775903737451,4.7660541446156151],[-74.316743416101403,4.7660198251178185],[-74.31673948816838,4.7660157209676139],[-74.316705830344901,4.7659809117450624],[-74.3166243795675,4.7658975763789995],[-74.316592092617867,4.7658648773071013],[-74.316566561510029,4.7658394862369953],[-74.316481784481226,4.765755840929919],[-74.316421768813271,4.7656977117491035],[-74.316347663576067,4.7656272564367539],[-74.316322035552716,4.7656030771508302],[-74.316319139310806,4.7656003670685605],[-74.31629488018514,4.7655778277043357],[-74.316235033220138,4.7655226283755523],[-74.316180064692077,4.7654727572856777],[-74.316092675639794,4.7653947755524211],[-74.316067749649733,4.7653726976032607],[-74.316028975912488,4.7653389987895114],[-74.315936414112997,4.7652594706691049],[-74.315900612534321,4.7652290317189108],[-74.315896390944275,4.7652254810961683],[-74.315860580571908,4.7651956715388488],[-74.315770833113959,4.7651217418378842],[-74.315712923494317,4.765074836018357],[-74.315618151119097,4.764999359876593],[-74.315576161449286,4.7649663240954796],[-74.315509421815534,4.7649144549042672],[-74.315491657666044,4.7649007193247268],[-74.315476313563209,4.7648889687478162],[-74.315342039766676,4.7647865924864892],[-74.315324937514362,4.7647736180931304],[-74.315187715759549,4.7646700238235224],[-74.315186886254381,4.7646693965267009],[-74.315098015653717,4.7646023372912767],[-74.31502913730607,4.7645485480570677],[-74.315008864246991,4.7645312323061546],[-74.314854899564864,4.7644054793759842],[-74.314819558769187,4.7643778905559691],[-74.314794148720324,4.7643582000729037],[-74.314715861649603,4.7642993192299263],[-74.314688670334647,4.7642793291297778],[-74.314637019167094,4.7642399665246575],[-74.314617542038107,4.7642252060360191],[-74.314606996526223,4.7642172608827513],[-74.314597098079958,4.7642089049543976],[-74.314531830735035,4.7641548594084835],[-74.314505334787398,4.7641333353694089],[-74.314442666682623,4.7640833437958179],[-74.314419947084474,4.7640655477817031],[-74.314397751879412,4.7640470986821351],[-74.314382014367595,4.7640340767695575],[-74.314358454115435,4.7640146695816883],[-74.314241000220363,4.7639211657021034],[-74.314174567854906,4.7638710325184297],[-74.314101254592813,4.7638167600048238],[-74.314100572961991,4.7638162574489931],[-74.314070617243871,4.7637940889123014],[-74.314042208481979,4.7637723611401297],[-74.314008303333111,4.7637463904764692],[-74.313973413452587,4.7637192355176676],[-74.313953265427017,4.7637036469011758],[-74.313919042959029,4.7636775804861218],[-74.31388301551236,4.7636504096359777],[-74.313843839680146,4.7636211961495416],[-74.313803973316709,4.7635918020380892],[-74.313768697523997,4.763564271012088],[-74.313743662616062,4.7635448715422486],[-74.313676882293549,4.7634944816049201],[-74.313660380695922,4.7634822683802147],[-74.313658696454368,4.7634810210256031],[-74.313625484091048,4.7634564626189571],[-74.313559915624438,4.7634071194317551],[-74.313522124739308,4.7633789888005742],[-74.313516579735108,4.763374905079429],[-74.313473318031527,4.7633434738218563],[-74.313463593040055,4.7633361740376818],[-74.313457214844433,4.7633312152402132],[-74.313421062606835,4.7633027729619011],[-74.313396206189523,4.7632833571396906],[-74.313391921603568,4.7632800344051418],[-74.313377933599355,4.7632692292092349],[-74.313356397146251,4.7632527674968363],[-74.313320394920723,4.7632254157461871],[-74.313193384811115,4.763132374332355],[-74.31317795634574,4.7631214810043074],[-74.313137147486387,4.7630930041333484],[-74.313104871596195,4.7630707477245684],[-74.313103887029385,4.763070048134189],[-74.313001194075326,4.762990362086609],[-74.312986181822751,4.7629787632579728],[-74.312963363265183,4.7629613253279084],[-74.3129588028076,4.7629578634227974],[-74.312920600744249,4.7629291794653552],[-74.312623532629871,4.7627085795945439],[-74.31246187983254,4.7625881152421465],[-74.312235279851265,4.7624155835627295],[-74.312229971044601,4.7624115467733361],[-74.312015373865137,4.7622486561763999],[-74.312014217974749,4.7622477794000426],[-74.312011439149344,4.7622456715212138],[-74.312002417439814,4.7622388453277473],[-74.311799051379154,4.7620853844800211],[-74.311799011707222,4.7620853537473602],[-74.311521795151208,4.7618761697092875],[-74.311449729801311,4.761821789757481],[-74.311431120096373,4.7618074575138261],[-74.311429242896963,4.7618060130816318],[-74.31141011027924,4.7617913771705691],[-74.311350948923973,4.761746368596584],[-74.31133500620507,4.7617339489411847],[-74.311298931654832,4.761705502898014],[-74.311272511903482,4.7616848287388693],[-74.311265886692368,4.7616796837175768],[-74.311249595978822,4.7616670923613817],[-74.311239007217111,4.7616589717326541],[-74.311170735730968,4.7616067734390581],[-74.311139519544682,4.7615831221409808],[-74.311132299319468,4.7615777006047226],[-74.311112701594013,4.7615630684597869],[-74.311059296609471,4.761523418591155],[-74.311008590872376,4.7614851206339264],[-74.310943013574928,4.7614352291736539],[-74.310922613343891,4.7614197978944146],[-74.310850636511361,4.7613656764741137],[-74.310850474218938,4.7613655553530299],[-74.310812650998201,4.7613371171095649],[-74.310808599091416,4.7613340746114847],[-74.310754663847902,4.7612936182618926],[-74.310699224422279,4.7612512109392489],[-74.310695289710964,4.7612482063813024],[-74.310626098674518,4.7611953988428217],[-74.310611045088876,4.7611839591286014],[-74.310573119042473,4.7611552658932474],[-74.31056403425336,4.7611484107631128],[-74.310495653143604,4.7610969467251207],[-74.310462736557795,4.7610720787823722],[-74.310455720102652,4.7610667873885468],[-74.310419388195626,4.7610394500535618],[-74.310419094265882,4.7610392295039601],[-74.310389176526627,4.7610167207640055],[-74.310329597008135,4.7609715765913263],[-74.310262789958884,4.7609206672355366],[-74.310256689545128,4.7609160266253143],[-74.310184162643068,4.760860952183779],[-74.310170849228768,4.7608508827887555],[-74.310134248646264,4.760823303176001],[-74.310129962320175,4.7608200762757411],[-74.310094602399701,4.7607934982051612],[-74.310024859898462,4.760740989206333],[-74.310011256194585,4.7607307878783161],[-74.309973977684251,4.7607029408127257],[-74.30997179215052,4.7607013101946825],[-74.309947177847818,4.7606829449513439],[-74.309889919214484,4.7606396863222429],[-74.309826415861977,4.7605915049808782],[-74.309758353825728,4.7605396555240977],[-74.309752942261611,4.7605355391702942],[-74.309708919450969,4.7605021057939707],[-74.309608788629717,4.7604104725345131],[-74.309512223206937,4.7603279533967049],[-74.309490452029493,4.7603098729357782],[-74.309358973397778,4.7602047670959635],[-74.309305030980269,4.7601639127336153],[-74.309170577615987,4.7600636585195861],[-74.309059444681267,4.7599833923046564],[-74.309045962051314,4.7599739631870595],[-74.308987392094863,4.759933685489095],[-74.308907622156809,4.7598797527550651],[-74.308891478129823,4.7598688866925967],[-74.308800554355443,4.7598096223271584],[-74.308762348915835,4.7597806035295767],[-74.308722479209379,4.7597507063095259],[-74.308689772063985,4.7597264097218224],[-74.308623310253211,4.7596775021968147],[-74.308574307274142,4.7596411730379344],[-74.308518437335835,4.7595990423848624],[-74.308469425316318,4.7595626010877616],[-74.308461056516379,4.7595564655097933],[-74.308436667846522,4.7595387132473705],[-74.308398091440282,4.7595108303527169],[-74.30837464570557,4.7594932948035353],[-74.308318662042836,4.7594506469116276],[-74.308315003252289,4.7594478628955121],[-74.308278415357549,4.759420049862193],[-74.308265441003854,4.7594102244744469],[-74.308199642434289,4.7593605805828672],[-74.308127876906241,4.7593063303724534],[-74.308117820219437,4.7592987502845583],[-74.308089417359028,4.7592774038581052],[-74.308031143618436,4.7592330475815388],[-74.308004543835168,4.7592125469719608],[-74.307996167704729,4.759206027967247],[-74.307953482428132,4.7591716824871773],[-74.307894506657561,4.7591250349376253],[-74.307887252156874,4.7591193945353938],[-74.307868871589719,4.7591051796694517],[-74.307846761960761,4.7590882802806398],[-74.307806486474576,4.7590576904453075],[-74.307794013319977,4.7590478956264128],[-74.307752514551623,4.7590143111562186],[-74.307714498023358,4.7589838833334159],[-74.307706704315365,4.7589777131897879],[-74.307657442932452,4.7589392734110314],[-74.307641231728837,4.7589268591782501],[-74.307605210083977,4.7588994076366973],[-74.307563555228228,4.7588680441664026],[-74.307558571086048,4.7588643345859154],[-74.307515147518615,4.7588324309322836],[-74.307489601247113,4.7588138958967301],[-74.307474650672674,4.7588029082235304],[-74.30744909500099,4.7587832030256223],[-74.307444888017613,4.758779961611924],[-74.307401626391737,4.7587470939129322],[-74.307390421069883,4.7587386876671269],[-74.307323636662687,4.7586895359530015],[-74.307289727093661,4.7586650552174774],[-74.307256071605053,4.7586402271442481],[-74.307234376976126,4.7586243205167431],[-74.307194981930024,4.7585956185267326],[-74.307188064764546,4.7585905893106126],[-74.307154137130354,4.758565967503138],[-74.307120459971074,4.7585409983591997],[-74.307097539128421,4.7585241154922633],[-74.307057696853377,4.7584949651102173],[-74.30702416041666,4.7584702925245814],[-74.306994017604524,4.7584479573252523],[-74.306982163136382,4.7584390919043402],[-74.306935866549011,4.7584034724966919],[-74.306935644749757,4.7584033025622539],[-74.306908257078518,4.7583824006601647],[-74.306901323619059,4.758377150797207],[-74.30688760097317,4.7583668011367344],[-74.306883031570393,4.7583633663199105],[-74.306875491854825,4.7583565467942144],[-74.306827792221327,4.7583140063354694],[-74.306777721651031,4.7582706310896183],[-74.306754157964306,4.7582505182654495],[-74.306576184106234,4.7581062657206195],[-74.306550408553463,4.7580865858800223],[-74.305782613290589,4.757504685163827],[-74.304740007596109,4.7566955314293615],[-74.30473982907543,4.7566953940346757],[-74.30473457803177,4.7566913191829032],[-74.304719542608382,4.7566797020801355],[-74.304479755554993,4.7565074378454897],[-74.304474728292732,4.7565040755062311],[-74.304441178360705,4.7564816671560077],[-74.304195702815647,4.7563288688426058],[-74.304122791964573,4.756287569941712],[-74.304114616664322,4.7562830402797598],[-74.30410706480491,4.7562775247255784],[-74.304092244205577,4.7562667449192038],[-74.304027756008225,4.7562200463742199],[-74.304018487516103,4.756213353984907],[-74.304008310212978,4.7562060234584997],[-74.30399795079353,4.7561985844757917],[-74.303923536138655,4.7561453040714863],[-74.303905197570373,4.7561322429638713],[-74.303830278216509,4.7560791652778178],[-74.303811867568712,4.7560661910040274],[-74.303736732028383,4.7560135221216608],[-74.303719868566148,4.7560017572905426],[-74.303644814349411,4.7559496544624951],[-74.303636653112605,4.755944003457798],[-74.303617863884654,4.7559310202597036],[-74.303601000481819,4.7559194254338433],[-74.303543817888695,4.755880298859382],[-74.303539311731356,4.7558772184834366],[-74.303465716603085,4.7558269906739854],[-74.303397814114021,4.7557805861786626],[-74.303328133610336,4.7557327064413109],[-74.303328092137519,4.7557326793259218],[-74.303253775653999,4.7556816143467566],[-74.303253723362133,4.755681580000493],[-74.303179408692159,4.7556305150121094],[-74.303179356399724,4.7556304788572437],[-74.303105029119266,4.7555794084385967],[-74.303104987645881,4.7555793795145656],[-74.303030662178941,4.7555283090866975],[-74.302956280824205,4.7554772006878894],[-74.302881908495905,4.7554260977033183],[-74.302809667541425,4.7553764589792653],[-74.302767343810629,4.7553381124083689],[-74.302539301424773,4.7551504831640168],[-74.30250486881998,4.7551242570456322],[-74.302473662265314,4.7551007228778133],[-74.302268307079984,4.7549546839344332],[-74.302218370203249,4.7549217113533171],[-74.30127412811089,4.7543072048394919],[-74.300790450443685,4.7539731106545391],[-74.300702206062439,4.7538996160109726],[-74.300673392170665,4.753876898467821],[-74.300630967595424,4.7538438564123728],[-74.300391182504598,4.7536715906456495],[-74.300147618160636,4.7535194521182307],[-74.300115906813559,4.7535010218695604],[-74.300108968438039,4.753496998165585],[-74.300019925854428,4.7534469069781737],[-74.299630345845898,4.7531822553098211],[-74.299528282758914,4.753112358646864],[-74.299525009942954,4.7531099271331065],[-74.29941682388602,4.7530320022373136],[-74.299403714781519,4.7530228513206607],[-74.299332287622178,4.7529740041103166],[-74.299317025677936,4.7529638265994949],[-74.299280735319357,4.7529397296285358],[-74.29924978573311,4.7529186042770819],[-74.299217276474408,4.752896622149053],[-74.299210060226514,4.7528917973146587],[-74.299154263261784,4.7528545761686969],[-74.29912490045416,4.7528344812034415],[-74.299106087981812,4.7528215792677555],[-74.293636836701111,4.7608903684963906],[-74.29376058358126,4.7609747894779497],[-74.293760626857974,4.7609748202105697],[-74.293785986794518,4.7609921205520775],[-74.293786026464517,4.7609921476686274],[-74.293957034767729,4.7611088119639007],[-74.294107591435136,4.7612115220610098],[-74.294343507212972,4.76137246569031],[-74.294513980155202,4.7614887646686839],[-74.294691447704551,4.7616098342916731],[-74.294841627720999,4.7617122893229551],[-74.295005371339357,4.7618239946418122],[-74.295173695102463,4.7619388273492795],[-74.29539420674385,4.7620892620696722],[-74.295606349886924,4.7622339878063737],[-74.295766339510806,4.7623431331427328],[-74.2959196339459,4.762447712039636],[-74.295919660993604,4.7624477301170538],[-74.296009578795577,4.762509072808899],[-74.296122727097924,4.7625862622991182],[-74.296250236027035,4.7626732498183832],[-74.296299834561822,4.7627070856224076],[-74.29629986701967,4.7627071091238866],[-74.296461164171021,4.7628171455113426],[-74.296584199466963,4.7629010796618516],[-74.296750632196506,4.7630146212174038],[-74.29685127913352,4.7630832833950407],[-74.29693233440878,4.7631385790149858],[-74.296932365063284,4.7631386007084053],[-74.297050997076042,4.7632195320886872],[-74.297162448801643,4.7632955626242532],[-74.29716247765279,4.7632955825096461],[-74.297318967760688,4.7634023412240207],[-74.297501926998791,4.7635271557352246],[-74.297699578731056,4.7636619923710173],[-74.297842878649561,4.7637598170773403],[-74.297953082992095,4.7638358044688403],[-74.298033963964826,4.7638923443225734],[-74.298164868144568,4.7639852951366395],[-74.298301213274527,4.7640840606356463],[-74.298392052959144,4.7641517834395417],[-74.298424871736998,4.7641760189926599],[-74.298474164715444,4.7642120793051168],[-74.298513111036613,4.764241348027908],[-74.298631016594086,4.7643270070304169],[-74.29864530702902,4.764337040166378],[-74.298657375847085,4.7643453160570477],[-74.298716023176041,4.7643913152179609],[-74.298749453681083,4.7644172831966394],[-74.298819341850674,4.7644699759778844],[-74.298831870701889,4.7644792319785294],[-74.298937351792517,4.7645548409146601],[-74.298941630802034,4.7645578164926352],[-74.299219364333382,4.7647620481755633],[-74.299545292862703,4.765012506463024],[-74.299608568670891,4.7650602511544671],[-74.300144238115749,4.765457101782645],[-74.300472748788025,4.7657071500146682],[-74.300511412181635,4.7657362541243158],[-74.300547467986576,4.7657630910933095],[-74.300736537210454,4.7659185783605045],[-74.300770090323454,4.765944141066627],[-74.300786689220743,4.7659566638469144],[-74.300797259853312,4.7659646164443812],[-74.301029552176104,4.7661388104001254],[-74.301248440025375,4.7663052714443168],[-74.301268569714367,4.7663204933022918],[-74.301463017619113,4.7664666570778156],[-74.301623595404862,4.766588097428289],[-74.301627692392984,4.7665911924151949],[-74.301775573446093,4.766702765529673],[-74.30200820741851,4.7668782865284882],[-74.302067516404819,4.766923033612537],[-74.30207331927069,4.7669274049105699],[-74.302218760544392,4.7670367704188354],[-74.302331642545411,4.7671223001595013],[-74.302461895349836,4.7672210143114659],[-74.302461933218297,4.7672210432366615],[-74.302554029142897,4.767290839498771],[-74.302554052585336,4.7672908575770947],[-74.302659553942107,4.7673708119551295],[-74.302668025639804,4.7673772170478808],[-74.302874862654619,4.7675332060708291],[-74.3028786386718,4.7675360515681735],[-74.303086072546819,4.767692148842583],[-74.303314730957467,4.7678645634939167],[-74.303324327887836,4.7678717802693162],[-74.303437080034755,4.7679563277865782],[-74.303691382807287,4.7681482124862278],[-74.303691550510393,4.7681483390329982],[-74.304135520369883,4.7684833063103378],[-74.304677600778589,4.7688922939396914],[-74.30521743134436,4.7692995817685286],[-74.305744390816812,4.7696971612377812],[-74.306160656046288,4.770013142395408],[-74.306185624100365,4.7700319579815833],[-74.306332128603131,4.7701415735886421],[-74.306488333308863,4.7702596158077437],[-74.306740475725107,4.7704501544078273],[-74.306873908844381,4.7705509880790125],[-74.306873928680801,4.770551004349767],[-74.30697125851276,4.7706245528739224],[-74.306971281955441,4.7706245709520836],[-74.307115480682526,4.7707335396702417],[-74.307289599374798,4.7708651166818914],[-74.307294940670104,4.7708691462614468],[-74.307478165825131,4.7710071786805157],[-74.307479227953351,4.7710079795340903],[-74.307538726951364,4.7710527766838551],[-74.307538779245817,4.7710528146469118],[-74.307602463649204,4.7711007627763609],[-74.307745441622359,4.7712084114831068],[-74.307913533845635,4.7713349678651911],[-74.307918112570135,4.7713390447189648],[-74.307938878191834,4.7713574149223694],[-74.307997286631803,4.7714078877779835],[-74.30802082734256,4.7714278811687931],[-74.30819046822532,4.7715650353458869],[-74.308224014666862,4.7715905904254923],[-74.308355843246105,4.771690051597127],[-74.308729089368413,4.7719716532169585],[-74.308901531550617,4.7721017527248604],[-74.309228527977425,4.7723496971486092],[-74.309241315045924,4.7723593561742605],[-74.309556007312253,4.77259621063879],[-74.309620123578341,4.7726462690537286],[-74.309673502085346,4.7726905453874808],[-74.309680457674716,4.7726967700394534],[-74.309744204977264,4.7727593314077934],[-74.310017525261955,4.7730572561116853],[-74.310549778239135,4.7736479573399979],[-74.310978835540894,4.7741241763964952],[-74.311080400760602,4.7742392193214753],[-74.311102620684551,4.7742766877214589],[-74.311121950596032,4.7743085920477908],[-74.311226786847669,4.7744734896520447],[-74.311398661741336,4.774713934853879],[-74.311487885984221,4.7748267374454301],[-74.311511480400128,4.7748556109024847],[-74.311609438627201,4.7749714616020889],[-74.311707199580027,4.7750796420885084],[-74.311919608898023,4.7753071942747676],[-74.312023537273973,4.7754148969417018],[-74.312157096895888,4.7755434046110077],[-74.312187215454642,4.775571215971623],[-74.312268988147409,4.7756448955957893],[-74.312489496675482,4.7758263147129814],[-74.312790153881537,4.7761611006888787],[-74.312820031050791,4.7761946055676328],[-74.312832078570679,4.7762080646372249],[-74.313212172043336,4.7766309000543217],[-74.31326962818892,4.7766936187560072],[-74.313291589350641,4.7767171428726067],[-74.31337122567507,4.7768058850873212],[-74.313389341711513,4.7768250590364296],[-74.313471854700182,4.7769223386386406],[-74.31351684430075,4.7769745663130907],[-74.313532544092908,4.7769924171958555],[-74.313540017936887,4.7770008716267895],[-74.31360321145317,4.7770708625023648],[-74.314528041349789,4.7780739009949666],[-74.314650838842454,4.7782019397967384],[-74.314661297098638,4.7782123916818922],[-74.314677594934381,4.7782286218246943],[-74.314759988176093,4.7783069399555709],[-74.314903801970061,4.7784836335585448],[-74.315030691272028,4.7786303518701967],[-74.315163242262713,4.7788157830295175]]]},"properties":{"OBJECTID":3,"Shape_Length":12370.346066222059,"Shape_Area":5508305.0324006481,"Tramo":16,"Tramo_1":16,"PKini":30.859999999999999,"PKfinal":35.960000000000001,"Cant_km":5.0999999999999996,"Municipio":"FACATATIVA","Estacion":"EL CORZO","PUENTE":"CHECUA"}},{"type":"Feature","id":4,"geometry":{"type":"Polygon","coordinates":[[[-74.074897879451285,4.6184252560438619],[-74.077246871884199,4.6170971432025762],[-74.077680617674986,4.6177296795744827],[-74.079755282455025,4.6164657282973103],[-74.081454947636942,4.6147178773527076],[-74.084709515463842,4.6111230999701993],[-74.084010907475403,4.6103813276988239],[-74.083953036681123,4.6103397154604773],[-74.083702631820628,4.610183472676403],[-74.083633250805178,4.610144094159681],[-74.083595588995223,4.6101231596882606],[-74.083404918842305,4.6100230595160223],[-74.083136333445495,4.6099009507972504],[-74.082936537923317,4.6098234384462922],[-74.082896021161275,4.6098088214747097],[-74.082819846991228,4.6097821105154555],[-74.082679967884459,4.6097370027153577],[-74.082649564561422,4.6097277446018747],[-74.082408493702047,4.6096536796322951],[-74.082371846790465,4.6096435190477418],[-74.082337970208485,4.6096342681791649],[-74.08205080432424,4.609567083396537],[-74.081781215843193,4.609522422966184],[-74.081641244433911,4.6093916224677942],[-74.081590394273718,4.6093475448434056],[-74.081481559963578,4.6092546148622526],[-74.081304471346229,4.6091109895667772],[-74.081201554537728,4.6090340585777598],[-74.081166893865543,4.6090089116813182],[-74.081110946538303,4.6089689685574866],[-74.081104401927462,4.6089643728829452],[-74.08109859990924,4.6089588656592868],[-74.080973320338089,4.6088443678685209],[-74.080873044107264,4.6087586957498043],[-74.080750471899321,4.6086570355030076],[-74.080622811495331,4.6085550044896308],[-74.080474419674601,4.6084455093580718],[-74.080440177221533,4.6084213101417575],[-74.080348886261149,4.6083584609082164],[-74.080098484682807,4.6082022150351882],[-74.079838434925506,4.6080627386455557],[-74.079838238461619,4.6080626409806271],[-74.079800674210247,4.6080440557059328],[-74.079532286634361,4.6079220414732829],[-74.079299597911614,4.607834162976439],[-74.079288779790801,4.6078293773905132],[-74.079195695655997,4.6077894541013737],[-74.078919727348165,4.6076852292579078],[-74.078729063973611,4.6076249844206565],[-74.078688414047591,4.6076131271651342],[-74.078596907110693,4.6075874828634307],[-74.078309742398332,4.6075202965645063],[-74.078018814308024,4.6074720988719688],[-74.077997585445388,4.6074693461645939],[-74.077955590941755,4.6074640017149893],[-74.077683371984634,4.6074377533067334],[-74.077388662494371,4.6074280717661136],[-74.077250862358596,4.6074301860084681],[-74.077208550634779,4.607431486390956],[-74.077051641276356,4.6074390517723725],[-74.076758193445031,4.6074680527733296],[-74.076507201494508,4.6075084679260394],[-74.076465610721712,4.6075163787778299],[-74.076425674566579,4.6075241612175608],[-74.076138509826364,4.6075913492118037],[-74.075856339486364,4.6076772382503721],[-74.075784832138496,4.6077022694055625],[-74.075744980663103,4.6077165972093042],[-74.075540519662823,4.6077957889843546],[-74.075271935680178,4.6079179009039235],[-74.075101464531315,4.6080068393207876],[-74.075064331050626,4.6080272350213187],[-74.074974752508069,4.6080777730245739],[-74.074724349183384,4.6082340171097576],[-74.074484666468038,4.6084063615020989],[-74.074473851919933,4.6084147136710607],[-74.074440346645503,4.6084406744831918],[-74.074223224642822,4.6086200272923721],[-74.074008009379369,4.6088222880458956],[-74.073941853021395,4.6088906156355591],[-74.073725673849083,4.6089893978166394],[-74.073687831936084,4.6090080987623381],[-74.073685800603045,4.6090091025364446],[-74.073425750211285,4.6091485801847227],[-74.073381109507878,4.609174785046199],[-74.072933229688076,4.6094411778050954],[-74.072727466196085,4.6095712181555486],[-74.072659536211745,4.6096176667162911],[-74.072626584179076,4.609640643219981],[-74.072454830508107,4.6097665365541056],[-74.072389344518697,4.6098204637565177],[-74.072315800078357,4.6098482382252177],[-74.072063561008491,4.6099623006770996],[-74.072028204552197,4.6099796197659115],[-74.072011858318533,4.6099876661972417],[-74.071751807245136,4.61012714322829],[-74.071743211449089,4.6101321349542523],[-74.071395998140758,4.6103343088181905],[-74.071154190852425,4.6104855599121155],[-74.07111040069509,4.6105152932580618],[-74.071075887665245,4.6105390256789072],[-74.070879991677728,4.6106816354987643],[-74.070657929424812,4.6108645013110161],[-74.074897879451285,4.6184252560438619]]]},"properties":{"OBJECTID":4,"Shape_Length":4206.1611382302481,"Shape_Area":1113840.5102339236,"Tramo":1,"Tramo_1":1,"PKini":0,"PKfinal":0.98999999999999999,"Cant_km":1,"Municipio":"BOGOTA","Estacion":"CALLE 26","PUENTE":" "}},{"type":"Feature","id":5,"geometry":{"type":"Polygon","coordinates":[[[-74.129963914072007,4.6665450072359098],[-74.127415254135201,4.669733674438409],[-74.127655347110789,4.6700013662200472],[-74.127716533039091,4.6700682246367498],[-74.127723945789796,4.6700761621298925],[-74.127786312318065,4.6701416242026941],[-74.129439284790308,4.6718422248207885],[-74.130386756309122,4.6728283317270076],[-74.130391176583046,4.6728329252823864],[-74.130650997546894,4.6731025759477385],[-74.13066355902798,4.6731170294673152],[-74.130672100400545,4.6731268279098144],[-74.130680250575267,4.6731361253948096],[-74.130702164644077,4.673161055526001],[-74.130891177086824,4.6733632355619834],[-74.132776556866318,4.6752599150130489],[-74.132780998791759,4.6752643765218878],[-74.132825021397252,4.6753079372159698],[-74.132972309525556,4.6754516961887767],[-74.133083776199612,4.6755665273276046],[-74.133125794297555,4.6756092417280239],[-74.133146996207358,4.6756303701218309],[-74.133154657807026,4.6756379548547597],[-74.133219148553181,4.6757005387435262],[-74.133400553125227,4.6758731098011692],[-74.133407015893638,4.6758792459243459],[-74.133586122028348,4.6760489558826759],[-74.133701895573594,4.6761674218950047],[-74.133863817624729,4.6763354511434541],[-74.133917279606251,4.6763899983569184],[-74.133922857268004,4.6763955847267242],[-74.134067335662067,4.676540016491427],[-74.134267421963031,4.6767480527923979],[-74.134307819572996,4.6767895211127479],[-74.134487985317151,4.6769721008655418],[-74.135489717086259,4.6780230034228705],[-74.135927707233833,4.6784824905280926],[-74.13935961817532,4.6750352246370452],[-74.142791495570805,4.6715879420431108],[-74.142753071759671,4.6715482772160923],[-74.142707730864174,4.6715021363714744],[-74.142704675212258,4.6714990746664986],[-74.142649570729716,4.6714439024908163],[-74.142388390450208,4.671175688860318],[-74.142384346889273,4.6711715420748599],[-74.142110060917389,4.6708905932646214],[-74.141324902860816,4.6700822837054652],[-74.140895324255183,4.6696409096726148],[-74.140509428335562,4.6692447125162824],[-74.140502938483152,4.6692380610038855],[-74.140203812369364,4.6689322125960802],[-74.140101368242583,4.6688056492620502],[-74.140084411506038,4.6687858409866925],[-74.14005365289394,4.6687502826911897],[-74.139939155073819,4.6686241888385371],[-74.139317005058928,4.6679644620317511],[-74.138262018580193,4.6668457541204349],[-74.138174912683596,4.6667559131440655],[-74.138163068810911,4.6667440767647355],[-74.138150997799528,4.6667320559257837],[-74.138048744218011,4.6666333919958181],[-74.137781168098087,4.6663832216970693],[-74.13766912184721,4.6662488076029591],[-74.13760026604065,4.6661681527657679],[-74.137557458249063,4.6661198826121284],[-74.137543770087518,4.666104669690232],[-74.137427304869547,4.665980040555449],[-74.136066835317465,4.6645782305451018],[-74.134715359499424,4.6631861709199933],[-74.134217937028907,4.6626724769183667],[-74.134076525678054,4.6625262769226747],[-74.134066616213744,4.6625160328035076],[-74.134044960357301,4.6624939784493087],[-74.134045113560305,4.6624938011924169],[-74.133736260037708,4.6621744909450342],[-74.133714903435774,4.6621525595422924],[-74.133582569041195,4.6620175884261466],[-74.129963914072007,4.6665450072359098]]]},"properties":{"OBJECTID":5,"Shape_Length":4994.8815312629749,"Shape_Area":1528748.8703075077,"Tramo":6,"Tramo_1":6,"PKini":8.8599999999999994,"PKfinal":10.26,"Cant_km":1.3999999999999999,"Municipio":"BOGOTA","Estacion":"FONTIBON","PUENTE":" "}},{"type":"Feature","id":6,"geometry":{"type":"Polygon","coordinates":[[[-74.118700828116999,4.6609724674947364],[-74.11875272144475,4.6610286944019128],[-74.118836512674335,4.6611147037600986],[-74.120771292999919,4.6631268580068497],[-74.120779709672533,4.6631355894980304],[-74.12150686649143,4.6638877649808776],[-74.121511169476094,4.6638922102951685],[-74.122045522304276,4.6644434344316732],[-74.122089590519593,4.6644882654743638],[-74.122276408272029,4.6646652919989489],[-74.122305012929246,4.6646908893578605],[-74.122333437308583,4.6647161105344495],[-74.122561402930913,4.6649038015833151],[-74.122801114985506,4.6650761293948992],[-74.122810620301451,4.6650824842661942],[-74.122842543234583,4.6651037660253021],[-74.122966227364117,4.6651807075001432],[-74.123517047780723,4.6657175382347393],[-74.125006155127949,4.6672291652880631],[-74.125033363838384,4.6672672565601268],[-74.125189423308271,4.6674600826421679],[-74.12521516781166,4.6674901672540452],[-74.12524620324595,4.6675260463173123],[-74.125433792167783,4.667727868071557],[-74.125734787835981,4.6680325073489852],[-74.125748800171408,4.6680466244580732],[-74.125787103760302,4.6680845955676391],[-74.126844916674528,4.6691207479471766],[-74.126892639385943,4.669166810088127],[-74.126898402592701,4.6691722934119699],[-74.127093013577436,4.6693503308835673],[-74.127085084604332,4.6693580795631657],[-74.12714058271392,4.6694165211267018],[-74.127197845225325,4.6694703252643111],[-74.127188119252608,4.6694804307014834],[-74.127328134306808,4.6696365406686793],[-74.127415254135201,4.669733674438409],[-74.129963914072007,4.6665450072359098],[-74.133582569041195,4.6620175884261466],[-74.132803093459387,4.6612225771434117],[-74.130299802610551,4.6586527646406877],[-74.130188565736489,4.6585316425763841],[-74.1300608887788,4.6583982050313022],[-74.129992388896852,4.6583309313517756],[-74.12996708297436,4.6583066000881947],[-74.129820338674406,4.6581716284028962],[-74.129645001790337,4.6580272702681675],[-74.129160561475118,4.6574414420508008],[-74.129080368513783,4.6573471266737965],[-74.129041771115027,4.6573035454148837],[-74.129027194578953,4.6572872960457365],[-74.128903025848402,4.6571543789059131],[-74.127380229446103,4.6555887366865454],[-74.127372510422845,4.6555808191013659],[-74.12626971237691,4.6544525263346292],[-74.126152281366714,4.654355102363164],[-74.126088415822451,4.6542770305133523],[-74.125972527727072,4.6541516722880232],[-74.122322121853472,4.6575757488502569],[-74.122324467256973,4.6575738924044474],[-74.122327087466999,4.657572449557227],[-74.122329910272128,4.6575714600725879],[-74.122332857877552,4.6575709512201291],[-74.12233584904908,4.6575709370235154],[-74.122338801351816,4.6575714178739975],[-74.122341633422096,4.6575723805196256],[-74.122344267209769,4.6575737984304713],[-74.122346630129229,4.6575756325297686],[-74.122348657059874,4.6575778322708512],[-74.122350292140695,4.6575803370301871],[-74.122351490309867,4.657583077778126],[-74.122352218546581,4.657585978981313],[-74.122352456781073,4.657588960684345],[-74.122352192434946,4.657592054925245],[-74.122351401633082,4.6575950580632766],[-74.12235010778214,4.6575978812096324],[-74.122348349178338,4.6576004408030158],[-74.122346177873965,4.657602661082942],[-74.122343658136685,4.6576044763321409],[-74.122340864547283,4.6576058328217016],[-74.122337879792241,4.6576066904013764],[-74.122334792216222,4.657607023687973],[-74.122331693207286,4.6576068228166605],[-74.122328674491911,4.657606093732956],[-74.122325825419935,4.6576048580167475],[-74.122323230320049,4.6576031522435555],[-74.12232096600367,4.6576010269019497],[-74.122319099491492,4.6575985448991526],[-74.122317686029717,4.6575957796990766],[-74.122316767454933,4.6575928131478861],[-74.122316370955673,4.6575897330514655],[-74.122316508267787,4.6575866305764855],[-74.122317175327012,4.6575835975519899],[-74.122318352389328,4.6575807237513818],[-74.122320004615275,4.6575780942352569],[-74.12232208310121,4.657575786833724],[-74.118700828116999,4.6609724674947364]]]},"properties":{"OBJECTID":6,"Shape_Length":4796.8375848249825,"Shape_Area":1412574.6776655419,"Tramo":5,"Tramo_1":5,"PKini":7.5599999999999996,"PKfinal":8.8599999999999994,"Cant_km":1.3,"Municipio":"BOGOTA","Estacion":"AV.CALI","PUENTE":"B.C SAN FRANCISCO"}},{"type":"Feature","id":7,"geometry":{"type":"Polygon","coordinates":[[[-74.109227456824925,4.6509481690319099],[-74.110493004438752,4.6522525612194148],[-74.110852520179819,4.6526237633661909],[-74.111029083393419,4.6528133344394114],[-74.111079850610508,4.652866953960201],[-74.112199021531609,4.6540298399571691],[-74.112211854421261,4.6540431200141921],[-74.113415745029329,4.6552838283173763],[-74.114755819315903,4.6566834614779644],[-74.114819237919221,4.656748380299411],[-74.11482261245385,4.6567517622376648],[-74.114830711697209,4.6567598716549101],[-74.114898912557436,4.6568267200114501],[-74.115036439011149,4.656958696647461],[-74.11592425375818,4.6578565556066085],[-74.115960900034466,4.6579001358903609],[-74.116017236705375,4.657965845353389],[-74.116069939105216,4.6580250801558103],[-74.116083296760337,4.6580398305178425],[-74.116196892485434,4.6581607304411934],[-74.116761357120566,4.6587397917456368],[-74.117141069835839,4.6591443946185525],[-74.118466906182206,4.6607022699358236],[-74.118582041470845,4.6608430171479718],[-74.118587382809139,4.6608495477574285],[-74.118700828116999,4.6609724674947364],[-74.125972527727072,4.6541516722880232],[-74.125917930346006,4.6540926119837724],[-74.124489366851108,4.6526310138241289],[-74.124458254895742,4.652599493481806],[-74.124407481516855,4.6525493547170509],[-74.124397548938376,4.6525397009712259],[-74.124233083293475,4.6523875907822188],[-74.124195925622885,4.6523552569506004],[-74.124181531609807,4.6523428706743601],[-74.124059616291845,4.6522416196011527],[-74.12379309120341,4.6520280700289218],[-74.123499041357277,4.651726326658391],[-74.123228379614602,4.6514255781908753],[-74.12321084319214,4.6514032573542705],[-74.123185748209593,4.6513721579711831],[-74.123071284397753,4.6512358877573945],[-74.122960772690632,4.6511140156845308],[-74.122785739107144,4.6509279182591508],[-74.122694656889308,4.6508338506014066],[-74.122677356951471,4.6508165884429733],[-74.122664134590806,4.6508034659515358],[-74.122552151278668,4.6506960845615062],[-74.12209092849892,4.6502687933025877],[-74.120475053091965,4.6485895293921811],[-74.120445967619872,4.6485595804320301],[-74.118540613312078,4.6466157664859047],[-74.11826992597328,4.6463322811137298],[-74.11826090539769,4.6463184493147125],[-74.118193361341568,4.6462198798457832],[-74.11817904280899,4.646199566259714],[-74.118074811539017,4.6460576372458942],[-74.117903775283111,4.6458473896421504],[-74.117884950400892,4.645825616752151],[-74.11786889977553,4.6458071552848264],[-74.117723229706016,4.6456483198049803],[-74.116138735157918,4.6440013149543899],[-74.116125554474479,4.6439876696421951],[-74.115909088192424,4.6437645484569066],[-74.115383116388216,4.6432232570727496],[-74.108417293197107,4.6501162654996246],[-74.109227456824925,4.6509481690319099]]]},"properties":{"OBJECTID":7,"Shape_Length":5533.5769103669563,"Shape_Area":1808764.8193063959,"Tramo":4,"Tramo_1":4,"PKini":5.8799999999999999,"PKfinal":7.5599999999999996,"Cant_km":1.7,"Municipio":"BOGOTA","Estacion":"BOYACA","PUENTE":"BOYACA"}},{"type":"Feature","id":8,"geometry":{"type":"Polygon","coordinates":[[[-74.108025446628517,4.6496679150002471],[-74.108212529570736,4.6498966266810005],[-74.108377385332986,4.6500752875531708],[-74.108417293197107,4.6501162654996246],[-74.115383116388216,4.6432232570727496],[-74.099871643594369,4.6272594386351669],[-74.099468648930895,4.6268446775716408],[-74.096365740706275,4.6307102576379622],[-74.092257087265992,4.6335405830893777],[-74.092515386771552,4.6338064936784296],[-74.09253816626611,4.6337930424848244],[-74.092682837311003,4.6339699134206995],[-74.092843772190577,4.6341445539442745],[-74.092859803836987,4.6341610590653941],[-74.092908490008526,4.6342111784928397],[-74.094076954775929,4.6354140636115888],[-74.094080354347739,4.6354175595948064],[-74.094744486379057,4.6360997769618937],[-74.095718438080198,4.6371002468492764],[-74.097223366393777,4.6386451713350745],[-74.097396926704533,4.6388334528585045],[-74.097439070315488,4.6388785496110279],[-74.097444167924195,4.6388839301117635],[-74.097486992870174,4.6389285150026209],[-74.100637985223628,4.6421644287068835],[-74.101642372044083,4.6432005985661702],[-74.102139081171401,4.6437605427336592],[-74.102216217043846,4.6438453064255798],[-74.102225612067159,4.6438553728738343],[-74.102305089357017,4.6439383694521474],[-74.102773868492349,4.6444156077668168],[-74.10289928181507,4.6445698152206214],[-74.102918021485678,4.6445914980870855],[-74.102934720627587,4.6446107140693451],[-74.103078950540379,4.644768056957739],[-74.103613664125859,4.6453243977087748],[-74.103638802912911,4.645350345043517],[-74.104866086254034,4.6466069780227777],[-74.104898303868609,4.6466396313976794],[-74.104948433733398,4.6466891476426779],[-74.104958430859909,4.6466988685835178],[-74.105123534600096,4.6468516072893911],[-74.10515161514607,4.6468761093661684],[-74.105164878505335,4.6468875881540797],[-74.105280142356833,4.6469840174067993],[-74.10564315731709,4.6472775708952678],[-74.10604233139604,4.6476685946593852],[-74.106053175769588,4.647679181878674],[-74.106086657049488,4.6477117591844461],[-74.10611996890276,4.6477445101229264],[-74.106128289655302,4.6477526684675015],[-74.106361150007587,4.6479804184217244],[-74.106995769978369,4.6486312111953501],[-74.107300590216227,4.6489657965797004],[-74.107351553409259,4.6490208126247783],[-74.107357734530922,4.6490273740340866],[-74.107409782822359,4.649081717222427],[-74.107921445657908,4.6496071137155024],[-74.108001254074992,4.6496890624253684],[-74.108024134312828,4.6496660793084583],[-74.108025446628517,4.6496679150002471]]]},"properties":{"OBJECTID":8,"Shape_Length":7287.9766269954735,"Shape_Area":2733078.1970459404,"Tramo":3,"Tramo_1":3,"PKini":3.4199999999999999,"PKfinal":5.8899999999999997,"Cant_km":2.5,"Municipio":"BOGOTA","Estacion":"CRA 50 - CRA 68","PUENTE":"CRA 68"}},{"type":"Feature","id":9,"geometry":{"type":"Polygon","coordinates":[[[-74.081454947636942,4.6147178773527076],[-74.079755282455025,4.6164657282973103],[-74.077680617674986,4.6177296795744827],[-74.079051459569456,4.6197287867005521],[-74.079101879565428,4.6197899360694512],[-74.079107995286122,4.6197972229902078],[-74.079159653571708,4.6198576778415701],[-74.07931721138857,4.6200388126709484],[-74.079324210315065,4.6200468393135754],[-74.079357510642126,4.6200845164225495],[-74.079632520097817,4.6203921946571445],[-74.079654904786906,4.6204170522780776],[-74.079993690811136,4.6207904807842182],[-74.080050834104384,4.6208522974412825],[-74.080057728502467,4.6208596187146345],[-74.080115509868406,4.6209198437775356],[-74.080289791289985,4.6210981713434682],[-74.080338118862528,4.6211641785863584],[-74.08050803138606,4.6213731568156726],[-74.080526719294653,4.6213947914612836],[-74.080543873309992,4.62141453248673],[-74.080687287870973,4.6215710426882879],[-74.08078895205729,4.621676884536476],[-74.08080267779691,4.6216911110858137],[-74.082762776651677,4.6237139224535238],[-74.083021292819396,4.6240140358087283],[-74.083042574633211,4.6240385623508562],[-74.083101827363592,4.6241050250863713],[-74.083111647241722,4.6241158224755337],[-74.083194784543224,4.6242048023439191],[-74.0842386040121,4.6252922047858966],[-74.084344980968396,4.6254061541138523],[-74.084379711154469,4.6254429411253586],[-74.084383882093135,4.625447310712798],[-74.084418664547272,4.6254833399097235],[-74.084814017078827,4.6258883440173237],[-74.084846867307874,4.6259216494296931],[-74.084896500436585,4.6259706878578974],[-74.084906534849949,4.625980448879587],[-74.085054417590641,4.6261180110165387],[-74.085062034873033,4.6261247842201714],[-74.085079738835759,4.6261404448784775],[-74.085125844477986,4.6261804655447509],[-74.085229661938442,4.6262693563230766],[-74.085306965069975,4.6263483542228521],[-74.086897673626581,4.6279739177991805],[-74.086926679332379,4.6280032894137166],[-74.086933939770546,4.6280105563549769],[-74.086938305406363,4.6280149186899147],[-74.086974825694895,4.6280509820988076],[-74.087300047620545,4.6283685190141464],[-74.087373642052341,4.6284709835870768],[-74.087560712764784,4.6286997009308628],[-74.087641830606529,4.628790031331949],[-74.087669882884214,4.6288204374598934],[-74.087790343786978,4.6289460588919251],[-74.088005565363133,4.6291483173936916],[-74.088178078430914,4.6292926463556974],[-74.088210443995521,4.6293183807295568],[-74.088265876058131,4.6293617542283902],[-74.088491712038476,4.6295241323335548],[-74.088564601748061,4.629610722526575],[-74.088576561365059,4.6296244533871356],[-74.088581860728127,4.6296305284607664],[-74.088678161288584,4.6297372337531435],[-74.088964921605822,4.6300449858536661],[-74.088973269025956,4.6300552912384347],[-74.088990556873483,4.630075453460158],[-74.089018663366886,4.6301079213598157],[-74.089138755322963,4.6302399631656215],[-74.089589563923525,4.63071636434755],[-74.089635446740388,4.6307641455081576],[-74.090385755385824,4.6315340963582168],[-74.091241570450464,4.6324123987999357],[-74.091256387237706,4.6324334671314231],[-74.091267824276855,4.6324493628739276],[-74.091346513579524,4.6325554351177507],[-74.091524056712856,4.6327732130310428],[-74.091543705996443,4.6327958384826049],[-74.09155323412331,4.6328067768296322],[-74.091712614692185,4.6329798170200078],[-74.091958775631937,4.6332334818930958],[-74.092257087265992,4.6335405830893777],[-74.096365740706275,4.6307102576379622],[-74.099468648930895,4.6268446775716408],[-74.099041181919844,4.6264047283563929],[-74.099026475154247,4.626389453193422],[-74.098823082428666,4.6261791927240239],[-74.098775881684801,4.6261311228144173],[-74.098733408987584,4.6260890682322495],[-74.098722512780142,4.6260784212088453],[-74.098559899089963,4.6259271674970499],[-74.09855472949134,4.6259225918403715],[-74.09844251855408,4.6257857494989718],[-74.098441296443482,4.6257843532799301],[-74.098420268210504,4.6257603137148964],[-74.098239107847533,4.6255651417380719],[-74.097716598734806,4.6250345039018024],[-74.097355091979637,4.6246516309185655],[-74.097270170271003,4.6245640906218251],[-74.097135503154718,4.6244344542375391],[-74.097107490426438,4.6244085845015288],[-74.097026934740839,4.6243359633668941],[-74.096798988911175,4.6241482637109552],[-74.096607043175652,4.6240085240171682],[-74.095845315023936,4.6232231885269455],[-74.095807348888073,4.6231840726566009],[-74.095552748931198,4.6229210116638715],[-74.095506372366899,4.6228737897522949],[-74.095427271477632,4.6227963466109889],[-74.095406715788059,4.6227767091249632],[-74.095270594887083,4.6226518960055349],[-74.095234071001443,4.6226218213633121],[-74.094305758260958,4.6217043450503033],[-74.094300412011393,4.6216968592948691],[-74.094113340985913,4.6214681436873581],[-74.094064194055662,4.6214128335906794],[-74.094036352675602,4.6213820135305124],[-74.093883922880423,4.6212213753536542],[-74.093800709068006,4.6211400056046816],[-74.093676897849519,4.6210220230496102],[-74.093665232098417,4.6210091604030969],[-74.092153664136703,4.6194026638981027],[-74.091165700213267,4.6182846103143289],[-74.091067919215902,4.6181774730904657],[-74.091055983195574,4.6181648075445896],[-74.090968388152845,4.6180744306042554],[-74.090954815500822,4.618060869820221],[-74.09046050098506,4.6175690787476764],[-74.0903578563547,4.6174147310726577],[-74.090356306213167,4.6174124034052397],[-74.090184547298733,4.6171718996639131],[-74.09015743075706,4.6171368002359525],[-74.090132154557892,4.6171044118973885],[-74.089972202593756,4.6169107945888559],[-74.089770626593108,4.6166948451085439],[-74.089671348375077,4.6165982411222446],[-74.089641483277987,4.6165700596972936],[-74.089525543195606,4.616464405634118],[-74.089440847221482,4.6163946612020039],[-74.08905346605934,4.6159984276280177],[-74.089023027793687,4.6159675911297064],[-74.088972046834698,4.615917243555784],[-74.08896215670498,4.6159076290847185],[-74.088797917987179,4.6157557183798419],[-74.088749983315822,4.6157141317026822],[-74.088734265852466,4.6157006902780067],[-74.088601062243868,4.6155911025820666],[-74.088534286550072,4.6155382737943196],[-74.088487483916595,4.6155017457953411],[-74.088431773570164,4.6154602261355739],[-74.0878845777967,4.6148759574169631],[-74.087787163743243,4.6147751281940863],[-74.087770727104584,4.6147587206190028],[-74.087756819319765,4.6147449065700528],[-74.087558036993769,4.6145590554814024],[-74.087493024208058,4.6145029348778852],[-74.087475196121574,4.614487838565867],[-74.087323833232048,4.6143651908253025],[-74.087275031820511,4.6143273641823352],[-74.087096184659629,4.6141424368925783],[-74.087091505478227,4.6141376061280317],[-74.08673434678272,4.6137694044804398],[-74.086452098381287,4.6134714576083153],[-74.086079200472994,4.6130155973650613],[-74.086029650952213,4.6129560708034978],[-74.086023637960423,4.6129489738450458],[-74.085977988984212,4.6128959184805618],[-74.085964524649626,4.6128805417413785],[-74.085886436372988,4.6127440279188994],[-74.085803598565164,4.6125937505332937],[-74.085662995353147,4.6123385864171009],[-74.085655406971497,4.6123248174687985],[-74.085614350425274,4.6122519105976343],[-74.08545863583673,4.6120006478072408],[-74.085286879872768,4.6117601428374471],[-74.085099814337852,4.6115314247746548],[-74.084898241327181,4.6113154738715432],[-74.084832544065847,4.6112537300210699],[-74.084709515463842,4.6111230999701993],[-74.081454947636942,4.6147178773527076]]]},"properties":{"OBJECTID":9,"Shape_Length":6960.5586856670598,"Shape_Area":2594253.4297559382,"Tramo":2,"Tramo_1":2,"PKini":0.98999999999999999,"PKfinal":3.4199999999999999,"Cant_km":2.3999999999999999,"Municipio":"BOGOTA","Estacion":"NQS - CR40","PUENTE":"CRA 30 - LAS AMERICA"}},{"type":"Feature","id":10,"geometry":{"type":"Polygon","coordinates":[[[-74.145227138294587,4.688238153764221],[-74.1452481285326,4.6882623347388552],[-74.145331393109302,4.6883530622307958],[-74.149217135479304,4.6848412230593848],[-74.152665117432761,4.6817249739975537],[-74.152553246459149,4.681610269988095],[-74.152552653463232,4.6816108379572583],[-74.152532214994437,4.6815887081099774],[-74.152531068413666,4.6815875326322436],[-74.152514069813293,4.6815701030096424],[-74.152479423648572,4.6815349671143824],[-74.152420539060756,4.6814769710925086],[-74.152401665671448,4.6814587187472849],[-74.15224529260486,4.6813144766029007],[-74.152222392147195,4.6812956242220904],[-74.152126591808738,4.681200747191169],[-74.151982802730728,4.6810556771055127],[-74.15197363913137,4.6810464559453289],[-74.151949874735465,4.6810227963445401],[-74.151782166635741,4.6808570436130497],[-74.15162426207003,4.6806999585000026],[-74.151598218888537,4.6806732407574865],[-74.151562873328487,4.6806373814419526],[-74.151555519745003,4.6806300048733354],[-74.151555325043404,4.6806298077547321],[-74.151493722009803,4.6805691840187933],[-74.151461244870632,4.6805378314669595],[-74.15142910668925,4.6805071082762915],[-74.151425268571927,4.6805034751711005],[-74.151413119646477,4.6804920188685006],[-74.151350653394118,4.6804333268129588],[-74.151292982638097,4.6803800763731758],[-74.151283321586504,4.6803713092187174],[-74.151275365864592,4.6803632092638621],[-74.151251671786667,4.6803392638693326],[-74.151137539781644,4.6802320321593838],[-74.151020897000109,4.6801095341612786],[-74.151003878607952,4.6800917572478049],[-74.14963261807911,4.6786672616064591],[-74.149144522846711,4.6781610039374666],[-74.14912845824324,4.6781444259912579],[-74.148153047959099,4.6771430180008933],[-74.14732450072195,4.6762843933069922],[-74.146234146009064,4.6751495487712154],[-74.146022735319491,4.6749114089798018],[-74.14595234221774,4.6748339455579853],[-74.145943793462834,4.6748247531926523],[-74.145871688088221,4.674749006307092],[-74.145012494885989,4.6738670921641523],[-74.145003403566676,4.6738577877047467],[-74.14466209086568,4.6735094627467477],[-74.144553695580598,4.6733705821786691],[-74.144542548862532,4.6733563584709099],[-74.144462666807243,4.673254848425052],[-74.14431364656464,4.6730752271693552],[-74.144277008781486,4.6730338314130178],[-74.144251432857828,4.6730052884437825],[-74.144220239533951,4.6729708354472459],[-74.144207216340632,4.6729565992520774],[-74.144194979008319,4.6729416757073583],[-74.144159602932447,4.6728990789026676],[-74.144134619957129,4.6728693656972151],[-74.144078077582336,4.672803418034416],[-74.143876469240766,4.6725874846389717],[-74.143676073068178,4.672398369244509],[-74.143647054525644,4.6723726136561323],[-74.143632198235167,4.6723594863050382],[-74.143405778600055,4.6721729975879533],[-74.143218349178468,4.6720285952829954],[-74.143078924348231,4.6718846641046001],[-74.142886569013385,4.6716860904629369],[-74.142884818861646,4.6716877274247866],[-74.142821325676422,4.671618738209208],[-74.142791495570805,4.6715879420431108],[-74.13935961817532,4.6750352246370452],[-74.135927707233833,4.6784824905280926],[-74.145227138294587,4.688238153764221]]]},"properties":{"OBJECTID":10,"Shape_Length":5251.4600540126175,"Shape_Area":1668081.0771315577,"Tramo":7,"Tramo_1":7,"PKini":10.26,"PKfinal":11.800000000000001,"Cant_km":1.5,"Municipio":"BOGOTA","Estacion":" ","PUENTE":" "}},{"type":"Feature","id":11,"geometry":{"type":"Polygon","coordinates":[[[-74.145736149547844,4.6887391470349806],[-74.145964129152773,4.6889268301674649],[-74.146203855069757,4.689099151489625],[-74.146359283334817,4.6891987746667851],[-74.146364109245539,4.68920173127872],[-74.146368221409631,4.6892056266328233],[-74.146491724754441,4.6893184033748039],[-74.146626447483186,4.6894293124919528],[-74.146748973122811,4.6895526389418469],[-74.146912289803808,4.6897248735343577],[-74.147001424111565,4.6898338229471932],[-74.147029144370464,4.6898652358522126],[-74.147053570841976,4.6898926574680688],[-74.147227464895963,4.6900771786680506],[-74.147264846003011,4.6901142407157188],[-74.147308755012517,4.6901572723509197],[-74.14735204953503,4.6902023459723621],[-74.14738039872546,4.6902315956948097],[-74.147726983447356,4.6905859701218029],[-74.147740771335734,4.6906000072138081],[-74.1485499973099,4.6914202394676288],[-74.14975971335754,4.6926746256459646],[-74.149779061250541,4.692694565442622],[-74.149903767848528,4.6928222950645502],[-74.149936795516851,4.6928557727366185],[-74.149943318112591,4.6928623011633368],[-74.150049280543257,4.6929681593015999],[-74.15062963667431,4.6935614766823557],[-74.150644556852313,4.6935766584492917],[-74.150827408317923,4.6937618379109889],[-74.150847543014677,4.6937893918665905],[-74.150906919272984,4.6938688019464445],[-74.151094027859045,4.6940975016096145],[-74.151291835270158,4.6943096078464803],[-74.151320556094433,4.694338486594912],[-74.151324365465982,4.6943423132230091],[-74.151539626903499,4.6945445533486945],[-74.151767609936186,4.6947322345025961],[-74.151838082435589,4.6947853858333222],[-74.151870822686391,4.6948095816236162],[-74.152040079509774,4.6949287477247355],[-74.152082588512144,4.6949552629151432],[-74.152237129109082,4.6950785324802187],[-74.152511586120198,4.6952981594080656],[-74.152522837343909,4.6953071343581358],[-74.152987777469448,4.6956767652561222],[-74.153043523368311,4.6957203739890714],[-74.153234230551718,4.6958593653210894],[-74.15326601525517,4.6958812804829675],[-74.153315038033497,4.6959146061349823],[-74.153565488484531,4.6960708251768661],[-74.155482291886727,4.6970960551331711],[-74.155500379036738,4.6971071788088334],[-74.160084488002795,4.6941450886065379],[-74.161269989633894,4.6933790502273718],[-74.161501579016985,4.6931882894283214],[-74.161624937745216,4.6929255171127329],[-74.161695419544998,4.6927057012498858],[-74.161862479125205,4.6920135727764354],[-74.162015889401403,4.6916780008883778],[-74.162397493906909,4.6912358141227157],[-74.163302340833965,4.6903431734938845],[-74.163238311474814,4.6902904647365622],[-74.163141088854005,4.6902176997849825],[-74.16310691527228,4.6901928318937971],[-74.162964405693756,4.6900932832528284],[-74.162713957167156,4.6899370693645022],[-74.162636147183392,4.6898947301195877],[-74.162503750169535,4.6898226873829705],[-74.162466119882239,4.689803489889826],[-74.162416229245125,4.6897784249276659],[-74.162147600196093,4.6896563452338373],[-74.162099659054519,4.689638248608178],[-74.162076309604288,4.6896226702123105],[-74.161833656604912,4.6894716674859511],[-74.161795187795576,4.6894496413822147],[-74.161524777889198,4.6892965800725959],[-74.161303151298796,4.6891791606198279],[-74.161227469263778,4.689142599485792],[-74.161191119153145,4.6891254581649058],[-74.160998174367109,4.6890399391568689],[-74.160918788756902,4.689009970835472],[-74.160060675440889,4.6885298545472009],[-74.159950915924156,4.6884704273515121],[-74.159937635204798,4.6884634729823826],[-74.159845249010715,4.688416441780638],[-74.159825810238203,4.6884068855369749],[-74.159651690621587,4.6883217998070421],[-74.15960040320391,4.6882971381245877],[-74.159534908605039,4.6882661533770458],[-74.159123857602239,4.6880366465713781],[-74.159046370390826,4.6879915650174713],[-74.158868847280559,4.6878723400527962],[-74.158865326492716,4.687869978410478],[-74.158802152513857,4.6878284002594555],[-74.158796376491964,4.6878246679483624],[-74.158745663294027,4.687792377393265],[-74.158693783776428,4.6877598265291924],[-74.158415916930934,4.6875526384049522],[-74.158210094533317,4.6873844717806197],[-74.158033694516988,4.6872317436660182],[-74.157830168079116,4.6870411425886633],[-74.157564761344091,4.6867696274457611],[-74.156995288478115,4.6861846377298333],[-74.156447985378691,4.6856182357854612],[-74.15420313844038,4.6832987056940496],[-74.154156294298531,4.6832510140010042],[-74.154154473466576,4.6832491893067294],[-74.154033081687857,4.6831275586853254],[-74.15278848851213,4.6818514689297714],[-74.152665117432761,4.6817249739975537],[-74.149217135479304,4.6848412230593848],[-74.145331393109302,4.6883530622307958],[-74.14539553890188,4.6884229563099273],[-74.145416961592844,4.6884451965918341],[-74.145471164538037,4.6885005096607193],[-74.145480811239096,4.6885095716987255],[-74.145686420701182,4.6887027498691207],[-74.145691413416628,4.6886971155420065],[-74.145736149547844,4.6887391470349806]]]},"properties":{"OBJECTID":11,"Shape_Length":5303.3303614391134,"Shape_Area":1686888.8753813626,"Tramo":8,"Tramo_1":8,"PKini":11.800000000000001,"PKfinal":13.4,"Cant_km":1.6000000000000001,"Municipio":"BOGOTA","Estacion":" ","PUENTE":"RIO BOGOTA"}},{"type":"Feature","id":12,"geometry":{"type":"Polygon","coordinates":[[[-74.168900714894278,4.7044986573045486],[-74.168943119444066,4.7045167125616736],[-74.168948203226833,4.7045188460591572],[-74.168963450965762,4.7045252139967992],[-74.168991546948973,4.704536774586912],[-74.169034591380964,4.7045543161077488],[-74.169087965562653,4.7045756724438617],[-74.169180098905258,4.7046118525038807],[-74.169225937494033,4.704629565463164],[-74.169231399829755,4.7046316410330027],[-74.169277097731779,4.7046487300354025],[-74.169387564744284,4.7046893568424055],[-74.169440266246113,4.7047083674668455],[-74.169446602895775,4.7047106093120581],[-74.16949691386796,4.7047280702652019],[-74.169499493591871,4.7047289471023728],[-74.169671929488942,4.7047875324491413],[-74.169742950242338,4.7048110042855109],[-74.169751466377221,4.7048137413995335],[-74.169822380603179,4.7048358802929631],[-74.169978836283988,4.7048833121474134],[-74.170035802630153,4.7049001717170746],[-74.170042678245636,4.7049021584705093],[-74.170100333129028,4.7049183921627149],[-74.170218765118477,4.7049508898632899],[-74.170241849037453,4.7049571590637367],[-74.170269203594529,4.7049644170064955],[-74.17027516159969,4.7049659770468715],[-74.170340070439991,4.7049824647670135],[-74.170499793335068,4.7050217699627668],[-74.17056892401375,4.7050382046476003],[-74.170577245356895,4.7050401134320436],[-74.170646916700292,4.7050555135093539],[-74.170821042600068,4.7050925541270763],[-74.170877189868875,4.7051041253484334],[-74.170892098280788,4.7051070713902652],[-74.170900659348831,4.7051087486359977],[-74.170972270107555,4.7051221770306277],[-74.171140522042506,4.7051523166839022],[-74.171212071357729,4.7051645369075628],[-74.171220666640252,4.7051659338095027],[-74.171292378042367,4.7051769928726062],[-74.171467931984552,4.7052026189697242],[-74.171526889171801,4.7052108257363567],[-74.171533968354439,4.7052117634511177],[-74.171536205498725,4.7052120597617213],[-74.171592990333593,4.7052191852647542],[-74.171700479428651,4.7052319775278493],[-74.171753702054957,4.7052379893932539],[-74.171760087178626,4.7052386721850459],[-74.17181357831987,4.705244069080627],[-74.171963105708045,4.7052582500487476],[-74.172057431116059,4.7052661951474306],[-74.172065916334674,4.7052668197755168],[-74.172101582355708,4.7052693035835214],[-74.172139146557072,4.7052716098874692],[-74.172394072108304,4.705286194217785],[-74.172492526964675,4.7052907457341275],[-74.172504366911383,4.7052911619084927],[-74.172603268536477,4.7052935556713305],[-74.172821849021929,4.7052964376483164],[-74.172881683063622,4.7052968273488798],[-74.172918195980799,4.7052966740393485],[-74.172929765458576,4.705296578405723],[-74.173026245532014,4.7052947439002466],[-74.173270326903136,4.7052874813370522],[-74.173357331958513,4.7052840474654385],[-74.173367789135739,4.7052835341877657],[-74.173442537766391,4.7052792338582545],[-74.173455037315406,4.70527839113005],[-74.173644097012556,4.7052654027099194],[-74.173683430720814,4.7052625270063695],[-74.173688047291307,4.7052621700715749],[-74.173738131903107,4.705258005146268],[-74.173837493463949,4.7052491816449269],[-74.17389819553182,4.7052433766344581],[-74.174176210869689,4.7052148831589022],[-74.174188369655013,4.7052136190577851],[-74.174450635227373,4.7051860174982885],[-74.174569338606602,4.7051719263234402],[-74.174587514514911,4.7051694857772661],[-74.174598146417608,4.7051680355946628],[-74.174613728343758,4.7051659517065509],[-74.174635268099124,4.7051640822119687],[-74.17466941730838,4.7051609847166587],[-74.174758597458265,4.7051525567831174],[-74.174823494192466,4.7051459480816114],[-74.174831214878594,4.7051451041881576],[-74.174895413860284,4.705137627442733],[-74.175099828651213,4.7051123270525625],[-74.175183067237356,4.7051040699074544],[-74.175246238799076,4.7050973510832863],[-74.175253817071464,4.7050964909276241],[-74.175316920005557,4.7050888768427193],[-74.175403772525939,4.7050777724049651],[-74.175440952084898,4.7050752676712682],[-74.175626896200342,4.7050588590634259],[-74.175640673736766,4.7050573541632428],[-74.175741783347846,4.7050451480363584],[-74.175749253439704,4.7050441486273256],[-74.175939167554617,4.7050316893893811],[-74.176057100002382,4.7050223565346494],[-74.176067223620905,4.705021420048082],[-74.176155943961049,4.7050123336657936],[-74.176485438307637,4.7049752754224228],[-74.176733356913289,4.7049520265714575],[-74.176757742989452,4.7049496718972419],[-74.177392804557201,4.7048866232218671],[-74.177412815614559,4.7048845910857366],[-74.178235411922088,4.7047992018383269],[-74.178283742317078,4.7047939209261758],[-74.178487529814603,4.7047705349587678],[-74.179265351528173,4.7047113017411135],[-74.179346082705678,4.7047044208218747],[-74.181535407296238,4.7044979169910253],[-74.18170247685407,4.7044789974217478],[-74.181797842766485,4.7044653443876889],[-74.181829186705059,4.7044605125020631],[-74.181897413949116,4.7044494606893696],[-74.181907782588411,4.7044476975449729],[-74.182048466227442,4.7044384687843062],[-74.182124771987432,4.7044327873194698],[-74.182361306912,4.7044131445585142],[-74.182422801424764,4.7044155950102544],[-74.182454308385786,4.704416040607053],[-74.182518508392121,4.7044164903157473],[-74.182716447028113,4.7044120962509348],[-74.182749700478638,4.704410624439892],[-74.182813389772036,4.7044073520714811],[-74.182820969891353,4.7044069096233123],[-74.182854089856122,4.7044048500280153],[-74.182883719871867,4.7044027981937724],[-74.183643022601217,4.7043477064385399],[-74.184302356761506,4.7043035731186462],[-74.184497096410723,4.7042925360012742],[-74.184497052967444,4.7042913604090657],[-74.184538650962992,4.7042901802260237],[-74.184540650095158,4.7042900659760845],[-74.183990312693282,4.6945154348099409],[-74.183894436658335,4.6945200143769918],[-74.183828904224356,4.6945236235079335],[-74.183821075456081,4.6945241130266444],[-74.183805444962587,4.694525115571671],[-74.183756107384809,4.6945286408407876],[-74.183320749114827,4.6945621555095896],[-74.183312404816348,4.6945628060674691],[-74.183012536462883,4.6945864520816478],[-74.182960134390328,4.6945899379685061],[-74.182793997678147,4.6945867853223051],[-74.182708098399232,4.6945859771679306],[-74.182705800039798,4.6945859775144587],[-74.182695191534506,4.694585984539656],[-74.182606557919087,4.6945869184805371],[-74.182558503424488,4.6945878987516529],[-74.18243742645862,4.6945920026298902],[-74.182422900929126,4.6945926902789568],[-74.182340164290849,4.6945973779825572],[-74.182323084503821,4.694598577851167],[-74.182245434676361,4.6946017672467786],[-74.182165102650913,4.6946057871900395],[-74.181752225343246,4.6946301603909077],[-74.181721496107954,4.6946320784952364],[-74.181428018796908,4.6946611252066628],[-74.181405152826045,4.694664208682152],[-74.181362220336737,4.6946701093479222],[-74.181101560355955,4.6947140160385041],[-74.181004591939598,4.6947190728458397],[-74.180842565870208,4.6947327012583902],[-74.178780851855592,4.6949437541687047],[-74.178248312428082,4.6949864838216984],[-74.178197817605707,4.6949908227426747],[-74.178192517924913,4.6949913082161912],[-74.178147924928396,4.6949956173440022],[-74.17581377312041,4.6952329274866234],[-74.175679248129612,4.6952486560562576],[-74.175546095615672,4.6952692314943949],[-74.173463611813915,4.695480955330062],[-74.173411391969609,4.6954865728337927],[-74.173081002420702,4.6955240709698005],[-74.172996326403052,4.6955188430084824],[-74.172834533458143,4.6955130052241731],[-74.172774737360726,4.6955071191171136],[-74.172737686934141,4.6955011322351119],[-74.172672988738171,4.6954898733939716],[-74.172667277850252,4.695488902946872],[-74.172441707148536,4.6953864593749683],[-74.172439257226557,4.695385441458221],[-74.172405531594038,4.6953714546027197],[-74.172350602419627,4.6953506431076537],[-74.171984820112087,4.6951352559685855],[-74.171956525504015,4.6951187326773809],[-74.171933309380023,4.6951055926159979],[-74.171879217148643,4.6950749782772903],[-74.171866455334765,4.695067919171116],[-74.171758842807947,4.6950102967794525],[-74.171678859674216,4.6949688559362883],[-74.171628806049767,4.6949433160057499],[-74.171493921921979,4.6948755491127345],[-74.171468796905017,4.6948630242216725],[-74.171388327444447,4.6948242131358544],[-74.171375636088726,4.6948182464143553],[-74.171363510822815,4.6948127426218749],[-74.171004811528604,4.6946235554053013],[-74.170988793992308,4.6946151493007928],[-74.170785435379827,4.6945089348592282],[-74.170742969407939,4.694485627488576],[-74.170733449013767,4.6944805248493475],[-74.170653541662347,4.6944387257697056],[-74.170643035193493,4.6944333628202717],[-74.170559458667157,4.69438534981842],[-74.170330060695903,4.6942622462491093],[-74.170300084505925,4.6942472604352403],[-74.170282870016706,4.6942387007409838],[-74.170062299048695,4.6941384640353387],[-74.169256229141212,4.6936808262980847],[-74.169191854229425,4.6936449699220741],[-74.169184123987264,4.6936407478214628],[-74.16915189425842,4.6936234797808476],[-74.164552012956889,4.6913011048363815],[-74.163976733576561,4.6910106548033124],[-74.163883177620633,4.6908963058194768],[-74.163681558030589,4.6906803784269853],[-74.163466296167556,4.6904781420626138],[-74.163302340833965,4.6903431734938845],[-74.162397493906909,4.6912358141227157],[-74.162015889401403,4.6916780008883778],[-74.161862479125205,4.6920135727764354],[-74.161695419544998,4.6927057012498858],[-74.161624937745216,4.6929255171127329],[-74.161501579016985,4.6931882894283214],[-74.161269989633894,4.6933790502273718],[-74.160084488002795,4.6941450886065379],[-74.155500379036738,4.6971071788088334],[-74.15614594806442,4.697504197782906],[-74.156606016473759,4.6976755970644826],[-74.156806115287395,4.6977385991584715],[-74.157034100750792,4.6979262785336768],[-74.1572738324288,4.6980985959172052],[-74.157522510603926,4.6982537846013992],[-74.157550217295793,4.6982698473512379],[-74.157592388688201,4.6982961795651601],[-74.157604881011778,4.6983039804967008],[-74.157717530714635,4.6983720601048091],[-74.157731170444677,4.6983800327204674],[-74.157747000531216,4.6983892421766615],[-74.157845831548755,4.6984448276303885],[-74.157894134667856,4.6984711989084822],[-74.158972156489085,4.6990595157938833],[-74.158973252573347,4.699060157724209],[-74.158992396168344,4.6990711826138574],[-74.159034470959838,4.6990952720665842],[-74.159064126470312,4.6991121031882574],[-74.159119777846641,4.6991434110391728],[-74.159174991246331,4.6991752506697226],[-74.159193507478946,4.6991858704973994],[-74.159200449936847,4.6991898287425453],[-74.159236382676838,4.6992101063416403],[-74.159275666734104,4.6992320366200504],[-74.159314799403219,4.6992542400148318],[-74.159319812898516,4.6992570789523356],[-74.15933938373729,4.6992681508060619],[-74.159440023018519,4.6993233957961218],[-74.159489346543126,4.6993496601327136],[-74.159570824294747,4.6993946235707185],[-74.159602587188715,4.6994119861536712],[-74.159607674584919,4.6994147400754063],[-74.159650526220304,4.6994376429469256],[-74.159690817904519,4.6994588984691212],[-74.159704012301617,4.6994658311439554],[-74.159744376079487,4.6994869546255824],[-74.159815415608819,4.6995240933878213],[-74.159867331666575,4.699552882217656],[-74.159936078405906,4.6995914373839049],[-74.159983316285661,4.6996175572421128],[-74.159996377314641,4.6996246780230431],[-74.160053025525755,4.6996550379652362],[-74.160071563315157,4.6996648022914602],[-74.160097285293148,4.6996799301185197],[-74.160123439924007,4.6996951935394371],[-74.160199633975637,4.6997383344442927],[-74.160278016480831,4.6997817120093046],[-74.160357857437688,4.6998259249721004],[-74.160406151729404,4.6998522834125245],[-74.160515936468968,4.6999113360990172],[-74.160574155098644,4.6999439384935213],[-74.160584055906043,4.6999494680584872],[-74.16066498399843,4.6999945218616457],[-74.160725131511356,4.7000274115828686],[-74.160787564865274,4.7000609340409056],[-74.160847716007908,4.7000939340763734],[-74.160893563955298,4.7001187409829743],[-74.160899051570766,4.7001216702828366],[-74.160944668687421,4.7001456778057307],[-74.160980264215524,4.7001641521637358],[-74.161023491090447,4.70018872425553],[-74.161060617358572,4.7002095966495281],[-74.161142135009939,4.7002549216174625],[-74.161193721224791,4.7002831641837934],[-74.161241750532895,4.7003090523567872],[-74.161288572104795,4.7003352445189046],[-74.16131420749889,4.7003494770458101],[-74.161373143640233,4.7003819454480489],[-74.161431982529081,4.7004151264512357],[-74.161461885100962,4.700431841687144],[-74.161542542861795,4.7004765228436582],[-74.161570759814211,4.7004920210801036],[-74.161625834403793,4.7005220175494609],[-74.161680510688257,4.7005526488863296],[-74.161709212613331,4.7005685919777536],[-74.161790824039187,4.7006135334301407],[-74.161848087186669,4.7006445297808792],[-74.161878343023119,4.7006606246007561],[-74.161907223459522,4.7006769004473732],[-74.161933269922784,4.7006914638776767],[-74.162009599295388,4.7007338160069683],[-74.16207823626435,4.7007720436104607],[-74.162080716881164,4.7007734359429483],[-74.162088582476102,4.700778618478922],[-74.162223795319591,4.7008643050845604],[-74.162279852912519,4.70089845034419],[-74.162316945263299,4.7009214640737564],[-74.162369263901184,4.7009534340171868],[-74.162387037544505,4.700964129810064],[-74.162452168424167,4.7010025802624096],[-74.162536815961175,4.7010503861011053],[-74.162917157883456,4.7012598097517042],[-74.164271267851689,4.7020197381679258],[-74.16447793593403,4.7021287682554673],[-74.164502952916209,4.7021411469089633],[-74.164503567659324,4.7021414506794992],[-74.16455065225756,4.7021643979287573],[-74.164565297902513,4.7021714316103225],[-74.164592067389407,4.7021863927434975],[-74.164602092649844,4.7021919801099967],[-74.164679934882244,4.7022352252055937],[-74.165337234803985,4.7026051056480451],[-74.165350435006133,4.7026143007896177],[-74.165417486951313,4.7026601208200294],[-74.165588569164015,4.7027692780454107],[-74.166704032938,4.7034461222732427],[-74.166783404576094,4.703493177682363],[-74.167015219041048,4.7036185066253511],[-74.167053515386996,4.7036377833428089],[-74.167081804515377,4.703651899559202],[-74.16723689473281,4.7037242874801759],[-74.16731296883691,4.7037671545007225],[-74.167465484350828,4.7038492694309451],[-74.167483971843396,4.7038587695036256],[-74.167545576314154,4.7038898299227743],[-74.167639598028828,4.7039349842920268],[-74.167808625552141,4.7040137673484619],[-74.167894285888366,4.7040536922534102],[-74.16802150545881,4.7041129874345913],[-74.168080481230703,4.7041404435781962],[-74.168303838892854,4.7042444279125393],[-74.168346879973114,4.7042641922644268],[-74.168352107995375,4.7042665590588095],[-74.168464117244312,4.7043154547993913],[-74.168472263912463,4.7043188810596988],[-74.168490044519118,4.7043263121423609],[-74.168540126891642,4.7043467646441099],[-74.168665766284647,4.7043971977004908],[-74.168900714894278,4.7044986573045486]]]},"properties":{"OBJECTID":12,"Shape_Length":8163.644360053554,"Shape_Area":3115015.9369748784,"Tramo":9,"Tramo_1":9,"PKini":13.4,"PKfinal":16.260000000000002,"Cant_km":2.8999999999999999,"Municipio":"FUNZA","Estacion":"FUNZA 1 - CATAM","PUENTE":" "}},{"type":"Feature","id":13,"geometry":{"type":"Polygon","coordinates":[[[-74.184540650095158,4.7042900659760845],[-74.184701330578505,4.7042809584011582],[-74.18478573037261,4.7042761742804657],[-74.184895778651992,4.7042729904347906],[-74.184999737387784,4.7042687766020439],[-74.185012209889919,4.704268125384238],[-74.18507374672437,4.7042644932278019],[-74.185116101555366,4.704261500662553],[-74.185705980789706,4.7042170150245664],[-74.186478621779756,4.7041791596268716],[-74.186554253478022,4.7041748143489306],[-74.186564492477075,4.7041741345153252],[-74.186691778458098,4.7041638977108873],[-74.186697943461638,4.7041633125620272],[-74.186749758286993,4.7041580992454319],[-74.187997990509444,4.7040251880555921],[-74.18809570300759,4.7040212351932755],[-74.188709569144379,4.7039841585250022],[-74.188949976607546,4.7039696385253649],[-74.189194137173345,4.7039776169916729],[-74.189314900618626,4.7039759752863111],[-74.18934944842195,4.703975040111227],[-74.189523432528802,4.7039669547736418],[-74.189669597371832,4.7039549202451747],[-74.189710587376169,4.703950869582342],[-74.18987673826912,4.7039387268904447],[-74.189889284622296,4.7039377916212919],[-74.190429998038994,4.7038967499098261],[-74.19067362144564,4.7038715634024815],[-74.190705805425381,4.7038673459112479],[-74.190737612848366,4.7038643619540466],[-74.190774433362947,4.7038607550170468],[-74.190784419924782,4.7038597351433662],[-74.190791296951787,4.7038590286654909],[-74.1908197946982,4.7038560741807434],[-74.190862400094545,4.7038534103939389],[-74.190952341013343,4.7038477872380389],[-74.191042570352806,4.7038421459373794],[-74.191052014381754,4.7038415457466138],[-74.191141383829674,4.7038357707360205],[-74.191188470567482,4.7038327137289953],[-74.191278303287049,4.7038268843668458],[-74.191286265544107,4.7038263676112004],[-74.191292537002397,4.7038264335052045],[-74.191339999227509,4.7038266771458082],[-74.191503730568499,4.7038236643422913],[-74.191569952621407,4.7038212371914989],[-74.191635689857023,4.7038194141907246],[-74.191724136733896,4.703816089927666],[-74.191743333091168,4.703815178855093],[-74.191825861619563,4.7038105008986486],[-74.19195106179609,4.7038004859379754],[-74.191970694243025,4.7037986397344502],[-74.192026134687339,4.7037967876428235],[-74.19210791710681,4.7037933106949232],[-74.192183923735584,4.7037893843438745],[-74.192250542301224,4.7037865609769254],[-74.192299767137698,4.7037844584904072],[-74.192351549878097,4.7037819450234188],[-74.19249508343502,4.703774151535816],[-74.192527875271935,4.703772243459424],[-74.192575695687509,4.7037692386874408],[-74.19258949128249,4.7037683501873451],[-74.19261797655912,4.7037663813255364],[-74.192664980304983,4.703762982404748],[-74.192681587989412,4.7037617498012834],[-74.19272821315235,4.7037582044411987],[-74.192753188653313,4.7037562361545797],[-74.192843922414283,4.7037488275225874],[-74.192892443897705,4.703744835110018],[-74.192905013657281,4.7037437822229826],[-74.192930437986391,4.7037416167168109],[-74.192940314626398,4.7037408753569814],[-74.192972477372408,4.7037392097181527],[-74.193035546348568,4.7037354970271341],[-74.193046178306389,4.7037347826697022],[-74.193055826022004,4.7037341227338114],[-74.193148892428155,4.7037267932541758],[-74.193194087997796,4.7037227615834416],[-74.193226912213277,4.7037204646170281],[-74.193232015478031,4.70372010566361],[-74.193265872597834,4.7037176981983269],[-74.193368152482265,4.7037109730433393],[-74.193446280944457,4.7037078003935555],[-74.193567997063781,4.7037009779253705],[-74.193595056493194,4.7036993800270572],[-74.193768542477542,4.7036886043069552],[-74.193780429396185,4.703689776112312],[-74.194067947673972,4.7036994041286739],[-74.194107342962951,4.7036994608352671],[-74.194114577028657,4.7036994650498531],[-74.194409324345969,4.7036897359373686],[-74.194419617405501,4.7036890451278675],[-74.195495777172567,4.7036156111873719],[-74.1958211679474,4.7035961224364371],[-74.195848133610795,4.7035944268016117],[-74.195854495116549,4.7035940025051568],[-74.196583000047539,4.7035449336412567],[-74.197160507163588,4.7035067651662148],[-74.19785564604733,4.7034655338095748],[-74.199910566716028,4.7033530272190305],[-74.19996053402069,4.7033500125210521],[-74.199987793460934,4.7033481303876554],[-74.199996828260751,4.7033474795067516],[-74.200041167556876,4.7033438092663875],[-74.200422908531706,4.7033213097754221],[-74.201383613662756,4.7032665610582507],[-74.201488830496643,4.7032632090630138],[-74.201649909520981,4.703258080082426],[-74.201671499089244,4.7032533231998794],[-74.201842243859915,4.7032476860401511],[-74.201898979905835,4.7032434745021652],[-74.201927032451678,4.7032413009648302],[-74.201996571228335,4.7032386081749067],[-74.202049824866634,4.7032362293716838],[-74.202056242263936,4.7032359044824457],[-74.202109953658336,4.703232861831955],[-74.203169110239202,4.7031665133964848],[-74.202997255645457,4.7028732118427028],[-74.202218246393429,4.7025993650321087],[-74.20182384750909,4.7022244920416023],[-74.201737444404969,4.702142366597716],[-74.201654901503701,4.7019878416884371],[-74.20162919671381,4.7018001918493528],[-74.20136722380316,4.7001426222658909],[-74.201471869699674,4.6974507528846319],[-74.20147855237407,4.6972788394189653],[-74.201854459313751,4.6934689716619289],[-74.201502867858622,4.6934892454685189],[-74.201446080154909,4.693492520102291],[-74.201445970175286,4.6934924116050345],[-74.2014459719977,4.6934925237387208],[-74.201180805048637,4.6935031041414152],[-74.200280249212597,4.693558981092476],[-74.200262877450328,4.6935600928281778],[-74.20023279730826,4.6935621780236483],[-74.200227110079112,4.6935625913875452],[-74.200056093595975,4.6935783129669781],[-74.200031653995964,4.6935810319865547],[-74.200030154227946,4.6935811534269458],[-74.200025781127351,4.6935816280513505],[-74.199998446391007,4.6935837145633919],[-74.199959027006287,4.693586901023064],[-74.1999245467875,4.6935898388341579],[-74.199874545848019,4.6935924031735485],[-74.199808600659694,4.6935951131841129],[-74.19970567496037,4.6936005299241899],[-74.199693442440577,4.6936013133868899],[-74.199685361335867,4.6936018392995269],[-74.199585563596031,4.6936095379442779],[-74.199552145126432,4.6936124900202181],[-74.199505264521434,4.6936149579310342],[-74.199434140438584,4.6936180703237662],[-74.199366255748359,4.6936215565265789],[-74.199270057504464,4.6936272270423549],[-74.199191277628898,4.6936302575498745],[-74.199125161238157,4.6936332876504308],[-74.199117253166932,4.6936337086267743],[-74.199060472664684,4.6936370915825325],[-74.199050736765173,4.6936377443789921],[-74.198958754973148,4.6936440091514067],[-74.198936930780306,4.6936455502703982],[-74.198903944842939,4.6936479578475332],[-74.198873639159245,4.6936488656165789],[-74.198769882236803,4.6936531736836375],[-74.1987536875438,4.6936540337801151],[-74.198696396897361,4.6936574439241729],[-74.19867099639383,4.6936596313308536],[-74.198652451138898,4.6936608969624611],[-74.198630799813245,4.6936613709600268],[-74.198458884058226,4.6936684290477544],[-74.198368156749254,4.6936738959266595],[-74.198274510940735,4.6936791462652625],[-74.198172978179997,4.6936818514274421],[-74.198124882430164,4.6936833916372063],[-74.198109808921188,4.6936839549124114],[-74.19802380786156,4.6936879939339535],[-74.197970118801337,4.6936910308222162],[-74.197911010938469,4.6936935351003539],[-74.197842524140398,4.6936969615749549],[-74.197794839595403,4.6936997116534913],[-74.19775794552281,4.6937019914386759],[-74.197740555736843,4.6937031718421975],[-74.197643946646906,4.6937099183301774],[-74.197605048150237,4.69371280433786],[-74.197554048777633,4.6937168101481115],[-74.197553477346787,4.6937168301411516],[-74.197545219594204,4.6937174356384572],[-74.197533576403146,4.6937174792391536],[-74.197274662240631,4.6937259410081946],[-74.194901647992452,4.6938720877317914],[-74.194895798511482,4.6938724522471071],[-74.194632622359137,4.6938890054921796],[-74.194619073919583,4.6938898777091076],[-74.194583822051285,4.6938923415299749],[-74.19457797798897,4.6938927729604369],[-74.194572193413208,4.6938932025722444],[-74.194533907782969,4.6938960792634017],[-74.194495586007832,4.6938984043313932],[-74.194471966364105,4.6938998985882376],[-74.194434329641169,4.6939025382368111],[-74.194378969681509,4.6939066548718511],[-74.194270290032861,4.6939130411929835],[-74.194108980849691,4.6939201868676426],[-74.193860831812756,4.6938957071028247],[-74.193590997784995,4.6938861410676873],[-74.193550936045995,4.693885925271136],[-74.193526025457601,4.6938858606856941],[-74.193231282233256,4.693895589325372],[-74.193225093864029,4.6938960027154835],[-74.193047367083508,4.693907965396698],[-74.192962579961147,4.693906132834905],[-74.192667838517579,4.6939158630453166],[-74.192576864391143,4.6939227887651906],[-74.192538027221048,4.6939261429120647],[-74.192475168743115,4.6939330097252334],[-74.192264364926899,4.6939418993955995],[-74.192158116891534,4.6939476393134134],[-74.192152984852186,4.6939479819845458],[-74.192139942947293,4.6939488558788458],[-74.19200038500631,4.6939604050851145],[-74.191537456487779,4.6940059874144096],[-74.190389167133105,4.6940983953268427],[-74.190375076135268,4.6940995515017585],[-74.189408365663255,4.6941804075433877],[-74.18901119230145,4.6941858879202449],[-74.188923856837036,4.6941879419867938],[-74.188913419644095,4.6941882890984541],[-74.188826801890613,4.6941920069631138],[-74.187824839742092,4.6942447045125562],[-74.187623715689057,4.6942523541622387],[-74.187564468939968,4.6942549986598001],[-74.187557409883013,4.6942553614959364],[-74.187498969025256,4.6942587383495269],[-74.186416130491182,4.6943284096157472],[-74.186409087671194,4.6943288682942947],[-74.186383317490083,4.6943306411402705],[-74.18588148234366,4.6943666202514134],[-74.185844537789009,4.694369422105793],[-74.185840426031362,4.6943697519119434],[-74.185791950232158,4.6943738939281561],[-74.185483554478381,4.6944019264045709],[-74.185245521133339,4.6944195754825708],[-74.184908816201002,4.6944439423982693],[-74.184830218710928,4.6944503244307185],[-74.184514343807123,4.6944787645688688],[-74.184128804200967,4.6945068317870158],[-74.184095100733302,4.6945094124029003],[-74.1840638145882,4.6945119257292767],[-74.183990312693567,4.6945154366185502],[-74.184540650095158,4.7042900659760845]]]},"properties":{"OBJECTID":13,"Shape_Length":6308.9394393534139,"Shape_Area":2090539.5084696114,"Tramo":10,"Tramo_1":10,"PKini":16.260000000000002,"PKfinal":18.18,"Cant_km":1.8999999999999999,"Municipio":"FUNZA","Estacion":"FUNZA 2","PUENTE":" "}},{"type":"Feature","id":14,"geometry":{"type":"Polygon","coordinates":[[[-74.228411094661666,4.701469324015898],[-74.227431892421251,4.7018976390077398],[-74.226182488496946,4.7027294101720321],[-74.225119412437806,4.7033958154849023],[-74.2204150955736,4.706344753307933],[-74.221894809695499,4.7074137801000813],[-74.235771764825401,4.7186240253979301],[-74.236073533251258,4.7188677968415833],[-74.242025938147449,4.7114506597301471],[-74.229359552005022,4.7015012515309973],[-74.228820643773659,4.7014307759904765],[-74.228411094661666,4.701469324015898]]]},"properties":{"OBJECTID":14,"Shape_Length":6205.0139426221212,"Shape_Area":2117777.1353040412,"Tramo":12,"Tramo_1":12,"PKini":20.98,"PKfinal":23,"Cant_km":2,"Municipio":"MOSQUERA","Estacion":"MOSQUERA 2","PUENTE":" "}},{"type":"Feature","id":15,"geometry":{"type":"Polygon","coordinates":[[[-74.261492567809626,4.7388421769917297],[-74.261511303018708,4.7388531755624026],[-74.261534717046544,4.7388668224943924],[-74.26174563150461,4.7389717956648889],[-74.261916167447751,4.7390876148980299],[-74.262497740615231,4.739484405028799],[-74.262566072045956,4.7395326276742056],[-74.262670973262047,4.7396053091413686],[-74.26269221350195,4.7396199893281148],[-74.263222498393219,4.7399858889070225],[-74.263228933962566,4.7399917705713275],[-74.263293139697467,4.740049326653236],[-74.263521166905107,4.7402369696262197],[-74.263686943947377,4.7403586007247949],[-74.263715701333965,4.7403787064776841],[-74.263789696011628,4.7404293546165972],[-74.263958175290782,4.7405368922641111],[-74.263962196071191,4.7405393346051339],[-74.264171851509047,4.7406788082918219],[-74.264281206134868,4.7407525607987857],[-74.264658152589277,4.7410308592341774],[-74.26472726178595,4.7410808791949277],[-74.26526841886708,4.7414648041418976],[-74.265329969101685,4.7415077056138095],[-74.266073849470303,4.7420170503505021],[-74.266734150652013,4.7424694370355844],[-74.266743191330292,4.7424756145622426],[-74.267121199469059,4.7427332479614277],[-74.267129234344196,4.7427398869530908],[-74.267251895071468,4.7428377042216452],[-74.267277602274049,4.7428573368001352],[-74.267307539571476,4.7428800301833496],[-74.267521605893393,4.7430326754555132],[-74.26756039915152,4.7430583759091318],[-74.267845808132748,4.7432453432289892],[-74.267899368389749,4.7432798909047236],[-74.268020779740539,4.7433569926117638],[-74.268027308646879,4.7433611325157807],[-74.268174429876879,4.7434542079336115],[-74.268451082713128,4.7436328361203035],[-74.268522400741304,4.7436826127126865],[-74.268581625191061,4.7437232501464459],[-74.268907638220924,4.7439431513090948],[-74.268990846088457,4.7440016637322957],[-74.26900174945645,4.7440093074894056],[-74.269060366522325,4.7440502705967535],[-74.269160934584733,4.7441205250696177],[-74.269224252134109,4.7441639556028941],[-74.269305890682588,4.744218939833674],[-74.269315046774665,4.7442250901633898],[-74.269565537802777,4.7443812640817074],[-74.269579668255432,4.7443894097235821],[-74.269620124921857,4.744412631803363],[-74.269620153771953,4.7444126534986051],[-74.26962172241889,4.7444135537472407],[-74.269631419547096,4.7444204418326708],[-74.269725662237576,4.7444855940959059],[-74.270506955236797,4.7450111664169654],[-74.270805910380318,4.7452127910076518],[-74.270966803043123,4.7453231702828358],[-74.271340665777515,4.7455796575407891],[-74.271672741810988,4.7458074754911381],[-74.272028440560391,4.7460515007518049],[-74.272199849327805,4.74616909489691],[-74.272203735023425,4.7461717578749081],[-74.272740561611243,4.7465392195081941],[-74.272949628785696,4.746683427263136],[-74.273000186100603,4.7467177963172773],[-74.273049223135118,4.7467501871853006],[-74.273069186977224,4.7467631872007949],[-74.273270640870621,4.7468869688261464],[-74.273287102764172,4.7468964502847699],[-74.273813475298567,4.7472541963657076],[-74.274246186529226,4.7475510495232953],[-74.274799113685731,4.74793037834554],[-74.275032857129261,4.7480907328215265],[-74.275398560088263,4.748341617019288],[-74.275692104261196,4.7485429985558758],[-74.275954409538244,4.7487229479493687],[-74.276165183545388,4.7488675448334909],[-74.276397099244306,4.7490266459806962],[-74.27673472493835,4.7492582686547538],[-74.277120982923336,4.7495232512412295],[-74.277521374204156,4.749798292568264],[-74.27822297089017,4.7502792441691026],[-74.278988953035764,4.7508047257146853],[-74.279271265744455,4.7509983988324151],[-74.279388016757963,4.751078493016677],[-74.279687836236803,4.7512839275989274],[-74.27999763097489,4.7514966984239404],[-74.280168809787853,4.7516141313685134],[-74.280415770856536,4.7517835519662333],[-74.280811002215358,4.7520546879996335],[-74.280925708819467,4.7521333772243244],[-74.281157898938687,4.7522926628683448],[-74.281299117176076,4.7523895423568234],[-74.281372609529015,4.7524399589440725],[-74.281504610173371,4.7525305128119824],[-74.281729578975558,4.7526848448155388],[-74.281937237717841,4.752827301162867],[-74.282191020922909,4.7530013997222671],[-74.28240577161371,4.7531487225714608],[-74.282629548931666,4.7533022353184791],[-74.282865959179261,4.7534644164736175],[-74.283099704486091,4.7536247680312753],[-74.283348008966925,4.7537966703178069],[-74.2833766988349,4.7538163682818118],[-74.283688545433236,4.7540287171266362],[-74.283941637094017,4.7542023413505055],[-74.284148959540701,4.7543445655856003],[-74.284386333368801,4.7545074060344747],[-74.28465731082683,4.7546932977834127],[-74.284858407279657,4.7548312517433109],[-74.285157261726852,4.7550362662880339],[-74.285403141496147,4.755204941967186],[-74.285753326930305,4.7554460494887669],[-74.286145976120338,4.7557195848578688],[-74.286167350774889,4.7557343817926698],[-74.286576754227411,4.7560160939402039],[-74.286968149836184,4.7562853843991757],[-74.287339880463094,4.7565411414170047],[-74.287605345574349,4.7567237799304314],[-74.287641302360385,4.7567482628571485],[-74.287881017425121,4.7569097973022281],[-74.287891244917873,4.7569166686739379],[-74.288023698175124,4.7570020810222013],[-74.288044744271659,4.7570151363114679],[-74.288286618957841,4.7571816092373771],[-74.288288416713044,4.757182845770811],[-74.288710956046899,4.7574733640493418],[-74.288877190017971,4.7575878734981902],[-74.289264261576847,4.7578541869302864],[-74.289635196862477,4.7581093948611546],[-74.289651247324414,4.7581219054394852],[-74.289673596399254,4.7581392086795411],[-74.289841794816496,4.7582625197379809],[-74.289940073322796,4.7583311312791041],[-74.290052249391749,4.758410948227672],[-74.290167520216542,4.7584944844941681],[-74.290394466567363,4.7586595541462184],[-74.290423535806809,4.7586805231258618],[-74.290622248914659,4.7588226557005626],[-74.290661039006963,4.7588500928362922],[-74.290780171491662,4.7589334198076987],[-74.290806429357573,4.7589516478011236],[-74.29105234091746,4.7591210646474567],[-74.29114769280217,4.7591866692073879],[-74.291332125179295,4.7593135612927844],[-74.291332164849095,4.7593135884094613],[-74.291425704594445,4.7593779473646967],[-74.291425735248069,4.7593779672497885],[-74.291612235969339,4.7595062837899329],[-74.291851768203898,4.7596710831468538],[-74.29187496424629,4.7596869355479452],[-74.29201304399713,4.7597806721244238],[-74.292066068673023,4.7598185096221481],[-74.292135959815411,4.7598664338512817],[-74.292144818820304,4.7598724935201471],[-74.29229461582311,4.7599746870188078],[-74.292653289248207,4.7602193800176495],[-74.29266153156459,4.7602249841046902],[-74.292854742028453,4.7603568141073813],[-74.292854990866473,4.7603569822294238],[-74.293130390275238,4.7605448639138936],[-74.293271876710904,4.7606413880155962],[-74.293437734962254,4.7607545381431979],[-74.29354687964198,4.7608289983557555],[-74.293623832164158,4.760881497775431],[-74.293636836701111,4.7608903684963906],[-74.299106087981812,4.7528215792677555],[-74.298920553803924,4.7526923112699997],[-74.298897119777337,4.7526761173505347],[-74.298484827555143,4.7523947662359971],[-74.298480721747723,4.7523919678379363],[-74.298058207935583,4.7521043239865737],[-74.297967813369794,4.7520421876666363],[-74.297954727073062,4.7520309423531435],[-74.297925793862944,4.7520066494327722],[-74.29777565667267,4.7518859570231635],[-74.297535872944593,4.751713691997093],[-74.297415715166409,4.7516359369755072],[-74.297383689791886,4.751615927784159],[-74.297253347981581,4.7515375176494263],[-74.297190746286972,4.7515019497548003],[-74.297181353991363,4.7514967132299359],[-74.297179958337026,4.751495737029992],[-74.297141554509096,4.7514692098518543],[-74.297136911367986,4.7514660372359394],[-74.297102909224307,4.7514430354255284],[-74.297097851379164,4.7514396513350796],[-74.297024939102045,4.7513909508380605],[-74.296954153675983,4.7513408932049694],[-74.29693283837851,4.7513259103022971],[-74.296891837910394,4.7512972696808076],[-74.29686267863508,4.7512761942856176],[-74.296755777670626,4.7512012581499565],[-74.296687690423767,4.7511549868404259],[-74.296670430614583,4.7511433141887052],[-74.296662166760314,4.7511377553666039],[-74.296654508769052,4.7511326141387222],[-74.296607733330973,4.7511017001142095],[-74.296565339663147,4.751074060071085],[-74.296458106181248,4.7510020810545885],[-74.296369260837821,4.7509410888625334],[-74.296210398830482,4.7508321421025563],[-74.296154515013356,4.7507928896647957],[-74.296114362148785,4.750765008337515],[-74.296079344788083,4.7507409758921177],[-74.296047032975807,4.7507156367772456],[-74.296013994548389,4.7506899759599266],[-74.295833122559969,4.7505578516202158],[-74.295794100321132,4.7505308072973564],[-74.295735189421379,4.7504906641407896],[-74.29557656971518,4.7503891450732949],[-74.295550011633068,4.7503729194648372],[-74.29547147014955,4.7503262064160143],[-74.29536453361861,4.7502518994535485],[-74.295348957921206,4.7502411251092598],[-74.295181004564085,4.7501254620125053],[-74.295179374509999,4.7501243411940886],[-74.295035733206092,4.7500255120821748],[-74.294945505045376,4.7499634349687554],[-74.294700620208346,4.7497949486611599],[-74.294465625793762,4.7496332703428221],[-74.294185568864393,4.7494405867700422],[-74.294017556418694,4.7493249939236417],[-74.2933520472113,4.748867112619755],[-74.293305787505275,4.7488357062545399],[-74.293283863146485,4.7488211104622069],[-74.293265280028749,4.7488088195913045],[-74.293126007656838,4.7487225584689625],[-74.291640868549294,4.7477007540123886],[-74.291556266580372,4.7476418505831752],[-74.291336019058079,4.7474881931238126],[-74.291261621125315,4.7474362948266462],[-74.291256134144774,4.7474324731415951],[-74.291218574578821,4.7474063559011679],[-74.291211053653484,4.7474011367962516],[-74.291173380527439,4.7473750539517994],[-74.291166021892494,4.7473699686326514],[-74.291128310937381,4.7473439689929666],[-74.291121298513929,4.747339145813438],[-74.291083766105558,4.7473133739997406],[-74.286881721430589,4.7444307435651174],[-74.283007762202644,4.7417731376823555],[-74.278481564631832,4.7386680292679628],[-74.278440412627447,4.7386401308539279],[-74.278257132250317,4.7385236448943688],[-74.278229455380043,4.7385069776018929],[-74.278162243190053,4.7384672910208048],[-74.278143524250339,4.7384572605099384],[-74.277370490475192,4.7379272541490813],[-74.269665967185659,4.7326490692881329],[-74.269663998246443,4.732647754978748],[-74.26965733414734,4.7326433167029229],[-74.269647997922419,4.7326371157786919],[-74.269610162612182,4.7326120553946067],[-74.269570893455665,4.7325845212342221],[-74.26954478137246,4.7325663501878852],[-74.269537338304005,4.7325612103881243],[-74.269484582463463,4.732525322399086],[-74.269474263565357,4.7325184290491018],[-74.269438393561643,4.7324945418948001],[-74.269366592206069,4.7324465397129911],[-74.269330751100028,4.7324228225536524],[-74.269255224928216,4.7323733654645492],[-74.269145951693588,4.7323040320949881],[-74.269132735484803,4.7322959096900918],[-74.269030992827481,4.7322352139241604],[-74.269021691093371,4.7322298431312539],[-74.269004643632499,4.7322200307377447],[-74.26896150715848,4.7321906112350716],[-74.268901106192359,4.7321487912791378],[-74.268872762013785,4.7321293258615684],[-74.268794599283325,4.732076085845665],[-74.268734697669132,4.7320341843490308],[-74.268730083612681,4.7320309608802349],[-74.268655946803634,4.7319792389640805],[-74.268643300083738,4.7319704472080479],[-74.268605020976679,4.731943936386644],[-74.268585906686653,4.7319307695897894],[-74.268537137444653,4.7318973636388195],[-74.268452659916349,4.7318378856357413],[-74.268440233154166,4.7318291679678985],[-74.268434975404105,4.7318254925231793],[-74.268390982424421,4.7317951255096586],[-74.268375562651443,4.7317846163378823],[-74.268301514239468,4.7317329377634403],[-74.26814266881162,4.7316003004184637],[-74.268111157575291,4.7315752834210141],[-74.268057085952591,4.7315330221528713],[-74.267840750682339,4.7313765522821374],[-74.267621370950764,4.7312275744191732],[-74.267052286474254,4.7308393016496622],[-74.267020743864819,4.730817974163096],[-74.266999860963992,4.7308040680839438],[-74.266959398811991,4.7307772846635219],[-74.261492567809626,4.7388421769917297]]]},"properties":{"OBJECTID":15,"Shape_Length":10798.739453694323,"Shape_Area":4652914.4813119918,"Tramo":15,"Tramo_1":15,"PKini":26.539999999999999,"PKfinal":30.859999999999999,"Cant_km":4.2999999999999998,"Municipio":"MADRID","Estacion":" ","PUENTE":" "}},{"type":"Feature","id":16,"geometry":{"type":"Polygon","coordinates":[[[-74.249552067823316,4.7297699379399951],[-74.249614130070896,4.7298210102528948],[-74.249676375209788,4.7298680529371797],[-74.249968525495774,4.7300848973779006],[-74.250171390319636,4.7302490340089625],[-74.250609750676091,4.7306037045895044],[-74.250696229809975,4.7306719434200915],[-74.250835539185232,4.7307749322562573],[-74.250864672727218,4.7307956154295336],[-74.250965126881923,4.7308649087607009],[-74.25108024573359,4.7309395247486616],[-74.251114371206043,4.7309609120162284],[-74.251152279473388,4.7309922601416368],[-74.251192286451825,4.7310249623851117],[-74.25133608262982,4.7311411275003143],[-74.251394749481193,4.7311877205749662],[-74.251581459761354,4.7313334926070247],[-74.251765309766625,4.7314815513845128],[-74.251799909149597,4.7315091347847664],[-74.251990666112704,4.7316596930629125],[-74.252005692980902,4.731671501288198],[-74.252164975154642,4.7317961247879659],[-74.25221592506665,4.7318371998663427],[-74.252260776923933,4.7318733208968444],[-74.252295441256905,4.7319009567037806],[-74.252536169089382,4.7320909497298818],[-74.252874329167156,4.7323603140255921],[-74.253099578550916,4.7325409892029171],[-74.25322676908452,4.7326446696789803],[-74.253285445308506,4.7326916912195269],[-74.25342910260774,4.7328048626598127],[-74.253434153052282,4.7328088366939971],[-74.253574413300825,4.7329190066780651],[-74.25368741637557,4.733007939674974],[-74.253799035376517,4.7330984265979072],[-74.253938456441574,4.7332116496449848],[-74.253964285807697,4.7332324691670014],[-74.254107307277877,4.7333468813228627],[-74.254147997626617,4.7333790478612263],[-74.254283694338085,4.7334850644864233],[-74.254414483304856,4.7335881089882879],[-74.254547915736921,4.7336936106839245],[-74.254685046502303,4.7338026237192707],[-74.254705989425744,4.7338191707251429],[-74.254717244318201,4.7338280101210657],[-74.254741598287424,4.7338527347716122],[-74.254783823464308,4.7338945226642251],[-74.254807728207496,4.7339178692690203],[-74.254980804189586,4.7340782881002754],[-74.255008871740174,4.7341027658175943],[-74.255077152619251,4.7341618173911728],[-74.255140566605789,4.734215646951009],[-74.25514822082684,4.7342220221329212],[-74.255212402443618,4.7342745022680699],[-74.25596674652806,4.7348798133075931],[-74.256005376138432,4.7349104646480766],[-74.256077508991538,4.7349670608425845],[-74.256111237642784,4.7349932696955683],[-74.256158586640325,4.7350292053325767],[-74.256168344908275,4.7350365113913675],[-74.256191725414382,4.7350538969128664],[-74.256216478032002,4.7350721791478794],[-74.256240754890342,4.7350910890913092],[-74.256262063831258,4.7351075871196802],[-74.256267263940842,4.7351115827962937],[-74.256279387909657,4.7351208831350711],[-74.256379585003302,4.735195561725007],[-74.256383935809183,4.7351987111924583],[-74.256573980589692,4.7353551752094596],[-74.256634044324798,4.7354051423060577],[-74.256768132290048,4.7355124375101028],[-74.256881273795202,4.7355967055160715],[-74.256913384663605,4.7356198491588986],[-74.257040011627922,4.7357078628805924],[-74.257290496932669,4.7358640433241446],[-74.25731728214555,4.735878657135288],[-74.25750823877749,4.7360323191094329],[-74.257585431416274,4.7360930609533121],[-74.257683008976727,4.7361660616371601],[-74.257704359195543,4.7361815883857439],[-74.257846550499437,4.7362808691296259],[-74.25797270174948,4.7363618256124562],[-74.258057727806431,4.7364243034267046],[-74.258130952812522,4.7364854350916135],[-74.258162939943333,4.7365107743529391],[-74.258213194213369,4.7365500079785958],[-74.258268375523272,4.7365898317268487],[-74.258449117677884,4.7368106659160443],[-74.258485740234235,4.736852026390161],[-74.258513301276139,4.7368827727158802],[-74.258678340499316,4.7370573124396644],[-74.25889364557284,4.7372595178444739],[-74.259010254540399,4.7373586042858671],[-74.259042155432752,4.7373847917620093],[-74.259153569804099,4.7374733480280167],[-74.259393339518198,4.7376456288767326],[-74.25960541997695,4.7377793194696105],[-74.25964091422216,4.7378003387825682],[-74.259679322082093,4.7378228259140354],[-74.259939454396147,4.7379622334009417],[-74.260208118231034,4.7380842741057627],[-74.26025740324333,4.7381043999071526],[-74.260295672258977,4.7381197611322508],[-74.260522432308974,4.7382037868487572],[-74.260525239401886,4.7382046415762522],[-74.26054622704676,4.7382188480450917],[-74.260780496773009,4.7383758706346848],[-74.260837917137579,4.7384147892681181],[-74.260850282540815,4.7384231399392656],[-74.261040759792834,4.7385513195502087],[-74.261048424607125,4.7385564666160063],[-74.261066626488812,4.7385685975282019],[-74.261232922505044,4.738678843942262],[-74.261257970556187,4.7386953299609074],[-74.261305120409034,4.738726137877574],[-74.261394551084578,4.7387815587125681],[-74.261488941931688,4.7388400510364068],[-74.261492567809626,4.7388421769917297],[-74.266959398811991,4.7307772846635219],[-74.266899115782721,4.7307373816111626],[-74.266719500278015,4.7306260857169979],[-74.266712181803186,4.7306215535423419],[-74.266604331592305,4.7305328690863568],[-74.266542643739015,4.730471013529189],[-74.266480833278365,4.7304090350142616],[-74.265739193264764,4.7297718553912151],[-74.265690835475183,4.729739000739146],[-74.265460044845867,4.729594291746877],[-74.265425733696816,4.7295741965945197],[-74.265406037709852,4.7295627281426826],[-74.265145907584298,4.7294233225967268],[-74.264877246358807,4.7293012836812833],[-74.264830334491577,4.7292821124868558],[-74.264793455917413,4.7292672846563857],[-74.264597169099005,4.7291944870544773],[-74.26450579173563,4.7290891260697485],[-74.264498984377724,4.7290812948350931],[-74.264498243232538,4.7290804431817612],[-74.264492689157493,4.7290740820053561],[-74.264393685214372,4.728964546991687],[-74.264381585511899,4.7289515934028659],[-74.264278928346656,4.7288452298428147],[-74.264172971385861,4.7287424029798624],[-74.26416005347798,4.7287302707143501],[-74.264050708368785,4.7286308937555033],[-74.263938254596752,4.7285352234481781],[-74.26392457257883,4.7285239649402309],[-74.263809002933684,4.7284319922394609],[-74.263690582466211,4.7283439268731682],[-74.263676195840063,4.7283335891297806],[-74.263554850626917,4.7282493768555822],[-74.263430663609597,4.7281690972310253],[-74.263415633679571,4.7281597272587925],[-74.263289335079534,4.7280838304266402],[-74.263160587722908,4.7280120867860607],[-74.263144981198778,4.7280037225471423],[-74.263013597584902,4.72793605799112],[-74.262880219565687,4.7278728123674929],[-74.262864099551209,4.7278654900164918],[-74.262742741240004,4.7278127473429805],[-74.261161348823649,4.7265558920736135],[-74.26110545147381,4.7265121783975648],[-74.261087233213274,4.7264982352507339],[-74.261065322280913,4.7264815530426478],[-74.260873912033986,4.7263435871438624],[-74.260862185103591,4.7263355925885255],[-74.260851121334156,4.7263266971715634],[-74.260706522495241,4.7262106590436384],[-74.260678293365331,4.7261881909517021],[-74.260547961075247,4.7260853084385905],[-74.260441582482542,4.726000205414242],[-74.260324049405483,4.7259038467387295],[-74.260218105548958,4.725819617119801],[-74.260205247834065,4.7258097057277242],[-74.260202070819901,4.7258072595204146],[-74.260186791597448,4.7257955546285118],[-74.260170459396932,4.7257830994419843],[-74.260154763344019,4.7257698446833443],[-74.260106988351964,4.7257300624999772],[-74.259670394008424,4.7253715849379541],[-74.259628663296553,4.7253377351691039],[-74.259623639901534,4.7253337105304345],[-74.259581656975499,4.7253004757510464],[-74.259390105447721,4.7251506811635924],[-74.258417058006273,4.7243790151581964],[-74.258119600086559,4.7241326392767542],[-74.258070895127901,4.7240928680363297],[-74.25612079940062,4.7225229722229827],[-74.256088154838508,4.7224969403027561],[-74.255859814702717,4.7223165760190051],[-74.255848390486747,4.7223075521978775],[-74.255647001093507,4.7221493761366773],[-74.249552067823316,4.7297699379399951]]]},"properties":{"OBJECTID":16,"Shape_Length":5409.1566664477295,"Shape_Area":1753940.5082627677,"Tramo":14,"Tramo_1":14,"PKini":24.920000000000002,"PKfinal":26.539999999999999,"Cant_km":1.6000000000000001,"Municipio":"MADRID","Estacion":"MADRID 2","PUENTE":"SUBACHOQUE"}},{"type":"Feature","id":17,"geometry":{"type":"Polygon","coordinates":[[[-74.249295792603093,4.7295485375762123],[-74.249386109954443,4.7296333623683218],[-74.249552067823316,4.7297699379399951],[-74.255647001093507,4.7221493761366773],[-74.242173525097016,4.7115665855661817],[-74.242025938147449,4.7114506597301471],[-74.236073533251258,4.7188677968415833],[-74.249295792603093,4.7295485375762123]]]},"properties":{"OBJECTID":17,"Shape_Length":5973.5572844478829,"Shape_Area":2046917.5903603996,"Tramo":13,"Tramo_1":13,"PKini":23,"PKfinal":24.920000000000002,"Cant_km":1.8999999999999999,"Municipio":"MADRID","Estacion":"MADRID 1","PUENTE":" "}},{"type":"Feature","id":18,"geometry":{"type":"Polygon","coordinates":[[[-74.340145245588744,4.7990398642610934],[-74.340191618859436,4.7990994070027497],[-74.340251406320618,4.7991748620046168],[-74.340356358356686,4.7993077658436123],[-74.340372088945585,4.7993275693048281],[-74.340506825864566,4.7994962374235453],[-74.340570984093873,4.799572969383969],[-74.347738994347381,4.7924604639136819],[-74.347717565116838,4.7924367599316842],[-74.347633438404614,4.7923466945394235],[-74.347530292045519,4.792239843868777],[-74.347388240825254,4.7921035321024421],[-74.347357671149467,4.7920754531138225],[-74.347284376650876,4.7920095895963586],[-74.347056310313818,4.791821976604246],[-74.346816500811556,4.7916497303372854],[-74.346813418899785,4.7916476679472639],[-74.346778928187305,4.7916246093182133],[-74.346531483558337,4.7914705260259947],[-74.346497771854445,4.7914524660246443],[-74.346494997922591,4.7914496041140406],[-74.346453634443748,4.7914074584775852],[-74.346448607871466,4.7914024036301468],[-74.346443471284672,4.7913972475447677],[-74.346414518613997,4.7913685601864326],[-74.346367196643811,4.7913125232799381],[-74.346315677882217,4.7912525868855234],[-74.346300914842516,4.7912357980990894],[-74.346292852454653,4.7912266733020035],[-74.346224752116157,4.7911513324007231],[-74.346020211473515,4.7909300952801734],[-74.345976215811376,4.7908831831943735],[-74.345970900579474,4.7908775949214606],[-74.345926295822167,4.7908313685277166],[-74.345779301747413,4.7906811882308986],[-74.345749059337436,4.7906505842383229],[-74.345697980692037,4.7906001897524062],[-74.345688097240114,4.7905905936186377],[-74.34559633432599,4.7905058029852761],[-74.345588106305811,4.7904972262471786],[-74.345585736482988,4.7904950297360793],[-74.345575165479744,4.7904837337929074],[-74.345498617124107,4.7904039270880023],[-74.345480110577626,4.7903850996556869],[-74.34545660457411,4.7903613620438792],[-74.345241258238659,4.7901591878414687],[-74.345236671983983,4.7901551619008282],[-74.345226296556618,4.7901460651237056],[-74.34513883570483,4.7900713411730962],[-74.344891023745276,4.789865025213297],[-74.344838211818498,4.7898217300594803],[-74.344831834887174,4.7898165816795641],[-74.344778345393877,4.789774068097528],[-74.344713599259038,4.7897234039634506],[-74.344622421904006,4.7894790805997838],[-74.344608822595276,4.7894457770559944],[-74.344601456347746,4.7894278513515358],[-74.344485728166262,4.7891708394178716],[-74.3444381127822,4.7890733205855094],[-74.344432012475991,4.7890608762296152],[-74.344396535427833,4.7889903386714794],[-74.344391460144877,4.7889804621171157],[-74.344287802879947,4.7887901137811113],[-74.344226467338899,4.7886868308684294],[-74.344211151340659,4.7886618004873283],[-74.344116640300314,4.7885138853778342],[-74.344077860218718,4.7884566639471329],[-74.343971611970105,4.7883024413968309],[-74.343890161310213,4.7881880560940333],[-74.343880249376298,4.7881745841264198],[-74.343828590614066,4.7881057547167014],[-74.343783480455656,4.7880478086753993],[-74.343578061379617,4.7877883120736877],[-74.343435975149106,4.7876176144156108],[-74.34334224043792,4.7875137634385041],[-74.343312706370256,4.7874820431445295],[-74.343204738576318,4.787370021024671],[-74.343042302530009,4.7872150984884669],[-74.342916020398206,4.7871005152207182],[-74.34286311173274,4.7870532627278664],[-74.342772315094251,4.78697555192932],[-74.342754783885184,4.7869609470993151],[-74.342671098258606,4.7868939422104333],[-74.34260621158009,4.7868423754155023],[-74.342331086749525,4.7866321425247751],[-74.342259956178154,4.7865788906921019],[-74.342251348714441,4.7865725784136073],[-74.342179007130184,4.7865206147586106],[-74.341918153415406,4.7863371252634686],[-74.341833124524584,4.786278758623224],[-74.34163994658843,4.7861563624810826],[-74.341605810686573,4.7861359295033976],[-74.341548466923456,4.7861021779511903],[-74.341510766354006,4.7860806322498659],[-74.341451745146784,4.7860353895330334],[-74.34144727809921,4.7860318048145993],[-74.34141226139144,4.7860039931047806],[-74.341408100950261,4.7860007229631227],[-74.341373757123606,4.7859739889134323],[-74.341316981059222,4.785930233790868],[-74.341302768265962,4.785918514156422],[-74.341183299871247,4.7858233612472487],[-74.341106733996909,4.7857657544756727],[-74.341082963869766,4.7857482636771209],[-74.340919723776793,4.7856336200793894],[-74.340852597806986,4.7855904621157244],[-74.340796722478615,4.7855164253170273],[-74.340777950732345,4.7854917271476554],[-74.340773904912766,4.7854864494187908],[-74.340682104762365,4.7853668914619609],[-74.340538149947292,4.7851766682645094],[-74.340483005322653,4.7851038881274981],[-74.340354265293698,4.7849336096369548],[-74.340347710425661,4.7849249598411214],[-74.340132644755556,4.7846419124459665],[-74.340046929049237,4.7845260126488984],[-74.340024399921347,4.7844958141536127],[-74.33990421507427,4.7843361089396437],[-74.339892505062664,4.7843206173951671],[-74.339802952192997,4.7842026753213345],[-74.339794900241642,4.7841921053660625],[-74.339683966034471,4.7840468906340297],[-74.339681269430329,4.7840433630998529],[-74.33967377306692,4.7840335977544566],[-74.339471928975769,4.7837714035657957],[-74.3392500990402,4.7834817534468552],[-74.339173289665212,4.7833799915128505],[-74.339159853517202,4.7833622796597322],[-74.339075097253655,4.7832511287202868],[-74.339071908231745,4.7832469520860936],[-74.33899151355196,4.7831417768718572],[-74.338989585350603,4.7831392564279813],[-74.338959674054536,4.7831006163843064],[-74.338956887303141,4.7830970563264925],[-74.33893184633493,4.7830653594232162],[-74.338832613636654,4.7829408972960668],[-74.338799218215541,4.7828995131277248],[-74.338795197801701,4.7828945916684606],[-74.338761611566326,4.7828539545200996],[-74.338695018447993,4.7827743330516919],[-74.338648547363206,4.7827196588856982],[-74.338642901974225,4.7827131229703657],[-74.338624115326823,4.7826915101986875],[-74.338595268215428,4.7826588561771022],[-74.338527849159149,4.7825832772124786],[-74.338461426323661,4.7825104306463819],[-74.338453337269456,4.7825017524761764],[-74.338384955161274,4.7824299791442719],[-74.33823691819569,4.7822779761443206],[-74.338198870748769,4.7822393753305086],[-74.338154670065663,4.7821956730027466],[-74.338144678613716,4.782185930290237],[-74.338060401335028,4.7821058343927794],[-74.33789769344645,4.781955140886156],[-74.337813116556561,4.7818787725811829],[-74.337803199412335,4.7818700408390207],[-74.337800912645264,4.7818680305510561],[-74.337719464350855,4.7817981285774929],[-74.337544985735491,4.7816519555079058],[-74.337461832719768,4.7815839604058432],[-74.337451775228189,4.7815759340630617],[-74.337388316182242,4.781526214558685],[-74.337367332235075,4.7815101712431263],[-74.337147212227578,4.7813429036494455],[-74.337033334696898,4.7812591528065953],[-74.337019530228957,4.7812493301332655],[-74.336914588265941,4.7811768741736227],[-74.336903285201856,4.7811693275710727],[-74.336662565182323,4.781009151870113],[-74.336527414984204,4.7809226544916106],[-74.336512642679679,4.7809135682709831],[-74.33640857728038,4.7808514624822953],[-74.336387840107577,4.7808395354018458],[-74.336371519072983,4.7808302056027934],[-74.336308817195288,4.7807800335547777],[-74.33606901416843,4.7806077812967827],[-74.336013133881252,4.7805709540730037],[-74.335977268432273,4.7805476964150522],[-74.335782628549254,4.7804283754270349],[-74.335522465957496,4.7802889964159503],[-74.335343691984704,4.7802054632177136],[-74.335304594529873,4.780188229358167],[-74.335214674250139,4.7801497527694607],[-74.334979092159131,4.7800596195645779],[-74.33488578291238,4.7800268892049154],[-74.334872615040098,4.780022270477251],[-74.334872690699356,4.7800221094839195],[-74.334652122725643,4.7799415813961561],[-74.334047129730834,4.7797207019631038],[-74.332715817769966,4.784450420547179],[-74.331402297034813,4.7891168737564973],[-74.331462965520231,4.7891395753256321],[-74.331532744942621,4.7892310932474702],[-74.331537955938231,4.7892379133316219],[-74.331539485505601,4.7892399112607711],[-74.331557757333513,4.7892637526049873],[-74.331563051665242,4.7892716668577711],[-74.331634293996828,4.7893750051990116],[-74.33164456485548,4.7893894683321676],[-74.331732179492874,4.7895086746140532],[-74.33179623580213,4.7895929059947475],[-74.331937253222392,4.7898096895831577],[-74.331965184496397,4.789852103396667],[-74.332034349102074,4.7899528851083284],[-74.332046322805098,4.7899698362267884],[-74.332148786239102,4.7901091593426699],[-74.332917068707189,4.7911130063144736],[-74.333173635214422,4.791447876582132],[-74.33322849742278,4.7915180421873185],[-74.333234112376829,4.7915250791365267],[-74.333281726381983,4.7915837375531414],[-74.333317625099511,4.7916272153911228],[-74.333484777169616,4.791832424669269],[-74.333552465554021,4.7919135654180014],[-74.333560713683383,4.7919232220310723],[-74.333595605273317,4.7919635822127935],[-74.333630505534359,4.7920030091545973],[-74.333752264492063,4.7921389517315705],[-74.333810432746446,4.7922076709766062],[-74.333843459528509,4.7922462431432535],[-74.333847452808413,4.7922508553698107],[-74.333862451923565,4.7922680874571171],[-74.333880962647399,4.7922891126578486],[-74.33394817500475,4.7923649851050305],[-74.334102937929913,4.7925310825807488],[-74.334121997957169,4.7925505322823012],[-74.334150423780656,4.7925792836841383],[-74.334365766042211,4.7927814633120551],[-74.334385106381987,4.7927983682081168],[-74.33439728695005,4.7928089529492626],[-74.334500079581318,4.792895629164188],[-74.33467122474589,4.7930356313662852],[-74.334708503258909,4.793065797349283],[-74.334713004582795,4.7930694001834704],[-74.334742147698094,4.7930925319861606],[-74.334771572073308,4.7931156890019349],[-74.3348907035449,4.7932149124536299],[-74.334957488054599,4.7932694652436503],[-74.3349655727705,4.7932759405821539],[-74.33503353593386,4.7933293209511181],[-74.335233400931827,4.7934832238819673],[-74.335235355813325,4.7934847278950059],[-74.335244702807827,4.7934918972539808],[-74.335573261350234,4.7937432474074511],[-74.335614925035372,4.7937747409968523],[-74.335619960079129,4.7937785009705793],[-74.335662233026142,4.7938096886743802],[-74.335775940956708,4.7938925606993887],[-74.335780698698031,4.7939068250897829],[-74.335884697130624,4.7941836995823106],[-74.335921557066996,4.7942703136720963],[-74.335939554420335,4.7943114143951204],[-74.336020998629849,4.7944866779269528],[-74.336069811209441,4.7945863997891047],[-74.33607391049199,4.794594753941257],[-74.336076420211526,4.7945998459916783],[-74.336097968411963,4.7946434972913234],[-74.336135238245134,4.7947172973236567],[-74.336139790224792,4.7947261106867636],[-74.336192276354453,4.7948238272252546],[-74.336206347788902,4.7948572609877269],[-74.336317044038893,4.7951000336277527],[-74.3364561768242,4.7953609211925681],[-74.336518031437421,4.7954650564644066],[-74.336539278847553,4.7954997571300115],[-74.336633268004817,4.7956468234524996],[-74.336805155295536,4.7958872613966426],[-74.336938728674312,4.7960534765005987],[-74.336964947114012,4.7960845689267364],[-74.337018570390285,4.7961469992935299],[-74.337220271965577,4.7963628723222413],[-74.337435618125227,4.7965650508468123],[-74.337443035847912,4.7965715571519549],[-74.337473626494059,4.7965983307792595],[-74.337694272517936,4.7967794388906571],[-74.337934081772104,4.7969516901692453],[-74.338019428051112,4.7970074617697387],[-74.338053691148559,4.7970293019335122],[-74.338218871707028,4.7971296791310021],[-74.338339782599903,4.7971971875421788],[-74.33842152591275,4.7972411901393697],[-74.338653790042997,4.7974029487601912],[-74.338996151343324,4.7976599780091753],[-74.339072840882963,4.7977456235073994],[-74.339232785608459,4.7979344643544151],[-74.339409074075661,4.7981434701286911],[-74.339641445976213,4.7984209258466004],[-74.339728736789525,4.7985257834912955],[-74.33979341443866,4.7986034775086388],[-74.339859549945317,4.798684073750505],[-74.339997313649405,4.7988574305052474],[-74.340008829108811,4.7988490468663505],[-74.340145245588744,4.7990398642610934]]]},"properties":{"OBJECTID":18,"Shape_Length":5870.1823728882437,"Shape_Area":1982518.7462955916,"Tramo":17,"Tramo_1":17,"PKini":35.960000000000001,"PKfinal":37.799999999999997,"Cant_km":1.8,"Municipio":"FACATATIVA","Estacion":" ","PUENTE":" "}}]}